Token,Cosine Similarity
amicus,0.98940504
cum,0.9908918
uideo,0.98195434
obliuiscor,0.95475316
miseria,0.97372806
inimicus,0.96318007
si,0.98477954
sum,0.9892763
comminiscor,0.9544251
neque,0.99003524
libens,0.9876021
aeque,0.96163684
postremus,0.9712531
dico,0.96207076
primus,0.9916009
taceo,0.98707527
sicina,0.9382677
non,0.98957527
ego,0.9776375
quidem,0.9510685
facio,0.9824296
auctor,0.97822773
hodie,0.90742075
ut,0.9861764
ille,0.9842818
decipio,0.9874394
etiam,0.9791771
-no,0.95675623
impudens,0.95840687
muttio,0.886199
uerbum,0.97535187
unus,0.98348117
audeo,0.9881644
aut,0.991485
loquor,0.9642328
consul,0.9717561
in,0.9878996
hiberna,0.9661131
exercitus,0.95045114
magnesius,0.88369906
ad,0.987498
maeandrus,0.79477787
et,0.9795077
trallus,0.57771456
ephesus,0.9576097
que,0.99342954
paucus,0.9822371
post,0.9819525
dies,0.85676664
obses,0.97382814
ab,0.96894914
rex,0.9658605
adduco,0.96078557
legatus,0.9519439
qui,0.99148905
roma,0.9697598
eo,0.9841936
uenio,0.97952294
eume,0.9806278
quoque,0.9752009
idem,0.9815573
tempus,0.98556113
proficiscor,0.9773021
sequor,0.9880596
is,0.96552026
legatio,0.966874
omnis,0.98020643
asia,0.98902357
populus,0.94419014
dum,0.9871913
hic,0.9898886
gero,0.97854745
duo,0.98673266
fere,0.96871567
sub,0.98718166
triumphus,0.983268
spes,0.97976506
proconsul,0.94365466
de,0.97430813
prouincia,0.9306254
redeo,0.9883467
q.,0.98635995
minucius,0.9651084
ex,0.9850799
ligus,0.86672014
mx,0.924158
acilius,0.95817316
aetolia,0.79801846
audio,0.970837
uterque,0.9888164
res,0.97949016
nego,0.9846039
acilium,0.9096806
magnus,0.9880416
consensus,0.95324045
decreo,0.8935342
triumpho,0.9766193
antiochus,0.9765227
aetolum,0.98386025
urbs,0.9800879
praefero,0.9865093
signum,0.97747874
militaris,0.97390157
ducenti,0.9852687
triginta,0.97521526
argentum,0.9423223
infcio,0.7003691
tres,0.98662883
mille,0.9782686
pondus,0.9859221
signo,0.98868954
,0.918599
atticus,0.8850579
centum,0.9859146
decem,0.9826077
uas,0.97191954
argenteus,0.9690194
caelo,0.9390583
multus,0.9879617
fero,0.9900537
suppellectilis,0.5233794
captiuus,0.98443687
nobilis,0.9849599
aetolus,0.9712828
regius,0.98008657
dux,0.98528254
sex,0.9796612
duco,0.99122775
ante,0.7090124
carcer,0.98199517
noctu,0.9750991
effugio,0.9840591
ripa,0.9911792
tiberus,0.94603115
consequor,0.9667421
custos,0.98575807
priusquam,0.96120274
comprehendo,0.9860015
gladius,0.96438164
sui,0.98979914
transfigo,0.96878415
quis,0.9817877
tandem,0.97402143
admitto,0.98014796
miles,0.9819067
tantum,0.9837692
currus,0.9792048
desum,0.9889353
alioqui,0.9405724
magnificus,0.9461329
spectaculum,0.9873055
fama,0.9884701
minuo,0.984585
laetitia,0.9752915
nuntius,0.96363425
hispania,0.9650053
tristis,0.9935599
aduerto,0.98871493
pugna,0.9863584
ductus,0.9250933
l.s,0.99138266
aemilium,0.87195307
apud,0.9844541
oppidum,0.98171365
lusitanus,0.95595133
romanus,0.9749845
cado,0.9814407
ceterus,0.9836961
paueo,0.97699726
intra,0.9781004
uallum,0.9780004
compello,0.9539424
aegre,0.97170186
castra,0.9759195
defendo,0.98213494
nuntio,0.975166
gallium,0.9174383
placentinus,0.77619374
cremonensis,0.8772035
aurunculeius,0.87243587
praetor,0.9431309
senatus,0.9762062
introduco,0.94353867
queror,0.9880638
inopia,0.9846145
colonus,0.9646121
alius,0.9855354
bellum,0.98870516
casus,0.9751927
morbus,0.986518
absumo,0.97910726
quidam,0.9827524
taedium,0.9814012
accola,0.9631193
gallus,0.98407125
relinquo,0.98659647
colonia,0.9671184
decerno,0.92125386
utor,0.9870184
c.,0.860523
laelius,0.9382684
familia,0.9559319
conscribo,0.78689253
diuido,0.9882646
creo,0.93290937
m.,0.97164345
atilis,0.95605016
serranus,0.9321806
ualerius,0.89330643
p.,0.95624
f.,0.6639272
flaccus,0.9494985
haud,0.9707269
ita,0.98233783
multo,0.97872066
iam,0.9855125
consularius,0.90309274
comitium,0.94726765
appeto,0.96230483
solum,0.9798064
absens,0.9718724
consulto,0.9680873
supplementum,0.95565706
cremona,0.92592824
placentia,0.85849845
scribo,0.97670597
sed,0.9884032
novus,0.96746135
ager,0.9767626
boius,0.7640992
deduco,0.98158914
refero,0.98576057
pater,0.9655847
censeo,0.91947585
littera,0.9754654
naualis,0.97159386
scipio,0.97922176
uictoria,0.9892619
ergo,0.9650384
supplicatio,0.8923338
alter,0.98652875
quod,0.98539793
tum,0.9844172
primum,0.9868134
pono,0.98261416
prosperus,0.9703196
laeto,0.9812918
euenio,0.98440194
rogo,0.9814863
uiceni,0.9588225
maior,0.98409843
hostia,0.9664103
singulus,0.97200054
sacrifico,0.9449027
iussus,0.9780569
inde,0.96729946
comitia,0.94384444
contentio,0.96649814
habeo,0.99046737
aemilius,0.9626724
lepidus,0.97535765
peto,0.9912414
sicilia,0.9802205
causa,0.98130244
licet,0.9665377
fulviter,0.54054314
cn.t,0.99207133
manlius,0.94815576
uello,0.97863114
fulvus,0.91076213
centuria,0.97444403
posterus,0.8951807
deiectus,0.98553044
nam,0.9828474
messalla,0.93146837
iaceo,0.9933895
collega,0.9739846
exinde,0.91903555
factum,0.95364296
fabius,0.9721798
labeo,0.9090383
pictor,0.97130346
flames,0.9610491
-ne,0.96782255
quirinalis,0.9576491
annus,0.9765847
inauguro,0.9284471
sempronius,0.9501107
tuditanus,0.9554981
spo,0.5558541
.,0.9607053
postumius,0.97716355
albinus,0.85215855
hypsaeus,0.84164655
fulvius,0.9442449
nobilior,0.9603221
manlium,0.97483397
antiae,0.93630135
rumor,0.9852223
celebris,0.9313545
paene,0.98394275
pro,0.9826089
certus,0.9884547
habitus,0.9824327
recipio,0.980592
adulescens,0.98055524
africanus,0.9766057
colloquium,0.97512925
euoco,0.9628867
ips,0.89113104
ob,0.97776365
tollo,0.98141617
animus,0.9907757
abnueo,0.95828646
imperatum,0.939026
princeps,0.9720037
macedonia,0.9849956
dardanus,0.9676643
thraecia,0.8294356
conducendus,0.8037044
merces,0.9734041
auxilium,0.9763111
a.,0.7174595
tero,0.9685069
uarronis,0.90847415
claudius,0.9619657
cornelius,0.9657808
missus,0.97292674
subtexo,0.95533884
deinde,0.9843903
fabula,0.9869122
inter,0.99233514
interrogo,0.9798074
unde,0.973047
imperator,0.593426
capio,0.9882115
deleo,0.96582294
respondeo,0.9484296
suus,0.9788937
cer,0.7734755
homo,0.9779724
audacia,0.9732713
quia,0.9590932
nemo,0.9795105
meus,0.9486413
opinio,0.97881603
uanus,0.98215497
praetermitto,0.97379804
fortuna,0.99028486
hortor,0.9850811
confitendus,0.84939194
seu,0.9309524
culpa,0.98147404
siue,0.95734835
error,0.98383653
uenia,0.98529834
supplex,0.9836908
beneficium,0.96791816
prope,0.97493124
exprobro,0.96572316
uirtus,0.9719428
philippus,0.93470323
offendo,0.9868905
auris,0.9828708
inso,0.7650138
senator,0.96889555
arbitrium,0.9764025
socius,0.97395647
hostis,0.981695
nihil,0.9902271
egredior,0.9646433
templum,0.97483057
iubeo,0.98173034
conclamo,0.9741703
uniuersus,0.9379604
totus,0.98915166
adhuc,0.9757248
unicus,0.97348
pendeo,0.9875967
itaque,0.9592754
dubius,0.9789051
perdomo,0.9721755
ferox,0.9841589
accendo,0.9842977
ipse,0.98536325
pax,0.9731324
atque,0.9852196
athamania,0.9064158
infero,0.96856534
consultum,0.93729925
m,0.9580668
sententia,0.975019
deuinco,0.9806221
quintus,0.96926236
decimus,0.9605135
italia,0.98119545
terenter,0.88764966
uarro,0.911909
custodio,0.9603512
iter,0.984694
mitto,0.97431606
denuntio,0.981958
nisi,0.98146415
permitto,0.9768617
obtineo,0.9608216
dimitto,0.9580611
sortior,0.9297984
placeo,0.9773799
sortitus,0.9718898
quattuor,0.9835929
pedes,0.970884
duceno,0.9107876
eques,0.98374313
latinus,0.96596235
nomen,0.9859642
tu,0.98306465
scio,0.9720409
mulier,0.96628034
quapropter,0.9604324
canis,0.98546565
graius,0.9814047
praedico,0.96399266
ciuis,0.9747458
numerus,0.98514545
nauis,0.9804945
prior,0.98490685
paro,0.9899695
orno,0.9736452
solus,0.99028814
insula,0.98727775
traico,0.4299897
mando,0.9819498
per,0.9893048
commodum,0.957946
publicus,0.9571941
possum,0.9893245
praeterquam,0.9082481
magistratus,0.9703169
annuo,0.96549255
subrogo,0.89212596
censor,0.96460605
teneo,0.98655003
certior,0.96575475
occurro,0.9846316
sors,0.9860107
spientia,0.9057441
urbanus,0.9654671
peregrinus,0.9762349
sardinia,0.9733295
classis,0.9866471
citerior,0.9026366
diues,0.9891
legio,0.96374726
decumo,0.6620319
frumentum,0.96044415
nouus,0.9870318
impero,0.9770145
siculus,0.98584324
sardus,0.94397235
exigo,0.98581445
siculum,0.8474378
deporto,0.9407448
iusdo,0.92789817
do,0.9877898
quinquaginta,0.9724412
plautio,0.8918521
ducentus,0.9376745
prorogo,0.88887525
imperium,0.9819071
iunius,0.9546517
etruria,0.95447314
bruttius,0.96646434
apulia,0.967366
equidem,0.9713793
certamen,0.97839725
licinius,0.9328345
pontifex,0.9401687
fabium,0.96334344
flamen,0.98703265
qualis,0.98918855
memoria,0.97916144
metellus,0.9759297
lutatio,0.91906434
prŏficiscens,0.95264167
sacer,0.97830725
retineo,0.9862063
maximus,0.94333243
ne,0.9841863
certatus,0.94120336
inhibeo,0.95059
ultro,0.9864321
citer,0.9601603
pignero,0.92749953
tribunus,0.9644283
appello,0.9876823
provoco,0.86797506
religio,0.96790814
uinco,0.99314284
remitto,0.9891516
ira,0.9860908
abdico,0.9390515
conor,0.9832194
auctoritas,0.9664886
deterreo,0.977197
ius,0.9709924
dilectus,0.8606067
enim,0.97316056
lego,0.98056436
perfectus,0.9739678
dein,0.9807764
temere,0.98378325
uulgo,0.9798532
sine,0.99034667
nuntium,0.9545371
gaudium,0.98400897
recens,0.9781784
metus,0.9898105
adfero,0.96071607
desino,0.9901432
uictus,0.98977315
metuo,0.98365116
quam,0.9883332
uetus,0.9828422
tamen,0.98575354
mittendus,0.9446293
muto,0.9925798
copia,0.9732495
galli,0.9327521
bello,0.9775417
aurelius,0.88267136
cotta,0.888667
rhodium,0.9717921
contio,0.9867351
ago,0.98497903
expono,0.98185396
hecuba,0.8476305
nunc,0.98934317
malus,0.98543006
ingero,0.98148024
quisquis,0.98801076
aspicio,0.9873646
triduum,0.9603595
quadraginta,0.952984
immolo,0.964401
eumenus,0.9262091
breuiter,0.9745471
gratia,0.96118116
obsidio,0.96908814
frater,0.9705769
eximo,0.9796381
regnum,0.97515404
iniuria,0.98491806
uindico,0.9763676
gratulor,0.97786
terra,0.96714497
mare,0.9826689
quisque,0.9811679
fundo,0.9857024
fugatum,0.8604622
approbo,0.9557699
cunctus,0.9816066
omitto,0.97859275
uerecundia,0.98009706
tribuo,0.9749862
aequum,0.9661244
propensior,0.8819967
cumulatius,0.33995643
prout,0.9467033
mereo,0.97724986
oratio,0.95550466
quo,0.9835727
paruus,0.9927769
aliquamdiu,0.9811521
hinc,0.981281
indulgentia,0.96116316
modestia,0.97164303
uicis,0.97017694
magis,0.9799382
mutuus,0.96958613
inexplicabilis,0.96514285
facilitas,0.97322565
excedo,0.9767975
persto,0.97580314
absurdus,0.967743
ignoro,0.9777566
spero,0.9832147
accommodatus,0.94793147
optimus,0.9699239
longe,0.98476225
melior,0.9873706
nosco,0.9848714
reboco,0.6737102
igitur,0.9600105
cogo,0.9868
uolo,0.98520994
sentio,0.98786426
reduco,0.9762603
perseuero,0.96091247
inquam,0.9810287
mox,0.97496915
uoco,0.9786971
uos,0.96305746
necessitas,0.980528
difficilior,0.9651924
postulo,0.97587276
contra,0.9667474
proprie,0.97323966
pertineo,0.9715363
ciuitas,0.94703007
graecus,0.98981106
libero,0.9637835
debeo,0.98671997
impetro,0.975427
quin,0.96836746
nos,0.9861853
modo,0.97790223
stipendiarius,0.92368484
noster,0.97863907
autem,0.9614949
tantus,0.99122846
obligo,0.9503402
uerus,0.9847483
subieco,0.95878613
obnoxius,0.97841066
adeo,0.9788942
coebo,0.9320658
dis,0.9761386
ops,0.98674864
affecto,0.96158636
dissimulo,0.9842479
ullus,0.9865588
pars,0.98912925
decet,0.9867267
conuenio,0.9757449
neue,0.9639236
inaequaliter,0.91124684
nimium,0.9814155
deprimo,0.9750037
uester,0.95652014
praeter,0.98538184
modus,0.9820573
extollo,0.9748801
aduersus,0.9715852
arma,0.9914795
status,0.9765713
attineo,0.96203864
cedo,0.9885044
finis,0.98250675
quilibet,0.9190768
malo,0.98493963
nimis,0.95887053
pertinaciter,0.9664154
obtinendus,0.9359875
tendo,0.9877393
amicitia,0.9831271
benevolentia,0.9182445
erga,0.96101797
honor,0.94499665
parum,0.97135997
aequus,0.974435
pot,0.8854735
hereditas,0.9626553
accipio,0.98186386
graecia,0.9897993
incolo,0.9787656
perpetuus,0.9779628
constans,0.89594793
fides,0.9713474
extremus,0.9864894
uita,0.9785727
perduco,0.9839605
dumtaxat,0.9208372
fidelis,0.9539785
bonum,0.9736564
praesto,0.98282564
uestigium,0.98914856
ingressus,0.9625529
uoluntas,0.96912575
studium,0.9785297
colendus,0.97842604
adicio,0.9494981
etenim,0.925972
inexsuperabilis,0.89480484
meritum,0.97024137
impensa,0.9592407
officium,0.96233743
supero,0.98787224
europa,0.9761919
filia,0.965134
matrimonium,0.957431
restituo,0.9719235
extemplo,0.9172037
deficio,0.97931445
amplifico,0.9338502
glorior,0.95324826
delinquo,0.97170556
potior,0.98248374
uetustissimus,0.9459517
domus,0.95371914
dignus,0.9871723
pedester,0.9701444
aequipero,0.95053077
adiuvi,0.5119579
commeatus,0.96816224
suppedito,0.92473817
proelium,0.98763716
locus,0.9857453
adsum,0.9887072
labor,0.99272025
periculum,0.98241407
patior,0.9816203
pergamus,0.92846096
includo,0.9900571
discrimen,0.9781445
ultimus,0.98698527
simul,0.975346
seleucus,0.9851867
circa,0.97071743
arx,0.97959304
hellespontum,0.97253376
istaec,0.8962863
flagitium,0.9842684
perpetior,0.97595567
posteaquam,0.915916
transgredior,0.95714134
numquam,0.9823672
abscedo,0.97119987
adsiduus,0.9785818
nullus,0.9879476
expeditio,0.9782652
equester,0.9768305
acies,0.9829697
ibi,0.97204626
sto,0.9796674
comparo,0.9690474
masinissa,0.95938635
incolumis,0.98325276
expuldo,0.97164315
amitto,0.9896545
turma,0.9867895
confugio,0.9793947
africus,0.96250457
syphax,0.9700779
carthaginiendo,0.9222317
fideliter,0.9223087
impigre,0.9432375
praemium,0.9843806
semper,0.9875528
procul,0.98363507
peloponnesus,0.96079963
boeotium,0.9409793
aliquis,0.9791367
quoniam,0.9523523
utique,0.92578614
mens,0.9866687
ultra,0.96868
taurus,0.9744046
iugum,0.9812794
finitimus,0.9787265
tute,0.88349724
stabilis,0.9734385
serua,0.94940156
aetas,0.98584735
uidua,0.91739595
istic,0.8812376
tuus,0.9573176
opinor,0.96897256
hostilis,0.98890233
sin,0.900596
quanto,0.96850026
prudentia,0.97022456
aequitas,0.9692894
dignior,0.92157674
bene,0.98680115
consulo,0.982952
gratus,0.9844769
facile,0.9870203
appareo,0.96492654
munificus,0.9524238
propensus,0.93871945
interpono,0.9538883
smyrnaeus,0.95675695
breuis,0.9878234
collaudo,0.93815285
egregie,0.957057
trado,0.9799786
initium,0.95444584
actio,0.89867514
difficile,0.89825785
molestior,0.8888563
eumene,0.98007125
ceterum,0.9234636
natura,0.9805329
potentissimus,0.943267
disiungo,0.9666419
liber,0.9768204
libertas,0.960545
seruo,0.99037737
subiectum,0.94567907
utcumque,0.94996977
obsto,0.985849
disceptatio,0.96515214
impedio,0.974915
perplexus,0.97178847
deliberatio,0.89574254
praebeo,0.9873613
aliter,0.96980864
honus,0.9697458
seruitus,0.9725783
anceps,0.98488855
decedo,0.968516
deus,0.93691206
benignitas,0.975246
gloriosus,0.9522128
iste,0.9813098
uelut,0.97225255
aer,0.97775894
alienus,0.98062956
exsoluo,0.9336127
lycaonia,0.96997046
phrygium,0.9478571
chersonesus,0.8934218
potestas,0.97506475
adiicio,0.9656689
multiplico,0.9421596
uero,0.945325
aequo,0.9879261
abeo,0.95077646
nupta,0.98432505
an,0.98821646
uir,0.97562796
dito,0.96684307
institutum,0.9147333
memini,0.97875977
titulus,0.97377807
qc,0.6737109
honesto,0.97462535
probabilis,0.94969696
uicus,0.9657761
portus,0.9835975
ora,0.9708328
aliqui,0.98021585
possideo,0.981012
antequam,0.98042774
orbis,0.9869013
dicio,0.9501627
cupio,0.98399055
dignitas,0.94950974
gloria,0.9623455
humanus,0.9872769
genus,0.983011
iuxta,0.90694463
immortalis,0.8998678
pridem,0.9532648
intueor,0.97059417
quaero,0.9848733
arduus,0.98174524
nescio,0.9765898
tueor,0.9870077
gens,0.9748734
uel,0.97080195
commendatio,0.92612714
humanitas,0.950978
doctrina,0.9516944
seruitium,0.9627266
regio,0.98136353
suscipio,0.9570315
patrocinium,0.962664
clientela,0.92232263
antiquo,0.9754525
graeca,0.85530186
illinc,0.97382593
quondam,0.988748
profeco,0.90703297
mos,0.98670936
certo,0.9809328
pius,0.9820652
bonus,0.9800801
ars,0.9885004
parens,0.9885632
conditor,0.96851337
plerusque,0.98517245
absum,0.9765414
uincio,0.9858705
massiliensis,0.96468395
insero,0.98350185
ingenium,0.9820407
tot,0.9914298
indomitus,0.9853326
circumfudo,0.9292606
medius,0.9874193
umbilicus,0.9708777
sonus,0.9836266
lingua,0.98738664
uestio,0.9803948
lex,0.9749986
sincerus,0.96699697
integer,0.9440562
contagio,0.94895005
aduenio,0.9461804
narro,0.97148085
terminus,0.96084476
mons,0.9760331
quidquid,0.9836425
cardo,0.98993623
longinquus,0.96665776
peruenio,0.97889304
profectus,0.92525935
barbarus,0.98382336
dominus,0.9116639
gaudeo,0.9873018
domesticus,0.96500874
uis,0.96432793
amplector,0.9842398
ubi,0.98673165
opto,0.98737067
satis,0.9822963
pyrrho,0.9250651
tarentinus,0.9777707
enumero,0.9608286
carthago,0.9689492
exemplum,0.9874451
quantum,0.9894239
induco,0.9832616
cupiditas,0.9799347
iustus,0.9665309
os,0.98019075
fortis,0.9773165
opus,0.9628348
iudicium,0.9589082
consilium,0.98005384
comprobo,0.96453243
magnificentior,0.7673018
apto,0.9839908
magnitudo,0.9796072
rhodius,0.95070225
fassis,0.5631733
conscriptus,0.86553216
clementia,0.96155465
super,0.9308453
poena,0.98345035
memor,0.9866193
seruandus,0.96549904
foedus,0.97410333
capitolium,0.9882913
antipater,0.96453166
filius,0.9522905
ictus,0.99082613
auditus,0.93899834
responsum,0.9814489
maius,0.96958107
discepto,0.96094286
compono,0.9824891
summus,0.9855981
co,0.97700655
attribuo,0.9350182
lycia,0.9728142
carius,0.94040847
rufus,0.9016773
thermus,0.8611788
ap.,0.95404005
neronis,0.8233708
cornelis,0.97641337
merula,0.7813914
brutum,0.94159997
aemilis,0.9319649
paulum,0.93648046
lentulus,0.9315669
aelium,0.8633422
tubero,0.9041008
praesens,0.9766487
mandatum,0.9350126
constituo,0.9751735
phrygia,0.9540564
mysia,0.9359909
prusia,0.93692344
adimo,0.98623574
lydia,0.97549367
ionia,0.9436539
extra,0.98540527
pugno,0.9829675
nominatim,0.9352235
sipylus,0.82207656
supra,0.9831045
lycium,0.91365266
datum,0.97355187
telmessus,0.9359391
ptolemaeus,0.9622768
excipio,0.967244
uiuus,0.97942185
perfero,0.9829554
caria,0.7701591
propior,0.9800034
rhodus,0.948689
trans,0.9632195
amnis,0.99222195
castellum,0.9723331
pisidia,0.8572537
uergo,0.9743238
pridie,0.52465415
sol,0.99348044
cilicium,0.85023874
argon,0.9769131
sicut,0.94829047
oriundus,0.939367
germanitas,0.88830364
fraternus,0.98565567
caritas,0.93175894
extraordinarius,0.9444033
munus,0.9862611
actus,0.9736172
quisquam,0.9835979
testor,0.97157013
cilicia,0.9640229
reuoco,0.98923445
quantus,0.9893851
expugno,0.97942126
pertinacia,0.96562827
impensius,0.8825877
arrogantia,0.9627707
turbandus,0.5512463
basebium,0.8550342
liguris,0.9520303
circumuenio,0.96708465
comes,0.96412504
caesum,0.9722637
uulneraio,0.9249662
lictor,0.9636391
massilia,0.9587917
perfugio,0.88224286
tr,0.93643343
brutus,0.94823676
ulterior,0.90583944
aliquanto,0.9592843
successor,0.9499125
aemiliter,0.9476235
paulus,0.9263398
postea,0.98325837
persea,0.86658835
tumultuarius,0.9355341
colligo,0.9842868
confero,0.9757993
hercle,0.90947926
caussa,0.795991
uiduus,0.9629908
uiuo,0.98442405
usque,0.9554945
optineo,0.97517127
iuppiter,0.9869745
fusus,0.9714538
fugatus,0.884614
octo,0.9775132
armo,0.9832538
trecenti,0.98453426
tranquillus,0.96608305
tertius,0.98312974
kalitulum,0.9468968
ianuarius,0.91322434
bononius,0.8833661
atilius,0.9220287
triumvir,0.8720978
iugerum,0.9810585
colona,0.967702
quinquageni,0.94428957
galla,0.9743917
bous,0.65122616
tuscus,0.9424204
expello,0.9872864
censura,0.9257197
clarus,0.98795223
tamquam,0.9726093
excito,0.98622334
t.,0.9829362
quinctius,0.7645316
flamininus,0.9339232
porcius,0.9408827
catus,0.97064453
claudus,0.85235643
marcellus,0.91628456
glabrius,0.8612141
thermopyla,0.9833536
dudum,0.91979873
oculus,0.9779947
adtineo,0.95024467
pudeo,0.9721228
congiarium,0.93937606
distribuo,0.97738785
fauor,0.98188853
inclino,0.96308386
gracchus,0.9902055
rutilus,0.94510865
plebs,0.9182017
pecunia,0.97036797
praeda,0.9839952
aliquantus,0.8828439
uarius,0.9870664
testimonium,0.9485995
testis,0.9796096
conspicio,0.9833195
tenor,0.9189367
pario,0.9708163
toga,0.98060125
candidus,0.98418677
eleuo,0.8998637
aureus,0.98751503
regia,0.97497237
inuidia,0.98006946
desisto,0.98404336
petitio,0.9108739
quando,0.9657973
indignor,0.97659343
competitor,0.94567776
intestabilis,0.9224405
periurium,0.9662924
incesso,0.9610171
irrogo,0.9189216
bis,0.9875456
tertio,0.96489525
reus,0.9672817
suffragium,0.96676475
negotium,0.9594081
praefectus,0.9624722
antioch,0.9236057
aedis,0.9556354
apollo,0.98838824
dimico,0.9709033
quot,0.99107015
demergo,0.9725646
februarius,0.94483286
eu,0.870982
corona,0.98290515
aurea,0.9465201
translao,0.9058213
nequaquam,0.92871284
species,0.9791649
publica,0.9313886
cognomen,0.9652835
asiaticus,0.9782716
dissero,0.975881
difficultas,0.98034525
interpretor,0.97007334
memorabilis,0.9803646
debello,0.91672397
uere,0.9702559
aestimo,0.9794166
quotus,0.97375333
orior,0.9680618
contraho,0.9572453
dium,0.95294297
ingens,0.9894955
facilis,0.98579717
mensis,0.9703108
martius,0.9659345
multum,0.9786655
audax,0.9878486
recordatio,0.94985193
aestimatio,0.9513229
hannibalis,0.98951924
uiginti,0.9689606
simulacrum,0.978389
eburneus,0.9082556
dens,0.986067
septem,0.9734738
quadringenti,0.97880733
tt,0.7677914
quini,0.9706569
denarius,0.953495
duplex,0.9748113
centurio,0.97218776
triplex,0.95223534
stipendium,0.9721243
consulatus,0.70882225
materia,0.9768433
paco,0.970241
cogito,0.97824395
potissimum,0.9761274
insisto,0.97197855
otiosus,0.98133767
creta,0.98739475
gortynius,0.8969748
gnosius,0.8547559
italicus,0.9735203
concinno,0.95176095
litus,0.993169
attingo,0.98105025
absisto,0.9394933
quaequi,0.9531824
conquiro,0.9688331
cretensis,0.9357029
magnopere,0.94830227
moueo,0.9880722
reddo,0.9905344
minae,0.9594438
timo,0.91994154
thracia,0.96901333
aenus,0.9775146
praesidium,0.96567756
antiochos,0.8251036
ei,0.9403671
principium,0.9728768
hortus,0.98423433
tempestas,0.9832785
praeficio,0.96952945
superbus,0.9834014
immodicus,0.9799383
desiderium,0.9468145
exulo,0.9763652
indico,0.97585654
recupero,0.96925044
remissus,0.9512464
caput,0.9875294
popularis,0.9740423
perspicio,0.95154846
diffido,0.95788956
deligo,0.9701711
nicander,0.7420366
ingredior,0.9650012
mecastor,0.82235825
accerso,0.9508675
primo,0.9673124
coniuras,0.89116424
macedonus,0.9749752
seni,0.9799334
adiutor,0.951543
gerendus,0.93285835
adsumo,0.9529799
paucitas,0.97143745
fretus,0.98500836
aptus,0.9738723
adieco,0.937864
quadrifariamm,0.8346084
heracleus,0.89227223
custodia,0.9761383
solitus,0.9835518
quartus,0.9813235
quies,0.98599285
priuo,0.974415
agendus,0.9767149
forum,0.9835044
obuersor,0.88346046
multitudo,0.9719975
conuoco,0.9551799
aetola,0.9170164
compositus,0.9700974
passim,0.96667403
dimisdo,0.8287783
impotens,0.97636056
dominatio,0.9732804
patrius,0.98795676
undique,0.9799868
macedonis,0.98558307
theius,0.46175453
xeno,0.77130616
intercipio,0.98583734
arce,0.9112755
occupo,0.9898737
obsideo,0.98418415
resisto,0.982708
athenaeus,0.843499
macedonius,0.97359055
defectio,0.92936033
celeritas,0.9638033
gomphus,0.73415697
sufficio,0.978703
proximus,0.9727512
tempto,0.98704183
animaduerto,0.97694814
regredior,0.9654199
i,0.96085143
decius,0.81791013
praemitto,0.93853956
opportune,0.87949115
immineo,0.97166425
ios,0.8479198
intendo,0.9753257
iens,0.9565331
tumulus,0.97780484
uia,0.97000176
discurro,0.9777425
conspectus,0.90423334
constito,0.83443415
agmen,0.97407436
pauor,0.97471905
trepidatio,0.9549401
quisnam,0.97542214
ualles,0.96493053
rupes,0.99177957
raptim,0.9569872
euado,0.97652423
angustia,0.9413292
interuallum,0.9762579
postquam,0.97685146
coniungo,0.98218286
tergum,0.98442215
insto,0.98347414
later,0.9707993
circumfundo,0.9738755
noto,0.9909774
callis,0.93825173
breuior,0.9633421
praegredior,0.9701128
transitus,0.9692228
insideo,0.9719416
tumultus,0.9747031
sequo,0.88461465
tuto,0.9735506
opprimendus,0.95142144
altior,0.97930527
deruptus,0.86547637
concedo,0.9740092
plus,0.98914254
aditus,0.9524786
inuenio,0.9780948
dispergo,0.9729705
inuius,0.9621814
ignotus,0.9921703
fuga,0.9841801
expedio,0.9828895
aperio,0.98199415
praecipitas,0.78020144
perpaucus,0.93292344
indutiae,0.9632796
sepelio,0.9678252
caedo,0.9868995
moror,0.9759802
excuso,0.95168614
paternus,0.9810232
amphilochus,0.86361
redigo,0.98748237
transcendo,0.96296054
deditio,0.972626
concurro,0.9836591
caedes,0.9880632
circumiectus,0.9439635
macedo,0.97015864
tutus,0.9876785
credo,0.97867686
fulvis,0.93876
terreo,0.9907584
rhodos,0.7597543
athenus,0.9555105
excio,0.9657633
prex,0.98298436
nuper,0.98160696
repudio,0.9660175
facilior,0.96586347
temptandus,0.9706067
sanus,0.9795308
apollonia,0.92229825
traicio,0.9776278
epirota,0.9710786
incipio,0.9867798
epiroto,0.8188852
ambracia,0.92155725
adgredior,0.9861298
contribuo,0.8934437
campus,0.99389076
detracto,0.9586376
oppugnatio,0.9574129
difficilis,0.98363256
propinquus,0.9838965
agger,0.9874184
persuadeo,0.9789284
epirus,0.9710477
aspero,0.9497025
subicio,0.98043144
incola,0.9665726
murus,0.9766431
flumen,0.98754805
occido,0.9821167
impono,0.98458666
specto,0.9928055
fluo,0.9881307
sinus,0.9879517
mas,0.9820486
ambracius,0.8340944
munio,0.97902524
firmus,0.97278553
saepio,0.9825067
pateo,0.9906193
circuitus,0.8882297
ample,0.97412217
passus,0.92795515
binus,0.9855746
modicum,0.9160337
distantia,0.91872555
edo,0.9895733
obicio,0.98698854
fossa,0.9863807
iungo,0.9935651
exitus,0.9833251
foris,0.96317965
intromitto,0.94433403
stro,0.9588605
edicto,0.9404892
prohibendus,0.9302882
planus,0.98279476
expeditus,0.96643925
nondum,0.98622406
committo,0.9835304
munimentum,0.9705173
intro,0.9304843
manus,0.9702455
nox,0.98757017
intersum,0.9775987
periculosus,0.9820711
inceptum,0.95920694
ratus,0.9317343
admoueo,0.9873259
quinque,0.98425376
moenia,0.9832337
par,0.98783267
e,0.96549344
aesculapium,0.9461154
aries,0.9656414
quatio,0.9895835
asser,0.93432486
falcatus,0.94817954
detergeo,0.9470579
pinna,0.98970056
oppidanus,0.97457504
terribilis,0.9782552
sonitus,0.97826385
collecta,0.9786199
rursus,0.9811512
libramentum,0.8306419
plumbum,0.9473891
saxum,0.9921187
robustus,0.9575524
populatio,0.9607909
acarnania,0.89919734
nanciscor,0.93568397
solvo,0.9186231
quingenti,0.9772688
terror,0.9726919
augeo,0.9872633
palla,0.9754869
aurum,0.98053926
uxor,0.97226006
dego,0.9479506
amica,0.94603014
nicodo,0.72438943
intempestus,0.97060037
fallo,0.9897955
impetus,0.9856826
perrumpo,0.9790748
brachium,0.95127565
penetro,0.98047614
audendus,0.90862656
repens,0.98198295
conatus,0.97027457
effectus,0.94579816
grauis,0.990821
exterior,0.9483164
perseus,0.9739311
apparatus,0.9817691
similis,0.98348033
alium,0.9864455
ardeo,0.9888668
fax,0.98478246
stuppa,0.939814
pix,0.9733018
malleolus,0.9561231
colluceo,0.86259836
flamma,0.9918796
opprimo,0.9858341
clamor,0.985332
porta,0.9642271
ferrum,0.9930595
ignis,0.9811481
irrio,0.71806246
ineo,0.964131
atrox,0.9770764
diuersus,0.9807196
foueo,0.9832805
nicandrus,0.52887285
sustineo,0.97658205
cresco,0.9893607
cerno,0.9893042
destituo,0.98058033
segnior,0.9802739
uix,0.98973864
receptus,0.90063274
fugio,0.98839265
quodsi,0.9644409
intus,0.9638763
recedo,0.97737324
reliquus,0.969754
prodo,0.9860053
eruptio,0.952129
statio,0.965471
dispono,0.96971333
turris,0.98386955
recte,0.9787507
fabulor,0.93746215
oppugno,0.9726097
depopulatus,0.9473116
auoco,0.96523434
illyrium,0.977542
sexaginta,0.9817829
lembus,0.94454265
corinthis,0.9068509
inueho,0.96899456
adiungo,0.98232
achaeoer,0.9496185
uasto,0.97649586
quicumque,0.9764657
circumago,0.95673263
amfractus,0.9104569
semita,0.94821733
nudo,0.98953605
diruo,0.9836469
armatus,0.9750306
ruina,0.9861628
supersto,0.8924697
instar,0.9493933
procedo,0.9747275
cuniculus,0.9765509
occultus,0.97272646
uinea,0.9593898
contego,0.98310935
instituo,0.96309006
fodio,0.9710662
egero,0.97584957
humus,0.98149335
cumulus,0.9778536
eminens,0.95391464
index,0.9470854
pavo,0.89791745
subruo,0.9664184
conticio,0.73774356
altitudo,0.96106243
inferus,0.97112846
cuniculum,0.8109735
silentium,0.9813946
capto,0.98698986
rego,0.98431027
momentum,0.9736395
inanis,0.98947823
suspendo,0.98594713
fulcio,0.9629878
ferramentum,0.9601912
celeriter,0.9525241
subeo,0.9849055
occulo,0.98328894
segnus,0.9351287
nt,0.89148784
quaeso,0.9583317
monstrum,0.98994374
bibo,0.96783346
petulantia,0.9770123
excogito,0.9724923
dolium,0.97586966
fundus,0.9610935
pertudo,0.8325614
fistula,0.9690167
modicus,0.9444685
ferreus,0.9813087
operculum,0.9284317
perforo,0.9656471
tenuis,0.98570514
pluma,0.97289944
completus,0.9192093
foramen,0.93768775
hasta,0.9895566
sariso,0.77369326
summoueo,0.97783977
emineo,0.9815196
scintilla,0.9712853
leuis,0.98589116
indo,0.9425624
follis,0.93313336
fabrilis,0.9437428
flo,0.96820873
fumus,0.95298564
acrus,0.9758904
foedo,0.9825988
odor,0.9782184
aduro,0.92944306
compleo,0.96617115
duro,0.98524714
decretum,0.9664197
infestus,0.98649967
macedon,0.9792347
occurso,0.94441795
concilium,0.95123875
tolerandus,0.93298674
condicio,0.9570807
fiducia,0.9816732
talis,0.98909414
electio,0.9268999
arbitro,0.87413347
oro,0.9704188
parco,0.9811226
misereo,0.9219224
socia,0.96791506
nolo,0.9530394
certe,0.96707636
coacno,0.847026
insanio,0.9796696
saepe,0.9859923
umquam,0.98033375
imitor,0.98940694
petendus,0.96631
traho,0.9927509
opimus,0.98174286
inermis,0.96297586
equus,0.99064785
tradendus,0.94970983
talentum,0.9785183
dimidium,0.97202814
numero,0.98213553
mutabilis,0.9666828
iurgium,0.981869
diu,0.9854301
acarnanus,0.8867058
insidia,0.9858823
mora,0.9776845
inicio,0.9759765
atheniensis,0.98770595
deprecor,0.96499646
sollicitus,0.9763376
legat,0.66445386
aduentus,0.96780103
coepio,0.9806659
derideo,0.94788826
pol,0.75708437
huc,0.9806692
succedo,0.9726132
proficio,0.96725935
euinco,0.92273474
laevinum,0.902983
pango,0.943075
mater,0.98480237
genitus,0.97632945
adiuuo,0.9793111
pactum,0.8698498
auxiliar,0.94010556
fraus,0.98352486
emitto,0.95172894
euboicus,0.963787
pensio,0.93657947
perfuga,0.96184325
formula,0.9631067
quamquam,0.9706484
leuior,0.97940934
aliquando,0.979315
auello,0.9659209
corpus,0.9866607
aeneus,0.942281
marmoreus,0.98294485
tabula,0.971112
pingo,0.9826579
ornatus,0.9430141
pyrrhus,0.97831297
aueho,0.9354137
praeterea,0.9827155
mediterraneus,0.96137524
argus,0.95696616
respicio,0.9810507
miro,0.98164535
deprecator,0.7939776
praeoccupo,0.9531186
crimen,0.9817639
eripio,0.98903173
pulsus,0.97506714
auerto,0.96573347
leo,0.92451894
hicesius,0.7289374
eloquentia,0.9690422
similitudo,0.9535959
tranquillo,0.9848317
uentus,0.9845575
concito,0.9756769
usus,0.985513
societas,0.9820896
maneo,0.9876125
tranquillitas,0.97247607
iacto,0.9921292
efficio,0.9694601
maiestas,0.966665
conseruo,0.9639142
dolus,0.9636255
transeo,0.9838362
sino,0.9830708
iuvo,0.9644354
pendo,0.98699623
quinctio,0.8264153
domitio,0.7497139
subaco,0.8977912
caueo,0.96888983
illic,0.9725765
inhio,0.96164644
quasi,0.95178837
lupus,0.9792511
aestas,0.97972727
gallograecia,0.85057306
ordior,0.95792526
pergo,0.9643057
ephesum,0.9506242
lustro,0.99108815
adhortor,0.9646064
laetus,0.9835803
frequens,0.9679044
adsentio,0.94738126
gnarus,0.9531499
frango,0.99488276
attalus,0.96717083
capesso,0.97756624
polliceor,0.98066014
opera,0.9617686
prŏfectus,0.9700501
subsequor,0.9145458
commendo,0.98452365
iuuene,0.9246589
progredior,0.9801781
uado,0.87722135
hier,0.8670896
comis,0.89480823
fanum,0.9775286
augustus,0.9751601
oraculum,0.983549
uersus,0.9853511
inconditus,0.9648075
uates,0.9917574
alabo,0.8056462
desco,0.8660929
antiquus,0.98421746
calcha,0.7726648
attalis,0.9723555
mixtus,0.9882624
degredior,0.952912
antiochia,0.9550308
fons,0.98873013
celaenus,0.927457
celaena,0.7614585
migro,0.96551955
apamea,0.86763906
soror,0.9773321
marsyas,0.87881243
marsya,0.8060504
apollen,0.94880056
tibia,0.9817929
cantus,0.98720443
maeander,0.89465886
ortus,0.9880226
decurro,0.9825369
carus,0.96473587
iona,0.794614
priene,0.67713547
ico,0.9367299
auxiliaris,0.95922714
discutio,0.9678496
constantia,0.9683979
edico,0.94587314
processus,0.9055689
pisida,0.7675075
turbo,0.98891443
dedo,0.98217326
medimnum,0.7655622
triticum,0.96586025
indus,0.97741884
elephantus,0.9768671
tyrannus,0.97894883
infidus,0.9754909
importunus,0.97189635
pacatus,0.9161851
cohibeo,0.9870563
quindecim,0.96459347
helviter,0.798363
consto,0.9755791
perturbo,0.97590613
uox,0.98751277
purgo,0.9772965
uestitus,0.956025
comitatus,0.93914014
privo,0.88264203
locuples,0.969078
summitto,0.9815471
infringo,0.9669497
extenuo,0.9420433
spolio,0.9861704
conficio,0.9829741
ludificatio,0.88473046
erubesco,0.97860014
frustro,0.97897536
impudentia,0.94845086
tyrannis,0.9690823
exhaurio,0.9868456
dica,0.9811412
expecto,0.97420585
denuntiatio,0.9531839
conterreo,0.9755654
pertinax,0.96359193
simulatio,0.97150517
paulatim,0.98577553
illiberalis,0.8455131
adiectio,0.96701795
cavillatio,0.94577533
simulo,0.98918617
lacrima,0.98774683
palus,0.9904487
uacuus,0.9892673
refertus,0.946167
diripio,0.97014356
ecastor,0.6743438
pariter,0.9825336
soleo,0.99087965
coniunx,0.99052155
mors,0.9866081
fames,0.9808897
patiendus,0.9032695
exspecto,0.9854304
pamphylia,0.9760932
deuerto,0.9635601
offero,0.9639464
item,0.9755392
pamphylis,0.93892705
fluuius,0.9757114
contineo,0.9820202
desero,0.9670872
plenus,0.98466104
uber,0.97997576
fertilis,0.98114085
frux,0.9759019
colo,0.989696
fecunditas,0.963333
situs,0.9819884
munitus,0.94118464
vt,0.9611619
gradus,0.9744042
profero,0.98265326
progredio,0.77986
propero,0.982762
praedo,0.9427601
demos,0.95672715
hordeum,0.9856362
aeger,0.98547703
inutilis,0.9766696
impedimentum,0.94318515
seleuco,0.97031415
metropolitanus,0.6093762
statiuus,0.9249257
ras,0.9200328
brennus,0.95552725
hau,0.86413014
falsus,0.98880553
seditio,0.9804125
regula,0.9552148
secessio,0.932125
byzantis,0.9181839
propontido,0.8574281
uectigalis,0.97275984
habendus,0.97995514
cupido,0.98133814
ubertas,0.96013415
chersoneso,0.82751846
exiguus,0.99119186
fretum,0.9910429
accensi,0.96033263
antipatr,0.96957237
lente,0.93283826
regulus,0.9855713
retro,0.9298284
repeto,0.98777854
speculor,0.97705567
tego,0.9910902
nicomes,0.96586114
bithynia,0.9829372
byzantium,0.803081
transmitto,0.9692268
coeo,0.9894558
nicomedo,0.9095341
bithynium,0.9550122
nicomeda,0.9156841
pernicitas,0.9541956
consero,0.981934
senectus,0.98445964
onustum,0.9214523
reliquo,0.8094807
pareo,0.98622626
hellespontus,0.9064014
aeolidus,0.81738335
cis,0.7528151
sedes,0.98627585
haly,0.8484541
suboles,0.9837384
augo,0.9283303
syria,0.9620819
superior,0.96832806
pervenio,0.8847758
mero,0.64693785
tam,0.9641471
adlocutus,0.918373
praetereo,0.9892355
mitus,0.9785589
natio,0.96803373
peruagor,0.9164173
procerus,0.98344123
promisdo,0.91874003
rutilo,0.978169
coma,0.98496896
uastus,0.99231327
scutum,0.97612345
ululatus,0.9499202
tripudium,0.9065455
horrendus,0.9806876
crepitus,0.9621243
industria,0.9781978
insolitus,0.9747989
insuetus,0.9672499
phrygis,0.9078724
careo,0.98947644
timeo,0.9759371
gallicus,0.97183144
uanitas,0.9412646
notus,0.99040514
semel,0.9852601
congressus,0.95690143
olim,0.9908203
pecus,0.99130356
consterno,0.9653027
fugo,0.98461646
cognosco,0.9794856
feruidus,0.99136597
caecus,0.9746146
effundo,0.96764123
sudor,0.9719354
lassitudo,0.958886
membrum,0.99259424
labo,0.9065999
mollis,0.9927935
consido,0.98128223
puluis,0.9701716
prosterno,0.9829343
expers,0.9853
congredior,0.98322654
rabies,0.98999035
doceo,0.9902393
scando,0.9774444
detrudo,0.96353084
degener,0.9773738
misceo,0.9928808
gallograecus,0.86700976
semen,0.9710303
indoles,0.9796089
ualeo,0.89538217
proprietas,0.9449
alexandria,0.97786516
aegyptus,0.94570464
seleucia,0.9187154
babylonia,0.9029844
spargo,0.9931374
syrus,0.8985964
parthus,0.98611706
aegyptius,0.97634584
degenero,0.967188
massile,0.9247881
spartanus,0.9586651
pessumo,0.8504744
autumo,0.9364722
sermo,0.96373034
generose,0.9087354
gigno,0.93861884
insitum,0.91229045
alo,0.99186647
uerto,0.9889725
phrygo,0.9427936
onero,0.98911613
uictor,0.9820103
uereor,0.98180306
existimo,0.9853182
belua,0.98747826
capo,0.92580324
feritas,0.9815422
siluestris,0.9832319
mitesco,0.97851074
mulceo,0.9778865
auus,0.96395326
extorreo,0.94851977
asperrimus,0.96634287
illyricus,0.94629586
paeonia,0.86546695
ferocissimus,0.95009637
emendo,0.97368485
exaspero,0.95070064
uberrimus,0.9411689
mitissimus,0.94536626
caelum,0.9746491
clemens,0.9500433
mansuefactus,0.82376564
Hercules,0.8886915
cauendus,0.9650525
fugiendus,0.96270174
amoenitas,0.96414566
uoluptas,0.97409755
extinguo,0.9875119
uigor,0.9757248
disciplina,0.98094165
pectus,0.9892486
cor,0.94550884
cura,0.98934376
sic,0.98840404
expeto,0.9170146
feliciter,0.9738785
anticus,0.9268093
specimen,0.9679272
precor,0.9875092
renuntio,0.96772826
tectosagus,0.90366304
iio,0.86479014
persuasus,0.6399808
regulum,0.90118545
lignum,0.9684285
spina,0.9575178
alimentum,0.97986156
fimus,0.92948985
bubulus,0.9827888
inveceo,0.87061024
equitatus,0.97679204
aliquot,0.9735497
exploro,0.97857594
coaco,0.929834
pons,0.98393804
nusquam,0.9851618
sangarius,0.9134741
adoreus,0.8610704
gemino,0.9896451
aqua,0.9793154
propontidis,0.88881975
piscis,0.98378396
insignis,0.9851744
uaticinor,0.95723224
fanaticus,0.93620014
carmen,0.99195457
dea,0.9778593
omen,0.98829
gordium,0.87775457
celeber,0.9763933
emporium,0.92168605
fermes,0.92904603
sinope,0.94577014
qua,0.98603284
maritimus,0.97060704
contingo,0.98674434
commercium,0.98429644
mutus,0.9658819
campester,0.9350936
demigro,0.90897
prae,0.91999143
olympus,0.9849435
magaba,0.8432385
depono,0.98631114
statuo,0.96522045
aux,0.50742173
tunc,0.97980857
ratio,0.9827863
sumo,0.9863524
editissimus,0.85482013
conueho,0.91825473
quamuis,0.98069215
longus,0.9921294
fatigo,0.98810124
iniquus,0.97313225
tutor,0.8838397
uertex,0.99250126
minimus,0.979715
missilis,0.9784793
telum,0.9941161
adfatim,0.93107426
asperitas,0.97927606
comminus,0.9831073
oppugnandus,0.9410732
praecipio,0.93667835
pilum,0.976418
sagitta,0.98791933
glans,0.97759175
lapis,0.98409283
instructus,0.9722643
progressus,0.8717264
effudo,0.92745376
uulnero,0.980741
circumveco,0.89469075
meridianus,0.95659906
terrenus,0.96316856
placide,0.96669495
accliuis,0.52526784
collis,0.9849609
septentrio,0.97719234
contemplor,0.96552
radix,0.98364073
sacrificium,0.9347535
lito,0.97565764
trifaria,0.91687334
ascendo,0.9447849
hibernus,0.979352
quoad,0.97069645
praerumpo,0.97867674
iniquitas,0.8718065
propemodum,0.97293174
iuuenis,0.9933976
planities,0.96888363
edictum,0.9463177
inteno,0.9610529
ubique,0.9725077
fido,0.9867393
meridies,0.96884453
claudeo,0.9769602
minus,0.97789717
ueles,0.9472511
sagittarius,0.96833456
funditor,0.9413126
thraex,0.65269786
lenus,0.978207
uito,0.98700875
pes,0.98690337
uarietas,0.9736375
amplitudo,0.97041184
latus,0.99104977
male,0.9780715
praeparo,0.9539652
trepido,0.98085886
adiuvo,0.9662758
iaculus,0.97153634
incautus,0.97376686
configo,0.97756785
deprendo,0.98388493
litigium,0.82801145
nascor,0.99202
quemadmodum,0.9670615
uulnus,0.9888428
ruo,0.98635113
fera,0.99285907
incurro,0.9556684
detego,0.97398615
nudus,0.98667186
sanguis,0.9814438
caro,0.92260426
foedis,0.2875368
plaga,0.9664052
candor,0.9813298
ater,0.989236
maculo,0.97345436
interdum,0.983297
cutis,0.9695621
altus,0.98744524
gloriose,0.94939816
puto,0.9850362
aculeus,0.9659021
introrsus,0.9462417
uro,0.9851069
scruto,0.98407537
euello,0.951725
seq,0.39108628
parma,0.95887405
dexter,0.9825392
eminus,0.95545965
cinco,0.96493745
transfero,0.98484814
laeuus,0.98860365
stringo,0.9765554
supersum,0.9902955
armatura,0.95648086
femina,0.98788726
puer,0.98565596
imbellis,0.95964336
turba,0.9812031
permisceo,0.9850749
elvius,0.69914263
obliquus,0.9825418
escendo,0.89260066
flecto,0.99303514
respiro,0.97504604
conquiesco,0.94599426
paullisper,0.96464634
ostento,0.97272944
edideo,0.9345014
capiendus,0.957883
praecedo,0.9767809
colligendus,0.93276346
segnis,0.98908323
consumo,0.97950786
dos,0.9397917
appropinquo,0.93819195
obruo,0.98397654
densior,0.92354506
intercido,0.9780223
conicio,0.9678326
ploratus,0.9403628
significo,0.9787804
claudo,0.98892754
antesignanus,0.9651433
transuerbero,0.96334016
conserto,0.53512913
haereo,0.9918977
irrumpo,0.9738245
praeceps,0.9913534
debilitas,0.9342592
exanimo,0.98256844
direptio,0.9404043
abstineo,0.9760279
percello,0.9647741
addo,0.98728925
superuenio,0.95124435
protinus,0.97393566
persequor,0.97485924
foro,0.97866213
iniquissimus,0.9236765
ignari,0.9259605
consecto,0.7025689
cecido,0.98353577
interficio,0.97500813
late,0.9857334
conuallis,0.9404581
delabor,0.97708553
silua,0.99345213
uepres,0.9541459
expleo,0.9687686
concremo,0.94086146
cumulo,0.98006713
uendo,0.96901137
curo,0.9847132
aequissimus,0.9167267
laudo,0.9742425
dono,0.9774238
singularis,0.91924715
ancyra,0.8469558
facinus,0.9842807
forma,0.9867723
eximius,0.95856726
praesum,0.9639632
libido,0.98165023
avaritia,0.9579167
oportet,0.97070897
iurgo,0.9453022
abhorreo,0.9780809
uoluntarius,0.9637481
stuprum,0.98896587
seruus,0.95751035
lenio,0.96928453
indignitas,0.9644215
reditus,0.9559013
amo,0.98156434
gratuitus,0.96311283
conscium,0.94650954
necessarius,0.97901475
captiua,0.8310001
insequor,0.97010195
accipiendus,0.9325001
forte,0.9738013
tenebra,0.9818193
educo,0.9586834
constitutum,0.9509419
ostendo,0.9829341
penso,0.9775866
iugulo,0.97902906
praecido,0.9754944
uestis,0.98917073
refugio,0.97425354
complector,0.96986985
abicio,0.9789852
haudquaquam,0.9601171
orator,0.9526919
colloquor,0.9494324
obiectum,0.9758749
transigo,0.9533848
utrimque,0.97242177
frustratio,0.9271522
donec,0.96181136
periclitor,0.97178996
cautum,0.9755811
insidio,0.96400154
ni,0.979543
inio,0.92589366
pabulator,0.7809265
ratis,0.98900783
oppositum,0.7127433
adfirmans,0.95004284
antea,0.9709803
ueniens,0.9333937
constanter,0.7862991
praegravo,0.65155935
sensum,0.9399853
confundo,0.9645076
ordo,0.9793099
dissipo,0.944918
sescenti,0.9720224
pauidus,0.970798
expedo,0.775448
integrus,0.94196415
profligatus,0.95201486
fudo,0.93236786
obuius,0.9797681
fessus,0.99088514
uiolo,0.98489404
luo,0.9729062
biduum,0.9648386
auspicium,0.9705384
cornu,0.977635
robur,0.9812572
inaequalis,0.94700575
loco,0.98573375
ariarathus,0.9329562
cappadox,0.91277695
secundus,0.96519345
auctus,0.97883564
etsi,0.95645833
vico,0.9528978
clades,0.97621447
suspicor,0.9652467
nubes,0.9779722
coniego,0.8764792
procurror,0.8536954
destino,0.978497
promoueo,0.9089371
inhaereo,0.9719973
fedior,0.95638454
standus,0.89279884
laevus,0.9307463
praelatus,0.9044867
serius,0.95316887
coniectus,0.9425183
abstraho,0.97658765
spatium,0.98905736
recenseo,0.9531733
rapio,0.9939097
coacervo,0.6437502
congrego,0.95127314
sauceo,0.9275816
autumnus,0.9858615
gelidus,0.9932567
propinquitas,0.9580962
lectus,0.9876534
curulis,0.9740881
mitis,0.98858106
admodum,0.9805144
substructio,0.93606853
aequimelium,0.81248486
silex,0.97367775
sterno,0.990185
martes,0.99238634
campanus,0.93448925
duodecio,0.80355155
traieco,0.93468857
perconto,0.8991729
uter,0.97465646
experior,0.97476447
recuso,0.98364615
inops,0.9822625
cranium,0.6739481
insperatus,0.96481586
adfulgeo,0.9417539
incertus,0.98441064
descisco,0.9749266
opportunus,0.96686566
aio,0.9264103
timor,0.96296537
quietus,0.975811
malum,0.96882594
iactatus,0.9658098
comperio,0.9852481
tormentum,0.97945213
machina,0.97207063
faciendus,0.9718795
inpigre,0.9358686
arietis,0.90173197
arceo,0.9824486
saalue,0.9316886
interior,0.9564721
ualidus,0.9874654
obstruo,0.9770163
plerumque,0.9837917
coercendus,0.93322206
memoro,0.9744949
acco,0.84472704
ii,0.8376705
globosus,0.7615105
fermis,0.9396933
harena,0.9876812
immisceo,0.9598056
fuo,0.9090221
exerceo,0.9843856
ualidior,0.9702254
simplex,0.9804071
habenus,0.88613373
creber,0.9788002
fluxus,0.95409733
habena,0.9842111
uoluto,0.97710633
iacio,0.98946375
libro,0.95095015
sedeo,0.9686768
neruus,0.98134923
circulus,0.96933043
adsueti,0.60981077
or,0.9549664
crebro,0.9715055
audacter,0.9711199
erumpo,0.98423827
achaeus,0.9755283
parumper,0.95541644
sames,0.6792573
cottidie,0.9735167
deuexus,0.9629559
saluus,0.94827425
ueneo,0.9784414
sama,0.4064774
lacedaemonium,0.9815513
aegius,0.8246767
achaicus,0.947809
conuentus,0.94900703
indicio,0.8861946
opportunitas,0.96568096
philopoems,0.9498642
labefacto,0.9620931
ferme,0.9335452
aegiensis,0.64263296
faueo,0.98520577
lacedaemonius,0.99049735
exul,0.9858308
laconicus,0.93428355
habito,0.95932734
receptaculum,0.93096596
merx,0.9774493
adorior,0.9743754
la,0.8501302
improuisus,0.966827
uicanus,0.84491634
inopinatus,0.9769325
lux,0.98222446
peruado,0.9318563
communiter,0.9590843
domicilium,0.9603967
achaeor,0.9633399
tutela,0.9458801
quincs,0.8704687
exposco,0.9537727
lacedaemonis,0.5198872
indignus,0.98099107
oboedio,0.9719865
molior,0.98305535
furo,0.9934619
factio,0.9419837
hiems,0.9872925
impedeo,0.7991041
incursio,0.9409388
latrocinium,0.9794749
elo,0.92693067
altercatio,0.9517308
ambitiosus,0.96658206
diophanis,0.92540514
megalopolitanus,0.901557
ambo,0.9815049
dissideo,0.97575414
controuersia,0.95408297
finio,0.9814441
praeceptum,0.95033646
philopoemen,0.86946046
nouo,0.9804116
lacedaemo,0.93440425
concessus,0.9771123
superbe,0.97354406
continuo,0.98007196
uus,0.9732435
deposco,0.971979
profiteor,0.97875786
illustris,0.9236939
advocatus,0.86004776
alieno,0.9497002
venio,0.908931
lacesso,0.98589104
ferocus,0.9292487
legaet,0.8417346
protego,0.9739117
uinclum,0.9718994
uociferor,0.9572302
occasio,0.9672982
uinculum,0.98122776
pereo,0.9823447
auersus,0.96703905
damno,0.98532647
supplicium,0.97451
externus,0.983047
milito,0.97384274
aps,0.830352
iratus,0.9457048
communis,0.98172444
mentio,0.9643543
adscriptus,0.9478449
tyranna,0.9584059
dilabor,0.96720433
porticus,0.97646403
reficio,0.9758574
amynta,0.95782465
regno,0.95531285
eneruo,0.8993633
damnum,0.98070854
lycurgus,0.9645888
octingenti,0.96853083
adsuo,0.8840043
messala,0.8598875
liuius,0.9402149
marcius,0.9115866
atinius,0.8686543
pulcher,0.9853506
herculus,0.9854662
decemuir,0.9777894
seiugo,0.4827604
auratus,0.9629364
inscribo,0.933293
duodecim,0.96144044
clipeo,0.89018923
auro,0.9863939
aedilis,0.98103637
ser.,0.9152405
sulpicius,0.9575671
galba,0.95306623
frumentarius,0.9617889
annona,0.9163605
comprimo,0.98457056
separatim,0.95924145
suadeo,0.9823363
nescioquid,0.9432204
ludo,0.98538244
ter,0.98419154
plebes,0.9346364
quinquiens,0.93301517
instauro,0.9345126
messalus,0.8201506
salinator,0.9214065
idus,0.9519592
deque,0.96760505
pisa,0.8168458
deni,0.96993876
ligur,0.96731263
obtingo,0.8674964
claudio,0.7629057
iurisdictio,0.8314596
traduco,0.95676595
hispanius,0.8860283
terni,0.9784505
duceni,0.89861524
secus,0.9417009
proficisco,0.9410007
collegium,0.9361461
compitum,0.9620259
hora,0.9729644
tenebrae,0.9504039
novemdialis,0.9517436
aventinus,0.96642065
pluo,0.9215138
logus,0.79370254
natis,0.97850597
fundanus,0.8234178
municeps,0.9605707
arpinas,0.9271175
promulgo,0.917294
latio,0.9686387
rogatio,0.94622135
intercedo,0.9500043
edoceo,0.9750085
impertio,0.959136
tribus,0.88765454
cornelia,0.90569746
ualerium,0.903958
plebiscitus,0.8846754
lustrum,0.9728823
condo,0.9902585
cendo,0.66060525
hiberno,0.9215818
apsoluus,0.79106987
tolerabilus,0.78021175
immanis,0.98400235
populor,0.9789257
domo,0.9877321
facultas,0.94568515
ariaratha,0.9244796
cappadocum,0.9399234
luendus,0.9292043
noxa,0.97669476
eumenes,0.9477348
benignus,0.9754167
laetior,0.9603555
adueho,0.9845415
octauus,0.9650892
decessus,0.8928121
eumenis,0.8984693
uallis,0.95593274
effero,0.9897407
neu,0.97823423
fugitiuus,0.97094226
abduco,0.9732336
armamentum,0.9335343
actuarius,0.89583105
remus,0.9778477
moneo,0.9882307
nauigo,0.9854995
citra,0.94728756
promunturium,0.88123965
porto,0.9753723
conduco,0.97277594
aedes,0.96617115
aedificium,0.9747167
exactio,0.9387823
aufero,0.97079563
probus,0.94275165
octoginta,0.9699345
modius,0.9740684
quinquennium,0.9601706
fio,0.98676586
triennium,0.9750294
minor,0.98228824
octonus,0.68826926
quinus,0.95200676
quadrageni,0.93722874
arco,0.9520156
poenus,0.9827157
philo,0.8079116
demo,0.986003
saluo,0.86538756
iuro,0.9607538
iusiurandum,0.9635558
patara,0.8318591
quaeque,0.9567362
concido,0.9627377
cremo,0.9839173
incendo,0.9871931
subito,0.98645145
relico,0.9503771
athena,0.96729594
piraeus,0.95233446
donum,0.9775754
ariarathes,0.9535479
imperano,0.74487424
despondeo,0.95210546
ludibrium,0.96852344
immunitas,0.9466244
uectigal,0.97129476
colophonium,0.8799645
notio,0.90087986
clazomenius,0.87334895
milesium,0.92167306
iliensus,0.5084872
rhoeteus,0.92573166
chius,0.81703323
erythraeus,0.9669961
praecipuus,0.9792708
phocaeensis,0.9572216
lysimachia,0.8640562
mn,0.95870745
reicio,0.97314304
uago,0.9783966
iumentum,0.9719619
uulgus,0.98299617
horreo,0.9930238
melanus,0.7684926
cypsela,0.8768954
angustus,0.9912834
confragosus,0.94884294
propter,0.97918415
plaustrum,0.98886067
salio,0.9700984
thraecum,0.8872198
caenum,0.9815413
circumsedeo,0.9366536
scindo,0.98151773
sarcina,0.9636973
inuado,0.9800863
caesus,0.87657374
onus,0.980347
inordinatus,0.8943642
lateo,0.99312675
fors,0.98836416
incommodus,0.9689206
alibi,0.94677573
uindex,0.9831457
paucior,0.97712326
apertum,0.93228245
saltus,0.9820887
circumdo,0.95561385
calo,0.949187
passum,0.9664213
strenuus,0.98265773
hebrum,0.950768
latebra,0.9879173
insidior,0.96397084
quippe,0.97146714
ecce,0.9259497
confertus,0.9405587
sal,0.9867431
suspicio,0.9810133
mitior,0.9732781
numida,0.87899065
mutto,0.6470214
medium,0.92783725
thessalia,0.9770561
contemptus,0.9875836
domi,0.91716146
quotiens,0.98732257
neuter,0.9520441
querimonia,0.9469159
solio,0.97577596
kalinctio,0.8266317
flaminius,0.9644193
apn.,0.8678208
culleus,0.95232123
furius,0.92442024
tarentum,0.9708817
gallia,0.832404
tarentus,0.9226363
myrtilus,0.89802265
carthaginiensis,0.974589
pulso,0.98800653
claudium,0.9470046
fetialis,0.91202855
carthagi,0.9851334
glisco,0.9647101
biennium,0.94432074
substituo,0.94910085
priuatus,0.96516836
pretium,0.973203
uendito,0.9739015
consularis,0.9655217
reporto,0.9805049
inimicitia,0.9618301
fulvii,0.9151957
ambraciensum,0.4854482
suborno,0.9741508
motus,0.9879006
obsoletus,0.75765276
syracusanus,0.97393763
campana,0.88880837
accuso,0.98076594
quinctis,0.8692831
mt,0.89495814
ornamentum,0.9725603
ablatus,0.9726327
gestus,0.96274817
separo,0.9790946
callidus,0.9784138
malitia,0.9412924
insimulo,0.9728696
absumpo,0.90934914
portorium,0.93342173
contentus,0.983101
ualetudo,0.9760664
pestilentia,0.9701722
profectio,0.9697737
bellona,0.725255
commemoro,0.968765
inchoo,0.96989876
congretto,0.89658105
sibylla,0.95387155
fatalis,0.97465146
retiniscor,0.7106116
diuortium,0.973114
quiesco,0.9803527
monstro,0.98259616
recentissimus,0.88914204
desumo,0.63790226
biuium,0.9323493
consisto,0.98099184
mercennarius,0.9721364
innoxius,0.9754516
quomodo,0.9259515
temeritas,0.9657631
uitio,0.98103076
euentus,0.98430234
meretrix,0.9649083
proxumus,0.92794025
inferior,0.98257387
incido,0.97828823
attonitus,0.97390217
moles,0.98754805
cruento,0.9688498
auis,0.98296785
examen,0.9588473
crepo,0.9604596
casurus,0.8996495
latrunculus,0.9170185
thraca,0.9401104
exuo,0.9738874
spolium,0.973457
thracius,0.97182566
ignominia,0.95095974
sane,0.94145525
sapio,0.96895546
polluo,0.9705399
iactura,0.9801109
obliuio,0.9696862
num,0.971689
dictum,0.94568187
poto,0.97731173
aduersor,0.933125
triumphalis,0.95674485
conscendo,0.97063684
prohibeo,0.9668468
detraho,0.9821853
cito,0.98294973
inuideo,0.9898865
iniustus,0.9830654
omnino,0.96323156
accusatio,0.9541944
imprudenter,0.6000667
immanitas,0.9656118
infestissimus,0.96986294
odium,0.9837599
remotus,0.98507607
infamia,0.97651684
utinam,0.9859731
agedus,0.888916
grauior,0.9808823
emoueo,0.85120773
subigo,0.9874315
redimo,0.97796
macto,0.98481613
cesso,0.96087265
lubet,0.9023086
dominor,0.9638579
delpeh,0.8085909
ideo,0.97393215
reor,0.9807266
animadverteo,0.9241003
uagor,0.9880731
argumentor,0.9267683
felicitas,0.9818259
frustra,0.9774532
atquus,0.9418683
peccatum,0.94840056
mitigo,0.97761196
inpudentia,0.8681215
confido,0.96868473
crux,0.88655925
prauus,0.9755505
incipiendus,0.78479517
aequior,0.9586842
nempe,0.98032844
cena,0.9731276
promitto,0.981934
quincte,0.8786448
deicio,0.9872197
fingo,0.989277
corrumpo,0.9842205
ignosco,0.983793
longior,0.97787213
defensio,0.95904213
cultus,0.9836585
necubi,0.90220046
delitesco,0.9660376
latro,0.97883654
thrax,0.97219884
infeliciter,0.95718884
adortus,0.96032023
nouissimus,0.940706
mil,0.8804288
seruio,0.97639465
serus,0.9841417
cognatus,0.9856552
senium,0.9861866
perduellis,0.9126922
laureus,0.96294415
pudor,0.9782056
malignitas,0.96924436
clarior,0.96887946
petillium,0.7363915
incuso,0.9712399
ingratus,0.9816015
exilium,0.9632968
pensum,0.89002454
ancilla,0.94962317
lana,0.97838247
potentus,0.88935983
nedus,0.8362813
agito,0.9863827
frequentia,0.95340383
exordior,0.9641491
fastidium,0.97951376
luxuria,0.983852
hibernum,0.9394474
locr,0.48327494
argumentum,0.9791578
intactus,0.980121
urgeo,0.98970264
prodico,0.82540315
aduoco,0.9798756
rostrum,0.978629
cliens,0.978284
quiris,0.89880425
lis,0.9589123
supersedeo,0.9494201
iouis,0.9753895
iunonis,0.91647094
minerua,0.9695905
praesideo,0.95875
saluto,0.96438044
septemdecim,0.8174659
anteeo,0.97061133
scriba,0.94354904
uiator,0.9795996
seruilis,0.9448767
praeco,0.9612795
circumeo,0.956853
celebratus,0.6178426
carthaginiensus,0.97605026
speciosus,0.96678615
illucesco,0.82014334
prospicio,0.98552376
dicendus,0.9114611
adsuetus,0.9719092
humilitas,0.9215101
illis,0.81142
cur,0.98762286
excusatio,0.95441246
superbia,0.9568387
arguo,0.9741087
comito,0.979249
ueto,0.98896873
adscribo,0.9805231
tristior,0.9319568
indignatio,0.9455941
domitor,0.9650829
nobilissimus,0.9676033
poenum,0.9711004
consors,0.9714006
palma,0.98722386
sanctus,0.9425849
uenerabilis,0.9684962
inuiolatus,0.9625374
salto,0.98011255
accusator,0.969337
delibero,0.9719229
deliqeo,0.8778346
praecipue,0.9764546
senior,0.96124244
ti.,0.91223824
simultas,0.9744954
uexo,0.98729014
probrum,0.9817286
splendeo,0.98244923
morior,0.9726455
rus,0.98009837
monumentum,0.9716166
aedifico,0.93895984
funus,0.98770064
patria,0.9873345
bellicus,0.98340255
iuuenta,0.9736552
assidue,0.97777176
defloresco,0.9424685
deformo,0.97745925
punicus,0.9871684
perpetro,0.8979384
periculose,0.96304786
crevere,0.9055223
uivus,0.9226615
mortuus,0.9603642
aurata,0.96889204
penus,0.9428627
uelitus,0.96119106
coago,0.96401554
mummius,0.9720164
relatus,0.9665719
nobilitas,0.96653724
purpureus,0.99046254
dissuasor,0.8875288
exorior,0.9814513
conquestus,0.9069495
conteno,0.9456737
exsto,0.97365534
intercessio,0.92686033
refereo,0.89280874
pilleo,0.73799044
mulsum,0.96999
prosequor,0.9820114
fu,0.868211
despolio,0.932145
clam,0.96645796
defero,0.9829397
hostiliors,0.6686115
catonus,0.6992519
aculeo,0.6094234
quaestor,0.97571677
peculatus,0.95736986
accensus,0.9739343
hostiliter,0.972055
absoluo,0.9707965
commodus,0.9569667
summa,0.9810941
antias,0.7327415
librarium,0.7550836
mendum,0.8179956
mendacium,0.96152794
scriptor,0.983654
similior,0.8513439
quadragiens,0.88106704
aerarium,0.96826625
promo,0.97873795
posco,0.9885392
clauis,0.9557698
sepulcrum,0.9850487
diversus,0.95659673
adsentior,0.94346434
naeuius,0.8565461
elor,0.95033336
utrobique,0.8563411
statua,0.9866093
superimpono,0.7538507
discrepo,0.9802244
nebulo,0.9568206
nugator,0.91439104
insons,0.9808425
serendus,0.93346053
capno,0.9323424
adlatus,0.9648717
dissoluo,0.9800252
tribunicius,0.92811054
tolerabilior,0.83997977
rt,0.83642346
increpo,0.977177
laus,0.9780885
moderatio,0.9659648
temperantia,0.9514659
reprehensio,0.96899515
castigo,0.97513807
perpetus,0.6553793
laudatio,0.9211346
modero,0.9762143
ciuilis,0.9663858
fateor,0.9776184
graccho,0.8904901
nasica,0.967396
collocatus,0.9701428
desponso,0.92138857
gr,0.8924432
ceno,0.97897404
consurgo,0.9731686
epula,0.9814358
sollemnis,0.9839451
sponsalia,0.9223664
rite,0.96688074
aemilia,0.9017169
muliebriter,0.95088685
indignabundus,0.8843865
concors,0.98053396
rescisco,0.91861284
uario,0.98771524
propono,0.9509556
terentius,0.8262434
praes,0.79116833
contendo,0.97850704
decor,0.9747672
proprius,0.9682098
clarissimus,0.9337557
poenor,0.950004
hispanus,0.96665883
superiacio,0.8872473
stirpes,0.9758375
diuinus,0.9684288
sero,0.9825936
hispanis,0.87444544
splendor,0.96311444
officio,0.93355083
criminor,0.9563036
exsisto,0.9590156
aegaeus,0.966884
promineo,0.9737624
longitudo,0.9566976
latitudo,0.96240747
angulus,0.96710193
quaesio,0.9020339
prosum,0.99015045
noceo,0.99084395
iudicatum,0.9275609
adloquor,0.97193927
sumptus,0.97431177
tergo,0.97534484
uexatio,0.9567156
contumelia,0.9814665
fur,0.9760326
nocturnus,0.99099827
exspiro,0.9590916
recito,0.8759053
iudico,0.97168344
prendo,0.98090243
secedo,0.9689615
fannius,0.9122599
pronuntio,0.9787517
quominus,0.9101107
opulentus,0.98233694
devico,0.9534383
propago,0.9787619
rh,0.62330633
possessus,0.86781895
compareo,0.9504384
redaco,0.9483987
locupletus,0.9152529
calamitas,0.9723112
disserto,0.6735352
continendus,0.90547824
acuo,0.97796834
terrestris,0.9569406
mollitia,0.94937634
ditior,0.9049493
fortior,0.9531739
solutus,0.9841705
neglegenter,0.96595794
asperior,0.9671222
exercitatus,0.7539074
montanus,0.96305776
asper,0.9887073
uelox,0.98266506
repentinus,0.98373806
usquam,0.98028445
lixa,0.94310296
extendo,0.96682334
uicinus,0.9889007
incurso,0.9569126
profugio,0.98394257
confestim,0.94494635
praecipito,0.9831232
appenninus,0.95027715
intentus,0.9813415
pisanus,0.8491669
otium,0.97750354
bononia,0.7863079
ballista,0.9780302
deuro,0.84232605
descendo,0.97126806
diana,0.9889344
uoueo,0.98654985
arimi,0.92797
confligo,0.96911186
iuno,0.96207654
regina,0.9570537
senex,0.966711
summum,0.96556604
census,0.97649586
terentio,0.8072932
livio,0.8984024
conquisitio,0.92259264
alienigena,0.92977
intercessur,0.8126959
debitum,0.9148153
notis,0.39927065
furtim,0.9840618
deiero,0.90116376
calumnia,0.97161436
atfero,0.8936862
syracusar,0.91471034
exorno,0.9679035
fas,0.9889475
ualo,0.68384403
superbissimus,0.9331575
cognitor,0.93912876
turpis,0.98358643
sacro,0.98166144
odi,0.9663426
diligo,0.9620664
probo,0.9718659
improbo,0.96233094
uultus,0.9882769
nutus,0.9687265
adstipulor,0.66875756
priuatim,0.9347005
posteritas,0.9604736
castigatio,0.9556781
ludus,0.987479
iosco,0.95804906
exopto,0.93964773
miser,0.9777851
necesse,0.9800866
impendo,0.97897613
aegrus,0.97602785
subsisto,0.9470056
be,0.81721973
octodecim,0.62841177
nummus,0.97582966
septingenti,0.97572225
circo,0.98363674
sp,0.92508954
sulla,0.95299363
calpurnius,0.9403993
pisus,0.8957116
lucullus,0.96842694
aurelus,0.9239627
scaurus,0.9783102
crispinus,0.75216806
nonus,0.96535444
serer,0.95033604
triumphor,0.87604016
incendium,0.9792198
conflagro,0.9731926
infensus,0.9532383
iudex,0.91943985
severe,0.93272007
conser,0.4816469
origo,0.986802
aeratus,0.94429445
stragulus,0.96686864
pretiosus,0.9764853
plagula,0.8401634
textilis,0.9185701
supellex,0.9744902
abacus,0.8245088
psaltrius,0.8854874
sambucistria,0.73991746
conuiualis,0.5353579
oblectamentum,0.9495193
epulae,0.990072
apparo,0.9531924
coquus,0.9533012
uilissimus,0.96713495
mancipium,0.9717506
ministerium,0.9626856
futurus,0.97998923
philippeus,0.8159772
sedecim,0.96901715
donor,0.8078224
indulgeo,0.96931875
conciliandus,0.8846451
adnitor,0.92364025
soluo,0.98463804
semis,0.9344917
celtibeer,0.9310902
consultatio,0.9267364
cethegus,0.93503636
instabilis,0.9736649
procido,0.913542
repono,0.98120517
plebeius,0.96023107
blaesum,0.8589811
furio,0.9521711
luscus,0.9401926
io,0.9706248
foras,0.8943945
intestina,0.69644505
coniuratio,0.96988803
sullus,0.97856003
quaestio,0.9706233
clandestinus,0.9709202
ignobilis,0.9825983
eruditissimus,0.9474111
sacrificulus,0.7870302
quaestus,0.9771832
prŏfitendus,0.7493549
uinum,0.9835328
illicio,0.833759
tenerus,0.9658922
exstinguo,0.97469634
corruptela,0.93829083
coepo,0.97628725
pronior,0.7595931
promiscuus,0.93664944
ingenuus,0.9725195
falsum,0.973367
testamentum,0.9732712
indicium,0.9793127
officina,0.9589003
exeo,0.9734777
uenena,0.96576786
indidem,0.9553825
tympanum,0.9672538
cymbalum,0.9537613
strepitus,0.9885759
quirito,0.61896944
exaudio,0.8787863
lab,0.93044585
ueluti,0.8075519
morbum,0.95005846
capacus,0.7784846
celo,0.9879259
aebutius,0.85618687
pupillus,0.97005343
uitricus,0.94887763
rutilis,0.8023578
uinculo,0.95789033
bacchanalis,0.93711334
convaleo,0.87142724
baccha,0.9609323
initio,0.97088367
uotum,0.9868058
exsolvio,0.83999634
castimonia,0.9020252
pus,0.8493612
lauo,0.95955354
sacrarium,0.97689986
scortum,0.9728039
libertinus,0.97113824
hispalus,0.7266412
ancillula,0.95132995
manumitto,0.9399157
consuetudo,0.96605164
uicinitas,0.95062995
damnosus,0.96441877
appetitus,0.8495462
malignus,0.9737335
meretricula,0.8659591
munificentia,0.97241724
patronum,0.9137373
heres,0.9632054
immo,0.9434658
inuo,0.6105468
amor,0.99058914
pignus,0.9326822
secretus,0.9766246
iocus,0.99028075
miror,0.98181194
secubo,0.5841046
detestor,0.9735953
admiror,0.9661706
perturbatio,0.9469561
exsecratio,0.9243322
adsentiens,0.8863466
forsitan,0.9478027
pudicitia,0.9880593
perditus,0.95708096
mirabundus,0.8347643
coacio,0.908638
silendus,0.85179925
enuntio,0.9715489
domina,0.9455991
uictima,0.9636735
sacerdos,0.9502038
circumsono,0.9308976
symphonia,0.85393596
obsecro,0.93994904
infandus,0.9741735
patio,0.8858469
temperaio,0.7447339
deinceps,0.9600836
exclamo,0.9735819
concubitus,0.9760914
excetra,0.8882349
delenimentum,0.90946627
uenenum,0.94934744
amita,0.9504071
eiicio,0.95896834
arbiter,0.97069263
socrus,0.9697237
percunctor,0.883883
ecquis,0.9732592
anus,0.9586248
accio,0.9778486
interuenio,0.9181224
miseror,0.9589033
propitius,0.884635
obscenus,0.9805505
uiciniae,0.7720721
arcesso,0.97034764
ignarus,0.98102146
uestibulum,0.97141993
adhibeo,0.98614115
sulpicia,0.8822914
expromo,0.9565064
lucus,0.98647654
tremor,0.9631649
hisco,0.88829803
confirmo,0.96914005
puella,0.9652146
infitior,0.95327115
coarguo,0.9159191
arcanus,0.97830015
amator,0.9624877
seria,0.98117954
capitalis,0.95989215
cauillor,0.9319979
gravissimus,0.7117268
sulpicium,0.95168793
attollo,0.987704
perfidia,0.9643753
merita,0.9325025
ablego,0.9246449
sacrum,0.96935534
sisto,0.9784962
interdiu,0.95778084
matrona,0.98475015
solitas,0.9585267
annia,0.46930707
monitus,0.9709033
immuto,0.9576308
minium,0.94367766
diurnus,0.98132896
licentia,0.92447275
accedo,0.97506195
dedecus,0.9748676
pigrus,0.9586758
nefas,0.991181
iactatio,0.95428914
crinis,0.99207175
tiberim,0.9685315
demitto,0.9855999
viuus,0.95960116
calx,0.98338926
insum,0.9765127
illigo,0.9374064
abdo,0.9756079
specus,0.98445183
abripio,0.97259927
coniuro,0.96217144
socio,0.9702462
perago,0.98968387
aduoluo,0.95595
genu,0.9772961
cenaculum,0.94374084
scala,0.9499883
obsero,0.9404344
uerso,0.97617227
arcessitus,0.94649637
inquiro,0.9781984
edepol,0.41132888
coetus,0.9823062
importo,0.9341128
adfinis,0.97431105
inuestigo,0.932287
invito,0.9425645
coio,0.87989444
conclaue,0.95408404
operio,0.9701989
triumuir,0.9747594
uigilia,0.9549819
aduocatus,0.9096615
precatio,0.9199022
praefor,0.8959436
admoneo,0.9842929
ueneror,0.98339117
quatenus,0.9185114
proloquor,0.93996483
neglegentia,0.98087263
offundo,0.95078105
atrocitas,0.96802986
persono,0.94719
ilico,0.91059244
exterreo,0.9743599
hice,0.9629464
simillimus,0.9206433
stupro,0.9445907
incrementum,0.9754355
uexillum,0.9534795
ubicumque,0.96681994
ib,0.69829065
sacramentum,0.9114142
committendus,0.88579726
coopertis,0.7361295
liberor,0.88507617
effemino,0.94817424
scelus,0.9819907
necdum,0.95045036
noxius,0.97231835
impius,0.9522486
serpo,0.98074746
praecaueo,0.9462658
legitime,0.8579972
vocano,0.78592825
contionor,0.94399256
dilapdo,0.93559754
salus,0.9665154
pernicies,0.9764807
so,0.8521844
ioco,0.93127936
unusquisque,0.94660366
furor,0.97443396
gurges,0.9875506
securus,0.990837
fallacior,0.6654673
numen,0.98397946
praetendo,0.97532576
uindicandus,0.9589004
immixtus,0.8873649
innumerabilis,0.9719783
haruspex,0.9788334
denique,0.9501696
comburo,0.95435196
prudentissimus,0.94877464
dissolvo,0.7000211
ritus,0.9806814
praedicendus,0.620238
superstitio,0.9785325
demolior,0.93968856
nefarius,0.9709993
contamino,0.9480411
extraho,0.9609288
patefacio,0.9825577
impunitus,0.9400232
exsequor,0.97415364
munius,0.92870677
nomino,0.9833238
laxior,0.9554087
emo,0.9696286
iuvaro,0.9024149
hospes,0.98947895
pala,0.9828806
faliscus,0.9599307
tricesimus,0.9702829
differo,0.9866149
perficio,0.9688857
solitudo,0.94909906
praeeo,0.96024346
nefandus,0.9845449
iureiuro,0.9463478
u,0.84347314
neco,0.98051816
idoneus,0.9662745
exactor,0.94509
uetustus,0.975872
ara,0.98690647
consecro,0.9765315
piaculum,0.98031664
sacrus,0.87119365
magister,0.9795455
coniunctum,0.96883535
adseruo,0.9162239
conscisco,0.9568602
centenus,0.97930217
censo,0.87440807
impunitas,0.9558972
molestia,0.95832884
hispaniendo,0.8415506
penitus,0.95038444
undecim,0.93381083
uireo,0.98205465
oblitero,0.9239108
gesno,0.9537736
ligustinus,0.8790219
tristitia,0.96735126
adferens,0.92828715
incautior,0.9565428
icior,0.96102756
luna,0.9838782
calpurnium,0.9400309
maturo,0.9629068
discetto,0.89425814
celtibeo,0.94638234
uiridis,0.9672994
colus,0.9528762
frons,0.9933218
scintillo,0.92350936
coactus,0.92505497
auco,0.9455662
infirmior,0.95869046
artifex,0.9852046
athleta,0.9626714
uenatio,0.96388537
panthera,0.9282872
saeculum,0.94015604
ludicrus,0.9669118
celebro,0.97869825
sacr,0.9713249
picenus,0.96283764
caelestis,0.9781592
multifariam,0.95013416
orio,0.9608654
complures,0.97247934
adflo,0.9339458
uestimentum,0.9243068
adsimulo,0.91902137
tango,0.9873148
procuro,0.94128215
umbria,0.9199722
semimas,0.75017416
prodigium,0.95504
abominor,0.86712456
transalpinus,0.9339328
uenetia,0.8417129
aquileia,0.93425214
alpes,0.987592
damnatio,0.9407591
dirimo,0.9754032
uotus,0.9715822
afranus,0.9088949
stellio,0.5392834
marcellinus,0.8874899
peragro,0.9772507
scribendus,0.9603214
perseum,0.9417573
inchoatus,0.9304234
una,0.9448065
ango,0.97406584
saevio,0.88855314
despero,0.9856021
heracleo,0.8719269
lamia,0.9010039
dedio,0.9475446
permulceo,0.9638741
festino,0.98149836
thessalis,0.9435178
magnes,0.8740072
uitium,0.98155653
sedo,0.97542703
praesentia,0.9174291
quandoque,0.9588002
uectigalia,0.972909
fructus,0.96811306
metallum,0.9678663
intermitto,0.96662045
recolo,0.93730515
stirps,0.9806707
cogendus,0.9352403
procreo,0.9639136
integro,0.96109104
thessalum,0.9273392
querella,0.96984494
audo,0.97160673
neglego,0.98553437
adfecto,0.97411704
possessio,0.96299875
thessalus,0.94525045
pello,0.9868331
maroneus,0.8919647
purgandus,0.929077
adfirmo,0.97245157
caecilium,0.9188898
sempronium,0.753783
thessalicus,0.9316576
tempe,0.9390465
disceptator,0.9292877
audiendus,0.97282946
acerbior,0.9499351
philippopolum,0.7399049
antiquitus,0.9576654
iuuentus,0.982493
thebas,0.97623956
quaestuosus,0.7959414
onerarius,0.94567335
cursus,0.9907322
derigo,0.9414225
negotiatio,0.92860115
adhaereo,0.96206397
ingemisco,0.927204
uenatus,0.97371763
prouideo,0.9598659
accolo,0.9407144
nequiquam,0.96565807
tenax,0.98131716
frenum,0.98929787
acerbe,0.9564376
leniter,0.9759876
acerbitas,0.9776693
adsuesco,0.96979713
olympias,0.7917493
postulatio,0.9435186
quesior,0.93058467
petra,0.91075003
pieria,0.88792586
frequento,0.9829974
ridiculus,0.9757834
mercator,0.976226
nauticus,0.96479756
respuo,0.9769106
uiolaio,0.91455567
accido,0.98683286
rabiosus,0.8168957
postis,0.9670963
hircus,0.9428811
alus,0.39636493
perdo,0.982618
innocens,0.9725092
falso,0.9803571
insolenter,0.96930856
abutor,0.97606885
diutinus,0.9597993
sitis,0.97868496
auide,0.9711635
merus,0.94372916
haurio,0.986469
insectatio,0.9459138
conuicium,0.97958285
elao,0.92968506
minaciter,0.93018353
fremitus,0.986972
fidelior,0.9448639
diuturnus,0.95832306
praesertim,0.9500896
exsequo,0.8312322
uae,0.84838307
grauiter,0.9534379
offenso,0.97144675
thessalonice,0.90971106
aenum,0.88332045
praeiudicium,0.89418757
chersonesum,0.8193351
didio,0.92603964
appendix,0.80711263
adsentator,0.84875035
exsulo,0.9561678
inhonoro,0.90876925
deterior,0.98055434
sileo,0.9888228
declino,0.9749682
deflecto,0.9743718
lampas,0.960407
disserendo,0.8470822
accessio,0.94491565
solacium,0.9823716
caecilis,0.92382246
aspernor,0.9820228
delego,0.95440465
merito,0.9597892
augio,0.95546854
eripo,0.79650116
impudentissimus,0.81935906
refello,0.96450126
disertissimus,0.91662717
planissimus,0.913434
impetraveo,0.7760692
exuro,0.98023176
insector,0.97271633
respectus,0.9680394
cognitio,0.9677267
reseruo,0.97495943
o,0.9227992
macedonicus,0.9829562
impetrabilis,0.8641161
ouo,0.96915513
pastor,0.9800429
pascuum,0.98033065
condemno,0.965842
reto,0.88745683
toletus,0.8189167
subuenio,0.9647025
institor,0.9346813
tagus,0.9643114
interim,0.9703075
contrahendus,0.898305
adverdo,0.95438486
delendus,0.93108404
tagum,0.45869437
quadro,0.9753394
uadum,0.9776975
quieto,0.9479712
inico,0.9012387
heus,0.94577956
communio,0.85697436
instruo,0.9728129
acerrime,0.96606433
fortissimus,0.96299505
cuneo,0.9450257
confertior,0.8261148
laboro,0.9852935
ua,0.90568256
iuventis,0.8947
propere,0.97021466
retino,0.94605076
cuneus,0.98103607
acriter,0.9754251
percutio,0.95057833
urgor,0.9443949
signifer,0.9628138
renouo,0.96646976
torreo,0.9615802
adfluo,0.9155797
semiermis,0.5446344
palo,0.9740279
prouincialis,0.9463856
amidior,0.9505749
cruentus,0.9895031
phalera,0.94903517
fibula,0.9673136
permultus,0.78286487
pisum,0.8721404
macer,0.92679274
securis,0.98560435
patricius,0.91566086
candidatus,0.94335747
repello,0.9848777
artus,0.99220455
gratiosus,0.9433643
dilo,0.90524584
licinus,0.91917115
uolito,0.9831404
clamito,0.95037264
aduersarius,0.9586923
tribunal,0.9541171
tacitus,0.98477674
s,0.8335756
deuincio,0.95950204
coerceo,0.9707557
nequeo,0.9823461
aliquotiens,0.9683602
peruinco,0.90155256
appius,0.9574485
claudianus,0.83951443
flauus,0.9880062
naevius,0.9080078
mathos,0.6598668
blaesus,0.75279814
uarrum,0.9065792
militia,0.9594618
caecilius,0.93404955
itero,0.9659449
discedo,0.9882518
incertior,0.6565466
deploro,0.96118444
achaia,0.97999007
uenumdo,0.89619267
recitandus,0.8127675
deducendus,0.9202425
habitao,0.54618204
crudeliter,0.97558075
trucido,0.97836053
euidens,0.95482147
quaerendus,0.9853392
remoueo,0.9821801
percuncto,0.85923904
color,0.98801553
neus,0.5976236
honoratior,0.8626108
minister,0.9797351
emano,0.91756785
ueneno,0.97497916
sublao,0.9452572
digredior,0.9781978
rebello,0.95404285
immatura,0.79892254
demetrium,0.9755194
depreco,0.91280866
hister,0.9752154
sollicitandus,0.90538955
areus,0.84112185
alcibias,0.9853918
exsul,0.97323847
arcadia,0.96916926
cogitatio,0.94940907
displico,0.9705165
evoco,0.92160106
saeuio,0.98456746
crudelitas,0.9873142
respondo,0.9524464
arbitror,0.9797405
optundo,0.72129875
nimirum,0.96519154
lacedaemono,0.9160888
reprehendo,0.9820896
quonam,0.98290455
excieo,0.8234805
alcibiades,0.9407823
exsilium,0.942518
consenesco,0.95109665
impeo,0.9449734
fugium,0.94047153
lycurgum,0.84024763
sparta,0.90694743
agnosco,0.97967374
philopoeme,0.46215636
amolior,0.94772446
deformis,0.9804313
muer,0.9701618
compes,0.9376048
uinctus,0.97332466
iniungo,0.95669967
ro,0.95304376
obseruo,0.97149855
capua,0.95424414
reposco,0.9778308
precarius,0.94096076
quantumlibet,0.7717372
insculpo,0.91576517
aeternus,0.9518851
molliter,0.9776921
tenere,0.9800195
invitus,0.9155835
percusdo,0.95930827
miserus,0.9562483
gemitus,0.98902696
inieco,0.9714288
obstringo,0.96338296
irritus,0.93171746
sancio,0.8223063
alcibiadi,0.91554743
blaedo,0.8100919
ueneficium,0.9533201
iuventus,0.81655157
uarus,0.8498951
profligo,0.95776033
bini,0.9526851
amoueo,0.9528758
barbatus,0.97090256
tremulus,0.98160285
titanus,0.96719223
clueo,0.898038
cygnus,0.9546484
passuer,0.8317277
discribo,0.89299244
emereo,0.9712651
calpurnus,0.88822657
subinde,0.9794703
sicinus,0.88070357
dialis,0.96794796
designo,0.90126765
uisus,0.98910534
tolerabilis,0.9520384
praetura,0.9506873
p,0.9481954
comminua,0.76965195
crimino,0.8912362
extorqueo,0.9774078
extemplus,0.89393926
aedilitas,0.9517622
quotienscumque,0.98107916
obstino,0.9569401
potentior,0.97060716
privatus,0.9292778
rusticus,0.9850849
scientia,0.96792376
proueho,0.9659072
uersatilis,0.8604555
nimius,0.98059607
asperus,0.96312684
acerbus,0.98209333
inuictus,0.98550737
rigidus,0.9877801
innocentia,0.9687527
contemptor,0.9561086
diuitia,0.97638714
parsimonia,0.9724023
patientia,0.9663546
sextus,0.9629714
nonagesimus,0.9182066
premo,0.9937829
adipiscor,0.9757198
refragor,0.930462
suffrago,0.9237515
priscus,0.9883171
dedolo,0.7682935
uiscus,0.98691404
nobilito,0.93248934
secundum,0.9613672
municipium,0.9514183
conciliabulum,0.8483787
antio,0.65538955
libet,0.9861414
reliquiae,0.96193486
citas,0.8363834
hespania,0.94406456
citerus,0.67634666
praelo,0.92172617
exspectatio,0.96264935
cato,0.9769896
senatorius,0.9544578
grauissimus,0.95524776
lasciuio,0.97427773
gladiatorium,0.8499316
obsequium,0.95982987
epulor,0.955174
incalesco,0.9705405
conuiuium,0.97601825
transfuga,0.9791404
tabernaculum,0.9023024
interpres,0.9655447
gladiatorius,0.9461919
apollus,0.7884398
iunctus,0.9912337
inscendo,0.84824324
uetulus,0.9656015
olens,0.9594473
edentulus,0.7617623
uixdum,0.9317646
adnuo,0.9656637
imploro,0.97213256
famosus,0.96943206
depereo,0.91968375
iactans,0.9570701
infra,0.9609239
accubo,0.92996544
ferio,0.99047357
attraho,0.954026
iussum,0.90001005
saeuus,0.992383
poculum,0.9882534
libo,0.96237385
dius,0.90350264
daps,0.9855132
procax,0.96358216
recubo,0.9750314
sponsio,0.9545814
doleo,0.98257864
ueno,0.96652716
amens,0.9793718
recognosco,0.9738863
asto,0.9676144
lora,0.9698101
stimulus,0.98849845
muliebris,0.9837727
uehiculum,0.97603095
decio,0.581734
inaedifico,0.77874064
demolo,0.8239739
lacus,0.9805597
detergo,0.8757671
cloaca,0.94578195
neptunius,0.8268472
atrium,0.96140224
titium,0.8890635
taberna,0.9731346
basilica,0.8540467
porcia,0.91516984
infimus,0.9643465
locatio,0.91018087
publicanus,0.9060594
imminuo,0.95262927
simultatis,0.86572695
adsigno,0.9804543
potentia,0.9670918
pisaurus,0.7691684
ungula,0.98227227
celer,0.9906795
inflecto,0.97387123
iulius,0.9614848
flaminis,0.88319
sisennus,0.8719824
sicinius,0.8647192
sardinium,0.9573516
aquileiensis,0.536695
mino,0.96845555
prohibo,0.8478581
augur,0.9750627
crassus,0.9634223
coopto,0.90656483
seruilius,0.9431181
geminus,0.99054503
uisceratio,0.8510761
gladiator,0.97898436
funebris,0.9660539
epulum,0.9538102
triclinium,0.94516915
procella,0.9902982
coorior,0.8980472
defunctus,0.96915585
cano,0.9892177
leuo,0.97205174
iniecio,0.9472281
area,0.980945
uulcanus,0.96698153
expio,0.96812135
transmarinus,0.9701127
prodeo,0.9784726
puplicus,0.781711
denuo,0.89389825
quero,0.6851215
iuvenis,0.9770664
demetrius,0.9757396
abigo,0.983995
libidus,0.7243774
irritas,0.66659594
capillus,0.97326314
deripio,0.94039243
reddideo,0.95039374
pietas,0.97904676
necne,0.97115207
consigno,0.93501496
discordia,0.9810811
residuus,0.95845455
immemor,0.9878011
cohaereo,0.9777706
demuto,0.903132
prolabor,0.968056
septuaginta,0.946745
rn,0.8715773
deuius,0.9794314
sibimed,0.80280614
incredibilis,0.9663278
confercio,0.96850777
excludo,0.9787883
theatrum,0.9894881
misericordia,0.8970956
pristinus,0.9785841
collo,0.8480391
curia,0.9452633
acer,0.9844302
durus,0.99352765
obstupesco,0.9432267
thesaurus,0.9644748
saeptus,0.9077668
superimposio,0.4396574
remedium,0.97579956
secerno,0.98166686
nex,0.9886358
ambigo,0.9369405
avidus,0.96358913
accepto,0.9694451
impauidus,0.9433422
uoster,0.7307895
congero,0.98752034
recepo,0.97135615
hannibal,0.97633386
flamininum,0.8883898
inexpiabilis,0.96108025
leuitas,0.95135534
uestigo,0.930091
complego,0.89238405
elabor,0.97830445
posticus,0.92146367
occultissimus,0.7160376
occursus,0.9161839
obsaepio,0.9168775
paullum,0.8101751
uenenus,0.9789027
exsecror,0.9372329
hospitalis,0.95164263
inuoco,0.918519
polybius,0.91533625
porcium,0.9577888
naevus,0.8789925
tribunatus,0.95737374
december,0.9662671
derepo,0.9051313
congruo,0.94912905
comparabilis,0.777939
sepultus,0.9367739
adficio,0.97866446
paelex,0.9803171
solium,0.97485495
perse,0.9671222
medicus,0.9828551
concursus,0.9770913
inflatus,0.75082964
maereo,0.98666334
gemo,0.9920337
frequentior,0.9479371
movo,0.91686505
odrysa,0.676944
bessus,0.91096324
philippopolus,0.7662499
axis,0.9924837
uetere,0.68007153
ur,0.87653625
raptum,0.97742724
egestas,0.97148836
incultus,0.97927016
adlaturus,0.9169556
praeopto,0.93781745
alpis,0.95434195
benigne,0.9694561
lenitas,0.9713745
iniussus,0.9029308
impello,0.99057305
histria,0.7543162
reuenio,0.9304403
platea,0.89317054
mutinus,0.87855947
octoni,0.94643235
saturnis,0.89515406
hibero,0.91780496
ulterus,0.9372771
implicitus,0.9631505
lumbus,0.9434352
manendus,0.89322734
histrius,0.90094626
laevinus,0.9652318
iterum,0.9734192
caecile,0.9380251
denter,0.52809364
concordia,0.96188235
ogulnium,0.88952994
hispaniar,0.6648258
ister,0.87865454
odiosus,0.97009104
aegrotus,0.93863565
crus,0.98797345
aesculapio,0.94722295
apollinus,0.9768051
bracchium,0.98681825
fabus,0.9499457
rebellio,0.91215044
bellor,0.6726817
uer,0.9522947
procellosus,0.9480673
parilis,0.9089769
profanus,0.9714615
strages,0.9843749
for,0.9854709
paries,0.9784514
cero,0.97497344
adfigo,0.9717487
faber,0.97798383
mulus,0.9798726
reas,0.9402149
formia,0.90437675
caieta,0.9015754
sacrificatus,0.8726735
terentium,0.8180133
mature,0.98177934
pharnacus,0.83851236
marcium,0.91395426
uiso,0.9850527
obscurus,0.9905779
eccus,0.8825893
incedo,0.9693954
emathia,0.9377195
fidior,0.92646146
penates,0.987242
dolor,0.98421234
propalam,0.9392351
gener,0.96074086
uiduitas,0.913121
theoxenus,0.8122824
archus,0.777395
nuptia,0.9275692
aenianus,0.8283028
nubo,0.95674103
enitor,0.9709371
partus,0.98832643
liberi,0.9734584
por,0.67667913
athenae,0.98357195
fidus,0.9884812
thessalonicus,0.8564373
caerimonia,0.96030295
quotannis,0.9226338
sopio,0.9782518
redo,0.77236605
thessalonica,0.95440185
euboea,0.9147656
retraho,0.97157454
reuertor,0.9619732
hortatio,0.86249727
remex,0.9676858
nauta,0.98230416
praecogito,0.7337614
reuoluo,0.97917944
diluo,0.968567
iuuo,0.99369156
semianimis,0.9450605
complexo,0.9792769
dirus,0.99227905
qaeque,0.4534338
spons,0.95990026
suspectus,0.9702764
eludo,0.98321825
suspes,0.6888759
bastarna,0.86160976
arcessendus,0.8680798
erigo,0.987232
proditor,0.97672653
speculator,0.96378523
conuerto,0.9728323
senus,0.9781024
stimulo,0.975634
dextera,0.93470716
exta,0.9699073
posterior,0.9667977
insigne,0.97194695
cohors,0.96781975
cerritus,0.7779082
cingo,0.99285495
flos,0.9886409
fortunatus,0.9591828
maturus,0.9847733
lustratio,0.92286307
bifariam,0.8117575
imago,0.9831276
rudis,0.98744565
prudens,0.9768872
sodalis,0.974053
festus,0.9079722
inuitatio,0.89045
hilaritas,0.97500145
iuvenalis,0.9124255
commemoratio,0.94913137
iocosus,0.89906853
excipiendus,0.9173789
conuiua,0.9651667
mulco,0.96065825
resideo,0.98168284
simplicitas,0.9621483
ultio,0.9697555
intestinus,0.9709023
praecurro,0.98017484
succingo,0.97918415
ianua,0.9727455
uerro,0.98123205
fenestra,0.9523816
paulisper,0.93330413
convenio,0.8827705
salveo,0.95467657
quaenus,0.96720517
maestitia,0.9665565
lucrum,0.9622056
ueternus,0.92465615
intercus,0.58783895
admiratio,0.98346364
manifestus,0.97854537
enimvo,0.9444361
infrequens,0.9139539
lysimachus,0.9843532
inambulo,0.878264
totidem,0.98039556
ternus,0.96883684
miserrimus,0.9678433
parricidium,0.97730964
confico,0.84347796
admidior,0.8770598
deflagro,0.94135326
icio,0.91527504
puerilis,0.9857757
surdus,0.94814295
funditus,0.9459506
sociabilis,0.84192
consortio,0.85301554
salutao,0.87281394
unanimitas,0.6022011
uecors,0.9624986
sanitas,0.9610911
spiro,0.9897373
improbus,0.9820013
crivio,0.74029064
superstes,0.9570304
ambiguus,0.9866171
insatiabilis,0.9777588
resero,0.9746427
posthac,0.9313768
perfacilis,0.8936194
maestus,0.9934871
aperiendus,0.89869344
iugulum,0.97343576
perpetrao,0.82904434
demetris,0.8361834
subdio,0.8771893
deprehendo,0.97822565
uilis,0.9889097
impune,0.9766958
uidio,0.9328623
hesternus,0.9605935
funestum,0.86536694
lusus,0.9789487
pertraho,0.9103255
inspecto,0.947438
iuven,0.92704296
criminosus,0.9396708
limen,0.9867884
manifesto,0.89742744
furia,0.9884563
discerno,0.9823128
dispicio,0.96503794
insidiator,0.96346664
perfugium,0.953279
iustitia,0.9524833
lustralis,0.8406033
mortalis,0.9812579
inuito,0.9788637
morio,0.91367584
eundus,0.9174483
euito,0.9633713
suspiro,0.9746417
at,0.9775493
conviua,0.9240348
adulescentia,0.95148647
primoris,0.9679451
clandesten,0.92044365
coquo,0.96803325
sinceo,0.81302655
imbuo,0.9802201
infego,0.73564655
statim,0.9725213
superstus,0.9698348
scelero,0.98296547
petio,0.74272877
optingo,0.77816343
orbo,0.9784112
ulciscor,0.9817987
propello,0.97173786
punio,0.9757856
successeo,0.8397651
fletus,0.9851959
percussor,0.9804967
parasitus,0.9299239
formido,0.97849977
ulixes,0.9747363
concieo,0.9609073
obe,0.96363795
criminatio,0.94439757
oporteo,0.9422724
proditio,0.9789871
scilicet,0.9337112
euoluo,0.9712891
stultus,0.97257936
cibus,0.97483027
diadema,0.96169835
probitas,0.9656768
exsecrabilis,0.8960811
timuo,0.8202666
eligo,0.9762082
comisatio,0.71289766
anima,0.9490188
placo,0.9854371
dandus,0.9493832
transilio,0.96432227
aequalis,0.961724
largior,0.9703761
armos,0.9180678
crapula,0.9492074
excutio,0.987835
sopeo,0.9032155
tempero,0.9611743
condignus,0.82641095
meretricius,0.90833825
rusus,0.6863537
suspicax,0.7708843
aperte,0.9720812
conuinco,0.9740586
tuo,0.974475
perperam,0.9684724
explico,0.97973
suspcio,0.95161754
rixa,0.9530688
repleo,0.96900356
obicus,0.8459035
coepi,0.97221243
acerrimus,0.9798877
obsum,0.9461528
retinendus,0.9643991
suscenseo,0.6417581
exitium,0.9806635
semisomnus,0.8365706
patronus,0.96069294
meditor,0.9788974
intellego,0.97344244
nedum,0.9446028
securitas,0.97325987
spiritus,0.9282835
intercludo,0.96672696
diiudico,0.9464904
opperior,0.9676628
rescribo,0.88290167
perseuerantia,0.9585082
carthaginiens,0.9491641
socer,0.98312163
hasdrubalus,0.9300305
creandus,0.9238643
hiemo,0.9498447
buteo,0.8369894
nerus,0.9487853
petilus,0.87739265
pinarius,0.77884436
petilius,0.8528021
nero,0.9642103
apulius,0.9088489
histrus,0.95917404
siquidem,0.95523936
duumuir,0.90081024
servo,0.9633964
ingigno,0.9616548
mineruus,0.9815519
barium,0.6406232
peregre,0.9541795
iunona,0.98512304
sospita,0.90661454
lacrimo,0.9839487
libiten,0.7839579
anxius,0.9771002
decrevo,0.89852417
puluinar,0.9518873
feriae,0.9607879
corsus,0.6542909
pe,0.9081729
perseco,0.9291931
ambitus,0.9374163
cappadocus,0.9043886
ponticus,0.9538939
apellis,0.90296817
particeps,0.9693782
demetrus,0.89145726
circumspicio,0.9783941
averto,0.87726134
stobus,0.760967
haeem,0.71763825
uulgatus,0.92284775
hadriaticus,0.8181199
peritus,0.9821933
ascensus,0.956025
haemo,0.86553675
difficillimus,0.96103954
familiaris,0.9745382
antigo,0.87893367
alea,0.9618534
subsidium,0.95953643
quique,0.95471466
quidni,0.96109265
inuitus,0.9778832
dido,0.86877996
plerosque,0.97550106
coniuratus,0.9299925
insinuo,0.9468868
elico,0.8250431
sensus,0.981551
infestior,0.8605131
interiacens,0.8714368
septimus,0.9312516
deligendus,0.80248106
imus,0.9853056
opacus,0.98574495
densitas,0.92344993
arbor,0.99081534
immitto,0.9836859
ramus,0.9903386
rarus,0.98954934
nebula,0.9773632
ellebor,0.73586386
gravus,0.95098484
biduus,0.96792865
frigus,0.9911693
canicula,0.938692
brumalis,0.9736382
conflicto,0.89942664
nihilum,0.9425175
penuria,0.9767809
transcurro,0.9823309
populo,0.92052454
rapiendus,0.9391063
uilla,0.9631182
socialis,0.9364335
obleo,0.97388095
didus,0.7080202
immeritus,0.9532908
suscensens,0.6035652
adsentor,0.8318158
dissimulanter,0.919543
exspectandus,0.908755
praemeditor,0.8858064
adulterinus,0.928993
deprecatio,0.88495946
excrucio,0.91460574
corruptus,0.97207963
astraeus,0.8955527
occidendus,0.87194866
epoto,0.94632524
cubiculum,0.9789442
conqueror,0.97151786
torqueo,0.98857534
albus,0.9845758
intromidior,0.8793006
thyrsus,0.9690134
alexander,0.7952392
tapete,0.89116967
fauces,0.98159516
paciscor,0.9599755
agrestis,0.98038536
pabulor,0.70290214
lignor,0.4823669
explicandus,0.93642616
occasus,0.9896585
tradux,0.5673567
tardus,0.99218726
segnities,0.9361639
paludatus,0.7960966
subitarius,0.80320346
duumvirus,0.89868015
matienus,0.696315
lucretius,0.866865
socordius,0.6120521
praepono,0.977217
praetorium,0.9251827
principalis,0.94842887
hastatus,0.9522684
sulpicus,0.85979486
praeposo,0.8238797
sinister,0.9777683
hastas,0.94005364
sex.,0.9657099
caesar,0.97739196
ala,0.9631932
quaestorius,0.8888866
triarius,0.95412236
q,0.8595809
prodigo,0.9478567
condio,0.9810663
um,0.9149761
panis,0.94790393
puniceus,0.9828526
luteus,0.96011066
abditus,0.91156995
consentio,0.9482831
intellecturus,0.710232
compositum,0.95177096
ecfero,0.87577856
incompositus,0.91218144
perinde,0.93939227
circumvor,0.93385816
exiguum,0.9815512
trepidus,0.9884474
aua,0.8719552
pennatus,0.9184286
gubernator,0.95563895
praedatorius,0.830668
etruscus,0.97196966
siccitas,0.96928346
petilium,0.8933337
ianiculus,0.957285
cultor,0.9842464
alte,0.98301244
lapideus,0.9429699
arca,0.9050447
quaterni,0.97371495
plumbo,0.93465734
numa,0.9717227
pompilius,0.88446844
pompilium,0.9156091
papa,0.6296983
tabes,0.9747807
fascis,0.9817467
candela,0.8633046
involuo,0.7092132
septeni,0.9703088
sapientia,0.96177125
pythagoricus,0.94013786
pythagora,0.9827715
auditor,0.9475463
numus,0.97204745
legens,0.9813924
studiosus,0.9646921
decuria,0.9270421
pleraque,0.95969474
comitio,0.96371984
deliramentum,0.7986314
uictimarius,0.64854616
coortus,0.78468716
a,0.97738254
subduco,0.98280704
procucurro,0.83774596
potio,0.97251076
percipio,0.9727559
insania,0.97424436
steto,0.95453435
quadriduum,0.9603565
continuus,0.9826375
motur,0.84002477
ca,0.9532858
sinistrus,0.9345502
solo,0.9324125
mane,0.93519443
percontor,0.9784974
scribonius,0.9086407
effusior,0.9437253
ardor,0.9871707
uulgaio,0.93887544
fluctuo,0.97514033
incruentus,0.9526278
ducentum,0.692858
auxiliarius,0.9190456
saucius,0.98396045
deueho,0.9464443
celtibere,0.87038696
cuncto,0.90791744
imber,0.9903762
inflo,0.9769833
contrebio,0.7886498
diffundo,0.9887582
palatus,0.80353254
contrebius,0.83404547
celtiberia,0.9269825
populabundus,0.7961022
collinus,0.9233506
dedico,0.96186775
f,0.89408886
glabrio,0.8527604
locustus,0.6655668
depugno,0.968391
credeo,0.8597394
corsicus,0.92620116
cordo,0.8182185
cera,0.9602892
iliensis,0.91053706
piso,0.90252376
molliculus,0.8192662
mancinus,0.9532572
vbi,0.9283444
satur,0.9373368
crepito,0.9804991
perniciosus,0.97650754
impense,0.53712106
hostilium,0.8778978
obuenio,0.94567764
minuco,0.7908974
perpetuo,0.96336436
rebellatrix,0.65462613
uicina,0.989491
administro,0.95791507
hibernaculum,0.7814506
licio,0.6508527
obiecio,0.6605412
diuino,0.921214
porro,0.89977163
insanus,0.9824184
relatio,0.9343524
interrumpo,0.9653967
transporto,0.91477257
adductus,0.9734406
missio,0.9427209
inspicio,0.9829968
inauro,0.95929855
corono,0.9342135
dormio,0.96694535
cubo,0.9710841
declaro,0.96102285
infamis,0.97801715
tardior,0.93927735
ror,0.876814
samnis,0.9505813
resoluo,0.98244154
capet,0.9335034
tarde,0.9734857
irrito,0.9419237
manlianus,0.8808331
ueteranus,0.96473104
ordino,0.95423865
pertimeo,0.9601825
ferociter,0.94500136
iubo,0.8727416
nestor,0.92914224
impressio,0.85091794
legionarius,0.96120036
acclamo,0.90777606
segniter,0.9362757
duplico,0.9813938
effrenatus,0.9553056
circumspico,0.90212756
tarraco,0.9068881
exauctoro,0.86390257
letum,0.990008
neapolim,0.94981766
adigo,0.9762399
aes,0.9664174
aulum,0.6736981
adsequor,0.97173893
relego,0.9745765
semestris,0.8058461
brundisium,0.969851
illyrius,0.97695565
supeor,0.9791947
depopulo,0.9610539
gentio,0.73658204
confingo,0.96624875
corcyra,0.919799
legatisve,0.7697693
labeus,0.829465
praetextatus,0.8688269
dolabella,0.9450809
prouoco,0.96192265
quadriga,0.9761941
minitor,0.96725225
cloelius,0.66822296
auguro,0.9737883
cumanus,0.9404154
latine,0.96615046
pisani,0.6604988
popilius,0.93239444
sardinius,0.9321768
deserendus,0.8278011
acidinum,0.7621294
egomet,0.91770977
annalis,0.9608748
alternus,0.9897202
mucium,0.88577974
scaevola,0.9371899
mucius,0.97280735
uirga,0.96940684
furca,0.9566741
const,0.6966477
nix,0.96605587
intolerabilis,0.96484685
fulmen,0.98596823
tarracinus,0.8377026
capuus,0.9605825
tripes,0.8666196
dia,0.86473036
sella,0.97870725
fuluus,0.97498137
succurro,0.96235025
implacabilis,0.8452447
implico,0.97779197
reconciliatio,0.92412776
properus,0.9734613
tatus,0.7953985
romulus,0.98315334
albanus,0.9701098
prouerbium,0.9518709
confudo,0.92051846
interpello,0.9686229
quesueo,0.8608633
annuum,0.96173185
lusitania,0.96609354
mundus,0.97489595
praeualidus,0.92138284
risus,0.985648
circumsto,0.98043865
optumus,0.90387934
natus,0.9599827
sciscitor,0.96480656
percunctatio,0.76756585
egregius,0.9816375
ferendus,0.97236484
quater,0.97495556
uiciens,0.9489087
nobilus,0.9630794
alces,0.80550116
munitio,0.9485995
elicio,0.9623407
superao,0.88043344
introitus,0.9474695
potentissio,0.7118483
propio,0.5973997
uaccaeum,0.7638459
eieco,0.93137467
attributus,0.92028713
ingratum,0.96247816
praedium,0.96047676
inservo,0.6168606
proscaenium,0.9098324
iouus,0.98241115
columna,0.97718716
polio,0.96336067
pila,0.9633969
tibeo,0.97045565
pilus,0.96950513
fornix,0.94983715
argentarius,0.94571984
qt,0.6713023
arbitratus,0.92501116
sacellum,0.96611774
dedicatio,0.937719
scaenicus,0.96641207
larus,0.8825426
ualua,0.9237425
figo,0.98978186
duellum,0.9415436
patro,0.95189095
samus,0.9493879
chium,0.8928486
lar,0.97701776
animadverto,0.9296516
elleborus,0.9055292
maeror,0.98691165
paenitentia,0.9472262
destitutus,0.97030157
antigonus,0.9674607
patruus,0.96768725
distinguo,0.9768872
honoro,0.9643227
incorruptus,0.9722753
permaneo,0.9730278
adsolo,0.9627711
ueritas,0.96358633
suspeco,0.67087626
exitialis,0.95580685
nodus,0.9899758
oblo,0.9565568
inconstanter,0.87210786
tortor,0.9663576
chaerea,0.82303023
persequo,0.9571327
audaciter,0.95060456
redintegro,0.9486691
luctus,0.9889033
infelicitas,0.96680224
potens,0.9543602
flagrans,0.9818003
studeo,0.9768334
fruor,0.986859
antigonum,0.9077762
paenito,0.8141141
orbitas,0.95851374
optabilis,0.93933696
scelestus,0.9472619
infelix,0.9889742
illacrimo,0.8539081
produco,0.980205
suppeto,0.9674518
identidem,0.94169986
umbra,0.98820204
interempio,0.9656741
exstinctus,0.95225346
assum,0.88473463
curatio,0.9242166
desperatio,0.9770807
dilatio,0.94833684
subtraho,0.9816519
sollicito,0.99072003
histr,0.91279805
cottus,0.8608923
bastarnus,0.9328488
proinde,0.9537555
dardani,0.9125664
dardania,0.893273
scordiscus,0.91982436
euentum,0.9428449
accommodo,0.9528177
sublo,0.96912277
reliquia,0.9328237
delphus,0.97483945
perimo,0.97903645
creberrimus,0.8483276
grando,0.9600042
fragor,0.98616356
tonitrus,0.9657863
fulgur,0.9749829
praestringo,0.9627484
mico,0.9892756
praealtus,0.9273703
improvidus,0.8026117
naufragium,0.9824255
dissensio,0.97387457
firmo,0.9819416
iunus,0.9529543
curuus,0.9873386
fonteius,0.916345
capitus,0.7107351
servilium,0.958942
caepio,0.9757753
lectisternium,0.83454835
lanx,0.9432703
integumentum,0.88618565
iovum,0.92452955
appono,0.9814667
decido,0.9670817
olea,0.9780419
praegusto,0.9071985
mus,0.95641124
uerdeo,0.79565704
praedor,0.9666444
cupidus,0.984814
pergratus,0.8166763
tantillus,0.8864286
catellus,0.8412501
sat,0.96215475
ancona,0.7995261
missa,0.7473856
oppositus,0.9759201
aquator,0.54692817
militus,0.5137868
inualidus,0.9781823
mercor,0.96833074
manipulus,0.95929646
matutinus,0.9674367
tepor,0.97236055
perluceo,0.93548423
frustror,0.93996865
obscurum,0.97048444
incidens,0.92613107
remaneo,0.97538865
armor,0.97483945
atrociter,0.93429184
quaestorium,0.84523255
quintanus,0.7956624
liberalus,0.76979303
scapha,0.9734628
nauigium,0.9651756
obsisto,0.9752188
submoueo,0.9495753
recipiendus,0.9434569
pabulum,0.9848062
proico,0.89554185
cipio,0.7889209
alacritas,0.96854013
adhortatio,0.95525247
citor,0.84434843
atus,0.7246053
fortitudo,0.89262426
conitor,0.9643054
aelius,0.9321843
histror,0.8511729
somnus,0.99073577
arripio,0.98060143
plurimus,0.98350644
temulentus,0.95948136
novellus,0.57744956
impleo,0.96785426
indigo,0.6896488
conscripo,0.8218532
socerus,0.8118945
cassio,0.86089957
tumultuor,0.96333516
ariminum,0.92481345
adfectus,0.9580653
papirius,0.96510386
turdus,0.9606537
lacero,0.9894786
namque,0.9854907
reuerto,0.9507952
bellonus,0.8931423
hoc,0.78802145
sardo,0.85111415
miserabilis,0.9829128
lycius,0.9187948
conlatus,0.96376854
praeclarus,0.96151716
dehonesto,0.8737957
usurpo,0.97186047
ispanis,0.863044
tantumdem,0.91884834
interrogatio,0.9679654
hercule,0.92989165
prudenter,0.9513381
fortiter,0.9700531
nequior,0.9252434
inconsulte,0.91824484
reddeo,0.91682625
hisce,0.8323324
tuberoum,0.8638773
numisio,0.5646432
gnor,0.89092416
aegroto,0.9552305
fregella,0.91646564
uiritim,0.95960534
sperno,0.98641163
migratio,0.87976384
exoro,0.9561399
crustuminus,0.7967285
truncus,0.9736402
quadrupes,0.97458786
anguis,0.9901178
puteo,0.95264745
consector,0.9544015
kalies,0.643615
nouember,0.89760244
dictator,0.96941215
interrex,0.66667527
quiue,0.96080714
iurandum,0.962188
qitulum,0.9378523
perseueranter,0.9029069
diffugio,0.98082256
nuncupatus,0.75540066
obiecto,0.9698886
nuncupo,0.92741567
catena,0.9876489
iu,0.7245495
insuper,0.9438689
inrideo,0.96123004
aepulus,0.47284466
praeterfluo,0.87394094
aquatio,0.79883134
miraculum,0.95070386
comploratio,0.88628554
mutilo,0.9262963
exscidio,0.89907277
aceruus,0.9774973
transduco,0.9099058
campestr,0.8830445
bos,0.97681576
campania,0.9751864
uacca,0.9643045
syracusa,0.9247046
aberro,0.9423851
adspersus,0.76380515
alendus,0.95255655
dus,0.9060897
spectames,0.50901264
erilis,0.9088447
conloco,0.98015857
ero,0.7651142
diligenter,0.97471356
transuerto,0.9610329
limes,0.9834646
allo,0.8262944
laena,0.85242224
aquilius,0.91805065
iocur,0.89937776
gula,0.93752867
uenter,0.98187876
modeste,0.9733829
diffluo,0.93922806
olla,0.965685
extum,0.9729582
iecur,0.97655183
inenarrabilis,0.9472766
recordor,0.9212228
ignauus,0.9867072
uerber,0.98984265
mola,0.97801197
ignauius,0.7339802
continuatio,0.9472867
traditio,0.8990478
nouitas,0.98001784
inbuo,0.9583652
licinium,0.8613124
propterea,0.9078376
magus,0.93383336
facilius,0.6050422
uerbus,0.9595221
molitus,0.89633596
quiritium,0.90403306
reieco,0.9030499
ingrauesco,0.93972814
cumus,0.5941671
magnifico,0.8691874
elaeo,0.7991085
sextilis,0.92602116
tusculum,0.91401696
gabius,0.9172256
grauiscus,0.6514913
instauratio,0.9039055
scripno,0.9403757
alpus,0.8389544
exactus,0.943287
sempronus,0.843422
inmortalis,0.9275706
occipio,0.910561
opportuna,0.6671844
seeus,0.7599501
collecio,0.9300185
defensurus,0.7820253
ingenitus,0.9473928
laceratio,0.8969105
satio,0.9898785
animo,0.9733981
inanimus,0.73014545
promereo,0.950098
auspico,0.939254
dorsum,0.97462106
inmemor,0.96486837
ambiguitas,0.9651963
omino,0.7710132
traiectus,0.9305753
occulto,0.9849683
deturbo,0.95967215
eventum,0.92873853
pullarius,0.80179024
ordinarius,0.94855213
subnixus,0.95686984
bifarius,0.9541365
circumsido,0.7249478
circumduo,0.7627324
erro,0.9896714
familiariter,0.96353316
ludifico,0.9105277
esca,0.97118616
simpliciter,0.96570987
honestus,0.975808
marmor,0.9833023
cyzicus,0.88585496
penetralis,0.97343135
uescor,0.9557264
magnificentia,0.94479316
olympius,0.91736865
athen,0.93475056
incoho,0.9597489
delum,0.7190831
capitolinus,0.9409658
tan,0.91029936
sa,0.90572023
atilium,0.93942046
corsica,0.84192
philus,0.78314936
ingruo,0.96497595
longinquum,0.7488779
quartanus,0.9226047
insepultus,0.9516368
cadauer,0.9836483
servilo,0.91375995
paetus,0.8852147
mamilius,0.93006957
curio,0.930674
ueturius,0.9181372
sempronianus,0.80939007
uti,0.7386837
sibyllini,0.94877446
concipio,0.9831694
feria,0.7911049
biceps,0.8945018
unimanus,0.6687801
auximus,0.71814543
arcus,0.9787847
serenus,0.9902487
saturnum,0.9683391
effulgeo,0.9669411
conperior,0.94207233
aesculapus,0.89770645
oetaeus,0.847893
tumultuosus,0.96448326
delpha,0.89157957
concilio,0.97770536
debueo,0.5414531
interdico,0.975386
conprendo,0.875996
maxumus,0.9120899
callicras,0.8129815
sapienter,0.94000685
medicina,0.9732814
sublimis,0.98120695
bestia,0.9716053
inesco,0.76600945
seruulus,0.96155626
futurum,0.63806903
maternus,0.9733536
inmitto,0.9689267
depulsus,0.97317624
hucen,0.87509125
floccus,0.8254852
usurpatio,0.94585985
insoleo,0.8693396
temptatio,0.82385635
egeo,0.9847634
hospitium,0.98517585
inmisceo,0.8912797
inmo,0.8039503
dissentio,0.9709982
macedones,0.9520947
infirmus,0.96077216
execrabilis,0.9503963
dissertio,0.6683049
dubito,0.9822575
coniunctio,0.96095407
inligo,0.95039845
interdictio,0.51452947
cieo,0.98591775
sublimo,0.95651305
adsendo,0.919392
offensio,0.9627978
semet,0.9538302
internecio,0.9459659
reconcilio,0.9306968
eupolemus,0.46547082
inlustro,0.9685228
salutatio,0.95070934
exardeo,0.9796583
memmius,0.94288754
geso,0.9089124
domes,0.82809794
orsus,0.8852116
vigilis,0.9017674
urguens,0.9021112
pando,0.9866631
exaequo,0.9767273
superfuo,0.7480421
eicio,0.9639277
cornelus,0.87504834
germanus,0.97610873
antia,0.5921278
exarsio,0.8952837
glarea,0.9577888
substruo,0.87915546
scaena,0.98001456
dam,0.65976566
meta,0.9790478
saturnus,0.9811853
trigemina,0.8199291
stipes,0.9753371
calatia,0.88147885
locaio,0.5370352
magalis,0.8663593
auia,0.9646935
ianus,0.9796722
regendus,0.9601766
diligens,0.9541394
seuerus,0.6752011
adempo,0.84766114
curro,0.98735106
sabinus,0.8594043
adpeto,0.9574193
n.,0.7809288
saxulum,0.5474955
centus,0.7315736
matutus,0.80815685
indices,0.896973
uoltus,0.9142306
praenestinus,0.97309756
honorifice,0.8804736
praenesta,0.944456
quaerito,0.8707819
instrumentum,0.9384399
comitor,0.9753351
impensus,0.96975553
etiamsi,0.9649832
modestus,0.94616485
timidus,0.988514
expectatio,0.9611553
pullus,0.9699114
enascor,0.92871314
remeo,0.9813491
lapido,0.8662154
pomptinus,0.9146563
lucustae,0.78779155
cooperio,0.94505024
aratrum,0.99004227
existens,0.8329066
glaeba,0.94048774
inspego,0.7724775
genius,0.97463584
circumsisto,0.94170135
lacinia,0.9050765
tegula,0.97398317
dimidius,0.9672398
asporto,0.94566244
censorius,0.9612315
sacrilegium,0.9535834
accersitus,0.920378
foede,0.91096854
culmen,0.9816817
tectum,0.9902637
putrefacio,0.9249444
sarcio,0.93182176
redemptor,0.8508048
uaco,0.9809839
cassius,0.970125
parrum,0.6926411
apuleius,0.92229784
salonis,0.65190816
uoluo,0.9918714
tollendus,0.9380028
promissum,0.98081994
infamo,0.9769212
commendabilis,0.8716531
faenus,0.9550583
grauo,0.9816011
solutio,0.93499565
corinthus,0.95358956
commentarius,0.95970464
renovo,0.9407003
lutas,0.944468
cerco,0.4764161
sulco,0.97331375
apollonius,0.913858
affero,0.97639084
quingentus,0.62232333
comitas,0.95795745
syrius,0.9726785
moneta,0.9317937
carystus,0.9392178
struo,0.98658
comminor,0.84501904
traienco,0.5322789
obieco,0.9011958
peruicax,0.9431224
collicio,0.72097754
emptor,0.9723123
recipero,0.944173
uincendus,0.9371406
adflictus,0.95921063
ferocia,0.95514846
lenior,0.96024346
erus,0.85119945
nescioquis,0.8333087
pennus,0.67484957
aerarius,0.90968
suppetiae,0.93666327
lucusta,0.8895961
pestis,0.9812232
decresco,0.9671154
popilium,0.81221837
lucretio,0.8701131
irascor,0.97543746
administratio,0.93761545
indicandus,0.8237708
coram,0.8954165
fatum,0.99372566
hereditaris,0.8842196
iamia,0.979776
floreo,0.9862687
uigeo,0.97110426
inuetero,0.94183564
contubernium,0.9739492
adsuetum,0.9525129
admirandus,0.9617052
successus,0.9823213
gratulatio,0.973364
boeotus,0.88561815
thebus,0.9783464
delium,0.9036803
intento,0.9576494
fuls,0.51137686
frumentor,0.7070084
armamentarium,0.90546227
perennis,0.9716966
subiego,0.879588
cupidior,0.94401896
compertus,0.9394426
thebanus,0.9811076
libere,0.9612304
traieci,0.7885639
insignio,0.92387813
fungor,0.9839908
exonero,0.9439445
ferocium,0.90946895
harpalis,0.71538097
sedulus,0.9126264
intemperans,0.9402595
conspiratio,0.9535638
amplissimus,0.95915556
harpalus,0.66616195
hospeo,0.41888666
evander,0.89246243
maceria,0.9290415
exto,0.9737109
fundamentum,0.9585979
labes,0.9617085
satelles,0.98533696
angustius,0.8650409
deuoluo,0.9172734
umerus,0.9900297
decliuis,0.9589869
inpavidus,0.83455145
parnasi,0.9422985
uolnus,0.91004336
calor,0.9796889
praecordia,0.9872316
uicio,0.95467424
inconsultus,0.96970993
consulte,0.9079201
compos,0.96226597
corinthum,0.96444464
corintho,0.95342076
aegina,0.7452047
celere,0.82493734
immaturus,0.97834456
festinatio,0.97092813
congruentia,0.8737071
brundisinus,0.8629983
delator,0.9614418
exter,0.8958051
notitia,0.97351915
perfamiliaris,0.8541485
comparatio,0.95518637
conscius,0.98506856
efficacia,0.82312775
sementis,0.9332595
pugnus,0.9430579
experimentum,0.9780804
grassor,0.9796272
sicine,0.90371025
occupandus,0.9488982
recognitio,0.7926487
postumus,0.9123374
maedus,0.731338
ao,0.8120272
adsumptus,0.96316767
gaudo,0.9239705
sollicitas,0.8346406
rostratus,0.9639534
imum,0.965888
decemvio,0.9447666
obsecratio,0.90923804
prolatio,0.8840999
intereo,0.9728664
portendo,0.9780092
saturnius,0.93164045
asinus,0.97785974
divinus,0.93249965
obsequor,0.97257733
aungo,0.88851804
incito,0.9830126
increpeo,0.8352394
scilla,0.9431735
iuratus,0.94267404
marcia,0.7203076
plebiscio,0.79481333
detractatio,0.7195807
introeo,0.96299803
tractus,0.9837096
padus,0.9680192
transductus,0.7921469
popilia,0.47045422
ino,0.5249593
fallax,0.9872974
inligatus,0.9465662
numidae,0.9259337
disertus,0.9722174
gt,0.89469814
auaritia,0.97540486
scelestis,0.89252245
rapax,0.96497536
delictum,0.9595524
satius,0.9611093
acerbissimus,0.9482081
carnifex,0.97576284
procumbo,0.9840896
stratum,0.9600596
postulatum,0.91018414
carthaginiensium,0.95416474
numidia,0.9541958
observo,0.9617604
annius,0.83889043
conloquium,0.96152174
satisfacio,0.96409655
aecus,0.8471159
inclementer,0.82143635
fremo,0.9838209
proripio,0.963738
hospitaliter,0.85542905
usura,0.92099684
questus,0.95998657
lautia,0.8535604
haesito,0.9672617
existumo,0.84975046
uolgo,0.95677793
explo,0.84289366
nomus,0.93438506
coemo,0.9260991
calabria,0.92099833
pecto,0.92135763
duodecimus,0.9683231
laonginus,0.8765689
sicilis,0.8437233
papus,0.5412884
laqueus,0.97601783
dependeo,0.95341444
domis,0.94828063
cassium,0.959515
adfinitas,0.97349554
consocio,0.95123816
inmineo,0.9591679
pueritia,0.9854686
inertia,0.9642019
coelus,0.71609277
existumao,0.81742054
alienum,0.8555275
iuvao,0.703635
penis,0.92650217
pr,0.8687429
inmodicus,0.97094244
nauo,0.9182821
adulatio,0.95592105
uentosus,0.9792553
aura,0.99126077
optio,0.9634441
utr,0.69501793
fautor,0.9665841
lectisternis,0.8534312
ominor,0.729571
propagatio,0.8384075
faustus,0.9701282
felix,0.97671306
seco,0.9899421
aequaliter,0.9653868
italius,0.9659693
partio,0.9786589
subueho,0.9289012
alterus,0.7591027
caninis,0.7594775
tempeo,0.50313485
subsellium,0.9682173
adtribuo,0.9609836
uacatio,0.95682603
sabina,0.9240869
tugurium,0.9692447
uirilis,0.97933257
praetexto,0.55605507
aurelium,0.84778976
gregarius,0.9210956
acrior,0.963423
spectator,0.95837164
adsignatus,0.93205047
annuus,0.98746645
tricies,0.9215305
ciuicus,0.971609
commilito,0.968974
appellatio,0.9492944
locum,0.95094764
conlaudo,0.9257635
kalendae,0.9330241
nerua,0.8970952
carvilis,0.68281484
quandoquidem,0.9319057
captus,0.91910833
liceo,0.97603106
undecimus,0.97164196
nymphaeus,0.43767563
tutior,0.9440656
obeo,0.9735524
retento,0.95527065
perlicio,0.82135
hiemps,0.9829886
boeotia,0.95734704
adspicio,0.92369616
antiocheus,0.9134352
epio,0.9421744
oreso,0.60620844
acarnanis,0.9312295
pollicitatio,0.9121936
corrigo,0.97974586
liberalitas,0.9637908
ismenia,0.85106385
enixe,0.8969807
adiuo,0.84154963
necessitudo,0.9642856
peneus,0.9231416
stipo,0.9841345
cunctatio,0.97031903
cunctor,0.98642814
adiuro,0.90319526
desidero,0.9755066
rumpo,0.9932835
renouao,0.6378131
interfector,0.97502244
pigeo,0.9891402
conuicior,0.93349004
eumen,0.9191412
mentior,0.98272705
requiro,0.98353505
fato,0.95678246
propulso,0.97032803
amphipolis,0.90466344
persecutus,0.96756405
foedero,0.8934938
inpositum,0.92238086
sacrificor,0.80256575
persoluo,0.97262377
qualiacum,0.87744844
marcus,0.9407117
detorqueo,0.95465875
impo,0.85161036
inprudentia,0.9573902
insanabilis,0.9570633
grauitas,0.9587213
expostulatio,0.5725707
adsensum,0.90842664
gravo,0.7904377
displiceo,0.984836
thespia,0.84802526
revoco,0.92992246
larisus,0.7718669
boeotius,0.9321201
circum,0.98707414
accurate,0.929196
parandus,0.9312159
refico,0.95635515
expectatus,0.9274274
excello,0.9727438
mutandus,0.9450487
diiungo,0.9169428
messenium,0.7292788
coronea,0.53044003
exprimo,0.9831625
instruco,0.97239786
paratior,0.7989159
instructior,0.86093736
distraho,0.9246539
adprobo,0.96396506
astus,0.9720549
uersutia,0.71588445
calliditas,0.9685143
confessio,0.95729685
utilis,0.9729117
honestum,0.94210863
probabiliter,0.9297126
quinqueremes,0.86434317
triremis,0.8957174
locrus,0.9095911
ionium,0.95562816
dyrrhachium,0.91953635
nanctus,0.97294235
comparatus,0.8984962
neapolis,0.8867037
mars,0.97826153
inscitia,0.9676405
praebo,0.84083635
manlum,0.5324854
transueho,0.95870864
timendus,0.97644556
ceruix,0.9893093
praepotens,0.94543904
progenies,0.9866837
propincus,0.75968266
sicubi,0.96717036
concedendus,0.8745644
extorer,0.8942985
samothracia,0.8563235
superss,0.96374583
admirabiliter,0.81314766
adfectans,0.9396423
turpus,0.95659924
pella,0.9289
citium,0.535184
regaliter,0.7085891
purpuratus,0.8427426
hippius,0.89133394
delecto,0.97049344
paeo,0.6916648
admixtus,0.95385176
incolus,0.95380247
paeus,0.45511007
asclepiodotus,0.9278625
heraclea,0.66189075
marsuppium,0.8726382
uiaticum,0.9323594
susus,0.79644334
lycus,0.91912574
uicesimus,0.9563781
adsiduo,0.98683405
adfor,0.92464846
medito,0.91386294
adoptio,0.9529803
naturalis,0.9687703
cohortatus,0.5458021
eq,0.62451506
tiro,0.96977365
eruditus,0.9584725
subago,0.909156
lydus,0.9286205
phryga,0.88366914
pauper,0.9681184
sepono,0.9739479
praeparandus,0.940964
incognitus,0.9713114
aperuo,0.5853779
india,0.9705598
succlamo,0.89093906
uociferatio,0.96340454
pollicor,0.6729065
acno,0.5929907
angusto,0.9800631
tripolis,0.87126815
incolas,0.83313686
iaculo,0.79863304
difficulter,0.9691888
uenum,0.9096769
mirus,0.976866
suos,0.8574241
hippia,0.9155957
praetergredior,0.9095795
firmior,0.9533533
ossa,0.8459058
salubritas,0.9664035
requies,0.9557714
refeco,0.90095997
scaea,0.76016843
creticus,0.97540885
maleus,0.6825753
nauigatio,0.9669174
infirmitas,0.9528624
obsidium,0.9580629
creusa,0.921266
pontus,0.9918598
chalcedo,0.5727344
rhodia,0.68081194
quadriremis,0.8011807
iuuandus,0.89814913
poss,0.81162673
uastatio,0.94032
setius,0.9459234
somnium,0.9797143
iaculatus,0.9515351
myss,0.7182974
ubiubi,0.75618994
dubitatio,0.9395383
oborior,0.97472435
tentorium,0.9637694
callinicus,0.85773295
midus,0.93838525
menus,0.44638956
patrocles,0.7923509
iaculator,0.9280721
intermisceo,0.8919246
claustrum,0.981457
succido,0.96275413
diiunctus,0.78309315
sensis,0.9568898
phalanx,0.95752406
accurro,0.9804002
pronus,0.98925304
clamo,0.9463582
insolens,0.97235644
conspcio,0.77555203
loricus,0.95115733
thorax,0.95666695
galea,0.9821899
amplus,0.9802843
praeiudicatus,0.888756
seminarium,0.9807663
subtractus,0.70185506
naufragus,0.9720831
nato,0.9816085
pedestris,0.799242
infitia,0.9613563
alacer,0.98165166
decus,0.98941994
phalanga,0.83661854
glos,0.7127446
numidus,0.91502357
eueho,0.9658714
inreuocabilis,0.93999875
serenitas,0.81531537
mollior,0.97098476
comprobatus,0.915642
moderor,0.88930494
moer,0.9333254
fastidio,0.9805465
desperatus,0.93570375
iunior,0.85258657
arietes,0.9214946
urgueo,0.96803266
lentus,0.9755963
corruo,0.9618268
defensor,0.9573156
poesis,0.87654454
aridus,0.97541434
sarmentum,0.9857525
saepes,0.94088835
intersaeptus,0.8147452
inpedeo,0.46109095
fumo,0.98423195
uirgultum,0.9508144
coena,0.91860175
prandium,0.96830505
impubes,0.8923328
spica,0.96654195
falx,0.98081326
deseco,0.9578632
purior,0.9003241
stramentum,0.95809007
tn,0.954582
oppresdo,0.3581519
procursator,0.82794464
herclne,0.8841982
demeto,0.91437924
seges,0.99183905
longinquitas,0.9654807
equites,0.8602065
offensus,0.9717071
meto,0.9594697
adcelero,0.95348185
onustus,0.9727322
custodiendus,0.95379794
ducendus,0.9405172
pompeius,0.98628753
impar,0.98319006
denso,0.98788595
procurso,0.7787453
spiculum,0.986295
hastile,0.97387815
infigo,0.9529902
crassitudo,0.9124768
digitum,0.96429545
nisus,0.9771806
roto,0.9826862
circumsideo,0.8161805
adiecio,0.94992155
numidar,0.9497916
recreo,0.9780928
fortuitus,0.9689871
anteuenio,0.90000534
antimachus,0.86537194
expectans,0.9425224
circiter,0.9201657
sepultura,0.9846689
timotheus,0.8964736
tutissimus,0.9597636
decursus,0.95882034
speculum,0.9722638
inexpugnabilis,0.9753882
flexus,0.98638403
demetria,0.7140536
magnesium,0.88752353
illyricum,0.97539407
conpello,0.87806517
obsidendus,0.89125144
ingresdo,0.957543
infesto,0.95971704
c,0.91409874
recuperator,0.72574985
amplio,0.96888053
consimilis,0.97550035
praenestis,0.92925507
conubium,0.98528135
oceanus,0.99125504
dissimilis,0.97859603
noscito,0.89907074
cla,0.9375589
amentia,0.97937113
crudele,0.91475546
auare,0.8872782
lucretium,0.9542757
inexploro,0.9070505
manubia,0.95916086
hortensis,0.7832041
fleo,0.980349
excidium,0.9806846
hortensio,0.84724605
alpinus,0.9627739
regresdo,0.940706
rapina,0.9822199
iniuris,0.7710609
eloquor,0.9598913
torqu,0.7700589
phalero,0.76451313
agaso,0.8200779
sagulum,0.7990465
laelus,0.9063432
blasio,0.7068031
sterilis,0.98605597
aro,0.97991085
pollico,0.87379277
anniuersarius,0.8594234
recido,0.961857
uelio,0.71585286
lampsacenus,0.76242334
pollicitum,0.8646537
interea,0.9785598
chalcidensis,0.88247716
lectica,0.9633881
introfero,0.75725126
relicus,0.89172715
compilo,0.86515856
lucretum,0.8959039
uersor,0.9703717
iuventer,0.77562314
aufidius,0.88186675
perueho,0.93101555
impositus,0.97499985
conrogo,0.8931501
lychnis,0.7702186
ululo,0.91075766
inmixtus,0.85991836
multiplex,0.9674721
obiengo,0.92438245
ueritus,0.8995418
febr,0.99457395
figulus,0.92446506
ambitio,0.97427905
italis,0.9426779
intercalo,0.9192797
terminalis,0.85468125
torquatus,0.93942094
liuis,0.5715482
nescius,0.98575705
portendeo,0.9242711
confringo,0.9405217
egoquidem,0.60094655
uetustas,0.9759813
suscipiendus,0.9195502
censuo,0.8583076
affulgeo,0.8404496
cuma,0.9245941
aeditus,0.894049
primigenius,0.90346473
ado,0.7538063
exhibeo,0.9506717
approbatio,0.7723721
suggillatio,0.87407535
adiuvao,0.8841054
censendus,0.84244597
stulte,0.9769199
imprudens,0.9759089
decreveo,0.8738132
patiens,0.9485357
deliro,0.92989
commemini,0.90353584
semul,0.69393647
tributum,0.9739666
conductio,0.95153326
rutilius,0.8095833
nanco,0.91722023
dissuadeo,0.92150956
obstrepo,0.96729636
audientia,0.86592245
cio,0.94732934
perduellio,0.9509327
october,0.9512731
obsigno,0.9494704
tabella,0.9565581
tabularium,0.89348984
anulus,0.978426
octavius,0.89470714
theba,0.92848986
circumfero,0.97277665
aegis,0.9348149
fidissimus,0.9614303
postulatus,0.8646033
ig,0.80849
salueo,0.9107944
inrumpo,0.97586906
bruma,0.98536295
intermissio,0.9234738
propugnator,0.9686703
carvilius,0.8877996
spoletinus,0.86520624
opportunis,0.7735103
celerior,0.80924207
ericio,0.9191835
arto,0.97513485
circumuallo,0.9126237
iniunctus,0.91881394
inpetus,0.91736144
pubes,0.9838816
darda,0.87114966
gentius,0.89884543
accitus,0.95330346
rettulo,0.7439065
glaucius,0.8080118
coelius,0.9035563
fregellanus,0.9216107
dyrrachium,0.9358356
chaonus,0.63392156
stratus,0.8940507
ualidissimus,0.9623468
inachus,0.8888401
nicaeus,0.86402607
emetior,0.9702072
stror,0.93512374
mobilis,0.95509785
progno,0.3844479
archido,0.9085455
obsessis,0.79017866
iuvenus,0.95811427
philostratus,0.7657647
dc,0.49769524
depopulatio,0.84454215
populator,0.81917024
prognatus,0.9394989
chaonum,0.76808965
actium,0.93098104
leuco,0.50571203
formo,0.9818499
praeripio,0.9639649
invi,0.62178403
complectens,0.68502784
menstruum,0.96684116
sus,0.96695876
resto,0.98656636
posiio,0.8852825
suspico,0.7114045
insido,0.9699614
iuve,0.86483765
asclepiodoet,0.82351756
lapathus,0.8795022
obtorpesco,0.8389908
percurro,0.98243463
praemissis,0.6841252
poso,0.8937529
gemineus,0.7901086
sollicio,0.94629776
prospectus,0.94414556
promptus,0.97188556
uolnero,0.716712
temerarius,0.9784269
incursus,0.966443
inlatus,0.96670216
inrito,0.918485
anfractus,0.96429473
iugis,0.84930104
repurgo,0.9148013
elephant,0.96624404
rector,0.96457565
stridor,0.9713341
incutio,0.9809756
procliuis,0.95201206
fastigium,0.9856791
defigo,0.9883928
disto,0.9875058
incumbo,0.9792314
tignum,0.95178246
asso,0.7807492
triceni,0.948495
seuoco,0.7606907
abscido,0.93721884
solidum,0.75480855
conlapsus,0.94353247
clunis,0.9696949
subsido,0.9798659
prouoluo,0.9567734
cauus,0.983539
popiliis,0.75447166
adsuetudo,0.8869487
peritior,0.8046757
adpropinquo,0.9539907
exilio,0.9783956
proicio,0.9651915
pydna,0.9555174
intrepidus,0.98600656
adpropinquans,0.9602528
despicio,0.98309225
uertigo,0.96329683
suapte,0.9667108
characa,0.79899836
angustissimus,0.9258148
furtum,0.94702065
cacumen,0.9865682
ostium,0.9665029
planitia,0.8847576
perexiguus,0.85732573
caeco,0.9153226
stultitia,0.96367574
segnitia,0.9594753
subsum,0.97778785
inmunis,0.94200385
iustior,0.97412395
adgrauo,0.89673805
subuectio,0.84156626
igna,0.9072808
recuperandus,0.89939123
disiecio,0.89081186
decusso,0.8814069
pluuia,0.96968865
proruo,0.90787125
uorago,0.9695016
cauo,0.97082496
alueus,0.98634046
inminens,0.95269525
adpulsus,0.94483405
circensis,0.9790866
humillimus,0.9449112
effusio,0.92382586
conplo,0.60461074
desultor,0.7850156
curriculum,0.9332485
sexageni,0.91558087
apparatior,0.7338725
inductio,0.9232697
elegantior,0.9317008
summissus,0.82187337
nitor,0.98275256
fastigo,0.94191605
testudo,0.9374088
procurro,0.98428696
propugno,0.92992294
laedo,0.99046075
lubrico,0.94124234
horreum,0.9780592
deuersor,0.8787253
obtempero,0.969123
gaza,0.9637306
andronicus,0.9370756
nicia,0.8760509
urinator,0.76690173
extractum,0.94751024
demens,0.98612565
uagus,0.98891485
emico,0.9783112
fertilissimus,0.82866025
tectus,0.9547459
cassander,0.8943931
excurro,0.9673115
obuerto,0.9446763
magnesia,0.73180306
ceruus,0.97101206
euripus,0.9141382
complendus,0.8108454
regero,0.91340554
transfodio,0.91392756
cassandree,0.5631456
contemno,0.98239434
bellicosus,0.9572331
perfossus,0.5775839
aliunde,0.9299308
interfcio,0.91162837
salum,0.9619953
inrio,0.83769476
sycophanta,0.8923847
meliboeus,0.75565886
meliboea,0.7901008
oppugnator,0.82302004
cydo,0.88464427
tracto,0.98138636
abscessus,0.7962784
oreus,0.58722353
aptissimus,0.9436462
indigno,0.6674611
lac,0.9846396
torquis,0.9555657
patera,0.9602269
cella,0.9667117
prŏfitens,0.8371223
polliceo,0.71601707
incommodum,0.9771288
iuvor,0.72961175
considero,0.96408117
etiamna,0.92010397
magniloquentia,0.700254
pecu,0.90722936
numidicus,0.94981754
tunica,0.9683125
onesimus,0.6948384
python,0.92919165
perlego,0.9737301
transfugio,0.95833033
taro,0.7881491
seuerior,0.94080234
ademptus,0.8115665
uiolenter,0.8961272
attributum,0.89669675
lanienus,0.7646965
balbus,0.93924
heluus,0.8298555
carbo,0.92314684
referendus,0.9536333
domitius,0.92700094
martialis,0.9227979
nasicus,0.8068987
ursus,0.9519915
relaio,0.85053563
aprilis,0.9279995
cleopatra,0.9510232
sordidatus,0.8777627
barba,0.9833503
pelusium,0.9452719
nilus,0.9850422
alexandrea,0.9451472
alexandrinus,0.9315438
uesper,0.94846416
emolumentum,0.9362912
intericio,0.93463326
distino,0.64301157
anicium,0.8267752
credulitas,0.96637565
debilito,0.9712296
intrandus,0.7725774
ponendus,0.96306413
syracusus,0.96843654
denego,0.93921804
guberno,0.9697182
loquacitas,0.9586097
castrensis,0.9568981
olympio,0.8284909
moschus,0.8442843
itidem,0.877188
parmenium,0.88406426
thensauer,0.8748045
metrodorus,0.9471646
subico,0.91300756
ficio,0.9440336
occultior,0.9265134
intimus,0.9457129
conlocutus,0.87423384
quidve,0.95129454
uelo,0.9781639
aemulatio,0.9650019
apiscor,0.8217803
promptis,0.8960491
sordidus,0.98775524
protraho,0.9719486
desudo,0.9155671
axius,0.7095872
ambages,0.97924614
excindo,0.84734
mediocriter,0.9597535
perpenna,0.9010974
vito,0.8738146
antenor,0.94733167
adiecno,0.6508575
cyclada,0.8957819
athus,0.9549807
placidus,0.99132776
sigeus,0.84660953
interiego,0.8181144
utina,0.9413928
possio,0.8915291
specula,0.949193
erythra,0.8812953
artissimus,0.94229233
prora,0.9818046
inhabilis,0.88665634
eno,0.82456565
accessus,0.9709008
commodior,0.97796106
adipio,0.92647016
absumpio,0.8668404
eveco,0.8750629
delus,0.9594853
sanctitas,0.94105935
cyclas,0.80177915
supprimo,0.9517429
ignobilitas,0.90250844
suspego,0.8478903
impiger,0.9560527
simillimum,0.89284337
uirgo,0.9799468
uiolentia,0.9683523
intemperantia,0.9575941
uiolator,0.89382374
bellu,0.6775881
anicius,0.9133233
appium,0.92400134
to,0.90406096
inclinatio,0.8651651
munitissimus,0.888777
praefluo,0.72089374
oreo,0.93758535
confluens,0.937541
oriuo,0.8038288
oriens,0.9627504
ualiio,0.4040304
reticeo,0.9668511
conglobo,0.93693656
euanesco,0.9444257
secundo,0.96033424
meteo,0.8793216
mina,0.95351326
aduento,0.97491556
adplico,0.9566331
histiaeus,0.8244936
siccus,0.98296255
cibarium,0.97055614
emergo,0.9684467
riuus,0.9839413
latex,0.9892413
uena,0.96978915
permano,0.86481214
unda,0.99374634
diduco,0.9693915
scaturrigi,0.7731888
turbidus,0.98358285
liquidus,0.98558307
contemplo,0.95524454
descensus,0.91748214
pilo,0.93766385
secretum,0.9207717
uigilo,0.97626925
uigilao,0.9088615
galeatus,0.8966193
innitor,0.9559379
margo,0.96942425
fulgeo,0.98796725
freno,0.97093004
aestiuus,0.96775997
aestus,0.992481
languor,0.97032315
advoco,0.8767429
salutaris,0.9374497
disco,0.9897528
aceo,0.9293215
buccula,0.831141
lorica,0.96541554
agilitas,0.9125272
mucro,0.9779883
mediocris,0.9827518
iniquior,0.9155905
pacifico,0.88021374
munitior,0.7963233
distringo,0.9409865
coenus,0.67379975
menophilus,0.42509297
nota,0.7193413
iaculum,0.9598918
accerseo,0.59215575
detineo,0.96582437
stabilio,0.9225005
ligusticus,0.63116974
sere,0.935665
solstitium,0.9792159
adpareo,0.91668075
abicor,0.9114568
incresco,0.9559858
nigo,0.8140154
metor,0.9499952
flagrantus,0.9094692
adprobans,0.7456073
admonitio,0.9472403
conticeo,0.97048926
conlocatus,0.9322311
senesco,0.9727234
obscuro,0.9721025
september,0.95326614
discessus,0.97269046
detractans,0.867328
exeundus,0.62047774
intempestiuus,0.9731761
denudo,0.9458778
carpo,0.9922776
paeniteo,0.97469777
ignavus,0.7960528
hodiernus,0.9158466
crastinus,0.9698672
fatigavi,0.74424195
madeo,0.9861064
iners,0.9898007
inbellis,0.9486126
fortus,0.91092443
conposeo,0.8082712
incomposio,0.75049144
oppono,0.97584337
mansuer,0.74544376
educio,0.6553655
optatior,0.79904115
po,0.965886
polleo,0.98120487
aquor,0.86244315
samnitium,0.93453103
sergius,0.93374556
silus,0.7076402
uestinus,0.90617675
tenus,0.96321464
iuveni,0.92080903
munium,0.9449004
edissero,0.9392311
evidentus,0.6355991
disicio,0.9652971
carptim,0.923439
adgredio,0.8103962
inmobilis,0.9549738
induo,0.96436834
abiicio,0.9771596
alis,0.98319256
odrysar,0.79842925
suppliciter,0.96298075
nandus,0.8985796
obtero,0.9427255
elido,0.9761483
mercatus,0.9273826
deerro,0.8415998
neo,0.91061306
nepos,0.97029257
sospis,0.8111269
diodorus,0.8933299
emathius,0.8173077
supremus,0.982895
strymonis,0.9041573
caduceum,0.8001246
beroeaus,0.8045186
compulsus,0.94188786
solon,0.8893056
amphipolitanus,0.80240786
delo,0.9560836
praepedo,0.8549934
ingemuo,0.8029187
ferocius,0.8268537
strymo,0.8087589
diripiendus,0.9249584
mergo,0.98765576
caduceator,0.92119604
octauius,0.8743919
umor,0.9865998
facillimus,0.9290297
effugium,0.9273273
quiuis,0.96746385
orbus,0.98308337
murmur,0.9916246
incerno,0.9131458
plaudo,0.98183036
fabi,0.87966245
augurium,0.97900945
tabellarius,0.8960855
laureatus,0.8973681
reueho,0.95141864
forus,0.74782246
septuennus,0.860016
laetum,0.9667883
dimittendus,0.85081315
peteo,0.89589226
da,0.96314484
postilel,0.48116744
iuravo,0.49961585
stolidus,0.9768955
sestertium,0.9672592
inlacrimo,0.92513454
miseratio,0.9268596
antonius,0.9283155
inlustris,0.9754616
samothrax,0.80556536
inviolo,0.91151047
homicida,0.943251
praefatio,0.9159136
purus,0.98356056
cruentum,0.8770698
evandr,0.6146864
delpho,0.95824826
inmerito,0.9750017
nefor,0.93757915
abnuo,0.964165
sanctissimus,0.95067215
conscindo,0.87295866
abalieno,0.94032806
mercatura,0.8870281
transitio,0.90499
thessalonicendo,0.84837925
octauio,0.8780367
praetorius,0.9400869
octave,0.59999365
avus,0.8793401
amictus,0.98419964
miserabilior,0.73038936
porrigo,0.9865353
percontatio,0.8416108
geo,0.8593563
mutatio,0.9812392
prospera,0.9126745
flatus,0.98590964
quadriennium,0.95318997
incluo,0.88970125
uicensimus,0.8231896
caranum,0.8005253
superfundo,0.9110788
tredecimm,0.8966962
persa,0.97638714
inmensus,0.97884786
rubrus,0.9620271
distraco,0.71036065
navigo,0.8398131
praeteruehor,0.8895723
perpello,0.9337292
trux,0.9893172
moderatus,0.94678146
concitor,0.93459487
uenalis,0.9850815
adsentatio,0.9416253
uersura,0.70970565
exequor,0.9529338
memphus,0.93982124
repugno,0.97892404
adtenuatus,0.8818139
cyprus,0.9658616
nilis,0.98046106
arabia,0.97395635
circumscribo,0.96900046
obstupefacio,0.9476007
uiolentus,0.98209846
papinus,0.6820447
papiris,0.8707287
gratulo,0.8204744
papirium,0.9232298
lunensis,0.79874
musca,0.9500859
puteolus,0.9598529
gratior,0.924713
rubor,0.97249675
dominium,0.88368213
prouenio,0.96973765
iovus,0.93028164
grates,0.9770429
acio,0.8938736
hannus,0.9259485
hamilcaer,0.97016984
quinquennus,0.70573
adgnosco,0.9541633
queo,0.9869334
moio,0.6755211
cassus,0.93768376
iuvens,0.5614801
penatis,0.9288013
uelium,0.6797968
anagnius,0.8344759
focus,0.9761512
mano,0.89923275
capra,0.97526973
domitium,0.9099522
ahenobarbum,0.8319318
manilis,0.8971176
monosco,0.93915844
uanum,0.9198456
saluber,0.9693119
pestilens,0.9617033
tractatio,0.90849495
inpetrabilis,0.77763
spondeo,0.9774865
monitio,0.8892546
gestio,0.97379214
monitor,0.96849746
tempestiuus,0.9606457
necdus,0.9256288
uentura,0.9330534
erepio,0.7374352
detestabilis,0.96152467
utilitas,0.96551514
partitio,0.9289644
lugeo,0.98236954
pomponius,0.8962147
pecco,0.9698703
deuersorius,0.7686433
servio,0.84747624
messanus,0.91133934
adiutus,0.96409583
traiico,0.4445562
interfectus,0.9285093
periturus,0.92962146
segrego,0.9537929
inperatoer,0.62062323
fortasse,0.97120196
aspernas,0.83249426
imperitus,0.9693223
deprauo,0.9443787
furiosus,0.9511759
appellandus,0.93901825
iracundus,0.96359587
uenero,0.96848774
cunctator,0.95456904
tumidus,0.9915557
insolentior,0.7141744
conparo,0.86671716
conspicor,0.93942183
plecto,0.94082797
paen,0.80906355
funestus,0.9773224
penas,0.9295694
supplix,0.9560661
multeus,0.630339
lenis,0.9751003
copiosus,0.9157695
theodos,0.621264
fraco,0.9651741
ascisco,0.9394674
gabinis,0.9476256
licus,0.65228546
infula,0.95718336
theodotus,0.78941154
conscientia,0.96892536
oppeto,0.92974603
galum,0.75460863
imposo,0.84825516
lebadia,0.74841094
trophonium,0.8775337
sciscito,0.8653463
euripio,0.9057116
agamemnonius,0.7697816
troia,0.9754061
oropus,0.8146792
amoenus,0.9765462
praeses,0.8340003
isthmus,0.9573846
scateo,0.9379641
sicyo,0.92960376
reuello,0.97977203
olympia,0.9403332
liberalis,0.97678113
deposio,0.7448505
abder,0.8055425
bisaltus,0.840333
termino,0.95790905
bor,0.50142425
edetto,0.7693251
bora,0.33272105
confinis,0.938526
prandeo,0.9514748
accumbo,0.96249205
apstulo,0.92153704
animal,0.9860641
indigeo,0.9753634
celeberrimus,0.9686171
pallene,0.76201236
frugifer,0.9559747
acanthus,0.8916923
edessa,0.90271056
beroeus,0.8364171
uettium,0.8323735
lyncesta,0.8746748
frigidus,0.96620053
adulor,0.97449005
callicro,0.60224813
methymnus,0.7675178
legendus,0.9708092
humiliter,0.89872074
numquid,0.9479753
moro,0.9485633
corrector,0.9038205
ludicrum,0.8924043
opulentia,0.9539857
clupeum,0.7894084
aereus,0.9495804
luus,0.9200367
uilitas,0.97338486
uasum,0.8945508
ebur,0.98544186
pellaeus,0.96301514
oricus,0.6803136
decima,0.7883226
ma,0.9352678
exco,0.9492977
adveco,0.88512534
obtrectatio,0.9138886
parcior,0.9579754
auiditas,0.9635117
prenso,0.9518976
imperiosus,0.9494556
suado,0.91882086
iniunctum,0.7325935
liocentia,0.86809325
seditiosus,0.9496925
temerarium,0.8955739
instigo,0.9548024
n,0.94814074
seueritas,0.9751235
servus,0.93899363
tirocinium,0.9292368
documentum,0.92603683
no,0.9877472
uidelicet,0.8928263
obtrecto,0.88823724
nocens,0.96841013
integrior,0.78889126
togatus,0.9697528
abscisus,0.96159434
intentius,0.87381685
locupleto,0.94411796
licentiaa,0.9583186
superuacaneus,0.9300438
incuto,0.81341684
discerpo,0.96625227
auctio,0.8840424
pyrrhos,0.94378483
curius,0.9292558
laureo,0.8155178
abrogo,0.9178192
armum,0.94588494
furtiuus,0.9476774
scitus,0.875227
aueo,0.8770149
negaio,0.8025142
profanum,0.78333056
servius,0.8472074
maledico,0.9419733
prouocatio,0.91238856
cicatrix,0.9754553
adaperio,0.9223693
tumor,0.9589441
inguen,0.9741044
rideo,0.99039495
persedeo,0.70244
pudet,0.98424023
nito,0.9622421
milliens,0.7720139
praeconium,0.97274333
mirabiliter,0.93674016
praediues,0.556816
filum,0.9187853
turmatim,0.85431564
peditus,0.9177648
purpura,0.9840183
quattuordecim,0.980166
prouentus,0.9362718
des,0.9355739
consuesco,0.96780246
capitolum,0.60340935
fabia,0.9306756
consolor,0.9550473
nuncia,0.8732583
miserabiliter,0.8546123
defleo,0.9833814
quadruplex,0.85995185
invisito,0.8690113
praefulgeo,0.9624923
spoletius,0.777725
apollonias,0.60034204
phoebe,0.9841707
dianus,0.9775608
sibyllinus,0.94046944
castus,0.98699635
almus,0.958602
nitidus,0.9883873
ilithyia,0.7327142
lucinus,0.963849
genitalis,0.9651893
diuus,0.95583385
prospero,0.86970425
iugandus,0.61169875
proles,0.97693276
ferax,0.9753206
marito,0.9394783
undenus,0.87748635
uerax,0.9156587
parcus,0.97957647
tellus,0.9919722
spiceus,0.90223247
cerer,0.8745548
nutrio,0.98542
fetus,0.9877268
sidus,0.99501926
bicornis,0.89302075
ilia,0.89773655
tenueo,0.98028845
sospes,0.972216
docilis,0.96814317
iuueno,0.53049284
anchisa,0.92320514
medus,0.9737515
scytha,0.98559994
adparo,0.9172864
beatus,0.9210746
decorus,0.9618207
camena,0.98268175
palatinus,0.89824533
latium,0.98315394
aeuum,0.99128675
phoebi,0.9738624
chorus,0.97187966
phryx,0.9585327
herba,0.9883457
palatium,0.9066241
phoeo,0.9860724
euandris,0.8296826
profuga,0.55287707
fictilis,0.9674786
creueo,0.92856014
opprobrium,0.9495373
casa,0.977205
tarpeius,0.96005344
tono,0.9707288
aduena,0.96559566
remo,0.94481987
praetexo,0.9070861
niteo,0.98926675
pellitus,0.79043126
bucina,0.96249187
pratum,0.98721445
sinuosus,0.95539767
uela,0.9881195
pulpitum,0.96609926
oleo,0.95495194
crocus,0.9290117
tremo,0.9903308
pendulus,0.9682257
faenum,0.9464644
curto,0.80180144
uesto,0.83647525
asellus,0.9863769
macrus,0.9189453
sagino,0.9624275
porcus,0.96158874
calamus,0.97679937
exo,0.9117885
ouum,0.972798
saetosus,0.9359056
arator,0.9730007
lico,0.9728888
lupercus,0.92559755
radio,0.9798678
sudis,0.941053
galeritus,0.6463228
tatio,0.8944888
luceo,0.97343737
suburbanus,0.90538996
fidenus,0.9217503
alumnus,0.98677564
altrix,0.96611667
lupa,0.9705956
profugus,0.9853995
uecto,0.9555205
puppis,0.99410367
abiegnus,0.85718536
decim,0.556126
ueho,0.99289954
uenus,0.9599532
resurgo,0.9247496
iulus,0.95210695
tremula,0.5179
cortina,0.9291297
auentinus,0.95730245
pio,0.9579469
pergameus,0.8519584
longaeuus,0.9574939
priamus,0.99031675
ile,0.9641913
cinis,0.9686518
nutrix,0.9911245
ennius,0.95356494
hirsutus,0.97646403
folium,0.98805046
hedera,0.97288775
tumefacio,0.90643287
superbio,0.91755164
callimaceh,0.8033215
surgo,0.9656439
canto,0.9632733
sudo,0.97763705
propertus,0.8424336
lyra,0.9790122
ferus,0.9923044
clare,0.93371904
archyta,0.9292002
babylonius,0.9499678
horus,0.6397211
proauus,0.96514624
cono,0.8152725
rota,0.98185015
stella,0.98670334
animosus,0.9685463
loo,0.8202155
hesperio,0.823362
troicus,0.9394575
arrius,0.88842964
bustum,0.98539513
heu,0.99058384
aquila,0.9779389
auarus,0.9845413
lento,0.9679256
harenosus,0.95685595
libyae,0.9754485
antrum,0.9901897
fibra,0.9771962
cornix,0.9606477
magicus,0.9573262
astrum,0.9917815
trames,0.9806547
zona,0.9755541
tingo,0.9763441
atrides,0.93531966
danaio,0.85986656
atroia,0.9382179
ultor,0.9802278
exuuia,0.9675686
hactenus,0.97103256
historia,0.981308
nebulosus,0.9493157
roro,0.97260714
intepeo,0.8378099
umber,0.790052
asa,0.46350884
iuuencus,0.985654
excolo,0.9662541
pertica,0.925632
confidentia,0.9596305
morigerus,0.88434994
deuoueo,0.954245
ignauia,0.9698625
iunceus,0.86508375
comoedia,0.97516906
bulla,0.8517622
collum,0.98827976
dicto,0.96915406
elegi,0.9273422
blandus,0.9918928
uictrix,0.98855853
mentum,0.96921265
uncus,0.9717853
ansa,0.9411439
gutta,0.98081344
rima,0.9615462
luctor,0.98033506
tremefacio,0.9607743
hiatus,0.9810591
octipes,0.6211423
cancrus,0.97245485
philemon,0.78511417
maccus,0.86121833
titus,0.9611465
uulsinius,0.7042422
laetor,0.9248897
eburnus,0.9712871
tiberinus,0.937451
uada,0.98151064
liueo,0.9648757
uua,0.98288125
racemus,0.9567745
lactens,0.9552485
tumeo,0.98372656
dulcis,0.99290204
cerasus,0.8879456
autumnalis,0.96445405
pruna,0.949245
aestiuo,0.96527314
rubeo,0.9894924
pirus,0.96244043
mendax,0.96315265
figura,0.9822589
gramen,0.9902723
corbis,0.9386251
messor,0.9708952
sobrius,0.97557557
litis,0.8892602
impostus,0.8868533
mitra,0.952085
iaccheus,0.7957378
plectrum,0.9692723
uenor,0.97678465
harundo,0.9884554
aucupium,0.94829834
auriga,0.9760713
alterno,0.9869494
baculum,0.9676005
curuo,0.9838816
rosa,0.94371814
caeruleus,0.98716724
cucumis,0.9634385
tumido,0.96264464
cucurbita,0.8940545
iuncus,0.9505007
brassica,0.9633676
hio,0.98010224
decenter,0.9296927
langueo,0.98782957
lycomedo,0.3915553
contundo,0.9747125
tas,0.85589254
caducus,0.9724088
amarus,0.9559445
sator,0.958883
uadimonium,0.9461982
dolo,0.96860045
aena,0.8118802
osca,0.6455717
arethusa,0.9496285
totiens,0.9850951
absus,0.59670126
obliior,0.94018984
litura,0.82106954
dextra,0.9708946
bactrum,0.90899515
geta,0.96573955
britannia,0.9635631
eoa,0.8708604
decolor,0.9451655
lumen,0.98740923
niger,0.9906609
stygius,0.9786136
uitta,0.9385605
noxia,0.9704014
texo,0.9831843
lacerna,0.9501346
querula,0.92543054
raucus,0.9850756
tuba,0.9565362
obliquo,0.9792337
funis,0.97093457
pasco,0.98757327
tener,0.99163395
lacertus,0.9892787
attero,0.96214855
ploro,0.9472921
macies,0.97997606
tenuo,0.9723315
osculor,0.91797066
pallium,0.956039
tyrius,0.98246044
uellus,0.96509415
discus,0.9135207
araxes,0.9479813
edisco,0.96456945
assideo,0.9676271
pallidus,0.9888528
peiero,0.9371585
sector,0.97548336
aegritudo,0.94892985
elegantia,0.974409
solidus,0.8841482
papilla,0.98644876
barbarum,0.97888434
tardo,0.96798587
scythiaa,0.961027
glacies,0.9746934
necto,0.986567
apero,0.8668226
uentilo,0.90691006
ostrum,0.9773883
crystallus,0.6966361
aquosus,0.93774724
assuetus,0.95867896
catula,0.77037877
torus,0.98584557
uerbena,0.727843
noctua,0.9151529
lucerna,0.95086515
merum,0.9525595
hornus,0.84067535
agna,0.9156989
succinctus,0.74218225
caleo,0.9824223
bactr,0.7674085
odoro,0.96312714
carbasa,0.979174
linum,0.97380435
plumbea,0.9424366
subdolus,0.9667545
insomnium,0.8771178
aerumna,0.9657972
ineptia,0.96044254
excors,0.923141
desidia,0.98195994
uotiuus,0.9447394
capena,0.5150036
nemus,0.98944426
natiuus,0.948578
siluanus,0.92996794
ramosus,0.8571061
tatius,0.9285598
praecingo,0.9684305
suggero,0.9647031
tubix,0.92718565
tarpeia,0.97082126
urna,0.98779863
tates,0.87867326
proludo,0.87279916
iuba,0.9790641
facies,0.9071958
regalis,0.9791195
oblitas,0.59273577
excido,0.97295225
multiloquium,0.8098208
causor,0.94668883
lilium,0.9696579
nymphe,0.9861405
capitolis,0.98011196
nubilum,0.98987323
rubus,0.8165977
uesta,0.9271619
dextrus,0.96315724
colloco,0.9758066
scylla,0.9706375
stamen,0.97961557
ausonia,0.9722061
uirgineus,0.9755169
ministro,0.971766
palladus,0.8404921
cras,0.92528987
spinosus,0.9216177
roridus,0.6744993
lubricus,0.9838868
perfidus,0.9836353
cantamen,0.67639744
musa,0.990643
formosus,0.9765128
inhumanus,0.968904
aula,0.9850448
humilis,0.97296524
rependo,0.9565605
hymenaeus,0.90359133
murmuro,0.9734671
mollio,0.9767669
ephebus,0.9562087
iliacus,0.97952175
fauilla,0.9637883
thermodontum,0.8948389
abscindo,0.97069436
paganus,0.91888905
ferculum,0.97041845
cumque,0.92251086
flammo,0.9702226
immundus,0.87318516
ebrius,0.97784233
excubia,0.9650357
ligo,0.97574234
pacio,0.8957763
uocalis,0.959952
ensis,0.9863648
inuigilare,0.7620622
cubile,0.98654115
ocior,0.98053545
leno,0.9272374
uigil,0.9692552
obduco,0.9824368
lena,0.93356603
cerberus,0.9044102
ieiunus,0.9631008
hippolytus,0.9661787
pessimus,0.95879984
penelope,0.86540174
maritus,0.9716695
lasciuus,0.98650503
uolucris,0.98193973
nidus,0.9718996
nouerca,0.9699498
eruo,0.9542416
unguis,0.9852034
gena,0.98015916
strix,0.8388055
hippomanis,0.7500446
ceu,0.97646326
pererro,0.9763664
saxosus,0.9518657
concha,0.97246945
coa,0.62174857
textura,0.88004166
attalicus,0.7416801
puter,0.9765413
dilato,0.9661732
recurro,0.9831014
iniustitia,0.94793177
merco,0.88360727
amplexus,0.984553
isidus,0.93845475
tundo,0.9486473
natalis,0.98112714
cathedra,0.8864321
quidlibet,0.83793414
morsus,0.9846395
medeus,0.97456425
sequax,0.9270767
fastus,0.9721452
menander,0.968642
astutus,0.9573937
comicus,0.97667277
moecha,0.9447145
canticum,0.87390804
ianitor,0.9320703
somnio,0.97979474
sera,0.94612974
cretas,0.5577009
musso,0.9430282
conloquor,0.95234203
ueso,0.9299736
uerno,0.9098081
rugio,0.8013377
odoratum,0.8810114
uictura,0.94779676
rosare,0.7827548
columba,0.9577364
guttur,0.97446954
rugosus,0.9395813
tussis,0.95805633
concresco,0.9579087
sputo,0.9104944
teges,0.79171085
algeo,0.9652541
pergula,0.8967524
curtus,0.9106103
exsequia,0.95809543
uinculus,0.94588983
expergiscor,0.9501319
pollex,0.9791868
clatra,0.5832304
amphora,0.9676041
scaber,0.91726506
iuuenca,0.94172776
corymbus,0.9519311
coso,0.773612
blo,0.9628981
tus,0.95310926
laneus,0.9248706
lympha,0.98214275
mygdonium,0.9203677
fraudo,0.9831819
calliope,0.96462953
iuleus,0.84113765
pelagus,0.98910606
carina,0.9866241
operosus,0.96343005
aequor,0.99156564
pineus,0.92597914
dispendium,0.9426815
ipsus,0.84677994
teucrum,0.9333682
quirinus,0.9767313
feminea,0.91541404
turpiter,0.9570451
uelis,0.98110414
nereus,0.97330976
radia,0.9809044
linquo,0.98848623
assisto,0.96195316
sinuo,0.97784865
agamemnona,0.8148577
auidus,0.9883209
doricus,0.9441154
rogus,0.9811365
pythona,0.8941797
serpens,0.984293
seruator,0.9323182
hectoreus,0.96349216
fluctus,0.9923525
remigo,0.86976814
centauricus,0.9034978
lauriger,0.9017219
pharetra,0.98221505
phoebum,0.97223717
sceptrum,0.9894631
idalius,0.93177515
marinus,0.9664296
cumbo,0.8918938
fugax,0.9783962
iugurtha,0.96431464
actius,0.6933701
cithara,0.9560926
exio,0.9800229
blanditia,0.98393726
prelus,0.7829149
excesseo,0.88698745
cohibio,0.74201214
inmundus,0.9174681
poeta,0.98955
cepheo,0.6328318
meroe,0.95938796
fusco,0.8963144
confesdeo,0.77908874
eous,0.9815428
tropaeum,0.97632277
gaus,0.9713149
euphro,0.96978456
radius,0.9859408
luridus,0.92572236
cynthia,0.9678134
fulcrum,0.95644224
humo,0.9506611
digitus,0.9768832
beryllus,0.92630506
adedo,0.9363653
lethaeus,0.8916908
fragilis,0.97591984
subura,0.7673498
pependo,0.7068462
triuium,0.9643512
tepidus,0.9814785
occo,0.9158893
fallacia,0.9580788
inclamo,0.9417969
findo,0.9823928
nardus,0.9626201
hyacinthus,0.91375864
candesco,0.7849556
lamina,0.92488956
uernus,0.961714
uersutus,0.9451662
saliua,0.95959866
igneus,0.9848649
testa,0.974669
garrulus,0.9795587
codex,0.94008666
uincula,0.98626554
conflo,0.95332813
metreta,0.8632844
reuolubilis,0.74570227
tergeminus,0.9354705
sono,0.9822438
uipera,0.9630461
sibilo,0.9693298
gemina,0.9753967
sorto,0.9462224
clytaemestra,0.88222426
adultero,0.9571297
cresdo,0.4746259
mentita,0.8513302
ligneus,0.9795151
phaselus,0.8863081
elysia,0.8566744
numerosus,0.9641452
rotundus,0.9713675
cybebis,0.88917965
lydium,0.91414607
hypermestra,0.7664983
marita,0.80308145
sano,0.96828973
parthenia,0.86029744
deliciae,0.9685377
latr,0.5377016
inuisus,0.9221958
offirmo,0.71182674
praegnans,0.9693054
contorqueo,0.9799688
alligo,0.9739346
pomifer,0.9149897
incubo,0.9861492
aruum,0.99313694
herculeus,0.98448795
palleo,0.9880265
uector,0.95225835
tiburtinus,0.7802318
uaga,0.95305324
feror,0.44145405
cearberus,0.84057605
stagnum,0.9847872
uectus,0.7493558
esquilia,0.91846985
annosus,0.9667849
draco,0.98165023
demisdo,0.9219625
anguinus,0.8987305
corripio,0.9609666
canistrum,0.910461
agricola,0.93316174
detondeo,0.92399174
mannus,0.7392208
temo,0.9712218
impurus,0.93016523
sericum,0.8867281
carpentum,0.96307945
sagina,0.9636972
erado,0.9291137
lectum,0.94311273
phyllus,0.9244192
adnumero,0.96024966
paruolus,0.9147353
paedagogus,0.9506565
pota,0.54460716
lectulus,0.97496766
cyathus,0.9658433
uitrum,0.9613171
methymnaeus,0.81589234
tibix,0.92565507
phylla,0.7128282
rosus,0.87826014
concreo,0.88654417
trunco,0.96650434
suppleo,0.96625674
mensa,0.9789748
supinus,0.98159903
talus,0.8816257
subsilio,0.8766353
resupino,0.9636278
furibundus,0.97553694
labrum,0.9880951
fulmino,0.91745174
phyllidus,0.9007615
uultum,0.8803549
peruerto,0.9691768
saucio,0.94170123
lasso,0.9817365
plutei,0.64577764
tangendus,0.8972481
pompeia,0.90450925
spatior,0.9598309
querela,0.98391765
sulpur,0.9248748
amphitryonias,0.92141676
stabulum,0.96473855
stagno,0.9763832
uelifico,0.7348222
caco,0.8505451
cacus,0.94254607
raptor,0.98041725
peculium,0.92058563
grandis,0.9792163
cauda,0.98324245
fura,0.9581067
implacidus,0.7202072
alcides,0.98372513
clauus,0.9802239
quaesiti,0.8579268
mugitus,0.97237206
feto,0.9552268
rido,0.9725455
umbrosus,0.9814836
impunis,0.98167264
retego,0.97564876
putr,0.9333961
defessus,0.96873105
hospita,0.97362924
succipio,0.5081134
ambulo,0.92697597
libycus,0.99104697
peruro,0.9623445
sidonium,0.93125147
hirsuo,0.8966564
fascia,0.94334245
alm,0.8673639
uerendus,0.97320855
tiresia,0.93805766
pallada,0.7612294
gorgon,0.9493182
concutio,0.9891482
grex,0.9760764
reperio,0.97788256
inultus,0.9757151
decumbo,0.9519651
acceptus,0.96284544
hilo,0.91542053
ampliter,0.79908735
tatia,0.49109137
feretrum,0.90736264
trinus,0.9398027
romula,0.89034057
exuuius,0.85454667
euerto,0.97281724
cuspis,0.9860102
acro,0.8779343
ductor,0.9889753
horror,0.98546946
caua,0.9414393
ious,0.9779923
suesco,0.93738145
discubitum,0.8114407
pulchrus,0.96682584
como,0.9715258
lupinus,0.9780417
pyropus,0.7268597
balteum,0.8547515
cossus,0.74908215
tolumnus,0.8052907
ueius,0.8516307
cora,0.6432929
heuc,0.9695188
latius,0.9730765
desectus,0.90551084
rhenus,0.98793113
belgicus,0.8803015
uo,0.93806756
gaesum,0.81409895
uirgatus,0.6605949
iaculans,0.8081618
braca,0.82058674
uosmet,0.9559793
postridie,0.97642297
munis,0.50548095
urgo,0.90563583
infernus,0.9175223
adamas,0.9562799
fuscus,0.9371353
superus,0.9908421
portitor,0.9663385
herbosus,0.96593046
subdo,0.97206974
coniugium,0.9830015
immitis,0.9848815
parca,0.90196407
aeacus,0.9491497
minoida,0.8759743
eumenidus,0.83474904
tantaleus,0.82427084
liquor,0.97891766
tacio,0.94996756
laxo,0.98954076
auitus,0.9745784
numantinus,0.956612
fultus,0.96765965
praetexta,0.8403405
achillus,0.9854563
austerus,0.91387475
turpior,0.90311307
cybebe,0.87858856
turrita,0.7126351
carbasus,0.8683659
heri,0.88605666
generosus,0.9856343
leuames,0.94985545
series,0.97060597
cumba,0.9605156
femineus,0.9779248
inuro,0.9575658
osculum,0.9876815
caelebs,0.96850336
detrago,0.9007324
lugubris,0.9735656
caterua,0.99178374
peroro,0.92945373
seruolus,0.76535356
olor,0.95825565
comissor,0.8922194
torro,0.96788085
trabs,0.97209656
citreus,0.8442829
credulus,0.96496946
facundus,0.9702973
decoro,0.97940135
dure,0.9626904
uolubilis,0.95613873
pindus,0.93188334
aemulor,0.9653009
uitreus,0.96994746
ferueo,0.9750041
profundo,0.984913
pindarus,0.9312897
apollinaris,0.92257106
dithyrambo,0.5219509
dircaeus,0.8364512
cycnus,0.9591611
anto,0.9407282
apis,0.97686344
thyma,0.78067946
uuidus,0.9150637
concino,0.94551337
cliuus,0.97337615
sygamber,0.76752996
pulcer,0.9335254
laudandus,0.9704853
uaccus,0.8936653
uitulus,0.95536834
largus,0.9892852
iuuenesco,0.6035893
niueus,0.9907799
aeolius,0.85696185
mordeo,0.9641473
inuidus,0.98157084
ales,0.96488094
ganymedes,0.91825825
inscium,0.8308106
nimbus,0.9874282
ueo,0.98503363
progenero,0.7545974
rectus,0.9657787
roboro,0.9151855
defecor,0.85660934
metaurus,0.8544707
hasdrubal,0.97566235
adorea,0.7649139
afer,0.9358135
italus,0.9741241
taeda,0.9834267
eurus,0.9790448
equito,0.95186234
inpium,0.9318291
ilium,0.9349631
ilex,0.9697748
tonsa,0.95816433
bipennis,0.97078943
algidus,0.90109676
hydra,0.9773408
creuo,0.966032
herculis,0.9791415
submitto,0.97126555
colchi,0.84490746
merso,0.9845696
pulcrus,0.9366542
hasdrubalis,0.98197657
interimo,0.97918546
experio,0.8875406
pigritia,0.9281837
distineo,0.9178804
dimoueo,0.96742433
ingo,0.9562241
perambulo,0.89434123
nauita,0.98593926
culpo,0.9801519
maculosus,0.9595048
puerpera,0.86291635
germanium,0.97307
horridus,0.9841628
parturio,0.95835924
hiberia,0.8484845
uitis,0.98339367
uiduo,0.94170797
defudo,0.72392774
castor,0.97371006
enico,0.5162747
suspiritus,0.88782084
suffero,0.97130567
anhelitus,0.98067355
hesperia,0.95201105
achillis,0.9913155
thetides,0.80259293
tremendus,0.9201699
pugnax,0.9771483
mordax,0.97951233
lynca,0.706954
lesbis,0.43268323
latona,0.9388499
horo,0.7658107
effudeo,0.9432291
tullus,0.97007847
ancus,0.9480523
splendidus,0.979118
facundia,0.9807607
pudicus,0.98371047
lethaea,0.9033174
theseus,0.96643364
abrumpo,0.97721267
censorinus,0.94241476
tripodas,0.95220006
parrhasius,0.9264349
scopo,0.91956174
sollers,0.9874906
delicia,0.97223806
reiectus,0.68665737
retrorsum,0.94326806
karthagi,0.9329237
inpius,0.9124247
lucror,0.94128656
mauors,0.9769895
taciturnitas,0.96430576
beo,0.8300129
aufidus,0.81071395
chorda,0.9731081
maeonius,0.9607277
homerus,0.984032
pindaricus,0.7821784
ceus,0.8250574
alcaeus,0.51508784
minax,0.98889554
stesichor,0.8646141
siquis,0.9755078
adulter,0.98374546
inlitus,0.8991967
helena,0.95639265
lacaenus,0.92565775
teucer,0.7260688
cydonius,0.4673157
dirigo,0.95456773
ilius,0.6413383
idomeneus,0.9050164
inertius,0.778811
charta,0.9646301
inornatus,0.83632576
liuidus,0.95908916
calleo,0.92054105
pauperies,0.9739784
peis,0.9227871
crudelis,0.9858171
inuolito,0.8006107
hispidus,0.93042046
henu,0.9869226
albanis,0.9153894
cadus,0.9584986
religo,0.97006625
fulgo,0.83357733
spargier,0.77185905
agnus,0.9689024
maecena,0.9408235
adfluens,0.9231258
telephus,0.8822732
expedite,0.9625993
exquiro,0.9736234
amburo,0.9648971
phaethon,0.97418624
pegasus,0.9696355
bellerophons,0.8536851
disparo,0.80344516
condisco,0.9146008
amandus,0.93382025
atrus,0.8780679
uerum,0.9331005
linteus,0.981102
rigeo,0.9804982
strepo,0.9601282
turgidus,0.9676959
ity,0.93104947
flebiliter,0.92400837
cecropia,0.92780596
barbara,0.955537
pinguis,0.9895934
ouis,0.96160054
nigrus,0.96935415
adduxo,0.4551578
pressus,0.94040424
nardum,0.8550342
onyx,0.85067874
eluio,0.58234805
tinguo,0.9530685
nigrum,0.67362255
desipio,0.9515287
fis,0.65756625
tremulo,0.97950685
docno,0.87024856
psallo,0.8132225
excubo,0.96799314
transuolo,0.95556974
quercus,0.9784168
ruga,0.9637396
turpo,0.96092045
quoue,0.89126754
uetula,0.94169056
aeterno,0.95684934
habitabilis,0.90400636
uindelicus,0.86008775
drusus,0.9337782
conmitto,0.9587976
raetus,0.8912081
apulus,0.9611467
ferratus,0.97729945
nugae,0.95347583
cantaber,0.8627101
scythes,0.8365048
rapidus,0.9927899
tigris,0.98717964
beluosus,0.5349235
britannus,0.96588004
tyrrhenum,0.94198096
quirinum,0.8254583
euagor,0.93975765
procudo,0.90130866
inimico,0.78703105
profundum,0.9664038
danuuis,0.81475616
portentum,0.96971554
fulgor,0.98570335
praegrauo,0.8374176
sapiens,0.95998216
graio,0.9011568
anteferendus,0.847521
semoueo,0.940882
restio,0.6818752
periclum,0.9684522
uorto,0.8170432
graior,0.89989865
antiquissimus,0.96404517
trutina,0.79979026
nux,0.9784328
achiuus,0.94800156
poema,0.93860257
adrogo,0.8976262
abhinc,0.92250997
demus,0.78071254
leuiter,0.966864
pythagorea,0.804123
accius,0.909917
plautus,0.9306265
exemplar,0.96098876
epicharmus,0.9277993
liuus,0.73443097
uolgus,0.9375488
antefero,0.9441864
ioues,0.98573416
plagosus,0.6235603
crocum,0.93643
atta,0.93352085
perio,0.844557
aesopus,0.9415755
impugno,0.95869565
cursor,0.9698893
tibicen,0.970083
recludo,0.96384907
cautus,0.97889304
expendo,0.94667065
seueo,0.96944016
mendacus,0.58895904
scrinium,0.8756314
indoceo,0.9600106
doctus,0.96198416
detrimentum,0.941368
incogito,0.7868657
siliqua,0.9378202
figuro,0.9657638
obscaenus,0.87776136
solor,0.97793186
fescennen,0.9279145
amabiliter,0.765206
uertus,0.8935532
lacesseo,0.72116804
describo,0.98128915
fustis,0.97734714
defluo,0.9785396
uirus,0.9832233
munditia,0.9197519
acumen,0.9798156
sophoclis,0.95435345
aeschylus,0.9392201
tragicus,0.97747123
inscitus,0.96142155
ephebs,0.8512663
atto,0.7817142
insidiosus,0.9727001
edax,0.9814738
adstrictus,0.9494818
soccus,0.9589301
loculus,0.9290887
talo,0.79282653
discordo,0.9603754
pugilis,0.88978606
aulaeum,0.9488287
retorqueo,0.96493495
essedum,0.93378264
petorritum,0.7666451
naue,0.88572145
democritus,0.9797406
camelus,0.9697409
elephans,0.80531037
attentior,0.93677
fabella,0.9609199
eualuo,0.50012666
garganus,0.8436386
mugio,0.96601117
diuitiae,0.9648206
actor,0.9374239
charinus,0.802198
extentus,0.834578
inaniter,0.8946416
athe,0.95982707
lector,0.959016
conpleo,0.79555774
calcar,0.89598644
helicona,0.9070176
uinetum,0.9680263
lamentor,0.886222
aedituus,0.9503366
nomisma,0.91874826
philippos,0.93705666
atramentum,0.8747246
prodigus,0.9786325
nequus,0.96372426
apella,0.87970865
subtilis,0.96296656
uidendus,0.91987705
dedecoro,0.9208242
uergilius,0.9825265
repo,0.9717468
sedulitas,0.93796474
libentior,0.97007006
cereus,0.9625254
rubeus,0.73437923
capsa,0.9318067
porrectus,0.9654566
piper,0.90539956
uerna,0.97798336
plenior,0.93360823
extrudo,0.919842
mango,0.8487253
uitiosus,0.9563426
piger,0.9845383
mancus,0.9262396
epistula,0.97602206
attempto,0.8956501
lassus,0.9750884
sterto,0.96485245
assis,0.9047644
uehemens,0.9466238
tabesco,0.9606596
quantumuis,0.89594525
dinosco,0.9647813
paupertas,0.97066903
expurgo,0.93126994
cicuta,0.9159663
extorquo,0.940431
iambus,0.9815998
renuo,0.9679779
acidus,0.9678578
sponsus,0.93473005
humane,0.9397805
calidus,0.9617481
gerulus,0.7764182
lutulentus,0.9626434
bacchus,0.98828524
conecto,0.96252704
rhetor,0.97247726
mirabilis,0.94074833
molimen,0.9552269
lu,0.7310703
callimachus,0.94325197
mimnermus,0.8602396
inritabilis,0.6549436
obturo,0.8904066
patulus,0.9867902
legitimus,0.96558785
ue,0.9490168
luxurio,0.9696622
compesco,0.97423625
satyrus,0.9845965
delirus,0.7113986
tragoedus,0.9504536
sessor,0.8974313
plausor,0.76633865
amabilis,0.9647105
elleborum,0.9144497
bilis,0.9134753
meracus,0.8722014
nuga,0.958447
modulor,0.98223376
quocirca,0.93197376
libra,0.83483994
mancipo,0.8781185
uilicus,0.97018576
temetum,0.8584663
aricinus,0.7997643
arus,0.69693416
holus,0.97494847
pungo,0.96839476
permuto,0.9757143
quiduo,0.90347564
calaber,0.91508526
lucanus,0.94697464
orcus,0.9631407
exorabilis,0.9013835
gemmo,0.9809131
tyrrhena,0.9406682
sigillum,0.8902197
gaetulus,0.94413996
murex,0.98465025
herodus,0.8635085
palmo,0.78760713
inueno,0.94914186
hilaris,0.9337703
aquilo,0.9570836
auster,0.9771632
saga,0.9291481
lemures,0.830727
thessala,0.9807713
grate,0.9678019
fa,0.87620103
potus,0.86274105
lemnia,0.8681215
iactus,0.9629035
peruigilo,0.9607347
lens,0.88532025
grandus,0.95445615
uenefica,0.92794096
haemonius,0.9520539
aesonis,0.9018129
vio,0.8927775
uipereus,0.9701723
terrigena,0.92464966
iason,0.98500144
conubialis,0.82335913
pronuba,0.96678907
hymen,0.8103061
infaustus,0.9854114
sanguinolentus,0.8554311
pinus,0.98028374
tiphy,0.7433907
uillus,0.8929646
spectabilis,0.86115265
lemnus,0.95625234
lemnias,0.7809535
urbes,0.9136703
messis,0.9833772
grauidus,0.9740436
aluus,0.93390393
concauus,0.9499899
caerulus,0.98594874
propuldo,0.74124146
abundo,0.97937024
lubens,0.89836204
uiuum,0.970838
argolicus,0.9690517
reluctor,0.9649433
refreno,0.9545295
pasdo,0.9255054
discingo,0.9514262
acus,0.94182694
thalamus,0.9905683
ascribo,0.9541173
pelia,0.95810264
imputo,0.9701569
aeeto,0.760498
nurus,0.9583397
uda,0.85506177
phasis,0.9379451
redux,0.96195763
redimio,0.9748079
ingeniosus,0.91037107
dotalis,0.8936559
grato,0.93809724
gemella,0.7705624
medeo,0.9031141
colchus,0.98302567
deseruio,0.96030927
doto,0.94459814
infirmis,0.7140784
obuia,0.98323053
gemellus,0.9134454
nonne,0.9490875
consumpso,0.8727087
viuo,0.8954028
moriturus,0.774204
elisdo,0.8608676
udus,0.9306087
abiectus,0.96372247
tenendus,0.951499
adquiesco,0.9496696
peius,0.9451796
dedignor,0.9315549
innascor,0.93059283
progenuor,0.5226451
resina,0.91919637
mel,0.9584651
uoro,0.9445197
duritia,0.96198165
robus,0.97332823
uincus,0.9483748
retinaculus,0.9408963
aequoreus,0.9835227
uiue,0.9431901
phrygius,0.9560606
decepo,0.8956412
saeuitia,0.97884643
ascanius,0.923897
commereo,0.8225502
contenior,0.9443648
faio,0.9844191
elitto,0.8652787
procus,0.9685855
gaetulum,0.79471767
iarba,0.91153
respergo,0.9750258
cruor,0.9888616
grauida,0.9741553
infans,0.9875961
teucra,0.8714417
rabidus,0.98329693
pergamo,0.95203227
hector,0.98771405
patrium,0.79991585
simoentum,0.80069995
abstrudo,0.97241676
pygmalio,0.8648864
apago,0.82484233
istiusmodi,0.9222819
cruciatus,0.9726557
phthia,0.9350594
mycena,0.8957561
afrus,0.97323203
plango,0.96700245
lanio,0.97664464
gremium,0.9841941
anno,0.867205
elissa,0.8117602
ulixe,0.90655667
attamen,0.9225284
prio,0.9596275
lacedaemonus,0.8535225
spatiosus,0.97847146
philosophor,0.94356376
troas,0.9123746
antilochus,0.8578486
tlepoleo,0.8580122
tepefacio,0.94942987
tlepolemo,0.8072907
frigidis,0.80737
altarium,0.94995606
nympha,0.98233926
ladior,0.89380693
pergama,0.9662691
rhesus,0.87766725
dolonus,0.7536803
ismarius,0.4206708
disiengo,0.9296907
lacertum,0.98071635
reseco,0.9265576
phrygio,0.9059571
ruinosus,0.7283926
spars,0.5150392
utiliter,0.9280697
etiamnunc,0.9491039
uanesco,0.9590772
icarius,0.9438431
immensus,0.99014354
penelopa,0.86487037
ulixum,0.78149825
dulichius,0.8688057
samius,0.95857525
zacynteh,0.8505651
luxuriosus,0.97135746
pisandrus,0.86514443
eurymachus,0.5831893
irus,0.6975678
telemachus,0.92089325
longaeua,0.9038336
opsequo,0.9063928
erudio,0.9714135
dispenso,0.95464504
currendus,0.7847496
actutus,0.8662902
iuuenalis,0.9516466
phasiacus,0.5508046
graias,0.96844536
anhelo,0.9860065
aduncus,0.9444681
inexpertus,0.9462818
ephyrus,0.88917196
bimaris,0.7918394
scythia,0.9712229
niuosus,0.8893486
pelasgus,0.9643639
stichus,0.8500451
uomio,0.9619565
praetento,0.9306253
naris,0.9843712
adflatus,0.82745445
palpo,0.8962072
peruigil,0.95081824
picea,0.9499664
delubrum,0.9867144
barbaricus,0.9675554
misereor,0.89461267
dedigno,0.9154303
pelasgum,0.96511555
aeripes,0.85098165
inadustus,0.81778765
uenenatus,0.9627256
medicamen,0.9685966
seds,0.7831663
terrigenus,0.91518366
squama,0.89976084
flammeum,0.9746881
medico,0.9710412
genitor,0.9810083
uirginitas,0.9584944
dilacero,0.9259735
extimesco,0.96932095
ih,0.9993732
symplegades,0.8530509
edendus,0.91694194
uomo,0.9740423
resorbeo,0.8720804
trinacria,0.89126843
haemonia,0.91213083
funereus,0.96802294
frequenter,0.9672773
pompa,0.9825644
abscitto,0.8296367
sertum,0.98155004
inferiae,0.9807278
hecas,0.6345856
utilus,0.90099084
sucus,0.98972327
auita,0.48654872
flammaa,0.9788836
graia,0.97112
nuptus,0.9629668
actutum,0.8951379
vido,0.9546622
-nen,0.9195039
rhodopeia,0.8844522
ancora,0.93260443
pago,0.8287904
actaea,0.86142963
thesea,0.90050626
canus,0.983416
naufrago,0.94437873
turicrema,0.7385961
demereo,0.84802115
sponsor,0.94550216
remigium,0.9374726
simulare,0.9066121
iugalis,0.9763535
scirus,0.8530824
toruus,0.9856026
cretto,0.8623183
despcio,0.87874246
armifer,0.78354496
spumesco,0.8357333
infundo,0.9849384
threicius,0.94078386
subiicio,0.91102564
latissimus,0.9382228
tisipho,0.91716886
afsum,0.90471977
allecto,0.97129124
colubra,0.88083345
sepulcralis,0.60540175
scopulus,0.98683906
fruticosus,0.7470798
calco,0.9836175
adsto,0.95798033
suppono,0.95789534
proieco,0.9275216
adamantus,0.7762063
traiicio,0.8136581
inuidiosus,0.9497149
adporto,0.9090119
telamo,0.9616748
sor,0.95772934
lebes,0.833321
superuacuus,0.95484895
tenaciter,0.78806883
mollus,0.9813498
compenso,0.9409588
aquosa,0.8204069
fulso,0.94658023
nubifer,0.8895708
deserta,0.92952335
deuoro,0.93325317
canesco,0.9441998
pulcherrimus,0.98046714
famula,0.9662744
exagito,0.978696
relinquor,0.51372033
agamemnono,0.77492577
aeacis,0.93579364
puta,0.8701169
succumbo,0.9757849
felicus,0.98243994
scicido,0.86686885
facetia,0.9381143
thensaurus,0.9011673
quare,0.9214335
citharaa,0.91068757
clipeus,0.9899242
acuta,0.8229316
uibro,0.98440087
hectoreum,0.6826426
legatum,0.8689257
phoenix,0.9815552
teucrus,0.8280082
soliio,0.9223412
comminuo,0.9415016
peleus,0.9580871
briseidus,0.79884475
fosso,0.7662138
neptunium,0.91204697
amazonius,0.88524604
miscendus,0.9512843
medulla,0.9907819
nequitia,0.9720205
graue,0.9655751
peus,0.9808476
libamen,0.9427241
pomarium,0.9334317
adulterium,0.98568213
praesigno,0.68975496
delis,0.96403694
rete,0.96135277
tremulum,0.7949104
gramineus,0.9554337
idaeus,0.97987235
semideus,0.89512223
dryas,0.9016071
faunus,0.96874833
attono,0.9845616
rogito,0.928815
infortunium,0.89308566
pasipha,0.9517467
uterus,0.9364188
minoia,0.9084112
cerealis,0.6696818
eleusus,0.8790337
uestus,0.90451527
uerecundus,0.969167
phaedra,0.93684375
compio,0.88535535
rigor,0.97987616
recuruo,0.93454945
uenabulum,0.9718484
corneus,0.93830216
incingo,0.9179549
requiis,0.8232932
durabilis,0.76444066
reparo,0.98231703
imito,0.9638809
aurora,0.98837835
amandum,0.80513334
cinyra,0.8819051
maenalis,0.8380047
atalantus,0.81864965
latebrosus,0.9460933
aper,0.9554573
uapulo,0.9347689
heros,0.97659695
pirithos,0.6781285
claua,0.9632751
perfringo,0.96871734
reuero,0.63458216
priuignus,0.9504096
coitura,0.5631492
iunctura,0.9565481
uallo,0.95865065
dotale,0.9203149
agilis,0.953019
perdendus,0.8848338
satyro,0.85445046
oeno,0.92534935
dolendus,0.919791
supplico,0.9511106
reuerentia,0.9732514
requiesco,0.9629532
stramo,0.43905345
fenum,0.8889275
catulus,0.94751847
macula,0.960876
distentus,0.91832435
fagum,0.8043904
fluuialis,0.94453967
cortex,0.9896351
xanthus,0.964157
xanthos,0.85771656
decentus,0.8392569
attoneo,0.96216345
abies,0.9486993
secta,0.96450186
parce,0.95825166
ocellus,0.95151573
ulmus,0.9801563
suscito,0.9025582
umo,0.37448877
nereida,0.7987672
fuleo,0.9769032
tremeo,0.82407796
madidus,0.9856202
querulus,0.95377886
ide,0.88138103
armentum,0.96914583
dissimulandus,0.79551685
ultrix,0.9727317
hectora,0.97386265
magistra,0.97281754
rudimentum,0.9540067
lacaena,0.949367
atris,0.97262174
temero,0.96346784
reparabilis,0.9096911
menelaum,0.96381974
andromache,0.92268026
leuus,0.9456396
arista,0.98568094
assiduus,0.9695033
rigo,0.9784962
iom,0.8217441
flaueo,0.9355799
diriguo,0.8310867
proteruus,0.95484585
conspicuus,0.9762531
medendus,0.7802378
medicabilis,0.87538034
repertor,0.926143
fecundus,0.9864887
oresio,0.8771199
-noe,0.7691895
danaus,0.9665267
sauium,0.874154
saltatio,0.93529797
orestus,0.6939103
paridus,0.94679224
atreus,0.71042025
tyndareus,0.8425754
neptis,0.9234808
aeacida,0.9532752
inscius,0.9812081
menelaus,0.9610716
praepeto,0.6172558
genero,0.97918856
dardanius,0.90367156
pelopi,0.9247801
aeacido,0.93312424
aspectus,0.97742593
tumesco,0.9755373
hermio,0.8759537
flendus,0.9375247
umeo,0.97167444
fluminei,0.7734293
amyclaeus,0.87135637
pollucus,0.95112246
mopsopium,0.8385785
leda,0.91666657
etiamtunc,0.6635077
flagito,0.978454
pelopeia,0.8976153
neoptolemo,0.8260698
quoduo,0.7323134
obuium,0.9566903
orestis,0.97811055
troe,0.7887415
perfruor,0.957495
liberior,0.91831154
stupeo,0.97517264
oblio,0.97491825
praemorior,0.8670108
tantalidus,0.89386785
tantalum,0.868908
infitiandus,0.8833307
frego,0.91130996
ambio,0.9866809
laio,0.6802916
atlo,0.9541075
cuna,0.9638306
operor,0.8747418
aucupor,0.9458812
amaphitryo,0.8686625
hyllus,0.5555112
parthenius,0.8587479
lydo,0.35067034
maeandr,0.8361813
suspensum,0.92913467
monile,0.95845056
nemeaeus,0.8329433
tegmen,0.9819009
crudus,0.9721054
diomes,0.98074245
efferus,0.7538996
equa,0.9729792
busira,0.8653543
antaeus,0.92345417
redimiculum,0.8968761
calathus,0.95072734
rasil,0.73849183
torques,0.90773237
hydrus,0.8682282
inuoluo,0.97979534
threicium,0.8976939
affigo,0.9533818
hibeo,0.9320902
geryo,0.9482566
digero,0.9434421
mensura,0.9737499
costa,0.9677431
lernaeus,0.9324331
colum,0.8496624
qualiter,0.84822327
alcida,0.9428053
languida,0.979566
achelous,0.906132
limosus,0.92299706
semiuir,0.9151481
occubo,0.9595603
euenus,0.7069054
inficio,0.97723025
equinus,0.97608584
nuntia,0.9692356
agrius,0.7615874
tydeus,0.88373375
nedior,0.88520867
arundo,0.91577935
illino,0.94796395
gorgus,0.8403568
pruina,0.9744195
theseas,0.9440577
uio,0.7421687
cerna,0.6080236
puellaris,0.9415335
frutex,0.974298
metior,0.9613136
tento,0.9407265
languesco,0.9692279
plangor,0.9537286
uelamen,0.9725728
torpeo,0.97877526
ogygium,0.784281
profusus,0.97241116
aeolus,0.9516688
periurum,0.7860763
illac,0.91645956
tigrida,0.60925066
phoca,0.9267068
traha,0.9042864
nodosus,0.95385444
aegeus,0.9384343
aethra,0.9567877
paratus,0.9457184
officiosus,0.9412632
unguo,0.91636753
uolucer,0.98741764
inhumatus,0.9534762
cecropius,0.91421974
celsus,0.9840394
saxeus,0.9739107
surripio,0.9632969
articulus,0.93725175
adoro,0.9534202
nugo,0.5736455
relabor,0.9295951
oblniiscor,0.95610666
libellus,0.957433
truculentus,0.9735315
zephyrus,0.98458475
infestum,0.8868489
tepens,0.9094238
praesentio,0.8705903
anilis,0.9478693
his,0.61704713
tacisco,0.910511
uiuax,0.9679122
lucifer,0.9754616
refoueo,0.9599767
carissimus,0.96531475
gratare,0.6453099
albeo,0.96716756
oliua,0.95994186
uagitus,0.9354036
reuelo,0.8047343
tenuus,0.9741007
fraxinus,0.96688426
quassus,0.83385265
irruo,0.96215653
pudibundus,0.93756944
confabulor,0.8566009
atra,0.9480667
estis,0.898871
perfundo,0.9595805
reformido,0.96990776
laodamias,0.92299783
ehus,0.46025997
uerbero,0.9623434
protesila,0.85454714
imperfectus,0.96388686
boreas,0.9829196
exsanguis,0.9804206
succiduus,0.8713801
grandaeuus,0.9572334
pampineus,0.9694082
saturo,0.93101734
squalor,0.9693153
formose,0.8873876
taenarius,0.86283356
menela,0.87099516
flebilis,0.9840404
negotiosus,0.90969753
complico,0.90169513
tenedus,0.8664272
simoum,0.63358307
ledaeus,0.9468242
sanguineus,0.9788647
hectus,0.84880567
dispar,0.9734213
lembo,0.7699865
pauxillulus,0.85002786
danaum,0.95887023
troada,0.8940468
praemoneo,0.955937
reluceo,0.9455931
languidus,0.9791539
apte,0.9277935
uens,0.92786306
neptunus,0.9909697
subitus,0.9784408
inachia,0.95617515
lacrimosus,0.9560847
quocumque,0.96332663
rea,0.9608862
immunis,0.9709135
temerano,0.7822623
crepusculum,0.95536244
morient,0.6089831
gracilis,0.98266995
populeus,0.93843126
sopor,0.981839
uiolent,0.86682725
acutus,0.9670458
credibilis,0.95466155
patruelis,0.9606886
famulus,0.97214705
exsurgo,0.9664274
dinumero,0.9644308
cogno,0.9203905
iunonius,0.9100245
iouo,0.906839
caespes,0.9858415
stupefacio,0.93283254
exiguis,0.80987126
crucio,0.96360236
sons,0.96820414
consanguinea,0.9251441
sculpo,0.8706434
litera,0.7460247
guttatim,0.8845383
contabesco,0.84591645
sapphus,0.7494696
lyricus,0.93258035
elegia,0.83295774
barbitus,0.7388758
aetna,0.98782104
atthus,0.80486906
daphnes,0.948082
pegasis,0.8601626
blandis,0.49018306
grande,0.54088384
turtur,0.95937884
lasciuia,0.9729111
crebrus,0.95225376
mobilitas,0.9679424
lesbo,0.8297454
sicanus,0.92235124
accumulo,0.9375005
lucidus,0.98004586
gemma,0.98087466
arabum,0.941553
uiolabilis,0.6045134
lanugo,0.9604384
lesbus,0.52815104
astricio,0.7697805
exululo,0.79911256
exstruo,0.9782648
candidior,0.84594
consuo,0.9341529
sicca,0.87814283
furialis,0.9680979
enyo,0.86070496
ticio,0.82105696
siluus,0.9861438
maestissimus,0.8762518
sappho,0.8711152
perlucidus,0.9489788
expando,0.91779476
aquaticus,0.7829559
lotos,0.6719196
excelsus,0.9574341
actiacum,0.8133852
leucadis,0.6776805
deucalion,0.95016813
pyrrha,0.9060353
succendo,0.9598895
illaesus,0.9648229
leucadus,0.77931094
desilio,0.9794956
continuio,0.83184344
prehendo,0.9473014
penna,0.9840481
chelys,0.93909466
poetria,0.81481
actiaco,0.68806505
salubrus,0.667922
amatus,0.9344443
sango,0.69088244
indebitus,0.8180344
cytherea,0.9743675
sigeo,0.9221472
nimirus,0.83491975
diuitus,0.73366475
conuello,0.97774214
remoror,0.9637104
opacae,0.5177308
ida,0.93471795
capella,0.9658682
aetherius,0.9858991
conualesco,0.9587475
pinetum,0.77126884
gargara,0.9160325
innumerus,0.9817594
robor,0.9515127
antenna,0.76310724
genetrix,0.9877635
propositum,0.9677975
cassandras,0.96437496
flagro,0.9792805
applico,0.9615807
lacedaemon,0.95265836
attoniueo,0.9034823
intumesco,0.9541743
reminiscor,0.9473073
praeconia,0.8246926
palaestra,0.96190345
pallas,0.94008327
lamento,0.9653152
obeundus,0.92746454
phoebea,0.84167325
canorus,0.98121226
densus,0.9902269
anchisis,0.87477976
soceo,0.9498834
pomum,0.9856765
arte,0.945229
ebrietas,0.96723616
recumbo,0.94326997
reflecto,0.9618415
petulantior,0.87586236
pura,0.9275769
tortilis,0.72690964
resupinus,0.92422295
abio,0.79592663
hippomenes,0.83700067
schoeneidus,0.54332834
districtus,0.93632585
cresia,0.8081609
aptius,0.9520638
commoditas,0.9503723
astringo,0.9800285
gressus,0.9704691
adoleo,0.93586147
cinnama,0.918974
ilias,0.85477513
phasidus,0.8558335
colcha,0.5267003
custodela,0.83269715
simia,0.93623173
concredo,0.8074598
idcirco,0.96088314
uectum,0.80582356
supercilium,0.9749552
coeptum,0.9664957
tor,0.95787334
delinitus,0.71824986
ambedo,0.59515524
excepto,0.90055317
tantummodo,0.92002004
succenseo,0.85826457
obumbro,0.8828703
er,0.89399356
primordium,0.9374143
acceptissimus,0.8377801
antiphus,0.8952173
ibidem,0.9589454
ast,0.98496014
confiteor,0.966439
amplego,0.9305794
haedus,0.96126395
infit,0.93966734
inrido,0.91598296
tyndarido,0.85846895
palladius,0.7893762
bibulus,0.9517882
proscindo,0.96341383
insco,0.47978756
libeo,0.95833117
rusticitas,0.9449686
coipio,0.95924747
dardanis,0.864185
uberior,0.96633905
centaurus,0.971506
audacus,0.90353674
forsan,0.9751146
abydenus,0.8297906
sestus,0.7192216
adeundus,0.8864107
abydus,0.9426681
castro,0.91019154
uobeus,0.8178903
labellum,0.964889
uigilantia,0.9512954
aerius,0.9769126
moderatior,0.93174696
obmurmuro,0.44511217
daedalus,0.9695163
agio,0.76509625
latmius,0.8370442
raster,0.94246805
alcyon,0.92104584
spectatrix,0.90044224
amicio,0.9650003
iudicandus,0.944697
hellespontiacus,0.8135286
alga,0.9592071
breuus,0.9675941
tithonum,0.6332101
praeuius,0.93321884
natator,0.84460926
delphi,0.9023615
attrio,0.87420285
solita,0.54455006
helle,0.9033991
phrixum,0.87651527
laniger,0.95394814
dummodo,0.9469979
helicus,0.9395062
arctus,0.9809066
parrhasus,0.7942945
ursa,0.97225285
polus,0.9789991
calesco,0.9357815
uicinia,0.9672506
plia,0.5000691
arctophylax,0.7872333
inuitas,0.9091641
tactus,0.97380865
digno,0.95138925
interitus,0.9566082
uoto,0.78598106
pernocto,0.95458025
patienter,0.9465477
uenandus,0.46815363
genialis,0.9712885
hamus,0.969002
susurro,0.96035063
abydo,0.8900337
adsueta,0.8976593
leandrus,0.7059608
adneo,0.98225665
obrepo,0.95849
umidus,0.9824151
mult,0.6930765
tractabilis,0.93199325
supo,0.8790701
thrimo,0.56483114
patientior,0.909801
iamdus,0.9613479
hellis,0.9127671
inuido,0.8880544
neptuna,0.8704531
tyros,0.9258559
medusa,0.93659914
seduco,0.91701144
sternuo,0.82639974
instillo,0.9081837
desertor,0.9669434
uectis,0.92546594
phrigo,0.90520215
obuis,0.9278878
dormito,0.941899
puluinus,0.9120887
illido,0.942404
peruius,0.9730616
inuiso,0.9463338
iaciens,0.9150642
spondo,0.94576466
dolosus,0.94165754
dolum,0.8990961
paridio,0.9067806
pudens,0.94331
hesio,0.88887024
sereo,0.97684544
periurus,0.9183631
animosa,0.73614395
febris,0.9451577
macero,0.92728525
effingo,0.9712167
adsideo,0.9691233
saliens,0.9319366
contrecto,0.9579195
praecerpo,0.9427605
postmodo,0.7983099
scriptum,0.8894324
testificor,0.93239236
grauus,0.98592186
ignorantia,0.9609741
anxio,0.98665816
pauo,0.9676786
pharetro,0.8167746
cea,0.7586708
iurao,0.65959525
oculeus,0.821308
uersiculus,0.9704317
effigies,0.9783372
acontius,0.6029266
consuetus,0.9716579
apparens,0.9230976
medeor,0.97748584
cubitus,0.84074664
secreo,0.8661702
excreo,0.8341725
commentum,0.9500978
laudator,0.9229778
persepho,0.84046423
lautus,0.6121869
deicus,0.8688357
myconus,0.78476316
fumosus,0.88968885
acont,0.83379805
sublimus,0.9825063
peltatus,0.7438201
penthesilea,0.92788553
balteus,0.9586272
exulto,0.9542044
nuptura,0.84134483
thalamum,0.98683953
stillo,0.9538677
unguentum,0.9685292
spissus,0.96248364
salutifer,0.93380463
depello,0.97509575
pigo,0.43037218
eio,0.7365937
superpono,0.96401346
lato,0.8268094
blandior,0.9795096
ingemo,0.98365784
subluceo,0.5791603
contrarius,0.98379385
sponsa,0.9382249
reualesco,0.8415965
codrus,0.9165216
cinna,0.95177835
dulcus,0.96437824
nestoer,0.8660159
tra,0.90814424
hilarus,0.8823046
remulco,0.7595036
gratis,0.9665626
bimus,0.95126235
plumo,0.9422816
supernus,0.9262488
admido,0.8906412
persimilis,0.8605336
uicissum,0.9773242
inmitis,0.9462172
prŏfessus,0.90684104
pannus,0.9752743
pluuius,0.9715939
cupressus,0.9792142
enato,0.93510336
urceus,0.9472256
prŏfiteor,0.9671453
turgeo,0.97423846
prodigialiter,0.373398
nasus,0.9033135
spector,0.89192456
umerium,0.9295348
potenter,0.8063231
cinctus,0.9340154
pudenter,0.89906067
adquiro,0.94934154
ennus,0.78391725
renascor,0.9705431
uocabulum,0.98478067
norma,0.92788744
emiseo,0.90048003
grammaticus,0.9829244
thyestus,0.93351793
chremis,0.9538107
delitigo,0.4476406
ampulla,0.8875826
sesquipedalis,0.90816516
dulcia,0.98814595
adrideo,0.9338592
heic,0.8117636
absonus,0.8923379
agellus,0.97032654
assyrius,0.9387466
inpiger,0.8646828
inexorabilis,0.93902594
inus,0.84847134
persona,0.9507588
materies,0.9780202
culter,0.9661727
se,0.88761485
promissor,0.7119633
ineptus,0.9815997
dehinc,0.95782983
antiphas,0.81939703
cyclops,0.9690514
charybdis,0.9475905
meleager,0.93958753
troianus,0.96850014
ouos,0.910602
cantor,0.9106199
conludo,0.8135735
inberbis,0.9120029
apricus,0.96168476
prouisor,0.6224557
senilis,0.974648
incredulus,0.89826214
productus,0.8317472
consilior,0.7400709
aemulus,0.9821156
sedile,0.9395616
numerabilis,0.75000864
utpote,0.9466261
indoctus,0.9807508
luxuries,0.96739703
eloquium,0.93641734
sagax,0.9568735
sortilegus,0.8157685
inlecebra,0.9804343
nuba,0.8316326
tragoedia,0.968242
dominao,0.5747556
pythias,0.813279
emungo,0.8055144
simo,0.6378108
fictus,0.9490339
inno,0.9053311
forensis,0.9582155
ignominiosus,0.96486557
frico,0.8806975
cicer,0.92288387
syllaba,0.9910549
citus,0.9726538
trimetrus,0.8289138
adcresco,0.9226688
spondeus,0.9447725
ennum,0.83622134
ignorao,0.5127897
plautinus,0.9044733
faex,0.9620631
insterno,0.91002786
obticeo,0.39805353
intempto,0.87098145
liqueo,0.9662367
lima,0.9115633
pompilus,0.8732667
fortunate,0.88463795
helicon,0.91308
balneum,0.9700067
anticyra,0.909141
tonsor,0.9494299
cos,0.8855557
exsors,0.93456733
socraticus,0.95641595
conuenientia,0.85976726
imitator,0.9194136
ualde,0.89918745
oblecto,0.9674478
quincunx,0.9290364
uncia,0.9263803
triens,0.90018594
aerugo,0.8418719
lino,0.87795866
cedrus,0.89565426
iucundus,0.97875845
punctum,0.9075444
sosius,0.6647623
persaepe,0.9512063
incuria,0.9553838
obiurgo,0.9765115
librarius,0.95555645
citharoedus,0.9672033
oberro,0.9613954
ho,0.8341807
pictura,0.9714627
absto,0.72121906
acumo,0.8655038
discors,0.9401025
papauer,0.88265383
membrana,0.9367037
orpheus,0.97526675
amphium,0.9419709
tyrtaeus,0.8512651
exacuo,0.9528189
pierius,0.9409666
laudabilis,0.95722425
pythius,0.95300543
scabies,0.9717703
fenus,0.95719343
unctus,0.91503084
inplicitum,0.4769575
pulchre,0.902531
pallesco,0.95914733
ros,0.97068346
conductum,0.9049737
derisor,0.88562983
uulpes,0.952429
mulius,0.4204733
torno,0.8717255
incus,0.9572885
insumo,0.8991106
riualis,0.89792854
incomptus,0.93157005
adlino,0.6988387
aristarchus,0.92643785
derisus,0.944098
uesanus,0.96061575
ructo,0.9262702
uelutor,0.5374847
merulus,0.86485267
auceps,0.9609666
puteus,0.97305405
deieco,0.90944564
empedocles,0.9699526
insilio,0.9206428
factito,0.9695947
mouo,0.8490751
incestus,0.9770664
cauea,0.96293384
clater,0.66615117
smaragdus,0.9495759
percandidus,0.87159526
margarita,0.9584088
perpolio,0.8231714
lapillus,0.9636401
debilis,0.98099697
coxo,0.6877583
tuber,0.8529361
gibber,0.73163533
germanicus,0.95141006
auersor,0.95397115
ah,0.9128746
pagina,0.97743267
auspex,0.9281727
nefastus,0.92659557
honoror,0.9445392
nono,0.80758154
aether,0.9924046
iubar,0.97830606
festum,0.9667193
concolor,0.9529177
biformis,0.96236324
mirandus,0.96903086
rigesco,0.95996517
chea,0.8661779
actum,0.9528124
massa,0.93692046
globus,0.9837708
letifer,0.9743593
libum,0.8552457
far,0.9799558
clusus,0.91825366
uetuso,0.95731115
palmes,0.97160095
concentus,0.9646321
quaesier,0.7365122
eluo,0.9376025
nascentia,0.9546861
delibo,0.93946576
carica,0.90947706
mellum,0.98236746
sapor,0.9857078
stipus,0.8910419
stips,0.9295858
martigenus,0.7886502
ulua,0.8778355
stipula,0.9063552
lammina,0.9461991
creeo,0.85660124
suffundo,0.83221054
sitio,0.9833957
clauiger,0.8633277
alloquor,0.96901
falcifer,0.79849756
caelit,0.8824345
placidis,0.8706379
rado,0.9591149
thybridis,0.8572521
oebalius,0.93865496
armilla,0.94922245
sabi,0.8015586
strues,0.9574628
quaesitus,0.7337384
obdo,0.83251286
caesareus,0.9636924
clausus,0.9570043
coronis,0.6668409
diuiduus,0.9471649
exsero,0.92973113
fuco,0.9764479
peliacus,0.46111456
occiduus,0.9543747
praeuideo,0.8966265
agonia,0.5870768
lanigera,0.88171893
mica,0.89043486
murra,0.91166914
euphratis,0.959435
ruber,0.96566534
crocio,0.933674
laurus,0.9799801
porca,0.95063674
sata,0.9299387
caper,0.9505345
rodo,0.9341612
aristaeus,0.8603473
fauus,0.9721323
proteus,0.76951975
iuuencis,0.9515944
gnao,0.83207184
ruricolus,0.87619597
persus,0.97691536
hyperiona,0.6882735
cerua,0.9584702
triuia,0.96419007
lyaeus,0.9825363
silenus,0.9538993
naco,0.9509962
nais,0.9375703
pecten,0.9759704
sura,0.9292182
dissuo,0.7034084
inexstinctus,0.3435396
priapus,0.9362936
irrideo,0.9725852
lotus,0.8578241
taciturnus,0.89325863
niuea,0.94418144
traco,0.92565393
rudens,0.8920379
silenum,0.8165808
uisob,0.9156765
potis,0.96316457
innocuus,0.97581923
indicus,0.9581741
anser,0.98352635
cristatus,0.92719245
pontificalis,0.8914813
turnus,0.919801
arcas,0.7083485
euander,0.69794106
natum,0.91171956
uiriliter,0.9156603
sempiternus,0.88007367
pulndo,0.9579903
cadmus,0.94551504
aonium,0.9635041
doco,0.9703921
carmentum,0.8545135
euersus,0.9326243
inimus,0.7566206
praescius,0.95693755
ausonium,0.9426894
tirynthus,0.97945046
mulciber,0.9717469
spelunca,0.96594936
recessus,0.9831166
inueniendus,0.8762528
squalidus,0.9643074
praestruo,0.9163463
obex,0.9654752
poueo,0.55726165
proflo,0.83339083
rapidum,0.9592401
aetnaeus,0.9438849
ruricola,0.92425126
gratissimus,0.97425556
augusto,0.96283203
coreo,0.86184543
auxilias,0.8792683
quernus,0.8643272
titan,0.97607046
ausoniae,0.84578264
nupto,0.8311206
scortea,0.67456424
adsisto,0.97597814
latia,0.9710336
sacratus,0.8982005
colis,0.93079394
capricornus,0.95485574
sido,0.9426655
coronor,0.81333333
praesepe,0.95426977
pagus,0.9602283
utilior,0.9503691
formica,0.97172034
granum,0.9829145
scabra,0.8274805
robigo,0.9494923
pinguus,0.9367769
lolium,0.93012327
auena,0.9563704
triticeus,0.9290766
passura,0.89357483
uomeo,0.94020385
sarculum,0.90381277
rastrum,0.73544115
iampridem,0.8776531
iuturnus,0.9291705
actiacus,0.943617
aeneado,0.58627635
perenno,0.7941278
amoenum,0.9252955
bellator,0.94266975
habilis,0.9430411
februum,0.8638709
piamen,0.72242045
torridus,0.9817711
flaminicus,0.90735674
intonsus,0.93327415
pellis,0.98888165
feralis,0.97975135
flumineus,0.9028344
contermen,0.9051982
sacratum,0.93339473
prouidus,0.9728178
thybrus,0.9026771
adoperio,0.92385215
gemmeus,0.89466566
delphinus,0.971187
lepor,0.97003436
lea,0.7871102
loquax,0.97768927
accipiter,0.9520317
arius,0.8692119
obstipesco,0.9796952
ausonus,0.4640581
destringo,0.9741295
nescioqui,0.75312227
igo,0.8870937
romulae,0.93675476
nectaris,0.84482366
hamadryada,0.8325045
callisto,0.8328276
chorum,0.6937582
estus,0.74349713
lycao,0.9174958
deciens,0.96485424
implo,0.8182423
ueio,0.9691334
gentilis,0.9078851
cremera,0.89642584
inhonestus,0.9677371
scaeuus,0.92263806
strena,0.6612179
gnatus,0.9341947
pluuialis,0.9530415
discursus,0.9668589
prosilio,0.98042274
latratus,0.9737952
fulmineus,0.9740796
cunctandus,0.8961252
coruus,0.96077037
crater,0.9133255
affor,0.9734242
cratera,0.9552456
aerium,0.91675234
peruolo,0.93868554
ficus,0.9686811
densissimus,0.92161715
longum,0.9095179
obsessor,0.8104946
fatidicus,0.9707952
monimentum,0.9694283
commuto,0.9748807
pierido,0.92745954
panus,0.9066349
arcades,0.9231711
arcadius,0.59951717
pholoe,0.82614076
ladus,0.93878603
nonacrinus,0.5452896
pan,0.9610512
flame,0.8359858
nectars,0.89190304
tolero,0.969338
deteco,0.8759576
maeonus,0.89560807
umbraculum,0.9504868
tmolus,0.8802747
hesperus,0.9739511
roscidus,0.97180307
tofus,0.86005026
laqueatus,0.8790155
pumex,0.9690384
teres,0.7887659
relaxo,0.96911055
fungo,0.9468371
fuluo,0.7612387
saeta,0.97816485
sponda,0.8446115
inguo,0.9437696
cornipes,0.96582305
salignus,0.8995563
pastoralis,0.95256805
ueris,0.88487613
strido,0.9875773
indolesco,0.8436591
quintilius,0.8428192
siluius,0.88293934
uestalis,0.9528412
albulus,0.8421217
linter,0.9223929
circus,0.97441554
limo,0.93121463
arcadium,0.70174176
lycaeus,0.92393726
uerbera,0.9035816
italidus,0.6563378
etrusca,0.80878925
sumpse,0.9564774
despuo,0.86885
exseco,0.951841
resumo,0.9604596
lucina,0.9210795
aquarius,0.98185325
typhona,0.8804322
dio,0.8506001
palaestina,0.7844326
canna,0.93726385
salix,0.9599112
insono,0.9447212
perendie,0.77574015
armipotens,0.9696655
romulea,0.86138016
intercideo,0.8218679
atla,0.93535554
proculus,0.9451633
trabea,0.92011523
neglectus,0.8990503
primitia,0.926877
cereo,0.9717828
admonio,0.9357035
fornax,0.9579784
styx,0.89108515
porrego,0.7724123
spardo,0.8591132
uiola,0.96782255
placabilis,0.9444204
parentalis,0.8718354
lucifus,0.8222961
licium,0.93652815
faba,0.9778094
us,0.9423738
nao,0.75279105
naidus,0.7307861
mercurius,0.98201025
manes,0.9495257
ko,0.9358809
inuisa,0.90335745
iaso,0.9551573
procne,0.78708744
tereus,0.9514448
patella,0.9003458
larga,0.790297
transieo,0.9058713
defodio,0.9523222
testum,0.82227397
construo,0.9703109
lacto,0.9613085
lesco,0.93359494
othryado,0.8488368
forames,0.9721011
uomer,0.90741223
rastrus,0.8553065
lauro,0.79593813
lanigeo,0.87330747
tarquinius,0.983427
recondo,0.9622411
gabinus,0.84739435
altar,0.8699876
intellectus,0.95670116
ardea,0.9396338
pauculus,0.96373457
collatia,0.9339448
quamprimum,0.7699503
reuico,0.8865976
praenuntus,0.9075035
placitus,0.8269527
fatus,0.9454553
collatinus,0.93052626
uagina,0.953133
lucretia,0.954303
nausea,0.8935671
interimus,0.68791306
tarquinium,0.9732796
matronalis,0.9441902
praenuntio,0.9268764
hirundo,0.9688892
gradiue,0.8603026
cassis,0.9694065
uentum,0.9761337
apertus,0.9542862
canora,0.37025052
picus,0.9242574
amulius,0.87373435
creuisse,0.8864721
ferinus,0.9575635
larentia,0.8830606
adolesco,0.9647377
romuleus,0.9726342
cecropidus,0.94501173
hernicus,0.5309613
hyada,0.938842
atlanteus,0.58431184
cynosurus,0.9415513
percenseo,0.9308309
maniplus,0.8382922
indocilis,0.9760922
adusque,0.89536583
ramn,0.7018377
initus,0.79136956
quintilis,0.90914035
oliuiferus,0.8598446
praenosco,0.9608946
consummo,0.96095574
elementum,0.96193147
stramen,0.91479504
consus,0.69210047
lituus,0.96069324
nata,0.9570814
gelu,0.9815494
salium,0.857599
uallus,0.952345
lorum,0.94414246
lapidosus,0.93323374
haustus,0.9807689
molo,0.90351045
cottidianus,0.95952016
coctus,0.9348514
sicco,0.9727518
muscus,0.94934547
releuo,0.96780205
adlego,0.8926997
hirsute,0.71566427
donarium,0.90250945
caedendus,0.8776889
cepa,0.8830584
cynthius,0.8668351
dehisco,0.96952724
paullatim,0.9572088
cliuosus,0.8493785
troius,0.8975728
dignissimus,0.9495601
croceus,0.9760824
booto,0.97249824
uindemitor,0.84424436
gigantus,0.9144529
pelion,0.96986717
uegrandis,0.72165483
uescus,0.666651
gorgoneus,0.9367517
caesa,0.8901211
subter,0.95312655
aonia,0.8749654
nuto,0.9856949
nicto,0.72784853
uellico,0.8906619
molestus,0.9832299
baccus,0.9827518
bacche,0.86105675
lenocinium,0.96536934
turpe,0.91432
inquino,0.9740847
mutao,0.7746303
transformo,0.847271
susfero,0.89830315
eiengo,0.8153772
caelius,0.91215974
puluerulentus,0.93121934
anna,0.85990345
perennus,0.47733063
thyber,0.79512715
disiego,0.69524086
frondeus,0.6912878
desuper,0.90572286
ebibo,0.9647079
calix,0.92843115
chorea,0.9719851
titubo,0.9779359
aenea,0.8952213
maurus,0.98294044
mustum,0.98739576
sororia,0.642827
germana,0.94236374
nago,0.9477488
bato,0.8987027
quantulacum,0.85375214
perosus,0.9403504
piscosus,0.92566043
camera,0.91275245
nouies,0.89046437
adsilio,0.8553449
moderator,0.931951
phoenissa,0.8947387
uirago,0.9536463
pinso,0.71615994
achates,0.92322004
cythereius,0.846797
tartareo,0.93083453
lauinis,0.74753344
exaco,0.874178
squaleo,0.9771206
sanguinulentus,0.537504
exsilio,0.967824
recinngo,0.7839352
damma,0.95097625
corniger,0.9738073
numicius,0.7647821
sidon,0.8266108
numicus,0.7057864
inachius,0.8767408
redhibo,0.8638702
defectus,0.950122
gradiuus,0.9599613
litigo,0.9486984
sacrilegus,0.9794996
ausus,0.9147801
albo,0.93430454
scorpius,0.96254444
semelis,0.94856036
scythicus,0.9852866
turifer,0.6240489
luculentus,0.9340088
lycurgo,0.8509412
gango,0.97179335
heber,0.7265499
rhodope,0.94772124
pangaeum,0.87937284
floridus,0.9689515
tinnitus,0.9055147
inuens,0.7959703
exedo,0.96476424
nixus,0.95916164
crabro,0.7865405
simus,0.6616966
claudico,0.95700747
limus,0.9721545
linio,0.9219828
opertus,0.9411854
uinosus,0.9226025
argeus,0.7615837
miluus,0.90567386
titana,0.8328281
briareus,0.8603871
exsertus,0.9011415
tela,0.9629174
planta,0.96996295
epeus,0.7424323
phoebeo,0.92989546
discipulus,0.9179077
mereor,0.9398575
capueo,0.91410285
clipeum,0.91149163
hereo,0.7738539
ouus,0.77687263
sceleratus,0.94398725
nouercus,0.9652281
delphicus,0.9715643
helles,0.81894505
draconigena,0.50203645
nitidissimus,0.840544
praemiseo,0.7346624
clauso,0.855571
reco,0.60839623
myrtus,0.9722934
patuo,0.9663701
adoptiuus,0.8686788
nasco,0.91816795
electrum,0.94346714
tri,0.86678684
-nes,0.90565467
anchises,0.83666337
agrippa,0.9598395
remulus,0.84173715
numitor,0.9348383
amulus,0.8687856
spuma,0.91469115
cirx,0.81816614
telis,0.52051175
atridus,0.9594611
suasor,0.9256245
liuor,0.976196
ubina,0.8529171
decerto,0.9529797
dilecta,0.8010899
tritum,0.8449862
liquo,0.9018573
efero,0.85731685
rubesco,0.95482063
taco,0.9285377
plias,0.8952926
berecyntia,0.84427655
litigiosus,0.9548652
scitor,0.88647074
cybeleia,0.867802
helico,0.9327072
alumna,0.8946253
assiduo,0.9636002
immergo,0.96337515
rhea,0.8044173
fertilitas,0.95621127
resono,0.9908315
uagio,0.9353489
cures,0.8459221
corybo,0.90781045
adnuto,0.50448114
turriger,0.9244397
mentiar,0.9309554
dindymum,0.9500797
trango,0.74693537
dindymus,0.8729283
cybel,0.92528033
edomo,0.7987348
paean,0.93890136
procer,0.9886055
adytum,0.9540894
caelestum,0.8468165
capax,0.9692012
uasta,0.8973158
cyther,0.834661
candeo,0.98366296
brons,0.44999614
steropes,0.74570245
irroro,0.85857004
conamen,0.93186855
influo,0.9613705
almo,0.7629225
taureus,0.86316586
erao,0.8386884
concelebro,0.956488
siquus,0.7736991
caseus,0.974597
magnanimus,0.97963786
ensifer,0.79840016
orion,0.98171425
inspexo,0.9041363
eheu,0.60947907
pacificus,0.8200737
micus,0.8261745
ungo,0.9035874
docendus,0.94869035
trinacer,0.7699991
cereor,0.9400387
aspergo,0.9638397
prolecto,0.8794135
uimen,0.9701419
laxus,0.9654644
caltha,0.7812465
uiolarius,0.60727465
subseco,0.74957025
le,0.739787
uelociter,0.8311847
ministra,0.83873165
hennus,0.7315731
leontinus,0.93906164
cyanus,0.7927724
caminus,0.9421613
didyma,0.81523806
camerinus,0.87692916
lilybaea,0.51141256
pachynos,0.64746994
uigilis,0.9614383
conticueo,0.9236354
typhoeus,0.84052515
structura,0.93673
syrtis,0.98500514
charybdi,0.8982708
immotus,0.9790797
celeus,0.8918716
incomitata,0.6149391
sco,0.9654432
inuigilo,0.95180386
soporifer,0.955041
oblito,0.5608094
gusto,0.9766357
ieiunium,0.9522296
pallor,0.9786869
liquefacio,0.9366604
coagula,0.9198174
aliger,0.95224607
libys,0.7836953
hesperius,0.96125734
rhodanus,0.9755569
pas,0.8395628
proserpina,0.9877759
inferno,0.8474363
tartara,0.97951084
surreco,0.85893303
nascendus,0.8060863
fagineus,0.4961296
fecundis,0.92350405
properante,0.7654768
hyades,0.83436644
doridus,0.87697315
carseolis,0.72776604
bidens,0.95506334
malua,0.92136145
fungus,0.9222456
assus,0.8619513
salictum,0.87673664
memnonum,0.9438435
roseus,0.98902977
pastoria,0.5664317
fabalis,0.82777584
satura,0.9195607
ouile,0.9526853
balo,0.89697975
milium,0.8418518
fiscella,0.93718785
mulctra,0.8751425
oua,0.890288
uetitus,0.96862423
fugor,0.5175904
fontanus,0.8401844
dryado,0.83723694
faunum,0.74117786
salax,0.8594953
palis,0.8829192
perluo,0.85568696
camella,0.70428735
sapa,0.9706663
excoquo,0.9283069
phaethontus,0.9086658
deucalio,0.9378168
numitus,0.77690876
nemorosus,0.96435964
stiua,0.87884927
fundamen,0.8720851
rutrum,0.8294302
faustulus,0.82385445
accus,0.757496
uulgar,0.7545163
sisymbrium,0.44739914
collina,0.47762623
etrusco,0.78999543
mezentus,0.6569126
rutulus,0.91292477
hosticus,0.9362754
tyrrhenus,0.89124966
uindemia,0.9713652
mezentius,0.777458
culmus,0.9773668
mantele,0.772766
acerra,0.88167995
obscenae,0.47901377
sidereus,0.9767845
tithonia,0.8991436
floralis,0.9260365
praetextus,0.8689674
hippocre,0.8543997
polyhymnium,0.8761982
chaos,0.9749469
thema,0.7932091
consedo,0.92315507
fidis,0.9204724
clium,0.9242361
thalis,0.93848544
urania,0.86068606
seligo,0.8166226
titanidus,0.65992093
caelifer,0.78617877
pleiada,0.8440454
maia,0.9538343
maenalus,0.8961328
faunis,0.7820276
inuentor,0.9741256
pleias,0.92876345
dictaeus,0.8696314
nutricis,0.8815169
destruo,0.95809764
fabrico,0.97088253
lo,0.89419246
exosus,0.93429935
liuium,0.86279094
hyperio,0.8948394
argestes,0.752022
hyas,0.8637296
hyado,0.7479241
gra,0.93690765
tethyus,0.8130909
olympos,0.87314993
saior,0.7785244
oceanum,0.9779876
lepus,0.96397007
leaena,0.95704997
libyca,0.85262585
confinium,0.9789717
efflo,0.95250833
flora,0.8996967
charitis,0.52634704
narcissus,0.96301615
tartareus,0.9803358
decerpo,0.98183554
laeu,0.9211056
propontidus,0.6318185
floruo,0.8140172
uicius,0.74700403
cytisus,0.86465836
depasco,0.9699887
licesco,0.9263083
publicius,0.8895519
publicium,0.7492833
festa,0.8037137
delictus,0.9478481
obliuium,0.9491916
ario,0.9179487
proterui,0.6973359
nigresco,0.93835497
subio,0.81305313
decutio,0.84784865
persolueo,0.84486574
liberus,0.9283211
sutilis,0.9416615
formosa,0.85076827
floer,0.9057765
ariadnaeus,0.94464207
tetricus,0.91775393
uersicolor,0.93254095
albesco,0.91832674
hebes,0.96733063
caprea,0.9387331
naso,0.82146776
chirus,0.9526824
plax,0.92661554
achillea,0.83417827
chirno,0.90728027
doctor,0.95782095
iustissimus,0.9702926
lucesco,0.9271137
concrepo,0.8569427
stygium,0.9000856
saeue,0.9729568
silentum,0.8661674
polluceo,0.8992417
oriona,0.95555013
exsuscito,0.85982716
quasso,0.97740495
spumo,0.9862027
presdo,0.97285116
ausculto,0.9398558
fluminea,0.9257289
fagus,0.957986
creusum,0.9136556
circumspecto,0.90742075
scorpio,0.9366824
coarto,0.93608093
praeuenio,0.96944034
lysimacus,0.9387467
giganteus,0.92329115
deico,0.63104254
funerum,0.97372633
merio,0.84235996
stellans,0.93876314
tyria,0.9039266
pharia,0.951794
roboreus,0.8819048
scirpea,0.876888
sen,0.91796017
tirynthe,0.93305516
leucadium,0.8999569
thybris,0.72658503
arcadus,0.68634677
euandrus,0.8750807
heredis,0.70389295
alatus,0.70212
laeo,0.83185637
laete,0.92653084
pentheus,0.9121238
suffio,0.83395886
abluo,0.95991415
lynceus,0.9434377
pollux,0.95988184
amphitrio,0.7352431
fulua,0.80143607
boote,0.90664446
nosmet,0.9668133
praeceptor,0.91877043
toxicum,0.9319412
electra,0.93680084
mycenus,0.96841884
ueter,0.9689894
nemoralis,0.9290878
aricius,0.8752061
apollinea,0.91597867
lor,0.90234107
adiaceo,0.95002955
eutychus,0.8893818
nacio,0.71581787
uisaa,0.6266186
remotior,0.91808677
canities,0.97461146
nenia,0.95510405
proco,0.80742884
exsorbeo,0.57762706
infantia,0.9822426
arbutea,0.78912014
medicames,0.91928434
bimenster,0.44897082
proseco,0.8645857
lardum,0.92504174
ostrea,0.9731313
pygmaeus,0.75503844
edeo,0.9086755
appositus,0.87210196
praepens,0.82830346
taurina,0.8514393
madesco,0.9315179
bellonum,0.979731
depecto,0.73566794
buxus,0.951756
subsecuo,0.8473282
fidio,0.92890584
sabinum,0.906738
poen,0.29495627
pertimueo,0.4619639
refulgeo,0.9847728
satus,0.75139505
commodulus,0.79306424
crustulum,0.8115698
textus,0.8894818
intonsis,0.83271253
uolubilitas,0.90734935
conuexus,0.9728391
pt,0.8899148
immensis,0.95823205
tholus,0.93516743
inuenia,0.913952
impatiens,0.98117816
scamnum,0.9461668
uacuna,0.63710034
furnus,0.8243122
suppositum,0.8434479
pistor,0.971801
pumiceus,0.9140294
asella,0.83799434
rubicundus,0.95954347
praiape,0.9187986
rudo,0.9053919
conuolo,0.9166053
priapo,0.93425095
capitole,0.92856216
exsupero,0.98098266
solidae,0.83271533
tenuere,0.9010129
redundo,0.97339237
praetereundus,0.9332074
ilus,0.6674741
laomedontum,0.8554044
reuinco,0.88325775
adro,0.853238
prouolo,0.83415663
callaicus,0.8398603
exsulto,0.9750842
auritus,0.9384939
titho,0.88481253
racemifer,0.78788245
distinctus,0.974184
athama,0.79008806
cas,0.7519599
tumulo,0.84732795
panope,0.8822216
lapsus,0.96867853
dendo,0.9192752
thybridus,0.9348001
semela,0.81102264
arcada,0.8947732
matertera,0.9035979
resigno,0.9211492
matuo,0.67673385
portunus,0.6701782
marsus,0.9507853
didius,0.6610359
ingemino,0.9440971
seruius,0.9475292
fenestella,0.8598789
tullium,0.939787
exstimulo,0.5894074
instinctus,0.9528302
abscondite,0.84163404
ocresia,0.7347884
praesig,0.55323935
corniculanus,0.8475584
tanaquil,0.95103234
corusco,0.95246893
flammeus,0.94573295
subuerteo,0.9166551
quinquatrus,0.7967621
stola,0.905195
tritonius,0.92901325
vnde,0.95049155
uindicta,0.9657939
allicio,0.91644543
admisceo,0.9370998
perdoceo,0.94263905
terebro,0.9225199
inuentrix,0.9362724
dodo,0.70593536
agenoreus,0.9290119
helias,0.69487405
uolscus,0.6739118
laomedo,0.8185722
summanus,0.8791889
galatea,0.9218302
afflo,0.9660108
cantharis,0.9226218
ecficio,0.45679876
depromo,0.9659815
glaucus,0.97471464
dictynna,0.6412703
uirbius,0.52412945
clotho,0.8214256
trasimenus,0.6852234
tullius,0.9787692
solstitialis,0.9468303
stator,0.93519974
pieris,0.9537918
addixeo,0.6947824
assentio,0.91234493
anneo,0.94006944
galerum,0.9055987
antistita,0.8745495
circumdatus,0.9850022
pumilio,0.7424209
eluctor,0.86613655
obiaceo,0.92903477
cicero,0.98492175
informis,0.97122365
proculco,0.8861085
deo,0.7561004
tiphysicus,0.8916189
aeria,0.89140534
uido,0.9045994
ascer,0.7190653
instita,0.5553615
uenator,0.9472839
frendo,0.969959
andromedum,0.79729867
sapientus,0.95017374
spatio,0.7655437
appio,0.7024229
fertilus,0.8508657
apes,0.88433355
olentia,0.7410337
cultissimus,0.46491224
scena,0.9180486
ludius,0.8789704
nouellus,0.92723775
utrubi,0.75462973
scisco,0.8552519
linea,0.97156334
sollicisco,0.9181607
uolatilis,0.76442975
persida,0.7784047
caesaris,0.93133616
uelocius,0.95317876
indium,0.9708751
pulcherrime,0.82043034
rarissimus,0.9549303
mo,0.88723755
baia,0.9634078
sulphur,0.95245755
cicada,0.909241
blande,0.9744847
tectior,0.7336941
admugio,0.75630844
adhinnio,0.89265203
myrrha,0.89572823
odus,0.7991875
labs,0.94582844
cydonea,0.81542873
tenerrimus,0.9007761
crimo,0.84595966
ephyraea,0.8487534
laetissimus,0.9506972
mercimonium,0.8890568
resido,0.9127818
uisco,0.59678984
allium,0.82994604
palaestinum,0.6771613
continio,0.906843
amantum,0.9077128
praeteritum,0.89587164
tulo,0.95913255
lusor,0.6850601
peraro,0.55204356
teneraa,0.80438244
declamo,0.93644726
illectus,0.5035864
mireo,0.79962003
mimus,0.968294
comptus,0.946828
mundities,0.69556946
rubigo,0.9505384
tonsura,0.9177894
sordes,0.9716607
cnosus,0.8003626
mollissimus,0.94934404
exanimis,0.9765613
ferula,0.96502984
euhium,0.50453055
leues,0.8866482
perscribo,0.9670478
procurator,0.9615499
proteruior,0.6348872
preco,0.91841865
simulator,0.89766073
deprendeo,0.92307186
pacto,0.80221564
nutrico,0.71682024
amantus,0.8403092
stygao,0.8388733
uea,0.45786247
iuuans,0.88432366
phalar,0.9175816
fortassis,0.88008034
improbitas,0.9623261
rastra,0.85208637
palladia,0.9036201
daphno,0.8319226
palliolum,0.9559277
attenuo,0.92619866
tutum,0.9401951
pylado,0.8432457
myrice,0.70065385
cus,0.8951975
oleum,0.97930324
hirtus,0.9587083
hama,0.8931531
casso,0.88546985
ascraeus,0.76554054
amycla,0.94075465
auolo,0.94871145
conceptus,0.9602844
renideo,0.9582889
boota,0.4654956
secto,0.7795912
infirmo,0.9093088
icarus,0.8826308
parus,0.796859
clarius,0.85076916
liquesco,0.96553504
solaue,0.62971586
adamo,0.9524923
homer,0.9655577
naias,0.8637593
hyle,0.9572155
moleo,0.76125824
astruo,0.81796193
calypso,0.8061769
calypsum,0.83165276
odrysius,0.95575583
simois,0.7543858
chao,0.6549268
uxoria,0.9383613
les,0.9230479
obduro,0.83233577
trano,0.9586396
nas,0.90743977
hylaeus,0.86163265
contentum,0.8795785
maenalius,0.93381643
cedendus,0.861493
calculus,0.97020006
distentum,0.9179384
perfungor,0.962861
caniculus,0.8535041
lanificium,0.93914056
castanea,0.94996446
qualiacus,0.65023077
compitalis,0.9223349
circumtego,0.7553149
utrum,0.89532954
tunicatus,0.8866886
torseo,0.8939062
desio,0.95362794
uenereo,0.68459845
morosus,0.89782894
taedeo,0.9617683
combibo,0.8742383
quotiensque,0.93807703
acquiro,0.9271946
requietus,0.78074765
sorbeo,0.9749452
lentesco,0.81669044
stupor,0.94740945
ferr,0.5479547
peculiaris,0.9640322
conueniendus,0.6538446
lyrnesus,0.5100709
satureia,0.842991
urtica,0.9628136
bulbus,0.9444303
culpandus,0.8838534
threicios,0.9148401
tondeo,0.9731208
fluito,0.9789833
comprendeo,0.9295192
sulcus,0.986928
leporis,0.94051087
hyblum,0.873254
baca,0.9741973
fel,0.9712721
blandio,0.9400416
dedecet,0.86517763
maledictum,0.95743495
innuo,0.8445828
barbaria,0.9658189
notissimus,0.97372687
uulcanum,0.82747805
neptunis,0.89522094
paphus,0.9386921
tacendus,0.9580302
tantalus,0.9550305
mysterium,0.8768221
cista,0.86979115
uesanio,0.7816347
laeua,0.91203254
mysticus,0.8820963
andromedus,0.9734942
coalesco,0.95586073
menda,0.8607806
rauus,0.83331496
proximitas,0.8698609
peraco,0.92296124
belligero,0.9376155
amentum,0.8371603
platanus,0.9670153
uico,0.9671575
ill,0.71550024
odoratus,0.94289386
myrtea,0.43926382
medo,0.96513873
aeacides,0.9775984
telamonius,0.9464276
amazona,0.81521577
fo,0.9789206
rabida,0.8988483
helenis,0.51246756
cumbus,0.82414526
iasum,0.7516647
senecta,0.97804606
harmonia,0.9444804
contero,0.91190827
quisue,0.93267024
prostituo,0.95781577
neclego,0.88644093
aiacus,0.9369092
tegima,0.91412395
phoebos,0.85925305
effodio,0.9723643
mol,0.98130244
insuo,0.9104513
admoo,0.89842594
elego,0.8858608
laxe,0.865079
alpe,0.8105156
rapo,0.770037
hercula,0.96843606
segmentum,0.8541529
tepo,0.9116399
cepheus,0.91209066
caucasea,0.834461
aluta,0.8070897
laesus,0.95788544
redoleo,0.9606511
myro,0.915692
collido,0.93064916
brattea,0.8370805
crinitus,0.95651215
mutilus,0.8318945
rictus,0.96895945
lacuna,0.94050884
distorqueo,0.9204463
cachinnus,0.9678748
inamabilis,0.8868389
incessus,0.96846956
extensus,0.8816432
uaricus,0.61205477
canor,0.9175049
niliacus,0.9605107
lasciue,0.7411551
cuiue,0.8887325
uarronus,0.87162495
tessera,0.97312367
facesso,0.96754724
gyrus,0.8980813
paraetonius,0.7992358
cous,0.7039309
chor,0.9365436
contiguus,0.9154339
danus,0.8887751
deuolo,0.7971656
lingula,0.91678214
tenuissimus,0.9468736
cl,0.8914969
aconitum,0.8857317
monendus,0.88191843
gorgoneo,0.9113326
aiax,0.9732709
hilar,0.95921385
nemesis,0.9412393
eoe,0.9113346
corinna,0.83471274
insidiae,0.9711093
conuenienter,0.8093642
compar,0.96097064
facteus,0.7689427
uafer,0.8992768
utut,0.67595094
umidulus,0.665889
libenter,0.9776891
sistrum,0.93706477
arbutus,0.92272455
myricus,0.8973801
cytido,0.58864456
cydonium,0.64640456
cornum,0.9009031
euolo,0.97626525
praesumo,0.9493593
capa,0.9160241
madefactus,0.94896126
longissimus,0.96546245
thebaio,0.80672604
uterum,0.96919096
phoebeus,0.9496872
tripus,0.8893833
ammus,0.83556485
gaius,0.94785845
sexagesimus,0.9590411
klimakter,1.0000001
quantuscumque,0.9150649
felicissimus,0.94041806
kai,0.9659691
sectilis,0.87045676
perduro,0.9494877
misere,0.9690409
palea,0.962541
eruum,0.86005926
madefacio,0.90896475
as,0.9325837
puluereus,0.9179666
farina,0.9575141
sextans,0.93398386
mellis,0.9600111
afficio,0.9845164
frigo,0.9074646
cerussa,0.92802185
nitrum,0.937989
iuaue,0.7070447
alcyoneus,0.7628168
cubus,0.6546193
marathus,0.39599565
scripulum,0.89498776
areo,0.98128045
ammoniacum,0.57170206
masculus,0.9444423
affundo,0.5860951
toties,0.84084
tydideo,0.849888
tepeo,0.9453529
nodo,0.9648341
mortifer,0.96109617
ueruex,0.8656793
salutar,0.93360025
philomela,0.9759476
assertor,0.92694294
subo,0.85014844
sanabilis,0.898911
impatieo,0.922997
aggredior,0.97969836
impleuo,0.7633796
paluster,0.9602256
affluo,0.94861597
cupidineus,0.763721
desidiosus,0.9230005
dempo,0.66323954
fauo,0.8768084
flor,0.9328028
riguus,0.9225122
insitio,0.9351903
adopto,0.9741581
frondosus,0.95146793
dedisco,0.89655316
sabbatum,0.8258786
tristissimus,0.96204877
prensus,0.90029556
cingulum,0.90728116
rebellis,0.9242592
cesseo,0.9307234
foetidus,0.78297776
hircosus,0.8820498
cantharus,0.935264
uomitus,0.89976704
podalirus,0.81165123
petulans,0.94993436
finco,0.92415196
stomachus,0.98538405
percoquo,0.7294047
homus,0.9506377
zoilis,0.91518605
perflo,0.92668086
altissimus,0.95766985
cothurnus,0.9601483
pharetratus,0.94382125
thaidus,0.81829983
epos,0.7601467
gyro,0.9326893
amatorius,0.89169157
sustento,0.97298515
bipertitus,0.94653356
placus,0.48670232
thersis,0.8211782
agamemno,0.97303337
profitebor,0.5797719
explendus,0.90957177
diffidentia,0.95752645
eryx,0.8765476
palinurus,0.8853705
pyladeo,0.6335423
trieterica,0.867916
singultus,0.9602932
deuenio,0.9764645
contagium,0.9759428
nonnumquam,0.9569836
lacruma,0.90673393
recalesco,0.9112754
esurio,0.9536797
fineo,0.9323166
effluo,0.967522
deso,0.88337505
emorior,0.96868676
canens,0.8055825
fugitus,0.82905596
refrico,0.92819595
pusillus,0.9530338
capherea,0.76402533
charybdo,0.8252849
hecalis,0.5937858
iro,0.6938118
coe,0.69190276
tibullus,0.80455625
diuos,0.7895029
era,0.8551241
optulio,0.45759636
lotophagus,0.83526504
sirena,0.7701411
medicinus,0.9615969
eruca,0.9374416
dispereo,0.905065
ruta,0.91562825
restinguo,0.9644307
fesdo,0.95042294
certissimus,0.9422765
cancer,0.9837756
quaue,0.6794006
indefessas,0.80229133
determino,0.8828956
cretaeus,0.95011795
incunabulum,0.96047676
eutychis,0.5783173
phoenicus,0.72662956
haut,0.9693501
sidonia,0.9440483
abrubo,0.85315865
uolumen,0.9779202
squamiger,0.83720404
helex,0.88971144
comprendo,0.9050931
cynosura,0.84697
inocciduus,0.82729316
charo,0.7405597
ophiuchus,0.9408668
chela,0.9140756
arcturus,0.95776427
hn,0.9257407
consanguineus,0.9652016
deformus,0.8091093
rarior,0.9599149
abscondo,0.9505699
rica,0.6998745
oblitum,0.8522971
effor,0.97197175
sortiio,0.6703836
hicen,0.8890666
armus,0.9697827
fulus,0.50727326
contigo,0.83598834
rudeo,0.81345373
erichthonius,0.9726417
haedo,0.88864905
morientus,0.74716866
patula,0.94612557
cornus,0.9224237
compago,0.94520754
iasis,0.80834734
cynosuridus,0.8759702
inmortalitas,0.9486984
subleuo,0.96135783
cassiepius,0.880563
pernox,0.90368664
andromedam,0.8049804
sonipes,0.9887864
superemineo,0.92803776
sordeo,0.96583766
lupor,0.94593
insignus,0.62078786
cantio,0.8604749
propino,0.89349395
adsurgo,0.9727216
pierium,0.93319523
musaeus,0.9201523
pernicus,0.80450666
deltoueo,0.90524465
cepheida,0.8594556
boreus,0.9687807
hao,0.8259992
nodum,0.8992582
ulna,0.97545
deuotae,0.8806686
cassiepia,0.89013344
poples,0.97707623
pleiades,0.8364085
uetusta,0.9398843
merope,0.8427594
taygeo,0.5833656
genino,0.5898798
immoueo,0.7736161
mercurialis,0.7577317
dexterus,0.9217026
interluceo,0.9217333
ambeo,0.90387654
innato,0.9326168
adsulto,0.8445722
prospecto,0.95792437
instantia,0.88251656
fugito,0.95268047
armiger,0.97258425
excidius,0.93301827
capricor,0.89172876
pernix,0.97304165
sirius,0.962749
uiuidus,0.96719605
rimo,0.7686467
aplustrius,0.80769265
perligo,0.28835517
nereia,0.7743986
eridanus,0.9720207
interiaceo,0.83246523
crista,0.97415483
directus,0.95862657
defundo,0.93282217
sagittiferi,0.8822749
turibulum,0.9158701
arta,0.9119377
chele,0.95419693
nubigenus,0.9018408
lacteus,0.97059673
transuerdo,0.62136066
diuiso,0.63182616
glacialis,0.9646371
flagrantia,0.9396165
intorqueo,0.97223663
hiemes,0.92382294
hebeto,0.9623016
sider,0.96646726
spira,0.9508023
hydrum,0.92486537
palladium,0.83765674
aestifer,0.92858744
saturnium,0.95574373
duplus,0.97300154
sagittifer,0.7627483
tentus,0.82232606
titanium,0.8435917
concludo,0.96013266
imbrifer,0.9393928
solari,0.84271985
tethys,0.96529615
subiaceo,0.93438447
defugio,0.9001495
deflexeo,0.74771035
properaro,0.7677046
argo,0.9280792
fugeo,0.8111385
latonis,0.9540998
panopes,0.43189597
chairo,0.8344715
remeabilis,0.85213804
cygnum,0.8316554
flexilis,0.9002303
uenerandus,0.8414308
exurgo,0.93722475
seta,0.82748544
pistrica,0.7464702
addico,0.9752617
ophiuchum,0.93376464
squameus,0.933334
stephanis,0.5556164
circumroto,0.62702596
citatus,0.807881
duodenus,0.94078124
compleeo,0.81983817
iaculor,0.96921235
intono,0.9756034
permoueo,0.9701131
putresco,0.96577114
diuidia,0.8163055
cludo,0.96754605
saeuissimus,0.97119975
poenio,0.97651744
effugeo,0.6334281
belliger,0.92702436
attigero,0.420623
caligo,0.9860995
gleba,0.97742903
glomero,0.981593
attigeo,0.86506873
concretus,0.97681785
phrixeus,0.83587885
commisceo,0.94822335
inconstantia,0.9618917
pestiferus,0.9372068
aestuo,0.9865254
autumno,0.98281837
increbresco,0.49265385
cyllenius,0.97034496
possedeo,0.8108601
sereno,0.90452504
ningo,0.6588195
quidue,0.90620196
tonitruum,0.92661625
pharius,0.9679104
tyrium,0.96940327
adspiro,0.9181744
crescendus,0.934427
amphitrita,0.8843013
dissocio,0.9702352
circumfluus,0.97784376
congeries,0.96862745
ardentus,0.84093857
temperies,0.9442656
levior,0.6036682
onerosus,0.92513466
fabricator,0.9369036
tepesco,0.8858606
trio,0.9251076
efferuesco,0.92265415
sanctior,0.9533059
opifex,0.94071305
inaro,0.738706
tenebrosus,0.9466979
iov,0.9713596
feruor,0.9845128
saevus,0.95741844
peior,0.9411043
uelum,0.90440714
insulto,0.9789519
inritamentus,0.741728
nocentior,0.69893277
omnipotens,0.93163013
notabilis,0.9198523
supeo,0.9477955
caesaries,0.9559971
semides,0.66103756
monticola,0.48463684
silvanus,0.9275285
supereus,0.8981641
struco,0.3041305
inpis,0.9204424
perhorreo,0.7758412
olympo,0.9677088
inhospitus,0.9673872
lycaos,0.5159981
dubitabilis,0.70316905
necopinus,0.7501442
experientia,0.95264876
resolueo,0.6491554
seminex,0.9615568
hortamen,0.8638753
tridens,0.9497719
intremo,0.9567604
exspatio,0.7705842
arbustum,0.944444
mersus,0.8759836
aonius,0.9359558
parnasus,0.90800786
tritona,0.4668946
inspiro,0.897682
desolo,0.9107704
pericul,0.64177257
nubilus,0.90007186
misero,0.98663235
argutus,0.776651
sollertia,0.98645824
recingo,0.56272584
durities,0.8857419
uapor,0.98693043
diluvius,0.80547523
arquiteno,0.8875991
perdomeo,0.8780225
aesculeus,0.5176845
decentia,0.5101946
delius,0.81238097
gestamen,0.85254014
pestifer,0.97530216
faco,0.55316055
adsero,0.9247339
apollineus,0.9582068
innuptus,0.94347584
daph,0.40500495
sentis,0.9554391
locuio,0.81332505
impulsus,0.9749223
conprensus,0.5296017
sparsum,0.9311348
expallesco,0.8746387
torpor,0.9751986
prosapia,0.93377256
complexus,0.97433794
spumosus,0.89046365
adspergo,0.85636777
sperchius,0.8124228
enipeus,0.9043724
aeus,0.4245709
recondio,0.9066531
uitane,0.3156991
vagus,0.900405
pascor,0.9782671
arboreus,0.94919264
lambo,0.9719535
iuvenca,0.84391433
tune,0.79334503
levus,0.9099616
suspirium,0.9866244
remugio,0.89001256
praecludo,0.9644655
stello,0.788284
somnifer,0.8457773
impediens,0.8273469
arga,0.58215356
liniger,0.5415806
epaphus,0.7923679
reprimo,0.95402795
inpliceo,0.9025468
clymene,0.9023999
phaethons,0.9116639
coruscus,0.96357733
grado,0.9169406
aethiopus,0.97021866
cadmum,0.818509
perquiro,0.92794263
requievo,0.41504818
castalius,0.908326
pretto,0.93143076
conuiuo,0.93159187
subniger,0.7756932
oblongus,0.91872597
pansa,0.92505574
aliquantulum,0.8710757
compages,0.9560276
praesignus,0.8170941
uene,0.58464926
urnus,0.9002179
squamosus,0.9487057
nexus,0.9741762
agenor,0.90020967
teguma,0.7964991
lancea,0.96510583
praestans,0.95319563
leto,0.6858053
molaris,0.9411404
curvamen,0.7781433
labefacio,0.8720219
circumfluo,0.9618137
albidus,0.784315
halitus,0.9575542
inmensum,0.818356
proturbo,0.9542105
retardo,0.92116624
uenenifer,0.38933003
ima,0.68921363
flagello,0.92327785
robora,0.9147563
perempo,0.9452913
fautrix,0.5106782
presdeo,0.8675816
conus,0.9306182
tritonido,0.9346072
sidonius,0.91837835
satiao,0.71981925
infeco,0.828028
ismenus,0.7914376
conligo,0.96334577
hyalus,0.63517976
rana,0.9495435
nuda,0.8856361
adversum,0.5813371
purpurea,0.88579726
cacumino,0.6645534
melampus,0.61671376
gnose,0.43430132
pamphagus,0.5615226
ualens,0.70143825
compendium,0.96225125
anticipo,0.9582096
hortatus,0.9075968
actaeonum,0.54209834
certatim,0.98513174
violentus,0.86697745
megaer,0.938519
cnidus,0.90936744
zacynthus,0.51313424
lesbia,0.8600155
ioua,0.9672488
uenere,0.79964304
saevitia,0.96016145
femur,0.9469022
adflicto,0.93590474
genetiuus,0.93895155
inro,0.9605237
irreprehensus,0.75605696
temptamen,0.80505395
implicsco,0.38984627
cephisus,0.8393893
resonabilis,0.84051025
echo,0.94822264
nymphaa,0.84017146
deludo,0.964049
breuissimus,0.9220222
circumlino,0.9443069
aufugio,0.9636266
repuldo,0.8759917
orto,0.85264075
despectus,0.93572855
rhamnusia,0.74197674
inlimus,0.66793305
pasta,0.9623457
inmotus,0.84712327
parium,0.90046287
gemi,0.94110215
inexpleo,0.89358795
quive,0.91921115
arrideo,0.9613471
roseum,0.8587267
flavae,0.71050835
sate,0.93063706
naideo,0.9386331
adsono,0.7791781
praesagus,0.96542156
bacchicus,0.8781917
semeleia,0.90034103
lacer,0.96294594
echio,0.8092607
mauortia,0.78811175
venior,0.67070115
pentheum,0.8333334
moderamen,0.9470162
linus,0.9079329
addisco,0.8679999
regima,0.94877124
antemna,0.90230894
melanthus,0.74106216
hortator,0.9442208
excusdo,0.918388
naxus,0.8680639
inludens,0.92300373
senso,0.94628024
distingo,0.7812422
lynx,0.9012641
resilio,0.9220295
pavidus,0.9054754
iusso,0.91285837
cithaer,0.8727926
inoo,0.680498
agauo,0.6614473
adsimilo,0.7075528
phineus,0.8930851
fraxineus,0.87916553
exsaturo,0.89363784
reuincio,0.97519773
adfixus,0.95347494
strato,0.90781754
rhoetus,0.8545401
calcitro,0.74153996
ardesco,0.97514373
ganx,0.79169047
chlamys,0.97296864
limbus,0.88247114
mur,0.77481925
dissimulator,0.8043103
exhalo,0.95252836
acerbo,0.98114204
adripio,0.9431912
penetrabilis,0.9356581
harpe,0.7718333
adclino,0.91201186
infligo,0.9345653
moribundus,0.94027376
semiramius,0.75625396
caucasium,0.69834095
abarim,0.66703784
decuto,0.9075014
caestus,0.94274664
ammo,0.74382305
adhibendus,0.9714112
adstans,0.93515646
inridens,0.94342285
repagulum,0.87397826
inlido,0.96545297
cinyphius,0.89761454
marmaridus,0.9318458
aba,0.8157825
ecca,0.81658864
doryla,0.934336
ditissimus,0.9260166
singulto,0.85209846
mendesius,0.6150857
palaestinus,0.6980748
aue,0.53536624
impugnans,0.81580234
cadentum,0.800241
circueo,0.9568069
nabataeus,0.5196551
traiectum,0.6181323
confodio,0.9764781
plenissimus,0.9373667
derigeo,0.88474077
nileus,0.8137127
septemplice,0.5209969
ementior,0.81062067
concerno,0.8988845
astyago,0.93902457
etiamnum,0.94084775
astyax,0.7764033
saxificus,0.8332716
socerius,0.8749663
induresco,0.8507663
moitulum,0.8364885
detrecto,0.9535324
tritonia,0.96350205
adfatus,0.8901613
uetitum,0.88100624
pyreneus,0.43988544
threicio,0.8997003
salutantum,0.4470086
uictae,0.7624091
novio,0.8405468
parituro,0.85983884
dulcedo,0.97932374
thespiades,0.8927338
aganippe,0.7394277
turpius,0.7605449
typhoeaus,0.87457997
terrigenam,0.78173834
deler,0.89563024
feles,0.84410715
aonis,0.9221314
praetempto,0.7589648
subiungo,0.9477955
ausonius,0.8755704
pelorus,0.71762353
lilybaeus,0.924615
eiecto,0.8437605
remolior,0.4540974
sicula,0.93383515
hamatus,0.76761967
cayster,0.93631214
uocandus,0.9211965
exhortor,0.9405154
ferrugo,0.94661975
invo,0.9612274
inconsolabilis,0.44490153
pruinosus,0.935817
inrequieta,0.8055098
polenta,0.964005
conbibo,0.9187782
nocor,0.7975259
sicania,0.92922604
tribulus,0.8565856
cauerno,0.9405229
desuetus,0.88313574
interritus,0.9404363
opax,0.7936885
vilus,0.91423404
pulpamentum,0.87128305
eiulo,0.89114654
discidium,0.97253835
ascalaphus,0.5535676
achelois,0.3638125
flauesco,0.9515143
eleus,0.90160644
studiosior,0.95802325
perspicuus,0.9250215
alpheus,0.9356977
uelocior,0.9064158
crinalis,0.88720566
fer,0.6637876
nescioquus,0.8137846
renarro,0.7514565
cauerna,0.95553344
tritonida,0.44224364
triptolemo,0.8693402
triptoleo,0.78533417
emathis,0.4446767
garrulitas,0.88020444
arachnis,0.5365935
lanificus,0.88618886
idmus,0.79167044
admirabilis,0.9819642
dumetum,0.9324218
lanus,0.9431766
resequor,0.8023131
stames,0.8529246
pauio,0.674209
falleo,0.9381191
infico,0.800385
cecropium,0.92483604
haemus,0.9215362
pygmaea,0.8994696
grus,0.9279274
antigona,0.86159456
ciconia,0.8822156
ledo,0.70770997
tirynthia,0.84847593
luso,0.7690408
pa,0.833091
insipiens,0.9595659
persentisco,0.8305235
iuvencus,0.674759
colubris,0.8147074
delphina,0.77404416
erigono,0.91563344
nexilis,0.90035117
intertextus,0.77725595
exilis,0.96746194
niobe,0.9507236
maeonia,0.8619405
mantum,0.57748973
pao,0.9175964
intexo,0.9651025
cadmo,0.8829715
paritura,0.8619189
cynthus,0.7567717
postpono,0.9047007
reccido,0.7929518
tcio,0.58568877
amphio,0.6406782
euitabilis,0.44476324
avitus,0.87722534
incuruo,0.9499776
sumptuosus,0.9529325
aduolo,0.98521554
adleuo,0.891817
pium,0.6891589
pulmo,0.96933794
neruosus,0.7293949
internodium,0.86427355
exitiabilis,0.9496683
profectura,0.66898364
relanguesco,0.8540768
collabor,0.93929327
congelo,0.8871373
inpensius,0.7379645
divus,0.64141065
erraticus,0.92470074
puerper,0.83060986
relevo,0.76995337
demiror,0.7713141
submergo,0.9523468
stagnus,0.9398598
amphiona,0.827657
corporeus,0.9097393
comparens,0.418399
calydo,0.8340563
pandium,0.87589014
pandio,0.7955791
repeteo,0.8499912
naido,0.90844727
dryada,0.45625967
inpendo,0.9317804
effreno,0.9020699
vinco,0.97819793
praedator,0.88398594
obuncus,0.6994506
barbare,0.9399247
quandocumque,0.9109709
commoueo,0.97008693
accingo,0.94556564
lacerio,0.7560047
lacerus,0.95528054
lugo,0.8592533
ceruina,0.89629376
refringo,0.8693481
develo,0.42140022
terea,0.43553433
exaestuo,0.97633445
maduere,0.9477033
tereo,0.50139254
gangeticus,0.8943893
inmergo,0.858441
inmodicum,0.64034486
moderames,0.42023596
erechtheus,0.83079934
dubium,0.8744694
induro,0.90342
orithyia,0.8384476
agitas,0.75243545
ciconus,0.8157259
inplumis,0.70367974
calais,0.5869203
perpedior,0.9112304
gesto,0.98419136
pelasga,0.8374572
servatrix,0.4471047
servano,0.8462699
sorbo,0.7029227
medea,0.8944683
triformis,0.9137692
praefigo,0.9515093
pulvereus,0.5336674
deriguo,0.8850898
praeacuta,0.6838845
auxilio,0.8037332
achivus,0.9168949
d,0.8488914
transcribo,0.907058
heco,0.94755566
sopo,0.6413393
adscendo,0.8995158
cres,0.89179754
contactus,0.95666075
scrobis,0.9827662
carchesium,0.9477888
effetus,0.9024928
multifidus,0.936201
refluus,0.93756783
urbani,0.8137057
aedo,0.82680345
colchis,0.8170876
marceo,0.9521903
sanies,0.9702732
conieco,0.9059854
pudice,0.89554805
othrys,0.7186703
pitanus,0.6892158
tumulatus,0.90766555
inpe,0.82530683
iasonae,0.44421628
neps,0.9418855
aconitus,0.4694168
capulum,0.965741
inluxo,0.6558446
maratho,0.9014756
curvo,0.82959485
consono,0.90985805
firmissio,0.6443242
anaphe,0.73845816
cretosus,0.89322674
thymus,0.9028662
andr,0.6275639
aeginus,0.8831995
lyctium,0.67185855
bute,0.88569653
inexcusabilis,0.86070836
ingemsco,0.8204603
lues,0.97471195
retexo,0.8508829
balatus,0.7632131
tabeo,0.9141096
inmorio,0.6620641
inuidiosior,0.83234906
indoto,0.806024
dodonaeus,0.94104844
exercito,0.97101355
tremesco,0.92397505
egredo,0.8978821
partior,0.94794846
pallo,0.82828647
ferina,0.82641375
iamdudum,0.9632584
mirabo,0.9401494
reuolo,0.9387506
amisdo,0.8471796
cornigera,0.83631665
hymettus,0.8206372
nectareus,0.9085932
coitus,0.97128594
retracto,0.9542428
inmuto,0.94312435
temptamentum,0.84417987
fictor,0.9014833
concorditer,0.90358114
indago,0.9355818
copula,0.89543045
exuio,0.8944999
apex,0.9765508
aeacidus,0.78852016
haer,0.9068816
carior,0.9767245
letoia,0.8192488
resonantia,0.91910374
europaeus,0.7286923
lacrimabilis,0.9511961
cognio,0.9286629
mavors,0.9357364
saeclum,0.9724083
incunabulus,0.83474314
inhospita,0.8235582
armenia,0.97990656
progeneo,0.8620238
diuello,0.96765983
gnosiacus,0.5478953
refluo,0.94167966
pastus,0.9794688
nouenus,0.8723526
adligo,0.8785259
mollibo,0.6828426
uolatus,0.97445136
perdix,0.9067418
serra,0.93787795
aetnaea,0.928083
cocalus,0.3875282
lamentabilis,0.9185392
bellatrex,0.63111174
herbidus,0.9141635
epier,0.8904477
adflat,0.7138504
gravidus,0.68527037
frondeo,0.9709501
meleagr,0.87547565
creator,0.8476647
echium,0.85553885
lelex,0.68930036
panopeus,0.58362526
calydonius,0.828437
echionium,0.87927103
uulnificus,0.8827534
saetiger,0.9186934
magniloquus,0.6083729
pirithous,0.9103363
inmanis,0.974408
mavorte,0.75968635
althaea,0.79697376
imprimo,0.96747
fragmen,0.96287495
inpietas,0.72693336
convalesco,0.89435065
coaceruo,0.8965372
sceleror,0.81268144
torris,0.6026978
scisdo,0.82235646
presso,0.8893861
latone,0.9467792
alcmena,0.8854036
erechtheo,0.80525136
inclitus,0.9791196
uolvo,0.7253182
torrens,0.935202
multicauus,0.72132945
discumbo,0.9504297
sequestro,0.92125237
adpositus,0.9703252
duxo,0.9211751
revello,0.76252043
peritura,0.8231138
undus,0.96706706
neptunes,0.82400954
adsensus,0.9380381
duresco,0.9459959
spretor,0.49998617
tilia,0.7917611
fulicus,0.7300369
caelicola,0.982839
menta,0.84976625
bicolor,0.9074626
ovum,0.8682488
succresco,0.90889525
levo,0.83580166
caelatus,0.68580055
conto,0.83099353
contremo,0.85904235
detrunco,0.8512439
quatinus,0.62150323
caucaso,0.8459091
incuruus,0.92453986
cratis,0.97192234
sacrilegum,0.54190564
recogito,0.8537266
divello,0.67067415
cessor,0.86152756
reiicio,0.84082115
nitentia,0.8555058
reiceo,0.8820229
inpulsus,0.67700356
bisulcus,0.8742458
coluber,0.92133904
forceps,0.9198685
evello,0.90387815
odorus,0.5142884
ablo,0.8331038
nsum,0.6977159
uberus,0.93661016
hiemalis,0.9571501
clementus,0.9037721
abes,0.99999994
cenaeus,0.79991245
perterreo,0.9571017
ambustus,0.8297029
ela,0.67542154
stymphalis,0.80419266
insomnis,0.960873
uastator,0.9019963
lacio,0.8933636
praesepium,0.9294662
deiicio,0.87438357
indefessus,0.8674737
oeo,0.90738213
gradior,0.96210873
latito,0.977304
tuno,0.92259127
adstringo,0.95957744
pyra,0.9564755
quadriiugus,0.93052137
laborifer,0.80838025
pauefacio,0.90776736
prensa,0.4719331
strenuitas,0.6194965
cenaturus,0.7957945
passa,0.80431986
myrtetum,0.8265181
oblectamen,0.7686487
crueno,0.78638136
priapio,0.8433972
convello,0.9078839
subcresco,0.714471
impendeo,0.94109607
adfusus,0.5668501
inroro,0.82702804
reformo,0.87529504
iolaus,0.7841449
hebe,0.81696105
capaneus,0.81519365
subducto,0.8712311
privignus,0.77712834
repetio,0.82438743
poscio,0.80150074
iuvenescio,0.7687923
rhadamanthus,0.890043
minous,0.83505255
miletus,0.93866605
mileo,0.91028464
asides,0.44108674
cyaneus,0.8946793
praestantia,0.9540754
caunus,0.7172167
byblus,0.8510991
uerumtamis,0.51162326
profor,0.96306247
copio,0.6418864
obscena,0.8222508
cog,0.8573254
crebris,0.937281
norum,0.9470526
meror,0.7555001
subscribo,0.92217064
maeandrius,0.7548963
byblius,0.79075015
subuerto,0.9384227
nonnes,0.97373897
adfundo,0.8908962
concubina,0.9264883
cragus,0.7696384
umecto,0.94002146
aresco,0.95565575
bitume,0.9713794
favo,0.6898039
phoebeia,0.72867966
inculpo,0.7965636
necor,0.9032334
lunaris,0.926419
telethusa,0.8627557
dictaeo,0.5646945
confluo,0.9601047
fulsero,0.9474937
brevus,0.7864834
orphea,0.9391807
stridulum,0.9348502
naiads,0.79447544
rhodopeius,0.89563715
inamoenus,0.74817324
eurydix,0.9388117
refugus,0.92977583
erebum,0.8553363
aesculus,0.9217464
innuba,0.7868941
amico,0.9636871
ornus,0.9677148
capistrum,0.85738343
litoreus,0.9147614
concordo,0.9056928
phlegraeus,0.936977
uictricius,0.96871996
inconcessus,0.8050824
verto,0.64243287
inmunitus,0.583838
splendesco,0.93729055
repercutio,0.957958
marcidus,0.9576653
cerasta,0.930619
pygmalium,0.8905424
niveus,0.85235596
pygmalius,0.8740281
simulor,0.70290685
sidonis,0.6643497
cyprum,0.9376634
mollesco,0.8799865
paphius,0.8220835
uenii,0.9592909
paphos,0.7752911
amomum,0.96185017
costus,0.9203633
interdictus,0.8647474
concumbo,0.95956314
uirginei,0.7124298
cinyreius,0.6995582
innecto,0.96781045
laquei,0.89135766
inmoueo,0.8541285
uei,0.4253983
velo,0.7892251
bubo,0.8817607
letalis,0.96233225
uenerus,0.8991723
cythereia,0.7835425
cnidum,0.53492904
dumosus,0.8090327
adonium,0.7860378
aprus,0.94257027
reclinis,0.81853855
intersero,0.8425145
innuua,0.7542534
hippome,0.86687595
talarius,0.811493
superandus,0.8608999
pronepos,0.94195193
indigena,0.8994499
cypria,0.8341854
cana,0.6436565
eradico,0.86163914
speluncus,0.8603767
turritus,0.94735634
cinyreus,0.7532567
lymphatus,0.84532166
exaudo,0.63878137
maenades,0.7326957
lacertosus,0.8677013
obstruso,0.46889937
phryges,0.943156
orgium,0.97093177
drachma,0.8808949
genialiter,0.4734184
altor,0.89044225
resplendeo,0.963472
fusilis,0.8553684
meritus,0.60397136
lenaee,0.74832255
habitor,0.9212548
sard,0.68692833
dareo,0.8323139
delenio,0.9299468
uillum,0.94863987
tiara,0.9054264
maturesco,0.945464
nepheleidus,0.6868045
sigeum,0.5786569
illeus,0.78632194
avarus,0.9164647
hesion,0.5698961
thetidus,0.87194425
myrteus,0.926838
obso,0.8918972
thetus,0.80875075
fudeo,0.8888191
carpathus,0.77217346
hesperium,0.8704864
uelamentum,0.9355293
teno,0.91763973
chio,0.6142109
nubilis,0.9398202
alipes,0.9683534
progenitor,0.8104049
amplexor,0.9400691
desubito,0.9230665
uorio,0.7235248
cautes,0.9785069
festinus,0.8628885
adpello,0.909655
restagno,0.63403374
funesto,0.91980237
defenso,0.90295964
infectus,0.9458451
thetum,0.96482867
simillo,0.8754411
alcyonus,0.2717352
ualenter,0.82316166
subnecto,0.94199514
refundo,0.91907537
despicor,0.90974575
acherontus,0.65798604
protentus,0.8886846
defensa,0.69730455
nimbosus,0.948532
regime,0.9131205
everto,0.7663034
aeola,0.8684721
exstinco,0.8867678
cimmerius,0.8893781
igno,0.8802765
mixo,0.84441906
cristas,0.41620323
sagacus,0.93828356
ebenus,0.5100949
sollertior,0.8131506
thaumantidus,0.5470967
crudelus,0.9325632
uum,0.8064848
egressus,0.9305128
iunctim,0.8725228
substrictus,0.8833283
mergus,0.8779211
dymao,0.7233639
granicus,0.90469295
anas,0.8481976
trous,0.89371216
subuolo,0.770316
indigenus,0.93998027
absolvio,0.9320581
ionius,0.9759749
discendus,0.9590742
mirantum,0.49374992
thymum,0.80459297
car,0.79534155
pinguesco,0.95872176
uorax,0.921571
supernum,0.54083395
praestantissimus,0.88451827
palor,0.96497726
despecto,0.95922446
abstuleo,0.92832404
exturbo,0.95608306
milum,0.85432166
fluidus,0.9271579
raresco,0.93655145
eluuies,0.89405084
excaeco,0.935475
mysus,0.7470933
eripiendus,0.876243
hypanus,0.8727946
amar,0.9560842
phaer,0.9198272
tyrus,0.8848716
obitus,0.8978026
cico,0.84250885
crathus,0.704788
sybaer,0.90229034
conterminus,0.90590215
salmax,0.86284035
aethiopes,0.78489035
abstemius,0.8433541
lyncestus,0.7034746
symplegada,0.779899
sulphureus,0.9336206
spiramentum,0.8888116
hyperboreus,0.95567685
sexangulus,0.7610605
mellifer,0.6409302
armigeer,0.8763233
casia,0.95733786
substerno,0.9584675
hyaena,0.79056036
uesica,0.9248881
curalis,0.7957798
anhelus,0.95480126
uiguer,0.4268508
cecropa,0.83795226
pandionius,0.8893763
appenninigenus,0.49298522
praesagium,0.9741704
aetheria,0.9476951
helenus,0.9571177
obliio,0.84872645
pedica,0.92340475
inludo,0.9706496
perdio,0.93525654
latialis,0.63661957
erectus,0.9603361
euomo,0.966661
quadripedes,0.812745
egeria,0.8709495
amazo,0.93734694
bidentus,0.48824227
adpropero,0.76798195
fino,0.73442477
phoebeius,0.94296896
epidaurius,0.9224992
euincio,0.8666023
aeneada,0.87214464
parthenope,0.88949263
uolturnus,0.8574325
minturnus,0.8977155
uelifer,0.6948527
adverteo,0.86205673
litorea,0.81835806
castrum,0.88031393
cinyphium,0.5845487
abunde,0.95108503
solanus,0.51884586
calydonia,0.83055335
strictus,0.8884641
diomedeus,0.8550279
insuperabilis,0.92967373
concusdo,0.94672924
inpono,0.8274468
obsesdo,0.903807
pharsalia,0.8899346
barbaries,0.7768754
cernendus,0.90253896
ignesco,0.895843
indiges,0.8865801
caesarea,0.8542583
aboleo,0.97553265
indelebilis,0.6614671
legor,0.8410894
bifor,0.8045774
protea,0.8565217
tribueo,0.82712144
moderamo,0.47337192
quatenr,0.7718895
ignifer,0.96049803
quadripes,0.9131017
sufflo,0.9012412
bucca,0.91836816
proserpo,0.85876757
radior,0.94474745
chrysolithus,0.8962785
ambrosius,0.8572536
australis,0.93030393
molio,0.91252214
tortus,0.8393305
pyrous,0.945245
aethos,0.94778085
hinnit,0.79178953
flammiferus,0.8580478
calueo,0.8328229
formidabilis,0.9293369
concauo,0.7951052
oathrys,0.7165667
mima,0.9293338
mycalis,0.7997754
caucasus,0.9606153
profundus,0.97726697
libye,0.94510305
dirco,0.7515017
ephyra,0.8043933
tanaio,0.93248975
caicus,0.838063
orontis,0.9378696
dissilio,0.9547771
nerea,0.8025506
infidelis,0.89015764
pernosco,0.89247847
quide,0.7719419
adunco,0.82608926
radium,0.9328085
laceo,0.78757095
trifidus,0.90424883
ecquisnam,0.759572
phaethonta,0.9083235
los,0.8778095
sanguinea,0.86607164
pessum,0.93531615
irrequietus,0.8590966
igniferus,0.78579617
amento,0.8158822
impensior,0.8490944
audentia,0.70911264
retendo,0.6908698
diactynnus,0.50801665
testatus,0.74856865
horresco,0.9804403
qualescum,0.9183781
uenatrix,0.8715028
uenantum,0.78957546
nigro,0.9716995
quoquis,0.8896249
larissaea,0.8324683
exarso,0.9496617
chiro,0.874941
semifer,0.94985557
praeuerto,0.94751453
hinnitus,0.87607044
collus,0.8079105
rescindo,0.9630276
messenia,0.8683838
battus,0.82372916
circumuolo,0.9408361
cylleniter,0.7784033
circino,0.7799524
praestantus,0.9294708
incandesco,0.9123306
toruo,0.8843404
tabum,0.9527408
uiseo,0.9281167
spineus,0.57125735
protero,0.96196437
piceus,0.95745236
blandimentum,0.97667754
trisulcus,0.8182008
alludo,0.93603265
impietas,0.9664663
bromium,0.9360968
babylonium,0.917825
uulgaris,0.96685827
pyrao,0.7893694
tenuor,0.86837536
coctilia,0.7853539
semirama,0.935087
inuides,0.6329627
ninus,0.91993636
r,0.9451544
lamentatio,0.95485616
tremebundus,0.9361358
pallidior,0.6681918
exhorreo,0.94060755
pyro,0.7043661
reuellus,0.8773669
repudium,0.9444107
elimo,0.5198792
aranea,0.94801044
tempere,0.88642526
achaemenia,0.8802657
ambrosia,0.90315187
inopinus,0.93217313
diffamo,0.6592915
immansuetus,0.68498194
phaethonteus,0.90451825
dolenter,0.8805226
commoro,0.8640071
demento,0.77488196
daphnido,0.94989526
cureta,0.88440764
enutrio,0.8630483
uluus,0.41443086
fauonius,0.7734765
naio,0.79931915
simulatque,0.92763376
transluceo,0.6406159
subiecto,0.71314937
intexor,0.79433477
hermaphroditus,0.7773686
profano,0.9313618
apparentia,0.54463774
tinnulus,0.7965019
pampinus,0.9500383
fumidus,0.89246935
perodo,0.45335293
taxus,0.9141784
sentum,0.8091607
iuger,0.85434794
tantalis,0.6091485
adspiciens,0.7299516
distendo,0.9659121
arrepo,0.8627826
porga,0.7714165
caros,0.9519532
uelutum,0.5476767
apposeo,0.5209939
cretus,0.90914285
acrise,0.82576096
parnasia,0.9209682
admonitor,0.5950433
talaris,0.8524728
oblior,0.8303359
panda,0.85177994
anguicoma,0.49736375
praepo,0.44778413
uima,0.8233775
munimen,0.960413
phorcida,0.7222537
quaeseo,0.8545118
assumo,0.9555038
neptunum,0.8019339
precantus,0.8124272
perpessa,0.7701216
inexpectatus,0.6234674
troes,0.84797585
hectorea,0.78998786
fataliter,0.8235676
clipeius,0.97351027
irritamina,0.7684581
poeniceo,0.35625076
subiectus,0.92496777
fremebundus,0.81773436
nidor,0.94577277
sio,0.60271215
multifor,0.6178374
buco,0.6739834
adito,0.8412875
caeneus,0.72961086
decore,0.97360986
achille,0.8864856
denupdeo,0.69973826
hippodames,0.81348646
rapto,0.9574231
cerebrum,0.98404
amycus,0.89389014
funalis,0.9269183
lapitha,0.9118551
perstringo,0.96580267
summergo,0.933867
sib,0.8196779
reuulsus,0.84712887
cometes,0.9167864
comprecor,0.7069608
thauma,0.295918
lycida,0.85585463
uillosus,0.9050751
styge,0.81516445
cubitum,0.92329526
proteco,0.6719422
thereus,0.43456474
diuellio,0.74332523
dumus,0.9677981
pallados,0.8893776
achilla,0.8563791
disiectum,0.77939093
mendosus,0.90377176
sessilis,0.5972855
cyllarus,0.83732605
refrigesco,0.93128717
cribrum,0.88756824
bifurcus,0.84383893
pelethronius,0.93568283
mopsus,0.93219644
elymus,0.4854022
commoneo,0.9374237
retusus,0.87460756
detrusus,0.78533506
clangor,0.9724358
semihomo,0.7649193
deiphobus,0.613041
elis,0.50479996
ruptus,0.91038847
ciuiliter,0.8648285
tractum,0.8834657
thermodontiaca,0.48788
laerte,0.46459022
septemplex,0.9033669
sisyphus,0.8258997
sollertus,0.89770925
inutilus,0.5429934
naupliades,0.4719554
laertiada,0.6108655
palamedes,0.87010336
conuictum,0.6697947
nestora,0.6190536
ithacus,0.9381333
snaiscor,0.8946675
tergeo,0.9419651
comprendere,0.94663763
nereius,0.7657484
iniicio,0.7639442
tenedo,0.8412053
chryses,0.6769353
scyer,0.53094107
aulidus,0.80010843
complero,0.799844
lubeo,0.71781707
etiamnus,0.7616792
dementia,0.96643114
telamonias,0.737881
communico,0.9221083
sarpedonus,0.86577547
deuasto,0.90206003
benefago,0.9277662
ulixus,0.8301233
palames,0.7469902
philocteta,0.93384403
tergus,0.94716734
tydido,0.93587494
thoo,0.88575697
priameius,0.87288827
astyanax,0.7661888
hecubeo,0.65779984
dulichia,0.66109407
bistonium,0.87308073
polydor,0.8368541
achilleos,0.8499743
ore,0.9087155
quiduus,0.90961087
polydorus,0.92391586
obmutesco,0.9416088
sustollo,0.92854416
expilo,0.9199825
praepes,0.7940513
duodena,0.70075023
ascanium,0.8543682
antander,0.56264883
anius,0.76191616
antistes,0.96184975
ector,0.4851309
implero,0.7783558
alcus,0.944378
exequia,0.9729725
ithaca,0.85997826
pachynus,0.943857
reuomo,0.8111793
dor,0.8033721
praestantis,0.69472003
alma,0.90707266
compactus,0.9416363
niuei,0.96060026
ligustrum,0.9212231
alnus,0.97156245
uuus,0.9205768
castaneus,0.9181649
stabulo,0.89059174
disteno,0.93294966
fetura,0.96164036
haidus,0.9370672
dammus,0.858913
dignosco,0.7791376
unianimis,0.7360636
peritur,0.9561199
dehiscio,0.711917
cauum,0.8904759
refrigero,0.9483794
molum,0.8828609
ser,0.8361167
pinniger,0.7585658
prodigiosus,0.960997
nauifragus,0.6532795
sao,0.8072428
scyllum,0.86993396
udo,0.90257066
erycus,0.7950934
manis,0.8709198
auernus,0.9770681
troiane,0.89187264
orcum,0.8381769
atauus,0.94511735
uisao,0.6595158
dignor,0.51550746
conuexum,0.82245183
sibyllum,0.8392106
ulixei,0.8511607
uitalis,0.9817448
obambulo,0.8899799
protendo,0.93480635
binum,0.7547163
affligo,0.9661126
frustum,0.94585687
tremisco,0.642211
allabor,0.83251446
antiphatus,0.89252377
eurylochus,0.6541869
examino,0.93390876
patto,0.514871
hara,0.8325327
pacifer,0.75306875
conuersus,0.9040108
bifidus,0.54551876
laurens,0.8736456
caneo,0.9418956
lauror,0.6467025
contractus,0.79367673
circaea,0.70779824
aduenus,0.7588796
puerus,0.67532176
inceptus,0.8460318
itiner,0.839555
peruideo,0.9457741
erebus,0.7870646
attonio,0.81967825
attigo,0.84535813
desuetudo,0.7335287
aeneia,0.8485439
prorumpo,0.9780443
profugius,0.85668796
iapyge,0.8009224
graecius,0.77318203
diomedes,0.88617074
pleuronius,0.8482642
resuscito,0.6568069
iapyga,0.9192469
peucetius,0.6713403
oleaster,0.9222649
transtrum,0.9254669
antemnus,0.8992148
alcinous,0.936904
binominis,0.88658756
capetus,0.75135136
pomona,0.8172712
bibula,0.72000146
agrestus,0.88181895
poteo,0.90450937
piscator,0.97522223
pandus,0.8332141
propendo,0.6839532
noricus,0.9381201
paeanus,0.89234555
faux,0.9324423
auertor,0.9171523
salamis,0.780289
palatum,0.9535506
hersilia,0.8171708
uaccinium,0.8953694
secessus,0.96757334
commoror,0.93929523
euigilo,0.91135424
quassatus,0.7519283
bacchor,0.9792578
balista,0.7351047
uehementer,0.9397594
sustulo,0.8891985
uelito,0.5736363
sarmatus,0.95535046
laeuis,0.67455673
machaera,0.9380802
apo,0.75108397
capeo,0.9185971
proposio,0.8188042
relinquendus,0.9706574
comploro,0.84776413
rudor,0.5709025
alloquium,0.9151912
debitor,0.94098186
orestum,0.7326354
euryalus,0.9317913
deminuo,0.9709958
infragilis,0.50569856
neritium,0.74602896
geticus,0.956694
sarmaticus,0.9566564
bellatrix,0.95106447
lyde,0.80109715
incustodio,0.8327111
uultur,0.95293754
ecqui,0.76847535
penelopes,0.9114181
assimilo,0.7152151
heroida,0.8362533
relegato,0.4549359
praeposterus,0.9366001
tantanus,0.9532594
prostro,0.94574046
inoffensus,0.9510802
orestaus,0.6017376
coniectura,0.9516573
aeolia,0.8976163
lampsax,0.43468922
anchialis,0.4962731
hadrium,0.8746066
detono,0.82673883
uexeo,0.65249234
crudelior,0.9173908
suauis,0.965062
amoena,0.92939585
egredor,0.8134382
intermissus,0.39326432
silesco,0.7302489
parrhasia,0.8782197
danuuius,0.74990815
fugatis,0.80637217
sauromatus,0.9361237
ineptio,0.9206808
pannonia,0.95675474
illyer,0.9450136
raeticus,0.87651443
armenius,0.97690445
existo,0.95860106
aeneas,0.8497033
arrogo,0.9170078
pallado,0.89874035
iasio,0.6772119
euoluio,0.9192885
compositor,0.52445704
lesbium,0.9027698
sapphos,0.8806558
battiade,0.7748155
odyssea,0.9181993
heia,0.9109392
coturnus,0.95759064
chimaera,0.9438077
mycenaeus,0.94832593
phoebo,0.69263154
aristides,0.9548489
milesia,0.8117672
catullus,0.92537385
lesbius,0.91209644
caluus,0.9405359
procacus,0.7760034
metella,0.6831392
discolor,0.97102714
nor,0.9024333
iocor,0.91576564
aeneidus,0.9473223
bucolicus,0.9664852
uoluma,0.7980142
clementer,0.95094365
detero,0.9067615
quietior,0.86159456
querna,0.8270377
lycaonium,0.84669906
affirmo,0.95599514
gauda,0.9156805
peremptus,0.9479477
titulum,0.7709233
propitio,0.9421239
adsimilis,0.59268457
inglorius,0.9453593
nasona,0.8579656
ingrauo,0.90029114
cogniio,0.883546
fermento,0.92023754
porus,0.908823
dareus,0.8785538
pessumdo,0.7061191
amabilitas,0.68347585
scissus,0.77630526
mansuetus,0.9577101
doctissimus,0.9540491
croedeo,0.9446777
domitus,0.9446053
iactandus,0.84472394
go,0.8639054
antiquior,0.9109827
tomus,0.7854936
conseco,0.92041355
bes,0.90092504
sutum,0.8538969
angustae,0.8944056
histro,0.8865911
tinctilis,0.43567246
morigeror,0.8926461
busiride,0.83058006
maeotus,0.88382655
pubesco,0.9648396
uerbosus,0.9151765
trochus,0.60897726
sauromas,0.901579
bubulcus,0.9682921
adno,0.8841187
euxinus,0.9448939
cauis,0.79693687
infecundus,0.92784977
getica,0.9313959
qualemcus,0.9318578
fossor,0.9326864
harundineus,0.763357
obtutus,0.94171846
lethes,0.9040949
euxinor,0.78347224
profudo,0.91348577
uica,0.951367
erepto,0.4508354
ueteris,0.75540495
oblita,0.7988276
affectus,0.9662378
euadne,0.95906466
propinquior,0.53624696
tauricus,0.93758357
cupiendus,0.85372657
confugium,0.66862905
gaudeio,0.7912898
lucto,0.6517705
bonitas,0.9566783
castora,0.92018026
redduco,0.50257033
cognitus,0.9333415
tergemi,0.62896717
inertus,0.696718
quassa,0.5339751
euxino,0.7548753
dodonum,0.7519678
istinc,0.9390877
affesco,0.9348678
scortor,0.83712935
clauos,0.8391395
inmunditia,0.45263413
properte,0.6766703
sodalicium,0.8030629
herous,0.9426764
bassus,0.7989286
horatius,0.93664616
ausone,0.88931763
uergilium,0.9639295
suo,0.89454794
scite,0.85610735
pisaeum,0.8074912
supplicum,0.8752174
lemnium,0.8969661
strangulo,0.9550098
eutycheo,0.4632783
rosarium,0.87878025
quotua,0.70398283
effringo,0.95956194
absentia,0.9728569
obustus,0.66842777
getico,0.9185592
loquela,0.89760995
strymona,0.7664933
persidus,0.73566407
condoleo,0.8420008
gnauus,0.6208452
arctum,0.7823388
subeundus,0.94835144
palinur,0.7196665
pulsao,0.8482199
tomitanus,0.8168194
uerissimus,0.95713884
iunco,0.9342207
quamue,0.8737616
triste,0.9042988
exodo,0.30323496
mendico,0.9509757
superabilis,0.7134944
pauida,0.7519355
thalium,0.9178391
euxo,0.84488904
uenientia,0.74813473
persicus,0.9694811
anytus,0.8308097
steteo,0.9252144
caries,0.9233036
commodo,0.95773506
naeuus,0.7706223
absinthium,0.9547882
inextinco,0.55120105
admetus,0.9380128
ibis,0.8170353
reuereor,0.9524964
execror,0.95150316
iazygo,0.4749128
odo,0.96833354
ossea,0.7688306
elysium,0.8735163
incoquo,0.80463994
revolubilis,0.8511323
inhorreo,0.9542062
nequid,0.9376225
lavo,0.755746
caninus,0.95896256
admoro,0.58131254
clothos,0.6933496
infusus,0.88804924
prometheus,0.9682284
aurifer,0.94639957
leucus,0.7572744
sardanapallus,0.8578187
lenaeus,0.86630464
gestito,0.7743159
thrasyllus,0.8674772
cassandreus,0.80385315
contumulo,0.5837905
abdero,0.66202545
devotus,0.8495684
cautior,0.9421267
idmona,0.5809551
coturno,0.73006696
peniculus,0.79084176
tectorium,0.9325113
thyesta,0.79232365
mamercus,0.8766092
praefoco,0.6360891
gnosia,0.85541224
anaxarchus,0.8592713
fidix,0.7893009
pelopa,0.8627223
dilanio,0.894243
trinacriter,0.84371495
gigans,0.9665206
strymonia,0.7800625
althaeus,0.8436634
comprensus,0.8522805
lycastus,0.7918004
fissile,0.74494755
rutulum,0.81483465
uivo,0.92998624
tantisper,0.90047395
uulo,0.90778494
isiacus,0.906235
tabidus,0.9434008
teredo,0.53796124
salis,0.9051419
tinea,0.9111119
indiligenter,0.5089017
irresoluo,0.54938734
corium,0.97745556
tityi,0.795787
meo,0.96708655
geto,0.7746135
pacate,0.6154132
maarcius,0.7247882
censum,0.7674442
rufina,0.66371953
medica,0.96134865
podagra,0.94951826
auxilior,0.90725774
ualentus,0.46178493
fomentum,0.9535961
smyrna,0.93424505
cynicus,0.9751391
patroclus,0.8891449
notior,0.9582938
anxietas,0.92075354
noualis,0.9288978
stilus,0.97322184
facetus,0.9668443
perstiti,0.72679776
eiuro,0.8197985
marcesco,0.949507
ges,0.76734763
taprobanis,0.9277346
tyndaridus,0.8227254
offa,0.96449554
getum,0.7051558
cappadocia,0.9843006
procinctus,0.9001014
caspius,0.9798102
odrysium,0.76705223
nocentus,0.86792207
iucunde,0.9071324
pinifer,0.8963195
clodia,0.71565735
umbrius,0.62818086
dense,0.88265914
ee,0.94946766
uentur,0.7338867
ossum,0.86283517
hilor,0.9151895
lappa,0.9079493
frugiferus,0.8867169
fulsio,0.4850095
enceladus,0.87177765
remisero,0.47668684
drudo,0.953715
probator,0.9026555
polypho,0.86386424
auida,0.74411446
supputo,0.8196516
prosto,0.8843426
proiectus,0.8959297
es,0.8968028
incomitatus,0.8208698
iluus,0.78798026
optor,0.6432471
salua,0.8321518
ceo,0.9093385
rasus,0.86649954
secura,0.8870917
babylum,0.8538246
intermorior,0.8213209
enarro,0.94658136
festiuus,0.9396256
solet,0.9146784
ingeniose,0.7778214
ceraunium,0.8982622
strophium,0.8815361
deridiculum,0.83865917
labium,0.7920443
ualgus,0.8262207
sauius,0.7357487
proiicio,0.93138
tristus,0.89254844
beate,0.75003886
naupactus,0.8850808
cumaeus,0.8111388
interibio,0.78153086
nouor,0.8890022
adnueo,0.7899771
intumus,0.6313485
eumolpus,0.87706393
clus,0.7918888
antipho,0.8026355
laestrygona,0.8123507
emollio,0.8846827
prouicio,0.6564704
loquo,0.902741
hermiona,0.8411834
iasonium,0.65422064
clanculus,0.86979526
immodicum,0.8983697
obloquor,0.9359368
deuorto,0.90399873
conuena,0.5697174
amphiaraus,0.92046744
perfodio,0.9521565
conseruus,0.92238086
assuesco,0.94639695
pelta,0.80130094
fabrica,0.9532976
mouendus,0.9449662
uertendus,0.91969335
capitolus,0.38294572
uacuis,0.6805243
diffringo,0.81251705
loreus,0.73205984
basis,0.84499776
impluuium,0.8485711
sacrificio,0.7009366
pylas,0.93953
pulchri,0.91132843
exaro,0.9411357
gallina,0.98149097
uolesus,0.516596
nitio,0.41714337
ecquao,0.92098886
liue,0.8941422
memnonium,0.8046676
terebinthus,0.91369975
latens,0.5778584
plausus,0.92736095
frigidior,0.9313726
sepulchrum,0.9715687
rhene,0.7537144
dedignar,0.3474468
latenter,0.73098963
curandus,0.9580903
immorior,0.47801942
thersita,0.83962905
aheneus,0.57777214
undeuiginti,0.88919735
honorificus,0.91003597
hirtio,0.8363236
tricensimum,0.943823
dictatura,0.9631388
uinicium,0.872887
curator,0.92011154
conlega,0.8898614
contubernalis,0.96290106
xv,0.5533922
uii,0.88458735
epulo,0.92699915
arualis,0.73938525
titius,0.8621856
asinium,0.9123403
tib,0.86726105
nongenti,0.9532197
exolesco,0.8595195
unanimiter,0.7728709
sacrosanctus,0.86384153
sacerdotium,0.9473725
consacro,0.6656708
vestalis,0.90673816
redio,0.7947113
lucius,0.9478587
hs,0.5066685
patrimonium,0.97166824
pernumero,0.75586915
xii,0.7297721
decimum,0.37972838
fabricium,0.94415784
lentullus,0.8320241
nummarius,0.9161715
chalcidicus,0.92161196
flaminium,0.7400514
inscriptio,0.95675665
mulvius,0.8465619
uestae,0.9669933
coronaris,0.8390402
benig,0.5396931
conlegium,0.91715765
silanus,0.85321075
xiii,0.75943434
ct,0.9615681
amphitheatrum,0.941264
sexiens,0.84572124
biremis,0.8957838
argentea,0.8625084
centio,0.8932838
dcc,0.8578093
lxxxiii,0.75458467
clxx,0.8019013
germania,0.9461352
gades,0.9528733
hadrianus,0.8055644
tuscum,0.82837045
cimbris,0.96693444
aethiopius,0.9389318
sabaeus,0.95499235
fraudulentia,0.8257328
tigrana,0.9602347
ariobarzanium,0.9044863
tigra,0.964199
cyrena,0.8848605
narbonensis,0.9520525
xxviii,0.8201518
frequentissimus,0.9420811
pannonius,0.9320594
dacor,0.5473646
danuvius,0.89080274
iureiurandum,0.8607726
sarmata,0.9563015
tanaim,0.94603914
hiberus,0.96053445
tiridas,0.54428506
adiabenus,0.8673042
suebus,0.9299544
orodus,0.93858397
vesto,0.77657324
condimentum,0.87548727
iuuentas,0.7091594
the,0.46945578
rum,0.78608143
nitulum,0.7402264
t,0.9688226
nn,0.9427615
opulus,0.7625075
bel,0.6806164
ae,0.922997
b,0.9223242
ella,0.7887753
v,0.85781145
xi,0.75008273
emeo,0.8716998
trum,0.58739024
st,0.8232738
su,0.8766343
busm,0.8283133
man,0.48456693
supps,0.58707297
timus,0.6846277
urus,0.72027636
praeso,0.8042145
rec,0.710067
ens,0.7309599
quoqu,0.82529914
l,0.9506305
qies,0.85230803
rator,0.43160552
tribs,0.5570119
tata,0.5176911
pu,0.70235586
ti,0.6871829
ies,0.4336335
quadra,0.820914
poo,0.73110056
ep,0.3258374
ulus,0.5136064
fec,0.8850426
olus,0.9140266
ces,0.8623564
civ,0.6565938
ium,0.48920557
capes,0.7713027
ia,0.82523465
ntus,0.5378778
lt,0.8300794
saecul,0.56762993
uco,0.3260128
rer,0.34693742
exe,0.7818562
susco,0.69071615
gium,0.6094195
iuus,0.33685136
con,0.5994334
inc,0.81883085
perp,0.7149702
etus,0.8637042
ocus,0.7002215
mor,0.7609954
otus,0.6791449
mu,0.7843994
capitulum,0.87375474
ena,0.5457113
itus,0.82629174
luc,0.5197117
retium,0.46116987
cro,0.6967761
princis,0.64069843
mis,0.73800576
stm,0.7032681
computo,0.9575124
dexteer,0.5403284
ane,0.68926454
lio,0.7600129
rebu,0.8052927
prosp,0.3677745
consum,0.28182438
campa,0.71510947
ess,0.9095738
pulus,0.52664256
ndo,0.18104172
rb,0.36688694
fil,0.844226
iii,0.84108627
uiritus,0.4490162
frumentatio,0.7908985
homis,0.53321946
dec,0.6306359
mma,0.5653223
iem,0.28868306
ns,0.7224672
d.,0.903653
fabricio,0.85826004
cot,0.30631486
milo,0.93723166
arm,0.8334553
qus,0.78417945
ra,0.8500424
septting,0.41270253
ris,0.7699673
onium,0.47936872
ons,0.46209168
g,0.9049237
rius,0.7053434
iv,0.8742169
bia,0.9033251
x,0.6654559
pies,0.77277553
tis,0.8052796
legium,0.59228253
incoco,0.7966649
coctum,0.95424694
mar,0.72859365
tia,0.8079078
tic,0.7021633
atio,0.536677
ans,0.88871896
prov,0.5460514
inco,0.5099172
pla,0.62100947
suals,0.59101397
suffigo,0.96112746
bas,0.5382767
prosco,0.69952595
ntc,0.67708373
lx,0.94509935
sacerdus,0.6486691
flumus,0.7070829
gio,0.5296705
maxim,0.41051897
om,0.91141105
cess,0.61200976
aedificatio,0.873053
reg,0.8369149
trad,0.6830725
cyrenus,0.9642384
complur,0.5332229
amus,0.58339936
ateus,0.7300561
amesis,0.41890272
im,0.8917255
qu,0.8049311
du,0.73924756
amic,0.6338325
fl,0.67625654
umus,0.67681843
nus,0.84575
tiridus,0.79302514
marcomannus,0.74753195
libus,0.76920927
exper,0.4439104
ta,0.8521033
perfeco,0.81885916
romans,0.8044358
medio,0.84976363
seno,0.79276586
gus,0.56252325
appe,0.3677196
publ,0.7098323
uria,0.7133972
pop,0.5361022
atria,0.7207906
rium,0.48510107
quadrig,0.7045895
am,0.8011153
scrum,0.53894985
appo,0.890389
ded,0.4438576
ch,0.60549074
lia,0.66348934
aqu,0.7176058
lethus,0.7559899
actaeus,0.8157134
aristaeo,0.76354563
falernus,0.9799639
triptolemus,0.8584675
pauperior,0.8563186
circumduco,0.9524766
cibo,0.8305758
indigus,0.9317572
cimber,0.88022006
marius,0.91642237
hilaro,0.9350575
bistonius,0.90016574
quinquenna,0.7958714
caeles,0.8510797
mulsa,0.9584613
suauitudo,0.79032433
participo,0.90774894
astutia,0.9392263
suillus,0.9782355
affinis,0.88992745
indis,0.41938993
elephao,0.793399
digeso,0.8542765
nimbifer,0.76877606
salutor,0.8872842
gratatus,0.63883775
sculptilis,0.76366997
nauus,0.7166974
uirue,0.70731676
puerue,0.78124213
prurio,0.93941903
propontus,0.9359067
cimmerium,0.9433209
degusto,0.965029
epotus,0.38612688
licentior,0.94428384
languidior,0.88868636
sagaer,0.48841023
tyra,0.82996565
pigra,0.48735648
pedo,0.86162114
imitabilis,0.8136948
permeo,0.94149625
correptus,0.8729566
mirifico,0.9171519
adiumentum,0.9095688
scapula,0.95030737
callum,0.93256885
niualis,0.968348
uitabilis,0.67737985
adulescentulus,0.9768727
indice,0.6144779
siqui,0.8678446
uineus,0.9244293
pluteus,0.9350252
trinacrius,0.92167294
amicior,0.73616385
immoderatus,0.9637213
uenaticus,0.84433085
inuidis,0.72811455
cruo,0.8571904
scarus,0.8293817
obnitor,0.9679614
praenato,0.73164254
nassa,0.75483847
resulto,0.9483887
sepia,0.8566104
conixa,0.76471794
polypus,0.92951703
mugil,0.7640215
euerbero,0.7818816
anthia,0.41964555
sublatus,0.73940164
lucana,0.96612656
sublimior,0.9246588
rimor,0.98084116
increpito,0.97128636
uirido,0.96094185
hippurus,0.4344536
milus,0.6885378
thynnus,0.8828727
lycaonius,0.5106555
metapontus,0.8329795
cognomino,0.96175754
salamina,0.66145605
agamemnus,0.9342334
nonaginta,0.9549161
menelai,0.9344581
sterilitas,0.9651252
octogesimus,0.9752663
centesimo,0.935346
hercules,0.97498155
heraclida,0.5208335
cresphons,0.8586324
abauus,0.74076927
archon,0.770371
megara,0.61379373
continens,0.94554895
uticus,0.9280361
heraclidus,0.8419358
commigro,0.91463786
usurpaveo,0.6149323
chalcidus,0.7505155
diligentior,0.93758655
abundantia,0.95758426
phocaea,0.8335514
cyma,0.82030916
larissus,0.6188618
inlucesco,0.9216863
carminus,0.94088864
archilochus,0.9423086
troicio,0.8496284
brotois,0.8966194
eisus,0.6008607
differentia,0.95343775
assyrium,0.79994583
tricensimus,0.931516
semiramidis,0.87524796
babylonum,0.94834286
arbax,0.8957912
seuerissimus,0.9255233
spartum,0.9469825
excelsissimus,0.8492383
caranus,0.9342397
hesiodus,0.9398171
perelegans,0.7471788
cupidissimus,0.7462722
diligentia,0.9734553
efficacus,0.92929614
pelop,0.80315495
olympiade,0.951658
asylum,0.9300481
fidelissimus,0.9366776
speculo,0.8531969
miliens,0.86838305
intuleo,0.7858274
epiphanis,0.6025259
uirgula,0.9029012
pseudophilippus,0.8542699
comparis,0.83041716
adultus,0.9758489
corinthius,0.9119026
exscindo,0.95152384
aemilianus,0.94755125
muralis,0.9621914
obsidionalis,0.8457502
sexcenti,0.91029793
praeparatio,0.8502361
manilius,0.9411966
aleo,0.7090141
elegans,0.92844903
panaetium,0.8315624
praecello,0.95077956
dispungo,0.8411229
corinthom,0.6992073
portandus,0.9155767
imprudentia,0.9750105
convenientus,0.66352206
antehac,0.8980906
calvinum,0.83017755
publilium,0.92274064
auruncus,0.80497134
sora,0.69183683
rufinus,0.84922636
cosus,0.6068906
sophus,0.79467136
beneventum,0.8859734
ualentia,0.8644566
excessus,0.9516561
septendecim,0.72209334
salernus,0.6492702
lupercalis,0.9152555
longinus,0.8231679
sextio,0.8740082
sextius,0.86218524
minervius,0.7046323
dertona,0.81817096
narbum,0.81006277
duodeuiginti,0.94440466
marium,0.9410602
particula,0.9349503
excesso,0.9251777
eminentis,0.81404513
professio,0.9566174
sophocla,0.8282858
euripis,0.918163
aristophanis,0.86404836
philosophus,0.9738786
plato,0.97732365
aristotelum,0.86663437
isocras,0.89743936
afranium,0.84339195
subpo,0.5592003
historicus,0.9223285
prosus,0.9125856
fannium,0.812711
plastes,0.7243409
scalptor,0.77140677
eminentia,0.89416105
imitatio,0.95067585
naturaliter,0.93490183
conditio,0.9275039
argiuus,0.9383857
pindo,0.76741725
inlumino,0.92425776
lacon,0.91294444
transcursus,0.8889333
amoenissimus,0.909145
contumeliosus,0.9693499
uiriatho,0.85370326
turpissimus,0.9501272
mancinum,0.92344165
recusandus,0.91602266
uiolatio,0.7678035
tiberium,0.94631535
iudicatus,0.9521372
consobrinus,0.9471296
optimas,0.93324834
inruo,0.93766785
nequam,0.9290459
fructuosus,0.9066516
aristonicus,0.94005936
nicomedes,0.84220076
numantia,0.97196895
adclamo,0.9633859
quinquagesimus,0.9656854
gallaecus,0.49594325
severus,0.8584838
pulsae,0.55749
moreo,0.9345552
praemunio,0.8556073
opimius,0.9329338
opimium,0.8543381
euporus,0.6287843
pomponium,0.8782879
cocles,0.9636741
opimis,0.48738518
perniciosissimus,0.8366266
syracuso,0.94435006
cyzicum,0.94732344
repetunda,0.9716216
scipionus,0.84764373
teutonus,0.90865946
celebr,0.8782722
moliior,0.6641471
afranius,0.7507301
sisenna,0.9365454
sullanus,0.91650444
uetustior,0.9492097
quadrigarius,0.77986836
arvernum,0.7889308
allobroges,0.93497336
domitia,0.77245224
iugurthinus,0.9588808
negotior,0.9585707
claritudo,0.9361293
duodecies,0.8384423
copulatus,0.85058856
bocchus,0.91954374
cimbri,0.8751267
teuto,0.8507129
amplius,0.894064
repenso,0.7799865
glaucia,0.8995891
saturninus,0.8858369
eloquentus,0.9488572
innocentissimus,0.8398516
malefactus,0.8587585
quaeuis,0.93285567
cultellus,0.93810743
architectus,0.9515519
aedificaio,0.5128674
asculanus,0.91536057
lippus,0.89042103
asinius,0.80490184
telesinus,0.9029294
pontius,0.8857488
papius,0.7229334
ato,0.7746227
nolanus,0.9236848
exarmo,0.93045974
inlustratus,0.9095746
mithridas,0.9835006
pertinacissimus,0.88433677
emissarius,0.8254247
adsecuo,0.81480235
laurentinus,0.8178434
proscriptio,0.9620452
septuagesimus,0.94386894
cimbricus,0.96596915
maris,0.90795004
eiulatus,0.8145087
adsecutus,0.96779454
aenarius,0.70638144
abrogatus,0.83573985
iniurus,0.6243171
largitio,0.87954307
delectus,0.9004637
marsicus,0.9317069
praescribo,0.9755306
asculus,0.9410909
dupliciter,0.921615
stultiloquium,0.7625239
ben,0.4359884
iracundia,0.9532142
execratio,0.9481324
creditor,0.9573041
quadrans,0.9532236
mithrido,0.9771543
allus,0.61967164
flauior,0.955685
fimbria,0.8805635
pessime,0.94014156
lucilius,0.95965827
cinnanus,0.8158108
marianus,0.86901313
inlo,0.8763337
antus,0.502297
norbanus,0.94567
sertorium,0.9506539
septio,0.84974366
sacriportum,0.89259064
antistis,0.84214145
aedilicium,0.7384065
antistium,0.56588066
pertinacus,0.89830434
miliarium,0.951317
erumpor,0.8563608
prodido,0.73114264
existimavi,0.79435015
ofella,0.8624718
faventia,0.8617427
fidentia,0.8150903
histrio,0.9651005
auctoramentum,0.5047955
interemo,0.9405183
proscribo,0.97565365
magnificentissimus,0.9277545
tredecim,0.9569018
lucilis,0.7062501
commilitium,0.9090471
prudentus,0.9370452
oscus,0.6646761
auctoro,0.8492279
evecior,0.7397057
sertorianus,0.8582332
spartaco,0.7368084
perquam,0.97472525
laudabiliter,0.80259585
gabinius,0.9198493
pirata,0.9386621
septennium,0.81792617
deposo,0.7068333
subclamo,0.75156665
honorifico,0.6534723
cotscor,0.85736346
roscius,0.9202262
cilicius,0.85716677
piraticus,0.9571329
lucullum,0.95764804
interminatus,0.83209395
obiicio,0.91475236
concupio,0.9168473
adpetendus,0.8976364
pano,0.5030124
uelocitas,0.96687615
patientissimus,0.93739235
favorabilis,0.9030467
sergium,0.75851536
catilina,0.9629523
praeniteo,0.9055167
quor,0.51512396
supervacaneus,0.8911783
calidium,0.5913951
ciceron,0.700195
corvinum,0.8781154
enumeratio,0.9024588
sallustis,0.92043823
perfectissimus,0.8822181
pompeium,0.8748621
opperio,0.84323066
armene,0.9167583
aggresto,0.92401576
immanus,0.8289516
infraco,0.7840064
isauricus,0.9204751
hereditarius,0.929984
delmo,0.7740408
raetia,0.9347137
grauatus,0.66269463
hiberis,0.7179959
heniochus,0.9002419
magnificentus,0.8982011
labienus,0.81111765
audacer,0.6940427
antiquitas,0.9545888
excellentus,0.8810072
ueneratio,0.9693049
pugio,0.95384914
alteruter,0.96451586
eminentus,0.9324714
pontificatus,0.81946707
praefectura,0.93900955
clodius,0.9228194
executor,0.6589943
religiosissimus,0.8757534
indemnatus,0.9384344
hoccus,0.89732563
conservano,0.82312465
exsil,0.68180615
invidiosus,0.9276135
clodium,0.8887621
integritas,0.95516145
insolentia,0.9794671
mussito,0.93105686
parthicus,0.95631427
concupisco,0.97217333
transgretto,0.8851768
orodo,0.8348526
candid,0.5454586
flagrantis,0.83919287
elum,0.6343728
centiens,0.91246
sestertius,0.9582889
saluberrimus,0.9236256
pompeianus,0.7311469
gloriosior,0.72492933
terribilior,0.78077906
brundusium,0.8027936
petreius,0.9013783
tetrarches,0.8439846
uariaio,0.8034172
salubriter,0.93468416
dignatio,0.93899506
hus,0.74858844
pharsalicus,0.9580077
conlisus,0.85126626
effotto,0.6839695
pompeiana,0.60735035
indemnis,0.9187048
uicto,0.84083426
favonius,0.8615304
adgrego,0.93948466
fidelus,0.80882597
calamitosus,0.9339312
digestio,0.8657415
breuitas,0.979221
iulianus,0.89964676
hostus,0.8637563
hispaniensis,0.86520624
adstrugo,0.6847805
alexandrinum,0.7002733
sexio,0.76848364
principatus,0.9445158
dictito,0.92277575
datus,0.6557789
ineluctabilis,0.93822384
abolo,0.81669337
iulia,0.8931076
octavus,0.9289869
auunculus,0.97644293
avunculus,0.95107746
rotundo,0.7905338
conseruator,0.8981027
inmunitas,0.6948906
temperatus,0.9467041
decreta,0.87500346
dolabellum,0.9204085
dissimillimus,0.85513043
cotidianus,0.9806878
scriptura,0.89513624
pl,0.85924256
consentaneus,0.9608765
inritus,0.93530756
plancus,0.9502094
pollius,0.92595387
camel,0.7352278
antonium,0.9303136
privignum,0.60953915
uentidium,0.5221333
pico,0.94670314
cicerus,0.7550422
caelestus,0.911923
pub,0.7411665
miserior,0.93388206
prouidentia,0.95893824
libertus,0.95116365
inuitamentum,0.83551437
plotius,0.83467233
uictito,0.8594966
hirpinus,0.77418864
marullus,0.8456495
epidius,0.7090996
animaduersio,0.9238533
reverto,0.87535334
trebonius,0.76481974
deceptus,0.7488558
zmyrna,0.9239969
pedius,0.69842833
prosperrimus,0.9330505
oror,0.92409366
tarditas,0.969253
fulgentis,0.72672284
cruente,0.8470352
eminentissimor,0.5762209
luscitiosus,0.8389343
statius,0.8568815
murcus,0.7125337
brutianus,0.8201328
proscriptus,0.7871612
mena,0.67807066
praedatio,0.8085753
cassianus,0.8047122
diuisio,0.95283985
perusia,0.7852572
antoniana,0.78450906
inviolatus,0.92582715
perusinus,0.84175384
liuia,0.85605
honoratis,0.4008209
altinus,0.8308305
uagum,0.7110771
obscurissimus,0.8799161
expostulo,0.93183535
misenus,0.89914966
absurde,0.9569716
salutare,0.8934768
inimicissimus,0.76980966
delmatia,0.85526323
calvinus,0.81261843
aedificandus,0.9318649
exercitatio,0.9575622
scientus,0.84121037
avernus,0.95721793
lucrinus,0.9155246
speciosissimus,0.8838309
livia,0.7667835
auspicatus,0.94831765
promontorium,0.917839
cornificium,0.8841743
semiplenus,0.74947166
pravissimus,0.806834
indignissimus,0.8735615
amiculum,0.9245734
classicus,0.93102133
emptio,0.9554166
obscenissimus,0.7664368
silium,0.77164096
coruinus,0.9000181
exploratissimus,0.44672596
terribilus,0.884614
antonianus,0.8754876
publicola,0.95283085
sosio,0.58069193
praestiti,0.922203
clementissimus,0.75003505
paucissimus,0.9729396
lutum,0.9677467
triumuiratus,0.86735976
philippius,0.75529355
pollio,0.9382765
aspis,0.9395599
timidior,0.8898122
dissimulatio,0.95916593
inmaneo,0.92946655
resurrecio,0.44607103
exsolvito,0.8802979
antistus,0.73676
praematurus,0.8742276
votum,0.90768015
emendao,0.84744096
inlectus,0.9117688
coaluo,0.4136734
murena,0.8721479
paossurus,0.85653466
puno,0.8192937
comparor,0.8299234
octavias,0.79356
trimus,0.9475438
celsitudo,0.7003256
lucium,0.8305404
pannonicus,0.9427788
lollium,0.8795235
suauitas,0.96576226
inimitabilis,0.80577004
pulchritudo,0.9655893
pannonis,0.9213067
germa,0.8589165
nium,0.5958024
diligentus,0.95274216
ostentatio,0.96216106
incolumitas,0.9443936
lollius,0.8828705
obiio,0.76128256
adduus,0.46752107
conuersatio,0.8631789
remotissimus,0.4712349
angulo,0.95448315
hispanias,0.9254395
subrepo,0.9389215
rhodo,0.8557095
aeternitas,0.937531
pugnaculum,0.6701825
reuiso,0.9661603
exultatio,0.7816859
bructerus,0.85356736
tiberius,0.91831815
perlustro,0.9233277
infinitus,0.9724474
langobardus,0.8527442
quadringentesimum,0.7574986
albis,0.8756764
obseruantia,0.907392
inaudito,0.86075664
abundantissimus,0.79846495
qualecum,0.79035974
praedictum,0.8651571
felicior,0.97186434
nauicula,0.91774046
respecto,0.9576105
hercynium,0.8271369
praeualeo,0.9498278
exercitium,0.8887191
saturninum,0.83253014
cattus,0.85276026
hercynia,0.8765691
carnuntus,0.8835002
danubius,0.83611226
divisa,0.48352998
peritissimus,0.9421129
tergestus,0.6019332
confinius,0.9596521
eta,0.44120565
negotiator,0.9635184
mediocritas,0.9599072
quaestura,0.91804
temperamentum,0.9642389
ciuilitas,0.94114685
imperatorius,0.96371686
caecinus,0.8524484
incruens,0.78308326
tibere,0.9083165
prauitas,0.9560058
suauissimus,0.9040854
imbecillus,0.95243883
publico,0.96087915
balineum,0.9177654
ceter,0.66814727
noc,0.7831577
praedicatio,0.8922863
uibius,0.7405319
apronius,0.8486367
splendidissimus,0.9147353
solarium,0.95560765
uaro,0.58603394
atrocissimus,0.90378225
marcor,0.65728366
semiustus,0.836602
teutonicus,0.8929342
uacillo,0.95988196
credido,0.9245266
caedicium,0.8537008
aliso,0.5385858
caldus,0.95063186
uiennensis,0.88677084
coercitio,0.9322816
mollo,0.37844312
adorno,0.95220387
eluceo,0.9396625
raetor,0.7845905
neapolitanus,0.7894108
imbecillitas,0.97916317
benevens,0.7639586
confusio,0.9254993
luctatio,0.73800874
ordinatio,0.8983543
sacerdotalis,0.6247399
maturitas,0.9567601
generosis,0.7167132
theatralis,0.9255418
statilius,0.77847373
seianus,0.8526119
coruncanis,0.8492578
interemptor,0.7337662
exaggero,0.9598902
medicamentum,0.9493252
florus,0.6748555
extruo,0.966846
caelium,0.9321647
praecipuum,0.8380368
silius,0.7446244
uolume,0.8526765
obtestor,0.94017816
agricultura,0.822623
inperitus,0.88462394
aesculapius,0.92903435
subtilior,0.95102
machaus,0.8478637
contemplatio,0.94738287
magne,0.93162704
professor,0.95164526
hippocras,0.9497291
dioclis,0.9008499
chrysippus,0.98739827
herophilus,0.92187905
serapio,0.87113595
rationalis,0.967207
apollone,0.8466137
heraclis,0.9270643
asclepiado,0.95590633
pulmentum,0.9183699
inculco,0.946021
satietas,0.96944827
concoquo,0.89107066
erasistro,0.8572841
hippocratus,0.6462352
scrutor,0.9559558
erasistratus,0.93054867
extrinsecus,0.9651643
disputo,0.9735508
asclepiadus,0.8581287
improbabilis,0.66596633
disputatio,0.9690719
derogo,0.93974286
ratiocinatio,0.92913955
lippitudo,0.8502176
incomprehensibilis,0.819769
seneo,0.9043977
remissio,0.8432707
suauiter,0.8779537
meminor,0.88167155
inrationalis,0.97279876
eiusmodi,0.96258444
elinguis,0.9384403
levor,0.49863747
mollities,0.9177632
hinedius,0.79155266
cruditas,0.9383525
stultior,0.9382721
discitto,0.8585964
saeptum,0.8573191
ht,0.89840424
quodammodo,0.94985634
aptior,0.9528882
ulcus,0.9391743
coniecturalis,0.87658393
fatigatio,0.94007576
febricito,0.93233865
pero,0.7413248
excerno,0.86168444
adstrinquo,0.7535137
profluuium,0.922089
uehementior,0.95722246
obseruatio,0.9366212
euidentia,0.8947921
obnoxium,0.9532156
adprehendo,0.95952964
transfundo,0.9595353
arteria,0.96726143
medicinalis,0.82265276
dempio,0.7551184
exterus,0.7752867
suptilis,0.84279466
ualetudinarius,0.75539076
deiectio,0.82331926
tormina,0.55361825
opitulor,0.94298536
inspectio,0.9535573
inexercito,0.9058249
exercitao,0.7599139
reiecio,0.9388161
uulneratus,0.8332461
repraesento,0.9534786
athleticus,0.74855137
adfligo,0.95241714
pertimescendus,0.6120868
dispetto,0.7798959
patibulum,0.95390296
inbecillis,0.8728017
praecordium,0.9034225
uespertinus,0.93810886
urina,0.94933945
meridio,0.7593767
lucubro,0.8083105
antecedo,0.9753468
lectio,0.93685806
ambulatio,0.8573947
inbecillus,0.9350062
unctio,0.84161055
abstinentia,0.9611243
salsamentum,0.7510695
assa,0.9259626
palmula,0.90726805
inedii,0.56830233
uitandus,0.93832904
sexus,0.9788581
paullulum,0.9557917
perfrico,0.9304086
inhorresco,0.94671893
frigeo,0.95919746
frictio,0.7675909
perfrigo,0.5786979
insudo,0.75060725
pituita,0.9418623
ambulandum,0.80330336
acetum,0.93830514
inplio,0.8332506
calefacio,0.94229627
salsus,0.9757575
asclepiades,0.84841067
purgatio,0.9288252
subtilus,0.89441043
conrumpo,0.82983303
ructus,0.7565373
similiter,0.9639646
mell,0.9432726
hysopum,0.8768183
radicula,0.8750128
continuaro,0.70227516
inflatio,0.94204515
inedium,0.960683
aloe,0.9203703
carnosus,0.7845522
frigidissimus,0.87559223
aestuosus,0.9173645
inlio,0.7655796
inminutus,0.9309772
inedia,0.8866123
lauatio,0.8640008
dilutior,0.6294501
elixus,0.8484888
prando,0.8895297
calciamentum,0.91945875
consummatio,0.8821488
ionicus,0.8988417
nove,0.9702762
canalis,0.97499347
adtingo,0.9625205
inbecillitas,0.9731695
destillatio,0.85272545
fovo,0.43906152
agitatio,0.9271652
grauedo,0.87285745
oportunus,0.9388331
iurulentus,0.8103828
legumen,0.9624534
decoquo,0.9618052
offensa,0.93530715
defrutum,0.92563117
acesco,0.86941546
egelidus,0.8379826
exerco,0.9331994
coxa,0.78992355
uulvae,0.8953533
struma,0.7308546
peregrinor,0.95078903
hippocrao,0.87775815
recentior,0.8900237
praesagio,0.93514836
aequalitas,0.939646
septentrionalis,0.9355995
subsolanus,0.879893
promptior,0.9545405
obesus,0.88439304
pustula,0.82950705
profusio,0.75666785
melancolia,0.7439625
comitialis,0.9483352
angina,0.831051
auricula,0.9148453
lien,0.90879536
tenuior,0.9423754
ileus,0.59681684
mobiliter,0.8472785
distentio,0.7266432
alui,0.79194206
resolutio,0.86795
pluvia,0.9131466
abortus,0.89031816
durior,0.9596397
inflammatio,0.8320809
gingiua,0.9407646
febricula,0.7335968
glandula,0.833321
uertebra,0.7419709
uerruca,0.9146005
quadrage,0.9405595
pubertas,0.93280864
uorsus,0.79634583
lethargus,0.82561886
cholera,0.88345575
ren,0.9250791
soporo,0.9250519
sternumentum,0.7770499
nubecula,0.70794773
foeditas,0.9701454
lumbricus,0.9515977
porreco,0.89624536
glutinosus,0.91789234
furfur,0.9458533
phreneticus,0.9220748
lividus,0.8502462
conco,0.8349778
uenula,0.75335556
innatus,0.8168295
deorsum,0.95583254
devoro,0.93135417
gravida,0.9410384
purulentus,0.89015484
accesso,0.9537578
maturior,0.889678
deterrimus,0.9590393
strigmentum,0.8212812
li,0.9143397
asclepias,0.95802367
evito,0.9361583
desideo,0.934128
inuicem,0.94715065
articulum,0.8527475
frus,0.67562443
praecesso,0.9116772
ingua,0.85002226
uulua,0.90958846
exulcero,0.910709
caruncula,0.8147958
bullo,0.56904846
destillo,0.88477427
calculosus,0.72590405
scabo,0.6715074
excuto,0.96265197
mamma,0.9730441
profluo,0.9541887
inflammo,0.96606886
expectandus,0.8797849
prurigo,0.87794286
substo,0.45270061
iuuenior,0.8337184
suffudo,0.7637627
quomque,0.7035167
maxilla,0.92068326
septum,0.765401
detractio,0.91519964
calidior,0.84769666
tussio,0.85040855
uomicus,0.847357
inualesco,0.88421714
eic,0.8472339
urguio,0.45234185
tantulus,0.79513246
conveniens,0.8364939
cartilago,0.87810457
gravido,0.8370056
obtundo,0.95611006
surditas,0.78698945
minutior,0.8909428
fumatus,0.7339618
mortiferus,0.9371258
decoloro,0.90114874
quio,0.7231111
araneus,0.89077765
expuo,0.93686706
spuo,0.87460035
sanesco,0.8761667
eus,0.5047369
palpebra,0.90844107
dorsus,0.61457396
sursum,0.9542523
conprehendo,0.9567561
adtendo,0.9479203
xxv,0.89904994
xl,0.96296394
arquatus,0.7976263
inuerto,0.9283527
frigesco,0.85021114
suspendium,0.94833314
gestatio,0.81149805
praegnas,0.8601252
intentio,0.9520225
conceptio,0.8922446
laesero,0.8241166
sas,0.8848532
resipisco,0.9189507
eatenus,0.92767656
incidendus,0.72219706
coicio,0.90959245
caliculus,0.7837714
pultarius,0.79140973
scalpellum,0.8526908
confirmandus,0.9451766
lactuca,0.96367306
ueratrum,0.8212902
uoleo,0.83176124
ualentior,0.8442511
tisana,0.88667935
infudo,0.8447728
album,0.5378742
tolerabiliter,0.9126421
accepio,0.6481906
praecepio,0.860316
curiosior,0.9370268
interpositum,0.6195314
pertracto,0.9249668
celerus,0.89280903
ephesia,0.9229839
arabicus,0.94224775
turbulentus,0.9657155
quinquagies,0.87976587
fulmentum,0.8098192
inutiliter,0.9005928
liberaliter,0.96630645
robustior,0.90793544
circumio,0.48110795
perunguo,0.91016006
perungueo,0.7352116
curiosus,0.97487843
linteum,0.92730665
titio,0.8731091
inuolutus,0.7074932
utriculus,0.5384809
lenticula,0.9271287
saccus,0.91114974
detrahendus,0.88280934
panificium,0.735778
ualentissimus,0.82708555
onager,0.9197139
adips,0.8887006
phoenicopterus,0.83461183
caulis,0.9743937
capparis,0.9211084
cochlea,0.93329805
rapum,0.95379114
specialiter,0.8259585
beta,0.930776
porrum,0.9625204
asparagus,0.9387772
surculus,0.9874953
sucosus,0.6520274
grandior,0.90870124
ficedula,0.8293563
leuissimus,0.93661964
bubula,0.9650464
tenerioris,0.7872183
oculatus,0.8341571
cohortalis,0.49281442
cerebellum,0.86586404
petiola,0.7702008
sorbilis,0.85422593
firmissimus,0.9318415
halicus,0.63039184
oryza,0.8284029
sorbitio,0.9310169
pulticula,0.8745545
siccior,0.91833985
crassior,0.9441199
siligo,0.86805606
mullus,0.9270015
panicium,0.7795422
garum,0.84558046
porrus,0.80941826
rutus,0.94531435
sinapio,0.9434179
ocimum,0.91961074
bn,0.55502856
praedulcis,0.93425846
pastinaca,0.7965649
feniculum,0.9407742
anetus,0.90014684
coriandrum,0.9565889
elixa,0.8525095
cerasia,0.66265726
pirum,0.96758384
lolligo,0.6823962
cibarius,0.915048
hordiacius,0.7673813
ocimus,0.8233041
portulaca,0.84709936
betum,0.8149282
simila,0.87400097
anesum,0.9364222
nasturcis,0.90791905
coliculus,0.93139744
satureius,0.92312026
sucidus,0.87629986
contrita,0.64659786
serpullus,0.79882836
puleius,0.93915695
hyoscyamus,0.86038804
coco,0.852858
murtus,0.49353847
cataplasma,0.7699214
lolius,0.70110655
adeps,0.87511486
euidenter,0.90096027
compero,0.8703538
recentus,0.8897227
fabulo,0.758718
simplicior,0.8712333
perniciosior,0.86139643
cotidie,0.906404
pluresve,0.9403099
abdeo,0.7910711
faeteo,0.6891053
hem,0.87641835
servao,0.82945824
adsidens,0.928551
quamdiu,0.95958805
exinanio,0.894288
recidiuus,0.85987544
oportunior,0.87450063
conseo,0.9126839
septenarius,0.9085407
coniecto,0.9670073
moveo,0.70684516
commodissimus,0.925835
remissior,0.9004926
vero,0.8232932
antelucanus,0.8269297
tempum,0.8743735
motio,0.6962666
decessio,0.8874605
uspia,0.953322
periculosissimus,0.88401055
indulgo,0.9229026
puera,0.6691442
apluda,0.7481666
quispiam,0.9702454
fallacus,0.7537468
sollicitudo,0.95237035
despumo,0.936884
intritus,0.7308955
eloio,0.8444467
posca,0.9421797
conchylium,0.94066054
dulciter,0.81813675
agitao,0.72360027
murteus,0.70770353
fluor,0.8241138
meracius,0.7436335
perungo,0.92801523
infractus,0.7817912
praesentus,0.8414654
huiusmodi,0.9056493
xxiiii,0.9078443
xxxvim,0.31786248
mello,0.7534233
petrus,0.58758646
herophilis,0.76325047
circumspectus,0.77802837
novo,0.8227602
pittacium,0.8895872
intingo,0.8391936
papavere,0.63121235
olfacio,0.8770712
anethum,0.84421617
penicillum,0.90565586
detersus,0.73171794
admouendus,0.8431184
metuio,0.7770244
uehementissimus,0.86191595
nonnullus,0.96833503
foetor,0.8493659
austerum,0.83850396
invetero,0.77427274
uerisimilis,0.93812364
confrico,0.83412564
quaesitum,0.9291266
praevenio,0.84588826
copiosior,0.89770174
sustino,0.88659936
refectio,0.94672155
attendo,0.95874804
gallinaceus,0.9477278
resolvo,0.87534565
phrenesis,0.8760501
festinanter,0.92939
tondo,0.9215044
noviter,0.95312196
obiurgatio,0.95146096
cinaedus,0.95256853
mandragora,0.88005376
sycaminus,0.46527353
sycomorus,0.8017555
spongia,0.93042827
obdormio,0.92662597
occipitium,0.92878675
removendo,0.7724377
delectatio,0.91934276
aiacis,0.8933152
oress,0.936471
altrinsecus,0.89701056
delino,0.43492666
gypsum,0.9151751
sorbere,0.53926396
castoreum,0.6439558
galbanum,0.8976128
ceruinus,0.91553694
conburo,0.9156045
foeed,0.89427763
perunctus,0.3905137
comprehenso,0.93720865
ingratium,0.7759388
inplicio,0.45807347
malagma,0.88572466
epicurus,0.97796714
clibanus,0.85735047
apsinthium,0.7537173
cinnamomum,0.91854835
balsamum,0.93856734
ladanus,0.59981954
oenanthes,0.7185934
cardamomum,0.9509798
hebenus,0.6832
cupresso,0.96952987
erodo,0.736953
scillus,0.7762836
paululum,0.8856159
inusitatus,0.9681028
pusula,0.9001745
pthido,0.8420752
adtraho,0.92714393
adiectum,0.87376064
pthisa,0.877567
evinco,0.81534886
cavo,0.9295098
deuito,0.9546397
pisciculus,0.9170227
sebum,0.58235466
incogo,0.92702556
quaterve,0.7045578
marrubius,0.9028783
incoctus,0.70130366
coclear,0.88835645
delingo,0.74933124
buturus,0.71865624
acutum,0.78869504
comprehensus,0.9622443
discuto,0.96160144
betus,0.75135404
uic,0.7476502
cultior,0.9399619
exhilaro,0.8106137
adhibo,0.8530302
plane,0.94291466
contritus,0.75211453
aliquandiu,0.739626
iacior,0.5488007
nucleus,0.9649197
abellanus,0.42202002
confidenter,0.93229264
uentriculus,0.91081315
utrubique,0.9536122
musculosus,0.88192886
saipio,0.6670278
intrinsecus,0.88128537
gibbus,0.87580967
membranula,0.85730785
conuorto,0.7230564
dexterior,0.74876994
peruium,0.89862216
omentum,0.87361944
susum,0.7858475
alienatio,0.9096781
ceruical,0.74912286
gargarizo,0.8352531
hydropicus,0.8475864
discutto,0.61553216
manduco,0.8776467
brevius,0.9585645
seriter,0.84143543
coigo,0.8905005
hemina,0.9686773
inportunus,0.8645955
adnecto,0.9646455
subtiliter,0.89644146
indiscretus,0.8888511
uitao,0.870533
syriacus,0.91873825
adtonsus,0.6094098
pilleus,0.9306156
apalis,0.6525587
neaera,0.83970416
nerienis,0.90097153
mauortus,0.7895666
taurinus,0.9508045
pollus,0.59780025
profico,0.83532757
angustior,0.92173123
latior,0.95184
sibilus,0.8989881
cataplasmo,0.7313616
frictum,0.92582566
aridum,0.93809724
pinguissimus,0.8638221
validus,0.83339274
uehementissime,0.7889213
peregrinatio,0.94449687
qve,0.7208694
extundo,0.85104406
grave,0.91206425
frequentus,0.7648679
praefrigidus,0.7048978
uendundus,0.89235824
peregrus,0.75076556
intubum,0.81732166
computresco,0.72122633
sorbero,0.41880703
adstringens,0.75826
nucleum,0.7482989
sesamum,0.912841
pinum,0.87241375
renitor,0.80414987
muria,0.95910877
tinctus,0.69625163
ferrarius,0.9251264
animaduersus,0.9535516
trifolium,0.72371495
cuminum,0.9526588
esus,0.89786613
hirquinus,0.80918777
adfcio,0.7772529
latrocinor,0.91960275
coeliacus,0.75750995
portio,0.92113715
adrodo,0.34962553
imbrex,0.8967004
stercus,0.9582001
percolo,0.8282366
uinulentus,0.8222724
confectio,0.8872769
castoreus,0.4152844
petroselinum,0.8895967
myrra,0.7692512
dysenteria,0.77050436
murium,0.86198914
sinapis,0.81284857
desido,0.8838415
contro,0.6219804
acetabulum,0.9459913
sextarius,0.9786562
peluis,0.9195396
decocior,0.82323104
conter,0.49842015
transcuro,0.78049695
butyrum,0.84904736
acacia,0.56896305
emplastrum,0.9385842
selibra,0.8981815
infusco,0.91691196
sorbum,0.9389695
gustus,0.9708972
insuauis,0.83987516
excavo,0.71497154
piperatus,0.8316195
efficax,0.95426965
decoctus,0.51688975
signinus,0.7556266
circumcido,0.90958977
caprinus,0.96808445
adpono,0.9637173
suffumigo,0.79380935
repetitus,0.3127119
malos,0.45631418
parcissimus,0.8828827
eanis,0.7138204
immobilis,0.95235217
arenosus,0.8942677
apium,0.8625413
cinnamus,0.8663784
casium,0.6154753
lentiscus,0.94392955
comprimens,0.77047336
ganeo,0.5502311
hordeaceus,0.9361251
inula,0.83457315
aliisve,0.7272942
ustio,0.87994945
castratus,0.911494
asininus,0.915573
misco,0.8047317
alumo,0.90391266
assio,0.473685
podagricus,0.8573315
crebrior,0.92147076
zeno,0.8321506
andria,0.7863476
mys,0.38440126
innexus,0.6581991
combuso,0.7069838
glutino,0.87658787
glute,0.83829916
coclea,0.95468515
scissilis,0.6403076
propola,0.68690145
fuligo,0.8949616
quadratus,0.9259465
bdella,0.5466886
pyrethrus,0.9043882
cyprius,0.9478079
salamandra,0.9007716
coccum,0.89324975
cruso,0.45119882
resoluio,0.7820983
helenium,0.7893483
amaracus,0.93140966
bdellium,0.5532491
grossus,0.9160956
hammoniacum,0.7548152
coagulum,0.9189642
uitellus,0.9234195
compositio,0.9109217
adcommodatus,0.9271879
obolus,0.7561006
scripulus,0.7885864
pastillis,0.47048727
metallicus,0.5273557
inaresco,0.8607798
inlino,0.9051422
andreus,0.54309464
micona,0.6854311
aristo,0.84799254
numenium,0.71081865
uiii,0.78391206
struthio,0.8859799
irido,0.6412334
cardamomi,0.92032385
xui,0.68030846
lysia,0.9461268
styrax,0.80405486
iiii,0.7677952
uiscum,0.92010725
andrea,0.6510012
thymiama,0.81542623
furcifer,0.952863
s.,0.8627894
alumen,0.8732388
sinapi,0.8072729
apyrus,0.5325157
pyrio,0.7718269
difficiliter,0.77689576
protarchus,0.708643
pinea,0.8071347
uiiii,0.8143647
thapsia,0.77450997
illuricus,0.4926926
melle,0.8082925
sescuncia,0.8510045
nepeta,0.83456147
chamaeleons,0.84545505
xx,0.9683978
numeniter,0.7469107
callus,0.7401554
xxx,0.7569517
basilicum,0.82781196
smaragdinus,0.8554692
insipientia,0.8432927
uul,0.62659174
hecataeus,0.88095486
supercresco,0.85207015
diogenus,0.7617022
ephesis,0.61760443
elephantinus,0.45283878
tantundes,0.96320117
bitumen,0.9660908
nigerrimus,0.8506695
philota,0.9256742
reiciendus,0.8921872
iudaeus,0.9588071
exempo,0.6139119
pellicula,0.89218235
xxxii,0.82613695
xviii,0.6083095
cc,0.63558173
diogenum,0.83395296
xiiii,0.779168
xxxv,0.86411226
rubrum,0.49095598
ephesius,0.93673813
xxxvi,0.7301864
insipienter,0.84283245
malitiosus,0.94392407
xlviii,0.7380704
liparus,0.7567222
men,0.3933526
xxxvii,0.76609707
xxvii,0.8283341
myrteum,0.697989
recrementum,0.701127
bullio,0.850901
polyidus,0.79659504
sutor,0.8808188
deliquo,0.39779103
foenum,0.7465359
elatus,0.90951663
boethos,0.5721879
leoninus,0.8688483
inspergo,0.87723583
hera,0.6566938
inmatura,0.8326856
iolla,0.94531965
timaeus,0.95016277
antidotum,0.905779
desiderandus,0.68112814
acor,0.7608345
silis,0.8659637
zopyrus,0.41887912
cilicus,0.9084885
stacte,0.7989956
iridis,0.6937593
gentiana,0.51842374
opobalsamus,0.68238384
aspalathus,0.8288247
iuglans,0.9147655
mortarium,0.9405708
uitulina,0.7979924
sil,0.4648553
lacrimaa,0.38851508
ommutesco,0.533632
acce,0.7293748
lupinum,0.81391627
athenio,0.6407488
dictamnum,0.832906
al,0.780855
adtollo,0.9300659
testiculus,0.9089656
musculus,0.9489569
retundo,0.9595337
demonstro,0.9657705
penetravo,0.49220872
elanguesco,0.8998102
vno,0.81908417
consilesco,0.6393262
singultio,0.50447685
dicturio,0.9137496
coloro,0.95650285
faeculentus,0.6637497
subprimo,0.60029304
crusta,0.8735393
iuvenilis,0.9304094
discindo,0.97006726
emaneo,0.7901562
apsus,0.67892885
perspecto,0.5818373
interius,0.8860454
conlocandus,0.8193837
cautela,0.8308437
occludo,0.89644814
constringo,0.9817215
nequis,0.88950014
adstrico,0.89188504
balbutio,0.76405776
supervenio,0.3721395
linteolum,0.8657954
uitiatus,0.7290275
lit,0.92308545
neglegendus,0.88240695
derado,0.8275088
detritus,0.9183394
filix,0.7834765
magisterium,0.9512845
hydrophobus,0.79561883
piscina,0.95499474
vexo,0.7702149
amaritudo,0.93668014
exsugo,0.53723484
psyllus,0.91299987
uenatorius,0.728075
circulator,0.78913003
anserinus,0.7872416
contrio,0.8999928
solaris,0.9059886
heliotropium,0.84926236
siluaticus,0.64887106
araneum,0.8765
obiceo,0.9558356
opitulo,0.8038324
cerastes,0.8864979
dipsas,0.7945093
divido,0.9401568
mentastrum,0.7299968
phalangium,0.7649149
cantabricus,0.8973094
hancis,0.8799339
yoscyamum,0.8550332
sanguisuga,0.80710065
coctura,0.77067775
canina,0.6533056
lipara,0.8248875
carbunculus,0.9464168
crustum,0.87174124
nonnunquam,0.8907502
splen,0.78080684
aspritudo,0.7744429
exacerbo,0.91432166
marrubium,0.92958647
adustus,0.8988426
exasperatum,0.63343614
pusulus,0.8365935
itas,0.47496712
exaresco,0.93173695
callosus,0.93943536
incommoditas,0.91730857
coctes,0.7397026
lateris,0.5968965
repero,0.7507689
uenerius,0.9210958
furunculus,0.8663395
fermentum,0.8650222
uenusto,0.95705646
planior,0.9630769
minutus,0.9009352
generalis,0.9174551
innocenter,0.85600024
uenustas,0.93164015
aurichalcum,0.82183254
transversus,0.7783349
uessicus,0.43682334
asperum,0.9813679
alitervne,0.84366983
alc,0.626883
collyrium,0.9242888
scripul,0.73463035
conbustus,0.76434255
aerugino,0.80961263
papyrus,0.9134221
utrin,0.86669123
uereo,0.76273185
primarius,0.885312
opsonator,0.82901114
malacus,0.5902657
uerrucula,0.8297897
aegyptia,0.5363415
humilior,0.9567927
clo,0.89119995
myrmecus,0.32462683
morus,0.8293369
dinus,0.51760936
hilaritudo,0.40212798
amurca,0.9814966
impetigo,0.8625942
papula,0.9015758
rubicundior,0.50496066
pauxillus,0.85886633
defrico,0.8966973
cruda,0.8998213
disperdo,0.8854695
lepidius,0.6951582
mela,0.9160442
leux,0.8959202
irenaeus,0.7478298
excresco,0.88688767
subao,0.49207464
glaber,0.88330936
nouacula,0.9451724
fossilis,0.8146214
trypho,0.90953267
amarissimus,0.8668088
tuor,0.49975148
opu,0.54399705
lippient,0.8060838
excipo,0.9613774
inlinio,0.73881966
adglutino,0.77633286
sux,0.86195374
k,0.76622176
absorbeo,0.926285
unitas,0.8187449
teneresco,0.77871174
ocularius,0.75072
adiecto,0.6934147
libera,0.92723507
adiuvor,0.76193833
obtego,0.9618677
munero,0.92912877
trigeminus,0.84248626
samia,0.85438013
aster,0.5873544
libanus,0.7902538
peduculus,0.7780991
liberalior,0.8719372
coctae,0.7715889
adcommodo,0.94192564
inunguo,0.7464459
pyrro,0.75208706
hermo,0.5931146
crassa,0.79765135
ficulneus,0.88850147
caesarianus,0.9216155
gravesco,0.7645835
praegrauis,0.8142094
inhaeresco,0.76022124
scabris,0.7301734
contectus,0.61677414
suffusio,0.8667445
paralysis,0.8688416
pupilla,0.9078034
hebetescio,0.49441895
obcaeco,0.894016
proletarius,0.91419256
expresdo,0.91249514
comedo,0.9244822
chirurgis,0.5964646
conprobao,0.71297
sucs,0.5228977
patina,0.91644746
perna,0.9608856
porcinus,0.89856565
adseuero,0.93535626
uermis,0.94491
eneco,0.92546046
attondeo,0.8409442
utrilibet,0.70381504
pulex,0.92953837
malleo,0.9257027
involutus,0.85989034
ramentum,0.92231226
optendo,0.68282604
quadratum,0.7251842
vtio,0.85967636
rhus,0.8162782
syriacum,0.805762
damus,0.7488104
reteno,0.79888105
moechus,0.9771558
chelidonius,0.84534997
laso,0.8363841
aur,0.51366585
frictus,0.83547556
exsicco,0.9335451
refigo,0.8221032
uerecundior,0.88199514
mentirier,0.5644042
ustus,0.8436451
fricio,0.76115876
adulescentula,0.9004979
cotonium,0.66192
dionysium,0.82846385
compungo,0.87240577
subluo,0.7959709
effio,0.4385422
purgor,0.8398695
philoxenus,0.76616955
gorgia,0.9538608
sostror,0.8851068
herus,0.66000766
apollonium,0.7879896
chirurgus,0.9050863
intremesco,0.7510308
misericors,0.91218066
uindicao,0.8840457
uolumis,0.73332953
luxo,0.7356953
hebeo,0.89683634
resolveo,0.663648
tortuosa,0.5259455
ramulus,0.9475975
abdome,0.8017186
alligor,0.6390652
memino,0.95974225
retrordo,0.84448874
forfex,0.873132
plumbeo,0.7355638
diceo,0.3933043
terebra,0.92539644
uarium,0.7918793
paruulus,0.9547403
eiecio,0.6628795
parvulus,0.92700595
chalazia,0.43992668
adprehensus,0.9408775
expector,0.9623388
deducio,0.93818486
averdo,0.90007555
perangustus,0.817796
natural,0.753152
asprehendo,0.7748852
quantulus,0.9573485
centuriatus,0.7198788
luno,0.9370789
aq,0.339403
acinus,0.92590344
subtilissimus,0.9186705
caesius,0.8321478
inunctio,0.66192424
necess,0.60699993
ebris,0.8680825
caluaria,0.90488684
inrigo,0.944486
erupo,0.7314248
nardo,0.4567212
indecorus,0.9710742
deformitas,0.96232986
na,0.79341596
pur,0.638521
spatha,0.84996057
inplicitus,0.8896682
enodo,0.89734054
circumrado,0.5311549
conprehendio,0.89509577
periio,0.7181561
liberandus,0.8881248
tunicus,0.57865775
raritas,0.9319947
uacus,0.54490006
quodve,0.77165174
abdomen,0.9221176
erectior,0.7733048
explano,0.95199114
testiculum,0.91483426
converdo,0.93609726
uastior,0.8989689
aantehac,0.7659515
comprehendens,0.86273354
increvo,0.7001797
conexum,0.92744195
parvolus,0.91819775
delico,0.8461023
cellarium,0.8941595
austus,0.743107
uinctura,0.6418636
inmoro,0.80381066
obsedo,0.67089546
protraco,0.7671287
generatio,0.66587454
bilibrus,0.67395395
dubi,0.6022903
uinarius,0.9649192
triangulus,0.8593973
adtero,0.8847974
infibulo,0.7293633
confirmao,0.7822302
amplior,0.9737728
habo,0.81645924
sectio,0.8840085
sinistr,0.59634036
resimus,0.81622565
patentior,0.8717787
conuulnero,0.91144425
simplicissimus,0.9086144
prominentia,0.77511793
calculo,0.835936
inquisitio,0.9341296
transfluo,0.7119838
defio,0.95913357
coangusto,0.88858724
lemniscus,0.6968895
adtractus,0.7816184
acuma,0.9534544
corpusculum,0.94964355
replico,0.92334366
iniectum,0.72458726
fraudulentus,0.9071351
urguo,0.8901562
concisus,0.80743307
inpleo,0.79673314
coerco,0.928733
subministro,0.96840096
obliuiosus,0.8987372
rursum,0.8707073
tendentia,0.78016454
flexuosus,0.9320287
pervie,0.4745995
scutula,0.861766
durissimus,0.9734957
pectoralis,0.6987461
rotundis,0.7912192
introrsum,0.9157805
digeo,0.8806807
conlido,0.9117757
cariosus,0.9254903
superno,0.4946645
soliditas,0.9076178
scobis,0.89428264
candentia,0.95570296
modiolus,0.8090254
serro,0.7801001
scalprum,0.9165828
circumductum,0.47479743
depresto,0.78536046
reniteo,0.79731214
circumspecte,0.44761166
audacius,0.95897776
lepa,0.3090997
fluxo,0.8611203
rimula,0.74523187
icueo,0.92252415
succursum,0.7964403
calvaria,0.7914177
solido,0.89879715
mollitus,0.79363704
contino,0.75740165
implicatus,0.91890013
fragmentum,0.91425633
transvorsus,0.6614222
oblicus,0.83025837
fascea,0.8409019
conferueo,0.6835891
laganum,0.8350938
persevero,0.9340749
subsistens,0.82411724
canaliculus,0.7872826
incero,0.67746454
fasceum,0.69564223
superiaceo,0.632877
circumligo,0.93483275
neclcio,0.62799823
fasceus,0.82545733
voluo,0.7777691
porrcio,0.9251504
brevis,0.61254656
alcumena,0.8733907
mitellus,0.4001585
insio,0.87816083
commemino,0.8215855
laxa,0.71870106
lineatus,0.6223717
paxillus,0.8562929
acutior,0.93448144
materiarius,0.6769686
depresdo,0.7968426
cincinnatus,0.96754885
unguentatus,0.9084672
scorteum,0.5437417
uolcanus,0.9332159
obsorbeo,0.71213937
obtudo,0.7626511
hippocratis,0.90683156
spatula,0.77870536
obuoluo,0.9409852
russus,0.8382262
exteno,0.8095801
paus,0.80985415
renito,0.78648216
machinamentum,0.9471183
torcular,0.8718127
condideo,0.68990827
ipsemet,0.5780888
beroe,0.82246727
palinuer,0.434644
laurentum,0.6070257
rutula,0.5272524
pallantum,0.4806785
mezeo,0.7485961
pallantus,0.85901064
conlatio,0.9576119
trois,0.8685101
camilla,0.93499017
mineruum,0.86408836
formonsus,0.95921147
clytaemester,0.8961431
illustro,0.93338275
deputo,0.8406389
complaceo,0.8788641
icarium,0.8856373
suffugium,0.89635825
uitans,0.9548298
manica,0.9532465
urba,0.8742484
conprehendiro,0.8111117
adtentior,0.8779048
praestantior,0.9380019
regimus,0.8451339
arrabo,0.8907338
summatim,0.98338413
dissera,0.78779936
praedictio,0.8738172
florentissimus,0.86342645
opulentissimus,0.9464919
mono,0.84913445
religiosus,0.9731766
oboedientia,0.92926633
occentus,0.6626868
sorex,0.82416517
discipula,0.8043164
foculus,0.90906644
scrupulosus,0.9256492
impeditus,0.92446995
inpensus,0.91690296
marcellum,0.9448683
salius,0.89989257
ancilis,0.8997582
famulo,0.8915906
sublicium,0.9074148
sordidior,0.9417079
conseruandus,0.92741954
uersao,0.8292112
petronium,0.8663446
parricida,0.97290015
exacio,0.7541454
uenerabilus,0.8456098
cannensis,0.95215225
abstergeo,0.94390357
optino,0.58074033
karthaginiensis,0.972397
potitium,0.8994801
karthagina,0.88581616
aeasculapius,0.8884101
succisus,0.76133233
imper,0.71047604
fulue,0.92525387
expiro,0.9591768
dictio,0.93117523
taeterrimus,0.96335423
ext,0.54648757
pyrrus,0.94699305
efficaciter,0.9168978
locrensis,0.9791051
meliio,0.7063631
festuca,0.80626154
perpendo,0.943315
dionysius,0.97539973
gelo,0.9290843
epidaurus,0.91333514
tametsi,0.9396371
veius,0.9229493
ueientanus,0.8031123
camillus,0.9764638
filiola,0.85790783
internuntius,0.8994113
responso,0.90453357
concubius,0.86365294
nuptialis,0.96440804
congruens,0.94808984
fannia,0.79184556
conmineo,0.4270527
homerix,0.8518572
mot,0.61146
adnoto,0.9473948
liguria,0.87456965
implorans,0.8345865
adrogantia,0.9727117
diuinitus,0.92839956
interpretas,0.70383
aeo,0.45059496
adiutorium,0.9609953
puerulus,0.9179211
rumx,0.54298717
publus,0.8099462
gnaeus,0.9460047
exoptatus,0.731087
ueios,0.80781233
aruspex,0.9451624
uolumnium,0.5607814
taeter,0.9774139
semenstris,0.7984197
boarius,0.9132997
inauspicatus,0.87802863
obtrunco,0.96601313
funero,0.9074571
uaesanus,0.9337609
mancen,0.78431845
genua,0.8814516
calamitatis,0.8763339
adlapsus,0.84466976
tius,0.73972017
euidentissimus,0.832727
carrus,0.87503064
paludamentum,0.96137977
ueteo,0.95144105
adcurro,0.9182592
lin,0.64261425
excandesco,0.92863154
excelsior,0.9528603
ptolemais,0.6450423
tralles,0.8226703
xerxis,0.9007639
regressus,0.84017044
lacedaemona,0.887318
uaecors,0.8687169
leonidus,0.8079568
dormiens,0.89343596
ditus,0.96751523
midao,0.86448187
dulcissimus,0.93395865
adumbro,0.93914944
ualitudo,0.96317357
adipiscendus,0.7932675
immortalitas,0.93234015
diuinitas,0.9437114
ims,0.3976249
decium,0.7699572
plebeus,0.8122802
adtento,0.89840317
negleco,0.92757034
lecticula,0.8825068
haterium,0.798361
retiarius,0.86927545
demorior,0.82857037
adtonitus,0.9414012
uastitas,0.9482896
cassandrus,0.8949871
indulgentus,0.9118804
firmitas,0.92267835
elegantissimus,0.9080052
successio,0.920381
cyrus,0.96344274
praenuntius,0.7949203
inundo,0.9488379
medor,0.7664081
excellentissimus,0.9353265
familis,0.6321292
lentigo,0.65920746
syracusae,0.87721807
himeraeus,0.80671555
inruptio,0.9296738
meritorius,0.9040414
copo,0.476969
caupo,0.9363416
regillum,0.9192028
tusculanus,0.92177224
uatinius,0.85047704
reatinus,0.90858686
promio,0.6699971
coriolanus,0.9320706
arsia,0.6382449
incitatissimus,0.7934915
thurinus,0.8788135
fabricius,0.9681001
luscinus,0.9192575
defendendus,0.96101296
oblatus,0.8736309
nominandus,0.9098545
philippensis,0.38381162
ardentissimus,0.8251052
augustior,0.9006498
ptolomaeus,0.98187065
conmilito,0.91903996
ueridicus,0.9321693
pythicus,0.8449503
uaticinatio,0.9018315
coelum,0.8029257
podeo,0.6659058
auiola,0.55950034
proclamo,0.9659099
plo,0.9785549
reuixio,0.47290128
tenacissimus,0.7987973
inseruio,0.9366156
narratio,0.93294036
simonides,0.8638183
scopa,0.9252559
locupletior,0.93819326
opinatio,0.91389126
apollinis,0.9675947
tur,0.7819497
lacessitus,0.58605283
quadrigaes,0.9314047
pausania,0.94515204
sentina,0.8993676
conploratio,0.79381716
yt,0.5355433
mitrido,0.9374709
laodicus,0.794145
deuico,0.6261429
strabo,0.8641566
schola,0.92699504
usitatus,0.9688149
relo,0.8965402
bagrado,0.93020606
cenito,0.92272866
contenta,0.81159055
centesimus,0.88771677
quinquage,0.8786869
coniugalis,0.9633572
concinnior,0.7472566
schema,0.9491828
meditatio,0.94196415
discubitus,0.7495849
delicatus,0.9779965
alacrior,0.9316446
splendidior,0.74656576
actuosus,0.7525342
nutrimentum,0.93029666
administrandus,0.9447825
amantissimus,0.86695075
obtino,0.841374
lauru,0.89664286
politus,0.8995008
abundantus,0.7829238
suessus,0.8413005
pometia,0.88053554
mirificus,0.92110646
stabilimentum,0.81836545
fastidiosus,0.93840426
luxus,0.975659
attentissimus,0.8143792
conpesco,0.52478474
continentia,0.9519288
exultans,0.95786864
trabeatus,0.82174355
celox,0.52464837
oblittero,0.93510413
mallus,0.89631474
corpor,0.6474898
peticus,0.86737734
stolo,0.9178424
intolerandus,0.9354232
consualis,0.8088217
inconposeo,0.7860689
curetus,0.9362309
atellanus,0.84370303
saecularis,0.8122365
ualesius,0.6020861
tiber,0.93826747
ostia,0.93610966
potatus,0.74912095
spongea,0.78388715
proserpinus,0.9002485
furuus,0.92423624
lautitia,0.6252601
consessus,0.9604674
argentatus,0.7898519
choragia,0.6856507
poenicus,0.86442167
pera,0.8510587
trao,0.77623105
bellulus,0.78395337
tiburs,0.80914754
epulatio,0.825188
temulentia,0.86697304
propatulus,0.8748399
puls,0.92073345
libamentum,0.7792197
benefacio,0.8981271
frugalitas,0.9773474
inmoderatus,0.966248
delicatior,0.88153124
tenacus,0.8750889
anapaestus,0.95889086
modulus,0.9351562
cohortatio,0.8482176
facinorosus,0.8336932
honestas,0.9506151
periclis,0.949834
tal,0.52552176
manumissio,0.91110706
submouendus,0.74604404
planctus,0.9334871
beniuolentia,0.95646554
instructissio,0.8874273
facundis,0.5257634
nequicqua,0.74190605
sinceritas,0.93513334
obstupefao,0.8319501
deuerticulum,0.9185717
palliatus,0.6767497
philosophia,0.9624505
cimbrus,0.90205723
numquis,0.80072397
callide,0.9675395
amissio,0.9606931
uitupero,0.96658766
karthagum,0.848441
insolentissimus,0.804722
uacuefacio,0.8624847
neglecno,0.7179939
cons,0.71833944
rupilius,0.51862264
messana,0.81770086
fuluis,0.83037615
copulo,0.9615819
ues,0.61470366
quintis,0.9179007
deuoco,0.8881792
papio,0.6253317
flagitiosus,0.9444653
trebia,0.9394742
duramentum,0.76475525
alienissimus,0.7836901
mutuo,0.7984191
euerse,0.53650844
utilissimus,0.869332
sosia,0.87254834
praeseruio,0.6333064
adtritus,0.8632211
pyrrum,0.9804067
mer,0.603133
munusculum,0.9570123
expugnatio,0.9505751
eneruus,0.7742891
clearchus,0.92731
attrecto,0.9242858
proelio,0.94748795
luatatius,0.7796815
lutato,0.73088133
lutatis,0.70702225
calatinus,0.89558554
funmco,0.7958226
ualer,0.55020064
luto,0.60485965
adlubesco,0.768999
nimir,0.9110842
sapientior,0.9261789
festinabundus,0.48644346
solide,0.8546631
crudelissimus,0.9460906
constitutio,0.8895299
aduocatio,0.9286519
imitas,0.93548423
iniuriosus,0.9176687
muliercula,0.9566774
nupso,0.7823463
fabricus,0.5857017
luscinum,0.6382069
pomerium,0.9763781
arg,0.61755013
inpudenter,0.70997316
frenus,0.9071223
constrico,0.9453925
valer,0.8709556
postmodum,0.79305744
apparitor,0.94735277
adlo,0.9167447
pedisequus,0.8124483
cupide,0.9703872
osculo,0.42420414
eueno,0.6642614
iuuentaa,0.68662524
minturnensis,0.8008008
fauonium,0.7389121
amicissimus,0.9444566
astrico,0.78157103
definio,0.9702792
aristogito,0.8760315
xerxes,0.9674114
retulo,0.788903
cunabulum,0.9726803
destrico,0.687427
poppedus,0.8718102
sarpedo,0.9277141
condiscipulus,0.9413898
colaphus,0.9007305
pericla,0.92197275
inplico,0.9123895
inrumpens,0.91043425
infatigabilis,0.92433625
euo,0.6761067
horatio,0.8387923
cloelia,0.87125707
inclytum,0.72430867
porsenna,0.9750567
feretrium,0.79494035
adquiseo,0.9217974
intercatia,0.67220426
luctuosus,0.96463096
defunco,0.92605853
atratinus,0.9017792
demoueo,0.8438526
laxamentum,0.91084486
corrodo,0.8167846
defor,0.5214952
aristonicum,0.9167438
sica,0.87154007
turpitudo,0.9555123
adfico,0.858567
interficiendus,0.9143368
proelior,0.9563085
scaeuola,0.8747753
equitius,0.68275964
dilapsus,0.7388621
aquilifer,0.8081025
procliuus,0.8196797
conuuldo,0.7566824
capuae,0.8639065
sagulus,0.7372483
decuma,0.7296258
cynaegirus,0.8688535
praeconius,0.8554048
audacissimus,0.82571596
umbo,0.9674994
britannicus,0.8889618
tragula,0.850323
proeliator,0.9056125
finieo,0.69385767
uicies,0.8537133
adficiendus,0.8453011
suggillo,0.9370212
leonida,0.9428631
ccc,0.9649096
leuctr,0.6138677
porricio,0.8453157
dubitanter,0.84004045
inlisus,0.7994032
existimatio,0.9574051
uirilitas,0.92986023
ferocitas,0.95074594
inmersum,0.78686064
karthago,0.9447782
gelonus,0.9123446
molitio,0.89114004
texeo,0.7563627
muco,0.7838245
pompes,0.8618429
praeditus,0.9670238
dispello,0.93509704
agrigentus,0.87554747
agrigento,0.5396372
timiditas,0.9348062
phalari,0.7518598
eculeus,0.9744433
inposo,0.732057
eiulor,0.8706984
amputatio,0.8458108
facunde,0.6625485
hieronymus,0.8612665
fidicula,0.884454
alienior,0.799066
pedetemptim,0.9014721
macellarius,0.5070311
sordidissimus,0.8392182
crassianus,0.7038167
punitor,0.7124448
pho,0.7936771
socrates,0.96529895
obstetrix,0.9363483
mensuro,0.88517207
euripides,0.9306655
demosthe,0.97288096
oratorius,0.8545477
petitor,0.96783423
sculbo,0.5119549
exheredo,0.9549083
hortensius,0.9612195
gymnasium,0.95839906
crepida,0.86303324
uegeto,0.89826584
adepio,0.8390763
duellius,0.93068826
fidicen,0.35202503
celebratio,0.7969267
publius,0.9292409
corrigendus,0.9011929
badius,0.76613355
antiochensis,0.8957074
quadragies,0.91253215
expensa,0.7749343
trus,0.47363123
prodendus,0.91535425
conmotus,0.7965317
dementissimus,0.74081796
absolutio,0.95539314
honestior,0.91952425
adrogans,0.96615136
perfacile,0.90851754
toi,0.8509075
ledus,0.859219
phidia,0.95992774
adludo,0.92216045
epaminonda,0.95558214
procuratio,0.94315463
inustus,0.8774217
artificium,0.96538675
aestimandus,0.9601537
uicissitudo,0.94532835
ap,0.5471652
repraesentatio,0.8466099
teanus,0.7647537
public,0.8231416
inritatus,0.91294146
exquiseo,0.77812
constantis,0.90497345
sempronia,0.875954
conpreho,0.79035574
eximium,0.967023
obfero,0.8834625
contextus,0.9231115
maeuus,0.57844263
internosco,0.80917853
petasus,0.82430416
pinnula,0.8541671
torulus,0.7723993
commendatior,0.5236727
enimuo,0.91158676
phocium,0.88331723
aspiro,0.9558617
socratus,0.95513475
lacedaemonia,0.84446573
incitatus,0.47765288
demochar,0.8766948
claritas,0.95634747
cydnus,0.95665586
tarsus,0.94668597
interfluo,0.92958784
parmenio,0.93612015
imuidiosus,0.31875083
irc,0.573478
operosior,0.84995174
praeproperus,0.91479355
coartor,0.7286184
quintius,0.95999163
laeuinus,0.87475115
cognomentum,0.9532459
satisdo,0.86903095
coniico,0.8335979
lucrifacio,0.86179245
recordandus,0.7391442
strictim,0.95512116
interemptus,0.8962992
humerus,0.95631075
cypriacus,0.69049096
amplis,0.7910817
metapons,0.8004759
inpie,0.68836534
tantopere,0.9193562
xenocrates,0.87616724
theodus,0.5796155
thrasybulus,0.9567547
restitutio,0.9145415
pittacum,0.79117936
sapius,0.71929735
captura,0.88962203
adiudico,0.95063615
w,0.67001975
thaletum,0.7856673
pittacus,0.88725185
spartanor,0.8979056
theopompus,0.9546052
deflexus,0.80828166
liuum,0.7094671
tranquillis,0.82156694
conido,0.7738394
aulus,0.9519381
epistola,0.94843954
redemptio,0.93754584
adplicandus,0.850471
cypr,0.7080637
urb,0.6833429
antonia,0.72833586
supergredior,0.96401155
patricia,0.8938813
cominium,0.9141772
accuro,0.7544131
catillus,0.8062758
spectao,0.78723025
curium,0.8404088
adsignatio,0.8752488
pauperrimus,0.7977145
samnitus,0.90933174
refercio,0.96292317
cinea,0.8577633
detestatio,0.9251851
epicurio,0.8930645
curus,0.60301584
retulsum,0.42286807
abius,0.46803698
iud,0.5856199
atteno,0.6637157
erogo,0.9574054
haedinus,0.89388496
sosium,0.7396813
lanterna,0.79568887
inclytus,0.9353111
epiroticus,0.8428874
pos,0.5749767
pelliceo,0.58560395
phrynis,0.70642936
academia,0.9187605
diogeni,0.8568289
crepido,0.94741005
aristippus,0.9193205
adulo,0.8953239
conlabor,0.8985684
quorsum,0.974218
menenium,0.8692144
extinco,0.93811435
pri,0.7909912
lautior,0.8833902
pediculus,0.8614161
praediuis,0.58807445
fieo,0.8207811
uastissimus,0.88405085
amgustia,0.7267895
arantis,0.7511575
latifundium,0.82934916
subsigno,0.7054519
caeso,0.8626746
domuncula,0.894562
occisor,0.7136651
indigentia,0.90084344
capitolius,0.95426154
uestaa,0.5640912
cannendo,0.8663986
speciosior,0.75078034
suffragator,0.8935424
sapientissimus,0.9451364
honoratus,0.86021864
concitatior,0.7782004
amiseo,0.937248
admeo,0.8726493
interuentus,0.9493475
permixtum,0.8966571
uerres,0.96903425
calceo,0.78937733
aedilicius,0.9001668
consternatio,0.84304786
castissimus,0.93722314
alienigenus,0.92442936
obscuritas,0.97070014
artemisia,0.9502967
mausolum,0.7219522
mitridas,0.94091886
adsuefacio,0.878773
iucundissimus,0.86957955
adms,0.66017175
pelasgicus,0.70978236
taygetus,0.88847613
explorater,0.77157176
tenacior,0.8020462
laeno,0.870896
familiaritas,0.96755254
laelum,0.7548944
reginus,0.6507367
hucusque,0.9689406
petronius,0.89767367
adserendus,0.8234434
petro,0.7057107
ingenero,0.87242055
mansuefacio,0.71144485
adloquendus,0.75613666
partitus,0.839908
promptissimus,0.93907326
hephaestius,0.9376309
quantacum,0.8899281
sublego,0.68316966
inaestimabilis,0.94398034
pactio,0.96338457
addictus,0.9434724
praerogo,0.3744441
apula,0.7849559
fabianus,0.87575805
pronuntiatio,0.95093495
hiero,0.94380224
adflico,0.8335649
occupatio,0.94007474
humanissimus,0.88576245
tiburus,0.7574009
pru,0.53972113
sion,0.46002644
olbius,0.8867548
mansuetudo,0.93604016
uendeo,0.73702365
insulsus,0.9338726
laticlauius,0.6337159
perso,0.94752216
columa,0.97735333
anton,0.8682203
pisistratus,0.97641045
conmendo,0.83781916
pyrris,0.8715315
tarentinor,0.85077953
molossus,0.9492526
caudina,0.94383967
uenerabiliter,0.66856354
inhumao,0.61824423
lucanum,0.9434565
considerate,0.88955635
insolentus,0.7185889
paenitendus,0.90512526
significatio,0.9664495
uolscorum,0.8995463
ueturia,0.92433643
uolumnia,0.8723492
facula,0.89952385
nautio,0.8170834
enitesco,0.96144474
salutariter,0.81352997
samnium,0.8811532
sec,0.7661605
pilleatus,0.84753364
deuictus,0.7984371
contigi,0.86006594
cornutus,0.9240396
libitina,0.8504884
darius,0.94529366
magnifice,0.9564669
aemilianum,0.646384
laa,0.5892291
adleuandus,0.8477905
indignior,0.8983257
pasdeo,0.71824706
ahalum,0.839132
maelius,0.7311939
custodeo,0.5265043
sextilius,0.7322973
dignis,0.87242997
ingras,0.7845738
picena,0.88939464
rogatus,0.7383566
adtempto,0.83181226
karthaginiensee,0.9763342
constantus,0.93717045
ulueo,0.79427344
uicatim,0.9408295
scyrus,0.87400025
pisistro,0.9293246
miltiades,0.8712831
cimus,0.881067
themistoclis,0.94696224
parieo,0.6533996
potentis,0.77491844
glebula,0.7750564
expeo,0.43483573
marathos,0.7862612
persica,0.9123429
pulchrior,0.93112683
miltias,0.88569546
cimona,0.7796365
solonis,0.8978766
muti,0.5868698
iniquis,0.7073742
uolscos,0.9558882
ticinus,0.95603096
aspere,0.9393277
horridior,0.88367724
refeo,0.4098459
claudia,0.87669057
sacratissimus,0.8485118
necandus,0.9244443
exertus,0.93035233
ind,0.40907776
promptarius,0.7615497
flagrum,0.93510306
inusitatum,0.9208789
inauditus,0.97058165
liniamentum,0.9614804
ciuus,0.921744
inclaresco,0.9192839
uixio,0.9281674
obscurior,0.9448971
scythus,0.94834787
sceo,0.56892055
darium,0.91913015
croesus,0.93464625
fe,0.5839031
impendium,0.9598054
curtius,0.84181124
genucium,0.8534708
erepo,0.9253572
testo,0.8452151
aelia,0.8399966
deuotio,0.8186227
exhauso,0.9409974
argentiue,0.7569349
ingenuitas,0.9464015
cordatus,0.81281626
delphico,0.5910512
delphicio,0.83406925
percrebresco,0.90231633
codro,0.7571175
famular,0.66941744
obpugno,0.93316
themistocles,0.9733777
karthaginienses,0.94655204
philaenus,0.8636066
cyrenensis,0.95075697
remoro,0.78430915
philaenor,0.8874427
aristoteles,0.9617382
iucundior,0.9576682
mathematicus,0.96422327
saupera,0.8862574
ariobarzanes,0.97177416
tarquinus,0.95524156
agrarius,0.91175103
adfectas,0.8039371
occ,0.8550873
ar,0.4010018
gellus,0.9173199
taetrior,0.90262914
adseueratio,0.9543998
horas,0.87583
puluillus,0.67709506
nuncupatio,0.91415906
clausula,0.9440577
ingemesco,0.9503326
vnus,0.9688568
xenophus,0.95013165
gryllus,0.80415595
anaxagoras,0.93728733
inbutus,0.82497114
uixo,0.6954617
firmamentum,0.8788308
castitas,0.94569695
inlibatus,0.6441275
censoris,0.6937774
coinquino,0.80013657
animaduertio,0.8607073
asseuero,0.75791025
eius,0.7265152
plotio,0.9010118
plotium,0.9036225
qualix,0.8068489
libidinosus,0.9594171
cominius,0.8594244
inpudicitia,0.90842974
corruptor,0.9548531
lusius,0.74510103
gellis,0.76211
flagellum,0.9511842
octauis,0.5894656
uibia,0.79045475
ippus,0.7379031
florentis,0.693786
probabilior,0.62844485
syphacus,0.9416228
crispus,0.95429933
iuuenilis,0.9130156
manilium,0.8619584
nauclerus,0.75219357
accusor,0.9072515
iuuenno,0.9371783
municipalis,0.91576874
humilus,0.9327637
apollinar,0.9117557
castricium,0.8981366
depo,0.7784734
uenditio,0.9252177
fiscus,0.9477793
contumax,0.96580327
oscitans,0.85384464
mutuor,0.96022624
admissarius,0.91259176
taetrus,0.8965239
cyrenaeus,0.82315254
senonae,0.74570477
maelis,0.83051145
seditiosissimus,0.44998348
flaccianus,0.7652677
congruus,0.5984237
fidenter,0.9075047
hispalis,0.92451906
manius,0.8544061
profuse,0.6669226
necessus,0.9480608
reprehensor,0.51015943
maritalis,0.9578625
praefinio,0.93962765
inritatio,0.8497034
archilochis,0.7872923
exporto,0.9435044
cambysis,0.94758606
constantior,0.8803343
ueserim,0.8657162
uiriathus,0.9664811
denoto,0.8665413
speculare,0.88043594
rutilium,0.863653
rutiliter,0.8277738
lusitanis,0.769928
decies,0.9250247
adaequo,0.9237288
faliscor,0.94129735
conmiso,0.4988195
timochar,0.5482422
cateno,0.8871139
reclamo,0.96072805
xerxe,0.93746954
legislator,0.7963471
hamilcar,0.9693676
asina,0.7751214
cius,0.7339046
saguntinus,0.89480245
obsesso,0.9293233
turia,0.71452284
famulor,0.9356125
reputo,0.9410852
conmorior,0.49298608
philocraet,0.7710029
uocitas,0.7040985
insultatio,0.850999
tremibuo,0.8630029
pindaris,0.6348243
usquequaque,0.95122284
salernitanus,0.8868196
conmuto,0.8025847
adcursus,0.53553355
egretto,0.9008213
beniuolus,0.94037175
ubinam,0.94318366
antius,0.77863455
obtunsis,0.7268015
iudicialis,0.9162185
solutior,0.89087206
ornatior,0.907628
ludicer,0.8776741
proconsularis,0.93884325
tribunale,0.91039556
asculum,0.8191055
uentidius,0.96497416
decoctor,0.8216093
polemo,0.85262495
abdicatio,0.87485987
extito,0.9040406
polycras,0.92358005
salebra,0.9114189
ferundus,0.86390066
crepundia,0.8871536
incertissimus,0.7464744
recutio,0.85786027
metellum,0.708917
specius,0.7988458
pythium,0.9364202
sagacitas,0.91228837
adstipulator,0.8097866
ignus,0.7365087
inemendabilis,0.9260477
pestifera,0.6512922
nonnihil,0.96549344
aquilonia,0.7635742
mauritania,0.931406
conpendiarius,0.8322964
exprobratio,0.9135235
subsessor,0.7973546
consolatio,0.9181577
consaepio,0.9170841
fortuito,0.9504225
pidao,0.65674293
callisthena,0.93819904
anaxagora,0.97176266
anacharsus,0.9154973
hanno,0.94461745
mago,0.6401223
detraco,0.6078868
samnito,0.9002399
inprouidus,0.8691023
teus,0.82186043
aec,0.6489668
excerpo,0.95820475
uegetus,0.88996303
bruo,0.20460476
demonstratio,0.9264715
praestigia,0.9382609
superausum,0.84876484
sertorius,0.98063314
lusitanor,0.8568157
sentineo,0.68486875
inriio,0.8694158
barbaer,0.84393126
nola,0.8853055
uulgor,0.90071285
pigrgnus,0.5169827
immerens,0.7408222
uilior,0.95399994
equiso,0.8337413
hinnitum,0.5544409
intercepo,0.8165683
extingo,0.65096325
anicula,0.89482236
demostheno,0.96901125
perior,0.52966803
adueno,0.7311665
adumbratio,0.6788395
uolsco,0.9398124
mettius,0.9298784
fluctuatio,0.84357417
conscio,0.94444495
agathoclis,0.9573071
incol,0.70740074
ce,0.68935657
prudentior,0.9149971
tuberum,0.8950705
urbanitas,0.94975424
scurra,0.9653381
industrius,0.9147693
abomino,0.9350754
praetextas,0.8236951
pondero,0.927251
otacilium,0.87748355
gubernaculum,0.96992517
benignissimus,0.5296545
pell,0.8312791
uenditor,0.9661292
extruendus,0.8785775
improbissimus,0.7889762
anneus,0.55403674
tullianus,0.8306267
signator,0.8303596
coniunctus,0.95769763
procreatio,0.9096589
expolitum,0.47402468
inprobo,0.7264055
exheredatus,0.8908082
petronia,0.6839412
tettus,0.86380243
ariminensis,0.7570603
grauius,0.88058037
nubae,0.8081787
pollingo,0.7125316
educatio,0.9065767
amputo,0.97162175
lupanar,0.96942574
conprobo,0.87564677
praelatio,0.6907427
restis,0.9097903
ferrugineus,0.8540068
liberalissimus,0.91275406
oppium,0.82300884
ultimo,0.71633875
oppius,0.90774643
exher,0.9153397
scurrilis,0.766397
tullum,0.9357268
inmaturus,0.9521852
punitio,0.75258666
pudicitius,0.89461094
abruptus,0.8893102
perceo,0.8811885
gabinium,0.7683114
cribro,0.9337446
prus,0.765756
deformiter,0.81431943
solutu,0.8117982
abieco,0.91026413
ualentinus,0.88565385
poeticus,0.9778264
cosconius,0.82051915
conploro,0.8140073
septiens,0.86529934
sincerissimus,0.75494224
inclyo,0.7069613
decianum,0.67843145
inquinatissimus,0.6842874
reuiuesco,0.9202317
muluius,0.87823534
lolle,0.7154835
tardius,0.7633673
multimodus,0.9123398
extrucno,0.674956
amb,0.6116138
haesitatio,0.8536368
consideranter,0.7030766
centumalus,0.85682285
lanarius,0.8590768
inuerecundus,0.9224987
stipulatio,0.93747276
animositer,0.831106
impudicus,0.9631759
prorsum,0.9499099
impudicitia,0.96104944
aricia,0.90954876
amesia,0.63466644
androgynus,0.72034764
fannum,0.8877272
pernego,0.9239197
octies,0.9105841
oct,0.38841352
memmium,0.8738327
robustissimus,0.8960354
uehementissimum,0.47086883
eg,0.46443757
neglicio,0.43716204
stolus,0.8134016
perrogo,0.7222998
lectito,0.903824
publilius,0.8909815
roscium,0.9051644
expresse,0.78103375
exilitas,0.89916885
uadosus,0.9280962
declamatio,0.8014471
demosthene,0.94073856
alacriter,0.89963907
olympicus,0.86469895
archytus,0.8451781
pythagoras,0.818141
carneado,0.955078
laboriosus,0.9679459
xc,0.80857056
inedius,0.8398917
chrysippum,0.78261346
cultura,0.93538344
archimedus,0.8049523
machinatio,0.8793724
socras,0.9277371
musicus,0.9448402
locupletissimus,0.88047796
isocrates,0.9022741
eruditor,0.91012824
uiuacitas,0.92671794
subtilitas,0.95200306
laboriose,0.8891203
sumministro,0.87695456
oedipode,0.90645
sophoclum,0.8757745
simonis,0.8339356
pressum,0.8611745
parto,0.92401326
ediscendus,0.8392305
sanior,0.8516026
obstupefactis,0.80726016
interneco,0.71055484
disertior,0.8201873
maledicus,0.87843996
dulcior,0.90922046
decrepitus,0.78265893
cyrenaicus,0.900131
adfectandus,0.86744565
chirographum,0.95162034
aeschi,0.93655396
ctesiphons,0.8650063
martia,0.78556263
perfudo,0.81592387
sollus,0.44692546
tudo,0.4182028
praxitelis,0.8380449
cnidius,0.6951151
inritamentum,0.8395494
iphigenia,0.9425889
aestumo,0.8519326
inbuio,0.7955229
explio,0.9296028
disputator,0.77040255
cascellis,0.8799173
consultor,0.90685487
conductor,0.91139925
euclido,0.8741506
geometres,0.89488757
institutio,0.9067332
disertis,0.9060929
ansula,0.8000793
adminiculus,0.9044108
uiuendus,0.9465712
diuturnitas,0.95475936
acc,0.65487576
xenophilus,0.68232876
aristoxenus,0.9422566
gaditanus,0.9159802
lxxx,0.9658765
stilis,0.9276984
aethiops,0.9765435
herodotus,0.9561678
ctesia,0.8246374
epimenis,0.5317209
hellanicus,0.863125
epior,0.9209448
litorium,0.52978504
statura,0.93522674
trecentesimus,0.84430826
clypeus,0.70628047
conligatio,0.86094666
inquieto,0.9412954
miltiadus,0.6375539
salamen,0.9228164
inlustrandus,0.85489154
anaxarcus,0.90995574
theodeco,0.840315
qualiscumque,0.9678098
innotesco,0.9055482
apolli,0.86843157
conmemoro,0.7576334
largeo,0.7326647
coruo,0.61800665
propum,0.57893896
cimbr,0.7916132
adsensio,0.899686
tigranis,0.9534336
inusitas,0.6396212
paterculus,0.8869196
uerticordia,0.7000117
deminutio,0.95074546
amphiaraum,0.7804998
ahenus,0.876079
dodona,0.6834023
hammo,0.96472037
berenix,0.8885118
gymnicus,0.9252886
ix,0.83667624
emendatio,0.9500204
pensilis,0.88915676
adoria,0.5152138
aestuarium,0.82439446
lucrinum,0.8882113
caritur,0.75948656
conmendabilis,0.7728951
unio,0.7953248
adtraco,0.759283
culina,0.93393755
vrbs,0.8989133
abrogatio,0.705066
semuncia,0.9058027
adfectatio,0.8854956
sexagies,0.5797736
arbuscula,0.9152178
palmatus,0.8693328
nequissimus,0.9384554
clods,0.8414147
noco,0.95776445
empo,0.88028353
probrosus,0.92526937
fragrantia,0.8980607
lubitum,0.78005075
uolsiniensius,0.8351635
textile,0.90226066
physcus,0.73790246
archelai,0.9472338
effeminatus,0.8997662
uiolentum,0.72827333
crementum,0.63895965
praeclaer,0.8177991
nomenclator,0.8482257
inexplebilis,0.9443642
lutatia,0.6490707
aruina,0.867341
uaesania,0.8188646
moesis,0.8055446
natalicius,0.81483436
ochus,0.90580213
adii,0.7651408
laniatus,0.8615581
mortalitas,0.96430767
inclutus,0.7831515
gloriosissimus,0.8297535
misertus,0.83226466
inpotenter,0.86904764
puteola,0.84603286
granus,0.90193623
decurio,0.9273118
cunctanter,0.84645885
exprobo,0.71173644
probor,0.81147313
clitus,0.89120024
samirama,0.92062366
babylo,0.7745061
indagator,0.88268924
tyrannicus,0.8942114
interfor,0.7728962
obtorqueo,0.72122127
adroganter,0.87169266
maharbalis,0.60628235
plautis,0.46371958
spurius,0.8958843
sabino,0.88772225
lusitanius,0.8920626
bituo,0.86499465
bituitus,0.85450333
xanthippus,0.9409723
inuiolo,0.82664514
nucerinus,0.82137525
equitium,0.7413084
asellio,0.82654047
tabernula,0.57284147
speculatrix,0.7918041
pelor,0.88065624
necedo,0.7045252
tim,0.7209512
nius,0.6079906
lars,0.90739226
conlusor,0.9013419
adrianus,0.85758066
cyro,0.92397594
berenicus,0.93604636
laodix,0.4406891
singul,0.7609973
succusdo,0.7314887
chilo,0.7434756
atheus,0.763335
uettius,0.89124644
salassus,0.86992186
pollicitus,0.8899495
inlustrior,0.8869504
tigranus,0.94346917
consenso,0.8964143
ente,0.6946637
immoror,0.92286456
obue,0.92898947
thalna,0.75103414
foculum,0.7845315
maenianus,0.84543705
sudarium,0.9033743
fragilitas,0.9380067
quanus,0.9460403
sophocl,0.7923318
philemo,0.8986944
comestus,0.87306964
anacreons,0.8628077
supergressus,0.7239021
polydama,0.9218799
humerum,0.9176079
hu,0.47742236
hebesco,0.8519801
sapientis,0.8186952
aerumnosus,0.923663
exquisitus,0.7632906
infelicus,0.81465334
thebis,0.8388453
conpunctus,0.818359
paelicatus,0.7794455
putamen,0.8831052
securior,0.89544773
doridae,0.76036704
cubicularis,0.80032563
cocum,0.7889129
impingo,0.9638099
uictimo,0.5823463
pamphili,0.81240654
artemo,0.7842687
laodice,0.8950548
rect,0.6113796
hariolor,0.791147
intercolumnium,0.5429179
excellentis,0.7272183
centumuiralis,0.7983931
praesis,0.6988544
mediolanus,0.6830183
art,0.7699369
suffragatio,0.8812014
laetabilis,0.7018063
xersis,0.9111262
libyam,0.93824023
anchora,0.8649658
afflicto,0.8913405
info,0.97055453
cymba,0.7357993
viuio,0.9581338
coarduba,0.8045156
longinquo,0.9765646
corduba,0.89665306
adluo,0.9619566
agamemnonia,0.82249403
bellus,0.7637775
diuexo,0.74844587
hamis,0.7293752
noue,0.8473964
livido,0.7266234
pyramis,0.9259647
mausoleus,0.7857494
externum,0.8615132
inlaedo,0.75113237
inlibo,0.9010691
thybrum,0.80327916
interlueo,0.81810284
alluo,0.9461628
inaccessus,0.93418145
dampnum,0.7479644
triga,0.59083194
conrodo,0.78671837
congredo,0.88702154
concideo,0.70797586
uinca,0.9212172
uincar,0.48448488
laquear,0.9279072
testudineus,0.8145417
uenustus,0.81600416
remordeo,0.90188974
tinnio,0.92730314
susurrus,0.90859884
custodi,0.6571542
libyas,0.93439
cascus,0.84239006
vna,0.4317351
basilissa,0.55302167
tentigo,0.8453083
exercio,0.73476374
optuo,0.7023212
eos,0.7970546
dominator,0.850381
adus,0.7518227
caelitus,0.92006975
domitum,0.89827776
ereo,0.9127429
terrificus,0.9477871
tarto,0.86654603
flammea,0.7079619
temnis,0.6097136
luctificus,0.9347267
percitus,0.9670033
claresco,0.9494956
pertulo,0.84909546
clamosus,0.93292385
parui,0.7466584
augeus,0.656849
caelites,0.8992051
uades,0.94437784
obtentus,0.8338292
passo,0.72016954
sipylum,0.69832563
subrigo,0.8833077
permetior,0.9218489
domino,0.9160184
strico,0.6517385
assequor,0.96620905
effo,0.88151383
tartarea,0.9142519
creons,0.8716959
inrogo,0.9700862
inremeabilis,0.74811304
styga,0.82529855
iuridicus,0.7716304
obtulo,0.8354931
inlicio,0.93916553
paedor,0.8891325
imgratus,0.79171604
dispertio,0.937107
cocytus,0.94015515
achero,0.82809734
umbro,0.93985575
oblitus,0.8260174
quaesitor,0.94304144
taxo,0.88799316
danaido,0.69725347
torpesco,0.9430907
contus,0.9665631
charus,0.8702338
subrectus,0.8068707
iugo,0.9087324
ephebis,0.93903667
cocysco,0.43563184
vltrix,0.6831312
cae,0.85864174
arabs,0.96702594
exundo,0.96823233
dirca,0.73247254
macetus,0.9356986
mimo,0.4806476
nefo,0.89402604
cyclopia,0.89399654
gno,0.93947697
undecumque,0.9381482
temet,0.93066376
pudo,0.75148034
macio,0.57762086
reciprocus,0.90940905
reuerso,0.9610518
geryonus,0.81866574
profo,0.80455065
caspia,0.73754406
aceruo,0.86035204
nouercalis,0.8561574
uiolatus,0.8934833
palpito,0.95672
alleuo,0.89588606
hiber,0.93060315
arctos,0.8683516
cerber,0.84981704
secure,0.92274636
hercul,0.9355228
afluo,0.75049037
amittendus,0.79801595
inpauidus,0.8483479
hauds,0.8408631
cirrhaea,0.87841487
strata,0.8506892
montiuagus,0.85773283
dircaeum,0.8163986
praeruptus,0.9673492
caspium,0.95273024
lubenter,0.7518644
inardesco,0.8860192
exero,0.9613633
horribilis,0.96692216
doma,0.65508974
illicitus,0.88649905
sabaea,0.8506131
nupo,0.84048426
perimus,0.7287055
turbidum,0.8578067
altisonus,0.87427455
sonticus,0.74624014
boo,0.78267014
spicifera,0.7896652
mysta,0.8058026
infor,0.85576504
taur,0.9388653
reno,0.8279142
lernaea,0.82757026
belia,0.6859366
garama,0.90773875
arctous,0.93395454
fores,0.87212336
gigo,0.65089524
stymphalidus,0.91705346
calpe,0.93737465
chalybs,0.97822136
alcido,0.8432356
stelliger,0.88899
lernus,0.86042684
ubinus,0.8529341
caucasum,0.89418525
prorsus,0.9715747
inquietus,0.9511415
arcto,0.6188884
conturbo,0.9540421
relicueo,0.8590054
ruitus,0.9058868
pulsa,0.7502636
garrula,0.7054888
accommodus,0.91988635
arsura,0.8120219
planco,0.69470245
pindum,0.86592543
exurgeo,0.8691026
inconcussus,0.9551811
giga,0.83542556
infer,0.59014106
inuolo,0.88490635
cleona,0.71256065
hebris,0.86184
deplango,0.49090362
hebrus,0.9123106
geryona,0.93430257
amplexa,0.49437043
remetior,0.88734007
inhospitalis,0.91941077
paollux,0.7641776
thyrsigeo,0.88174915
malea,0.8984534
clepo,0.44971943
fello,0.8589128
letus,0.8789588
sipara,0.6956519
sirenus,0.88482666
recurso,0.80261767
lympho,0.8835108
aspexeo,0.90240383
effer,0.6943486
corus,0.8912639
quatia,0.8312924
solames,0.96537554
perustus,0.88756764
aggredor,0.5115622
tarta,0.8803377
augesco,0.94997406
laeuo,0.89613557
arctoo,0.9049356
hydaspo,0.9304669
gemmifer,0.75590914
harpyia,0.92314506
zeta,0.7311377
maena,0.880628
arbitratum,0.5754195
vndo,0.720796
occultum,0.7582145
morta,0.78834295
praefica,0.6784489
conciliatrix,0.73680925
uenerium,0.68995273
nepotulus,0.7591128
intestatus,0.9226669
ubicun,0.78927183
egentus,0.7339536
semetipse,0.83597225
generositas,0.8788379
adspiceo,0.7954526
uto,0.7023604
immoro,0.81885546
alcyona,0.79308385
pandionia,0.75633705
graues,0.80976427
fodiio,0.8155018
seneca,0.8899714
uinctum,0.7706834
expauesco,0.96727544
dirx,0.5650177
pressior,0.8846242
implexus,0.7461291
alio,0.9489713
sphinx,0.93126994
iacchum,0.8425131
phlegethon,0.7467904
amphionius,0.8015924
peremptor,0.8816693
peremo,0.94484764
castalia,0.9244079
trigemen,0.7373627
pistrinum,0.9440286
iamna,0.5197811
irrigo,0.9725164
obtendo,0.92250836
haeco,0.90521485
hocus,0.9355179
iacchus,0.7387311
nebrides,0.6767324
caterui,0.91293675
odorum,0.79069316
recolligo,0.7212871
adaeque,0.7591622
inriguus,0.9678257
hiemis,0.9554329
repto,0.9609957
lais,0.76587796
dsum,0.73791826
meatus,0.9668498
ceruum,0.883525
inluuies,0.9318243
subditiuus,0.8328892
exoticus,0.8616339
exoletus,0.91199535
concuto,0.914606
optinens,0.9071078
fortuno,0.890164
quouum,0.7658342
aspecto,0.92460173
capulus,0.88409966
inseco,0.8367266
lachesae,0.91952235
pisco,0.74982226
pauito,0.9535488
ingredo,0.91653556
postergus,0.6699586
riphaea,0.9517834
curuas,0.66860676
araxe,0.7435159
aetnaeo,0.7898407
miseret,0.93583244
aggrauo,0.7198069
corusca,0.9080309
phoebus,0.94297194
scyphus,0.94552463
antiopa,0.8578849
intractabilis,0.92923206
sina,0.5721321
effrenus,0.8844431
recordatus,0.60171795
soliti,0.9160421
arbitrum,0.82011735
chus,0.6155063
neca,0.7084269
exanimus,0.9642969
expoleo,0.752352
examussim,0.79123676
indiligens,0.7782601
uesperugo,0.79779726
uergilia,0.8909317
primaeuo,0.852231
quodnam,0.94643295
these,0.934952
expolio,0.9306383
creticum,0.73446494
dano,0.7738157
trisulca,0.8597139
monstrifer,0.7975963
stellifero,0.8719418
tracio,0.88596904
neglegens,0.9023465
mobilus,0.8617127
inausus,0.8183739
phlegethons,0.93051106
euersor,0.92439616
reo,0.8896295
stuprator,0.81794953
famulatus,0.90506625
imparatus,0.91977525
perpleo,0.46133608
disturbo,0.940849
leucate,0.7307967
epidaurum,0.83930993
pistrix,0.9148053
proludeo,0.50713336
deuis,0.80221725
biiugo,0.7527652
uestum,0.8547704
fartim,0.8561049
soluus,0.60153055
impio,0.45585185
acherons,0.91979074
machinor,0.92594063
tutemet,0.9206414
scirone,0.84319293
phlegetho,0.9315827
abrups,0.9084319
lamentum,0.94649696
quantulum,0.9143473
saeuis,0.7656301
perpes,0.86382365
exanquo,0.8341271
deseruo,0.8914983
inextricabilis,0.8309966
tartarus,0.9294075
membratim,0.9065033
miserandus,0.8364126
eruio,0.5277227
adpotus,0.67159015
plusculum,0.78237355
praecoquus,0.80979073
abstrusus,0.586987
indomio,0.87779784
oedipus,0.9503629
transno,0.9137281
defungor,0.86468023
inclita,0.3862286
adultas,0.6879098
posterx,0.6851342
pactolus,0.93612003
frangendus,0.8230515
malefacio,0.9074644
exstirpo,0.8629756
amanter,0.8498914
malesuada,0.9059842
captor,0.83758867
uiresco,0.8721558
thracium,0.81497025
thyess,0.9310093
aetatula,0.93719155
ueneficus,0.92895484
incensus,0.84880155
uadus,0.77856016
deceptor,0.80321777
exin,0.96858656
possessor,0.9752744
pascuus,0.94417745
assueti,0.8137086
scortator,0.7854986
accresco,0.93136054
medullitus,0.84907913
oh,0.49059588
arcula,0.94087136
philematium,0.82514155
alana,0.8085616
hyrcanus,0.9742247
auspicor,0.9395921
querulum,0.8744732
lensco,0.9065723
flammao,0.87739164
pinnatus,0.92484117
conluceo,0.81637895
eructo,0.9397098
uetio,0.78989816
purpurissus,0.7319261
noleo,0.92935014
interpolo,0.80515456
pigmentum,0.9186056
extergeo,0.7691066
undo,0.974142
cassandra,0.9155503
olo,0.5614564
substringo,0.8425212
troado,0.66415584
suffulcio,0.86882097
callidior,0.7853036
astute,0.9016717
idaea,0.4952371
polyxenes,0.46172577
tumide,0.7148883
doctior,0.9289136
pegaseo,0.89740384
arctoi,0.8376908
repeo,0.92380214
condeo,0.86562747
phrygus,0.8708924
andromacha,0.9449333
naues,0.8433131
auius,0.94506943
andromachams,0.867661
fatio,0.8171032
laetifico,0.75675744
ulixis,0.8365952
rua,0.72742134
machinator,0.9129038
maleficus,0.9343281
largio,0.9374926
reboo,0.925745
peparethus,0.8938561
inlaetabilis,0.80084443
hoelena,0.7707342
praeluceo,0.87143755
hecuua,0.9284451
assurgo,0.9475306
exsistumo,0.86645633
mensula,0.86481327
troeo,0.88571537
busirido,0.9425263
estne,0.87096965
adprobatus,0.9123832
sceler,0.71137106
adlocutio,0.8418156
corroboro,0.95431507
restringo,0.9258567
reclino,0.91688895
frug,0.5348302
augor,0.8276711
consolo,0.90104145
diligentissimus,0.9108149
secretior,0.960533
pulchrius,0.93075794
infelicissimus,0.9472611
aduersi,0.9609138
obnigo,0.79843223
contractio,0.8935394
contumacus,0.5406748
insurgo,0.9477842
minutatim,0.9186941
deploratio,0.6769042
languidius,0.79010105
aduenticius,0.92066926
commodatum,0.4807446
conlaticius,0.8135961
perpetuitas,0.94915044
arieto,0.7174602
proiectum,0.9323888
lineamentum,0.9001248
gaudus,0.7204795
friuolus,0.9523123
suaseo,0.8919812
levamentum,0.892338
malivolus,0.8997918
pontificium,0.7582791
quaera,0.9263013
insidens,0.7289473
ostiatim,0.7189901
gracchos,0.46086076
marcies,0.5403503
radicitus,0.9582803
sobolis,0.94886327
interscindo,0.8294587
fabulosus,0.9662081
stagni,0.8287513
territorium,0.9250212
absterro,0.2896134
ereco,0.9313445
pernicior,0.71233237
intemperies,0.92465657
tribunalis,0.8746861
exsolutio,0.5971034
servor,0.661131
cruens,0.8861509
pertaedet,0.8971509
indubitatus,0.918405
dispensatio,0.8729331
conspondo,0.70960534
defetigo,0.86069584
interuerto,0.8874405
innocentus,0.7247289
cordus,0.8032993
subscriptio,0.9116218
circumlatro,0.7685429
obduresco,0.7814908
revolo,0.7794351
obsoletum,0.8765906
adpetens,0.9237607
uivacior,0.74211925
offoco,0.59207934
ueer,0.85910916
molestissimus,0.8814417
interfundo,0.7997618
discludo,0.9089345
invius,0.87791735
elatior,0.5983906
ignoratio,0.95072097
adveno,0.8420062
sortita,0.7586545
adleuans,0.7784688
consolator,0.90495056
concurra,0.7027129
novissime,0.8954507
rap,0.5408729
confodior,0.8632135
inopinans,0.9259769
indulgente,0.90479
persuasio,0.96698177
commutatio,0.9598347
opulentum,0.87927747
positio,0.9787309
abrupo,0.8113802
uelocissimus,0.95418113
inlustrans,0.61750364
quippia,0.946556
pyrenaeus,0.9249225
superfluo,0.879828
pato,0.7460907
grai,0.77686465
fugaveo,0.7368367
cantabrus,0.843428
eiecior,0.8667605
incorporalis,0.95312434
inmutabilis,0.9278631
contemplator,0.9233297
investigo,0.90309846
depressior,0.7043613
cenatio,0.8220917
perscrutor,0.9623833
erueo,0.88575196
popina,0.9369701
alioquis,0.8740454
perscrutatio,0.67322886
adgero,0.85333246
retfero,0.8692455
praesentarius,0.8320835
superfutur,0.90026325
incomprensibilis,0.8151923
imperito,0.948051
sollicitior,0.8805451
stoicus,0.96949404
menenius,0.92724895
sequester,0.89053273
mercennarium,0.9484502
beatior,0.8082128
dedignaor,0.87165725
artificiosus,0.90367126
inuulnerabilis,0.900352
inspuo,0.6233797
subrideo,0.96243274
oscito,0.9113447
contemptio,0.7741827
familiarior,0.9275391
moliio,0.86520714
fortius,0.500598
congredio,0.876075
mul,0.76269406
inbeo,0.8174621
adminiculum,0.966977
blandissimus,0.7483934
argutia,0.90712243
avia,0.9130981
piamentum,0.74140537
invaseo,0.7609142
indivisus,0.87463593
convaluo,0.9025165
secreto,0.8630681
nih,0.8009927
uicarius,0.9280473
suu,0.6377821
invenio,0.84831876
il,0.78203416
deponendus,0.9002473
fr,0.8688061
utrumne,0.91683054
utrumnis,0.9563201
praestor,0.84075296
uoluptarius,0.9167483
piissimus,0.85124034
connecto,0.82578063
austeritas,0.90313387
commentor,0.92401767
sincerior,0.75844485
consuluo,0.87584805
exemplaris,0.7004074
suborio,0.7632912
cogitandus,0.94405633
obduxo,0.3292688
parento,0.94134295
adscisco,0.9718491
perferendus,0.85938346
drusillus,0.6803614
principaliter,0.7587928
errabundus,0.87390745
sevoco,0.66557026
constructio,0.8864836
exsequendus,0.9285559
obsoleo,0.7774967
proluo,0.7970568
caballinus,0.8315481
heliconiada,0.76561016
psittacus,0.94415027
chaer,0.49161786
pica,0.92237115
largitor,0.921529
refulso,0.8689343
sardonyx,0.8959631
plasmo,0.69421643
scalpo,0.94885004
caprificus,0.83654046
cirratus,0.739277
romulidus,0.77176136
hyacinthinus,0.9124552
cippus,0.8808131
scomber,0.5061217
eug,0.71872807
belle,0.84358394
horridulum,0.7943815
sesquipes,0.9592172
occipitis,0.88067484
sanna,0.73952717
rubrica,0.96304786
saio,0.8486727
uerrucosus,0.7522994
sartago,0.8147431
trossulus,0.6269429
ramale,0.5150285
bombus,0.8797879
flexurus,0.83499324
assono,0.5371994
delumbo,0.6467427
eux,0.7902795
meio,0.6290186
genuinus,0.8729576
infodio,0.94855803
praegrandis,0.8517237
uaporo,0.91088057
arretus,0.89812636
ebullio,0.8924657
expungo,0.9186664
scabiosus,0.8732854
nerius,0.7635479
cuina,0.5642772
lactus,0.78150916
lustral,0.6505958
tuccetus,0.745403
iunix,0.55851495
creterra,0.7193458
praetrepidus,0.801286
purgatus,0.5373694
pulpa,0.8740221
oliuus,0.9849838
calabrum,0.78680044
donano,0.75049
pupa,0.7164114
turgesco,0.9265181
pecuarius,0.94030654
columbus,0.8369055
succinum,0.59018594
cultrix,0.9190319
stemma,0.96875083
millesimus,0.75810176
discinco,0.82020664
craterus,0.9060532
uicturus,0.84231365
umbr,0.64729846
pernus,0.81876075
arcesila,0.9524596
obstipus,0.80688184
exporrigo,0.9106997
aegrotum,0.87954223
crispo,0.81552243
lagoena,0.86525744
deterius,0.82797694
mefis,0.79650176
pulmentarium,0.8794922
lutor,0.68238974
surrideo,0.76009375
catinum,0.9025629
feruesco,0.9497661
theta,0.7726124
mantica,0.69497246
pertundo,0.9455592
tunico,0.7939517
hcepe,0.68045294
pannosa,0.3710249
unco,0.75245905
runco,0.8899194
gurgulio,0.8273417
palaestritus,0.8075466
plantaria,0.9462998
mansuesco,0.93581057
uibex,0.9399633
cerdo,0.8006347
cenandus,0.64954007
tectoria,0.9141787
irriguus,0.9464879
canthus,0.7150418
tesserula,0.7425028
dama,0.63675344
uappa,0.8259814
farrago,0.9078895
uerteo,0.77511156
masurus,0.67899126
sambuca,0.8969054
garrio,0.8776982
exames,0.9063216
granarium,0.9265311
fixus,0.85699105
rcio,0.7395258
strigilis,0.9492606
crispinum,0.8283075
scutica,0.744002
baro,0.5906877
cannabis,0.7791339
nutriero,0.80257505
deunx,0.7336711
dauo,0.7293395
chrysides,0.49270347
solea,0.9184053
uiolens,0.76971304
rixor,0.9305706
uener,0.8444094
ingurgito,0.8786429
ennium,0.97045976
pythagoreus,0.92443216
ditesco,0.86948586
rhombus,0.90055865
inodor,0.7739079
cerasum,0.9064783
unguen,0.9354741
coniueo,0.9261048
exosso,0.9073925
lampada,0.93174094
morigera,0.7507173
sinciput,0.87683165
uuluus,0.871884
trama,0.7182542
popa,0.71674407
cataset,0.8619583
acereo,0.8626815
paulina,0.8380472
adparatus,0.9471171
exclamatio,0.9416467
seculum,0.8632928
defatigo,0.96160674
inconstans,0.90900964
dispectus,0.7497404
uolutatio,0.86487675
conputatio,0.8978088
discursatio,0.6831469
diripuo,0.7389697
respublica,0.9679974
optatissimus,0.6983894
adaco,0.55012184
territo,0.93060297
execratus,0.71587205
quoiuis,0.6806729
nequiter,0.90160644
dissigno,0.8700552
tranquille,0.8922924
quantumcumque,0.40550813
pretiosissimus,0.9182056
inparo,0.82321244
deplorao,0.7897073
iniucundus,0.9128456
patesco,0.9697262
quietae,0.7431553
decrepo,0.7575068
uictuer,0.61023974
inmidior,0.89004743
contemptim,0.8554114
receseo,0.8869751
corinthia,0.7399385
neglegentus,0.4863337
pectino,0.74348754
simplicus,0.92346805
modulatio,0.9447413
digo,0.538264
cocus,0.8563411
anim,0.83881664
interio,0.77472544
semiuiuus,0.84959966
intellegendus,0.94432884
uid,0.6172665
dentatus,0.9518909
persuaso,0.80187154
caudex,0.9149703
adpellatus,0.9037533
lancino,0.88300884
largiter,0.9238969
osto,0.5075096
adquisitus,0.9061197
praestatio,0.8173664
ingratissimus,0.7727387
epicurum,0.9253601
diuersissimus,0.91015416
inhumanitas,0.8764879
inhumanior,0.82491094
oscitatio,0.8531035
zenonis,0.90012175
aristotelis,0.94961214
theophrass,0.8503687
simplicer,0.8612975
tamdiu,0.95786667
condico,0.8762499
caliga,0.8692584
trudo,0.9654053
tractim,0.8994351
concalesco,0.8875474
ignotissimus,0.75528526
litigator,0.9389975
exacno,0.76782966
uenundo,0.93945
purgamentum,0.91479576
priuilegium,0.9110476
adsiduitas,0.9405576
imaginarius,0.8496914
desidis,0.76574993
petulanter,0.8688756
seres,0.7383649
dissolutio,0.93569934
demetre,0.8310847
iniectio,0.8573407
calumniator,0.9568727
fenerator,0.9283477
imaginor,0.8167954
conformo,0.9064753
saevissimus,0.93721014
accidens,0.79531807
refuto,0.9642593
magnanimitas,0.9371128
mendicus,0.94723535
invido,0.54439443
bactrianus,0.97010773
lecticarius,0.8623008
eruditio,0.915571
incontinens,0.7529054
cinerarium,0.7015079
nomenculator,0.8540781
ostiarius,0.9069554
sortio,0.82941294
despiciendus,0.88476264
gracilitas,0.8975396
uervecis,0.8394333
ovidus,0.4181104
corbulum,0.8546368
depilo,0.7895477
dicax,0.8308631
toruitas,0.8471571
herennius,0.8547323
caligula,0.8475835
conluctatio,0.89618933
alioquus,0.629306
dehonestamentum,0.94465053
sueuus,0.77460945
gratao,0.5107395
incassus,0.9598366
strepito,0.8134955
coleno,0.8599566
emigro,0.9022682
tiberina,0.7798235
labio,0.85928595
obscaena,0.8188957
incomito,0.79918706
mio,0.84848964
quadriiugis,0.84106296
crueo,0.6710729
reuocabilis,0.8423313
umbrifer,0.69398105
ineuitabilis,0.94138
atauis,0.41176796
culex,0.9595474
recino,0.87295413
arnus,0.65781844
praepando,0.49903962
adlabo,0.72034127
phleger,0.85396296
centaureus,0.6879305
arbuta,0.8876142
labrusca,0.7581334
laqueo,0.84190184
alco,0.6398236
boethus,0.76876366
toreuma,0.8845773
panchaias,0.84358144
hamadryas,0.9089037
oeagrius,0.8796797
tens,0.8404113
pupula,0.9054912
biiux,0.90631074
requeo,0.62129056
alcess,0.8628583
ithacum,0.79538596
phlegethonta,0.50240266
obsito,0.7271918
sonora,0.8277214
orpheuo,0.70884657
laertia,0.79855305
strymonium,0.53555816
hellespontiax,0.66720414
caphereus,0.80195165
horatia,0.8826293
lydi,0.7792039
timefactus,0.66944724
scipiado,0.80568045
regemo,0.80143374
congeso,0.90911067
elogium,0.9618763
sterilesco,0.73430604
sertus,0.91510785
uirectum,0.8878869
emerso,0.7525117
piscor,0.92334676
deuotus,0.9257644
uaccula,0.71833825
cyclopa,0.84044135
trinacrium,0.9267413
danaae,0.7413648
commeo,0.96091145
rimosus,0.9260237
incompertus,0.7657008
ueracius,0.36268568
domeo,0.38006732
silo,0.7387552
orbita,0.9747324
praediscio,0.75028914
profesdo,0.8251648
feracus,0.79155844
trito,0.8663065
momen,0.639465
habitatio,0.87210906
suffoco,0.89097154
introspicio,0.9165726
luctamen,0.78820777
uernaculus,0.9159491
pigre,0.8492333
perhaurio,0.5707209
obedo,0.9050781
adiuto,0.83647907
disiicio,0.6700007
arbustus,0.9191241
efferuo,0.76501495
favilla,0.8446086
stesis,0.51911306
praedura,0.6983032
exsudo,0.77397025
ogygius,0.90308
eurotus,0.93407494
paphia,0.91561013
fulguro,0.8965101
crotalum,0.7495864
corolla,0.92053723
uimineus,0.7686256
bromius,0.87554085
delicium,0.91140175
lacerta,0.77308017
crystallum,0.9116353
minaeus,0.56868815
nemeus,0.9271025
colchidos,0.85675293
florens,0.8894361
biga,0.96061945
corycium,0.8631865
palmifer,0.7122442
mene,0.86018986
primaeuus,0.9576941
viua,0.855445
hortulus,0.9456865
sophia,0.9357455
peplum,0.81331074
typhus,0.77585167
ossaeus,0.6649261
perhibeo,0.960798
ulixo,0.897121
amphitris,0.76839983
coniungens,0.87030536
muratus,0.7298316
carpathium,0.90514094
minoa,0.7525598
domito,0.9250028
aureolus,0.8502311
periuro,0.89170694
ulcisco,0.9537196
storace,0.71446854
fragro,0.9581816
psalterium,0.8037118
oester,0.8941914
extructus,0.955622
arrigo,0.9343312
clar,0.79980487
dulx,0.92346764
nutricula,0.88516665
circumuehor,0.7204235
deturpo,0.863305
britomars,0.65045536
assigno,0.9339202
expertum,0.6640053
seuus,0.7648647
inuersus,0.79406285
thallus,0.7595917
bipes,0.88578516
palaemo,0.88472426
ellespontus,0.85374933
vinngo,0.798718
curalium,0.79329
ancillor,0.7437923
optempero,0.86427927
scironus,0.5343688
spelaeum,0.85725814
uestire,0.8975128
primitus,0.8296876
concreta,0.87298405
uillula,0.82943916
pampino,0.9066802
mentula,0.9709484
maniplis,0.64603394
tuccus,0.92602
thucydis,0.9433506
tau,0.77613556
selus,0.51586115
uarrus,0.5023606
scholasticus,0.8978464
putidus,0.9152942
dulce,0.77835846
pothus,0.5233886
mantuus,0.9734312
horto,0.7697661
hesperis,0.954843
publicolus,0.6915064
inmensis,0.9010625
dura,0.64087635
perlabor,0.92303026
tago,0.91790843
mulio,0.9615993
impes,0.75381
bido,0.79163206
lutosus,0.8918183
mula,0.9665803
inmeritus,0.9047701
perversus,0.8209191
thalassio,0.83077276
helluor,0.7642951
thybrim,0.8833065
hesiodo,0.5213349
seclum,0.76009154
priape,0.8880552
rubo,0.8511979
fascino,0.8354965
graculus,0.59352213
destitutor,0.68372786
rupeo,0.84647775
excubitor,0.75372654
grabatus,0.8679142
fomes,0.9146393
superstitiosus,0.96210796
scelestior,0.7509883
afres,0.71986526
emundo,0.807136
grumus,0.7182974
subactum,0.6805122
mundo,0.7022057
aggero,0.93925357
carnarius,0.8419865
casula,0.87208045
rediuiuus,0.9026658
nocuus,0.3227718
macellus,0.90564466
sectus,0.8330136
refotto,0.8074757
pistillum,0.83153045
deperdo,0.92068213
salebrosus,0.7196406
effcio,0.39370257
ocrea,0.83534086
tropicus,0.8579632
trutinus,0.87441295
protubero,0.746902
amussis,0.87880504
persensis,1.0000001
monosyllaba,0.9414098
seorsus,0.84328246
controversum,0.90129435
dissulto,0.87406135
cuneatus,0.89950657
consonus,0.90991104
dogmaticus,0.718721
dialecticus,0.97652686
commeditor,1.0000001
aestiferus,0.76004004
quadruus,0.6508767
concretas,0.7580492
frutectum,0.81279707
difflo,0.82058334
germino,0.9435319
obelisco,0.80106014
cataclysmus,0.9338263
diluuium,0.9115448
deucalionis,0.82585835
tenebricosus,0.859094
benefactum,0.8379698
thesmophoria,0.5618395
inacus,0.78239655
isa,0.8687949
pellex,0.84977186
parnatto,0.9100885
sublaio,0.8085119
parnassus,0.79218304
caesia,0.5279372
imprecor,0.94691753
suauior,0.9061562
hippolyto,0.796854
castalis,0.87287617
polydus,0.8342179
nysus,0.9300741
dionysus,0.76202464
iucunditas,0.94502866
erigona,0.8727675
immoderatior,0.8301255
lycurx,0.8908001
constupro,0.88863134
transfiguro,0.92187333
aethalides,0.8788053
mygdonius,0.7300905
marsyae,0.7752463
mido,0.8148993
pactolum,0.8687861
euphras,0.93228215
ariete,0.78135484
cylindrus,0.92081654
iasonus,0.8416315
absyrtus,0.851254
adriaticus,0.85496557
iudicaturus,0.92004895
deuirgino,0.69095194
nihilominus,0.9647739
congemino,0.90408117
ammiro,0.60731405
athlus,0.7555891
tegumentum,0.8449956
typho,0.851717
ammitto,0.72894126
theseum,0.84075326
parergo,0.6776574
antaeum,0.88726187
cetus,0.93557376
ophites,0.6904452
hesperid,0.44083372
ducio,0.8017763
philoctetus,0.8984897
vulcanus,0.9207821
minotaurus,0.8928094
gnosus,0.8159803
labyrinthus,0.93485695
xli,0.93841755
xlius,0.92320997
ariadne,0.7895415
consumpo,0.9231209
xlv,0.92756116
xluo,0.9576366
antepono,0.9489052
informo,0.9382155
xluii,0.96891546
iocasto,0.75148284
periboeo,0.60229933
transieco,0.42884457
consumpio,0.9111322
oedipos,0.8287059
iocasta,0.78679955
suppositio,0.669881
ilo,0.7468464
eeo,0.8846457
interiio,0.66497505
demando,0.88254416
lium,0.89948314
eurota,0.8648809
liiim,0.93929684
liv,0.9325434
heleno,0.7175604
incensum,0.8820732
annuntio,0.8044942
luii,0.95323753
interuello,0.6034888
lviii,0.941249
oenomaum,0.94454294
peloponnesum,0.8044484
lix,0.82941926
pelopida,0.77940214
lxi,0.89076
minervae,0.8835504
compressio,0.85370934
accersio,0.8215393
hariolus,0.9323496
lxius,0.9491469
zetus,0.6608162
circumcingo,0.73409384
nioba,0.84009874
superbius,0.74064845
trica,0.87723005
lxiii,0.96559834
coniector,0.9443097
paris,0.8576038
regnaio,0.89636946
scius,0.6991854
mineruo,0.52881587
lxv,0.94503796
lxsco,0.9755602
pileus,0.800573
lycomes,0.7413652
tubici,0.88709617
argiuis,0.8306726
lxx,0.9235095
explorator,0.9672674
lytra,0.5117516
moesia,0.9494269
chrysus,0.68517524
zmintheus,0.7409202
argibi,0.7404466
patrocel,0.86389625
astrictus,0.6208521
ulico,0.91467255
sthenelus,0.8422972
thoas,0.7259215
neoptolo,0.9264611
apollum,0.90129286
miseo,0.8843398
polymnestor,0.842719
astyanago,0.90066713
poly,0.54425323
polyxena,0.762015
nauplius,0.85982525
palamedus,0.68607104
maronis,0.9329401
phocida,0.9063799
laetabundus,0.47026107
cicona,0.7998805
maron,0.82135975
inebrio,0.8782877
utus,0.39231962
derido,0.87160915
hellenus,0.6351143
involo,0.6492692
adiutrix,0.8970257
denomino,0.77003074
moerus,0.53528494
crucifigo,0.717198
transnato,0.7448132
praeterio,0.87480426
harmode,0.91284525
scrofa,0.89901984
porcellus,0.9007909
harmodius,0.72109437
editio,0.8768293
thebaida,0.62370396
amiso,0.74284923
ecus,0.9218581
hexameter,0.9598105
uopiscus,0.882251
balneolus,0.76662487
colossus,0.8501303
dax,0.770614
adsertus,0.370507
dacus,0.9147464
fereo,0.9117013
hevolbeo,0.9112098
cespes,0.9460963
adrasteus,0.76750505
tergemo,0.7791606
apelleus,0.8386659
elegeas,0.84652597
propinquo,0.9678711
tegeaticus,0.6740197
optatus,0.9101311
uiolentilla,0.53762347
reminiscio,0.91275495
suggestus,0.9596132
flammiger,0.9126836
queritor,0.69129086
naxum,0.82961476
laconus,0.8945002
dalmaticus,0.86027133
responsio,0.8867513
bissenus,0.82186484
daco,0.61944973
lydius,0.73794097
septemgeminus,0.56299603
aspera,0.39790252
mactus,0.9469474
intemeratus,0.95662344
sicanius,0.83167636
prolor,0.77297145
semeleius,0.8685297
ortygium,0.76872355
thymbra,0.819683
ismara,0.81679153
nebridus,0.77323556
entheus,0.88107383
lavinium,0.88750225
aonidus,0.8754814
extento,0.794885
sulpureus,0.87399626
accelero,0.968174
ania,0.5092713
sestiacus,0.8009516
picturatus,0.8711411
balneus,0.8561416
enormis,0.933606
defluus,0.80667543
expaveo,0.78389263
abiungo,0.7595257
dryadus,0.8080005
taygeta,0.78673
lycaeum,0.9474445
nauseo,0.889148
laurentia,0.77942634
uitrea,0.6305362
satira,0.5178787
persis,0.9402195
hermus,0.9173838
ioc,0.5752624
reuiresco,0.9154347
bellipotens,0.9188293
inclemens,0.9533232
arctoas,0.86702657
captiuae,0.8743789
dacio,0.8140476
transmidior,0.76066744
nestoreus,0.8898293
uacuo,0.9482417
tegeaee,0.56235445
praedatrix,0.58462703
nator,0.6767214
praeceldo,0.393155
thasus,0.5994173
undosus,0.942052
nomas,0.8987231
synnadus,0.5324741
tyrio,0.78329223
circumplecto,0.90921056
tabulatum,0.96545625
inerro,0.6060611
baianus,0.95252407
bellaria,0.8254734
damascus,0.8968681
mustaceus,0.67505205
mappa,0.7830617
sparsio,0.59398365
gadis,0.8821397
scenicus,0.80703557
gregalis,0.8105779
phado,0.40861556
saturnalis,0.9258659
inemptus,0.85412717
opusculum,0.91873527
epicedium,0.7044929
epigramma,0.9448304
stilium,0.4400662
genethliacus,0.8039682
pollum,0.82530457
praecox,0.9348271
hyblaeus,0.9236221
adfingo,0.92075974
uenturus,0.79180056
abitus,0.9270426
catasta,0.850294
pallans,0.90144795
fluctiuagus,0.9417091
acca,0.8098973
amyclaeum,0.5391248
menandri,0.8404368
adsurgens,0.92270523
isthmiacus,0.67818165
elysiium,0.58777076
porgo,0.84772336
optunsus,0.69917285
implacido,0.74995613
stadium,0.9762236
gymnas,0.87577605
polla,0.56770355
phorcus,0.8282503
ephyr,0.79086506
sonorus,0.88132316
iusdeo,0.9067232
diaeta,0.67799395
sye,0.8253865
dissono,0.9484599
tritonum,0.47049785
obstrepeo,0.7025213
calens,0.39345878
inpura,0.8534069
cax,0.8388068
caelicus,0.45676523
numquamnes,0.36167902
inlaesus,0.93872786
phaethontia,0.8043844
sturnus,0.73412323
foveus,0.6298356
pollentinus,0.9110216
trieteridus,0.5680895
phosphorus,0.8697945
saevius,0.7235489
odorifer,0.91891694
philesco,0.55210215
bassaridus,0.741889
hyantia,0.73144877
tritonide,0.47538072
baeticus,0.9182186
trapetus,0.9280969
gallio,0.7441374
meleo,0.5581041
baetim,0.7652263
popularitas,0.94653094
pelusiacum,0.8998157
canopus,0.9643775
pharus,0.85894406
maronianus,0.43113333
argonautas,0.8489672
pelidus,0.79000723
abrado,0.91428137
thiasus,0.91768026
pyxis,0.94777155
asclepius,0.75344145
ecloga,0.8060722
destinatio,0.93696606
deses,0.9028188
effulo,0.4206496
obluctantia,0.600561
phryge,0.6712763
molorchus,0.7602867
quaenam,0.7767869
exordium,0.9474976
torrentus,0.8907099
trivia,0.88182974
scrutator,0.91994536
amphionia,0.85912347
lemniax,0.6618835
reuorto,0.8512765
pisaeus,0.5965226
cirrha,0.9059534
nemee,0.70500994
gaurus,0.8923412
libamenta,0.9124486
flammigeo,0.87784314
pharium,0.83011496
mareoticus,0.9125469
moderamina,0.5123949
artiter,0.5539253
abscisdo,0.7059345
quosve,0.8025868
charybdes,0.44888806
populatrix,0.8233752
ft,0.45542794
phoroneus,0.7824184
anhelio,0.85661644
assyria,0.91385794
praeverto,0.86267537
eoao,0.885761
uittatus,0.91341084
nocentum,0.73453087
arabus,0.8900406
missurus,0.58871436
meles,0.8657184
stellige,0.89158213
parno,0.90208745
hiberium,0.8996171
aestifeo,0.8714655
propugnaculum,0.96554124
atropus,0.49385402
pubeo,0.7547897
largis,0.50422454
etruscor,0.712145
praemeto,0.62119734
pergameo,0.78988963
auxiliator,0.89365435
praelibo,0.6798063
paphee,0.88104105
tergemen,0.77241117
interseco,0.6726197
retexor,0.78937376
thylis,0.6705878
impenetrabilis,0.9154436
lachedo,0.78670293
dionaeum,0.6205969
interstinguo,0.43404168
thybs,0.8534729
marcella,0.8376713
septimius,0.88813335
sever,0.89907557
ornatissimus,0.8264287
thebaidus,0.8281837
dalmatia,0.92963487
menecratus,0.53984046
grypus,0.7408097
hendecasyllabus,0.9192432
lusio,0.7973091
iactantus,0.8822363
reparator,0.89216816
bactra,0.85660815
syene,0.7034648
tranquillum,0.9371917
rhodop,0.7803343
therapnaeas,0.89140743
appia,0.9224278
tensus,0.6821424
gaurum,0.42371684
massicus,0.82560545
uulturnus,0.7203369
bagradum,0.8327062
imo,0.76600116
abnepos,0.8208222
romuleo,0.8599539
dextr,0.9319484
quaena,0.855058
potissimus,0.8798922
cleonaeus,0.8616462
reverdo,0.7138451
moderatrix,0.94600403
helicone,0.8566044
atropos,0.76759124
thoraca,0.8804727
proavitus,0.43002695
heliconis,0.6369528
arciteno,0.86914337
arbo,0.9638059
leptus,0.8663769
auso,0.67203915
barbio,0.821105
argeo,0.6500051
lemnius,0.8886003
ilicet,0.96574026
sylla,0.87489706
dalmo,0.90004396
desis,0.8347788
mantuanus,0.879816
orons,0.8427758
sallustus,0.9119258
neapolus,0.94646466
abantia,0.738942
gryps,0.7869152
prunus,0.73984087
lucanicus,0.8562121
nitido,0.66729534
codicillus,0.91431755
synthesis,0.9132153
caccabus,0.8116813
statera,0.9011817
abascantus,0.6702879
priscilla,0.8040965
probatus,0.89412016
afforo,0.86890227
uxorius,0.6919533
fatisco,0.95904166
iugatus,0.80159426
aequaevos,0.6173866
uite,0.9404111
babylonus,0.6981675
evolvio,0.8823554
iubatus,0.7601582
modesti,0.6532249
emeritum,0.63901716
consanguinitas,0.9054043
furvae,0.7156601
medentum,0.755408
barathrum,0.9655664
parcas,0.8959735
unanimus,0.9332614
palaestinis,0.49730295
lectissimus,0.9557781
elysius,0.81626564
inhonorus,0.8662773
agmum,0.577104
inspiceo,0.82667816
bolanus,0.5827714
telamonum,0.7924048
thyle,0.7850513
rexeo,0.88224125
inrepo,0.95238686
evalesco,0.6283492
eumenida,0.8194624
tacita,0.85054314
novercalis,0.7987622
troilus,0.86072505
verso,0.8818353
septenus,0.90149856
peux,0.91400385
palmetum,0.6301258
caledonius,0.9188882
unanimis,0.8973231
praedoceo,0.5337303
praeduco,0.82934654
residem,0.7659055
halo,0.8941449
praecino,0.832042
posthabeo,0.92597014
omerus,0.85893977
marathonius,0.878043
semirutus,0.91792953
cyrene,0.9189066
primaevus,0.79096955
flami,0.72905284
achaemenium,0.88815755
secludo,0.7899899
senones,0.800235
seiungo,0.9190223
pylia,0.6900786
odrysia,0.8479328
incesto,0.9153947
inlaudabilis,0.7379723
tenellus,0.8062209
qualitas,0.92857987
extremitas,0.96123505
striga,0.75259644
limito,0.8546008
decimanus,0.8832202
salma,0.6403152
tina,0.33401927
tributarium,0.7145547
uniuersitas,0.92932147
mensor,0.87979704
subsiciuus,0.8232161
normalis,0.8381827
ria,0.47305658
bi,0.7598678
finitio,0.90997136
dimetior,0.9354439
obliquitas,0.6330216
podisma,0.7300383
normaliter,0.8371805
moo,0.43252838
perticus,0.8662121
perpendiculum,0.8923173
conuersio,0.89364445
spicio,0.5481361
evado,0.55368555
transpono,0.7539421
inaequalitas,0.9519656
eminentior,0.82700735
disconuenio,0.80966794
controversia,0.94380975
alluuio,0.9224893
attiguus,0.7582121
promissio,0.8054924
individo,0.6817449
interdictum,0.9440627
adtributus,0.9264846
aliusve,0.7894488
umt,0.6506576
sim,0.34966484
inmanitas,0.9575949
augustinus,0.6250658
contrs,0.7862194
colonica,0.45116973
apello,0.8152244
decumanus,0.88327515
greek_wordus,0.8778657
providentia,0.88259387
inuentio,0.93292034
competo,0.8307534
incuriosus,0.90622336
ligio,0.81644464
exstito,0.85889024
decubeo,0.6874651
pacum,0.9151889
zeugma,0.78647834
affirmatio,0.77833486
fusior,0.8238528
obscuror,0.37730482
domitianus,0.9680214
obtexo,0.62923586
suscitandus,0.7302063
tergiuersatio,0.89082664
ignar,0.93183184
electissimus,0.78906417
incognio,0.7435944
umbrus,0.86741966
rhodi,0.8084317
praestituo,0.95854115
nequ,0.83056056
liuii,0.76819414
strigosus,0.7622854
byzantius,0.8019409
amendo,0.7725096
agredior,0.6812606
agesilaus,0.9585906
pertendo,0.938279
iphicras,0.8037907
aliq,0.8157231
poro,0.7603158
hydaspes,0.86642885
armenii,0.93245625
decebo,0.8695966
transnauigo,0.7846044
cimbra,0.97091335
andus,0.2715571
lysander,0.95387363
afranis,0.82354057
samniticus,0.9475031
frustratus,0.8831532
uocitatu,0.86311424
duillus,0.8574439
bucinator,0.81844795
archelaus,0.94730324
spartacus,0.81076026
uesuvius,0.82889575
brasida,0.5494373
aggestum,0.7493602
fasciculus,0.9275195
suffugio,0.56428283
efficiendus,0.886495
samnes,0.91611177
didium,0.887803
captiuitas,0.9162054
afr,0.92757785
tissaphernus,0.8464524
aptis,0.8050597
montuosus,0.96301746
arcessio,0.7978747
obsequentus,0.72373974
ardenter,0.9359561
opacitas,0.9087496
sago,0.79825544
dimicatio,0.92540526
praedisco,0.8979977
umbraticus,0.8127302
of,0.64335066
refugium,0.8436876
interpretatio,0.9675266
exhortatio,0.948592
contristo,0.8955656
agathocl,0.9471385
conturbatio,0.7715986
sternuto,0.5768446
messenius,0.96443856
petreus,0.65551317
circumvallo,0.8249856
conspicuum,0.77743703
delitisco,0.90343124
uespasianus,0.94919693
pharnax,0.89069104
procursio,0.80275744
subiio,0.7998855
arena,0.9394483
cleome,0.82093996
pedio,0.88936275
poeni,0.93536395
instructio,0.897579
artaxerxes,0.9533877
lenter,0.7187923
postsignanus,0.8866171
arbela,0.92931676
sallentinus,0.8834802
alluuius,0.5373096
excursus,0.95956093
chattus,0.5727132
desileo,0.75027794
apprendo,0.84035754
rullus,0.9119965
aeneator,0.80681074
sequella,0.45766953
quamobrem,0.8373684
consternor,0.74694586
numidium,0.9190356
myronis,0.5922722
teda,0.77624327
fidenates,0.9574966
triballus,0.77275264
asseueratio,0.7919427
cxxx,0.8570119
illo,0.85773855
rapidior,0.61060715
inveco,0.88086975
uoraginosus,0.8231527
custodo,0.87823796
mandragoras,0.71344256
lignatio,0.61986756
semicrudum,0.7541146
esculentus,0.91563857
intemperanter,0.8990551
editior,0.9321212
memnus,0.9126755
sollicitor,0.758184
effusus,0.89652777
delsum,0.60968244
magon,0.8750366
internicio,0.8878519
scutatus,0.85398585
scuto,0.9181621
perpernus,0.8141495
quintio,0.3326018
obreptio,0.87653756
ilerdus,0.8580304
peditatus,0.9148222
liburnus,0.92857605
agiliter,0.48212972
commorior,0.8622471
conspiro,0.9626639
manifestissimus,0.81028056
pharnabazus,0.90279734
metator,0.8492148
salvus,0.73907197
pelignus,0.7316778
mithridaticus,0.9580543
peruicacia,0.9220817
habilior,0.6967318
marathona,0.739089
megarensis,0.9332956
sepeliendus,0.9137617
dinumeratio,0.8972204
aspixio,0.7954985
exortum,0.94475096
char,0.8105814
transo,0.7442874
gynaeceum,0.8807103
ambulacrum,0.83553815
interpellatio,0.9276171
brittannia,0.849225
tumentia,0.7823883
attentio,0.85810167
districtio,0.7874093
deriuatio,0.84855676
irruptio,0.87741804
exaedifico,0.9085213
timarchus,0.612324
galearis,0.661663
columen,0.8294575
socordia,0.9440749
assentor,0.7351562
quaepia,0.899423
onusti,0.8428563
eph,0.34529632
agrigentinus,0.8908131
comporto,0.85861886
propediem,0.8704426
vacuo,0.79287505
crotona,0.8372549
crotoniensis,0.9455162
invalidus,0.8899992
sollertius,0.8978907
catina,0.91497505
cadurcus,0.7404499
inundatio,0.94634783
castellanus,0.71742755
croeso,0.8820224
arep,0.7743693
arpos,0.5985016
progre,0.6787437
cornicen,0.9602009
milesius,0.9478428
contabulo,0.8599018
superstruo,0.8741995
himer,0.7580978
barca,0.72814333
lilybaei,0.5363951
phormius,0.83119035
phormio,0.7438118
demidior,0.90962505
clitella,0.5863416
cyzicenus,0.91739094
cornicularius,0.86418307
uigiles,0.8424273
cais,0.6152559
mutinensis,0.90047884
uarianus,0.6899003
gratificor,0.9163242
hamilcor,0.9400134
dispensator,0.9332153
otacilius,0.5950235
sollertissimus,0.8233168
tarentini,0.8377106
titurius,0.81343794
artior,0.9020606
obsedior,0.8380382
adhibueo,0.6934131
provideo,0.7238984
humidus,0.93926597
uliginosus,0.9704224
repastinatio,0.7699799
clivosus,0.74284214
repastino,0.7418666
folliculus,0.93085444
uinaceus,0.8740772
feracior,0.85690993
pampinarius,0.91299725
uindemio,0.7096887
interveno,0.86839044
acutissimus,0.95049024
pastino,0.81443864
stercoro,0.96809244
pedalis,0.8982123
sabulum,0.74939346
argilla,0.966407
arbustiuus,0.7413612
senius,0.55332714
sc,0.87052906
uinacea,0.7445466
humor,0.9590055
aequilibrium,0.6957774
putatio,0.95641005
oblaqueo,0.82834
prorepo,0.87527025
columbinus,0.94247496
circumfodio,0.88072973
aequinoctium,0.9797208
arbusto,0.9016257
peraridus,0.7353334
adobruo,0.64295685
adrado,0.51193553
subplanto,0.8458017
quousque,0.8909757
pertingo,0.85293746
fructuarius,0.8742384
itanus,0.8353361
oblino,0.8948186
atquiiio,0.8412546
gallicanus,0.9136492
excauo,0.90719306
lotium,0.90375805
inqu,0.6242032
tubulus,0.8927361
adlido,0.67623943
refodio,0.5480597
superficies,0.8320951
dolabra,0.9371985
ablaqueo,0.94053626
conspargo,0.8856577
desii,0.8826456
vernus,0.9762314
uolucrus,0.5872878
ursinus,0.81612515
atinia,0.665834
siticulosus,0.766516
quoquo,0.5518174
adminiculo,0.5792282
redhibeo,0.8856753
argillosus,0.89988065
oliuetum,0.91308635
proceritas,0.9588691
retorridus,0.8606916
pomarius,0.96732855
maceries,0.80072767
praefrango,0.6407956
generatim,0.85452884
patentus,0.81151736
congesta,0.6882507
manubrium,0.8566848
talea,0.9382871
glareosus,0.8559705
praecoquo,0.5401705
serotinus,0.839568
fartus,0.84852564
arcio,0.9330847
trigonus,0.9032596
prorepio,0.81198084
semipes,0.9439964
avellanus,0.82615364
primitiuus,0.5494344
cydoneus,0.9006949
amygdalum,0.92823553
inolesco,0.7984754
scrupulus,0.9610026
anniculus,0.91812754
osseus,0.9016626
paleatus,0.8897755
insitus,0.60006064
germen,0.90041256
delibro,0.6887946
arb,0.59874
ficulnea,0.90194476
flaccesco,0.65102303
annotinus,0.76022947
grandesco,0.8293533
exactior,0.8447277
circumluo,0.7597929
bosphorus,0.86765563
cimmere,0.7815604
incluio,0.8453812
tanaus,0.96343935
maeotida,0.89387
nilum,0.60525376
ultrus,0.76686406
aliquatenus,0.85264295
inhabitabilis,0.90973395
amazon,0.7918069
bacter,0.7526334
daha,0.94239604
scythar,0.81858367
massageta,0.9217925
cadusus,0.56424785
bithyni,0.7013216
bosphor,0.9517067
maeoticus,0.8489135
sauromo,0.47540897
atlanticum,0.8682166
perductor,0.70108324
illyr,0.77120835
aethiopicus,0.7774924
atlanticus,0.9439392
vltra,0.81681275
pharusius,0.88800704
libyis,0.9348942
garamantus,0.9625448
semifeo,0.672122
gamphaso,0.70996463
abila,0.8088987
luculens,0.72606254
siga,0.82004666
mauretania,0.94367594
cirtum,0.59029055
uocito,0.97127134
hipponensis,0.69630903
hippo,0.8668355
cinyps,0.8480691
borium,0.87988925
arsinoe,0.93339545
uall,0.89019716
mapalis,0.9356373
sagus,0.8431441
adgnatus,0.95540243
trogodyta,0.83498865
navigabilis,0.9387907
deltum,0.7321155
hippopotamus,0.6315118
crocodilus,0.8101237
aethiopia,0.87354577
plenis,0.4667488
antichthonis,0.4086616
absceseo,0.48451948
psammetichus,0.8552787
amasis,0.6985839
canopicus,0.7945137
bolbiticus,0.76939857
sebennyticus,0.7902241
casio,0.9002248
azotum,0.8152471
improbior,0.88098603
mesopotamia,0.9708049
damascenus,0.63739616
antiochea,0.86034256
immissio,0.8361687
ascalus,0.79442126
cephea,0.7285458
adiacens,0.9239792
seleucius,0.93226355
berytus,0.81376904
laodicea,0.820124
hypatus,0.3807834
amanus,0.8893335
issus,0.65349525
issicus,0.77831423
mallum,0.67718357
adsignans,0.7644484
corycus,0.91648424
infumus,0.6853757
typhonus,0.7750728
sarpedus,0.8923764
eurymedo,0.9480017
aspo,0.69662404
niphates,0.8618201
coagmento,0.9122496
argivus,0.8673075
mausolus,0.8037955
posideo,0.64025986
inchoans,0.9120465
astrologus,0.94544375
amazono,0.88722444
epigonus,0.68161577
colophus,0.5116678
mantus,0.5778774
myrinus,0.77053154
oenomao,0.8479646
amazonus,0.9643229
astur,0.6732306
antandr,0.8559388
achivum,0.84503007
scamander,0.8190561
simous,0.8195162
mariandyni,0.7822521
apertior,0.92760295
propons,0.9204225
scylax,0.866333
supervolo,0.5069655
perniciter,0.8618443
astacus,0.43014127
distermino,0.9463067
calchedo,0.84333706
paphlagonus,0.644193
caramba,0.5993514
cytorus,0.53973377
amido,0.86320066
promiscus,0.917974
bechir,0.81154764
bosphorum,0.92669624
adtollens,0.886981
milesio,0.78452325
amazonicus,0.8740711
caucasius,0.89504266
maeotido,0.59805024
sindus,0.7587826
sindon,0.7441621
tho,0.5985932
riphaeus,0.94415665
maeotidus,0.8531631
gelonium,0.6147866
tanain,0.73994446
innauigo,0.4963578
essedo,0.84967655
agathyrsus,0.8633059
cimmericus,0.8457315
panticapaeus,0.6771573
theodosia,0.8540422
portuosus,0.8279876
calus,0.4526491
parthenio,0.7231469
sacrao,0.8854573
carcinis,0.88107204
gerrhus,0.8343483
basilida,0.82147974
panticapis,0.8420403
dromus,0.84178436
uicissim,0.9470115
borysthe,0.89219534
neuer,0.7321886
adpellans,0.61470896
fabris,0.90436107
suffodio,0.91665286
memoror,0.7567909
into,0.8375232
exemo,0.7924263
mansura,0.5474751
interfeco,0.8252145
anthropophagus,0.9199883
melanchlaenae,0.8302142
cinctorium,0.67397124
alicubi,0.9384477
obiectus,0.95967525
indecens,0.92057514
nestus,0.58023876
maenas,0.8525192
hadria,0.9121277
paratissimus,0.6040814
puerperia,0.8860053
anchialus,0.8765162
perinthus,0.47464848
mastusia,0.79279643
aegus,0.6766645
leander,0.78788555
praeuehor,0.9008901
adluens,0.44330287
doriscus,0.88945717
zo,0.56527674
physicus,0.95564044
caprus,0.54885685
strymus,0.9272617
abluior,0.8893029
nauigabilis,0.6387073
iuo,0.43147254
peneo,0.84501296
libethras,0.43918908
hella,0.7354106
tegeas,0.6984676
erymanthus,0.88414073
inmersus,0.7836871
echinus,0.9436712
rhamnus,0.843094
sunis,0.79748833
hellados,0.510106
submouens,0.7432982
contueor,0.95025563
bucephalus,0.7473381
taenarus,0.8758411
acritas,0.76579547
ducto,0.8969312
acherusis,0.70106775
callipolis,0.79862154
rhius,0.77763706
ceraunius,0.71079314
illyrica,0.9043568
parthenus,0.7552902
salona,0.74404395
nar,0.6298771
tergeste,0.6737566
uenetus,0.94462276
piceo,0.8389667
calabris,0.9482825
lucania,0.9256902
patauis,0.83959115
timauus,0.7882656
uesulus,0.80374515
ravennus,0.8013538
fanester,0.67156863
aesum,0.5825824
picenum,0.9073644
cuprum,0.6819876
aternus,0.50740737
canusis,0.9160405
lacinium,0.77351165
crotus,0.7116016
carcinus,0.7293846
scyllaceus,0.53870904
lira,0.6123361
vltro,0.74168974
diffudo,0.8969269
lemannus,0.7480387
uocontium,0.9014978
uienna,0.9346237
nemaudo,0.63423705
tolosus,0.8241498
arelo,0.85068643
antesto,0.8106787
antipolum,0.7629143
cebenna,0.693975
agathum,0.7499616
atax,0.79818577
alveus,0.84537184
narbo,0.8906922
salsula,0.6996347
salsioris,0.7274171
ceruarius,0.6918265
tarraconendo,0.7864938
lusitanium,0.92187446
tarraconensis,0.9453509
cautium,0.8491384
barcinum,0.80192614
rubrico,0.6932345
sucronendo,0.84840924
saguntum,0.96154886
abdera,0.69075364
tartesus,0.67979836
transvectium,0.38312817
mellarius,0.8388431
arium,0.5241155
credio,0.5431002
cypri,0.88031703
canopos,0.8986498
canopicum,0.92047775
homericus,0.9439047
meninga,0.84599024
cercina,0.740553
aego,0.94159067
adposio,0.9174943
euboeo,0.71956074
asterium,0.6657322
echinades,0.43670413
plota,0.72938097
melos,0.9411708
thia,0.5564192
thera,0.83932513
symus,0.5649563
sporado,0.80513173
pasiphaae,0.93166053
gortyna,0.8558675
hydria,0.7435013
perfluo,0.8822144
peloria,0.8482616
therma,0.9649952
gaulus,0.539508
galo,0.83329505
didymus,0.9335798
pontia,0.86370826
antiquis,0.882064
caralis,0.8808272
stoechado,0.5313389
dispersa,0.8585639
baliaris,0.81229734
ebusus,0.8690844
colubrarius,0.87087816
reciproco,0.89273465
exubero,0.96143353
ana,0.60307276
celticus,0.87861097
durius,0.7844255
tamarix,0.70552266
artabrus,0.7402978
cantabris,0.88536054
salubris,0.7948958
garunna,0.819632
aquitanus,0.89278156
sequanus,0.9168993
celtae,0.8975849
belga,0.8621043
auscor,0.83501506
celta,0.9156136
terno,0.52860653
adaugeo,0.85776484
anter,0.53286755
santonus,0.69239044
morinus,0.66848487
gesoriacus,0.75115496
sagis,0.5734925
prolato,0.6654943
moena,0.69363225
codanus,0.84908694
sarmatia,0.8695793
uistula,0.85464126
hyrcanium,0.7812325
amardus,0.76320255
cerau,0.5369333
iaxars,0.9214525
oxus,0.8946477
hyrcania,0.9401498
erythia,0.88154435
carmum,0.5854342
orcas,0.8537424
alioquin,0.74949396
colidus,0.4834509
sacus,0.9096506
distinco,0.8507943
uelificor,0.8728635
proceo,0.7527329
paliboter,0.774576
argyris,0.8543009
erythrus,0.7466017
thalassa,0.8762238
aequabiliter,0.91008663
chelonophagus,0.8638977
carmanium,0.5828893
chaldaeus,0.95982295
euphrates,0.95284534
maca,0.8000346
ogyra,0.78721994
ophiophagus,0.4958676
inprobe,0.82892805
macrobius,0.78102756
pretiosior,0.9262222
helius,0.7776695
innasco,0.7069187
cornuta,0.5472874
pegasium,0.7696808
theus,0.880684
catoblepas,0.87432873
gorgado,0.8958125
gorgonus,0.8052002
hesperidus,0.5463644
exilus,0.73626304
tinxo,0.7478864
sala,0.8404526
lixum,0.7838937
cleandrum,0.82125413
gordis,0.6990822
compellens,0.80581236
uecio,0.5353977
explicatio,0.80406636
hellesponto,0.8084334
memno,0.8990149
paphlagonia,0.96024454
sogdiani,0.89208555
mentor,0.75282276
diuinatio,0.93975973
manico,0.4719265
interniteo,0.8201659
cubitalis,0.64763004
intextus,0.74321616
acinax,0.89112115
cidaris,0.8385428
armamaxa,0.61771435
spado,0.9677503
pelex,0.8832343
praerupta,0.7034519
thracus,0.74641764
fervidus,0.76621807
flu,0.6551024
vergo,0.77392215
nuptiae,0.9675427
flagravo,0.62841725
persae,0.8490992
exploror,0.8232848
plumbeus,0.9145806
cretenses,0.8959884
digredo,0.70905644
expetio,0.8628858
adspirans,0.82024544
conlucens,0.5455092
adventus,0.68729204
retrocedo,0.7750234
pugnacus,0.4488125
nicanor,0.96064305
perdicca,0.9707525
suspensio,0.54573584
inveteratus,0.8629862
liberator,0.9056476
iactum,0.8570625
concurrentia,0.8115207
incitamentum,0.92372966
inprovide,0.790861
lamna,0.8695755
provoluo,0.7121297
vindico,0.91906214
aeto,0.58845186
perseveror,0.8478059
satrapa,0.92014676
mardus,0.8865234
damasco,0.7790595
metueo,0.9401387
pleraeque,0.77161986
omnes,0.8486165
aradus,0.8207502
mardonius,0.8718886
licor,0.51256347
inpetro,0.91667974
sidona,0.7735768
cognatio,0.92227006
abdalonymus,0.8776161
amyno,0.941976
mazax,0.74139786
paphlago,0.8538798
aristomenes,0.7705138
intuo,0.88761497
anniversarium,0.85586
cultum,0.49775273
harpagona,0.9038597
excudo,0.8964901
iaciendus,0.87860763
perdiccus,0.9630976
accensa,0.6983788
ueraet,0.46736807
strao,0.87993485
everbero,0.6097097
tyr,0.94023067
intermissum,0.8775483
ferrea,0.8524198
inritum,0.7966925
ruitura,0.69324124
crebra,0.7609018
sibimet,0.92222357
statira,0.61887944
sogdianus,0.96144164
aeolidem,0.7145756
persepolim,0.82553387
ecbatanus,0.9638562
temporarius,0.82987404
amphoteroum,0.6925459
pharnabazum,0.68958604
mytilene,0.8655311
imbrum,0.90664506
bellicosissimus,0.89074636
beto,0.7074058
sabulo,0.8817608
praeteruolo,0.88823265
captio,0.95410824
uinie,0.52319515
autus,0.76985544
ingredio,0.95066214
iouem,0.9646497
arabis,0.93674195
nasamo,0.94786316
syrticus,0.91299605
uespera,0.9578938
zmaragdus,0.9223367
haecen,0.8447131
contumaciter,0.9401405
obluctor,0.8470303
andromachus,0.71428734
samarita,0.7558328
andromacus,0.7826131
memnono,0.80998236
falco,0.65305465
perarmo,0.7398097
equitabilis,0.53641677
praemissus,0.53689903
reddiio,0.8289131
paeonus,0.6725204
ariston,0.79306895
oblucto,0.8885409
portens,0.8727938
persido,0.92180586
alexandr,0.49049523
reverentia,0.9246361
questio,0.70835835
specio,0.6863757
ultus,0.9533276
hinnio,0.8957095
susianus,0.8306345
increpio,0.6000928
mithr,0.49075747
praee,0.93326586
oresta,0.6698114
conductus,0.69624597
uersabilis,0.83099586
bius,0.7406508
circumstantia,0.6118491
ccxxx,0.664869
inploro,0.7117656
contempso,0.88618773
timidissimum,0.7460904
aretis,0.6358345
obtreo,0.9119023
deleco,0.8114847
occumbo,0.96034133
eode,0.49665132
susa,0.8495421
resudo,0.78095967
mennum,0.70402503
interlino,0.78552485
babylonior,0.7786793
belus,0.8437257
laterculum,0.8596338
coctilis,0.918207
persides,0.88657725
debilus,0.6348933
agatho,0.7221877
sardius,0.60397446
ueronis,0.47849074
choaspis,0.6987364
violo,0.6405287
philotas,0.88831204
olympiadus,0.92419165
clementior,0.87499774
subiacens,0.83121735
fouea,0.9133563
conplego,0.8761326
conmoueo,0.8080242
pamphilia,0.8575871
dao,0.658103
inplexus,0.42901537
mes,0.84374946
nudius,0.8727191
pereger,0.6921884
delao,0.7361497
fidicina,0.9529667
polypercons,0.8937643
obiego,0.8618506
tiridao,0.9232588
inuisitatus,0.9313909
euctemus,0.87634087
semedo,0.4450482
ergastulum,0.9487217
adiego,0.7340908
tirido,0.9426178
parmeniona,0.7672337
reppereo,0.84625566
mardo,0.8939469
persepolis,0.7443961
avidior,0.8775456
temulo,0.79296815
serium,0.6050868
fidelitas,0.8893371
bactrina,0.53559595
condono,0.93145686
qualiumcus,0.8577329
exsequeo,0.6942052
intaco,0.74130464
cogitas,0.88501513
patrona,0.9191557
conservo,0.8798993
dissonus,0.9455066
intego,0.950233
melo,0.85667217
armigeo,0.9371697
perpoto,0.9401359
aemulaior,0.8840361
maestior,0.7277514
hystaspis,0.91338843
xxvi,0.83000255
hecatompylus,0.90379703
spio,0.40110806
fugitivus,0.8742544
alueolus,0.70481586
cerceta,0.8297921
obuio,0.801232
satraps,0.8034319
latibulum,0.9090111
bucephala,0.8230862
adgestus,0.84091985
obsidius,0.6965615
dapsilis,0.8779764
thalester,0.7609489
communicandus,0.7741245
femininus,0.9180267
inbueo,0.47160384
interpellor,0.7884578
corculum,0.86135745
molniiscor,0.8672603
inarso,0.556756
semustulo,0.7922526
artacanus,0.7810811
zoilus,0.6921208
satrapes,0.7664088
nicomachus,0.83949316
benivolentia,0.9173533
coniuror,0.74856174
metrum,0.9462528
decucurrio,0.8375116
ueritum,0.8296993
celao,0.9028961
contumacia,0.94339293
internuntis,0.7792418
delatio,0.94776154
paenula,0.9251934
taedet,0.8312849
coniurao,0.88257587
hammus,0.9601936
exhibo,0.84296674
invoco,0.8314402
adquiescens,0.8960313
bolus,0.76257676
diuersorium,0.8742422
requirio,0.5145994
-ane,0.6459373
verio,0.900741
archelaum,0.71199715
perdicco,0.9035604
adfirmatio,0.90182114
profugo,0.77664435
adfectio,0.93841
conloquens,0.8849122
obstrico,0.8682259
tranio,0.55035824
ignauissimus,0.7509048
gorgo,0.8400067
inplacabilis,0.8862436
calcaria,0.5657357
adclamatio,0.9048959
euerro,0.76406634
uerane,0.7713636
excepno,0.8381977
arimaspus,0.8352872
cyer,0.92510414
inconditum,0.76144975
defosdo,0.79122883
cohaerentia,0.8780886
xuii,0.8390796
promethea,0.82572913
uanissimus,0.93402445
mordo,0.7773764
oxo,0.86646694
sollerter,0.9322108
converro,0.66416144
bactrus,0.79536974
honestissimus,0.89401114
declinatio,0.93279076
aestivus,0.71959996
inplo,0.7236793
ementitum,0.685657
bilinguis,0.9098996
xerxi,0.8918172
ld,0.6036681
samiramus,0.7432364
percuro,0.72055864
dccc,0.8056276
istrus,0.7738107
obsido,0.8730951
menedo,0.9095847
consaluto,0.839497
angiportum,0.8738127
cautio,0.91580606
menedemo,0.7401905
absconditus,0.83416855
casca,0.8547902
uibo,0.72347283
amulis,0.90609705
lascivus,0.4478953
margianus,0.78465253
collao,0.7746775
occupavo,0.85496116
straio,0.9146384
praestolor,0.9425763
cophes,0.7240492
inprovidus,0.9027729
praetergressus,0.7817172
phrataphernes,0.8771604
lysimaceh,0.8873645
confesto,0.9201734
procaciter,0.83307517
procacissimus,0.8512255
uerior,0.94575894
abusus,0.86746246
relucto,0.5093619
inpeditus,0.88140583
adulio,0.8617322
daho,0.6482792
mardos,0.6990947
arsax,0.88491344
adplicatus,0.83841395
saca,0.6943543
oxyars,0.83732164
roxane,0.8433264
roxanis,0.9408086
uirguncula,0.80032736
cxx,0.9001914
adulator,0.9368979
detractus,0.8638099
uidesneo,0.93268424
polypercontum,0.80881286
pervicacus,0.81713325
nicostro,0.8589001
conuerso,0.9000053
gratuitas,0.775868
olynthium,0.81371677
adsentans,0.7329974
reuerbero,0.7783328
acesi,0.8197902
crocodillus,0.8787252
uiuarium,0.87388647
obequito,0.82527035
choaspes,0.9271072
xxxviii,0.8116337
inposio,0.81594604
monstraio,0.7490253
potiundus,0.858355
inconposio,0.69748586
adiunco,0.60121256
admetior,0.72009194
taxilis,0.773406
praebitum,0.785681
sperneo,0.77384543
ptolomaeum,0.922423
iacula,0.9151343
iniacio,0.7137002
solidior,0.8262501
obsoelno,0.8387828
adgressus,0.71805847
rhinoceros,0.9202976
condiio,0.8930857
insolio,0.89799833
commemorandus,0.76674736
phegeus,0.84475374
phegeas,0.7076739
prasius,0.75423026
primordius,0.8983544
hydasps,0.86343503
asum,0.88622063
inpio,0.845378
acesina,0.7388568
harpalum,0.892683
indius,0.8774586
nicaea,0.9215021
sibus,0.6341809
derelinquo,0.89186734
suauus,0.74321735
devoluo,0.7526739
peucess,0.767742
timagenes,0.91103935
componens,0.7752835
obsolesco,0.8757551
sodalitas,0.85671306
samirames,0.8739716
athenodorus,0.8988628
pensito,0.93711144
inmutatio,0.870499
dioxippus,0.64266086
pugil,0.8386915
clypeum,0.8218625
aliquantum,0.7563776
candidum,0.8406346
suffossis,0.7793876
pithos,0.8905955
agniio,0.6539195
coercitus,0.9003191
superfusus,0.6916644
sibimo,0.529431
evergo,0.8967805
ccccm,0.8632278
plerasque,0.888896
onesicritus,0.72993404
sibyrtio,0.59006906
carmania,0.8682538
conpenso,0.7532641
nearchus,0.8139348
gada,0.80084205
coenum,0.6505959
zopyrius,0.82590055
promuntorium,0.9186481
colluuio,0.82503325
enus,0.65641236
adclamans,0.83786255
tributarius,0.85402334
seminudus,0.8124105
praequam,0.7009414
addeo,0.588274
invictus,0.7669839
uincto,0.8527092
fundendus,0.87986106
ceaterum,0.7972175
precarium,0.7649469
tractao,0.9572427
perdiccum,0.94431686
barsina,0.6843206
arrhidaeus,0.75511825
conceo,0.7772262
desitio,0.63843596
adnuntio,0.88753045
pasa,0.52268904
insociabilis,0.74263304
addubito,0.8677362
advenus,0.9054841
adserens,0.46665233
stygis,0.8294664
sphaera,0.9631307
figuratio,0.82739794
definitio,0.96695507
deformatio,0.6156352
aequinoctialis,0.9734855
celerrimus,0.7079388
zodiacus,0.93127036
eclipsis,0.94831985
pertimesco,0.93954647
scriptio,0.891777
breviter,0.76590526
centrum,0.8169453
circumductio,0.9267907
dimensio,0.9408713
virgula,0.83025277
parallelus,0.7931408
inclinatus,0.91190326
antarcticus,0.9161904
arcticus,0.9173164
therinus,0.6602697
isemerinus,0.8875989
imperitior,0.86957437
interfusum,0.98132557
trifarius,0.9027428
libya,0.95799303
maeotum,0.92603076
temperatio,0.86204886
singillatim,0.98165596
retribuo,0.84740454
uirginalis,0.93520993
nonacris,0.7472528
administer,0.7040953
septemtrio,0.91371536
plaus,0.809975
praefulcio,0.7725879
eratosthenes,0.90623116
contortus,0.8139534
icus,0.77666247
posus,0.609095
protus,0.73037934
trago,0.46736982
consopio,0.84177405
semimortuus,0.76736736
solitarius,0.9321637
etesia,0.9387328
hermippus,0.93259877
quamobris,0.8266005
philomelus,0.8683021
philomelum,0.5079826
parius,0.8600137
descensio,0.85152435
stephanus,0.6397285
obprimeo,0.74334663
anacreo,0.81833124
excaecatus,0.8087541
pangaeus,0.76249874
maercurium,0.9379469
caduceus,0.67599475
certatio,0.91519505
calliopa,0.7192479
musica,0.9435927
beneuolentia,0.92562157
genealogia,0.72159815
quieque,0.8247349
euhemerus,0.9147637
cistula,0.78123254
erechtheum,0.864747
ioue,0.73262763
titanis,0.7338245
aigo,0.4788712
poster,0.66203415
beneficus,0.92489576
uisito,0.826532
aesculapis,0.97227603
inscientia,0.95728594
revigo,0.73916584
bacillum,0.83161753
adrepo,0.8815501
bacillus,0.7743052
excellentia,0.92521477
recusatio,0.9286535
interfeguo,0.9278949
ganymedis,0.4830067
permoo,0.5376643
subripio,0.9624046
atlanto,0.58347404
nauicularius,0.91912186
navicularius,0.83550644
taena,0.8647547
servulus,0.8580109
perfidiosus,0.87309754
hippocrene,0.797168
evolo,0.8157657
melanippe,0.7710307
pelium,0.855147
constitutus,0.87551963
elle,0.79829395
inmolo,0.8205871
tostus,0.777524
caus,0.9006375
salonum,0.726363
salmoneum,0.8934524
seorsum,0.9064851
arietinus,0.9281874
ulmeus,0.8781885
catapulta,0.8347382
pherecydes,0.8732189
thyo,0.57544446
thetim,0.84638023
boetia,0.798362
atlantus,0.5459683
uergilias,0.7348818
mordicus,0.953436
coniicio,0.8259408
tut,0.70948714
collocao,0.7770257
themidus,0.44815186
conversao,0.5574019
admiro,0.7986624
formatio,0.72224444
acerrimum,0.8121178
eubulus,0.85839653
concesto,0.6724925
interfecior,0.7909324
cephalis,0.5746431
isus,0.8593441
annumero,0.79412293
argonauta,0.8088691
philyra,0.6952186
pertuto,0.8111715
phylarchus,0.7780434
statutum,0.67070526
interitio,0.7682694
perdoleo,0.7549449
coniecio,0.62642276
marus,0.9393728
maleficium,0.9547677
isum,0.5329777
esito,0.74980205
planeta,0.7977068
phaenus,0.76629245
pervido,0.79275393
rescio,0.7134478
reieci,0.8405163
inferius,0.89430964
plagius,0.65205103
notium,0.75372505
ba,0.43728143
resecro,0.42623514
novissimus,0.83067864
citulum,0.7384267
booo,0.7553603
lineola,0.63567036
cic,0.7289041
confio,0.85553014
antipoda,0.8220099
tritauus,0.58908
edacitas,0.72576207
capito,0.91802907
horologium,0.9241395
libuio,0.9143142
pou,0.89755774
prooemium,0.88511693
booio,0.5266171
dimus,0.45661473
huiuscemodi,0.9377868
obrepto,0.5911291
liberta,0.91281575
dix,0.7166548
depingo,0.9549321
exor,0.59568506
provenio,0.8446632
scutra,0.811872
concaleo,0.8111565
adfuio,0.9275271
adspectus,0.90861076
cuiusmodi,0.9544869
navicula,0.70696276
ccclx,0.7946113
converto,0.89553064
transegeo,0.8338593
admovero,0.6546999
gluttio,0.7504127
mensio,0.61063075
tonus,0.5389246
hesper,0.71081245
exquisitissimus,0.83857715
cossensis,0.6916246
computatio,0.9600209
ludium,0.75763834
annonarius,0.7626038
absolutus,0.8841783
dissuasio,0.92170095
seplasia,0.91516757
unguentarius,0.88625336
numerius,0.92972624
novies,0.36379677
novpensis,0.80678225
dcccc,0.6957878
hyginus,0.94818145
lucilus,0.81089187
dialogus,0.89050245
dlx,0.655505
epicureus,0.9563047
iudiciarius,0.9129219
ahenobarbo,0.77610075
arroganter,0.8975832
quum,0.9638598
coepet,0.73977494
tuburcino,0.42571616
mucia,0.82844216
duodeni,0.6757262
pris,0.74394107
inibi,0.90728736
consiliove,0.74233973
lxxii,0.9256716
iacueo,0.82941043
laborandum,0.7807124
disiunctiuus,0.89182365
praepositio,0.9764194
praenomen,0.92549556
clx,0.8440256
subscriptor,0.7371535
april,0.99989504
clodus,0.67641395
raeda,0.8379782
bo,0.85670704
fufius,0.89748466
rumpia,0.75564235
interfectio,0.76391447
ivo,0.67512846
perlaio,0.6139511
articulatim,0.86230534
consulendus,0.93843526
crebresco,0.9201597
martesis,0.9999995
prehensus,0.5706965
sallustius,0.9382764
ateius,0.9077597
sodalicius,0.74186814
sortitio,0.9190744
apprehendo,0.89488643
acclamatio,0.8902074
perfecte,0.92044747
expositio,0.9116645
interregnum,0.8345641
postulavi,0.8437077
perditissimus,0.7653251
licinia,0.676234
sept,0.99598587
novius,0.841606
flavis,0.8570857
flauius,0.75999975
confeco,0.8420886
mentitus,0.87152565
cosss,0.8306128
contiono,0.7456149
interamnus,0.82376546
salluss,0.81726456
basil,0.69620264
faesula,0.8156402
profito,0.72166765
papia,0.9077219
favonium,0.8828707
plautia,0.8859352
seius,0.88239604
xviiii,0.7180623
supe,0.78348005
providor,0.7958756
globulus,0.77183014
advocas,0.8529334
imminutus,0.3842794
tractavo,0.66264284
quatriduum,0.9061526
appelo,0.71534777
xxiii,0.81017745
lano,0.5736993
ponto,0.43590948
pecuniarius,0.9350424
dig,0.62286884
trebellio,0.88078785
correctio,0.91132456
iustitium,0.90171194
factiosus,0.8776143
mai,0.6121635
uerginium,0.6241616
tricostus,0.58062524
ueturio,0.9016091
uelutus,0.71797746
uindicia,0.8968738
papirus,0.4298398
cassia,0.8470096
othos,0.93969977
max,0.37059003
enarratio,0.9278585
sergia,0.88125455
mag,0.58126926
cornifice,0.84039706
coitio,0.9284716
torq,0.47753966
uolumnius,0.84237814
sexennium,0.81359315
bardus,0.8168561
proticio,0.8039694
uerinis,0.5613745
praeuaricor,0.83917725
reiectio,0.9026634
carmentalis,0.84783953
luscius,0.8468223
lus,0.80901796
sicarius,0.9520182
terentia,0.7277717
agitator,0.9273163
aleator,0.9353502
obtrectator,0.9662238
graiugenus,0.78679734
torvus,0.82711935
scopulosus,0.8942196
ceta,0.65979415
repostus,0.93848133
iasonia,0.72311115
accubitus,0.59104717
inlabor,0.54708654
alcis,0.8796199
bebrycus,0.49706784
undisonus,0.8395657
daio,0.7354244
spretus,0.6911444
biiugus,0.79033124
pleo,0.67109853
paelagum,0.93754256
tiarynthius,0.55811524
progenio,0.5698304
deidamia,0.91787356
therapnus,0.81271553
transmisdo,0.8026079
grego,0.6387818
thiasis,0.83630836
sthmia,0.73777914
belligera,0.8088292
ithacesia,0.7768522
parcor,0.7258086
uirginea,0.9036424
missile,0.9656936
euhius,0.8505811
patrocl,0.49373406
aequaeua,0.72016096
tenera,0.7308409
opaco,0.7849902
peculio,0.4463353
ostensus,0.75360453
ithaco,0.7981855
opprobro,0.73955214
perstrepo,0.942934
naidae,0.529851
rheus,0.55672646
infremo,0.82909864
semifus,0.72235715
heium,0.7305636
retectus,0.6229381
uentosa,0.84196544
passer,0.91363287
inlicitus,0.97148716
raptus,0.946808
adrido,0.60436994
bisseni,0.9035826
praepeo,0.9286091
exhaustus,0.5589576
maceta,0.41332456
balearicus,0.72919637
suspensa,0.83539104
delegatus,0.74458617
imperitia,0.94688934
commentarium,0.69863474
miliarius,0.89503163
plautius,0.8513408
salina,0.9159384
subterraneus,0.94297
carvilium,0.6052475
tiburtis,0.81453514
sexcentesimos,0.96263963
dextrorsus,0.851295
uolcatio,0.86588335
septingentesimus,0.9125941
erogatio,0.947469
aedicula,0.94690824
adquisitio,0.9198108
providentus,0.8538135
transtiberinus,0.8577361
nonius,0.7597817
aspreno,0.8348693
titianus,0.8173846
octingentesimus,0.84657055
curtio,0.79419494
deriuo,0.9472237
praesidiarium,0.82968414
turbulentum,0.51464736
herculaneus,0.9121501
purissimus,0.8877392
praeposio,0.9507902
tueo,0.7081885
adsistens,0.9462499
pressura,0.8925806
milia,0.7213044
uiminalis,0.8444964
scus,0.61387813
neronianus,0.91280985
octavianus,0.9210583
conceptaculum,0.781088
quinarius,0.77273476
centenarius,0.9394729
diuersitas,0.9496975
senarius,0.9702101
capacitas,0.89611673
substantia,0.9032061
dexto,0.88924766
septunx,0.78474313
octonarius,0.8240147
uicenum,0.8284103
tricenarius,0.8724358
uicenarius,0.84144926
quadrator,0.7428355
vigo,0.54929006
duodenarius,0.80951643
uicenus,0.64931846
sextarium,0.8268869
modium,0.7604573
multiplicatio,0.7054309
consequentia,0.915603
sicus,0.52203107
quadragenarius,0.92761934
xxii,0.8513883
quinquagenarius,0.87316763
xliiii,0.7479502
sexagenarium,0.6478923
septuagenarium,0.7748066
xxix,0.61264414
octogenarius,0.86032164
xxxi,0.5427228
lxviiii,0.8742815
nonagenarius,0.8395231
distributio,0.96085525
dodrans,0.95335674
depressus,0.6651424
deprehendio,0.92334676
depreh,0.6332463
expeditissimus,0.78809243
curtis,0.7831876
adscripo,0.5387643
derivo,0.8827026
omisdo,0.71703714
breve,0.8903936
confitor,0.89007306
iix,0.56987584
xiv,0.8865031
quartamdecimus,0.8342599
ccccxxx,0.7685618
aucueo,0.6102859
limpida,0.7643136
fullo,0.9419129
hor,0.5727266
limpidus,0.7509046
treo,0.40177456
defaeco,0.91133314
traianus,0.9238541
manceps,0.9018094
tuberon,0.8116168
praefo,0.762159
cocceius,0.89299786
uitelluo,0.87076735
quintilianus,0.8901862
turpilianus,0.8403133
paulinus,0.76007295
galerius,0.7792901
trachalum,0.81730807
domitianum,0.8953757
flavianus,0.8730587
tio,0.80103654
aviola,0.73809355
adsidue,0.55816495
adnotatio,0.83146405
explicitus,0.9166009
scieo,0.81834954
circitor,0.8052331
tector,0.7493031
alienatus,0.6709745
diuerto,0.79006493
enixus,0.76599824
impotentia,0.9453322
gelicidium,0.9183414
interruptus,0.8089795
uicinalis,0.8232684
harundinetum,0.775011
decucurreo,0.73306906
exsecutio,0.87057525
subinfero,0.57578415
phalereus,0.90090674
democho,0.8359226
formidolosus,0.93342996
desertus,0.68710107
intelligens,0.7193065
inliberalis,0.8836485
maliuolus,0.93585896
illustrior,0.6415308
theophrastus,0.9788874
beatissimus,0.858638
demosthenes,0.5783085
acquiesco,0.8745526
succenso,0.7159302
conficiendus,0.9130879
iteratio,0.8957671
eloquens,0.9257783
sceleratis,0.8443241
efflagito,0.9438472
illustr,0.87804973
deliberandus,0.8702605
proprior,0.5676904
myrus,0.85650706
recogitatio,0.76574093
separatio,0.8896451
quotidianus,0.8572543
commento,0.7409824
humanitus,0.83395797
prologus,0.8334907
soleatus,0.83005273
potatio,0.8268876
foes,0.8973199
scythum,0.77701294
evaso,0.8595074
homoioteleuo,0.89801127
homoioptotus,0.81251943
consequenter,0.62321174
assentior,0.951599
pateficio,0.7588084
suspiciosus,0.93212867
",",0.75287163
usurarius,0.7759944
uxorium,0.472826
auo,0.93726
indotatus,0.7362163
aleus,0.73502046
conserua,0.7139033
allego,0.9245651
casina,0.85922706
sicyonium,0.8912425
lemnis,0.8721498
curculio,0.8641411
oratus,0.8056058
pedisequa,0.8324611
asotus,0.7134
percunctaor,0.7196486
protelo,0.83843255
ultrum,0.8680589
let,0.7851795
faenerator,0.9276737
proxumo,0.55813026
symbolum,0.8479724
relicuum,0.5370502
pseudolus,0.7753142
auceo,0.9123154
abstrusum,0.70410526
calliclis,0.8336235
imdotatus,0.86247104
prela,0.7373985
corydo,0.8990031
cornigeor,0.7953845
compingo,0.89926016
triuialis,0.899879
armentalis,0.8823981
iubilo,0.7648582
feruo,0.90771806
cometis,0.8230436
translo,0.82023895
respexeo,0.71346
surrepo,0.66015226
liquentia,0.88974017
arbus,0.9198208
tippula,0.8052256
lenonius,0.8450265
iollum,0.9122298
palear,0.47156096
tityris,0.94775355
legulus,0.8584479
cantao,0.89214385
mopsis,0.92865527
auenus,0.7971947
bucula,0.90517765
tityrus,0.9364305
palumbes,0.8593655
manualis,0.76766354
caricus,0.6516834
astrepio,0.5700501
uolueo,0.5919564
meliboee,0.94308496
odora,0.79194903
uisurus,0.71986055
iberus,0.75685894
hyblaea,0.76841724
modulabilis,0.64437366
alego,0.6978951
succino,0.75588536
fructifico,0.5382596
malignum,0.4798936
calcator,0.77423835
paganicus,0.71487856
pullo,0.8376364
redego,0.7333337
uirosus,0.8670182
obtusus,0.93992937
internus,0.88979244
nyctilus,0.87804955
aedona,0.8478732
hystrix,0.7659661
praedamno,0.8749887
frutico,0.8316341
irretio,0.78480417
torque,0.9088074
uiripoteo,0.59839547
stupefaco,0.7413876
arbutum,0.7439759
ebulum,0.91526985
prunum,0.67625207
hausura,0.47228336
crumen,0.84221154
daedalius,0.85615075
hauso,0.87751955
abnego,0.8483715
atlantis,0.6612698
nepa,0.5108808
deucalioneus,0.9353032
eia,0.8845054
ardus,0.6103856
marra,0.5759245
caurio,0.890058
uera,0.60165596
rudere,0.7248442
maio,0.75776505
purpuro,0.78097874
uiolus,0.83258456
megar,0.48858014
lactucula,0.8292911
ulpicum,0.8336112
pelusiax,0.47695947
prorito,0.7251257
planto,0.54254293
resolutus,0.69071364
pullulo,0.90331215
extermino,0.9137786
priuigna,0.8432572
sicanium,0.8776057
caecilia,0.84477115
iussi,0.63986087
infreno,0.8389393
molocho,0.4109879
napaeus,0.80214965
castalium,0.43636513
dionaeus,0.8835457
alexis,0.85381246
flammeolus,0.70145243
caltus,0.46262315
extendeo,0.72198606
caepa,0.63031113
irrepo,0.8490731
limax,0.82606536
amythaonius,0.79777765
areola,0.45327303
pluit,0.94057035
prototomus,0.5236916
tartesiacus,0.9366284
thamnum,0.41815448
atriplix,0.45829827
chelydrum,0.7935778
narycia,0.82752883
fetidus,0.8777422
effeta,0.66609
exposo,0.69249976
chalcidex,0.8573698
nursia,0.8303784
iaccha,0.738258
maro,0.92072546
aeolis,0.44475943
thybr,0.7465292
perfudeo,0.5214245
oppando,0.5739484
accendeo,0.8332072
contexo,0.95063615
ilignus,0.8994716
obseruans,0.53371966
uerutus,0.8278549
spico,0.77883863
lucane,0.68419135
umbrosa,0.55724776
genesta,0.73216194
uehementus,0.8704491
hyrcanum,0.8431069
quaecunicus,0.8786527
pugnator,0.8333241
dorcas,0.70844746
dianius,0.38225672
percenso,0.9324699
aequi,0.84289527
perpenso,0.72586405
maza,0.45387995
toletanus,0.6636572
falaricus,0.75445366
mauortis,0.7429885
calles,0.7351275
uermiculus,0.8557572
collaris,0.83772486
lucifuga,0.71892357
promoneo,0.6612887
extorr,0.8877078
ligamen,0.8261364
frax,0.7649698
callaecus,0.6107608
scruposus,0.8401403
pyreno,0.8796626
fragosus,0.8751228
nebrode,0.49802625
spadix,0.64835
collustro,0.902164
quosue,0.9241258
aetherea,0.52317274
circumuagus,0.79737836
percido,0.88297504
morticinus,0.8643844
flexibilis,0.8214923
aedonia,0.81490266
stridula,0.9201697
colentus,0.76648617
clientum,0.8988058
lepos,0.90221125
puldo,0.94025034
maeceno,0.93872344
excellentior,0.8089298
praefatus,0.58784854
syrium,0.62894046
myrreus,0.7401364
illudo,0.9210219
sacrilego,0.4088595
armenio,0.8841474
minois,0.6557261
circumstrepo,0.88747084
dominantia,0.6348214
aduigilo,0.83226264
acherontum,0.8788555
fluuidus,0.86003363
cadendus,0.72425056
austrinus,0.91634524
conuoluo,0.95570415
ulterius,0.7833546
notia,0.4834311
uerdo,0.80607927
aliumue,0.85024613
gyrum,0.6696291
iux,0.6247284
exusio,0.8438369
aetherium,0.49883625
graphex,0.6627444
umidior,0.62614393
immersus,0.7093163
glomus,0.7414305
titanius,0.8356053
cometa,0.9091708
vltimus,0.85348237
rarius,0.42098665
uitas,0.9228454
perdisco,0.78698075
redeundus,0.8786849
utrus,0.93357444
sagitto,0.7396383
adio,0.5327317
sig,0.8217466
quadrum,0.732161
centesima,0.91579294
praelabo,0.7713076
orscor,0.8468559
erigonio,0.78232634
iabor,0.46967882
quotquot,0.80140346
quouemodo,0.84374666
constiti,0.888435
utcus,0.47149915
memoriter,0.92337835
supino,0.9194103
breuius,0.7289001
daemonium,0.53206503
unicuus,0.6012505
quotcumque,0.8184556
tempium,0.62600446
athla,0.45854843
consol,0.49059892
uernalis,0.6449303
aestivae,0.64590913
dicandus,0.700698
breuio,0.8015162
perennitas,0.45839152
triplico,0.81530285
quauis,0.7525519
unius,0.9152571
adcumulo,0.737514
peracio,0.7110877
iactaior,0.85033405
fibr,0.6863422
autumnum,0.8214602
pauperus,0.70678437
eiecno,0.81444335
paupercula,0.41420412
expendio,0.7479643
cursum,0.95358586
touo,0.88919926
decanicus,0.6334409
animantus,0.8622948
confusus,0.6127081
nascentus,0.8517754
quasue,0.87128353
undena,0.51326704
uitreum,0.7662401
glomeramen,0.7830829
vnius,0.50059754
cestus,0.7374072
hadriacus,0.92110735
sortiior,0.80828726
portentosus,0.7947142
tortum,0.5222093
aethiop,0.8663266
progeno,0.48191345
macetum,0.93178153
uirg,0.5185145
recturus,0.40829676
suso,0.5551456
complecto,0.72487515
nutricius,0.48852062
peruolito,0.7979062
claus,0.5069154
uolantus,0.9084547
salmoneus,0.75340706
caton,0.8371622
petulcus,0.85708225
hvltimus,0.83814096
stellatus,0.92843187
verno,0.51393765
concerto,0.91975313
improuidus,0.85925126
praepositus,0.88617104
plumeus,0.8923297
alitus,0.828988
macellum,0.9025843
anguiteneo,0.76984364
peplus,0.78565425
reuersus,0.87206316
pactus,0.938734
quassum,0.6645018
grassator,0.937471
squamigeer,0.82292455
sagena,0.4286926
vmor,0.70052516
damoeta,0.9593097
cuius,0.9004848
aegon,0.97524154
hyperium,0.8300549
hmessallus,0.60361725
cr,0.7960416
uixeo,0.8960053
subtemen,0.92863804
gyndo,0.7724046
tamyer,0.7612975
ualgius,0.8694896
gylippus,0.7838746
simius,0.6773242
instructe,0.70528245
moecho,0.5814469
nasis,0.75216556
cinaedo,0.78136164
stomachor,0.8854075
iocunditas,0.81530184
paterfamilias,0.94301283
lenonium,0.81611717
sterculinum,0.8351183
inlex,0.75550175
sarcophagus,0.8972781
acumus,0.7516483
expingo,0.7050592
lurcho,0.7133777
furax,0.7326703
pilosus,0.9047828
rictum,0.8460053
insidiatrix,0.70009744
fiber,0.76827615
papilio,0.9456784
uespa,0.87917364
uulpecula,0.82479846
scarabaeus,0.7829584
locusta,0.911487
cantrix,0.8595113
calumnior,0.94002575
tigillum,0.89930856
adnato,0.86089283
corripo,0.880903
cluo,0.7365841
stagnis,0.4149926
inlico,0.8603351
tenuitas,0.9661095
intelligo,0.65896213
uosus,0.7754952
servia,0.8356758
praemetuo,0.50597525
mustela,0.9597871
rotula,0.7009975
corcodillus,0.847077
lagona,0.7921174
uulturius,0.8701079
nociuus,0.7492849
libuo,0.874728
setosus,0.614306
concurso,0.85574365
pelusio,0.628557
cirrus,0.80518687
xystus,0.72367084
donatio,0.9518312
alapa,0.8874091
consiliator,0.8558891
tintinnabulum,0.83933425
postprincipium,0.84450567
rabula,0.8125936
phaedrus,0.7221443
persia,0.5947956
litteratus,0.96150446
orpheo,0.735611
miseritus,0.8556061
notesco,0.81163335
auerteo,0.82278806
insitiuus,0.6063148
lanius,0.88729954
ridicule,0.92511535
condecoro,0.74223846
persoleo,0.8283802
conpungo,0.5662222
uentito,0.90164655
possido,0.7090013
eunuchus,0.9383472
gallinacius,0.9141412
fucus,0.9607825
inconueniens,0.71400666
fauis,0.79007864
libitus,0.9604516
melus,0.8374158
abiuro,0.82388586
deco,0.5053668
inlittero,0.81772643
baiulo,0.84754664
iocularis,0.91222686
muscipula,0.79799706
operarius,0.9424188
apotheca,0.93889666
inprobus,0.8283976
fictio,0.9189515
ueretrum,0.83938855
masculinus,0.8788548
futtilis,0.91728485
culus,0.8656339
obsonium,0.9530586
pelagium,0.633246
cia,0.53367937
simonidus,0.83655894
extrico,0.80430424
simonidem,0.8339613
camara,0.8222223
praxitela,0.8873794
my,0.5989009
delibuo,0.92022556
futilis,0.7817887
uoo,0.6949373
bathyllum,0.68611944
pegma,0.91807145
translaticius,0.8291678
basia,0.83930683
noteo,0.49326837
calceus,0.90629363
protrudo,0.8768605
comosus,0.81000465
pergrandis,0.7543051
phileo,0.623083
opsideo,0.59172684
pelusia,0.87814397
obsco,0.7349155
quea,0.76631117
uieo,0.85723066
ul,0.66273475
adnixus,0.83378565
adlao,0.72009087
gaetulicus,0.8792285
calenum,0.70812815
caesareo,0.80100703
lucustus,0.74483097
flammifero,0.6884248
polum,0.77922946
thespiaca,0.809759
argum,0.84202784
aesonidus,0.83186173
saturne,0.80656695
fideo,0.90031564
lamnum,0.8081466
acclinis,0.82038057
ducus,0.3443045
minyas,0.87826407
terrifico,0.92472935
chrysopolis,0.84322166
publiceo,0.7999158
chilus,0.8002199
he,0.43624157
chaonium,0.6723547
adluceo,0.7333391
iphitus,0.8026653
mirabor,0.82514
elus,0.5414312
bus,0.7095967
hymetto,0.8624583
limquam,0.65136826
phlegrus,0.41430885
acamo,0.6955615
strucueo,0.647562
dehiscor,0.68217754
elysis,0.6032348
quadrifidus,0.78780806
infio,0.96861863
sequentum,0.92264485
infindo,0.68521476
aco,0.6822414
cupredior,0.87481844
indecor,0.9010336
recepto,0.94034576
sepio,0.64165866
flumineo,0.7694024
terrige,0.465916
praessus,0.8017987
implicesco,0.7693995
hyperionius,0.7692815
noctiuagus,0.89962393
erudeo,0.74063945
immutabilis,0.9403577
ignipotens,0.9093889
lemnum,0.83383596
quamobre,0.79907966
horrificus,0.9561173
agglomero,0.8034423
condendo,0.7616681
iliced,0.9128152
arrectus,0.91375285
iacentum,0.84800124
soporus,0.34275672
thresdo,0.7124886
obnuo,0.7986089
pauidum,0.8051872
trietericus,0.778548
complurio,0.82645124
pangaea,0.81367457
moesus,0.6415537
frondosa,0.7591218
illuster,0.41770023
spumeus,0.9495738
nubifus,0.7251872
crudesco,0.95859283
pister,0.5254938
adsueo,0.7661965
phas,0.72026503
regificus,0.67174
bithynos,0.74006253
mygdonia,0.7465811
orichalcus,0.56999964
sonorum,0.49954888
triuius,0.7556064
subluster,0.7663014
telamus,0.8633264
ophelte,0.83386046
clipes,0.8779244
trilix,0.75935066
celero,0.96092945
opipara,0.70181316
ruentum,0.8747244
reotrorsus,0.8497275
quina,0.4870747
gestames,0.9321369
clango,0.82773846
peruigilis,0.8598747
quemna,0.8308806
candentus,0.69173855
indiligentia,0.8264442
pultor,0.81095564
admouo,0.7142235
primitiae,0.871742
praerepo,0.8608031
spiraculum,0.7507832
haeso,0.8859191
sentus,0.7601596
ouantum,0.78657067
massylus,0.91885096
armentarius,0.91951525
undiso,0.8461374
halcyon,0.80948603
uotuero,0.39468116
caucaseus,0.7857907
iapetus,0.68891555
auricomus,0.8773552
bebrycium,0.86364126
curso,0.84736705
tenuiue,0.627193
paciferus,0.7392968
temno,0.9440234
hesiona,0.7201066
uixdus,0.8767795
immortuus,0.58498114
oebalus,0.7625313
audentus,0.9460192
amyclus,0.8914326
ueluto,0.7978934
frondes,0.42392758
iasia,0.36706924
bosporum,0.81105113
casdo,0.6731471
extoro,0.7502216
traxeo,0.7778162
solamen,0.76395565
miserescio,0.9148017
cocytia,0.7234857
lapdo,0.6493836
transabeo,0.77920675
anhela,0.69149125
fumeus,0.7458011
carambo,0.694343
thermodos,0.7780001
amazonidus,0.7605485
uerumne,0.8172212
affsco,0.7611496
phaler,0.35631722
intermico,0.7797603
imperuius,0.727221
glacio,0.66347855
appropero,0.7396027
bebrycia,0.76193595
congemo,0.8854513
egenus,0.95981205
monstrifeer,0.81962526
sepo,0.4602798
aequore,0.7648151
parthenium,0.907778
thermodo,0.74517196
creatrix,0.9448173
tibarenus,0.40676603
mossynoecis,0.8385644
macronis,0.8342047
byzer,0.7540885
monstriferus,0.71629536
phasides,0.6887156
symplegados,0.78110886
sonor,0.9283514
circaeus,0.8001271
floreus,0.9313625
phasa,0.71582437
suppressus,0.4328151
salmonides,0.50918984
subligo,0.8710912
amnigena,0.60106283
manipla,0.9640516
arctoa,0.77343583
tonsus,0.6907171
irreuocabilis,0.8379436
concio,0.8250878
alanus,0.8878228
cateia,0.5162497
aclys,0.8122598
caspiada,0.3939967
neurus,0.7196883
temnio,0.872421
erua,0.53841954
cadmis,0.8915385
choatrae,0.6685934
monstrificus,0.660148
sarmo,0.9443615
tremibunda,0.46497396
phlegra,0.5968932
subtegmen,0.86095226
profundae,0.8904513
tegma,0.9160042
impago,0.80259454
recollego,0.684446
argiue,0.38940302
graiugena,0.68385273
piniger,0.8551022
diluuio,0.7435324
colchor,0.76986915
recollicio,0.65555334
serta,0.4896759
aeolium,0.72067475
medeum,0.69079876
incanesco,0.75038934
apr,0.7862995
infletus,0.5288169
flabra,0.95597565
audenter,0.8867264
impubis,0.52653706
syeneo,0.84998494
cadenio,0.7294124
astriferus,0.48787308
spreeo,0.6686283
floresco,0.92641014
pharo,0.84513026
horrisonus,0.92326725
aligerus,0.9353404
permixtus,0.7944217
immurmuro,0.7163217
mirascor,0.72965467
nullane,0.92726344
pauitao,0.742823
persaeus,0.3804033
uellio,0.86819637
postremum,0.8553968
diremo,0.64512575
quaeo,0.38198304
propendeo,0.514908
passur,0.8515326
hebros,0.41518065
idalis,0.897815
cythera,0.37343973
calentia,0.64605
coieo,0.6888876
trabalis,0.7902544
peuca,0.3080132
ogygia,0.575837
pedico,0.9464255
trophaea,0.8255676
habitator,0.7866889
carrha,0.63093626
arsacidus,0.8626463
scitum,0.5020271
rubico,0.78205115
cohercens,0.57993484
latiaer,0.79761475
libyes,0.8347548
rubicus,0.8173803
furentus,0.8670393
senonus,0.8806097
coherceo,0.8690489
lingo,0.86859834
rutenus,0.81030464
tarbellicus,0.72471803
biturix,0.46099353
aruernus,0.38258177
meduanus,0.6517931
reditura,0.4378723
criniger,0.8404752
illabor,0.93873423
monstrosus,0.8933884
lucas,0.57450455
diffusus,0.7170068
edona,0.6987206
nubiferus,0.7748721
conclamatus,0.8866431
achaemenius,0.9252008
hot,0.3301388
solatium,0.89500684
calentum,0.8173829
samni,0.8106611
auulsus,0.8972743
spiramen,0.9563096
incassum,0.82142323
deuos,0.84725
iugulus,0.9369534
illibatus,0.8624643
discrimino,0.9148854
isaurus,0.43652532
adriaca,0.56380355
phaetus,0.8179489
editor,0.41094574
sarnus,0.6387659
commisdo,0.73065215
luceria,0.8335873
nequicquam,0.83181113
moturus,0.39502385
populates,0.8337392
exerto,0.6685629
syllum,0.89829636
trophaeus,0.74355793
cretum,0.76873577
hadriaca,0.852311
hibeer,0.9013882
xerse,0.5139112
immaculo,0.46520057
assero,0.89227676
sardos,0.4634095
pannonium,0.8712136
maenala,0.898709
tinguens,0.79483277
nipho,0.8386094
carmanus,0.68126297
massages,0.33735213
marmaricus,0.92121404
obsetto,0.70908034
caaesa,0.7566316
dodonis,0.4699302
densis,0.65479493
subitum,0.65867317
apluster,0.41813326
iniecto,0.89315677
uetto,0.80247676
cingus,0.41043723
delapdo,0.91476715
nabateus,0.6822467
inuoluio,0.8821355
eualo,0.8196966
prolo,0.9714914
mempheo,0.84683704
asturius,0.45670104
garamor,0.495031
salonus,0.884848
bellax,0.75893396
basilus,0.5352675
cupa,0.9214866
spartani,0.7664211
inumbro,0.86334604
tauromenitanus,0.67284304
permissus,0.591803
olympiacus,0.85418165
stao,0.7354468
antaee,0.5462087
nasamus,0.9464796
garamo,0.7795414
exploratus,0.8155158
aspida,0.42566386
euinio,0.60019284
surrigo,0.82917255
correpo,0.75449616
deiota,0.9313526
lagus,0.8205054
cirrhaeus,0.78221303
tripoda,0.7919701
phoeba,0.54908836
uteer,0.77207696
letheus,0.46099418
hibus,0.94096434
clausura,0.6916611
desaeuio,0.9199456
admisdo,0.6146522
decanto,0.9167962
menstruus,0.8778716
bosporus,0.5526054
motura,0.52406985
coris,0.66853416
pelagis,0.7314218
adria,0.60417366
quoties,0.8971501
euerteo,0.7716731
nymphaes,0.7826585
mytilenaeus,0.79085404
ephyreus,0.6284448
munimus,0.65519917
rutupen,0.5850446
letiferus,0.87035036
absque,0.8106167
pardus,0.8997501
percussus,0.78638136
impeto,0.8472659
euellio,0.87116003
emathus,0.5056282
rhoeteius,0.8510437
dorius,0.46633017
oblimo,0.8634672
echinada,0.89069736
spercheus,0.83675843
arcanum,0.74759436
excanto,0.8641026
torio,0.842221
praemordeo,0.75646067
suetus,0.7910589
ematha,0.47993934
conspersus,0.77369726
praepondero,0.8862277
uulgao,0.7988746
strideo,0.72185
illisus,0.48753875
illatro,0.60040605
desueo,0.89222026
caelipotens,0.37699193
hauo,0.75584024
subactus,0.6115931
uiolata,0.88201946
recoquo,0.89597845
signiferus,0.9102489
armenium,0.843615
aponus,0.85390365
fumifer,0.7955257
antenoreus,0.8550123
timauo,0.9269076
sicci,0.92568386
caetra,0.853963
emptus,0.91795146
parthia,0.9177111
stridulus,0.59070617
expaueo,0.8773993
poclus,0.82169896
despondo,0.84769404
nilo,0.8261987
pachyni,0.82751673
dependo,0.90099853
lesbi,0.6560281
cerucha,0.87565327
inoffensa,0.88990927
securiter,0.85283697
gnidus,0.44512537
niliax,0.85604775
emathio,0.6797391
arsacis,0.9084725
babylon,0.61270905
adplaudo,0.86087155
indiga,0.9525372
pellaea,0.93227553
pothinus,0.8982904
ptolomaee,0.8879637
celsa,0.53415513
semino,0.8219725
ustor,0.8172796
obico,0.90874434
sertor,0.7510117
cilica,0.5264975
esperius,0.4525778
uilus,0.8662719
astrifer,0.5930745
proiecueo,0.67808723
niloticus,0.82247925
togo,0.6048851
profatus,0.8854812
letho,0.80449563
insopitus,0.6383003
lisbyae,0.93060243
arctoos,0.83381855
maurusia,0.96280485
pausa,0.93251604
tacitum,0.78251874
miscueo,0.8622989
aspidus,0.79631066
cenchros,0.4306235
scytale,0.51806647
natrix,0.67593086
staticulum,0.7395408
seps,0.5747882
praester,0.7906426
basiliscus,0.79759526
implumis,0.5575586
centaurea,0.61278033
elicitus,0.61526644
calchedona,0.8941019
simoentus,0.8210833
oo,0.5788933
memphiticus,0.89098084
ptolomaidus,0.85120434
hauseo,0.8879226
dependio,0.4017551
iaspis,0.9092301
platona,0.7688715
concessum,0.9104017
cataracta,0.88490576
abo,0.72863466
iur,0.42471206
iunxo,0.74247646
berecynthius,0.6948735
fatuus,0.9509946
capsula,0.8879859
augurinus,0.7305056
lachesa,0.90696156
comoedus,0.9557237
impressi,0.46377394
graeculum,0.8007941
perpetuarius,0.72131556
decollo,0.87465686
fatuor,0.74463093
tergeor,0.54654104
arar,0.8166454
notor,0.74831027
causidicus,0.95645523
praeputium,0.7872827
notarius,0.8387623
larua,0.8383382
diespiter,0.8781243
ciuitatula,0.7143103
antecello,0.91950524
corvinus,0.78882766
proneps,0.83166265
tubicen,0.87092745
reuiuisco,0.90983295
edio,0.886765
trogus,0.71842587
pantomimus,0.95800257
percrebesco,0.93995357
catonius,0.67757726
rufrius,0.6739103
sufflamino,0.74594986
fritillus,0.5525545
discessio,0.944169
uacavio,0.70792747
converso,0.62557024
sublimitas,0.88156027
diffusio,0.4980523
indiscrets,0.8211621
uniuersum,0.8506256
profiteo,0.8082026
herbula,0.7795968
interdius,0.81073016
stultissimus,0.8954701
dicacitas,0.8958059
suaso,0.84987634
exscribo,0.7936765
nomentanus,0.73925596
apicium,0.7890985
accerno,0.79329324
abscondeo,0.78318584
distinxo,0.4424811
temperator,0.4671588
adficiens,0.4509617
detra,0.625193
daemon,0.72870517
districtum,0.72544307
paedagogium,0.78995574
acto,0.6429117
zenon,0.810933
conspuo,0.8710489
quanticum,0.7915652
sentia,0.754151
dispositio,0.9043714
indifferentia,0.87173283
effluxo,0.73660475
scrutatio,0.67294765
praebueo,0.8917271
hospitor,0.8087765
infrunitus,0.74195004
acerrumus,0.7756967
tomentum,0.7942322
abstulo,0.76835704
halucinatio,0.8165425
abnocto,0.7110131
aristophanus,0.77279794
democrio,0.89062995
ruptura,0.64366925
adlisus,0.5604191
senecus,0.91240215
assilio,0.8417486
diuo,0.7837527
tralatus,0.80746067
tac,0.51678777
serene,0.5687458
expliceo,0.7557067
democreo,0.7961212
mutor,0.52192295
oblectatio,0.9258674
gravis,0.8603134
assessor,0.71618176
subverto,0.8263612
ceryx,0.82065666
obstinatio,0.95176923
irritamentus,0.6283375
ephe,0.35464114
catonianus,0.7756207
aegrotatio,0.9078111
eleganter,0.9404336
dioge,0.970677
circumscriptor,0.8000203
plagiarius,0.8873824
uestiarium,0.8406032
rapacis,0.78445196
fut,0.5935245
euersio,0.9233787
contractior,0.6961289
bibliotheca,0.93080217
armarium,0.93205124
compedio,0.7860491
assiduitas,0.9470046
pedetentim,0.8102951
tergiuersor,0.93571794
mimicus,0.8576314
siparium,0.7793673
mendicitas,0.946565
auguralis,0.9119506
proculcatio,0.68901986
stillicidium,0.9124361
resaluto,0.8148092
obstitsum,0.86263776
misera,0.66911083
zenus,0.67704767
theodorus,0.7478158
altercor,0.92392313
annuens,0.85656524
cotidianum,0.7153744
praeloquor,0.7524124
gaianus,0.6049971
sudus,0.841288
menstruo,0.6995489
exsultatio,0.77275157
sobrietas,0.49236363
subrepens,0.82252705
complusculus,0.67823076
uasculum,0.95126355
ueru,0.7826234
inlibao,0.76356333
quietissimus,0.7444662
profutur,0.942942
inperfectus,0.92229235
cleanthes,0.9722167
ha,0.84038615
fenero,0.9107013
theophro,0.91027784
suspicandus,0.7434679
neglegentior,0.6990651
congregatio,0.87148327
dissimilitudo,0.9486114
lucellum,0.88735366
cupior,0.6792503
exceptio,0.9389857
metrodor,0.8415885
homunculus,0.9346993
allino,0.5895847
avo,0.77397007
homicidium,0.94792855
assensio,0.91678333
errandus,0.9170201
saltim,0.92861825
allido,0.8739635
erexo,0.82180095
stilbo,0.730883
impatientia,0.9402707
convino,0.9332493
eversus,0.7903626
distinctio,0.9374098
appetitio,0.8691276
poliorces,0.44004178
conticisco,0.8683556
exueo,0.5272269
infixus,0.8376811
undum,0.78400856
erubuo,0.6913894
temperatura,0.6258392
composuo,0.84994876
diligendus,0.8844335
peccator,0.8531889
sigillarium,0.87554824
pupulus,0.50980014
heraclitus,0.958024
pacuvius,0.9633374
subplantatus,0.68519217
proiecio,0.82604563
contestor,0.91498137
intellega,0.9435897
uertio,0.6806458
lymphaticus,0.9268502
focilo,0.6160318
extor,0.62811446
cohortor,0.9283161
nauigandus,0.7472461
civila,0.8457763
aduersum,0.56870043
experiundus,0.8710959
kalendarium,0.78039384
freneticus,0.745255
pugillar,0.86360276
cina,0.53300476
mediator,0.47754443
isio,0.5946841
inmodeste,0.43404096
recordo,0.93469954
inpieta,0.90156746
philosophao,0.8083608
additamentum,0.79378307
ualedico,0.69464403
saturnalius,0.85101444
hilare,0.72079813
festo,0.7969787
uomito,0.7333547
grabattus,0.86480457
sagum,0.89483607
dipondius,0.7355459
scierum,0.7772571
saturitas,0.9475513
algor,0.8891306
numeratio,0.75990254
exardesco,0.8892684
affatim,0.9143617
digesso,0.68496287
captao,0.589258
circumcurso,0.84661186
omnibus,0.7027032
perrepto,0.64432573
responsor,0.3197033
epicura,0.8484793
progener,0.48802245
commonefacio,0.90917104
preso,0.5978486
adulterus,0.84464717
dissix,0.7422503
conculco,0.91948783
explanatio,0.92564493
irreo,0.5422946
delicus,0.6895886
personatus,0.6387875
excarnifico,0.7431778
particulatim,0.9582732
puerperium,0.9155488
cantilena,0.91319466
clepsydra,0.8840503
profego,0.80859286
interquiesco,0.67605823
strophus,0.8600116
delegatio,0.77339125
hesios,0.8984493
lyrica,0.74470097
aegr,0.7773419
ne+cdum,0.8458425
colluctor,0.87716526
profutuer,0.6606412
marcellinum,0.8272266
peripateticus,0.96702105
academicus,0.96477574
septim,0.60552335
distractio,0.8313894
incubeo,0.6922538
poeninus,0.8502426
hospito,0.8493957
longula,0.7653886
flosculus,0.9491815
invinio,0.8096831
panaetio,0.81407017
adultum,0.8310147
misericordus,0.6102755
nugatorius,0.7544629
aristus,0.8791938
elementarius,0.5686884
lucrifico,0.74253035
breuiarium,0.728318
circulo,0.7073994
strio,0.79872817
saxatilis,0.72037643
quodqui,0.6212007
inanitas,0.87148166
tractatus,0.9503474
suspendeo,0.7554275
laxitas,0.8818831
dementior,0.9232028
contracto,0.73837173
famelicus,0.8884398
quingentesimus,0.9410207
subaudio,0.60173553
uolaticus,0.87065864
adventicium,0.85664546
formonsum,0.7885176
emancipo,0.79853004
collectio,0.78395945
praestigiator,0.90660167
sophisma,0.9393101
interpellaio,0.82380867
altilis,0.9175737
ornor,0.74459606
dominicus,0.74601984
diogenis,0.68049043
expereo,0.77285206
stultis,0.84421825
conclusio,0.9456426
lucilium,0.85723764
muscipulum,0.78971916
lusorius,0.65731645
grammaticum,0.92291534
praescriptio,0.91706514
sotio,0.8581343
suffossio,0.45729107
exhorto,0.75824547
aequanimitas,0.9102714
uit,0.3812008
recorrigo,0.76031744
deversorium,0.81169236
comessatio,0.7470259
irritamentum,0.7327667
eligio,0.8230847
cumbars,0.5393663
invisus,0.9006406
phil,0.51557153
absolute,0.8854942
auditorius,0.8928257
inoffensis,0.84415245
importuosus,0.8941502
corporalis,0.92262375
superfuio,0.8863895
hilaer,0.8016615
circumspicor,0.87938285
uatia,0.80410004
turpissimum,0.8360604
bais,0.6836647
naua,0.46560663
retentus,0.8915392
avoco,0.917177
auocatio,0.66437536
inquilinus,0.9457778
compostas,0.67782724
lascivire,0.759503
recrudesco,0.8359698
ceroma,0.7426094
cryptus,0.8547588
despexeo,0.80536866
affectio,0.93578565
effligo,0.60563797
alburnum,0.48762217
essentia,0.7531244
specialis,0.8378688
generaliter,0.9037505
idea,0.84374905
inuiolabilis,0.91768366
eternus,0.62022877
reformatio,0.7471662
platonicus,0.920101
imbecillis,0.87242043
deductio,0.8580678
noviens,0.9135384
demonstrandus,0.9388757
elatio,0.90207356
translatio,0.95243216
temperantus,0.82299626
infatuo,0.8979008
cm,0.49529162
ingestus,0.8222336
uergilianus,0.8114619
crevo,0.9386764
constio,0.42847395
oblivisco,0.8203245
suaviter,0.9093564
placenta,0.76546687
retractatio,0.8730344
exiio,0.8384335
prudor,0.74119467
annaeus,0.93608034
aquis,0.52854633
diadumenus,0.6947763
discrevo,0.84493375
diviso,0.904597
lucidior,0.9053124
contremesco,0.72290695
claranus,0.7680613
honestamentum,0.6675525
temperatior,0.8047006
inseparabilis,0.8514416
diuine,0.67636263
perpessio,0.86090124
indeclinabilis,0.88212335
inflexibilis,0.8116764
morbidus,0.89874864
perpetiendus,0.6576123
adhic,0.7591555
amplexo,0.8173506
digitulus,0.78301084
tractator,0.7333505
distortus,0.5036009
tolerantia,0.8527007
scitto,0.735163
confertissimus,0.87921923
malacia,0.42922762
causarius,0.62487227
dementus,0.6345165
uilissima,0.8114568
bestiarius,0.8686981
farcio,0.80201805
mundissimus,0.83958787
sequus,0.50571364
litterarius,0.9148237
tutames,0.875128
obstinatus,0.70626175
uticensis,0.8932557
innigo,0.8658465
solidissimus,0.7288207
demoror,0.9079548
profeto,0.5091652
rectior,0.8206518
rectis,0.5922047
siciliensis,0.8580602
irrationalis,0.74818575
stabilitas,0.93136895
cessim,0.57395023
praestrico,0.78265584
incisio,0.79835093
praecipitatio,0.74622214
indiuiduus,0.8623795
imperturbo,0.7125872
praefiscina,0.5813851
evoluo,0.6702166
degravo,0.736156
instruor,0.53589725
conseruatio,0.91701734
caecitas,0.9529486
convenientia,0.87148345
immiseo,0.7178429
inprobabilis,0.7164215
mordeor,0.7250412
putavi,0.9011256
etia,0.89076376
nescioqua,0.7205617
dehortor,0.91930926
alexandrina,0.79686916
summula,0.7984772
inpubus,0.7609844
ostreum,0.78149235
conquestio,0.87022746
intercapedo,0.93447536
temperans,0.87284625
intepesco,0.77267855
posidonius,0.8692913
uomis,0.8069277
iurisconsultus,0.7621568
eloquendus,0.72149473
admiseo,0.9384578
disieco,0.90147114
eruditior,0.7617456
metrodorum,0.7796713
hab,0.8164625
indixo,0.9404902
interpellator,0.4358877
lusorium,0.72802645
ferventus,0.8912924
centunculus,0.78066254
involute,0.5328649
coctor,0.56430745
benignior,0.60546726
manifestior,0.87841374
talio,0.9404937
paradoxum,0.61090285
scirpus,0.90145946
proclivus,0.85539824
compensatio,0.7766372
obrigesco,0.9055011
emunio,0.72123206
subduho,0.82645005
circumdao,0.5551365
conpescio,0.76560986
adiaphoros,0.8903611
indifferens,0.81926084
aspernatio,0.78830504
invado,0.87422955
lacona,0.9244176
conruo,0.7497461
circumscriptio,0.93355113
inpuro,0.8089528
captiosus,0.89826345
interrogatiuncula,0.84443796
ballaena,0.7293842
subula,0.8232168
inefficax,0.9232661
tenerior,0.72893167
dormo,0.79262906
tunicula,0.53037596
misellus,0.9232385
probatio,0.9440916
sanctis,0.7740238
inpos,0.7766058
ebriosus,0.9521432
dilis,0.4964688
mandavo,0.7970852
matuti,0.84161055
syllogismus,0.9310109
uinolentia,0.901734
inportunitas,0.9045633
condituro,0.7541844
conprendeo,0.80483717
fixeo,0.83463067
argumentatio,0.94012433
commissio,0.75214505
organum,0.9466909
traductio,0.85924244
lado,0.87327677
tardissimus,0.91404736
conluctor,0.82693326
immodero,0.6629164
speusippus,0.9393091
scitulus,0.8127634
moderatissimus,0.8438012
adtulo,0.7400471
adpetitio,0.9051236
rectrix,0.668134
inserto,0.81730264
uoluntarium,0.6799955
cisterna,0.9206083
pauimentum,0.95619106
alexandren,0.40328908
crustus,0.69969743
specularis,0.9156931
nundinus,0.94591254
spurcior,0.833197
tegillum,0.64165753
teco,0.5247046
capillamentum,0.763904
culcita,0.8555423
opertorium,0.8263264
elua,0.47226894
cantherium,0.82818854
caballus,0.9526112
algu,0.8320863
aegroueo,0.70687944
lanista,0.88776195
grammatix,0.81547475
chelidus,0.89842755
gubernatio,0.8828752
sacculus,0.89978325
ductito,0.7455473
propositio,0.8829749
inritans,0.65145206
adtrahens,0.7322986
interrogor,0.7989271
orbatio,0.62393445
steresus,0.9062773
flagitiosissimus,0.85607815
modificatio,0.58450305
geometria,0.9644583
ascensio,0.7838688
tabularius,0.57331514
statuarius,0.788854
marmorarius,0.75588304
accommodans,0.8354893
litteratura,0.9126435
moralis,0.9326701
conprendio,0.6430053
aristarche,0.8922013
syllabum,0.91777444
odyssium,0.85571945
protagora,0.901096
eleato,0.90551883
ueneria,0.821594
generibus,0.8713573
causus,0.7191087
aristum,0.7943969
tripertitus,0.9762621
aratio,0.93309087
tumultuo,0.44871157
beneficiarius,0.7427465
beneficentia,0.82603896
adser,0.7301996
fissilis,0.68432516
receptura,0.7628651
lacunarium,0.82702875
malleus,0.8532547
perula,0.82214046
cubito,0.81991005
uirgea,0.478768
tegimentum,0.76069915
minutia,0.71553814
sutrinus,0.8040407
tubus,0.69995236
effeco,0.85758424
genium,0.72408104
inventus,0.8133124
invineo,0.9319173
exercitatior,0.8043426
impellens,0.9016618
celsior,0.84769666
inrational,0.8436135
igniculus,0.90990007
titillatio,0.75655353
dissolsco,0.8063054
adstruo,0.88093185
severis,0.85542315
conputo,0.6861179
removo,0.7300483
fenerans,0.6957986
praeceptiuus,0.7222177
ignavia,0.9004855
adverto,0.80336416
ineptior,0.8102764
phaedo,0.8005663
abrepo,0.65735626
suasio,0.8860689
imprecatio,0.87093425
herculum,0.50922257
adpetitus,0.92673737
minutissimus,0.8926401
pliraeque,0.8186251
contemplatiuus,0.7117073
dogma,0.87849563
placitum,0.48331964
astronomia,0.8429526
actiuus,0.8077005
conditura,0.536832
titubatio,0.7587255
quassatio,0.7758223
tuatim,0.72602665
commenta,0.7846818
boletus,0.913715
praesentaneus,0.82071817
multiformis,0.92412907
remediabilis,0.70590496
peruersitas,0.93070513
effrico,0.32874936
flagitiose,0.8456473
inreo,0.8733965
licitus,0.57953805
esuriens,0.7121947
fornicatio,0.6635562
praecesseo,0.705285
regimen,0.7536656
praeceptio,0.8872915
descriptio,0.92665184
tuberonus,0.7663512
consaeptum,0.69621885
introductio,0.7273167
senatusconsultum,0.9040263
frugalis,0.84211445
catonis,0.8461698
fructifer,0.78719
evenio,0.89750814
successo,0.90442574
inpudicus,0.45664138
diuulsio,0.47854653
eieceo,0.8355446
secreio,0.8964407
inconstantus,0.7639458
gas,0.5775212
gar,0.9373425
hedo,0.8720561
titillo,0.8394475
eiu,0.75137717
strucior,0.41003335
exiliens,0.7809818
eloquentissimus,0.8641771
praeterlabor,0.87730896
senecio,0.8338102
provo,0.68270075
foidio,0.2919742
olidus,0.90635026
imagino,0.54366744
abito,0.565871
ame,0.59202605
aversus,0.916011
extortum,0.8708702
convivo,0.7092079
socratum,0.9166241
loricatus,0.9351243
libeer,0.705836
eblandior,0.8647639
depro,0.49950644
minito,0.67022264
murmuratio,0.867354
conversor,0.7859042
unguentaria,0.7249235
excussio,0.48619473
proximior,0.776932
tirunculum,0.7448123
excolor,0.80884403
inreparabilis,0.7174035
subnoto,0.77658814
ennianus,0.8784548
auditio,0.8929435
obnoxiis,0.84960157
commonstro,0.796677
quaarumdus,0.81441796
tetigo,0.7518543
rationaliter,0.83181834
ordinator,0.76188457
imprecatus,0.7878672
caecido,0.4424873
intendio,0.86218965
adtulera,0.75371575
quaestiuncula,0.9434777
emarcesco,0.8649248
soloecismus,0.9802076
barbarismus,0.9685246
ridicula,0.62711203
sobrium,0.80308205
cinnus,0.69176865
columbo,0.47422284
inremediabilis,0.75667095
inuestio,0.752277
enervo,0.77386755
sallustium,0.75787044
sallustianus,0.87377274
infulcio,0.81273246
inprobi,0.78503036
securer,0.6808718
concinnitas,0.91488963
bratteo,0.7724174
pronuntior,0.91805744
discrucio,0.8656267
panaetius,0.87456477
homuncio,0.8200569
praesumptio,0.9101906
enuntiatiuus,0.7755708
effatum,0.7743486
insecabilis,0.7886127
intercessor,0.9093666
siligineus,0.8442879
analogia,0.94507575
ref,0.5409952
uictricium,0.7082291
proto,0.77283376
induster,0.6053662
maecenas,0.9558726
officiosis,0.6707839
spar,0.63163865
dilucidus,0.91929394
conciliatio,0.80976593
mortifera,0.78107417
faeles,0.7595022
caveo,0.78255653
teneus,0.68868273
inaequabilis,0.8518697
peritia,0.9181292
antipos,0.85528064
discoquo,0.4571343
perverdo,0.60557115
conuiuor,0.8397306
averso,0.59388554
pomare,0.72942615
recitatio,0.9061494
adsector,0.72219133
fabulator,0.8268157
nidamentum,0.56338036
lucifugus,0.9014371
unctor,0.7958815
quippiam,0.92797107
murrinus,0.91438794
gripus,0.78885484
ephemeris,0.83484024
superciliosus,0.7838023
sapo,0.38468957
adridens,0.8792207
sensibilis,0.7513501
intellegibilis,0.87499064
proieceo,0.81540763
oppleo,0.96862465
pisculentus,0.73607147
intnio,0.6002568
lepusculus,0.7925804
aemulator,0.8625415
contradictio,0.907544
lasciveo,0.7333115
conuentio,0.81905514
comminatio,0.87423944
stratonicum,0.6250664
servilianus,0.7773187
postfero,0.6110847
permadesco,0.580467
trino,0.6407384
complano,0.8847796
impos,0.7929813
sobolus,0.8628415
pereundus,0.819368
aeg,0.5245586
blandiloquus,0.8881235
subripo,0.91706526
caerulum,0.5623829
revomo,0.5012597
rengo,0.37649336
scrupeus,0.90189785
pelida,0.78479815
aequaeuus,0.83522135
conquesto,0.7857274
troilis,0.8844492
ioeus,0.5399028
noverca,0.907818
perfida,0.7542009
dissico,0.53528255
decennus,0.8022377
impudenter,0.905257
deseruus,0.5680305
subcumbo,0.84591913
chrysis,0.79545087
plisthenida,0.4883012
myrmidonum,0.8057059
remoneo,0.53396344
arcesilaus,0.83342206
quaterdenus,0.5028882
locer,0.68825865
menestheus,0.5553843
politis,0.71667594
nasto,0.5663323
praeduro,0.7639653
transadigo,0.920318
achiuis,0.9167202
ode,0.5706645
phaestus,0.74819356
astyanactum,0.7665493
thetideius,0.7181951
briseus,0.86839336
caes,0.76037174
dardanidus,0.7639558
pugnantus,0.62796474
sarpedonum,0.42585424
uinitor,0.8414345
uulcania,0.8268014
direpo,0.90961486
defletus,0.66009283
tyrsus,0.5873721
afflico,0.7498973
proreo,0.788865
iliadis,0.5937846
collapdo,0.68705016
fuluum,0.9067931
illuuies,0.8813057
porthmeus,0.7308446
megaera,0.81633896
mauorte,0.726231
inrisus,0.9111321
cumulate,0.8024955
melleus,0.8762541
noueo,0.9322943
praelium,0.7618202
novor,0.6927718
conca,0.81877464
thalius,0.6816641
disseco,0.74531674
defotto,0.8141636
infrenis,0.81984305
succideo,0.80002254
adoleeo,0.7552074
ress,0.75757474
defuns,0.7254095
adsimulatus,0.869346
abiudico,0.81668174
cyperos,0.69880193
telus,0.5097343
stilla,0.92580104
uiminea,0.7956704
hellespontiacis,0.7434949
infelicior,0.71765405
sceleratissimus,0.7726145
inconsideratus,0.9474772
profitor,0.92301905
privignium,0.916762
incallidus,0.8800919
indubitas,0.847294
palmaris,0.79626
plico,0.8102116
admittendus,0.911247
ominosus,0.81864345
ux,0.68550956
obiter,0.4305307
accersiior,0.8090851
nm,0.6671324
nitidior,0.84748274
elaboro,0.9062447
negligentia,0.761767
remunero,0.94946074
exheredatio,0.89532894
decipo,0.6358892
credibiliter,0.87140524
impatientus,0.719972
prodiio,0.4596021
flagranter,0.8585939
inpatientius,0.9005194
ecquo,0.8054141
innocentior,0.64450985
exquino,0.5153071
reatus,0.8979344
uirtutium,0.76639146
uoluntaria,0.6718823
voluntarius,0.8193259
contradico,0.8765631
praescium,0.79170716
adfuo,0.48148268
peractus,0.75533384
obseque,0.6918774
redundatio,0.6811713
loquacissimus,0.72443295
mathematica,0.8015961
cre,0.78933966
edisserto,0.8326764
attulo,0.48560593
parricidalis,0.8669454
monstruosus,0.8898203
iniquos,0.7689232
ummus,0.5328188
inpatientia,0.928053
contentiosus,0.83088374
debuo,0.8821274
paupeer,0.668606
taxatio,0.92597973
lact,0.687695
pasceo,0.59763086
extraneus,0.9494259
ngo,0.378059
prosperitas,0.93807423
muo,0.78461266
colluctatio,0.8567324
ficeo,0.4572599
instringo,0.773178
transtuleo,0.876764
obticesco,0.8733915
redembo,0.8646815
effraco,0.68026197
sustentatio,0.8159257
fleveo,0.74031717
effleo,0.4603784
prospego,0.57526684
emensus,0.87574816
sepelo,0.7009654
dissignator,0.7065246
tuleo,0.8662878
hariola,0.7472588
sepes,0.5462651
adversarius,0.79891187
subterfugio,0.88523924
lator,0.95520276
colludo,0.78161824
excusater,0.75980747
iniurius,0.6693299
indubius,0.836117
seposio,0.84998274
patrs,0.7863156
infelicis,0.82575417
fraternitas,0.843824
porculus,0.86754507
religiosior,0.90242374
substito,0.7653208
concesso,0.9220935
agnitio,0.83641946
indiscreet,0.8896078
peregrino,0.70108145
brever,0.7645539
cautissimus,0.7618672
involveo,0.7094697
adloquia,0.6510083
adloquium,0.91531414
suspo,0.8711002
amissus,0.87422454
conditorium,0.6380788
redempo,0.9592088
confito,0.8656343
lentior,0.8655539
egresdo,0.9057342
nob,0.77835506
conquero,0.75401723
munerarius,0.8399683
offulgeo,0.816345
obtestatio,0.79135233
opm,0.27665728
inlustrus,0.8412626
ador,0.65788203
inrationabilis,0.8333774
affinitas,0.9077608
generosgnus,0.7322512
reservao,0.77748317
satisfactio,0.88089025
uerta,0.6605006
incendiarius,0.83490485
redemo,0.8289594
indubitabilis,0.8778001
cellula,0.893195
praesepultus,0.81153524
incanto,0.86104715
conflictatio,0.84417593
inspersus,0.7829497
quer,0.3699332
dauus,0.6218151
quisve,0.5913084
sanguino,0.82136935
strumentum,0.44243705
formidulosus,0.9470363
repromitto,0.93718255
desereo,0.5074314
detestabilior,0.8831711
praecipitium,0.7356365
gregatim,0.94854784
diffo,0.7940493
habundo,0.84840274
legas,0.5367343
nundinor,0.8104965
tabuio,0.7019932
adferendus,0.7864914
egometipse,0.8478903
onuso,0.69277406
censio,0.7691798
semesus,0.9049774
restitua,0.7454505
iocundus,0.90185463
dupla,0.7104131
triplus,0.8667643
quadruplus,0.93149614
partir,0.7339618
stipulor,0.9081876
novendialis,0.92224276
speraveo,0.88056517
euiscero,0.92902446
multerosque,0.81007075
flosculum,0.81191516
oportunitas,0.9408773
conno,0.7264848
consertum,0.9161854
gravesceo,0.8781949
aluearium,0.71760887
deflo,0.81350476
uernaculum,0.74734575
aucupatio,0.6577022
extergo,0.69074535
dom,0.6408143
textum,0.55
abaco,0.68177104
pi,0.4704638
conpensatio,0.88500476
aufo,0.5586252
fraglans,0.65530455
medella,0.8464774
extincno,0.8505881
uivesco,0.86399996
divina,0.7726191
subducio,0.54567623
quaeue,0.70448107
libror,0.7490319
nocentis,0.6479788
nocentissimus,0.8605186
praeuaricatio,0.80560315
concussio,0.82283974
prouidenter,0.7012596
sorsus,0.7377014
amaro,0.5396177
pigneres,0.52435446
facultatium,0.8598143
defendio,0.8159281
exosculo,0.82269627
ripo,0.40259212
inpatientus,0.5732718
relinqua,0.7769023
rixatus,0.7483578
everdo,0.7471808
profecio,0.8371774
lassesco,0.8233167
deceo,0.7510259
notabiliter,0.8414721
cyrenendo,0.8038992
probavo,0.75123626
absconsum,0.7092701
reconditus,0.664324
convoco,0.86369133
conpono,0.69904524
compereo,0.6204929
optigo,0.63044107
insatiabiliter,0.94883674
recesseo,0.3963921
publicatio,0.8587059
circumpono,0.8789704
absolvito,0.92366004
xix,0.76296604
oportuo,0.81222713
denotatio,0.8169112
interveneo,0.8867173
parcis,0.71154904
praescio,0.71189654
adsertio,0.8849438
novero,0.853651
gnus,0.43235308
labasco,0.44148275
excipeo,0.75061905
oenotrium,0.8799926
uenientum,0.46848336
cladus,0.86015725
belum,0.8279469
massyla,0.9149435
garamanticus,0.8923175
aurifeo,0.84792256
iuror,0.6129095
pyren,0.86049235
europo,0.8587812
feruentus,0.8947792
libyssa,0.73202765
sternax,0.50537777
pandeo,0.7636161
condensus,0.81607825
sagunten,0.7196549
cristata,0.81782746
galerus,0.6979067
karthalum,0.44488487
galaesus,0.8696202
spectatus,0.94287014
tramitto,0.80448556
saguno,0.8765838
nitesco,0.8649043
pyreneo,0.810579
impresdo,0.5568054
saguntus,0.8800179
orans,0.76055884
fatiferus,0.4571436
samnitum,0.8824067
saguo,0.8692695
pactor,0.44016904
cremerus,0.85898346
garamans,0.85188663
autololus,0.80859315
gortynia,0.9489041
puluerea,0.7132964
nomadus,0.7445928
ther,0.55941355
infandum,0.7422617
aero,0.41094357
letiferum,0.41998744
ub,0.75283337
assulto,0.71758556
trepidantum,0.85606337
depropero,0.9096785
minantus,0.41573846
laco,0.80099356
scyllaea,0.63395894
aegatis,0.8905587
gestor,0.6255971
scyllaeum,0.7746679
pauesco,0.91221493
byrgo,0.4517724
operibo,0.7284105
ultricius,0.8658725
ledaea,0.8334503
latrator,0.7710211
condenso,0.9005062
pacator,0.87550867
hiscis,0.8340419
chelydrus,0.8487768
assimulo,0.89614373
supremum,0.43474513
trinummus,0.7502296
conducibilis,0.79901063
saguntinum,0.9047185
bimembres,0.47730714
capitolina,0.6162297
castulum,0.62319964
exhorresco,0.7764489
armaro,0.5349396
rubra,0.5222165
hamilco,0.9301183
exustus,0.82686424
macus,0.48960832
cateius,0.42262933
massyli,0.6661678
gaetulia,0.8174089
autololo,0.8473064
dipsado,0.78659797
uascus,0.5826163
arbacus,0.47329026
uitiferus,0.7224677
persulto,0.9332638
nysaeus,0.8871447
tartessus,0.85314023
celtus,0.7800021
defletum,0.70234424
proseo,0.8382199
celtas,0.8212875
illapsus,0.7690443
druentia,0.6044741
edomio,0.72042817
rubueo,0.8184516
desuesco,0.84645677
thula,0.84403104
praecelleo,0.81458545
batauus,0.85815036
lapso,0.8659874
cornigus,0.5496789
diuulgo,0.92336184
carpathis,0.93584096
sonoro,0.8087243
uincentum,0.7915812
subactaa,0.40053692
crixus,0.80150867
seminecus,0.86923707
circumuolito,0.66845393
tulle,0.6158039
uelinus,0.77686405
annecto,0.7684758
laba,0.5110754
batus,0.56085056
circumtono,0.6991685
plausa,0.8391305
tapeta,0.7355234
ses,0.40908736
metas,0.69952464
fucinus,0.87348807
critia,0.8888366
iaciniscor,0.7621334
phalantus,0.518168
argyripa,0.87704563
garganum,0.7629709
fugientus,0.9222772
cyreno,0.63755393
eridanum,0.8997631
thapse,0.6779716
promus,0.6356002
percio,0.91740483
piniferus,0.6918663
trieteris,0.3225518
tmulus,0.8355474
bellantum,0.8139559
aspersus,0.7816234
nutribo,0.8436466
hortamentum,0.8367436
orfo,0.59619296
terrifix,0.47525
maceo,0.83256686
pilor,0.59796304
lateranus,0.6871638
uelocus,0.41589242
praefrago,0.8116411
nerium,0.3873321
magonis,0.7323234
itala,0.9350009
tethyeo,0.8410034
habio,0.74509275
abundanter,0.8222568
prauis,0.8804796
gementum,0.8055526
sidicinus,0.8068705
uiridissimus,0.75749844
prognascor,0.6783142
assueo,0.885805
interlabeo,0.47049618
uolsca,0.76075286
nasamonus,0.7506438
memorabor,0.9148981
fractaeo,0.44493657
perusina,0.74854887
ingluuiem,0.878075
auens,0.82207286
exsibilo,0.7558966
profecor,0.87499976
semesum,0.7572501
serpentinus,0.42163828
tabificus,0.8058206
consertus,0.7487933
balatis,0.8352685
elissaeio,0.86462486
solame,0.30160588
insciens,0.86549085
dator,0.9178096
sarranus,0.62400067
senonis,0.9170014
protendeo,0.79082274
tuder,0.6371853
indefensus,0.9054385
stagnosus,0.7458165
castigator,0.7704865
euandria,0.537612
ausonidus,0.5657946
uelame,0.77543104
phaethontius,0.9042296
peruulgo,0.96659636
uuifer,0.7705399
effultus,0.71228516
posticulum,0.837814
maniplius,0.81814516
idumaeus,0.71591735
gradio,0.5346782
aequiter,0.74003756
longaeuis,0.78794885
obnico,0.7791784
extimus,0.90286773
thus,0.79467446
naro,0.5441722
sapha,0.5230413
cleado,0.5775799
soracio,0.8461869
carmelus,0.75152135
impaco,0.8420566
anhelum,0.690911
agenoridus,0.8885307
indiuisus,0.7104534
uaniloquus,0.8062141
indipisco,0.7609992
sidonum,0.54750395
prsesso,0.72108644
aegerrimus,0.40637648
lauinia,0.7654029
aegresco,0.8331249
oblatro,0.7674664
allatro,0.61795235
penniger,0.7284799
incelebris,0.7224605
uligo,0.9118059
uanidicus,0.59062374
frusinum,0.6861923
li+rim,0.8040104
amiternus,0.8857113
necno,0.8029076
implumo,0.48832786
asus,0.728602
superauo,0.5705035
tarcho,0.77164876
alsis,0.49334487
cudo,0.8412999
angitia,0.7701837
caietum,0.71559405
hiulcus,0.8875322
inarima,0.8756025
lucanae,0.85824025
leucosia,0.7433956
cremonus,0.8672473
uerona,0.89958227
athesus,0.6953552
uercella,0.7469566
exsomnus,0.5330402
properium,0.8625761
moribus,0.578523
satricus,0.8326775
solymus,0.89639616
gaetula,0.9375499
byzacium,0.92523634
modestis,0.45958653
marmarido,0.41785473
circumuolitare,0.74917203
coepto,0.88053316
flictus,0.7345284
perpluo,0.7927511
retrorsus,0.91336715
pariendus,0.86275214
concretum,0.6295539
contremisco,0.84962255
antisto,0.9355874
luco,0.8110089
uulcanius,0.68130994
maurusius,0.94850886
mincius,0.6267103
opiter,0.66160804
luca,0.8049917
praemando,0.7238121
interstruo,0.68344426
quercor,0.4743997
calpes,0.6961608
obiectao,0.76852953
cernuus,0.8886665
coeptao,0.8589988
conflictus,0.7859699
barcaeus,0.74295795
circumstipo,0.52582943
ianiculum,0.91300917
cloelis,0.9275255
primaeuis,0.89851403
defetior,0.7766211
superaddo,0.86166203
illuxo,0.8733324
grator,0.72795975
atella,0.9023939
apporto,0.9171717
quiro,0.53784347
attactus,0.6383478
temeratus,0.4352615
sidicinum,0.8720263
nasamonae,0.8721086
eheuc,0.8138902
manuue,0.42579314
tuane,0.46128505
exoptabilis,0.75292945
applaudo,0.7666221
mollita,0.7933732
uolentum,0.47517237
mauortius,0.75980586
pieriter,0.76971495
annitor,0.67518157
annectens,0.7040688
illecebra,0.9488876
maesis,0.6106782
assuo,0.87530357
fauentus,0.6414777
discido,0.90197396
mimantus,0.7933705
rebellus,0.82212687
baulus,0.8707752
uolscum,0.6969359
pedianus,0.9171103
apono,0.7273248
messapio,0.7193537
nuceria,0.72584337
mitificus,0.55492973
arpa,0.66461957
amius,0.3025198
tardandus,0.93641496
fluentum,0.9140583
oppetio,0.76153207
pauitantia,0.8156762
quadrupedans,0.94115007
perculdo,0.78337735
patefaco,0.68494314
anteuolo,0.8191617
iaco,0.7899426
infrendo,0.9286561
tetendo,0.43978065
alama,0.6095083
iror,0.43628928
fid,0.5797235
aequaeuo,0.6314242
atlantiaco,0.9081878
calenus,0.8198763
uerreo,0.49739182
ausonidum,0.7063312
gradiuo,0.7101294
acherusius,0.8558928
flexeo,0.74075735
posta,0.7989551
acherum,0.7813347
impollutus,0.9102846
ferentarium,0.6203558
troiugenus,0.8555151
hersilio,0.7585825
tullis,0.8198875
orthus,0.8102834
aequiperabilis,0.7003906
uenerabio,0.68683624
asceo,0.50772184
lipo,0.7421735
obueno,0.7476287
caurus,0.7868856
insontus,0.7427523
fecundo,0.8858321
uincentus,0.6457132
uerecundo,0.7975012
caphareus,0.75039375
malefidus,0.49643043
situla,0.7978138
pantagium,0.5581287
elissaeus,0.85894144
sidonii,0.87029004
undiuagus,0.8373205
sitientus,0.5117166
sufficientia,0.75670505
exspuo,0.87388986
agathocleus,0.7676666
inexhaustus,0.9114124
nim,0.48810732
armisona,0.91264355
sustuleo,0.7645484
extuleo,0.7502829
hyperionia,0.50134087
omus,0.4194258
conuecto,0.78821105
quinctus,0.85599285
sollem,0.8638389
euaso,0.7346076
clausor,0.8099184
uitifer,0.52076405
cassum,0.426134
mosus,0.6641766
tartessiacus,0.38305235
sceptrifer,0.49609488
malor,0.4013347
cyrnus,0.86715865
admordeo,0.68027735
diomedo,0.78634405
uoluissus,0.82724667
spectantus,0.7698809
potator,0.87727046
praegressa,0.43261302
thero,0.77021205
breuium,0.71616423
metaa,0.7442096
asturica,0.7224778
phoenitto,0.8906396
cedentus,0.5346311
rudeno,0.48685658
ticinum,0.84242815
falciger,0.79735637
calenis,0.71410996
sila,0.7886654
caudinus,0.75963223
incoo,0.72967273
eteoclea,0.75907946
perurgueo,0.83439445
parthenopaeus,0.8530082
genitrix,0.87109977
agon,0.8564799
iocastus,0.8818289
thiodamas,0.49116644
crispis,0.73478216
ascitus,0.60847497
acrimonia,0.90651554
parnasa,0.54001725
phileta,0.6094911
uaporifer,0.7408038
transmido,0.6475649
affingo,0.887005
obtunsus,0.8420155
reuortor,0.80804336
permixscor,0.6428341
numquamnis,0.79127383
uictiem,0.71898854
uincta,0.8181728
ulixa,0.8712867
concubinatus,0.7817938
apprensus,0.5676538
uaporiferas,0.8140925
euandrius,0.7650684
bissextus,0.51644546
acclino,0.7515137
tensa,0.7703933
suppingo,0.8029106
quindecimuir,0.84216136
perlongus,0.62862146
dicaearchus,0.9463587
comedeo,0.71988297
amazonis,0.41730765
radico,0.48558652
gerra,0.5539295
falsidicus,0.827621
auertio,0.59358543
properaueo,0.84559536
ordio,0.72376806
lambio,0.9329487
rogalis,0.797822
uxoris,0.87639946
abago,0.728848
inopinum,0.3521761
coptus,0.7477623
abolio,0.6822736
oenomai,0.8734141
miserescis,0.8409983
inlapdo,0.50840366
exanguo,0.761673
danaeia,0.7217404
calcandus,0.82909167
amphiara,0.8582424
dissensus,0.8111199
bimember,0.8415896
multiuagus,0.6807022
lychnus,0.8697051
praeseco,0.6957411
asprus,0.62088215
deculco,0.57044905
latonius,0.6847203
taenara,0.83536685
taenaer,0.7837174
intolero,0.91291374
suamet,0.8013968
sicyonus,0.71003926
excitus,0.63489443
infrenus,0.7709453
aracyntho,0.3628257
excusso,0.507485
uiridus,0.56790257
ingemeo,0.56751764
pertempto,0.9562721
oedipodo,0.69193435
arbusta,0.5058476
prodigialis,0.8920871
deeo,0.35666975
tremefactus,0.5971525
pelethronia,0.875798
proterreo,0.811656
tardatus,0.67552906
manhuue,0.72950935
calabra,0.85249126
frigentum,0.64630026
parceo,0.68315333
cristo,0.86220324
sithonia,0.8592433
deferuo,0.7423041
introgredior,0.8235652
pultus,0.5673912
taenaris,0.48737368
adsocio,0.45395166
supera,0.7407497
amotus,0.512226
albitudo,0.61584395
recuro,0.3473044
gortynium,0.50915474
accinctus,0.82255566
seclusus,0.7967261
lachesi,0.5269957
uacuao,0.48967302
salutantus,0.79973114
drepanus,0.8067821
liuesco,0.8499476
interuio,0.4025052
tercentus,0.87683916
montosus,0.5415348
helus,0.60020214
eriphylaeus,0.83216643
dispareo,0.8758644
phar,0.54373395
inrugo,0.41536033
aza,0.6112689
expugnator,0.85259783
turbatrix,0.7814355
disiecto,0.7967075
cedro,0.72227776
suadus,0.7747594
sangueo,0.9201894
oedipodionida,0.5456364
conuulsa,0.6507605
interfluus,0.5017656
prolico,0.52019167
inclute,0.599273
aequaeuis,0.4505833
trieter,0.79876363
leucada,0.83030117
bistonides,0.8501135
fremor,0.71621275
tapes,0.5613246
lycastis,0.86131763
liquent,0.7298342
claro,0.89635766
inmeritas,0.51548505
aeacidas,0.7467625
toerrigena,0.81054497
adsibilo,0.38573053
archemor,0.71465695
seruatrex,0.47297242
praesudo,0.4634329
iliceus,0.76515377
pelops,0.66236174
libames,0.4161712
emisdo,0.74853015
refuga,0.8154279
acrisus,0.7473695
regentus,0.6957566
insatior,0.9015831
amyclaeo,0.89948815
addugo,0.8128379
internigro,0.4791585
transfumo,0.5011296
exerro,0.37769794
uerberus,0.8286381
aetio,0.74248123
cydona,0.6894578
iamduduam,0.7193525
dyma,0.78575397
indeprensus,0.705121
diffibulat,0.8975881
lacersco,0.6068131
permendo,0.67200816
conlo,0.8419155
procuruo,0.70552576
aliby,0.5872396
inlabo,0.8255751
cyllenis,0.8633847
ruimus,0.73100626
fugia,0.7173639
anhelis,0.8829677
plataeo,0.48385018
praefulguro,0.4580291
hyrcana,0.70423496
frondesco,0.95098656
sybo,0.7648467
diuiduum,0.80631983
pressi,0.48095316
reflo,0.8700962
frondeum,0.4071741
eiecor,0.5761081
profanor,0.849788
commaculo,0.9279767
remulceo,0.57174003
alcumenum,0.7604172
laetificus,0.8578702
euphrano,0.29837608
uolandus,0.7230358
sedentum,0.406574
aona,0.43559468
damasus,0.5659067
plumbeum,0.9180143
acheloius,0.43605107
atys,0.80952054
crocota,0.8160758
mortualis,0.7292998
inludendus,0.707752
menoecea,0.84412265
profanatus,0.5920841
conlectus,0.8885864
transmissus,0.7996367
formidas,0.42810217
populatus,0.67903864
astyaga,0.8091958
fundum,0.7908279
nomius,0.48455942
anthedonius,0.77508867
strymonus,0.33785456
extantus,0.4861293
famulas,0.4933604
exupero,0.90773094
frondea,0.7412009
aduerbero,0.85102624
asseruo,0.74362326
dissice,0.7186791
placatus,0.8404053
obtunsum,0.8072896
hen,0.35852858
proflatus,0.4174837
maco,0.70282227
exsertum,0.74802667
arc,0.34922007
cunco,0.60536015
moderantus,0.52796644
thebs,0.77479976
effloresco,0.79867816
astriger,0.65183353
restruo,0.552924
ardentum,0.6823423
illaudo,0.71103895
rauco,0.7986827
condalis,0.67087895
adsertor,0.93751585
lucro,0.70243704
incepto,0.69522464
inproeb,0.74046695
animans,0.7993563
surrepdo,0.4392379
funesta,0.7503185
agenoreum,0.90027165
effosdo,0.40328497
exsequialis,0.6609509
incepo,0.84612143
marathonides,0.41779807
malesuadus,0.7107662
magnanima,0.5567743
inachidis,0.4175769
busiridus,0.88397247
reuersa,0.5390916
creontus,0.38768485
illumino,0.53065103
creon,0.9220551
augustissimus,0.6139412
aduiuo,0.6452801
fragmus,0.7328898
affatus,0.82261443
urbis,0.903452
oblique,0.9298619
capaneia,0.54580545
refugum,0.822832
coeptus,0.90773475
aeneidum,0.6517299
epigrammo,0.8907141
lucendo,0.5643637
sophos,0.91765416
condecet,0.9155053
thrasea,0.7733477
arria,0.6243371
catenatus,0.5233384
actito,0.8562464
titis,0.8503675
uaticanus,0.88288844
iugularis,0.7953187
aele,0.7774388
caecilianus,0.82745934
vrio,0.7183682
vuus,0.64360017
clinicus,0.74898535
gellium,0.8222407
spurcus,0.9527874
futuo,0.930089
praelego,0.90232795
liuida,0.81790006
salarius,0.8398844
procacitas,0.8033991
bilbilis,0.67611
caium,0.67376137
salo,0.46665126
urbicus,0.92283034
lingonicus,0.7835548
arretinus,0.8627866
crystallinus,0.8916741
fronto,0.8985623
haua,0.42110288
sportula,0.8832871
apollodorus,0.8552078
naeuia,0.6203689
proculum,0.7749007
madido,0.8175423
iustinus,0.5654861
vxor,0.96427536
fututor,0.81004024
cunnus,0.95700896
nouiter,0.57170457
terentianus,0.9010762
cosmus,0.5879696
alcimus,0.77380955
aenigma,0.9357893
basio,0.8751185
scazo,0.687984
amethystinus,0.8417577
galbinus,0.4319164
esuritio,0.83496135
lycor,0.8948015
ualerianus,0.7840935
graculum,0.8642819
luperco,0.8279131
ammianus,0.78809464
uitellianus,0.651932
phillyrido,0.7870437
thermis,0.94573396
coccinus,0.7902273
tonstrix,0.47917214
similo,0.7344743
sumen,0.8538168
imbrix,0.6806804
attagena,0.63578176
mado,0.44788677
ianthinus,0.7509944
philistio,0.6386293
podex,0.91547394
cammarus,0.8544674
subdolum,0.7408994
nates,0.6126268
irrumo,0.9010973
telesen,0.7254238
tritus,0.6321933
culum,0.3744093
mammosa,0.64912033
alpha,0.841555
paenulatus,0.8546738
capillatus,0.8961822
oppignero,0.6976433
rhetora,0.8629267
lalaga,0.77840066
distichon,0.91952604
vtilis,0.84499943
cocta,0.77759606
sotas,0.72993875
iotus,0.75864875
cucullus,0.74933875
fator,0.90706134
balneator,0.75982946
stropha,0.82591796
salarium,0.8584548
philomusa,0.9261036
adludens,0.8220427
argonautar,0.89412045
impudicis,0.81688976
gulosus,0.8174087
posc,0.5013463
phiala,0.6994197
lomentum,0.73953813
bilibris,0.7306136
ferior,0.7890068
carruca,0.8843422
rauennus,0.9223697
faustinus,0.6839568
guttatus,0.38990468
phasianus,0.84115875
lactes,0.68918216
palaestrita,0.7266902
uilico,0.833025
somniculosus,0.8760308
glis,0.9250617
sugo,0.9035448
mitulus,0.9042218
leg,0.75765455
sucinum,0.9372618
terpsichor,0.45232314
pannosus,0.7129571
mutunio,0.78633296
dropax,0.83969927
placentus,0.7171426
allec,0.78146553
petaso,0.7600924
mingo,0.7555981
prasinus,0.8783789
flabellus,0.7710992
sciscitator,0.52345616
concubinus,0.82294244
cosmianus,0.6411189
sabella,0.7333952
silum,0.6500235
castalidus,0.7758159
maronum,0.74841857
textrix,0.61472243
togula,0.7638019
chloeo,0.5924964
persius,0.9467997
melpomene,0.94094205
gratianus,0.56663495
paestanus,0.9130502
cunnilingus,0.66338575
burrus,0.7246546
olympiadae,0.8897857
sabellus,0.7557435
semodus,0.68312275
defruo,0.85810494
encaustus,0.7302602
syrmas,0.75514257
abolla,0.522828
lautis,0.65296894
argiua,0.48903444
serenior,0.7021501
pomifeer,0.4280096
gestator,0.49494398
celeuma,0.4640379
hospitalitas,0.72841835
un,0.59633243
arseo,0.838976
alcestus,0.5520446
deformius,0.8436374
hemitritaeus,0.8670546
uenuleius,0.77301764
erudite,0.8101607
myrtalis,0.7317432
cothurno,0.83260155
taliter,0.6112295
uulcane,0.78639245
menandrum,0.9068843
adamanta,0.7420811
callistro,0.62427485
ligula,0.7904043
uernula,0.54842544
sca,0.64582586
saturnalicius,0.7114436
hermis,0.8081844
ruso,0.44557965
mauricus,0.82341367
flaccilla,0.82929873
trabeo,0.7057721
dentus,0.54778266
perendinus,0.82229364
extemporalis,0.86098135
gannitus,0.77782744
perfectior,0.81500375
syriscus,0.8250979
trebula,0.70028186
theodor,0.63132
botellus,0.57251287
cenula,0.86235535
uolumo,0.7774043
undecies,0.8056185
intelle,0.6182536
oresto,0.7519147
peloris,0.888164
sagatus,0.81906164
laberi,0.6903329
exitiosus,0.9289553
nubs,0.8109659
proculen,0.6805926
otho,0.9323153
catullum,0.87624896
uasus,0.75092125
trieterides,0.8634782
santrus,0.7008853
choraula,0.8545864
glycera,0.8502406
illotus,0.62113786
oppianus,0.5797002
illoo,0.8469939
catianus,0.67043746
exoluo,0.7274075
extirpo,0.91728413
testifico,0.5685867
blatta,0.8845361
stigma,0.9382688
bassa,0.5224648
marcianus,0.79888475
crusmatum,0.66693014
rapacitas,0.8883034
aduentor,0.72154015
buccella,0.7585448
oggo,0.805968
potor,0.87772703
setinus,0.69402486
transtiberen,0.8289924
abortiuus,0.8757423
palmata,0.5583935
utrumna,0.48454756
quindeciens,0.8894807
archetypus,0.47970462
amatrix,0.8072021
symmachus,0.42866683
recutitor,0.48943055
diluculum,0.90369743
stiria,0.83846915
collegaeum,0.56422544
lautum,0.43460792
hyla,0.7937745
urbicis,0.6961853
hiberi,0.8166113
chrestis,0.6741468
caesio,0.60309446
phidiaco,0.40700793
libidino,0.7099115
theophila,0.5792517
publis,0.87743425
esquilius,0.9530738
uerpus,0.73181003
pustulo,0.680692
ichneumo,0.8127143
elegantus,0.82160014
finier,0.8051876
cymbium,0.7513932
lapithus,0.78527975
caryoueo,0.76523995
colocasia,0.84832567
bombyx,0.6961206
sepultium,0.35888568
natalicium,0.4654319
hippolytoo,0.8708978
basium,0.63722354
fau,0.75715613
creuio,0.76413924
uergilis,0.7852842
uergilus,0.51863706
aratiuncula,0.46365207
octio,0.67953646
bombycinus,0.87578297
vter,0.8527627
inscriptus,0.8117726
condus,0.7659824
dindymeno,0.87173194
cunae,0.76973784
cythereus,0.7605891
chimerinus,0.63034534
cinxo,0.7856895
coleus,0.81889534
posso,0.28608507
burdigala,0.8760537
arsacium,0.62396574
pacorus,0.90977854
rhenanus,0.44273227
cybele,0.84039056
decennis,0.5338682
baetus,0.8257627
hylan,0.8942684
opperimino,0.7471142
iugix,0.7447901
litterula,0.78821003
caementum,0.91609037
synna,0.7385999
abortio,0.6575454
santonicus,0.87736756
stupidus,0.9330405
herodes,0.86388445
trulla,0.9349655
tolosa,0.8935368
naenia,0.77096385
consiliarius,0.9140395
circulatrix,0.68485177
coturnix,0.9555172
aetia,0.55416495
uenerum,0.79269516
gai,0.5605458
mensus,0.8343365
rusticulus,0.72033954
plinius,0.9265388
diodor,0.7747208
adiuuans,0.86266434
addixo,0.70025873
muno,0.7617847
condiscipula,0.7818864
ueridico,0.7691918
sporta,0.77395976
nicerotianum,0.8400936
dindyma,0.4708113
philer,0.87214243
pilatus,0.8290428
sigma,0.8804648
structor,0.8599771
frontinus,0.8651625
phrixeum,0.9094044
hygo,0.5965793
baiae,0.89363277
mattea,0.7323592
calculator,0.7629357
celaenaeus,0.87985086
plotia,0.9326046
mitylene,0.80188847
criso,0.76485646
proter,0.33347628
praetorues,0.7983073
latto,0.60575956
clurinus,0.7911074
propudiosus,0.86804706
maeuius,0.4109101
maculosa,0.8899898
simplicius,0.6662291
ebria,0.5926364
cenatorius,0.36057657
pollinctor,0.8388945
caecubus,0.58226395
horridulus,0.31560948
philinus,0.7715748
circeius,0.7692932
talpa,0.9074402
allex,0.7267513
folio,0.62434506
cincinnus,0.8746245
causidica,0.85059637
minutal,0.77337337
gabata,0.7274386
cimex,0.91642565
hyp,0.5020458
motor,0.42888802
aelianus,0.68264943
maeuis,0.78038836
uerpa,0.80413413
maleficio,0.7161621
theca,0.8097811
hygia,0.5608711
iusto,0.6737689
struix,0.8306608
amphitheatralis,0.94025475
caelis,0.6113579
suburanus,0.5419307
canacus,0.8554956
solymis,0.8578439
telesillum,0.7051065
cuculla,0.725047
symplegas,0.49421644
laidus,0.87336624
pyrgus,0.769263
reuideo,0.5729861
ueredus,0.6919342
ilicetum,0.6671388
indecenter,0.86442864
hermogenes,0.9009168
ductilis,0.6366582
anguilla,0.80846906
nausicaa,0.78498995
puleus,0.8545785
ficetum,0.7155822
callistrao,0.81473327
elephantidos,0.8508099
comissatio,0.8232099
crinita,0.7597179
platanona,0.7816773
insulsissimus,0.74664927
nummularius,0.8990507
malleator,0.7386205
alauda,0.78559947
uernulum,0.8364544
enterocelicus,0.77019006
pragmaticus,0.790046
cataplus,0.60677147
quaternus,0.7145978
confuto,0.93498325
alica,0.9184712
neronianum,0.5794256
pessulus,0.8515266
instanter,0.907031
xenium,0.6760688
nitro,0.77179897
rauenna,0.7668343
ientaculum,0.789629
tubur,0.8993268
musteus,0.754035
gnidia,0.71598303
squilla,0.8637318
gobius,0.66835684
oryx,0.7223743
uitifera,0.6337668
mamertinus,0.7459764
tarracus,0.8250725
hereds,0.77057314
expulso,0.571794
uernulus,0.7649317
botulus,0.71702075
crispa,0.87326723
maura,0.91397023
mauolt,0.7729745
foliatus,0.8037349
saantonico,0.5039405
craticula,0.7830279
cilicis,0.9255762
elephas,0.88460314
pauido,0.86508405
bubalus,0.7589035
fuscina,0.91482687
subtraxeo,0.81034297
horatus,0.76269764
aliorsum,0.8455545
emendatus,0.790051
uitor,0.54823786
interceptus,0.7700238
elocutio,0.9429063
apertiter,0.7622057
rhetorix,0.831725
paedagoga,0.81069696
leonides,0.880973
inbesco,0.8570825
permutatio,0.9452698
syllabis,0.7137555
puerperas,0.7919966
syllao,0.93415934
syllo,0.91700464
repetitio,0.9237164
sanctissimum,0.7299633
incomparabilis,0.73473907
optutu,0.8938723
perspexo,0.7458634
peculiariter,0.84119654
celebritas,0.9492034
vivo,0.8422509
didico,0.87442786
adplicitus,0.71971464
proveceo,0.8841603
erecno,0.45820662
scripio,0.83748955
rhythmus,0.95430243
grammatice,0.8128125
consonans,0.9564256
semivocalis,0.8200046
aeolicus,0.8416261
digammo,0.8487094
geminatio,0.9032741
scabillum,0.68988657
pinnus,0.6955883
exculco,0.60028946
loior,0.7667208
inlutus,0.64034027
orthographia,0.95108104
theodecs,0.85726273
pronome,0.9125931
participium,0.94383717
aduia,0.80497086
subiecio,0.71786577
eheum,0.7140808
neutralis,0.82547474
glycerium,0.92793936
ablatiuus,0.9369929
datiuus,0.8808321
aduerbium,0.91255224
horatis,0.82612634
tralo,0.89543897
euphonia,0.7670099
barbarismum,0.8101783
soloecisma,0.90905344
transmutatio,0.716895
impolitus,0.9109713
tris,0.4374842
saoloecismum,0.91261625
complexio,0.8955857
adspiratio,0.90716213
aedus,0.64413667
prosoidius,0.9257874
accentus,0.9183508
disyllao,0.40771228
iotacismus,0.8843807
labdacismus,0.92962956
uolu,0.85223687
quadripertitus,0.933321
barbarisma,0.89223474
etiamnis,0.8657013
pleonasmus,0.7624583
hyperbato,0.91415787
dualis,0.67576844
superlatio,0.7440358
possessiuus,0.64959484
quantitas,0.90136325
soloecism,0.84895533
inproprius,0.8559829
soloecismi,0.83308923
pronomen,0.896637
interiectio,0.9369056
pollium,0.88018847
livium,0.7794481
petorritus,0.81585205
gurdus,0.87412447
inperterreo,0.69642645
maleuolus,0.8611795
copulatio,0.85720307
ophthalmus,0.67643666
etymologia,0.92061
proportio,0.8153018
funiculus,0.8941494
feruio,0.82105935
feruus,0.5557124
epicoenus,0.5533228
aprum,0.7436428
nominatiuus,0.8825309
faciliter,0.6865764
locutio,0.92541456
frivolus,0.8252169
iactantia,0.95080465
licentiosus,0.7762667
pluraliter,0.95231223
pluralis,0.8843473
inuenustus,0.90878385
etymologius,0.68284553
triquetrus,0.7753626
beneventus,0.79412234
multipliciter,0.7193382
porrecio,0.7844836
foedissimus,0.95259315
gavius,0.8727231
exanclo,0.8512547
perspicuitas,0.8755228
defesdo,0.76689947
porrecta,0.7444221
singulariter,0.7684012
dicus,0.65795517
facia,0.7102524
messalum,0.74594367
uortex,0.715042
enoto,0.7834703
gaia,0.8505009
optinuo,0.84091026
significanter,0.9055765
licenter,0.9196197
comma,0.85977006
oeconomia,0.79044497
metaplasmus,0.89944875
tropus,0.9601308
lexis,0.81235754
dianoeo,0.84146166
aucio,0.7942419
methodicus,0.73383015
uniuersalis,0.8075125
encyclius,0.61904204
ambiguito,0.5646415
antidotus,0.8489331
iopa,0.87691903
dubitavo,0.92661667
archytas,0.6577541
sopher,0.54766893
contuleo,0.75259084
psaltes,0.5783748
spondium,0.9396857
ineruditus,0.9459396
musus,0.5783422
rhetorica,0.9168347
enthymema,0.92649233
rhetoricus,0.90857303
apodixis,0.5107063
octogeni,0.8597095
obscuratio,0.8292198
nicius,0.83457136
archimedes,0.9171723
hebetior,0.549135
palaestrica,0.8666165
citharoedo,0.79238683
geometer,0.8728775
aluear,0.7959821
nouicius,0.9482982
pronuntiandus,0.8753075
saltator,0.9061125
pythagoreor,0.85964185
perdidicio,0.8241427
deliberatiuus,0.8840782
suasorius,0.8382051
thesis,0.8489495
uituperatio,0.932184
transeundus,0.8275528
cacozelia,0.9365909
inpendio,0.6655736
abundantior,0.7540655
exsculpo,0.7721641
patrocino,0.48481262
rusticanus,0.94014525
quoq,0.66246825
contulo,0.8082983
lascivius,0.8715738
scripso,0.6328988
composeo,0.8280122
luctator,0.80365473
ephorus,0.92805576
pancratiastes,0.84839463
phonascus,0.7428305
emendor,0.8897778
perplexe,0.7069629
panegyricus,0.8161393
demonstratiuus,0.8940438
auditorium,0.8640654
inveno,0.8852863
pliraque,0.6629832
plebisve,0.8384632
immolatio,0.8649091
perpetualis,0.62499005
plautum,0.76283175
persuado,0.8274123
dynamum,0.6297716
propitiabilis,0.8252135
inveniendo,0.52597636
persuasibilis,0.64639723
hermagorus,0.63586557
thehodorus,0.6724864
enuntiatrix,0.77662945
critolaus,0.9539728
tribo,0.6506615
conticesco,0.9601832
mellontus,0.92946684
phaeder,0.92942536
haen,0.30133128
tisia,0.87238634
medulum,0.5700736
mut,0.7239548
busirim,0.815749
clytaemestrus,0.83020943
diffiteor,0.80436444
confirmatio,0.91937137
demado,0.8101871
dialectix,0.64582926
perceptio,0.9078857
seiunctus,0.9342727
astrologia,0.89017797
tantillum,0.7301855
statuarium,0.67919725
excusor,0.7716412
ostiensis,0.79787415
diversissimus,0.7151764
corax,0.8986414
prodicus,0.8573353
abderito,0.9050359
evathlus,0.8466652
byzanter,0.5658986
platus,0.71796405
oratorium,0.8362558
pergamenus,0.92540085
apollodor,0.8892226
matis,0.8008371
abusio,0.8920435
laudatiua,0.7622728
anaxime,0.86245704
sophistes,0.9166991
sermocinatrix,0.7965405
rutundum,0.79614085
legalis,0.9236903
hypotheseus,0.37308758
coniecturum,0.9451757
topicus,0.9067687
controuersus,0.8841467
clazomenium,0.8147241
depulsio,0.8564366
exspolio,0.66600907
chronus,0.72759306
directio,0.6129823
iuridicialis,0.91546994
infitiatio,0.9385216
pamphilus,0.93298745
pra,0.8004947
quantumuus,0.8309484
antinomia,0.78624463
comparatiuus,0.92061263
genesus,0.7597142
tamquus,0.60652447
subditus,0.68594086
symbebekoss,0.9042064
negotialis,0.90105516
interp,0.66612375
significans,0.6300522
iudicatio,0.90344906
impediueo,0.82745683
intuendus,0.8639569
nothus,0.8985373
intestas,0.90744853
chaus,0.7685244
iudaicus,0.93466496
desicco,0.75222564
philippicus,0.71850395
suadio,0.65591073
possibilis,0.44745862
hemerus,0.767455
scelestissimus,0.6248336
commixo,0.7222514
malui,0.92488927
egressio,0.75192535
usitatior,0.8821634
topica,0.6810417
trebatio,0.45070162
intueo,0.5075424
menandr,0.80707437
benivolus,0.8990432
plerus,0.51995826
epilogus,0.90745664
iunianus,0.7910209
diffidenter,0.63030523
attentus,0.60028636
inminuo,0.84908986
ironia,0.91080064
insinuatio,0.89068764
attentum,0.7607
clsuentio,0.9092826
ovide,0.5699888
transcurra,0.8528023
chrysogo,0.80607474
intesto,0.9377333
cluenter,0.7292836
digressio,0.7660605
adhibio,0.87852955
zelotypus,0.9459334
solvimus,0.7197014
tautologia,0.85542655
interfatio,0.7088189
commonitio,0.74269694
repugnantia,0.8675934
aditio,0.686603
depra,0.55898166
utrumcus,0.8637404
adfirmandus,0.7499704
declamatorius,0.80118954
plausibilis,0.72086054
maledicte,0.63855636
amplificatio,0.84840626
minutio,0.77561694
aeschinum,0.43992373
admo,0.5673636
filiolus,0.7813262
quibs,0.7452625
lucidissimus,0.6607431
iudicati,0.88308823
sento,0.66522384
tarentina,0.75605583
suspectior,0.84835243
interlocutio,0.8538088
perpus,0.6445612
testatio,0.90218925
amasius,0.84555686
clauentio,0.8609079
amoenior,0.7658342
cumprim,0.6619113
insolubilis,0.80607367
factumveum,0.881656
vulnero,0.8871571
semeius,0.6591648
adiunctus,0.8558318
ariopagita,0.8397095
adultera,0.7826084
commentatio,0.89330816
adgressio,0.81618106
epichierior,0.91203594
syllogisticus,0.78880095
numerose,0.7915791
impossibilis,0.85465634
commotio,0.8692259
adeptio,0.84002614
euitatio,0.7273309
liberatio,0.80743235
convinco,0.7885494
undeuicesimus,0.9206792
aeta,0.555956
inuocatio,0.86742294
atrocus,0.891415
frigide,0.4853495
infitio,0.7868942
glyco,0.86527777
corpulentus,0.84353775
baiularus,0.73968863
passienus,0.564217
commovo,0.81712985
pathus,0.820795
ethus,0.75290006
temporalis,0.6807941
pauxillum,0.90750825
invidus,0.7968684
phantasia,0.939428
uisio,0.8568492
inlustratio,0.5572471
depravo,0.7795942
iracunde,0.89229375
sequius,0.90296173
exculo,0.83139396
horatianus,0.81597066
obscenitas,0.94516486
heluius,0.5860748
festivissimus,0.7014795
iaculatio,0.70970535
apologus,0.81054044
amphibolis,0.89738977
exiguitas,0.9278658
turis,0.6959194
satago,0.8464097
parabola,0.5349942
myrmillo,0.786808
hyperbole,0.8676057
ambitiose,0.83194304
progigno,0.821088
metaphora,0.86576384
allegoria,0.9462763
tititer,0.6767403
orchestra,0.79634696
redarguo,0.94033396
uibium,0.88910973
mordacius,0.86557734
uenustissimus,0.8736182
rectene,0.8155869
hippocentaurum,0.7315482
primipilaris,0.82194704
hypo,0.669951
aliqu,0.80126876
composueo,0.78016603
candelabrum,0.89933676
legatarium,0.7775764
praedurus,0.859791
arripo,0.9027494
adprehendens,0.85383964
futus,0.45468536
detraxo,0.73372513
discretio,0.6144619
ctesiphont,0.8943606
proma,0.7279837
coniungendus,0.7267596
agnovi,0.7927731
educator,0.91404057
restitutur,0.8735182
transaco,0.72285986
peregrinitas,0.8312032
adpro,0.8542228
adfeo,0.84318113
collectiuus,0.74762374
sublatio,0.72463197
ratiocinor,0.91097015
restitutor,0.82425755
atomus,0.91992307
commiseo,0.6859379
sosipater,0.66359377
factitulum,0.8080765
extrarius,0.7786146
declinor,0.8959422
encenium,0.6809004
securius,0.8516741
enuntiatio,0.9210905
amatoris,0.80784416
surripo,0.8022157
provido,0.85586786
clarigatio,0.64390624
comprehensio,0.89805853
arcesseo,0.7294165
kat,0.7562867
centumvir,0.7913029
invor,0.73820996
dixe,0.8222674
quinquennalis,0.9435944
commiso,0.7773982
optavo,0.876417
libers,0.9292064
vomer,0.75268686
leons,0.73245394
quamv,0.6820601
subiunctus,0.86298424
demeo,0.8889233
lacheo,0.76661587
respiratio,0.8969942
productio,0.88263786
correptio,0.7656559
antinomius,0.7982484
enito,0.6923425
asianus,0.8982847
uirtut,0.6091848
translucidus,0.6843287
calumnio,0.8728425
hiberica,0.52843523
soleus,0.7516466
eloco,0.53930724
atabulus,0.8455756
homonyma,0.86411405
confesdo,0.6021265
aemulo,0.6273228
colubrinus,0.7261036
indistinctus,0.8540808
intuendum,0.7533943
perihodus,0.8290458
redhibitio,0.9049961
epithetonm,0.8108778
pusio,0.90263975
erucius,0.8272399
elimino,0.84372365
expectoro,0.53503585
beatitas,0.64845675
beatitudo,0.7658886
fimbrio,0.791307
figulo,0.4997812
ovidium,0.83487654
periphrasis,0.8816941
pleonasmo,0.892309
operositas,0.8555164
languidulus,0.8654245
praeclare,0.89599323
parabolus,0.81549215
redditio,0.86117667
georgicus,0.9628944
auloedus,0.81346345
inadfecto,0.8680157
symposium,0.91082513
conixo,0.48766774
demoleus,0.6505689
enthymemo,0.9132499
catholicus,0.6453666
inpunitas,0.7653606
dormientum,0.7610506
insigniter,0.88773143
adloquens,0.88549036
periclitatum,0.67406005
decimo,0.82881
apocarteresus,0.79568547
conspergo,0.9264703
synecdoche,0.89202684
metonymia,0.84481996
aegialeus,0.6833493
antonomasia,0.9480221
onomatopoeia,0.8965657
catachredo,0.88919723
abusiuus,0.8540965
catachresi,0.75315094
innisi,0.50119954
uerumtameo,0.8932687
inlusio,0.7340045
antiphrasis,0.89755285
circumlocutio,0.79696614
perissologium,0.87077665
hyperbo,0.8402302
transgressio,0.834386
anastrophe,0.8061271
reuersio,0.8893279
audacior,0.837137
pinda,0.8956382
hymnus,0.7518772
coos,0.7534636
ornandus,0.8035759
reapse,0.92513734
cursito,0.71498626
obseruabilis,0.6911349
promero,0.82620955
commoratio,0.7503483
subiectio,0.88176817
traiectio,0.7241256
communicatio,0.8372753
concursio,0.9442866
adiunctio,0.8587208
progressio,0.8510984
conformatio,0.8319154
impulsio,0.81551707
indifferenter,0.9261869
falculus,0.72020864
inofficiosus,0.87869704
cantandus,0.8923714
suggestio,0.803921
prohibitio,0.6801567
permissio,0.8694608
sermocinatio,0.9401058
audac,0.63374174
liburnius,0.47856218
auersio,0.7766408
eleuatio,0.6911161
concessio,0.9171245
reticentia,0.79917073
interruptio,0.77793515
reu,0.5341459
aurifex,0.8649358
polyclitum,0.7573608
uelu,0.75926626
fideicommissus,0.87530357
abolitio,0.92915785
sententiola,0.8135046
adsevero,0.87404215
anankaius,0.8486929
effugo,0.61535007
obuias,0.4400041
pugnacis,0.7979577
excitate,0.49142566
enimvero,0.6689222
avena,0.7285647
interpositio,0.90753114
parenthesus,0.88278615
reddido,0.42116416
mettus,0.84137005
spurium,0.7032896
elevo,0.7660732
acerbis,0.6445409
nihilne,0.78794664
regressio,0.5974535
polyptoueo,0.8821667
interceptio,0.6318654
uiv,0.5836783
diiunctio,0.8388331
asyndesco,0.90712833
polysyndeo,0.47846782
cressus,0.49599832
advia,0.77674174
ge,0.3730817
paronomasia,0.9337896
contraposiueo,0.8666264
conservator,0.8330283
transcurrero,0.67764664
occultatio,0.860011
galliambo,0.72533655
uenalicius,0.81978446
lysius,0.8931232
thucydides,0.83878493
contrapono,0.6110648
dialectos,0.82193476
periodus,0.56634986
enormitas,0.37275368
fra,0.6874226
circumiacens,0.8976371
modulo,0.5977284
perhorresco,0.9499994
isocratus,0.73830706
subsulto,0.61392236
dactylicus,0.95051336
metricus,0.8706638
dactylus,0.9801488
rhythmi,0.86534244
percussio,0.8990397
demosthenus,0.75968724
tous,0.913831
theous,0.8788744
balleum,0.8441865
tyndarida,0.87762207
crepitaculum,0.8367499
trimeter,0.8038318
octono,0.6055161
ediior,0.86776453
trimetrum,0.8943695
trimetro,0.7920291
penthemimer,0.8889215
hyper,0.804508
hemisyo,0.81333864
pyrrhichium,0.81445545
pariambus,0.54316527
trochaeus,0.972832
amphimacer,0.7714858
palimbacchius,0.9051967
gris,0.50065523
uerene,0.44471538
dochmus,0.86315715
tribrachysicus,0.8928964
pentameter,0.88855916
bacchius,0.8148771
spondius,0.68094087
pyrrhichus,0.876978
synaliphes,0.86446655
nequum,0.5213545
pugnaciter,0.66026413
caesis,0.8144927
graciliter,0.75816834
trochaicum,0.8895095
uersifico,0.77591854
circulatorius,0.63727736
mansus,0.4557005
aeschinus,0.9485641
ic,0.5888095
theocritus,0.88853216
facundissimus,0.79620445
cratinus,0.7555255
praelaior,0.81242
xenopho,0.97640026
hyperis,0.8982857
omnus,0.49821115
uersificator,0.7357921
rabirus,0.8446415
tersus,0.45575207
pacuvium,0.73476255
ovo,0.76017886
nonianus,0.77138996
insectator,0.89797074
probandus,0.62877154
effector,0.8798119
feco,0.84713125
lucubratio,0.886092
vacuus,0.87417835
deiciendus,0.47914207
xenophontis,0.8939899
destructio,0.758223
uentilatus,0.6559493
lucratiuus,0.75781465
digestus,0.7122982
iudicavo,0.7787174
scurrilitas,0.912345
diomidus,0.6294009
enthymematum,0.90186554
oppus,0.5316789
indulso,0.46060812
allobroga,0.5437516
inmoror,0.6689593
abnegatus,0.63100266
advicio,0.4057475
glauco,0.5959305
euphorium,0.8217801
prouocator,0.7424507
comprae,0.55802727
revolvo,0.6610997
optudo,0.6414901
vigilo,0.4165197
pellicio,0.89297086
trochleum,0.85275984
commiseror,0.7210539
lascibi,0.5550324
suffusus,0.57396364
fraudulentum,0.8509381
advior,0.82400715
obsecundo,0.875318
instantus,0.6795532
compliciti,0.8121593
displicuo,0.7583554
circumversio,0.46878758
flexio,0.8237866
complodo,0.5152273
uacillatio,0.71496856
reiego,0.77105474
inepte,0.7226564
rutundus,0.79805017
nigidius,0.5811331
plinus,0.8572543
sicuti,0.7846532
lacunari,0.77109706
h,0.8169614
laodiceus,0.8532567
salaminum,0.80182123
pauperculus,0.93867147
agilo,0.63311225
uultuosus,0.57275355
gesticulatio,0.8786714
intellegentia,0.9556372
praeuaricator,0.8543824
cohortandus,0.8775943
perficiendus,0.8116417
null,0.71237826
rectissimus,0.8884467
mucus,0.63198936
subieceo,0.84477097
reliqueo,0.8925907
pupillar,0.7901926
iactanter,0.8059552
perverto,0.73223525
agnitor,0.60765064
petula,0.8291385
interiectus,0.87055874
parrhasium,0.8732722
protoge,0.54591095
addido,0.8559695
exsuco,0.40434998
vanus,0.82896173
ny,0.5644863
plurimi,0.8022977
contnio,0.73679173
insus,0.71598554
hadrum,0.5188485
antherus,0.86012405
pericl,0.6620474
exquisititer,0.85807073
qualecus,0.8359107
praemo,0.647509
utrix,0.50824606
obtrudo,0.70479447
conscripseo,0.78222156
enio,0.51946586
matho,0.58755994
gillus,0.6988105
diomedeo,0.7288836
moechi,0.75149727
lacunar,0.40054283
quadriuium,0.84476703
caulus,0.837236
dissignato,0.83615065
galeas,0.5317116
framea,0.90197307
scriblita,0.7017577
mamilla,0.86050797
gnarur,0.76768565
teresia,0.5911636
loripes,0.8622851
tedium,0.6182015
multicia,0.82272655
procula,0.6196637
reticulum,0.8793718
scutulatus,0.6040644
podium,0.49728447
cocyo,0.7739467
cophinus,0.8562128
praesente,0.5535343
opacis,0.7200048
osor,0.77461004
isacus,0.73412925
graeculus,0.9231839
detere,0.34403577
uesteo,0.7258742
sarcinula,0.79679203
exodium,0.8212893
urceolus,0.8830009
opicio,0.3726161
asturicus,0.54138446
uitula,0.93077207
liburna,0.4794379
assor,0.72365063
gutus,0.66154826
caenosus,0.54246294
efflictim,0.9200964
gallinarius,0.8641307
induperator,0.89788157
silurus,0.83215606
inquisitor,0.8517492
patinus,0.91320777
tyrannum,0.804014
rubrius,0.8659956
uesperus,0.92551965
iamnis,0.76445824
uelarium,0.5606543
dirumpo,0.8537767
edor,0.93211544
trebius,0.74855787
ligulus,0.62186384
perego,0.7679426
corybantus,0.43238524
quassao,0.80893505
squillum,0.807881
captator,0.7081376
contenio,0.7252877
tragoedo,0.87631017
conopeum,0.764233
conuomo,0.8130828
attro,0.84091353
canusinus,0.7678384
carpophorus,0.76563185
dacicus,0.50889176
cyclades,0.7760383
zelotypa,0.41801164
laomedontiades,0.8899597
psaltria,0.910192
simpuuium,0.91066176
magistrus,0.5054801
reticulatus,0.8424413
triphallum,0.75849116
heliodorus,0.8542938
tragoedum,0.8524864
exorto,0.5088792
antiquarius,0.9053891
opicus,0.77113533
aegyptum,0.7404492
commagenus,0.8046409
uigo,0.75692123
agrippina,0.8828379
adipatum,0.7758515
papo,0.65862876
quintilla,0.64260197
russatus,0.4059623
pelamys,0.7302463
deuectus,0.6727086
uettus,0.8181634
stipulo,0.79284537
sophista,0.8205534
uentidus,0.69313824
catinensis,0.50123614
osio,0.7691635
nanus,0.83269733
priuus,0.77499235
sufflamo,0.9114294
lanatus,0.90427566
troiugena,0.76982594
secutor,0.8488335
ruminor,0.68858594
fodo,0.846817
collusor,0.702277
pathicus,0.9050281
pigner,0.8098134
pallidulus,0.80790555
umbrifeer,0.575117
ramix,0.6898389
uerginia,0.7794396
rutila,0.79611737
candidulus,0.3751344
tranquillaus,0.7094384
miscellaneus,0.4270829
suburus,0.69893175
haedulus,0.5509022
holusculum,0.8377737
mansuesceo,0.70930094
farro,0.6157908
liuidulus,0.69029653
tessella,0.78292227
pygargus,0.72866875
tirunculus,0.79301786
iliadus,0.73484135
megalesiacus,0.8525296
clitumnis,0.7467289
escarius,0.775472
hecatombe,0.87482774
semodium,0.7916998
relicno,0.67941916
iudaicum,0.8569088
genesis,0.71682334
saccum,0.70447373
praediuo,0.74229884
uolusus,0.63600767
caepe,0.89686036
phaeaca,0.64777654
syrmo,0.79216456
uasco,0.71817374
britto,0.6849213
leguma,0.8047348
iupiter,0.74240905
conditus,0.62954575
lacrymi,0.7036345
acceptior,0.8176701
aphrodisia,0.87300485
solemnis,0.8032982
ditio,0.8257498
imperaio,0.41225868
emendator,0.88449025
poeniteo,0.8233683
adoptas,0.7160239
lacryma,0.77562416
induciae,0.83887386
conteco,0.857257
danubus,0.7962091
cominus,0.8334709
ballistarius,0.7551183
disiunctissimus,0.90405226
praetixio,0.64592123
praedicandus,0.8748612
interfudo,0.46682036
defo,0.6145913
abactus,0.6185728
adaucto,0.9081172
donatiuum,0.95519674
edocio,0.5195192
educandus,0.83624136
profudio,0.67674845
moestus,0.8608871
affluentia,0.7549302
lat,0.53881884
nequidquam,0.75392073
indictio,0.7228308
feracissimus,0.29674864
conferendus,0.9016975
humens,0.7697611
ubero,0.5882143
foenus,0.6263938
satisfactum,0.7855311
congesio,0.8104424
cotscun,0.5998113
reiico,0.32331038
gentilitas,0.90518826
coheres,0.9157991
intuio,0.6768878
quadruplius,0.8447354
mulcto,0.35975444
solicitudo,0.6874228
collatio,0.90144175
fiscis,0.83080506
quotusquisque,0.9007093
coqua,0.6730529
onerosum,0.9101031
quicun,0.88129675
admissio,0.85944045
immanissimus,0.8986142
bellua,0.79614013
xlix,0.896076
uegeo,0.82273555
septus,0.7918343
dedignero,0.45868987
transvectio,0.77794594
radiatus,0.8233701
deverto,0.8872013
diffuse,0.78836
praemono,0.8333186
seculus,0.73822427
negligo,0.7979004
prolixe,0.9035698
sexies,0.886686
papyrius,0.75662434
procerior,0.6578669
danubium,0.63372016
invigilo,0.8438519
fucatus,0.42220134
annoto,0.8270762
uersarier,0.82290447
sessibulum,0.4847299
reverentus,0.6617261
negligens,0.7560308
propudium,0.74831134
fundito,0.5033785
resultao,0.75359005
humesco,0.62754476
sedentarius,0.78772956
praecursor,0.80826837
renuntiatio,0.84130335
civilis,0.92522657
occuro,0.7151639
auocamentum,0.57534707
dissolutus,0.81595635
uendico,0.61738014
assentatio,0.7791452
tertullus,0.8380232
seipse,0.545245
diminuo,0.85712534
coherco,0.55267596
cohercendus,0.8010934
laterculus,0.89991736
tyrrenus,0.80501276
uniuersaliter,0.53322196
oleagineus,0.8594448
iuniperus,0.80002934
finalis,0.87982523
gamma,0.83861935
testeus,0.8263814
acervatim,0.93127245
cypressus,0.8151517
spissior,0.8417358
substitus,0.44904405
siluosus,0.73515135
congestio,0.90508187
ribi,0.8503973
metatio,0.8112731
limitatio,0.59523904
typus,0.76913667
sanctuarium,0.797771
cordolium,0.6014568
acceptio,0.8697667
suscriptio,0.7690429
uill,0.7109052
sumpo,0.83966386
miscellus,0.8129603
quasve,0.8134639
syllanus,0.7794268
dacia,0.92317307
inlaturus,0.7525501
decempeda,0.9007932
miliaris,0.86207676
palmus,0.86004436
amfor,0.8441049
miliare,0.851948
grecai,0.8141793
stereo,0.83888817
summitas,0.8455177
geometricus,0.95162016
suauium,0.8428388
cohibitio,0.4173112
semicirculus,0.7669816
diastema,0.77488995
conexio,0.82802033
circularis,0.75662994
termen,0.72295475
pluriumve,0.6898978
circinus,0.8611456
adiectus,0.76884747
pedt,0.625548
kidie,0.5390281
ka,0.9115908
k.us,0.8358945
k.or,0.7457893
uenditum,0.845369
caesura,0.7992401
interpreto,0.6785675
utputa,0.8437902
uexillarius,0.80990165
quingenaria,0.90610677
praetoria,0.8214378
primipilar,0.9151015
praetorianus,0.93647873
officialis,0.7541506
cognominor,0.8814453
expedito,0.6179691
praetentura,0.7653995
lxiiii,0.77466977
decimana,0.72341627
bucinum,0.3851434
ueredarius,0.6752402
stricte,0.8201705
cccc,0.74894315
methodus,0.6571764
teneritas,0.85677123
solummodo,0.5966351
petrosus,0.71204424
propugnatio,0.6647491
detcio,0.60550106
nouercae,0.6166297
rectura,0.7899532
designatio,0.66884106
dipundium,0.65643024
congressio,0.879793
connexio,0.78167737
demetior,0.64206016
hemitonium,0.8113897
obumbratio,0.7089933
inhabito,0.77138156
accepta,0.6312864
indultum,0.8472645
conterno,0.5494863
terentinus,0.7511954
descripo,0.6256743
determinatio,0.8278089
subscripo,0.86841804
colonicus,0.6107404
pascui,0.75812316
interstitio,0.74898314
colliculum,0.8350056
agrimensor,0.87790203
lineo,0.7229054
subtus,0.8562044
plagatus,0.5957422
porrengo,0.8264732
angularis,0.7773832
uitus,0.4601587
inscripo,0.80149627
adscriptio,0.78697366
conpascuus,0.6173632
locatim,0.6127323
cancello,0.7575933
praetermitta,0.8310865
spania,0.8588704
ptolomeus,0.87224764
aethiopss,0.82932353
incredibiliter,0.74471384
collectus,0.5522787
ferro,0.8063178
peraequatio,0.8523179
sanatio,0.7956
adoptivus,0.8125418
restito,0.75901365
integre,0.9211593
insimulatio,0.7654108
negligenter,0.7781361
propitium,0.84845746
correo,0.6401888
subremigo,0.4658971
flagitator,0.8907031
comperco,0.39621753
interfego,0.6664032
gentilicius,0.8540267
superduco,0.82162344
naucras,0.6687028
fescennina,0.87250996
cecino,0.7224978
cessio,0.87979186
humanior,0.84363425
proso,0.5740701
lauernus,0.77632326
cardineus,0.8994504
aborigineus,0.8879523
animula,0.7093328
suscenso,0.89078236
lampadium,0.6967774
grammatica,0.575407
grammaticor,0.4978121
manumissus,0.8107649
pescennius,0.8530647
iaccus,0.5584901
littero,0.5289804
scienter,0.8936664
litterator,0.87431026
problema,0.7432137
allocutio,0.8550209
satyra,0.49682802
opilius,0.88220394
smyrnus,0.8201382
pinax,0.6693439
nutritor,0.8178594
nonnido,0.61406124
epicurea,0.7448993
corniculum,0.8489112
centesimum,0.82437307
affectatio,0.8376217
herma,0.86827093
sallustio,0.8557415
uerrius,0.83435684
alexandrius,0.9207639
secius,0.85343397
textrinus,0.8969514
herilis,0.78949827
promercalis,0.7388202
obprobrium,0.88418436
sectator,0.91839814
eado,0.6312224
plotus,0.7869583
atqne,0.6102401
el,0.5921514
concionor,0.5853142
conducticius,0.6895358
uulcatius,0.7633386
malevolus,0.440322
admoniio,0.8961874
dimidio,0.9325282
coëmendus,0.8319601
vagi,0.9999999
prosperior,0.86697733
genitura,0.8713072
depango,0.84613264
evaleo,0.94705284
feo,0.9999998
cebes,0.99951494
alexim,0.99725866
hierium,0.89567757
asconius,0.9155483
maecenatianus,0.8857162
melidior,0.9114733
catalepio,0.90088063
alfenus,0.9321686
aeneidi,0.99987876
aeneido,0.9491018
hypocrisis,0.8530822
aeneides,0.9931848
kolus,0.8823601
eros,0.8887589
misen,0.89712346
octobr,0.8489758
puteolanus,0.85391825
hemistichium,0.9999998
numitorius,0.8464311
antibucolica,0.99681455
insulse,0.87793124
parodeso,0.99388486
uipsanius,0.9348798
herenniter,0.9478691
perelle,1.0000001
asconis,0.9927921
dileco,0.8065254
occupatus,0.6494483
horatium,0.8648802
septimi,0.79304594
uenerio,0.7406664
aquitanicus,0.5028589
uolaterris,0.8496389
fusio,0.6233187
cornutum,0.8221892
festiuitas,0.88045335
iudus,0.6264255
cornuo,0.6603986
scriptito,0.8883523
nerum,0.7835379
adolescentia,0.7886473
latrina,0.8743906
scranus,0.500562
liburnicus,0.82247734
decemuiralis,0.959754
suspecto,0.81550133
adscio,0.71497715
proferendo,0.80175877
aspectare,0.69350463
regnatrix,0.6524801
iuravio,0.7632007
cunctabundus,0.85515267
inprospere,0.5226914
brundisinum,0.5760023
uarron,0.7416948
uipsania,0.5746776
filo,0.4335532
curatus,0.54242843
augustalis,0.73412883
infructuosus,0.8947566
pervicacium,0.92192006
sirpicum,0.7720824
interieco,0.6154423
obvia,0.77286017
contumaciaa,0.8327919
perscripo,0.9259175
adsimulans,0.80659133
drusa,0.562973
ostentus,0.8869391
commotus,0.859414
ubius,0.45635659
functus,0.5078204
adieo,0.8874552
actiaca,0.71634746
mir,0.63407874
defector,0.9014762
concaedes,0.5764247
impeditior,0.6878706
inermus,0.57061535
augustal,0.76782745
civile,0.79578567
arminium,0.7202813
coeptor,0.79531413
conciliator,0.8209836
ravenna,0.8538447
contermina,0.78138804
uastatus,0.63054204
scrobs,0.56837785
adtrecto,0.85623795
subsidiarius,0.8438295
munitor,0.8428613
circumgredior,0.766516
sonore,0.7786622
uesperasco,0.67218745
obturbo,0.8286538
atrocior,0.91057587
dilargior,0.78345454
interuiso,0.5049307
uitellius,0.93706834
utensilis,0.74810493
conlibitus,0.75121593
apronium,0.66237974
inrepseo,0.83474755
moria,0.57208806
immodestia,0.75809497
exundatio,0.8421885
florentinus,0.44004685
moesius,0.6980624
uetustissimum,0.75347066
utensilium,0.8153509
artabanus,0.9633399
artaxius,0.67120606
tigranes,0.7839334
antium,0.84163606
adcrescens,0.7661177
stipator,0.89381456
adcurrens,0.8658854
interiacio,0.811077
adsultis,0.80361867
capitium,0.9076349
exhaureo,0.44793972
truculentia,0.78392106
rebellium,0.54431856
curate,0.7317525
innisus,0.5428506
proo,0.87803584
dictatus,0.7553555
convinio,0.8437743
ualesco,0.8136325
intutum,0.7520253
angor,0.91775316
redacio,0.7963742
ducentesimus,0.82029223
philopator,0.89025795
langobardi,0.45052123
praepolleo,0.8840383
insuesco,0.88618195
conlustro,0.86515296
defe,0.7944532
nescis,0.835721
ditas,0.64893556
uitellium,0.81685376
inreligiosus,0.46089116
inconditae,0.77726793
uetustae,0.5573359
agrippen,0.705729
propontis,0.6095054
obuii,0.8353019
theophilus,0.88204783
artaxo,0.8891032
pompeiopolis,0.8704853
oflicium,0.37136018
abiio,0.7541662
subiecta,0.84832734
insolesco,0.879539
quadi,0.9021482
rescriptum,0.8141371
adverso,0.6502832
percarus,0.761101
martina,0.5321842
gro,0.4748542
ademptio,0.688059
impositum,0.7943611
laodicia,0.85025746
pacuuius,0.9205284
deterus,0.59494466
augusta,0.71622986
inieo,0.839625
sanctimonia,0.90081906
atratus,0.8605987
praepedio,0.9014515
imitamentum,0.8189351
firmitudo,0.69252634
interfectrix,0.65681684
praenome,0.76719093
fulcinium,0.7142522
ignominiosa,0.8193365
lepida,0.6957687
iunia,0.73306334
suopte,0.9700116
sanctor,0.5484462
turbator,0.8555028
florentus,0.8215545
corbulo,0.47550935
inreuerentia,0.7943398
socors,0.8670367
adhaeresco,0.7904416
intenter,0.8361794
ancharius,0.7506943
complementum,0.6876431
philippopolis,0.4897964
belgae,0.76839924
andeco,0.8931931
turo,0.80960613
andecauus,0.7843131
lugdunus,0.8446486
trevira,0.71044695
gladiatura,0.76670504
genticus,0.66955554
consensio,0.9354397
trevir,0.7879275
uitellia,0.7629086
lepid,0.78145885
ganea,0.79546595
sumptuarius,0.5104308
reperno,0.63957864
adsumbo,0.54231405
praemino,0.7424023
socus,0.67199117
recitao,0.47839874
disquisitio,0.8028829
crebresceo,0.6851156
leucophrynus,0.8687036
amathus,0.69913054
salaminium,0.629606
perspeco,0.80152094
venero,0.49265608
septemuir,0.75344515
augustalus,0.73725355
pedarius,0.79313177
maluginensis,0.8576287
restauro,0.71758896
leptitanus,0.883569
cirtensis,0.7574731
antelao,0.6452672
uulsinium,0.7732941
criminator,0.8969108
necaba,0.4585416
ueravio,0.53353095
ravennam,0.7961222
deteris,0.70956653
spectatissimus,0.7341422
attus,0.702125
dolentus,0.4524686
agrippinus,0.798951
mithridatus,0.71905905
praesco,0.8431108
pomanus,0.5460412
receptor,0.8365234
antiqua,0.35286635
exempio,0.81006885
amovo,0.60852027
temperanter,0.84105164
adgnitus,0.8266677
set,0.60241586
occultor,0.5490179
salvianus,0.85254407
salvianum,0.6813721
providus,0.7218157
inclementia,0.84772474
aquilia,0.6817858
segestanus,0.8555219
minusculus,0.87139654
saltuosus,0.86433184
opuleo,0.91246533
proper,0.8169219
sobrina,0.78653204
compleveo,0.7006544
improvisus,0.8696963
inaequus,0.5738665
appellito,0.53647566
caelus,0.64826864
adpuleo,0.75171
corbita,0.5212773
latias,0.70364046
latiar,0.6497419
transrhenanus,0.8434748
rubellium,0.8525171
testames,0.72598827
iaudo,0.55945575
defunctum,0.7665727
oblido,0.73798025
interleo,0.43424058
permisco,0.85469645
circumvenio,0.8082722
osus,0.7214079
perca,0.5027498
participe,0.7470685
octogesimum,0.9188895
geminius,0.56392515
auctito,0.6003299
diuendo,0.8313353
macrina,0.5595703
iraco,0.8519747
auraria,0.66547537
denupso,0.6623758
heliopolis,0.43355477
aequabilis,0.8160422
adulatorius,0.6604469
arsacus,0.48725763
oroda,0.86118746
infenso,0.61082435
hyrcano,0.7747848
euphratum,0.42681003
ctesipho,0.9109537
sureno,0.3830076
regredio,0.6412612
nominatio,0.86357844
duraio,0.7501955
uigueo,0.42818266
sosibius,0.7813722
corruptio,0.7792666
qualicus,0.85734427
sosibium,0.7275291
incubueo,0.717733
cincia,0.591191
uarda,0.5617679
uardanus,0.54358685
iactantio,0.43771535
adsimilatus,0.39936137
detractor,0.45357203
aborigines,0.9572959
ueterrimus,0.8471537
alimonium,0.8992866
mattiacus,0.8263885
curiatus,0.91367674
adseuerans,0.86422276
camerium,0.6164197
lucanius,0.5843309
transpadanus,0.90592533
rninus,0.728609
inueterasco,0.7946518
trogum,0.74716586
calpurnianus,0.8297231
concimo,0.56715935
exarsero,0.8222097
libitum,0.6488907
pharao,0.62627506
domestici,0.81617403
dissertavo,0.36825198
praemineo,0.7589409
carenus,0.44498777
emercor,0.66321635
arsaca,0.7673053
impedo,0.8472798
claude,0.5199182
bithynus,0.86084914
inviso,0.8892609
uangionas,0.84726125
nemeta,0.7925823
lugium,0.54809284
ostorium,0.8166065
hibernia,0.6488493
silura,0.7895471
certerus,0.6825269
expugnabilis,0.6689499
ferentarius,0.85179794
praeiaceo,0.76400185
clientulus,0.8043112
occidio,0.9342234
praefecueo,0.4868778
orfio,0.7654024
adversatus,0.7693581
obpugnatio,0.9209006
tragoidus,0.7475337
divulgo,0.82789105
zenobia,0.8513641
saluius,0.7394619
remanendus,0.6092591
repertoer,0.4701986
soranus,0.8918859
iudaea,0.9406936
galilaeus,0.782835
fucines,0.85873175
effossus,0.829228
statilis,0.8843571
matius,0.5352493
pseudophilippis,0.82770175
byzo,0.82605714
chalcedonius,0.8466867
augus,0.60922503
ner,0.6470006
delectabilis,0.5812704
inliio,0.6968632
proavia,0.6516209
aet,0.6623318
flamonium,0.8358265
consecratio,0.8617813
uividus,0.5206242
consultur,0.48971173
sustinuo,0.7220461
arrium,0.31818008
praecalidus,0.7760734
inlusus,0.87021273
agripp,0.73922396
rubellis,0.77006876
misdo,0.74444646
cretens,0.7847567
quadringenties,0.67694426
habsolbeo,0.81105185
antoninus,0.61074936
aegerrime,0.7823434
galatia,0.8905027
nudatus,0.8292663
discretum,0.7315546
balear,0.5843049
conscia,0.80652857
abusque,0.7625741
flagitatio,0.7210929
quadragesima,0.835432
mosella,0.77755105
cavea,0.8562218
pervicaciter,0.68796134
chamavo,0.82360697
aresceo,0.56129795
anicetus,0.52518696
iutus,0.64289373
herculeius,0.69104636
conuenticulum,0.770487
caupona,0.8654599
multatus,0.7726636
apio,0.60524356
perditis,0.77160084
tiburtus,0.83244455
antistia,0.52181464
convico,0.86400104
aristobulus,0.6435374
mona,0.4208381
intercurso,0.48515818
delapto,0.7911525
subverdo,0.44549698
aliudve,0.81566775
locano,0.69680464
gerundus,0.59918225
bithynum,0.75156486
absolvo,0.78540397
burra,0.6186539
obtus,0.7268275
musonium,0.7984607
mareo,0.5887909
castior,0.8197335
patrator,0.4475494
praesumptum,0.7031049
tigrane,0.8640808
uettio,0.6303981
nisibi,0.9073856
galatus,0.48868576
alaris,0.76957023
commagena,0.8210554
paulinum,0.7622566
praevalo,0.78338885
corbulon,0.85796356
meditamentum,0.71269727
imaginatio,0.74231005
deterer,0.47174594
rudus,0.91586494
chrestianus,0.86212647
christus,0.6167314
restrico,0.52240187
aspr,0.7305634
adsimulatio,0.7623332
quintianus,0.8405359
meno,0.46294624
pertaesus,0.8265564
silio,0.4218672
inverto,0.6434741
nouius,0.768653
maximilla,0.60619813
musonius,0.8840315
catulinus,0.67109144
nymphidius,0.83978754
obvius,0.7726041
obteco,0.49486065
praecavo,0.73499393
fortunatuss,0.7787902
inpexa,0.514964
orfitus,0.6990405
torquo,0.8188913
lugdunensis,0.85419285
antistiter,0.84982383
nescium,0.6724763
melum,0.8714868
coacior,0.55848205
soranum,0.77012634
proconsulatus,0.941108
memordeo,0.8094573
properanter,0.7400605
paconium,0.4159778
abnobus,0.8235924
tungrus,0.8582089
son,0.8466143
serratus,0.76963675
bigo,0.575605
elector,0.5609638
largor,0.6536536
intectus,0.8399296
defeceo,0.50079113
invitor,0.7838124
uinolentus,0.8810765
adsciscendus,0.6976888
heluetii,0.47281978
uangio,0.851531
considio,0.4660778
hercynius,0.8685701
chamavos,0.87509996
reverenter,0.4924572
mallium,0.6069028
cino,0.75472176
quadus,0.91905475
quas,0.7296583
suio,0.4949019
sito,0.43921244
peucinus,0.8348899
pelles,0.7196203
incompertum,0.38501447
dissociabilis,0.82574713
anteponendus,0.9389396
mucianus,0.8278856
transgresdo,0.7069489
decessor,0.7803007
aquitania,0.8658708
habitantis,0.81495494
suetonius,0.8334017
monus,0.32025212
lucrosus,0.89496416
intolerantia,0.90637815
seqio,0.51176447
prombo,0.7814341
serviturus,0.81011164
inglorium,0.67501533
catervae,0.7986527
privas,0.74855113
priscinum,0.553242
coniunctissimus,0.8475577
curiatius,0.89882475
abiecte,0.87756145
heroicus,0.81798744
deiungo,0.7148827
uirgilius,0.8073916
accuratus,0.8182616
niceto,0.63387656
afric,0.7356228
inpolitus,0.47760147
odoror,0.69714046
turpio,0.4573875
inquinao,0.784059
furnium,0.7297145
asitium,0.500944
attento,0.78423375
expolitus,0.74731356
uerrinus,0.46158022
aufidium,0.63256884
collego,0.83368284
diuer,0.5455432
inservio,0.86669356
aurelia,0.66497886
uniformis,0.8295473
diss,0.71875525
mucianum,0.69180185
ing,0.4770171
omissus,0.71803445
prodideo,0.7523417
tolerao,0.48695454
indefensis,0.8002014
spartiaticus,0.75068194
noricum,0.7761693
uinium,0.5759612
reverens,0.39875424
corrupte,0.3768658
instinctor,0.87977684
maever,0.7224958
tesserarium,0.70758724
veturis,0.82922804
tiberianus,0.681769
amullium,0.57396
longini,0.7895144
prospectao,0.35947633
casti,0.6868066
instigator,0.6693195
pacus,0.5120306
exosculor,0.87483597
argius,0.5444544
suffixum,0.7279924
burdo,0.66510797
digresdo,0.77703834
lugdunens,0.8004136
coelium,0.8919277
cottianus,0.6901438
mediomatricus,0.89472944
spolior,0.8513894
placamentum,0.53453845
duodevicensimus,0.7207741
helvetius,0.8660927
subsignanus,0.59123445
pecunus,0.640401
prodiga,0.8369408
apronianus,0.80387706
emeritensis,0.79256636
conserio,0.7304641
manipulatim,0.84809417
uitelliana,0.6867026
obstruco,0.49486002
poenina,0.8265433
cottia,0.7302343
mulvis,0.8091626
ancilium,0.4293614
quantaecus,0.8255333
audentior,0.73717993
postus,0.6709163
obfundo,0.7730371
hierosolymus,0.8909034
conluvia,0.87048787
subfodio,0.7208981
cast,0.7181529
equ,0.5344591
epiphano,0.81613946
rixus,0.8425655
sustentaculum,0.6141155
obpono,0.53571177
conexa,0.7637303
intercurro,0.8307638
reputatio,0.4570772
congresdo,0.7581749
decoer,0.69665754
obstructa,0.68690497
suetonus,0.8157613
desertoer,0.8291537
reteo,0.75032014
saluium,0.8135792
extrucior,0.8185173
dirempo,0.7807523
bononiae,0.810192
diploma,0.84969914
caesariensis,0.87478846
tingitanus,0.8302722
galeria,0.85343236
aedui,0.5551211
ferocio,0.7342188
fraudator,0.8328255
pervigilius,0.7743975
desiderabilis,0.77527297
floro,0.682919
percoleo,0.69697285
moesium,0.55724525
alliensis,0.73081785
subex,0.73310494
cremati,0.31874713
suomo,0.8413671
flavius,0.7334839
quaeno,0.7524228
impulo,0.8447586
concitator,0.8873888
igio,0.78507245
adsco,0.8380835
septiminus,0.7424652
minicius,0.50723255
saaturninus,0.7873539
hostilius,0.84678996
postumia,0.82144564
inedio,0.5855991
aperto,0.5199559
magnitudus,0.68197167
ignoratus,0.62777436
convecto,0.4712429
superiaco,0.49762547
procacia,0.55152833
annibalis,0.8515815
criminose,0.7943261
repentinum,0.6916913
ravennas,0.7610986
nav,0.7518872
brigantia,0.6997862
egentissimus,0.7289077
dalmata,0.91693574
narraio,0.549221
exploratio,0.79215664
uolupe,0.7530235
spartio,0.8722658
ostentum,0.9062278
trucidao,0.7865935
faventinus,0.8166032
narnia,0.75563264
interamna,0.87931585
urbo,0.48724455
nequivo,0.8531636
torpedo,0.77995706
arbitrarius,0.7842116
sacricola,0.7984596
ocriculus,0.7237432
adsignavo,0.77020836
salare,0.7918775
modestissimus,0.7866672
tripertito,0.9437798
conflictor,0.46803364
fruo,0.70763075
sellula,0.7870894
interficiscor,0.8991454
conclamatio,0.85125387
supplicis,0.8084591
procliuior,0.93658423
adiuuao,0.80564046
mogontiacus,0.75009006
arvernus,0.7896788
suppletus,0.54393363
belgus,0.5918918
obpugnans,0.85442466
uocula,0.8274911
mogontiaco,0.4768042
traditor,0.71448946
bonnus,0.5092479
usurpao,0.5475133
bonna,0.6409672
incurioser,0.809897
nervius,0.7332656
processura,0.725817
illicus,0.79468477
protractus,0.63013273
reposo,0.44584727
ambitiosior,0.46006972
attianus,0.49950048
eloquentius,0.5774245
oeensis,0.619684
patrimus,0.84817255
matrimus,0.75042844
lingonae,0.85053885
simulatus,0.6781076
ignauior,0.84336984
ruptor,0.7944917
mogontiacum,0.83644843
uilitum,0.8197961
vangio,0.74014175
imbuio,0.5256951
abscesssum,0.8799713
reciperatus,0.5586326
dediticium,0.7093936
serapidus,0.93831915
eumolpidar,0.8360385
hierosolyma,0.79630065
hierosolymo,0.87547916
iudas,0.7874272
convena,0.8860745
hebraeus,0.7338379
conquisio,0.57459444
moyses,0.7484157
agnatus,0.8135623
iordanes,0.6052141
iorda,0.8330349
belius,0.519536
herodum,0.7544769
iohannes,0.6852485
eleazarus,0.8337376
multitudus,0.84409565
eleaza,0.8429744
quartusdecimus,0.7885799
accersendus,0.49229366
secundior,0.7415013
seruilium,0.8606171
dicundus,0.8717602
qut,0.6792458
actorius,0.5367742
statueo,0.7792852
inmoderatior,0.45798486
fie,0.62054527
submittens,0.7370733
comus,0.79623437
obstinatior,0.8809616
ponticulus,0.6527548
pharnaces,0.8949374
quinquio,0.46413574
pyrricha,0.769328
labere,0.80066
desultorius,0.74631554
recensus,0.7104608
recensio,0.34916222
caluitium,0.750461
fimbriatus,0.88038564
fluxior,0.78499717
contaminatus,0.7666745
nysa,0.46807352
ioculariter,0.90007645
oppi,0.6929829
emendico,0.7603076
memorialis,0.7951348
equitor,0.81385475
obsessio,0.7832779
spurcissimus,0.8933782
cynegio,0.87852806
hiempsalis,0.9287503
criminosissimus,0.7029605
suggestum,0.7253998
semibarbarus,0.69150096
trebatium,0.8016373
affector,0.82477826
allecio,0.823592
commenticius,0.9217837
ubertim,0.8952758
graphium,0.8378043
irruens,0.6852869
cyrum,0.7747916
superuiuo,0.7751024
patriciatus,0.77355146
diuisor,0.8571713
conssaeus,0.7262995
octob,0.97328496
adulsco,0.528486
permodicus,0.8041903
distinctior,0.90892714
demortuus,0.85875547
nonullus,0.66947496
saeveo,0.67317224
conuitium,0.78364706
dediticius,0.93631864
compectum,0.74720633
confisco,0.8277595
divinco,0.63307434
consaucio,0.71371007
cantabria,0.8971239
sigamber,0.37886858
nonnisus,0.42948055
lollianus,0.51848775
rationarium,0.4085309
devello,0.5265607
latericius,0.8183232
festinato,0.45728916
publicao,0.6235862
munatio,0.5074217
demortui,0.7341988
exusdo,0.8815381
ducenarius,0.88284403
damnatorius,0.34284216
triennis,0.5214743
pugillaris,0.68980455
tribulis,0.8103874
bipedalis,0.7789427
disfero,0.83083993
studiosissimus,0.9232587
xysticus,0.77215016
deduguo,0.40848395
plurifarius,0.89962626
fico,0.5415696
latinitas,0.8784418
cordubensis,0.82536566
corripueo,0.94122887
submoneo,0.67320055
sponsalius,0.8793296
scutarius,0.8874923
auf,0.5093982
assuefacio,0.63484
tractabilior,0.56567276
pupillaris,0.83101463
thallum,0.59627676
suburo,0.4808304
tympanizo,0.8171499
saluia,0.7243091
praecupidus,0.44748527
postera,0.77121645
profestus,0.8764763
senio,0.62855697
altiusculus,0.47679228
licitatio,0.85418284
secundarius,0.58804387
duracinus,0.8777691
largissimus,0.7979002
calciatus,0.71684813
coxendix,0.87450945
subucula,0.8048962
feminal,0.8406928
tibialis,0.5968203
lavor,0.7783967
hispanicus,0.6229158
deambulo,0.9042117
fetor,0.59576434
conlaudans,0.8049016
asparago,0.5363767
ixon,0.2937481
concamaratus,0.74794114
compluuium,0.747023
reuerentissimus,0.7470192
evinio,0.8519185
expergefacio,0.8428982
puerperis,0.923546
nigidium,0.83903277
usq,0.6584234
coaxo,0.6192372
delibao,0.50159353
matrix,0.86271834
asinarius,0.84429324
nicus,0.7726877
praecognosco,0.57898587
adgrauatus,0.8465208
kalus,0.8353871
hema,0.60424614
cha,0.46819276
bifaria,0.8813078
conmigro,0.76055133
anienes,0.94397795
discrimum,0.5718623
notatissimus,0.5788333
ulo,0.4133156
gallius,0.70594543
asticus,0.49011904
trallianus,0.81436443
thyatirenus,0.77889407
enauigo,0.8747481
sy,0.81257135
conuiciator,0.5620499
ipsn,0.7181077
transmigro,0.84186393
pacandus,0.8573289
adstriho,0.646975
ducatus,0.7791943
circumcludo,0.91368586
cubicularius,0.8771852
diritas,0.83649683
toutou,0.45052457
ek,0.64148116
pyrus,0.7162218
apposio,0.7819911
perlegeo,0.54335827
deposeo,0.74892986
germanicianus,0.8959673
obfirmo,0.8209286
monopolium,0.57212275
trebianus,0.65260243
deglubo,0.66935194
consiliarium,0.83402574
iuxtim,0.8232547
exaduerto,0.537734
pridianus,0.78548324
stra,0.51089025
iul,0.9837791
grauissime,0.87864625
perrarus,0.8724206
gall,0.5229936
asellium,0.8379097
ostreus,0.6719586
teneritudo,0.84102166
ligurio,0.76371694
praediuio,0.7810583
sermocinor,0.9087142
sagaciter,0.88850516
impatio,0.68995094
uiridiarius,0.6441838
rhodiensis,0.8316213
carnificinus,0.91668224
morositas,0.8565062
nostras,0.5061463
nigrs,0.6692219
funco,0.7196053
cubicus,0.7900573
puellus,0.91327214
manipularius,0.6804216
professus,0.7186828
libertina,0.81574607
praesido,0.46872216
decursio,0.79893434
phaleratus,0.8474122
aulicus,0.8636013
iconicus,0.72129166
capitolen,0.8250244
her,0.6912364
quantiscum,0.34397128
contraxeo,0.8613305
infulatus,0.6091169
graphus,0.32614064
inuerecundia,0.64922214
battuo,0.7479944
amicula,0.8194314
thr,0.46635357
nepotor,0.66910195
extructio,0.8093133
fossura,0.6737879
lueo,0.6144452
edulis,0.79906225
patentissimus,0.81711537
expallidus,0.70973593
potiono,0.6707661
calcio,0.7616391
plurifaria,0.7542509
scabellum,0.20911369
praesaepe,0.6920502
diffugo,0.667375
ctor,0.6070981
occubuo,0.65550244
septemtrionalis,0.908083
honorarius,0.90573233
augs,0.9956149
constitueo,0.72696847
nuncupao,0.7981235
ocurro,0.7107884
cessatio,0.86607975
hermaeus,0.63088685
adcido,0.3960799
succollo,0.7613876
recuitulum,0.55963314
phus,0.58367753
chi,0.444329
uolupa,0.7149656
qvo,0.62449855
caelibatus,0.6432416
emissarium,0.7359736
stabiliter,0.48160434
obeliscus,0.49138898
uaticanum,0.79802704
sexagenarius,0.8399141
obrogo,0.7834261
chrestus,0.7380456
eleusine,0.8668851
ualeria,0.90496516
consobro,0.83299166
permansur,0.44442576
paetinus,0.58580244
consocer,0.62761545
prolixus,0.91245365
obdormisco,0.7452618
adapto,0.46928433
inconsiderantia,0.76886594
offula,0.86505824
infacundus,0.7121103
ineleganter,0.92209685
tyrrhenicus,0.578691
praegustator,0.7596296
gnaeum,0.72137773
uicissis,0.8798469
soa,0.5217549
lustricus,0.6338532
tralaticius,0.8593182
assoleo,0.75559086
graciae,0.7685869
supersideo,0.779539
Martius,0.72846437
honestis,0.63539785
falsarius,0.6750225
testator,0.72466975
uacua,0.69842577
polemon,0.9031871
cottio,0.845077
alexandrinam,0.72884727
rastellus,0.81884956
nomo,0.5432845
sarcinatus,0.70269495
agona,0.81131357
matricida,0.85276294
helium,0.72736335
citharoedico,0.8713339
ludibundus,0.85394347
excultus,0.85037947
transitorius,0.712878
fistulatus,0.4145597
delior,0.43017805
antidos,0.59119964
interfecta,0.6910164
eleuso,0.8536762
initiatio,0.7332353
abneptis,0.61771536
aurigatio,0.6293402
orfitum,0.7381116
gaias,0.6456761
idium,0.88302237
isidorus,0.70702314
cantito,0.84609556
atellana,0.86828303
restituio,0.65474653
septuagensimum,0.8554623
probatissimus,0.9238955
amanuensis,0.8399575
fruticetum,0.45497596
ou,0.8076064
prepeius,0.8001877
toioutois,0.7701707
trepidanter,0.770868
epaphroditus,0.81359696
porphyreticus,0.7739229
circumsaepio,0.7865629
hydraula,0.58582795
reviso,0.4719892
inlita,0.6330966
succendeo,0.81222796
praepinguis,0.87411416
teknus,0.85456884
arches,0.9251053
hemo,0.93104446
pepereo,0.8908098
obstinatiter,0.7234986
uiduata,0.38278648
legatarius,0.80979705
extabesco,0.8731215
adaquo,0.6077273
gesta,0.64519364
balnearis,0.48961028
tributus,0.76298034
licinianus,0.81990373
assimilis,0.7844599
atro,0.7184802
transactus,0.70069885
gratulabundus,0.880417
uexillatio,0.72374964
articulo,0.6768979
praedur,0.75378263
absimilis,0.599782
iuraro,0.64767396
betriacus,0.47259295
consolatorius,0.42435437
genueo,0.6622783
perinfamis,0.46135682
oct.,0.8488615
delicatissimus,0.5755052
famosissimus,0.7706971
firmiter,0.86300695
syriaticus,0.72071266
gestatorius,0.802202
antecessor,0.851932
coactio,0.6529748
iactao,0.7072576
transpadanum,0.85925233
har,0.2702446
boccus,0.65936184
hadrumetus,0.85604703
propte,0.4460592
paruio,0.7847358
arefacio,0.7938691
praevalidus,0.42955625
cachinno,0.8858216
uiridior,0.7197159
carmelis,0.77148277
grasso,0.7040228
commagene,0.93769324
hipparchuss,0.78594756
mettis,0.87546206
quoquomodo,0.7288348
proclamavo,0.41686672
refector,0.4874924
mechanicus,0.47060746
facetissimus,0.72720826
stas,0.5779519
inscensus,0.53817654
confirmor,0.82839406
apid,0.4234592
semo,0.84160054
conflagratio,0.86257815
mandator,0.6638874
perdeo,0.7171658
mansio,0.8801394
quadragesimus,0.8812653
ostis,0.68462956
praeacutus,0.9064334
graecanicus,0.7267793
sportellum,0.508765
novello,0.51297796
assertio,0.7390084
gesticulo,0.6258743
uirgiliis,0.69194704
fiscalis,0.87273115
hermoge,0.55519104
tarsensis,0.46987194
deminueo,0.45393512
circumseco,0.7464465
formalis,0.68926555
epit,0.7106502
destitutio,0.783325
uespillo,0.894291
oius,0.6036999
dispanse,0.5342907
inelegans,0.726405
matianus,0.47533363
capitolinum,0.37612885
panton,0.88444626
nitela,0.77699006
pridiana,0.82298315
teter,0.83736247
uerneo,0.77330846
donax,0.79900587
dulciloquus,0.5826232
samis,0.43391958
memordo,0.9353656
neuis,0.4745412
perniger,1.0
depinxio,1.0000002
publicio,0.9056113
hauus,0.5728706
banus,0.6131568
sillus,0.6066138
sanguus,0.55833054
ecc,0.3207954
lepidissimus,0.8250673
periero,0.44530028
exalbesco,0.70361674
congeminatio,0.7526475
cauponius,0.7565851
baiolus,0.5515425
mulierosus,0.7513296
utrumuis,0.574599
ly,0.444419
simplus,0.83376646
conrado,0.7490463
parso,0.96512157
potesse,0.90586203
macedonium,0.79032093
dionysia,0.84274364
defrudo,0.7983185
glandius,0.7086324
obsono,0.7718037
summo,0.68395674
sospitalis,0.68524563
phoenicius,0.6122086
uenditus,0.59067833
taenia,0.8903983
agnina,0.9031396
uendiio,0.8135129
superfio,0.79809314
diecula,0.8530447
aliquantisper,0.9256071
libella,0.7332067
ahenum,0.82490563
copus,0.6230749
fullonius,0.6490284
oggero,0.42855346
aluo,0.6284145
essus,0.58421767
essito,0.5984851
aquilinus,0.561643
coquino,0.6528022
protollo,0.8424866
praerodo,0.51719636
adsio,0.71186084
harpago,0.8228857
putus,0.74676514
ueniio,0.90929496
excuro,0.6546741
conduplico,0.8193151
neq,0.7320417
prox,0.6113767
simon,0.7246684
queus,0.56605256
leibereus,0.7535833
ubeum,0.5214117
senatuus,0.65399045
cem,0.46292955
ier,0.35128224
trinum,0.7691214
eseo,0.41134927
seus,0.6184114
tabola,0.75749385
compromitto,0.6619484
remano,0.5130626
bipatentis,0.9143288
pulcerrimus,0.8873571
cuias,0.9318006
gracilentus,0.76258373
obsequella,0.79872274
beneuolus,0.80464876
haece,0.72138405
regundus,0.39416534
insece,0.5785849
uersatus,0.69107974
uiua,0.7581345
lama,0.6727573
praepete,0.48836958
stlatta,0.7963392
inalbo,0.8303054
brus,0.6973764
massilus,0.77664703
tanus,0.81546867
putridus,0.85610616
percupio,0.6899338
conteo,0.45256084
duriter,0.90638596
quantisper,0.70954037
blandities,0.7499019
licito,0.65395737
tuguriolum,0.8182088
obsurdesco,0.89106
singulatim,0.92017025
prolubis,0.8891976
largitas,0.87733394
opipare,0.8340659
peniculamentum,0.7742883
rarenter,0.8217162
morosane,0.9407618
properatim,0.5631202
infortunatus,0.9116536
flocx,0.7900746
expasdo,0.82289416
grauido,0.63410604
vtrus,0.73061514
hierocles,0.8830339
quisquilia,0.7698324
leontis,0.7160237
opino,0.80641466
ridibundus,0.77559984
navita,0.7924553
bruttianus,0.88128483
uerauo,0.9141882
carnificina,0.9031238
iniudicatus,0.41274154
nauitas,0.82263565
maialis,0.77114207
fuus,0.67453957
posquam,0.73206604
patrocinor,0.90961236
scrattus,0.8554009
biber,0.62505436
dapalis,0.762662
hinnulus,0.7361804
progenius,0.88584816
grandinat,0.7348306
caprigenus,0.71992266
gradilis,0.6741028
gressio,0.6014982
amolo,0.7978363
conglomero,0.8820863
inaudio,0.60572183
obstupidus,0.74037516
horriferus,0.78185654
pauus,0.8062358
aeter,0.694288
poteso,0.6547149
nonen,0.76979756
incerto,0.71229076
tenebrico,0.61161023
itio,0.5465783
mia,0.6280626
inlaqueo,0.8476724
alterco,0.78667223
sospito,0.67577755
red,0.6885292
mansueto,0.52645046
lenitudo,0.8133117
mollitudo,0.82064474
sparteus,0.9104681
succussus,0.85383195
paenitudo,0.7784214
uastitudo,0.66307586
facul,0.8345684
properiter,0.61379
proteruitas,0.87909484
repedo,0.880098
calidonia,0.937153
nigror,0.78109884
salacia,0.78134495
scribundus,0.7520765
clinia,0.9259081
symbola,0.79632914
longinque,0.5399677
pamphil,0.8454741
coest,0.6035273
inceptio,0.56905216
decro,0.73704636
pamphilis,0.8621006
sollicitatio,0.8577199
pamphilo,0.8053297
philumena,0.9206788
oculo,0.72693014
ueterator,0.8915292
lucinum,0.74212456
interminor,0.7278055
pamphilum,0.8466143
integratio,0.69835806
deuinctus,0.75121105
syngraphus,0.8187623
portor,0.46220326
aduesperascit,0.89328915
solu,0.8008758
fraudatio,0.76533324
tempu,0.7879627
interturbo,0.6569251
nuncius,0.5646202
capiundus,0.6143262
auxo,0.83632064
opimitas,0.75429857
uoluio,0.8063625
sobrinus,0.81606376
tetulo,0.7056197
ellus,0.68516624
chrema,0.49469715
crito,0.78380346
conglutino,0.9209895
adtempero,0.66651
gestibo,0.7032342
uoluissum,0.8041258
cruciamentum,0.8576633
adulescentus,0.71985817
bacchidus,0.8855793
insidiabo,0.6705537
parmenus,0.67818403
bacchidis,0.94958687
aliu,0.6793925
myrrinus,0.8418913
decreuis,0.7621741
quita,0.7679913
alamus,0.46935636
obsio,0.5427522
corporo,0.679615
seruatrix,0.81681913
statarius,0.84376276
expero,0.39547133
tibo,0.61987525
adsido,0.7003127
conrasis,0.67799217
pessulum,0.843806
macilentus,0.8460065
rufulus,0.435822
clitipho,0.9446974
perspicax,0.8333218
antiphila,0.76430154
insperatum,0.7889881
permagnus,0.8340416
contera,0.79520845
inmodestus,0.6631929
interloquor,0.4141027
demulceo,0.74625564
oce,0.72388625
praemonstro,0.8840165
delectamentum,0.8755847
helluo,0.7463914
pertendio,0.7310668
inclementior,0.7668116
menandris,0.74502814
studo,0.7674339
expressi,0.7425636
phaedria,0.9072294
aliorsus,0.8034142
exclusio,0.7077918
primu,0.5739377
dubiumnis,0.7054169
lauor,0.7486219
decrepio,0.7546168
abligurrio,0.6877359
habitudo,0.8626807
cetarius,0.68927157
parano,0.77206427
cursis,0.60319877
praefiscinus,0.69566846
thrasos,0.8629104
despicatus,0.52727556
pamphila,0.8304019
nequando,0.8091751
dicaculus,0.7965184
loqueo,0.8003454
pythia,0.89982367
scelerosus,0.83895123
ueternosus,0.80463344
opilio,0.79537797
sequior,0.83839715
habesneo,0.79488736
hueus,0.7718463
ulixeus,0.53446686
mundior,0.87953085
praestolo,0.7885315
iamdiu,0.8100979
sandalium,0.7713854
congreo,0.7125767
perfector,0.7480772
gubernatrix,0.73148274
adcingo,0.50487596
benedico,0.6070181
numeru,0.7350147
puellula,0.90538955
citharistria,0.8934106
tenuiter,0.88075304
depeciscor,0.7899424
asymbolus,0.438798
diabolus,0.52452654
iudicibus,0.63325346
itane,0.55191225
dorium,0.61997056
auribus,0.6553847
parumne,0.823579
hemientia,0.65228224
hue,0.5693741
plusculus,0.7517456
passerculus,0.66058904
agnellus,0.71798086
transito,0.5035925
suasus,0.7024477
sonio,0.82170683
fus,0.7752576
hpoto,0.8406715
dilapido,0.8332689
sublimiter,0.5718719
denarro,0.82005024
ageo,0.36393175
adgredo,0.8495386
oggannio,0.8618597
foenero,0.6172545
duplius,0.8452034
uendidio,0.920213
aedificator,0.7443361
centonis,0.8330639
olearius,0.8724639
morbosus,0.91115105
consitum,0.85097724
viridus,0.513598
putesco,0.8680975
orbiculus,0.9325137
cavor,0.7514224
conminuo,0.60214186
autumnitas,0.8157089
querneus,0.7226286
raphanus,0.89658463
sergianus,0.5931014
umectus,0.92641115
miscella,0.76020765
mustea,0.79087114
orcis,0.5452923
coniugulus,0.4339509
delphica,0.6911769
torcularis,0.77105945
factor,0.81307554
partiarium,0.67862236
calcarius,0.7645106
ridicus,0.88606435
hornotinus,0.7538657
sucula,0.7055977
coagmentum,0.7409811
corylus,0.9156277
prelum,0.8801748
qualum,0.9337884
lixiuus,0.57012343
tribulo,0.762306
percocio,0.6072015
defruto,0.6883375
uicia,0.9245525
iligneus,0.48477075
carpinus,0.7534305
diuarico,0.6605366
uinia,0.6996982
lentim,0.81012475
restibilis,0.9024731
rorulentus,0.788355
sario,0.90207505
ficulnum,0.66424483
quernea,0.8051691
gypsus,0.8473052
fimum,0.8809011
diffindo,0.86238325
taleus,0.7390221
stercorosus,0.70715624
porrinus,0.75695443
ficarius,0.7096705
depurgo,0.7458966
radicitu,0.73116595
resarcio,0.82114047
qualus,0.8630971
conquasso,0.88973224
congius,0.8921934
dxx,0.70833874
granatus,0.7008382
cite,0.8001448
anuus,0.65260386
subtero,0.4785325
anguina,0.7474686
similago,0.8542629
testus,0.48009387
conmisceo,0.66496813
nubilo,0.6145617
palumbus,0.79762316
poclum,0.73877627
insipio,0.698323
coaequo,0.8467667
quartaris,0.807576
ricinus,0.8379336
utio,0.66777265
murtea,0.65850556
conmixo,0.8783224
refrixeo,0.8749827
concinnatio,0.54643756
caliculum,0.8032365
resticula,0.7986573
quadrantal,0.76413745
acinum,0.8641238
praeterii,0.72532636
refrixo,0.930681
minutim,0.84655476
uigilantior,0.68708295
stranguria,0.79310304
fracesco,0.7418872
praecidaneus,0.9107421
fertus,0.6345824
centones,0.6197498
uenafrus,0.803225
casinus,0.81885093
sallio,0.70627713
xlviiii,0.8041866
lv,0.36239517
xlvs,0.6335459
laris,0.5807028
deportatio,0.8098976
inpraesentia,0.88233864
ssetera,0.61282134
sumptio,0.8167616
usio,0.67392564
cotula,0.44710946
locao,0.646635
interkalo,0.4537363
quotiescus,0.81479055
uirgeo,0.57308996
incilis,0.65596366
plueo,0.7862041
intinguo,0.6782745
defundio,0.62487483
iusculum,0.82702935
putor,0.8934606
fistulosus,0.8516683
articularis,0.6813062
polypi,0.73109865
pugillum,0.72399306
numquidnam,0.582078
semipedis,0.7629497
fossula,0.7766892
storax,0.5027739
uspiam,0.8439039
quisquamne,0.7011314
debaccho,0.8412229
defedior,0.92392653
oppressio,0.7667875
defraudo,0.6531103
putao,0.8329934
tristities,0.6274195
inpulsor,0.80661917
raptio,0.687736
disrumpo,0.87501204
demeus,0.7513821
studio,0.33612677
pernimius,0.78106225
inspico,0.86508626
patronu,0.64114165
micio,0.77329445
gannio,0.76320326
foeteo,0.55240494
silicernis,0.76679885
prospixio,0.7460577
dormieo,0.89733064
confecturus,0.6682144
conpreco,0.8228715
faenero,0.89148045
materfamilias,0.91122353
hoscus,0.70924
pollinus,0.7815808
quaerundum,0.44645858
fructium,0.67462504
receptio,0.6192696
adtentum,0.75002116
festiuiter,0.7126404
cronia,0.5968996
odibilis,0.79240036
flacceo,0.7353424
demae,0.74929357
inmisericors,0.8455615
pelopidus,0.76099885
putro,0.46433887
uano,0.34948954
inenodabilis,0.49819154
tetulio,0.81954134
expergo,0.85585684
inclusco,0.6911206
domuitio,0.61350334
eniteo,0.7645602
tripudio,0.8102545
praepedior,0.70449775
stupiditas,0.80498517
camus,0.6795329
terriculum,0.7198419
quibusnam,0.76686525
scrupea,0.69040436
mansu,0.61980164
acritudo,0.74829984
scatebra,0.8613355
pertexta,0.9109902
agro,0.72983265
caprige,0.88777137
uiperinus,0.86362755
aspernabilis,0.68401116
ingredor,0.808365
gentum,0.39689654
sanctitudo,0.88550246
thebani,0.8607046
mundula,0.69937783
bellium,0.44575536
maestitudo,0.68209034
adytus,0.6531708
adfo,0.49859488
catames,0.828241
pictus,0.51547664
patrocinans,0.66573536
conplusculus,0.6548036
seruia,0.41045338
strofius,0.39013016
extro,0.54806733
firme,0.832574
blatero,0.8750062
calautica,0.7419381
spurcitia,0.9228604
perspicacus,0.41759053
obstetio,0.77177674
pausia,0.7652776
protenus,0.8345094
intrico,0.6806543
partitudo,0.7626054
paululus,0.72827
supparo,0.5453036
pelius,0.6677989
piscatorius,0.8884566
confoueo,0.8186829
petulcum,0.50574446
nicasio,0.50748754
uelitor,0.69032073
terricula,0.78197217
coniacio,0.5743605
dominatus,0.8915087
uinio,0.7297567
siro,0.45886946
genitabilis,0.86371803
cephalaea,0.8815666
cantum,0.3987733
exculpo,0.6205824
torax,0.5867268
capitatus,0.72306
bulga,0.7422608
exlex,0.7944743
composta,0.6059033
emblema,0.90085495
uermiculatus,0.72280145
capero,0.7150252
symmacus,0.5310738
rinoceros,0.8396932
salernum,0.8123903
incrusto,0.8759545
strictura,0.712023
op,0.6595844
atechno,0.9594409
lacrimosa,0.72368693
innubo,0.6589831
muginor,0.6594824
gracilus,0.61037433
gizerium,0.8305795
quaesticulus,0.7711231
praesul,0.8338492
barbula,0.782818
cenus,0.49074608
prostibulum,0.8854031
pingue,0.3863127
cacosyntheo,0.90363497
tricosus,0.90940595
bouinator,0.7656423
mum,0.66763633
babylonis,0.78396904
inquus,0.58970106
inunco,0.6432595
succussor,0.9299772
trulleus,0.56521505
conmanduco,0.7597628
cantherius,0.9107185
cotus,0.42366627
ceape,0.5411819
amphitryonus,0.8177922
disyllo,0.79361045
frouniscor,0.42311943
pacilus,0.6774184
sumtus,0.5567976
percrepo,0.7397013
fulgurita,0.64367247
idiota,0.8840313
cassandr,0.8374237
tricorius,0.5905445
uersipellis,0.77976394
cernuo,0.72608626
cars,0.49030825
sabucus,0.75609803
sarcinator,0.8470905
scola,0.6089111
armillus,0.7170279
argutor,0.7022805
stoechius,0.77409846
hymnio,0.7636733
inretitus,0.87501943
discerniculus,0.5955321
centonus,0.86610883
deblatero,0.7226582
carta,0.87274635
aquilum,0.6013232
pauperculum,0.6945406
rupex,0.66638994
cecilius,0.7266457
centutto,0.8042616
crustula,0.797216
uitiligo,0.6303396
rodus,0.5256766
querquera,0.7397622
resis,0.4320491
scruta,0.8609215
scrutarius,0.97342503
albina,0.5559087
buccus,0.530801
interdixes,0.98851913
propheta,0.76166797
subido,0.97324306
subidus,0.9830322
epidice,0.8933217
coligo,0.5460218
curialis,0.8175919
spicus,0.7835722
obstrudo,0.61279434
labia,0.7163693
carduus,0.88227594
paci,0.47992963
vndus,0.83937305
larte,0.6958102
socro,0.67003477
peredo,0.8909387
scabrum,0.79124284
celeripes,0.69971883
sagmen,0.6585021
infulo,0.7509513
ito,0.7340857
exsendo,0.8064785
saura,0.51550794
odorisequus,1.0000001
aeditumor,0.9219096
ominus,0.58876824
refrago,0.6681828
stud,0.6853684
ariolor,0.6608634
pappus,0.77208614
camellus,0.822526
quadrinus,0.614552
conpingo,0.7130792
cossis,0.69486564
stic,0.37439358
ruma,0.6866029
liro,0.72558236
frustatim,0.89485574
orca,0.85230434
tristificus,0.78674406
fulix,0.8559241
guttio,0.4004348
jam,0.8991666
jouem,0.880511
caeterus,0.82437384
jupiter,0.8532903
retrogrado,0.6739136
reflexus,0.62104803
moerens,0.6452805
dispendo,0.5045063
juxta,0.8156363
justitia,0.52675205
gustare,0.63641834
jouus,0.7152858
cujus,0.6870011
inclyet,0.77625257
obcludo,0.69458085
ualvae,0.93880427
juba,0.7348311
quadruplico,0.8222507
iocatus,0.7168107
acutor,0.424009
praecipo,0.46408847
gubernaclum,0.8336082
neutrubi,0.6810545
nitescio,0.90119565
spinifer,0.77110624
detexo,0.7721293
niteor,0.6720106
solers,0.64425576
implego,0.6277479
quei,0.75935364
camur,0.77207804
quu,0.788317
uecordia,0.72460485
diploidus,0.66070473
fruniscor,0.9058763
dominatrix,0.8526629
imitatrix,0.8638828
ademo,0.5178731
excogitatio,0.9018777
pitulum,0.6927479
coniuncte,0.8902181
definitiuus,0.8439772
translatiuus,0.92094
subpono,0.8838713
remotio,0.88907003
inquio,0.94744444
idonee,0.90324056
circumitio,0.8274899
inrisio,0.91544044
subamarus,0.7828426
prop,0.7215142
commutabilis,0.82558864
supersedo,0.7779584
enodate,0.8422594
permixtim,0.79611254
discriptio,0.8772508
administrs,0.5565567
perfectio,0.89587843
occisio,0.7874328
attributio,0.6702243
negatio,0.87228453
consecutio,0.8197312
comprobator,0.69162595
aspasio,0.6425416
assensus,0.7100694
concesdo,0.79975027
copiosissimus,0.9011855
assumptio,0.90186834
adprobatio,0.80641663
adsumptio,0.8794031
quinquepertitus,0.9081998
summopere,0.78856766
profiscor,0.55093277
scripts,0.5227909
epaminondus,0.90103436
saepenumero,0.9552332
reminisco,0.77374554
praesegmen,0.7483424
disiunctio,0.8965461
quaro,0.70699126
praeiudico,0.8895824
subdola,0.8958304
huccine,0.5005213
adgno,0.7696806
patrisfamilia,0.8631691
uindicatio,0.726867
remuneratio,0.7841915
intellegens,0.8641615
consuetudus,0.89390147
depeco,0.3574461
inutilitas,0.8614543
curiatia,0.90142745
indamnatus,0.49368992
poenitus,0.63958883
strobilus,0.65267265
conveno,0.5567711
assumptiuus,0.76650095
implicatio,0.65217626
consideratio,0.78269184
admono,0.768989
heredi,0.9139026
geno,0.7907768
assolo,0.66186947
alic,0.6969096
cenatus,0.4323905
susceptio,0.8380231
afc,0.33222896
epodus,0.7480452
incontinentia,0.5758351
exuperatio,0.7366315
adtentus,0.8120153
apparatio,0.7037692
facer,0.6922318
clytemestra,0.8800422
agnatio,0.88249665
conlocutio,0.83299214
uolumes,0.8579116
pertus,0.71295893
exposuo,0.8407298
innocor,0.77956194
perspectus,0.47418112
demons,0.72001874
sanctio,0.79376686
neclectus,0.67947865
caepium,0.6084609
persecutio,0.70468044
nolu,0.51372343
expensum,0.9490366
interposio,0.7592719
decrevi,0.74059623
dissimiliter,0.72429085
absolutissimus,0.68497705
mal,0.664287
auctior,0.9042077
pulsatio,0.88720196
exputao,0.5724063
exercus,0.5794346
conparor,0.8689136
inmutatus,0.91542107
instigatio,0.74840504
euocatio,0.7805747
opo,0.8263074
adtenuo,0.85827273
commono,0.843732
vehemente,0.8038009
paulolum,0.7762037
paulolus,0.6869803
porrectio,0.76392734
perceler,0.69200265
commo,0.6622611
circumcirca,0.813193
subpedito,0.8932226
usito,0.8452238
pulcritudo,0.9038253
transscribo,0.66863686
opulentior,0.8586464
concordus,0.4838669
corrogo,0.8387561
praecus,0.36332324
usitatissimus,0.84564483
inperiti,0.7936039
trauerto,0.8496264
pedagogus,0.8308588
ratiocino,0.7013459
peiuro,0.5042887
linteo,0.88612115
compellatio,0.75705534
maturissimus,0.7112294
uehementia,0.74622
frequentatio,0.7203388
obpeto,0.6455933
dilegio,0.68742967
ariolus,0.5234531
uob,0.73873585
spartiata,0.89056724
insignior,0.89133203
disiunco,0.8235212
numantina,0.9435133
redintegratio,0.85767394
uerasto,0.6550653
profisco,0.6292504
praecisio,0.69994235
istiusmodus,0.7299688
denominatio,0.7746669
peruersio,0.75937927
minuendives,0.9013529
intellectio,0.72778183
apertissimus,0.7692242
mitigatio,0.7366435
commoior,0.7312883
astutior,0.7463853
absoluio,0.80638146
ueliet,0.82091326
avaris,0.8052833
tripliciter,0.5530012
prodio,0.7182745
clamys,0.7597992
inluminatus,0.85640013
choragium,0.80412006
obpredior,0.48395357
inuictissimus,0.80275774
abscisio,0.82722896
thasis,0.710941
uiminacius,0.77940357
absydi,0.78968364
aquilis,0.6745372
ieceo,0.80986214
confugeo,0.67079496
kalenditulum,0.9637005
eitus,0.8858196
cancellus,0.8555559
uoc,0.78836995
honesta,0.7181852
quinctilis,0.91715395
uolgarius,0.7765515
astipulator,0.46105126
electus,0.7809638
neglexo,0.8765575
recto,0.64998937
cauilla,0.647744
immaturitas,0.7927832
funestior,0.6625024
ins,0.51433694
procrastino,0.65070826
luxuriens,0.8268739
erucium,0.7628559
commenticium,0.8255702
relegatio,0.9145019
amando,0.6778422
exprobror,0.7379646
ueientus,0.84215724
uiceo,0.4354719
immanior,0.8121682
obliviscor,0.8351437
percusso,0.800653
deieceo,0.94976234
reduuia,0.6129977
iaedo,0.47532248
appendo,0.7948476
reservo,0.6606641
mendicabula,0.7767763
qum,0.71663177
auarities,0.7630223
nominito,0.79168445
memordi,0.95492315
uocifero,0.8755978
thasia,0.6770438
compromissum,0.8596848
abigeus,0.6455617
munificentus,0.7440536
explodo,0.8887228
decisio,0.8722167
qvod,0.8049952
repromissio,0.86130184
peter,0.49256974
uitai,0.7829
insertus,0.65975225
diuerbo,0.7098998
globo,0.5244902
multigenus,0.67697954
turicremas,0.86450744
balantum,0.8807807
organicus,0.778577
adamantinus,0.88545555
hausio,0.72561955
transmuto,0.7222557
maximitas,0.72893864
vnicus,0.89481187
procresceo,0.5633725
raucisonus,0.89940107
omnimodus,0.7253735
formamentum,0.48721913
poeniceus,0.5563271
sterilus,0.49855185
itis,0.5740389
mutabilitas,0.8126834
positura,0.7886808
caulae,0.82960904
moderanter,0.5141916
primigenus,0.46052653
uietus,0.6574019
florifeer,0.3952114
aborior,0.5023833
cunctantus,0.56296694
indeptus,0.89113843
fulgidus,0.8034543
chirum,0.6404526
mixtim,0.7197637
animalis,0.8725925
torto,0.77441484
liqeo,0.7257562
ranceo,0.66924304
exos,0.70899975
contage,0.7498587
dispositum,0.81375957
homullus,0.7275564
eunomia,0.68544745
praecipitanter,0.6761826
tex,0.46181938
tuio,0.9008742
aeres,0.4924853
substro,0.88571
contrudo,0.82537603
oculiue,0.6984031
interposiio,0.7358445
capripes,0.83631074
renuto,0.63215363
differitas,0.48420388
circumcaesura,0.7771912
triquetra,0.6792775
romulida,0.69754606
credie,0.67491496
troclea,0.43974778
babylonicus,0.7593646
uiuesco,0.7699506
caesium,0.76436543
mammosus,0.898448
amaracinus,0.5442363
uitaliter,0.79126686
diluceo,0.7668488
gignundus,0.4625045
gelum,0.76318955
omniparens,0.81553286
recresco,0.797384
innumerabiliter,0.80961955
lychni,0.8177532
subortus,0.44960594
melicus,0.8844494
coperuo,0.64374644
necesso,0.6048635
superantus,0.59843063
omnigenus,0.83478785
globum,0.79277277
largifluus,0.6194382
flaccidus,0.6951701
uersando,0.45180818
donique,0.53359157
euus,0.70858496
uulpa,0.46345752
bucera,0.68442017
ubus,0.7989343
effutio,0.43267038
pellacia,0.4814857
alsia,0.6310311
vnguis,0.80148876
molossum,0.7995689
circumretio,0.7221322
admemordo,0.91029
canentum,0.7057773
pollor,0.8016459
saeuitudo,0.80209243
conuerro,0.5618764
ueliuolum,0.83789945
frugiparus,0.83122313
pertexo,0.84695214
imbibo,0.6626617
uesicula,0.7759255
displosus,0.7927661
vro,0.69139934
corrado,0.65485567
conom,0.78952384
prester,0.3508727
recello,0.49837142
dispando,0.7916473
scintillaris,0.75782067
oppilo,0.70277536
arado,0.7613597
inanio,0.69125473
meru,0.6119175
glutio,0.6092709
pestilitas,0.6945417
brittannus,0.699391
rancidus,0.78715795
remedo,0.6334341
aerumnabilis,0.680617
contagus,0.59408355
delcio,0.81058127
exoreo,0.6710183
infantibus,0.6311605
laetas,0.7040702
fluctifragus,0.8321216
uuesco,0.7019222
persedo,0.8296012
aculeatus,0.6413281
fodico,0.8073431
squamigerus,0.7167877
durateus,0.33214062
sanciio,0.3384317
denseo,0.82656026
uigesco,0.6666546
fundeo,0.5833613
simplice,0.8097995
opella,0.62028795
albicasco,0.8937945
recento,0.7664162
tonsilis,0.58226365
praepetis,0.9453461
inretio,0.8829891
ingemescens,0.78642535
oaptutu,0.44568613
adseruans,0.70039564
academius,0.59315604
optutum,0.39444822
tremibundus,0.8935923
inlecebrosus,0.8325677
spiniger,0.74039567
arquitenens,0.8750092
dispargo,0.4888251
haeresis,0.780594
dispolio,0.71801305
manuor,0.5633426
obba,0.7725614
cocio,0.9015688
lanitia,0.82845664
elucifico,0.96683204
bibosus,0.7834075
transuersus,0.74996847
decidua,0.77191746
fullonica,0.8852094
miseriter,0.45645362
mendicimonium,0.71578205
moechimonium,0.5021731
adulteritas,0.5168707
depudico,0.6697145
abluuium,0.54971844
elutrio,0.8480382
demolio,0.8139001
astricus,0.6496479
expoliueo,0.86256486
mellitus,0.90596074
turgidulus,0.75206625
tracia,0.5854013
dormiendus,0.646478
inlepidus,0.8692672
febriculosus,0.77780914
peraeque,0.8752538
ecfututus,0.78876996
ueranus,0.74182826
curra,0.7273273
pulcre,0.8607734
reglutino,0.6898514
inger,0.9467803
amarior,0.7397094
ebriosior,0.882399
adoneus,0.7791329
false,0.70224273
sirmio,0.55343497
ueronus,0.50099576
sapphicus,0.67883265
urius,0.48645532
insapiens,0.7597283
sabo,0.36863476
sestio,0.8628644
legeus,0.56772864
sauiatus,0.7577575
praetrepidans,0.89968264
loquella,0.8370466
diona,0.8397093
au,0.3648907
semihians,0.4791976
albico,0.8078681
labyrintheus,0.88853574
contremuo,0.80689144
fauonis,0.7674756
unigena,0.6846695
construco,0.7708754
ueridici,0.8139075
ariadneus,0.84599614
gnascor,0.83026135
arpocras,0.80391324
quintia,0.7722242
realligio,0.6516036
moechor,0.8476463
immundior,0.4556457
pipleus,0.61363316
spurco,0.8698175
hellespontia,0.7650891
ostriosus,0.591979
condemnor,0.85906386
argentarium,0.6336788
herciscundus,0.93190813
convocor,0.8126092
reppulo,0.80146027
epidicus,0.8112107
pertenuis,0.7219609
conventum,0.80219257
conhis,0.51685345
proposo,0.7396134
impudentus,0.7817861
bacchides,0.8294879
tendicula,0.7876774
ual,0.60208416
agnor,0.75937885
arbum,0.41949835
usucapio,0.8847952
incommodo,0.80174625
lam,0.52228385
deiecueo,0.81079465
aurarius,0.7959125
deiecio,0.7510757
possedi,0.49177745
quiritius,0.91655535
hirtuleius,0.85299397
rutenor,0.7382137
iniuro,0.526774
multas,0.7158252
oporter,0.5489318
delinio,0.78131115
pelicatus,0.7231375
scir,0.688439
magia,0.61151093
reciperor,0.85838115
investigor,0.8022002
quattuoruir,0.73023546
nu,0.33004245
corrus,0.36212105
desi,0.66806483
harenarius,0.6322706
pharmacopola,0.83338475
circumforaneus,0.8026377
conscendeo,0.43855423
diogenes,0.73678756
exercitor,0.87706995
suppressio,0.67745495
reddu,0.4310469
inanissimus,0.825349
condemnatio,0.8291285
circumvino,0.7341701
dicitus,0.67649806
sedatior,0.83173835
rumusculus,0.80102754
obiectam,0.7746222
aestimatus,0.80106884
lic,0.5575472
praeiudicao,0.8266841
interfeceo,0.742977
egnatis,0.7931819
uiolentissimus,0.7519438
def,0.6372752
privernor,0.9000546
uoconium,0.81669664
punentia,0.630878
importunitas,0.89874613
huus,0.41038543
potuus,0.5047018
exsectio,0.75670457
tortuosus,0.93836856
conscriptio,0.7943677
fabraternus,0.8458057
adfictus,0.8047457
iniuriosior,0.6842579
superbis,0.69694614
pastio,0.871547
puditus,0.7081976
processio,0.64611995
simmus,0.53010786
redempio,0.7924084
malefactor,0.7270056
pervinio,0.90634704
suscepto,0.4531454
autoritas,0.45668548
exercitatissimus,0.67908406
periniquus,0.8838251
pugilatus,0.82537127
saliendus,0.85020244
potentum,0.7978803
parcitas,0.85277915
morosior,0.61622053
sterquilinium,0.83717275
prompto,0.65040505
ubicus,0.9002095
augmentum,0.7048359
conuero,0.575951
sarabarus,0.8323746
orichalcum,0.50996953
secueo,0.7185691
ema,0.36490604
gratiosissimus,0.6514986
tame,0.7578355
officiosior,0.7593386
maleuolentia,0.83445895
versor,0.40534666
semihora,0.80720663
multatio,0.6915145
obductio,0.695463
insequo,0.84733546
hmult,0.59589756
improbito,0.66544664
scaus,0.74637246
inertior,0.7306808
spoliatio,0.80211675
nundinatio,0.67165303
coronarius,0.85834
adiunxo,0.67675006
qvi,0.85241276
obsoletior,0.711371
designavo,0.69673026
intercessus,0.6178607
uendibilis,0.5871577
adino,0.8046844
cvro,0.7574233
nummatus,0.7870571
datio,0.71514857
trebulanus,0.78884786
quoqui,0.6540561
sicc,0.63278985
imio,0.866397
constipo,0.7468955
plebicola,0.44069532
compa,0.5424241
fraudulens,0.80071986
elaior,0.6493368
luxurius,0.52055466
gratificatio,0.6307504
vendo,0.8283605
accommodatissimus,0.7557362
plurus,0.616598
laecus,0.72356117
perditor,0.8527891
increpuo,0.7341197
sagacissimus,0.7983328
fortissimi,0.82438815
euocator,0.64091516
immus,0.66629356
optulo,0.45841256
facinerosus,0.9373914
conivere,0.82342166
dilucesco,0.85858476
hie,0.38460803
credino,0.8080394
circumsessum,0.44730127
oppresso,0.8156412
singu,0.5167935
dissemino,0.86318713
cyprium,0.7993
muc,0.5200261
perfungo,0.83300143
repudiatio,0.7037318
adripo,0.8421514
titia,0.8222402
occupao,0.8273487
coemptio,0.84434366
proavus,0.73516566
uigilanter,0.62319255
adipisco,0.74988407
syngrapha,0.8629912
aequabilitas,0.78616637
mitylena,0.7303159
uol,0.7268669
unumquidque,0.74554324
manilia,0.7812884
aequatio,0.824453
testificatio,0.70352507
seductio,0.71153903
sargus,0.5543762
coniu,0.64443994
heeo,0.67060864
prauissimus,0.7908443
eripior,0.71110874
pud,0.4523439
propulsatio,0.46417147
serv,0.62997895
lapidatio,0.7979868
offus,0.4536742
coruncanium,0.8094386
praeclar,0.8477287
adreo,0.5726871
importunissimus,0.8343413
uargunteius,0.79806805
misericordior,0.4197216
hom,0.63759977
regi,0.5708806
heraclia,0.65388966
heraclius,0.6790968
adambulo,0.75814927
iniur,0.47884405
reliquor,0.41279495
iudicaio,0.43375465
patefaciendus,0.8118505
tolus,0.61799747
cupia,0.65179586
pernecessarius,0.7409379
tabernarius,0.6449526
refella,0.8583529
retenio,0.7476531
fre,0.27639514
temnus,0.78442913
lysania,0.88155127
fufia,0.85413206
apollonis,0.79134107
castricianus,0.7261958
nysius,0.74462426
pergameni,0.85508263
castricius,0.77707005
falcidius,0.6294491
adflixeo,0.76962954
expeditior,0.85934377
messius,0.5641909
gl,0.7040473
epesis,0.69665396
gradatim,0.9573329
diadematus,0.6085236
miserrimi,0.6279714
alt,0.6154957
revixo,0.34388465
pseudothyrum,0.7918786
sis,0.59254193
praerogativae,0.8603274
hstudeo,0.71292955
real,0.3935531
observantia,0.7918644
diribitor,0.7503555
derelico,0.75600153
conuocatio,0.6128671
reportao,0.77468365
uexator,0.6155152
bonar,0.7294354
uniuerse,0.6375821
cosconus,0.89214003
inclusio,0.53957057
impurissimus,0.4023583
edixo,0.77988297
consecuio,0.6645193
thessalonicensis,0.49349248
replo,0.67565274
ev,0.48819235
exostra,0.7291465
taetra,0.3671346
domiio,0.74285924
uiriditas,0.8969932
sir,0.60400856
praedicator,0.740772
praestabilis,0.8468106
eliceo,0.7511053
comme,0.5558224
gaditani,0.8061513
dicatio,0.38026598
postliminium,0.9423186
concesdeo,0.6440732
insubris,0.85600054
rat,0.7470833
gado,0.7004619
facus,0.59635603
tugio,0.48365226
uticendo,0.8186528
maso,0.5478222
adoptatio,0.85629225
adaequatus,0.75224435
dimano,0.48338747
maledictio,0.6944321
titubanter,0.765465
pontificius,0.9055582
neon,0.68320525
alexandrino,0.7590085
cuicuimodus,0.7342155
cogniscor,0.77982336
herennis,0.8646797
pastoricius,0.61886173
mineus,0.3112142
prolapsio,0.47213787
collocaro,0.48825556
vestio,0.9107319
contrunco,0.85062754
percelebro,0.6636522
seiunctum,0.8744238
seiunco,0.81175065
inlaqueatus,0.8312371
cognus,0.48312488
uelia,0.92340857
ostens,0.860873
intellexeo,0.8291933
expiatio,0.8741226
praecentio,0.58103955
libatio,0.7579882
sibyllinum,0.8493161
nulli,0.8704397
introspico,0.787773
theodosius,0.53108144
effrenao,0.8255413
fasceolum,0.43079168
fallacissimus,0.5664433
regnavo,0.7640492
conluuio,0.88714224
gellius,0.59116805
adligatus,0.7502393
putealis,0.6912465
duumuiratus,0.82579654
obstructio,0.76402664
uirib,0.5685739
sordido,0.7497217
suscepo,0.8322798
xxi,0.85215324
demerdo,0.8667917
lugor,0.7514675
xxiv,0.76210463
pessinuntus,0.83931375
xxxiii,0.61354834
nitedula,0.6948539
gauia,0.6929027
xxxiv,0.7028926
cispius,0.7912111
concertatio,0.90792024
facinerosissimus,0.7844896
messorius,0.785897
xxxix,0.680584
docilitas,0.81524783
turbulum,0.4414366
petulo,0.75024295
insaturabilis,0.8145957
declaratio,0.82972115
conlacrimo,0.7230194
festive,0.89375305
seveo,0.5668478
invulnero,0.8387073
gurgustium,0.7582499
inhalo,0.68853563
bustuarius,0.4080822
oblite,0.7778771
mediolanensis,0.64951134
despicatissimus,0.4882726
libidinosior,0.7020942
expiscor,0.704918
argutior,0.7966471
expresseo,0.5650992
profitio,0.5636141
aristarchum,0.81899416
symphoniacus,0.6814399
bessicus,0.4553778
direpior,0.7979701
cherronesus,0.8314041
debilitatio,0.6515094
abiectio,0.7366341
suavus,0.7223995
nuesis,0.5249049
abstrusior,0.44422707
procreatrix,0.70048237
hermodorus,0.68870384
colophonis,0.50400686
admirao,0.48720932
reb,0.6459706
cretio,0.73619497
exercuo,0.5027827
umbratilis,0.7965307
periclito,0.41843805
pervoluto,0.67914176
patremfamilias,0.77675617
incitatio,0.7856212
scalmus,0.8322754
lenitum,0.7369492
libert,0.64328194
erudis,0.87119
nidulus,0.71290106
administrator,0.78521496
agnascor,0.85576236
controversus,0.6102493
hostilianus,0.5869715
subnigo,0.7997352
bellissimus,0.66169435
ph,0.58901197
prum,0.8190868
argute,0.72912246
sessio,0.8345746
relaxatio,0.6093705
rusticor,0.7589928
vts,0.674202
baiulus,0.7715075
uirt,0.6946045
loquacior,0.48400092
fex,0.54144853
hieroclis,0.7045406
sustus,0.8500508
revereo,0.6455327
dilorico,0.76513696
subductio,0.6146356
uniuers,0.6041289
percalleo,0.7884249
mansa,0.54063064
semidoctus,0.7313148
xliii,0.57199115
simulatum,0.43474528
intolerantior,0.67526895
exc,0.58927774
antonus,0.76925975
plancium,0.9220358
iocandus,0.63816583
caute,0.84195423
superstitiosum,0.6614328
salsius,0.7078042
salsissimus,0.5921615
immutatio,0.87892264
pulchellus,0.61695546
cors,0.60183984
discrepantia,0.84231675
eiero,0.8058357
cincius,0.8727083
mov,0.67501366
communitio,0.66406226
incitao,0.5739898
incls,0.52782065
prolusio,0.75030816
lxxxi,0.64482445
rep,0.6501248
expo,0.71805865
comprobao,0.81621665
descriptus,0.6485567
pignio,0.71872026
enucleatus,0.7271557
quadrimus,0.8177315
congruenter,0.80134577
dilucido,0.6000469
adsuefao,0.79879713
admonuo,0.74548435
disiunctus,0.8734726
academium,0.7459505
carneades,0.8199595
aristotels,0.70100534
elicieo,0.79552555
als,0.3588835
obsoleto,0.5984212
dulcitudo,0.7130699
infuco,0.81240785
stupesco,0.7276151
politicus,0.6009989
fugiendisve,0.57484317
hippio,0.5277423
damo,0.55803996
coruncanus,0.7249243
utros,0.91760415
conscripso,0.7863289
syracoses,0.8874522
conon,0.7725998
fabricatio,0.6840943
saxifragus,0.35588515
pavimentum,0.8770292
uolvi,0.70675784
inuocatus,0.7739619
modifico,0.5822817
prolao,0.78792536
chorius,0.82426775
tristitus,0.5119575
imminutio,0.7593719
inflexio,0.83573365
tauriscus,0.8061098
fistulator,0.8670184
singularius,0.58564043
uisno,0.66189164
auscultator,0.45880798
uituperao,0.77048385
concisio,0.68799263
superlo,0.76445246
carcerarius,0.6431236
coaedifico,0.5859109
macesco,0.8587525
neglixio,0.40692475
provisio,0.8282224
sedao,0.7549336
fallaciter,0.8643033
aequissim,0.6374361
informatio,0.51148057
resistendus,0.75463593
auc,0.45014182
argume,0.51562333
diuerticulum,0.3716036
fug,0.6762366
aeq,0.6503204
enucleo,0.81420785
vticus,0.82096446
invenueo,0.89739835
pervago,0.8622141
mastruca,0.76093245
inlustratum,0.42875576
cepeo,0.82596266
eiulatio,0.74766254
adsignao,0.79747397
naulum,0.76237434
adf,0.66348946
uiculus,0.8338471
clad,0.6503044
pratulum,0.7447977
reputaio,0.59393203
perspexi,0.8275866
polo,0.4073282
eui,0.61197317
sescentesimus,0.8786099
perantiquus,0.51990855
prodita,0.86753
adventicius,0.75101215
dissipatio,0.76742196
esquilinum,0.65647477
subagrestis,0.78978574
umq,0.5362997
pompilis,0.9355039
sybarim,0.7463027
croto,0.7698448
riuulus,0.8635024
cypselus,0.86485165
cypsel,0.8647389
titiensis,0.8299768
tignarius,0.8276199
nul,0.74118406
tricipitinus,0.89933515
illus,0.71598625
inpendeo,0.67807305
larcius,0.75397086
incommutabilis,0.547722
axinus,0.4627182
digladio,0.8374184
nee,0.64009404
uno,0.35263222
contrectatio,0.7648933
propr,0.7064918
alacrus,0.8361146
stellifer,0.82784176
eluvio,0.5792173
exustio,0.6952177
postulaio,0.7073027
decrivio,0.41388953
poeniendus,0.7736756
apenninus,0.4010393
cassianum,0.75244355
clodi,0.89791703
speratus,0.77714574
anteuerto,0.7854017
mercenarius,0.81514543
audace,0.47738487
tit,0.41819158
infidelitas,0.82108307
iudiciu,0.8102366
reuiuo,0.56061685
inuid,0.6463827
quib,0.63129985
excepeo,0.7517059
glandiferus,0.49122244
egere,0.5436503
responsito,0.7296806
disseror,0.86085594
suffimentum,0.72487366
incaus,0.4375317
mamilis,0.8286942
diiudicatio,0.5545526
plebiscito,0.65470874
florenter,0.5153807
oppresseo,0.3960211
sur,0.5159712
saepimentum,0.50853586
educatrix,0.5417833
usitas,0.8749041
locrum,0.7664515
aspersio,0.85830784
removeo,0.74054945
constabilio,0.60001457
hpythagorus,0.8398712
evanuo,0.7683406
inpia,0.49900177
pugillatus,0.47324878
violano,0.5937991
inquaero,0.6153878
adscribendus,0.5335136
denicalis,0.79193234
operimentum,0.76463056
poplicola,0.819488
tubertus,0.8981409
menstrualis,0.82820237
respersio,0.75840336
esco,0.8199607
cenaticus,0.5595553
aeuitas,0.73039407
ec,0.50384855
creatio,0.5361346
repudiao,0.7980108
simpulus,0.6712038
xviiim,0.69050395
promulgatio,0.8256322
uiolaceus,0.77603275
lathy,0.8251059
cauliculum,0.8438215
racemo,0.7548013
zenodots,0.5781646
pascero,0.8179822
maluus,0.72016704
furenter,0.7179612
aethereus,0.8641927
minusne,0.8115037
urnula,0.79076123
inrisor,0.6118215
daimus,0.82237756
reliqu,0.74477196
denuncio,0.63997126
petiio,0.70148575
pompo,0.45984852
supparis,0.63673747
subobscurus,0.7801333
digriteor,0.855276
limat,0.74465954
sauior,0.63993233
syracus,0.6282031
syracusio,0.5936489
protogene,0.6787726
daedalis,0.8848753
paullus,0.81872404
eiio,0.52456665
legitumus,0.65277135
indisertus,0.79717195
defensito,0.70062065
fufidium,0.7920422
mamilium,0.90078056
iugurthina,0.84860206
sabellius,0.6566163
criminositer,0.7604353
commemoror,0.54036075
consultus,0.7829883
superor,0.6866322
deveno,0.7405484
uispillo,0.8312353
afella,0.7227584
ieiunitas,0.40809095
nitens,0.7652918
deliquium,0.6782409
cratippus,0.77232957
subrusticum,0.6549338
ieus,0.3859821
liquidius,0.87305117
charis,0.5417105
capus,0.72133577
elucubro,0.7279797
menippus,0.85299593
adramyttenus,0.85683906
comprendens,0.7317009
coniunctim,0.78277993
vixo,0.4986372
crebritas,0.52898055
opor,0.65664506
subrufus,0.73747003
nuculeus,0.8825244
attis,0.80246377
attio,0.79456234
similitudus,0.65758693
promico,0.61978996
archilocus,0.7374804
pindarum,0.50138783
ingressio,0.8122582
rectissime,0.6943724
porrexeo,0.78159064
panathenaicus,0.83287233
calchedonis,0.80748296
erudo,0.55756813
duritas,0.75268424
democro,0.4033106
incitatior,0.78117186
robuste,0.44352472
quantulumcumm,0.48958856
argutium,0.7367195
lapidarius,0.65055156
quotiescum,0.86359626
duellis,0.6273235
inusitatior,0.8012175
aspiratio,0.8519844
cartagi,0.8268684
offrenatum,0.4559359
frequeo,0.73433656
decurto,0.82991815
unusne,0.5625955
appar,0.5857542
iambicus,0.8475893
opiparus,0.4441749
circumscripte,0.745371
cornelianus,0.6022507
infercio,0.72085536
primvs,0.9208284
senatusconsulo,0.825401
attium,0.7838177
antecursor,0.82518137
longinquior,0.7725227
ualereum,0.7318926
brutius,0.7004196
studui,0.7930068
igilium,0.58109915
sicor,0.4533097
afrane,0.73862237
editus,0.6594682
supporto,0.8227385
exinanita,0.61660194
sicorim,0.45442164
nostrs,0.5547229
iurisiuro,0.77535796
pabulatio,0.8769067
obsecror,0.46519935
laridum,0.8266523
contignatio,0.8649716
storia,0.7141712
capreolus,0.9087274
ordinatim,0.44615358
contigno,0.7156107
edundo,0.6192272
carmus,0.45641893
hispalim,0.7957041
panicum,0.76138276
saburra,0.7727077
lenunculus,0.7303599
tertivs,0.8445556
ceraunio,0.7052166
constro,0.64800155
provicio,0.6775113
liburnae,0.83789927
dalmatus,0.6073005
praesecio,0.42182228
amantinus,0.7503694
gladiatoria,0.7299266
thurius,0.7319044
increbesco,0.84037286
sentinus,0.4004756
uectura,0.8648605
chara,0.7365172
affec,0.6301857
conquisitor,0.6865379
ambulatorius,0.8546556
ganymedo,0.7788712
cx,0.6889312
periclitas,0.42920056
deleto,0.77455974
comanus,0.4307608
nicopolis,0.84254265
interpellao,0.48443115
italicensis,0.4679559
uernacula,0.81047547
frendeo,0.54785854
modialis,0.4688918
ule,0.7549945
pharnacs,0.8792323
mazaca,0.5480315
zelo,0.5761711
circumposo,0.73515064
interciso,0.44557917
coartatio,0.7271558
allico,0.8202996
axioma,0.83735275
aristoxenum,0.8258233
spirabilis,0.794842
caliginosus,0.77957594
cineus,0.7917832
concretio,0.7935791
physica,0.9147906
secretio,0.7015983
revero,0.5884914
melancholicus,0.8054348
democritum,0.80596244
theombrotus,0.8028839
not,0.48329848
hypanim,0.75949883
bestiola,0.86872995
humatio,0.72065455
sentiendus,0.79442716
sangus,0.7468991
leuctra,0.41376954
diagoras,0.8592047
diagora,0.4161726
oppeteo,0.78195477
codr,0.8276029
extinctio,0.8182471
passis,0.62779486
reflao,0.84016484
met,0.33143902
uituperator,0.72837687
anis,0.5420951
lusito,0.47263154
upupa,0.7377562
trachinius,0.89830595
intoleranter,0.87791383
functio,0.6751415
olympis,0.851892
toleranter,0.7772054
forticulum,0.50885504
nipter,0.72734857
serviliter,0.77575827
emissio,0.8730042
aera,0.4438238
exaggeratio,0.85751104
uenditatio,0.6820428
pac,0.60512555
inuidentia,0.7127364
invidentia,0.89684284
reuocatio,0.6176122
fruiio,0.3267436
epicur,0.7628142
fiammo,0.5508274
cyrenaici,0.8246775
parietina,0.36811525
accianus,0.77789265
opinabilis,0.88961446
halicarnasi,0.880553
alcibiadus,0.8703073
chalis,0.51923466
accomodo,0.8101424
matus,0.55941
inhospitalitas,0.84536266
uinulentia,0.7719551
cuppedius,0.70808774
proclivitas,0.8371689
uitiositas,0.81250656
percursio,0.6457935
hebetis,0.84157646
deosculor,0.8708331
pervolgo,0.8380593
sitienter,0.5554476
invexo,0.6802248
arruns,0.90347475
placatio,0.75823426
receo,0.6278273
laetitio,0.65702474
myrrhinus,0.68208975
rogor,0.7411601
stirpitus,0.7618647
affluenter,0.66629255
antisthe,0.9133034
citieus,0.79833114
epitaphium,0.71513116
soliuagus,0.56154084
uacuitas,0.78290534
praedicabilis,0.697955
maeoo,0.7594804
industris,0.4720986
cylindrum,0.82737553
suavis,0.41065836
balbuttio,0.46130574
vastus,0.677428
apricans,0.45283866
leuiculus,0.6318021
exsuperantia,0.7954809
infinitas,0.7825408
mundanus,0.46603027
defugiendus,0.67363954
effectio,0.7341975
lau,0.75715697
fillus,0.66757834
socratica,0.76945984
exhibiio,0.78199667
dicibo,0.40126044
inuestigatio,0.81800413
condolesco,0.44092757
potesneo,0.5876098
deiotaro,0.8553202
rubidus,0.81425214
suspitio,0.80745125
rugo,0.8007984
hierus,0.511977
consentinus,0.8299375
deorsus,0.78017426
atomium,0.8737672
priuatio,0.8175204
concetto,0.8003993
porrectior,0.73954064
patefactio,0.6221415
luculenter,0.7083528
situlus,0.52396995
carneadus,0.85895926
pyr,0.50419825
aristippio,0.81391466
selectio,0.75438446
commemorao,0.6989678
uoconia,0.90317976
impetibilis,0.6207905
caius,0.59300816
assido,0.6565412
adolescentulus,0.7564019
chalo,0.45445055
indulgenter,0.8352264
peragratio,0.43480372
aristidus,0.7883011
flagitiosum,0.6305697
proegmenus,0.3867729
j,0.4324628
conlinio,0.7344799
ads,0.45647076
gloriatio,0.69736177
recter,0.5254358
uituperabilis,0.66880536
praepos,0.49529654
communitas,0.9086293
ets,0.5652201
squalidius,0.3868525
conseruatrix,0.8123156
descivo,0.8031229
imponens,0.82677364
croesi,0.7450216
absolvdo,0.41167337
sorites,0.69471526
perfe,0.5587126
praestrigia,0.71778154
illustrus,0.8505149
carneada,0.8127344
hieronymunm,0.7688279
lienosus,0.7494511
expletio,0.47196013
oer,0.4913961
tudi,0.51439714
endymio,0.83300686
dieio,0.4255495
comprobatio,0.7293629
aristis,0.46927547
procreator,0.7026125
concupo,0.49264556
corporatus,0.6578269
cerneo,0.7345743
medietas,0.7057187
particularis,0.58276546
moto,0.8599806
medianus,0.60018134
optutus,0.4623451
circumvectio,0.54983395
mercurum,0.6984024
pinnigeer,0.7884578
aquatilis,0.8983136
animatio,0.7280213
generator,0.8112426
indissolubilis,0.81955165
neutiquam,0.86736345
permixtio,0.7828829
abscessio,0.701211
trebatus,0.6559976
requisio,0.6352138
pervestigo,0.72881234
coniugo,0.7232348
coniugatio,0.89745307
fornico,0.5673778
annexus,0.5235351
y,0.5502862
omnianus,0.7163757
indagatio,0.724383
verus,0.6553873
gratifico,0.6983167
atqu,0.7111862
percusseo,0.8345906
foedifragus,0.6657382
colligatio,0.7834527
quiobrem,0.8225305
excellenter,0.52719444
plataea,0.6213462
potesto,0.7489574
parentus,0.44840908
placabilitas,0.42037863
quaesitio,0.61163116
antegredior,0.7637082
referio,0.39171964
affabilis,0.89931226
formositas,0.4452142
accubitio,0.6415204
impertiens,0.40053606
intelligentia,0.7173994
inrigatio,0.8477823
cohibo,0.78529537
accommodao,0.7160781
equitandus,0.748924
apparitio,0.57957053
cimonis,0.7749486
octauii,0.71486604
oeconomicus,0.6886114
cohorto,0.6323912
excelsitas,0.7353146
detraxeo,0.8074672
supplanto,0.7984022
otio,0.3768193
canium,0.62834513
pythus,0.7214321
aquilianus,0.79008895
duplum,0.9007354
testamentarium,0.7460712
fraudium,0.69619787
gygo,0.7759499
debeatne,0.7060102
caudium,0.8578319
praov,0.6262394
inimicio,0.7035024
redamo,0.5219068
affluentus,0.60644877
fractus,0.7613442
intracto,0.7539511
adiuuis,0.7930058
intempero,0.64488137
exarseo,0.7799988
timonis,0.80109763
solitarium,0.78167945
terentianum,0.5480113
repugnanter,0.807139
indua,0.6991838
rusticatio,0.39402503
saepiculus,0.83065534
xenocrata,0.90565157
coruncaner,0.43491465
tempestiuitas,0.43736643
operto,0.5545572
epularis,0.7845113
refrigeratio,0.80380476
occatio,0.75822306
tepefactum,0.7582896
herbesco,0.6892107
patrix,0.41432166
silvesco,0.6608537
dulcesco,0.68003166
iugatio,0.8174082
fossio,0.80536747
loquacus,0.76990736
cultio,0.69124043
cyris,0.4548243
honorabilis,0.79962635
absurdis,0.8864512
tartessius,0.87541926
conglutinatio,0.79657143
solonus,0.83850914
aminus,0.52516854
admixtio,0.82645106
praesensio,0.7887727
assyrio,0.61887836
observito,0.59977555
cilicum,0.6207759
fulgus,0.40421626
ranunculus,0.85047126
uranium,0.73509043
cilic,0.7451228
pisidus,0.7554752
obnuntiatio,0.80336994
monui,0.7488713
syracosius,0.4941317
deletus,0.8404519
eudemus,0.5217103
politia,0.76988333
taetris,0.44875687
praesagatio,0.7316993
angiportus,0.78348184
ritualis,0.75840366
lysandrum,0.7379092
circumplico,0.65738964
plutonium,0.60438716
xlium,0.6513729
adsessor,0.79748493
ambestrix,0.8298247
nibil,0.36607644
praerogatiua,0.837065
uig,0.5229894
anaximander,0.8097403
explanator,0.6392791
nosus,0.4859538
babeo,0.3937182
rco,0.4695319
previsio,0.55622476
elius,0.43363348
tempor,0.4677763
perflabilis,0.8662913
indomabilis,0.6676599
pinarium,0.7624764
hippocentaurus,0.7474333
miratio,0.6060513
mitifico,0.6803695
inconsideror,0.80176944
aius,0.8441501
solistimus,0.8737267
frequente,0.39210045
praeneste,0.90414804
cusiu,0.66496456
cassand,0.7636863
proclis,0.8418659
eurysthe,0.89044493
resego,0.752339
omnesne,0.7072822
uxorculum,0.85170376
diuinum,0.72913325
mat,0.40474007
herodotum,0.7833842
croesum,0.6947063
serapa,0.88312155
citharista,0.8998098
pervulgao,0.7570966
edomita,0.71840954
individuum,0.68692565
eveno,0.82739055
concubeo,0.41535464
pelus,0.61224985
allienus,0.7083849
leptim,0.6392438
impt,0.5167799
subporto,0.6466606
ecum,0.6766135
accedeo,0.49295455
prospeculo,0.3056993
trieris,0.7606267
avienus,0.5714203
explicor,0.815032
xxviiii,0.8063665
hadrumeo,0.8336836
praepilo,0.51004016
iulianum,0.77372456
ignaviter,0.51018417
funda,0.8066585
perterrita,0.7618823
fungiers,0.6243578
hadrumetinus,0.43679625
thysdritanus,0.8554938
depostulo,0.6564404
loricor,0.7166077
coagulo,0.8515504
carrum,0.4973494
postumianus,0.7991804
fundanius,0.881069
disteo,0.8013014
nefans,0.44330198
nogo,0.5703771
iugulatio,0.79674053
manumidior,0.79104865
imparo,0.54890144
exesus,0.5588859
transmissio,0.4489735
leucopetra,0.90553826
mineo,0.711051
apollinari,0.7699999
eiectus,0.6957978
emancipatus,0.651198
denticulus,0.7244073
celebratissimus,0.7781579
aleatorius,0.70175266
cauponula,0.99820524
cisium,0.89477986
interverto,0.6007231
nuntiatio,0.8492727
adparitor,0.6672766
occipo,0.69316715
gynaecium,0.75186
pudicissimus,0.8299782
obsolefio,0.7293639
tacueo,0.8120266
uicturo,0.5593593
deue,0.45608163
pallio,0.6689994
impuritas,0.6929424
feceo,0.44155335
adsensurus,0.6937771
inrupero,0.7412352
tracior,0.84200966
uastaio,0.56555426
procrastinatio,0.8103311
audieo,0.84498984
adsensis,0.7970492
absurditer,0.37139374
otto,0.4087243
prohibio,0.44956377
praeposuo,0.42423177
patron,0.562881
recuperatio,0.7878576
inspero,0.7154504
nocitus,0.6476439
morbis,0.4474208
crucior,0.771024
dissoluio,0.7020632
provedo,0.7088324
luculentum,0.7420827
appenni,0.5159315
coelis,0.73036945
mustulentus,0.8333814
uituperandum,0.7517257
puerculus,0.722581
philadelphus,0.8254341
conscripio,0.7386002
placetne,0.5357074
exceseo,0.73883843
odio,0.70625305
madefao,0.44282606
effrenate,0.8823424
absoluus,0.77483296
antecapio,0.62223744
postestas,0.6205591
allobrox,0.73846346
syphace,0.7044333
adherbalis,0.94129527
micipsus,0.804006
adherbal,0.9119013
extinctor,0.5006304
oceana,0.80560756
transuigo,0.4148417
suadela,0.6348001
exquiso,0.51947105
bomilco,0.37749326
bomilcar,0.9229645
missito,0.79899865
uitabundus,0.8262632
confertim,0.8160279
consueo,0.80323243
quisco,0.7791564
acx,0.5180212
congo,0.49468023
opulo,0.79308915
necavo,0.67958736
opportunissimus,0.6807182
ciro,0.46252584
exagitao,0.5694576
tumulosus,0.43874034
illeco,0.84945166
excubitus,0.7120973
affusum,0.72589296
indiguus,0.64288676
dabo,0.3173183
servitum,0.5329338
dehonestamentus,0.89704347
turbamentum,0.76909363
advorsus,0.8128433
moriundus,0.6967616
sucro,0.7940904
excruciabilis,0.73468876
ltus,0.56624687
ratum,0.67184913
samothracae,0.91994244
insomnia,0.723125
nicomedis,0.92153347
chalcedonum,0.5334662
uiburnum,0.86006564
spinetum,0.8013477
luteolus,0.7756555
semiputo,0.82437915
meliboei,0.9275912
aegonus,1.0
mulgeo,0.8804709
hirquus,0.55670154
carectum,0.75534165
bacco,0.47702911
assyris,0.84862673
calliopeas,0.83662647
saliunca,0.6920421
rosetum,0.86366296
uiolum,0.5127231
paliurus,0.8089849
daamoetas,0.8302797
lyctius,0.90094376
concreueo,0.49855775
rumino,0.83406913
permessus,0.7529569
adsurrexo,0.36033115
coder,0.8127375
praesaepia,0.7640246
sardonius,0.8172817
iuniper,0.6519016
ulula,0.64759505
uiuitis,0.7706102
vlico,0.8421341
cyrnea,0.9843607
bianor,0.5757787
subterlabero,0.7930032
adonae,0.8917335
upilium,0.8092785
subulcio,0.83145857
philometor,0.7533504
aristome,0.7220962
mnaseus,0.7740603
aeditumo,0.80292463
arimen,0.7891654
ccclxv,0.82737166
illut,0.7925677
uella,0.65524215
incentiuus,0.7998112
laeso,0.7183676
lapidicina,0.65017235
prolixior,0.828844
fossicius,0.6460501
sext,0.59295595
primatus,0.5519664
uindemiator,0.7277484
sabulosus,0.885162
cclxxxviii,0.8214854
fluvii,0.8024052
tritura,0.7738554
saeps,0.6177969
terreus,0.7185124
uiolarium,0.4166121
requisitio,0.71238965
subulcus,0.9011999
bura,0.56580216
uomeris,0.77735424
incluseo,0.77097553
tribula,0.674296
cannabum,0.73161745
damnificus,0.6942654
aeditumus,0.8232975
xci,0.79385513
xliv,0.32804564
uiteus,0.84538424
alous,0.441046
cicercula,0.7473924
palmar,0.78539234
serpillus,0.76620436
biperteo,0.7787125
intermenstruus,0.7493703
arao,0.9091648
aspargo,0.8277859
auiarius,0.88147736
exsuctus,0.63774824
caldor,0.85640615
nutricatio,0.40092716
alimonia,0.88205075
aliuduem,0.8671131
praegnatio,0.85962105
messio,0.7636044
grandissimus,0.7064621
uentilabrum,0.7553513
ollula,0.7125225
scopus,0.47371876
resipio,0.61528456
eliquesco,0.77756774
denigro,0.663397
lorico,0.63888097
sirus,0.7051158
orbiculatus,0.8092514
uieta,0.7346753
oliuitas,0.4210307
doleum,0.8259079
catinus,0.8221799
neceo,0.76678383
apertio,0.7406429
anniculum,0.7619365
sorbus,0.86670935
leporarius,0.9498123
placiditas,0.76764506
belo,0.5360617
cantheris,0.7281382
faustulum,0.75418067
chorium,0.6296859
novenus,0.83444285
admissura,0.82633877
novenarius,0.88422275
vetula,0.7937119
incio,0.5719299
villaticus,0.64754045
contenebro,0.8125956
genio,0.4895351
pellitas,0.6971854
fecundioris,0.69677305
caprarius,0.74272144
unicolor,0.7401695
noxus,0.6720866
bima,0.77476573
menaechma,0.71953857
adtexo,0.8605716
bupaeda,0.7455232
quadrima,0.6532328
bimatus,0.66783375
semestr,0.79671425
lampadio,0.3809622
hinnus,0.6858854
admissarium,0.82187104
pascior,0.86345226
eminulus,0.6033989
pontianus,0.56087637
metapontinus,0.941744
edulium,0.7993674
mythos,0.47299966
intritum,0.8075374
abrodo,0.35808963
perfrigesco,0.7749088
vulneraior,0.80928785
disparilis,0.6986708
agninus,0.5655405
rumus,0.5994944
apicula,0.6816584
ardeus,0.92145395
adsignifico,0.6548215
hypobolimaeum,0.63090485
aedificaro,0.56969184
lithostrotus,0.7724253
lanium,0.6214168
empticius,0.64841133
ornitho,0.9135968
apprime,0.7770816
lucilianum,0.5386318
character,0.65891945
uillatica,0.8814273
ornithonus,0.99999994
leporarium,0.93133473
pelagius,0.5394343
cibatus,0.8306375
epistylium,0.82447475
uatillum,0.7739643
columbarium,0.8855172
pinguioris,0.85097253
deliacus,0.56243634
pauoninus,0.84388113
inego,0.53303665
perimbecillus,0.5941808
nasturtium,0.9061856
testaceus,0.8305038
leuigo,0.7803415
saenp,0.5349099
fugitiuarius,0.7767344
hippus,0.72782326
geneum,0.6974816
serpyllus,0.8072535
rutundo,0.64343417
fumigo,0.783218
opificium,0.65391636
recinus,0.65388393
uiva,0.50245064
fonticulum,0.5348441
temptao,0.52959025
ingluuies,0.796939
rusticius,0.64358294
balbinus,0.47299302
ianitrix,0.719328
caulum,0.34531337
hircinus,0.75663024
birrus,0.5912213
hermogenum,0.6145122
baius,0.42836475
lippa,0.5757246
beneuentum,0.8292774
oppidulum,0.5852755
singultim,0.74578357
lasanus,0.75379026
uespertinum,0.73230445
ficulnus,0.66694534
chremeta,0.45577198
arbusculum,0.67891407
ames,0.53094184
hibericus,0.7417527
inpubes,0.6030776
mascula,0.7334707
folia,0.6245545
ueneen,0.64191437
complestis,0.7122388
lycambus,0.70078444
petiueo,0.41425014
sericus,0.7682895
fascinum,0.74334365
inaestuo,0.8083638
iterao,0.64642894
termes,0.7575481
unxo,0.4745508
achilleus,0.7586229
recalcitro,0.7812154
adclina,0.45856285
harpyius,0.8054505
repotium,0.6853374
elixo,0.7290096
ofello,0.6532192
elclebor,0.83081675
ungueo,0.41972697
numerao,0.6128795
prandor,0.7930933
mura,0.6907112
fasciola,0.64994985
hellade,0.8250029
commoo,0.64415884
eliseo,0.6940674
byzantia,0.41771954
inma,0.7192212
inlotus,0.7058251
toralis,0.66619325
ruus,0.33760697
coher,0.74059474
praelambeo,0.40210325
cessator,0.7885263
districo,0.6466035
elias,0.49224156
tribolus,0.5871518
eleusina,0.42326024
pelusiaca,0.48589927
dimensus,0.8694685
retinaculum,0.6310625
refugo,0.3918329
proleo,0.81237197
oleaginus,0.53018486
orchadis,0.38622925
turiferus,0.53564656
supinatus,0.92427367
arbos,0.51516986
munima,0.52898824
thesida,0.53742284
caui,0.74386746
procuruus,0.77885
caucasio,0.8477951
taxum,0.49330917
baccheia,0.7387639
ephyreius,0.342758
eurysthea,0.9140322
umesco,0.52275527
instrepo,0.75579333
indomo,0.78983927
cerus,0.43688312
irreparabilis,0.78110355
aduolueo,0.5266065
lanitium,0.71595216
uolutabrum,0.68540096
natantus,0.90156054
praescisco,0.562566
tinus,0.36666393
spinus,0.49877083
uenientu,0.5202407
hydaspeas,0.90272224
stelio,0.779528
careno,0.69819206
tunsus,0.83080536
amellus,0.6532965
insincerus,0.7200219
ligeas,0.45204675
spius,0.43716806
balas,0.47033608
memnonia,0.40490872
irrisor,0.58870745
contempo,0.6456299
salmonidum,0.8429072
arabium,0.52042645
coas,0.64177686
xersus,0.64342886
caucasia,0.78164643
iphiclis,0.736086
ericthonius,0.76460016
simoo,0.39629877
nupt,0.4902678
cappadoxs,0.6575434
persephona,0.8566771
longaevue,0.808741
adones,0.8061
ceraunum,0.64398086
tappes,0.87479925
abiunctus,0.80782646
tinxeo,0.73616
danaes,0.8057476
transilia,0.6249785
incino,0.68803895
flabella,0.7378618
arionia,0.8314397
scyllus,0.655772
maeandris,0.85140854
ellum,0.30874464
loquentia,0.7555233
suffarcinatus,0.5140121
vrbes,0.76349676
gypsatum,0.57547796
napus,0.7332655
frat,0.6291803
culno,0.5350871
perquisitor,0.5109474
subrubeo,0.5932214
osir,0.7994806
ualla,0.41263828
liburnum,0.7646183
byrsus,0.40455237
subuoluo,0.47919232
atrida,0.4580203
oreas,0.7678454
anthea,0.34890586
aeneans,0.80619633
fotus,0.73726463
pellacis,0.64981425
eurypylum,0.7122714
othryas,0.7862172
seruantus,0.56844664
neoptolemus,0.5149373
regnator,0.5541177
affo,0.741571
soniio,0.4701221
dionaea,0.8261059
cotue,0.98433775
corybantia,0.8421613
nimbum,0.4758595
adnigo,0.771763
proluuio,0.38088873
unoculus,0.75744265
laomedontiada,0.45176125
circumuoluo,0.84777117
circumflecto,0.74180776
adora,0.48932683
consers,0.3883598
conifera,0.7184254
helor,0.58223796
lilybeia,0.40757874
persentio,0.8937527
fulseo,0.89701223
mnestheus,0.8326318
infabrico,0.55300593
dedeo,0.3867564
messa,0.48838863
pubo,0.6862562
recincio,0.35020512
eryco,0.6964431
libystidus,0.69662005
uoluiso,0.50345314
pristim,0.7190032
maeandrum,0.94267464
cymbia,0.8253267
decoraa,0.82950586
traiego,0.4160218
diuerbero,0.5703728
obtorio,0.94788826
irremeabilis,0.5499693
pyrgo,0.7659451
naus,0.60458595
pergames,0.39995492
cloacina,0.8463775
soporatum,0.50276107
inopinauus,0.8256884
emoo,0.91467613
eriphyle,0.43220124
lenibat,0.44018036
marpesia,0.8368942
caduco,0.53357244
mersor,0.46159726
omniparentus,0.7238397
aapes,0.48415804
complo,0.4952647
regnandus,0.71012235
ululare,0.49817383
bifrons,0.6713007
dialuuio,0.8771271
innocuum,0.5247221
abolesco,0.5738291
laocedaemona,0.94434047
excidio,0.63848686
debellator,0.63756603
coro,0.7074642
fundator,0.7290749
mutuscus,0.47320864
aurunco,0.7944419
montosa,0.8348739
archippus,0.72327125
pallanteus,0.9113491
luctames,0.6448988
cyllena,0.768484
scelerisue,0.68937063
doliue,0.7708766
mugeo,0.44472203
cauernus,0.94160104
porgio,0.6589566
tecio,0.47347504
deriseo,0.83409613
defendier,0.77652717
pilentum,0.5314541
anubus,0.4499451
pilumnus,0.77459705
quassano,0.7141361
messapo,0.67314285
proeliaris,0.5000895
exhausueo,0.98016816
caedicus,0.6825932
uulco,0.50062066
transfodior,0.87755805
lucetium,0.5660798
biforis,0.5570362
impropero,0.6631636
discusdo,0.7990154
cythus,0.69039845
oricium,0.7723902
euandrum,0.61811954
gorytus,0.54560924
minio,0.44714153
intempestae,0.52605516
anchisiades,0.7200539
exscio,0.7582302
thymber,0.42307934
thymbris,0.8363702
caeculus,0.6991042
sacrator,0.4638596
parthenis,0.7713899
demetto,0.8723687
bellen,0.7376557
maerentum,0.64049023
dardanido,0.78391206
infleta,0.5764936
padusa,0.80922467
amasenus,0.54341394
immulgeo,0.50284135
thermodons,0.5280913
redargueo,0.62276804
aunus,0.46555468
uenulum,0.45619243
carbaseus,0.4490981
la+crimantum,0.97222865
turno,0.3689818
recaleo,0.80217534
conuersum,0.71085477
iapyxs,0.8833599
deposito,0.6181642
paeonium,0.45025697
sax,0.64517236
arboreum,0.504743
paupe,0.70260334
leueo,0.5746269
acroceraune,0.8056984
larido,0.8753948
mercurus,0.89571023
imperiose,0.4437746
dindymene,0.85304135
iactes,0.6754417
ulcerosus,0.8312405
uenusina,0.7859431
hydrops,0.82414734
noo,0.5538316
redono,0.6938145
aeacum,0.8223145
nalis,0.47240236
daedaleus,0.40581995
porphyrium,0.642048
integra,0.7122201
neglcio,0.6179546
pacor,0.88773715
rhode,0.65667236
deuium,0.60267425
parra,0.77108234
oscen,0.69549245
europus,0.75052553
parx,0.7005021
saeuo,0.5026027
succus,0.83229643
tarbellum,0.7154995
aethereo,0.6938095
misor,0.5833717
iugeo,0.79167557
gypso,0.5727838
granda,0.57343024
mausoleum,0.65680933
diuerse,0.5604345
romum,0.5982604
lcio,0.481051
eurymedontum,0.4332074
omphalis,0.7872554
nexeo,0.7124505
cataphractus,0.91158795
asopus,0.69572794
salmo,0.7441397
tantinus,0.5604291
uoluptabilis,0.36868376
conspexeo,0.6728551
nummo,0.5436284
gargilius,0.7973625
tesqeu,0.35357708
opulento,0.504527
incuro,0.6382313
amiculus,0.58299077
ferentinus,0.8503597
inconcinnus,0.28575402
posceo,0.72830695
periscelis,0.73006237
inconcinna,0.8178413
inmemoro,0.6303171
sordesco,0.8354342
mezo,0.56906486
lavinis,0.6636098
silvius,0.9148594
silvis,0.88718414
silvia,0.8930944
romular,0.45138776
pinaria,0.4747774
caeninensis,0.86418825
antemnas,0.8004335
violao,0.77539635
decucurro,0.6914088
lucerus,0.44329447
laurentis,0.73307586
lavinius,0.8164729
obsitum,0.69043076
fidenatus,0.637899
recenso,0.6756718
eco,0.5757438
consultissimus,0.7903708
suoptus,0.81077874
fufetium,0.7921038
deservo,0.69798243
ueient,0.9324429
sororium,0.79286325
ir,0.37142622
uelamis,0.8197628
aventi,0.8273111
murcia,0.6465568
lucumo,0.7930986
tatis,0.77127635
superpositum,0.8211045
tarquinis,0.80602527
uenaio,0.35597485
anieno,0.5163326
fiero,0.5418503
geminao,0.43137357
quadrifarius,0.7892196
tullia,0.87216127
adsenteo,0.45590413
exauguro,0.356166
aquilium,0.66418505
uindicium,0.68908274
sublicis,0.342756
obstinor,0.7150446
herminius,0.6889782
fornus,0.7137064
excitaueo,0.79648304
aristodemus,0.768932
auruncor,0.8661442
piaculao,0.9201747
succidaneus,0.8525784
mansueo,0.8008463
inbio,0.57859814
longulus,0.5517903
coriolus,0.9012817
spreo,0.8183493
tullio,0.4424223
uerao,0.459486
ortona,0.8720118
pugnavo,0.82705027
cumulatus,0.7040926
asperno,0.6759521
cremer,0.8477195
uolero,0.77461326
hirudo,0.70917606
recentis,0.525579
caeno,0.5115613
exstincta,0.64071226
contracio,0.54135156
multifarius,0.49670377
refectus,0.6336932
demero,0.29608986
iuraso,0.775984
uanius,0.7014411
carinus,0.54396445
subitarium,0.7184679
aternium,0.85920054
duillius,0.892912
retrudo,0.72251195
liberto,0.63790274
poetelium,0.7129947
lacrimabundus,0.8330349
congratulor,0.9077737
saevior,0.8167202
honoratissimus,0.8516755
apollino,0.7091175
praestino,0.70203125
macerinus,0.8223071
territandus,0.75732744
incontaminatus,0.45772064
pacior,0.5424287
delatura,0.6151904
mugillanus,0.83893996
ostentor,0.44500455
dearmo,0.45375726
adgravo,0.6610701
tolumnis,0.86107045
tolumnium,0.8361112
abacno,0.82128036
semester,0.76822186
medullinus,0.83846176
indefense,0.63455594
contempio,0.48916352
sempronio,0.8604935
cincinnas,0.86320657
lanatum,0.64457655
uibulanum,0.8712018
iunium,0.8549476
opero,0.6385241
potitus,0.65575534
auho,0.5117516
aucior,0.7298434
fideno,0.75202227
innavigabilis,0.82203245
procursatio,0.7410919
attracto,0.5765405
auentinum,0.5400078
efferatus,0.7414689
clusis,0.78421205
circumcolo,0.90583503
biturigo,0.72972727
duria,0.62255174
mediola,0.42146298
senon,0.71637887
allia,0.94340605
antiatem,0.72866327
sollemniter,0.5215704
innus,0.5288408
adscendens,0.80718535
adpensus,0.7611064
renitens,0.6146481
renouatio,0.4169185
relicor,0.44673425
evertio,0.85213757
ampliusve,0.72924614
exstingueo,0.29615846
summatis,0.8005495
causaria,0.6641999
furianus,0.6765528
fes,0.34343615
maa,0.6453248
circumlo,0.74948704
cloelium,0.5703169
edoco,0.62111354
adacio,0.41906142
peticum,0.7140101
iactito,0.7971151
exentero,0.8066223
quadringentesimus,0.8496735
caeris,0.6931074
caerito,0.825688
naeuio,0.51750386
samnitis,0.7408288
insessus,0.72251236
superscando,0.49974868
salonium,0.8445225
salonius,0.5495134
imploratio,0.52836406
deceptum,0.7540133
antepilanus,0.8990081
novensilis,0.8039081
guttula,0.7458086
uescia,0.5468615
plautes,0.41903284
matrisfamilia,0.74906296
pandosius,0.82857716
prorogatio,0.678717
implicitm,0.6970163
eventus,0.48860845
aber,0.49609238
instructis,0.66100365
furcula,0.92083406
silvosus,0.48837674
postumo,0.46485227
sar,0.3719213
aulium,0.48696035
cerretanum,0.74525094
maxus,0.6248046
flaccinus,0.69170696
ausono,0.49692643
occulio,0.75748765
bovianus,0.8810818
potitior,0.8003855
seueritudo,0.7001884
nequisco,0.7426549
opulentissimum,0.68943405
fenebr,0.71777195
icno,0.4194404
immiscuo,0.8546757
lintea,0.77904516
unguiculum,0.7097851
papirianus,0.61413974
pug,0.6131371
philippa,0.41722688
nuncupavo,0.6982077
lunula,0.72958046
terro,0.6659531
samnius,0.5624204
conscivo,0.46276948
uolumnus,0.6798798
litter,0.7194804
appianum,0.4656372
uolumnio,0.6125156
insequendus,0.7169352
laetissim,0.69856143
auerrunco,0.6498627
clusium,0.8481498
superstro,0.4757593
uigilius,0.5765313
relicio,0.7604385
flemen,0.3967665
quingentum,0.7270144
naviter,0.88646233
civicus,0.5445017
trauectus,0.54358006
prolatao,0.42837566
hamilcao,0.73359215
transgredio,0.54076815
uaccaeo,0.7613101
uerticosus,0.7434535
phalaricus,0.73100495
oretanus,0.77751386
himilco,0.8724885
alconis,0.6252486
quicqu,0.4807715
libyphoenix,0.785596
circumfusus,0.73586786
pelleo,0.6446782
extentis,0.46612856
erayce,0.70085496
ignoraturus,0.4313174
gisgono,0.9438127
vibonendo,0.5050756
strepero,0.5916035
nivosus,0.7672426
citto,0.61088896
tutamentum,0.49520677
arretius,0.8198227
arpus,0.73597485
adfingens,0.54344344
soct,0.553218
carthalo,0.85242116
praetentus,0.584
gereo,0.5473719
stolidissimus,0.71683306
paupero,0.71944547
cincio,0.7957931
pin,0.48426148
quaer,0.3624471
haudquaquas,0.7735083
fornicor,0.63869536
hieron,0.7387756
percommodum,0.7545251
pugnaio,0.81385016
punctim,0.472718
circumdedo,0.413832
tolo,0.54896194
torpidus,0.7069566
consaepo,0.7033889
iuveo,0.5597452
salia,0.6685593
versi,0.56931835
praecisum,0.42054194
ganaeus,0.6769656
tartesius,0.43336165
catervatim,0.8755202
transio,0.7643757
xenophanes,0.70184296
gisgo,0.68339896
uarronianus,0.54436743
devasto,0.69693184
scobina,0.6625912
croton,0.846798
saturio,0.65024865
thraso,0.6341447
uariatio,0.70548445
spoletus,0.76840067
carnifico,0.5453914
sublaueo,0.77385056
beneuentus,0.75295377
heracleensis,0.80416536
hermius,0.6796909
themistus,0.63744617
sopater,0.724898
hieronymo,0.7895533
stagneus,0.8182053
elucto,0.5429482
turbatio,0.84521496
syracudo,0.88274944
agrigentum,0.8565267
praeveneo,0.54350007
uerandus,0.7218876
adiusco,0.79293895
gerundo,0.4747007
congium,0.7032809
tappulus,0.72090733
fundulus,0.6841295
paupera,0.7279355
scriptur,0.47170213
nicum,0.7133062
cohonesto,0.4318108
carthagum,0.4758064
sicul,0.7359952
circumsedo,0.77970254
compedo,0.79718316
capital,0.6886331
careus,0.51191497
acilianus,0.51814085
pervagaor,0.8706678
cotnsiliove,0.63591653
uies,0.5426737
cupeo,0.49184412
gisgonum,0.93470263
ignobilior,0.71517813
laevino,0.80818164
circumlatus,0.5141043
obedio,0.7583142
potentatus,0.699651
perco,0.53799134
recresceo,0.44429952
libralis,0.76388025
adspiciendus,0.66897446
parv,0.6410422
afuerum,0.8112602
duodeuicesimus,0.70297843
transcensus,0.6645169
metapontum,0.8246301
carth,0.49515426
induuia,0.75483215
duodeviginti,0.7211113
locror,0.74182284
pacificator,0.770026
aeropus,0.46197307
orestidem,0.50784755
permixo,0.8578293
cupresseus,0.91593254
ostiendo,0.7536738
supplo,0.6419122
undevicensimus,0.7326559
scitamenta,0.527611
narniensis,0.65897954
interno,0.5499948
dissipatum,0.72245055
locridus,0.48543608
toro,0.43146443
heracleae,0.81099486
opuns,0.69082516
eupalis,0.52021086
multiiugus,0.73870367
turrinus,0.56539625
dexteritas,0.80811256
atrius,0.50085294
speravo,0.18081987
saguntinor,0.8593647
uolaterranus,0.44198298
quadragensimus,0.8809403
oppra,0.55310655
eugenium,0.6067909
prosper,0.67281616
rostro,0.77281266
glor,0.68018425
correctum,0.5797432
uerminum,0.62638426
erotio,0.5678468
consentium,0.4716338
transveco,0.69071823
fla,0.48820272
machus,0.6426273
deviho,0.7797523
clavum,0.6998808
maevis,0.72328126
ocriculum,0.7883167
subat,0.60541755
spoliatus,0.5992278
aurelioum,0.6772325
cantherinus,0.76001275
erubescio,0.7455457
abydenio,0.40566385
hierons,0.7377336
comparao,0.4673354
nabim,0.88782763
semiruo,0.78550565
longo,0.56647134
lecturus,0.41477162
celis,0.547119
conferti,0.82452667
pelagonium,0.8237721
superatus,0.60941195
apustium,0.5899198
maleo,0.54162925
prasia,0.7725771
andrus,0.59395653
arim,0.6129595
charopus,0.74364847
epirote,0.76139235
transgressum,0.65193725
metropolis,0.8030512
difo,0.5723927
densatus,0.71658725
nabides,0.9442263
circumciso,0.39377862
elegio,0.6447907
dionysodorus,0.6381161
agraeus,0.45271385
aetus,0.5310945
nabido,0.8498813
fiduciarius,0.7965385
plataeensis,0.83769834
concepo,0.65223527
pher,0.68708205
dinocras,0.9224086
chelidonia,0.7989512
zeuxippus,0.8071689
imbrus,0.5491206
selymbrius,0.8390823
divisus,0.44373327
inauris,0.80122364
exaequatio,0.7310605
tenacitas,0.7945768
conuenia,0.44400382
soliferreus,0.64048254
demessus,0.44521233
cleomenus,0.878262
cleomene,0.43165055
timocro,0.7770249
phocensis,0.8533171
lacedaemoni,0.77114296
quave,0.6450372
iuventio,0.726275
mediolanium,0.8040213
palpatio,0.6320551
uictorius,0.42483544
disso,0.444286
chalcida,0.6410538
fabrefacio,0.9105842
perplego,0.6084076
adve,0.5270184
pers,0.718593
sarrum,0.64983314
nabis,0.7400446
lampsaco,0.5211742
aliquoi,0.5938355
aquo,0.58329606
phara,0.5454779
megalis,0.846122
lignarius,0.818345
navigabile,0.6912163
mentiendus,0.74945164
fruma,0.45629817
deveho,0.58308005
renu,0.54313177
terrendus,0.6140136
tripolitanus,0.7726402
perpaco,0.70461243
thespiensis,0.7577152
retractums,0.67471373
littus,0.813195
hydruntum,0.776108
concil,0.57608384
hypata,0.8048034
diophanus,0.650353
hierocls,0.7867415
sexdecim,0.7553385
thyatira,0.8650862
conspeo,0.72032845
intimo,0.6337579
messenio,0.6228128
frontalia,0.7074965
argyraspis,0.80518717
