Token,Cosine Similarity
[CLS],0.98205286
amicus,0.99421215
cum,0.9944943
uideo,0.99527705
obliuiscor,0.9856279
miseria,0.9796378
inimicus,0.9767721
si,0.99026346
sum,0.9938458
comminiscor,0.98285913
neque,0.99333763
libens,0.99435914
aeque,0.9699744
[SEP],0.97145486
postremus,0.9913785
dico,0.9834698
primus,0.99393016
taceo,0.99240506
non,0.99379694
tu,0.987182
hinc,0.98728585
abeo,0.9795718
nego,0.99045265
nosco,0.9935103
ego,0.985148
in,0.99154395
suus,0.97975504
quidquid,0.9911564
sedes,0.99029404
gigno,0.98180044
alienus,0.98419833
terra,0.97689164
is,0.97989583
qui,0.9959373
alo,0.9933101
natura,0.98887956
uerto,0.99711716
sui,0.99192536
degenero,0.9791766
igitur,0.9791342
gallicus,0.9846114
onero,0.9937199
arma,0.9960394
sicut,0.9654076
acies,0.98970294
antiochus,0.9858487
cado,0.99329674
uinco,0.9979964
uictor,0.9953187
caedo,0.99505115
magis,0.988268
uereor,0.9926958
ne,0.98800623
parum,0.9837216
inde,0.97679687
gloria,0.96867967
quam,0.9916978
nimium,0.9895264
bellum,0.99361455
attalus,0.9870114
rex,0.97205144
saepe,0.99373275
fundo,0.9880934
fugo,0.9931754
que,0.9894824
nolo,0.98537886
existimo,0.99045146
belua,0.9931288
tantum,0.9892329
recens,0.98626345
capo,0.98303443
feritas,0.9931171
ille,0.9917065
siluestris,0.99348
primo,0.9775015
seruo,0.9961427
dein,0.98120314
diu,0.9918964
manus,0.97838616
humanus,0.98827595
mitesco,0.9888454
homo,0.98246026
mulceo,0.99215114
idem,0.99037474
-ne,0.9803659
hic,0.99442863
credo,0.98240423
pater,0.9746493
avus,0.892669
extorreo,0.96696234
inopia,0.9875861
ager,0.9792563
domus,0.9600852
per,0.9913481
asperrimus,0.98130697
illyricum,0.98251116
ora,0.98428786
et,0.98858374
pugno,0.9936092
ferocissimus,0.96883273
gens,0.9849771
emendo,0.9905777
capio,0.9950581
duro,0.9912306
tot,0.99570566
malus,0.9909507
exaspero,0.97917485
accipio,0.99300814
copia,0.9865556
omnis,0.97613406
res,0.9855227
sagino,0.98185444
uberrimus,0.9847003
mitissimus,0.9795874
caelum,0.9816542
clemens,0.9483067
accola,0.9851153
ingenium,0.99248385
uenio,0.9926906
uos,0.98270583
hercules,0.98413736
martius,0.99266845
uir,0.98764724
cauendus,0.9864646
atque,0.991526
fugiendus,0.97824633
primum,0.9919933
amoenitas,0.9841441
asia,0.99326926
peregrinus,0.98733294
uoluptas,0.9922859
ad,0.99040055
extinguo,0.9930758
uigor,0.9919454
animus,0.99478745
possum,0.99179107
contagio,0.971619
disciplina,0.98636925
mos,0.9938302
ualeo,0.98911226
meus,0.9488297
tamen,0.99255764
feliciter,0.9813975
euenio,0.9930072
quod,0.99254924
uis,0.9771789
aduersus,0.9777194
nequaquam,0.9513174
ita,0.9882416
fama,0.99266505
apud,0.98729587
graeci,0.99212825
paro,0.9955988
antiquus,0.98676884
obtineo,0.98588127
inter,0.9939361
socius,0.9857554
habeo,0.99152446
specimen,0.9797217
gallus,0.9817778
contio,0.9867824
dimitto,0.98179203
mitto,0.98143
legatus,0.96227366
unus,0.9850096
ex,0.9880558
regula,0.9717558
maneo,0.9936195
amicitia,0.98860365
romanus,0.97664547
auxilium,0.9879663
castra,0.9822234
moueo,0.99639326
dies,0.8831446
flumen,0.9925754
posterus,0.9523063
uicus,0.98653173
uoco,0.99474096
eo,0.9881867
peto,0.9928889
ducenti,0.9899455
talentum,0.97824156
imperatum,0.9504992
precor,0.9931729
ut,0.9918506
renuntio,0.9810866
potestas,0.97859824
facio,0.9869424
duco,0.9917142
exercitus,0.96526504
consul,0.9842856
intendo,0.98917246
deinde,0.9894837
pono,0.9943907
redeo,0.99525005
regulus,0.991918
oro,0.9824499
infero,0.983595
ipse,0.9884682
datum,0.97401726
uenia,0.9929137
coeo,0.9944547
ab,0.97594273
nomen,0.98937225
lignum,0.9775059
modus,0.9907824
quisquam,0.98842275
sed,0.993045
spina,0.9781138
quidem,0.96768814
aut,0.99567455
ullus,0.9896121
alius,0.9879894
alimentum,0.98983383
fero,0.9948207
ignis,0.9868493
fimus,0.9804545
bubulus,0.98450994
pro,0.98667127
utor,0.99488944
castellum,0.97685146
appareo,0.98863876
magnus,0.9910234
tumultus,0.97927135
hostis,0.98870605
eques,0.9896116
turbo,0.99459994
statio,0.96062034
repens,0.9920648
quidam,0.99042225
etiam,0.98557115
occido,0.9935372
perfero,0.99326515
effundo,0.985638
porta,0.9670533
equitatus,0.98425794
aliquot,0.9811217
fugio,0.9951315
hercle,0.9350928
dica,0.98528993
adduco,0.9840641
iam,0.99353355
peruenio,0.9887367
cerno,0.99600923
exploro,0.9908956
cura,0.9927777
coaco,0.97070956
agmen,0.9847913
procedo,0.98908854
contineo,0.9920112
iter,0.9900625
pons,0.99379134
quia,0.96969897
uado,0.9532968
nusquam,0.99102277
transitus,0.9657895
instituo,0.9825399
mons,0.98113817
phrygia,0.9746598
fluo,0.9949494
misceo,0.995693
bithynia,0.9879935
fluuius,0.9921513
gemino,0.99377704
aqua,0.9855385
propontis,0.9866191
tam,0.9736412
magnitudo,0.98630136
memorabilis,0.9855972
piscis,0.98666507
ingens,0.99365985
praebeo,0.9934472
transgredior,0.9747972
perfectus,0.97999585
praeter,0.9896175
ripa,0.99347174
iens,0.96943563
galli,0.9873594
mater,0.9879459
occurro,0.9943798
insignis,0.9890225
uaticinor,0.9879803
carmen,0.9954265
dea,0.99093896
uia,0.9831988
uictoria,0.99512964
do,0.9912241
imperium,0.9875941
regio,0.9873514
omen,0.99208844
locus,0.98876363
haud,0.98119104
oppidum,0.98474133
plus,0.99279517
mediterraneus,0.9660597
celeber,0.99006
frequens,0.98417306
tres,0.9855593
mare,0.989209
par,0.99389696
fermes,0.9524134
distantia,0.9305307
interuallum,0.99336344
hellespontus,0.9758981
alter,0.9924579
litus,0.9961984
qua,0.9908231
maritimus,0.9767411
colo,0.9925794
multus,0.9929151
praeterea,0.9913334
finis,0.98774624
contingo,0.9957642
commercium,0.99179685
mutus,0.96448904
usus,0.9890794
contraho,0.97299075
tum,0.9894876
desero,0.9854429
fuga,0.9896245
incola,0.9899514
refertus,0.9764809
inuenio,0.9938222
ibi,0.9797212
statiuus,0.9584724
nuntio,0.9845493
profectus,0.9347388
nihil,0.99495727
aequum,0.98106915
impetro,0.98819995
campester,0.9451914
coniunx,0.99416053
liber,0.9857802
ago,0.9876102
prae,0.96111876
porto,0.9861124
olympus,0.9953072
pariter,0.9894764
soleo,0.995362
certior,0.98017067
postea,0.9894309
adfero,0.985224
ciuitas,0.97770727
diuersus,0.99117523
depono,0.9910525
armo,0.9932943
statuo,0.9903933
autem,0.9806351
tunc,0.98802364
populus,0.9590146
ius,0.9793309
ratio,0.9899451
sumo,0.99498034
teneo,0.9943729
conueho,0.9626107
quamuis,0.990199
longus,0.99668264
tempus,0.98983
sufficio,0.99127144
taedium,0.98689556
fatigo,0.99532354
censeo,0.9624081
nam,0.99032354
audeo,0.99515164
arduus,0.99324644
iniquus,0.9877278
subeo,0.99477375
conor,0.99422115
uel,0.9818665
paruus,0.99764997
altitudo,0.96627295
tutor,0.92615795
fossa,0.99044085
quoque,0.98528045
munimentum,0.9831213
uertex,0.99592876
insideo,0.98610866
minimus,0.9923196
apparatus,0.9904963
missilis,0.9883614
telum,0.9969079
saxum,0.99522316
adfatim,0.960078
asperitas,0.9893575
comminus,0.99017787
pugna,0.9888506
procul,0.9864218
praecipio,0.97870094
pilum,0.99028516
hasta,0.99103564
sagitta,0.9911835
glans,0.9864284
modicum,0.94192785
lapis,0.98970187
instructus,0.9854017
quinque,0.9861342
mi,0.959004
quadringenti,0.98266554
progressus,0.9397399
situs,0.98960865
duplex,0.9860134
numerus,0.98713547
effudo,0.9741552
auerto,0.9885722
paucus,0.99211866
uulnero,0.99427766
tertius,0.99208754
proficiscor,0.99197274
nemo,0.9867202
extra,0.98915744
tuto,0.9837781
animaduerto,0.9949963
meridianus,0.9847331
terrenus,0.980391
placide,0.9800543
collis,0.9910649
septentrio,0.9751561
rego,0.9951842
prope,0.9828883
rupes,0.9966357
contemplor,0.99179715
sub,0.9901314
radix,0.98548007
sacrificium,0.9488709
hostia,0.97472715
lito,0.98868454
pergo,0.9840159
maximus,0.9584791
pars,0.99213445
aequus,0.99478656
aditus,0.9709383
ascendo,0.9657784
l.,0.9949143
manlius,0.9726589
frater,0.97967625
hibernus,0.98908335
ortus,0.9933327
quoad,0.9804417
patior,0.99397045
iubeo,0.9926122
periculosus,0.993104
praerumpo,0.99203163
iniquitas,0.88410324
ob,0.9779516
aetas,0.990749
gradus,0.9778676
profero,0.9939867
propero,0.9933587
diuido,0.99676794
iuuenis,0.9976586
elephantus,0.9842977
proximus,0.9850331
tumulus,0.98443985
planities,0.97624457
relinquo,0.99461466
edictum,0.97110105
praeficio,0.9853719
quis,0.9917797
ubique,0.98323333
gero,0.9881511
ops,0.9934785
postulo,0.9895326
duo,0.98789597
later,0.9850814
satis,0.9896517
fido,0.98899525
inuius,0.97636795
meridies,0.9895426
uergo,0.9912866
claudeo,0.98605657
quattuor,0.9888916
mille,0.9839819
fere,0.9783125
immineo,0.9847683
minus,0.98853505
passus,0.94299185
occupo,0.9954689
ras,0.9647213
uelut,0.9859684
impedio,0.98904264
ubi,0.99165666
expedio,0.9943193
ante,0.85088855
signum,0.9844971
sagittarius,0.9809644
funditor,0.9646136
pedes,0.9777787
lenus,0.989553
scutum,0.9895216
uito,0.9953619
pes,0.9934715
confero,0.9895346
proelium,0.99189484
committo,0.9935575
adiuuo,0.99230057
uarietas,0.9924332
certamen,0.98393035
amplitudo,0.9803769
corpus,0.9910129
latus,0.99419516
planus,0.993687
male,0.9853361
tego,0.99662566
gladius,0.9787576
consero,0.9871277
nullus,0.9928126
praeparo,0.9790127
quisque,0.9894992
temere,0.98940855
trepido,0.9911208
insuetus,0.9820084
ars,0.9933234
adiuvo,0.98032653
ictus,0.994768
iaculus,0.98900044
incautus,0.98334825
configo,0.9889133
ira,0.991623
pauor,0.989834
deprendo,0.9924329
genus,0.98912334
aptus,0.9914558
facile,0.9923646
falsus,0.9956706
quemadmodum,0.98502094
uicis,0.9895374
uulnus,0.9968591
licet,0.978888
accendo,0.9877699
occulo,0.9931189
leuis,0.99486613
ruo,0.99538946
caecus,0.9741757
impetus,0.98900044
fera,0.99480796
incurro,0.9800595
detego,0.9898678
nudus,0.9894606
candidus,0.9925877
numquam,0.9918304
nisi,0.9886452
nudo,0.9923192
sanguis,0.9829428
caro,0.9292225
pateo,0.99502325
plaga,0.9727193
candor,0.9894979
ater,0.9919397
maculo,0.9801369
interdum,0.98988575
cutis,0.97413486
altus,0.99102104
gloriose,0.9553542
puto,0.99108356
aculeus,0.9793437
introrsus,0.97480524
tenuis,0.99300295
species,0.98380685
uro,0.989992
scruto,0.99328333
euello,0.9827934
sequor,0.99721944
rabies,0.9919807
pudor,0.9925313
miles,0.99016154
parma,0.98620254
dexter,0.9938987
eminus,0.96643764
cinctus,0.971897
transfero,0.99366605
laeuus,0.9944589
stringo,0.99333227
supersum,0.99322265
postquam,0.98791087
armatura,0.9490708
supero,0.99544775
insto,0.99369097
legio,0.9768113
repeto,0.9960875
plenus,0.9876416
femina,0.98973453
puer,0.9926834
imbellis,0.9822601
turba,0.99033487
permisceo,0.99500173
c.,0.84692806
obliquus,0.9877903
escendo,0.9734359
flecto,0.997031
uterque,0.992615
compositus,0.9886408
coepio,0.99122906
bonus,0.98924863
respiro,0.98953056
conquiesco,0.9810864
paullisper,0.99133766
simul,0.9854096
stro,0.98600507
ostento,0.99229217
talis,0.99225694
edideo,0.95132947
iustus,0.9772364
a,0.9892159
capiendus,0.97402585
compello,0.98530304
praecedo,0.9886384
sto,0.97842133
segnis,0.99448925
consumo,0.9879657
pernicitas,0.9756198
senectus,0.9906088
appropinquo,0.9751667
armatus,0.987424
uallum,0.9883865
consto,0.9896134
uanus,0.9915815
intercido,0.9876045
intra,0.9851797
momentum,0.98075724
firmus,0.9880901
multitudo,0.9758524
uolo,0.99481034
conicio,0.9892077
clamor,0.9872929
mulier,0.9693214
ploratus,0.9682486
significo,0.9932678
claudo,0.99412477
antesignanus,0.98457277
uero,0.9757372
plerusque,0.99122626
haereo,0.99654365
sustineo,0.9902191
priusquam,0.9714039
irrumpo,0.9926492
praeceps,0.99448633
obsto,0.99542814
metuo,0.99440444
itaque,0.97572505
uastus,0.99689853
debilitas,0.9812751
exanimo,0.98936933
direptio,0.96285766
praeda,0.98781586
abstineo,0.9908522
percello,0.9907191
addo,0.995132
superuenio,0.987301
intro,0.9637271
sino,0.9909111
protinus,0.98486894
persequor,0.98768485
paulus,0.95429784
post,0.986966
trado,0.9920516
captiuus,0.99215156
custodia,0.9815784
tribunus,0.9732686
debello,0.9753188
ratus,0.96265984
caesum,0.98648614
foro,0.98673093
egredior,0.9825671
aduenio,0.9832182
sors,0.99071676
intersum,0.98159796
ergo,0.9810492
est,0.70327616
quantum,0.9943547
equus,0.9929853
spargo,0.9963895
circa,0.9786159
cecido,0.9908553
interficio,0.98725367
ineo,0.97999704
late,0.9902879
caedes,0.9918821
conuallis,0.9828148
delabor,0.99235475
silua,0.9968042
uepres,0.9807072
claudius,0.9762694
bis,0.9921236
scribo,0.9917588
quadraginta,0.95877916
auctor,0.9836853
ualerius,0.95267206
immodicus,0.98915505
augeo,0.9944451
decem,0.98452955
dubius,0.99168146
expleo,0.98742867
traho,0.99768
modo,0.9834743
concremo,0.9692453
cumulo,0.9909928
ceterus,0.99100345
uendo,0.98909396
publicus,0.96938175
redigo,0.9931067
dono,0.98215073
meritum,0.97871053
summus,0.990044
adsentio,0.9555557
singularis,0.9405122
uirtus,0.98635674
industria,0.98263925
labor,0.9952605
periculum,0.9877019
modestia,0.9803088
integer,0.9505578
nobilis,0.99207497
urbs,0.98240745
unde,0.98571855
absum,0.9897899
facinus,0.98992425
uxor,0.9752996
forma,0.99018264
eximius,0.989424
custodio,0.97805595
centurio,0.9827888
praesum,0.9651138
libido,0.98837185
avaritia,0.965974
militaris,0.98290974
autumo,0.9613043
nimis,0.9745685
sermo,0.97373724
tempto,0.99568594
abhorreo,0.9852335
uoluntarius,0.9901115
stuprum,0.9932009
seruus,0.9849035
fortuna,0.9948984
lenio,0.99150586
indignitas,0.98058844
iniuria,0.9883026
spes,0.9816679
reditus,0.96917
amo,0.9914446
gratuitus,0.9782145
certus,0.9905797
aurum,0.98812467
pondus,0.9934974
conscium,0.9615406
permitto,0.9908278
nuntius,0.9716365
constituo,0.98750514
quo,0.9921798
necessarius,0.9867611
nox,0.9907403
insequor,0.99136275
accipiendus,0.9642629
forte,0.9845317
tenebra,0.9867033
educo,0.9786193
constitutum,0.9637315
ostendo,0.99464756
atticus,0.96694875
tantus,0.99417925
enim,0.9864073
pango,0.9803361
lingua,0.99145293
ferrum,0.9954295
penso,0.99213266
impero,0.9932508
praecido,0.9924022
caput,0.9908883
uestis,0.99495137
refugio,0.99204373
complector,0.9908058
abicio,0.9909916
miro,0.98854065
muliebris,0.9899533
co,0.98836124
orator,0.97534406
colloquor,0.98704386
condicio,0.9511301
pax,0.9800093
potior,0.9910714
pectus,0.9949915
cor,0.96887064
quisnam,0.99222577
negotium,0.9782124
sic,0.9925033
filia,0.9683269
expeto,0.9767105
medius,0.9908411
uisus,0.99518156
praesidium,0.97363436
quingenti,0.97983116
regredior,0.9861264
excuso,0.980274
religio,0.98342675
obiectum,0.9858879
princeps,0.9807746
transigo,0.9896439
colloquium,0.98681694
utrimque,0.98424655
trecenti,0.9892654
causa,0.98628086
dux,0.9902333
impono,0.99248147
conuenio,0.99130964
uti,0.9682891
congredior,0.9934255
specto,0.9974807
tero,0.9751998
donec,0.98269665
periclitor,0.9935218
trans,0.97510636
traicio,0.98919845
cautum,0.98160064
fraus,0.9918667
insidio,0.98309886
audacia,0.97985995
deligo,0.9859221
succedo,0.9850771
ni,0.9876319
consilium,0.98657036
inio,0.92044425
tutus,0.99297774
ratis,0.9914715
oppono,0.9882997
sescenti,0.97819024
adfirmans,0.9831233
antea,0.9834769
multum,0.9872064
concito,0.9924999
hostilis,0.9932804
ueniens,0.9693976
iussus,0.98598075
constanter,0.9198369
initium,0.9571675
excipio,0.99329937
cedo,0.9939626
sensum,0.96719277
confundo,0.98537576
turma,0.9915656
ordo,0.9847009
mora,0.9862107
conseruandus,0.970224
perspicio,0.98355794
dissipo,0.9840799
opprimo,0.9928345
pauidus,0.9914863
audio,0.9812132
integrus,0.9647765
profligatus,0.981199
extemplo,0.9535444
uersus,0.9929445
terror,0.9769875
fudo,0.983004
concurro,0.9914545
undique,0.98962504
obuius,0.99342763
facilis,0.9925196
fessus,0.99540675
effugio,0.99405366
fides,0.98187757
uiolo,0.9938774
poena,0.9893204
mors,0.98914933
luo,0.9885743
ardeo,0.9957553
biduum,0.97824883
ignotus,0.9964429
absumo,0.9868271
auspicium,0.9827976
opera,0.97101265
immolo,0.971439
cornu,0.9819088
erigo,0.99423105
robur,0.9891675
quinquaginta,0.97842723
inaequalis,0.97116673
deduco,0.99003935
loco,0.991233
curo,0.9939451
prior,0.9918622
secundus,0.96972495
auctus,0.99254
frango,0.99709547
etsi,0.9737257
vico,0.95578927
clades,0.9836386
accerso,0.9827983
exitus,0.9871156
nubes,0.9848644
obruo,0.9903088
destino,0.9918907
recipio,0.99205816
promoueo,0.9676838
memoria,0.9875779
terreo,0.9945395
inhaereo,0.98630875
fedior,0.97710586
inclino,0.985566
praelo,0.9635552
usque,0.96572495
tergum,0.9927444
cupiditas,0.9879844
serius,0.98531485
ceterum,0.9514762
ingressus,0.96175796
abstraho,0.98662865
aliquantus,0.98248804
spatium,0.99242646
octo,0.9758487
uerum,0.98964036
propemodum,0.98526704
scio,0.980717
reduco,0.9878206
recenseo,0.98208404
quantus,0.9926545
rapio,0.99708575
cis,0.8013681
taurus,0.9837555
annus,0.97862667
passim,0.9765755
congrego,0.96791923
inermis,0.98407316
de,0.9816072
ephesus,0.97198814
autumnus,0.9929378
gelidus,0.99557525
propinquitas,0.97759265
excedo,0.98871475
hiberna,0.97589797
dum,0.9933219
prouincia,0.96835715
tranquillus,0.98311424
censor,0.9881785
roma,0.9784052
t.,0.98666096
flamininus,0.9683609
m.,0.9822564
marcellus,0.9312042
senatus,0.97842896
lego,0.982964
lectus,0.9945355
p.,0.96348304
scipio,0.9836958
africanus,0.9832822
solus,0.9949223
praetereo,0.9951954
curulis,0.98508525
honor,0.9559275
mitis,0.99146885
admodum,0.9903112
censura,0.9595087
super,0.95688486
capitolium,0.99236923
silex,0.9899504
sterno,0.9948866
mars,0.99214965
consulo,0.99317175
decretum,0.9756069
tiberis,0.98953617
campus,0.9951708
inundo,0.97415024
nascor,0.99522376
aliqui,0.9876612
cn.,0.9926934
fuluius,0.98668706
perdomo,0.9879937
aetolus,0.98254585
insula,0.9919112
uter,0.9813499
dedo,0.99271476
an,0.9924532
experior,0.9905381
malo,0.989841
metus,0.99357533
deditio,0.9864216
recuso,0.9926091
obses,0.9871787
inops,0.9933899
uiceni,0.97432756
insperatus,0.98374045
incertus,0.99260175
descisco,0.98787117
opportunus,0.97965807
timeo,0.9865454
aio,0.9484542
cogo,0.99662864
timor,0.9757386
quietus,0.9901606
malum,0.9801709
iactatus,0.9877696
comperio,0.9918188
prex,0.9926446
murus,0.98767704
temptandus,0.9771628
misericordia,0.93456525
parens,0.9918252
oppugno,0.98873484
paco,0.9875484
respondeo,0.97315407
tormentum,0.9877443
machina,0.9700588
oppugnatio,0.9732716
opus,0.97558916
faciendus,0.9851439
perficio,0.9879148
quatio,0.994677
arceo,0.9917779
praetermitto,0.98955655
istic,0.9372807
dos,0.9138733
ferox,0.9910016
resisto,0.99358904
interior,0.9640774
semper,0.9922954
iuxta,0.9350088
ualidus,0.99455345
diruo,0.98992074
nouus,0.99449146
obstruo,0.98898435
eruptio,0.9670408
nunc,0.9934815
plerumque,0.99102277
superior,0.98425126
coercendus,0.952108
memoro,0.9921168
centum,0.98827595
accitus,0.9732771
ii,0.8724646
fermis,0.9633888
harena,0.99120367
immisceo,0.9882446
fuo,0.9142202
aperio,0.98975766
incesso,0.9777036
exerceo,0.992362
longe,0.9929584
ualidior,0.9849681
simplex,0.9886116
triplex,0.96043825
creber,0.9932367
fluxus,0.95508575
habena,0.9941468
uoluto,0.99344766
iacio,0.99426365
libro,0.96570385
sedeo,0.98296607
neruus,0.9893242
excutio,0.99575317
corona,0.98715436
circulus,0.9797186
fundus,0.979324
cohibeo,0.99326503
crebro,0.98773265
neue,0.9913368
audacter,0.97977793
erumpo,0.9900546
adeo,0.98558635
achaeus,0.98115873
parumper,0.9846254
abscedo,0.9838375
quies,0.9906278
mensis,0.9794599
obsidio,0.9864357
cottidie,0.99240834
arx,0.98761106
deuexus,0.9902162
forum,0.99047744
culpa,0.98766637
sentio,0.99231774
maior,0.99048865
diripio,0.98357403
ueneo,0.98816353
lacedaemonius,0.994169
principium,0.97995746
concilium,0.96558076
conuentus,0.98282886
siue,0.97567177
dignitas,0.9719086
seu,0.9620839
opportunitas,0.9845551
labefacto,0.98755294
lex,0.9831213
magistratus,0.98333144
euoco,0.98506904
praetor,0.94788104
argus,0.9779794
edico,0.9755935
ferme,0.9450692
quamquam,0.9874741
faueo,0.99577415
disceptatio,0.9769025
inceptum,0.9788217
desisto,0.9928072
sollicitus,0.98582053
exul,0.9954876
adimo,0.9915248
habito,0.9556714
aegre,0.9807473
aliquis,0.98828065
quando,0.9773108
receptaculum,0.9779541
merx,0.99424535
adorior,0.9819658
la,0.95650303
improuisus,0.99105364
oportet,0.98056674
umquam,0.9913919
iurgo,0.968408
inopinatus,0.985939
lux,0.9784648
expello,0.993901
peruado,0.96648234
communiter,0.97134936
domicilium,0.97082245
minuo,0.99206626
auctoritas,0.96716344
queror,0.9968372
refero,0.99592364
tutela,0.94126654
exposco,0.9891052
superbus,0.9902297
indignus,0.99180543
consterno,0.98375833
semel,0.99221545
oboedio,0.9860941
iugum,0.9900625
molior,0.9916919
furo,0.99476933
triginta,0.9793761
factio,0.9639006
societas,0.98390377
mittendus,0.97174245
fulvius,0.96779114
consensus,0.958524
indico,0.99032474
hiems,0.99415344
incursio,0.95392156
latrocinium,0.9868721
nauis,0.9897857
uasto,0.9878166
discepto,0.9828429
altercatio,0.96339554
ambitiosus,0.9866313
foueo,0.9939593
denuntiatio,0.9649085
legatio,0.97157985
iniungo,0.97739583
ambo,0.9851566
dissideo,0.9864173
oratio,0.9680997
optimus,0.9823995
controuersia,0.98689854
finio,0.9915388
praeceptum,0.9610127
foedus,0.98321235
libertas,0.957741
nouo,0.99296415
placeo,0.9916982
responsum,0.98746073
lacedaemona,0.97667646
concessus,0.99159884
interpretor,0.99094987
achaei,0.9760764
superbe,0.9823383
continuo,0.9876605
uus,0.9816754
deposco,0.98957217
defectio,0.95443416
polliceor,0.99100065
aedis,0.974653
tristis,0.9960109
silentium,0.98743045
nominatim,0.9499365
profiteor,0.9906163
alium,0.98934144
illustris,0.8878972
priuo,0.9879691
pertineo,0.9823097
publica,0.95460165
alieno,0.95320153
totus,0.9923444
venio,0.9359971
lacesso,0.99517757
iurgium,0.9940181
orior,0.98991567
deus,0.9697946
testor,0.9927048
summoueo,0.9929204
protego,0.985265
uinclum,0.9938033
inicio,0.99110377
cresco,0.99525833
spectaculum,0.99172366
uociferor,0.9892323
occasio,0.97485983
olympia,0.9687729
athenae,0.9939428
sacro,0.9832361
septem,0.98154974
uinculum,0.9945614
iniecio,0.9754259
sexaginta,0.98517394
comprehendo,0.99165106
saluus,0.97928786
pereo,0.995939
auersus,0.9861356
auris,0.98977053
loquor,0.97402203
damno,0.98921394
supplicium,0.9866239
externus,0.99169934
merces,0.97695535
tyrannus,0.9835924
milito,0.9866021
seruitium,0.983796
libero,0.97818494
suspicor,0.9915951
communis,0.98696005
restituo,0.98695254
mentio,0.9648943
adscriptus,0.96746314
tyranna,0.97758406
dilabor,0.988781
cu,0.9668503
porticus,0.99088234
pecunia,0.9776257
reficio,0.98420477
possideo,0.9903245
uetus,0.99225914
philippus,0.94084686
amynta,0.97175694
filius,0.96030325
regno,0.9732377
eneruo,0.9636141
obnoxius,0.98541385
damnum,0.9801354
lycurgus,0.9884068
octingenti,0.97545904
tollo,0.9944852
comitium,0.9831978
creo,0.9762745
messala,0.91763234
liuius,0.9830752
aemilius,0.9591564
lepidus,0.986405
q.,0.9901521
marcius,0.9862584
pulcher,0.989442
cn.us,0.9870275
prorogo,0.9706312
decemuir,0.97875166
auratus,0.9830397
cornelius,0.9748132
inscribo,0.98159033
duodecim,0.9666787
auro,0.9917983
aedilis,0.9882138
sulpicius,0.96206266
galba,0.96756953
frumentarius,0.96729016
annona,0.9338635
comprimo,0.99389476
plebs,0.94714606
flaccus,0.9702462
reus,0.98285
separatim,0.97641045
accuso,0.9921777
collega,0.9792242
a.,0.732774
caueo,0.9910729
illic,0.98200387
tuus,0.9598961
hereditas,0.95585096
inhio,0.9847959
quasi,0.97110635
lupus,0.9871689
appello,0.9963567
ludo,0.9941692
ter,0.9923629
quinquiens,0.95898485
instauro,0.9759834
consulatus,0.74139524
idus,0.9690833
deque,0.9740802
muto,0.99596643
ligures,0.9782062
gallia,0.9756432
decerno,0.98107207
comparo,0.99016535
sortior,0.96278036
binus,0.98893726
latinus,0.9701022
quini,0.9860667
deni,0.9776509
urbanus,0.97397214
iurisdictio,0.91733426
sicilia,0.9848031
sardinia,0.9773799
hispania,0.9736333
citerior,0.8997401
ulterior,0.9651436
sortitus,0.97854793
laelius,0.9692446
traduco,0.9761718
classis,0.990141
sempronius,0.9487318
singulus,0.98986185
terni,0.9840971
supplementum,0.9601421
secus,0.9267812
proficisco,0.96849895
supplicatio,0.91175205
triduum,0.96981263
collegium,0.94224465
compitum,0.9807094
hora,0.98356366
quartus,0.98828113
tenebrae,0.95710945
pluo,0.94697905
consulto,0.9731846
ciuis,0.9929193
natis,0.9834536
heres,0.9693361
municeps,0.98464125
promulgo,0.97453886
suffragium,0.9672225
sine,0.99267364
rogatio,0.96767473
intercedo,0.98064184
edoceo,0.9825042
impertio,0.982721
aemilia,0.940812
tribus,0.9016087
cornelia,0.9285426
lustrum,0.98867285
condo,0.99548465
census,0.9857034
lustro,0.9956795
incolo,0.98905396
clarus,0.9922995
laetus,0.99322444
regius,0.99190235
seruitus,0.987375
immanis,0.9923097
barbarus,0.9939891
tempestas,0.99043566
populor,0.9863261
domo,0.99401265
gratulor,0.9909576
aureus,0.99422896
quaequi,0.98069155
facultas,0.9639947
petendus,0.9837169
noxa,0.9849895
iuvo,0.98664176
argentum,0.95102227
eumenes,0.9921576
benignus,0.9849
laetior,0.97881436
pamphylia,0.98102355
frumentum,0.97351456
pactum,0.9107816
adueho,0.9913189
uerus,0.9934979
octauus,0.988641
rursus,0.99245864
deporto,0.98022974
praefectus,0.9705355
tradendus,0.9719366
reliquus,0.99081945
exigo,0.99393374
missus,0.98610723
sententia,0.9844962
uerbum,0.9836868
conscriptus,0.9495797
regnum,0.983909
di,0.9803074
europa,0.986057
transeo,0.9939712
amnis,0.9953821
uallis,0.9817263
lycaonia,0.9803877
effero,0.9955221
recte,0.98558724
neu,0.98740184
fugitiuus,0.9907524
c,0.98584783
actuarius,0.93823177
remus,0.988915
moneo,0.99508333
nauigo,0.9949279
citra,0.9594127
stipendium,0.9864877
conduco,0.9880826
dicio,0.9788517
aedes,0.9779929
aedificium,0.9739828
debeo,0.98640704
exactio,0.9612733
aufero,0.98690975
conquiro,0.9862385
cognosco,0.9898044
item,0.983886
utique,0.9536041
probus,0.95940995
pensio,0.95289385
octoginta,0.9711307
pendo,0.9941943
triticum,0.9766587
modius,0.98688823
quinquennium,0.9757862
aestimatio,0.941926
fio,0.9900383
uiginti,0.98890257
triennium,0.9850126
minor,0.98860264
quinus,0.9693739
ultro,0.9906919
arco,0.9916232
iudicium,0.9740172
hannibal,0.9912481
poenus,0.98187065
philo,0.88313204
demo,0.9937781
saluo,0.95757776
iuro,0.9846723
iusiurandum,0.97728527
minucius,0.9811869
fabius,0.9867478
labeo,0.9359836
quique,0.98581964
concido,0.97887707
cremo,0.98942614
incendo,0.99555624
expeditio,0.9724644
subito,0.99404895
aduentus,0.98492235
oppidanus,0.9845618
lycia,0.98251265
relico,0.9591784
graecia,0.9931815
moror,0.99198544
italia,0.9858926
donum,0.980484
dimidium,0.9740966
beneficium,0.97789323
despondeo,0.97378343
remitto,0.9947414
acceptus,0.97808224
immunitas,0.951945
uectigal,0.98775434
pendeo,0.99548066
notio,0.93291295
concedo,0.9921183
sacer,0.98587537
mereo,0.9916589
dardanus,0.97805876
erythraeus,0.9808254
praesto,0.98681635
praecipuus,0.99268115
reddo,0.9970591
rhodium,0.9746487
adieco,0.97918546
mysia,0.9685199
lydia,0.98761606
ultra,0.9802139
reicio,0.9904874
eumene,0.9784353
denuntio,0.9913658
uago,0.9925111
terminus,0.9725605
os,0.98950195
aps,0.8524098
iratus,0.970449
grauis,0.9968168
iumentum,0.9837104
uulgus,0.99409497
horreo,0.9961493
ingredior,0.98499906
angustus,0.9952359
propter,0.98369265
difficultas,0.98297346
impedimentum,0.9571661
interpono,0.9689506
plaustrum,0.99474245
salio,0.9847353
ample,0.99039686
caenum,0.9846752
angustia,0.93336535
opinio,0.9863716
macedo,0.99356633
scindo,0.9929328
imperator,0.6242455
nondum,0.98959565
sarcina,0.9807097
inuado,0.9927684
cae,0.93762785
custos,0.9907889
onus,0.98737574
inordinatus,0.9395481
uacuus,0.99581814
callis,0.9707492
noto,0.9963171
lateo,0.99711716
ualles,0.9805792
prodo,0.994048
fors,0.9921924
incommodus,0.98452806
alibi,0.96524525
praedo,0.9862243
uindex,0.9944318
prout,0.9695163
paucior,0.9788346
uarius,0.9961125
appeto,0.99030805
templum,0.9807601
apertum,0.9522597
saltus,0.9813474
circumdo,0.9864887
coniungo,0.98967624
calo,0.9804665
passum,0.97385216
fortis,0.9858336
strenuus,0.9924243
hebrus,0.97235084
apollo,0.99301356
latebra,0.99335134
insidior,0.97993135
huc,0.98868966
conspicio,0.99200094
obsideo,0.9884827
efficio,0.987885
quippe,0.9867615
dimico,0.99148184
confertus,0.9754121
commeatus,0.9764984
apollonia,0.93693554
neapolis,0.9782859
t,0.9901124
colonia,0.98020977
infestus,0.99216
suspicio,0.98623127
macedonia,0.9895173
mitior,0.9881375
quindecim,0.96645164
numida,0.9782218
perrumpo,0.99273944
mox,0.9871154
medium,0.97473425
dispono,0.9884522
thessalia,0.98038936
epirus,0.9844118
contemptus,0.9893385
subrogo,0.9603569
probabilis,0.9729047
equidem,0.97774184
delinquo,0.9859612
comitia,0.95462537
rogo,0.9876805
d.,0.9035836
kalendae,0.974029
flaminius,0.9788753
factum,0.9668342
terentius,0.9275412
furius,0.93030787
tarentum,0.98758674
ei,0.9700551
carthaginiensis,0.9890798
pulso,0.99042004
carthago,0.98845714
glisco,0.98658085
uiuo,0.9934733
praedico,0.9832741
ligur,0.9596533
includo,0.9946331
biennium,0.96860373
substituo,0.9596602
priuatus,0.98846215
natio,0.980078
pretium,0.9757595
uendito,0.99033064
marcus,0.9670502
certe,0.9799728
deuinco,0.9905282
consularis,0.97992194
reporto,0.99226725
tandem,0.9834328
perseuero,0.9816431
decedo,0.9889586
inimicitia,0.97826433
inuidia,0.9954465
suborno,0.98648936
crimen,0.98994124
introduco,0.9708309
depopulatus,0.9597884
motus,0.99463785
abduco,0.98273504
quin,0.97653425
ornamentum,0.9872489
ablatus,0.98327625
conscribo,0.94638264
gestus,0.98611945
triumphus,0.9915085
separo,0.98814255
retineo,0.9937775
absens,0.97376525
callidus,0.98977584
malitia,0.9610383
insimulo,0.9836358
praeso,0.8368826
capto,0.9939114
aeger,0.9905952
consultum,0.9626682
immunis,0.9829438
contentus,0.9868031
adicio,0.9804519
ualetudo,0.9912036
pestilentia,0.9748066
dilectus,0.902073
b,0.85081285
profectio,0.9751329
proconsul,0.9299084
bellona,0.96845794
commemoro,0.9905228
dium,0.9615079
immortalis,0.95048726
honus,0.98914325
triumpho,0.9871727
inueho,0.9908342
contradico,0.9341284
inchoo,0.9824253
tendo,0.9961755
insidia,0.992201
conspectus,0.956167
cupio,0.99022806
sibylla,0.9700587
fatalis,0.9876281
diuortium,0.9892132
quiesco,0.9916998
regia,0.98051643
circumago,0.9758552
poeni,0.9939845
ludibrium,0.99174863
iste,0.9867242
at,0.98199946
consisto,0.9917952
mercennarius,0.9836644
innoxius,0.98842585
temeritas,0.9830626
nos,0.989475
obicio,0.99456614
uitio,0.9904003
euentus,0.9948236
uester,0.9863032
illinc,0.97414744
inferior,0.9872658
paene,0.99145466
subicio,0.99060625
incido,0.9932487
terribilis,0.9838528
ruina,0.9912862
attonitus,0.9879144
moles,0.99050814
cruento,0.98715067
auis,0.9927814
exame,0.967454
crepo,0.982283
auolo,0.98181176
exuo,0.98125976
spolium,0.9883796
i,0.97723436
thracia,0.99042785
ignominia,0.96354353
opinor,0.9818552
mando,0.9912574
quaero,0.992403
polluo,0.9842055
iactura,0.98913133
obliuio,0.9918327
num,0.98578846
dictum,0.9714687
merito,0.9713101
prosperus,0.98475003
aduersor,0.9838502
gratia,0.96858585
solum,0.98763144
comprobo,0.987828
ecce,0.9507997
currus,0.98216474
triumphalis,0.9790671
conscendo,0.9868176
prohibeo,0.9869541
detraho,0.99256754
testis,0.9887493
cito,0.992702
inuideo,0.9956923
nuper,0.99033713
deterreo,0.98621106
iniustus,0.99368834
omnino,0.9810879
iacto,0.9968052
accusatio,0.9500356
immanitas,0.9815055
odium,0.99196327
remotus,0.9941148
uniuersus,0.9780906
infamia,0.9792403
aestimo,0.9913413
utinam,0.98938906
adsum,0.99371785
grauior,0.9948331
subigo,0.9958049
quotiens,0.9936024
uix,0.9953723
redimo,0.9891914
macto,0.99130696
cesso,0.98703456
dominor,0.9804845
adiicio,0.9863125
neuter,0.98394775
querimonia,0.9742627
quondam,0.9926367
oraculum,0.9897413
umbilicus,0.98434854
orbis,0.9914081
spolio,0.992217
ideo,0.9792362
reor,0.9931408
uagor,0.99591064
argumentor,0.9654845
tamquam,0.98620504
felicitas,0.98863685
frustra,0.9894567
maiestas,0.985183
peccatum,0.9530443
mitigo,0.9925389
insero,0.99578387
indomitus,0.99307656
quoniam,0.970942
suscipio,0.98306805
purgo,0.98979425
confido,0.98326945
crux,0.9383312
prauus,0.99302053
gerendus,0.9633482
adhibeo,0.9930115
aequior,0.9760718
munio,0.98596334
nempe,0.98503506
moenia,0.98651344
thermopylae,0.98598975
aequo,0.9902402
defendo,0.9920026
me,0.9008275
interrogo,0.99380636
deicio,0.99249065
adhuc,0.984715
qualis,0.9946146
fingo,0.99614847
degener,0.98678905
detracto,0.9746667
corrumpo,0.9911413
praemium,0.9897194
quaeso,0.97422993
ignosco,0.99434096
longior,0.9824593
glorior,0.97296
defensio,0.96906555
cultus,0.9885397
delitesco,0.99111396
latro,0.98771465
thrax,0.98284644
casus,0.9852424
infeliciter,0.97590494
amitto,0.9961474
adortus,0.9683212
nouissimus,0.978251
noster,0.9798945
circumuenio,0.9897624
serus,0.99300075
perduco,0.9946916
cognatus,0.99198174
senium,0.99306977
exemplum,0.99247646
conficio,0.9920967
laureus,0.98744357
malignitas,0.9783017
contentio,0.9709288
clarior,0.9853085
incuso,0.9886159
ingratus,0.9941186
uictus,0.9967911
exilium,0.9778625
uictrix,0.992659
e,0.9768679
emineo,0.988489
potentus,0.9780412
monstro,0.98627007
nedum,0.9662339
agito,0.9949081
frequentia,0.9661457
magnificus,0.9720842
exordior,0.9822762
melior,0.9936491
uere,0.9829433
laudo,0.9926901
fastidium,0.99010575
luxuria,0.98955715
hibernum,0.97416735
praesens,0.9844846
argumentum,0.98811615
r,0.9802762
intactus,0.9871297
urgeo,0.99416
rostrum,0.9854597
consido,0.9924947
cliens,0.99276733
inquam,0.9909016
quiris,0.966647
africa,0.9794347
bene,0.99239075
meretrix,0.98050034
proxumus,0.9486928
hodie,0.9358333
lis,0.9634418
supersedeo,0.98555243
iuppiter,0.99493146
iuno,0.98661286
minerua,0.99205005
praesideo,0.9822743
saluto,0.98884666
commodum,0.973251
similis,0.99234957
anteeo,0.9884939
scriba,0.9625973
uiator,0.9927499
seruilis,0.9849017
comitatus,0.95372146
praeco,0.9846582
circumeo,0.9810843
fauor,0.99518585
speciosus,0.9802709
ultimus,0.99034846
prospicio,0.9934187
dicendus,0.9520098
adsuetus,0.9880872
summitto,0.9914503
humilitas,0.93925333
morbus,0.98989195
cur,0.9943055
sane,0.9668852
sapio,0.9916824
excusatio,0.9617847
superbia,0.96495116
arguo,0.99227417
po,0.9839594
gracchus,0.9914056
ueto,0.9967421
adscribo,0.9918604
tristior,0.9728108
expecto,0.99035937
indignatio,0.9585223
domitor,0.98673034
nobilissimus,0.9807251
uectigalis,0.98715913
consors,0.99312365
succumbo,0.9914457
palma,0.9878237
sanctus,0.95408696
uenerabilis,0.9834786
inuiolatus,0.984647
salto,0.99196994
accusator,0.984141
delibero,0.98972285
officium,0.9758437
praecipue,0.9871003
senior,0.97269785
simultas,0.98561877
uexo,0.99635255
probrum,0.99077034
splendeo,0.9854872
poto,0.9918895
uita,0.98849225
desiderium,0.9694414
morior,0.9922358
rus,0.9888743
sepelio,0.98032457
monumentum,0.97567785
aedifico,0.97408414
funus,0.99339485
patria,0.99263567
bellicus,0.9889054
iuuenta,0.9933394
assidue,0.9876512
materia,0.9798995
asiaticus,0.9823867
aduerto,0.99576813
inutilis,0.98594344
deformo,0.9861157
necessitas,0.9851656
punicus,0.9900488
perpetro,0.9736882
periculose,0.98164606
porcius,0.9791838
cato,0.98219097
uivus,0.9224143
solitus,0.98843795
mortuus,0.9778924
coago,0.981274
d,0.7191445
mummius,0.9809361
relatus,0.9885532
nobilitas,0.9781333
purpureus,0.994971
fortus,0.9629795
exorior,0.99041843
conteno,0.9711603
suadeo,0.99270296
exsto,0.98671055
intercessio,0.9413413
familia,0.97611946
mulsum,0.97672033
prosequor,0.9934091
defero,0.99125016
quaestor,0.9874952
peculatus,0.9751483
accensus,0.9813168
hostiliter,0.98134243
absoluo,0.9896157
sex,0.98448694
aerarium,0.9704738
summa,0.9865908
mendacium,0.9716997
scriptor,0.98271704
fiducia,0.98641706
contra,0.9792598
promo,0.992218
posco,0.99476063
clauis,0.9822227
sepulcrum,0.9900863
diversus,0.98257625
adsentior,0.97145903
elor,0.9585921
utrubique,0.98273975
statua,0.9837488
deiectus,0.99011946
poeta,0.99414116
nec,0.99481034
discrepo,0.9909699
index,0.9804995
nebulo,0.96902186
cena,0.9825599
promitto,0.99188447
serendus,0.95442617
fabula,0.9923291
etruria,0.9637805
adlatus,0.97830105
curro,0.9964934
dissoluo,0.9902923
impotens,0.9822506
increpo,0.9916677
laus,0.9839634
moderatio,0.96794677
temperantia,0.95622396
reprehensio,0.97574145
castigo,0.9879198
perpetuus,0.991498
dictator,0.9844142
laudatio,0.943491
modero,0.99239784
ciuilis,0.98615825
exprobro,0.98933125
fateor,0.9858006
nasica,0.97872365
collocatus,0.9763054
nuptus,0.9735681
desponso,0.95793283
ceno,0.9861035
consurgo,0.9857755
epula,0.98897135
sollemnis,0.9904449
rite,0.9794514
expers,0.9879912
concors,0.98639965
littera,0.9784425
uario,0.99438787
propono,0.9825478
praes,0.9180944
contendo,0.9940554
decor,0.9899892
proprius,0.98523074
carcer,0.9908186
clarissimus,0.96144843
hispanus,0.9799565
extremus,0.9948001
respublica,0.9807421
occubo,0.9856929
tueor,0.995871
paternus,0.9895958
stirpes,0.99043506
diuinus,0.9906208
sero,0.9930031
dignus,0.99205184
habitus,0.9878114
splendor,0.96895975
officio,0.96982753
criminor,0.9856974
exsisto,0.97999454
pensum,0.9640523
ancilla,0.9413152
lana,0.98411036
careo,0.9962733
accommodatus,0.96527874
aegaeus,0.98781717
promineo,0.9844246
quot,0.9949465
amplector,0.99403834
longitudo,0.96130955
latitudo,0.9637959
expuldo,0.9812199
angulus,0.9787252
quaesio,0.9683373
prosum,0.99444866
noceo,0.99687356
iudicatum,0.9690792
sumptus,0.9765623
novus,0.96886593
cumulus,0.98689264
aduoco,0.99138355
tergo,0.9808906
uexatio,0.98007894
contumelia,0.984295
fur,0.9807341
nocturnus,0.99503946
exspiro,0.9866151
proicio,0.98718596
erubesco,0.98670167
recito,0.9425624
iudico,0.98837996
prendo,0.99235797
secedo,0.9892603
pronuntio,0.99148136
quominus,0.95815957
opulentus,0.99014246
devico,0.9490948
propago,0.9908782
ro,0.976958
uestigium,0.9963677
compareo,0.9755062
redaco,0.9760289
locupletus,0.9471837
aliquanto,0.97065294
calamitas,0.9906337
acuo,0.99354506
terrestris,0.96726465
mollitia,0.9737048
fortior,0.9591161
solutus,0.99131906
neglegenter,0.9834678
asperior,0.9827918
excito,0.9939849
montanus,0.9816923
asper,0.99736124
praeoccupo,0.9739733
uelox,0.9951242
repentinus,0.98797584
usquam,0.9859642
securus,0.99408305
lixa,0.93782294
extendo,0.98464525
desum,0.9934954
domesticus,0.9790244
uicinus,0.9959296
incurso,0.97804374
discrimen,0.984965
multo,0.9844892
sincerus,0.9876876
profugio,0.99165285
confestim,0.969694
praecipito,0.99452955
expugno,0.99237907
intentus,0.9872083
aurata,0.9808941
uestio,0.99231815
penus,0.9592668
sanus,0.9879577
mens,0.9897336
finitimus,0.99138
otium,0.9883124
ballista,0.9855834
descendo,0.98622626
confligo,0.9895232
regina,0.9612839
uoueo,0.99442583
insons,0.99045
palla,0.96478164
clam,0.9789525
dego,0.98270214
latium,0.9920634
probo,0.9801914
alienigena,0.96042085
ho,0.87531126
prŏficiscens,0.98791003
debitum,0.93257403
egregie,0.97195756
ge,0.95619196
exspecto,0.99343896
furtim,0.99158335
agger,0.9928014
uinea,0.98593116
integro,0.96191424
calumnia,0.98266697
pontifex,0.95399433
syracusae,0.99101204
exorno,0.9865075
fas,0.99102664
ualo,0.7969062
deprecor,0.98297393
bonum,0.9817929
cognitor,0.9698576
turpis,0.99231696
odi,0.98374474
diligo,0.98494434
improbo,0.98143345
uultus,0.99469733
nutus,0.9888228
priuatim,0.9814614
memini,0.9901675
tribunatus,0.96849775
posteritas,0.97854644
castigatio,0.9700438
ludus,0.99209636
secerno,0.99540305
necesse,0.9881607
impensa,0.968751
impendo,0.9893134
ianuarius,0.9490334
aegrus,0.9812846
subsisto,0.97022617
praefero,0.9935337
decimus,0.975443
aurea,0.943999
nummus,0.9838699
aeneus,0.98093694
septingenti,0.9820913
o,0.9725252
circo,0.990371
denarius,0.97652745
sp,0.78038156
postumius,0.98872304
albinus,0.89040613
sulla,0.98779804
calpurnius,0.97517735
piso,0.93723035
licinius,0.94452584
lucullus,0.9866565
aurelius,0.93092096
scaurus,0.98640686
crispinus,0.78776217
nonus,0.984647
uello,0.992462
incendium,0.98808646
conflagro,0.98774064
iudex,0.9781233
conseruo,0.9858122
successor,0.9671355
oculus,0.98059654
narro,0.99406695
aspicio,0.9951686
origo,0.98861665
stragulus,0.980525
pretiosus,0.9885402
supellex,0.98300356
epulae,0.994743
apparo,0.9746899
coepo,0.9824859
coquus,0.97828126
mancipium,0.98085207
ministerium,0.96036536
semen,0.9816201
futurus,0.9865627
sedecim,0.9752649
indulgeo,0.9855201
celebris,0.9677286
adloquor,0.99254364
adnitor,0.9761666
soluo,0.9920236
semis,0.96292055
aer,0.9814908
consultatio,0.96059304
cethegus,0.93632805
instabilis,0.99047834
procido,0.94238174
repono,0.9949663
plebeius,0.97823924
luscus,0.9634689
coniuratio,0.9804053
uindicta,0.9897537
domi,0.98826027
celeriter,0.98255527
coquo,0.9890805
quaestio,0.9798932
clandestinus,0.9879546
ignobilis,0.9910444
uates,0.9966279
quaestus,0.9867674
error,0.9891447
imbuo,0.98735154
uinum,0.9919605
mas,0.9887105
tenerus,0.9810599
exstinguo,0.98666644
corruptela,0.95687616
promiscuus,0.9750564
ingenuus,0.97657835
falsum,0.97768414
testamentum,0.97968584
indicium,0.98829377
officina,0.9731157
exeo,0.991493
uenena,0.98179793
indidem,0.9725292
sepultura,0.9887956
dolus,0.9752489
ululatus,0.9846749
tympanum,0.9778284
cymbalum,0.9822707
strepitus,0.99466574
uox,0.99537474
exaudio,0.9339907
lab,0.94021595
ueluti,0.9408598
penetro,0.99253833
celo,0.99109936
pupillus,0.98226625
uitricus,0.974251
rutilis,0.9072643
uinculo,0.9866339
adulescens,0.9870099
bacchus,0.99532175
initio,0.9726666
uotum,0.99480915
benignitas,0.9831436
pus,0.8763406
lauo,0.98665863
sacrarium,0.98246944
scortum,0.9837051
libertinus,0.9781331
manumitto,0.9629416
consuetudo,0.97320634
uicinitas,0.97803175
damnosus,0.98686767
appetitus,0.92406946
malignus,0.98724073
munificentia,0.9836332
patronum,0.9620231
amor,0.99481416
pignus,0.9444762
secretus,0.98941433
iocus,0.9945386
miror,0.9911921
perturbo,0.9931992
detestor,0.9921421
minae,0.9832003
admiror,0.9910193
perturbatio,0.95824087
parco,0.99435264
exsecratio,0.96512586
forsitan,0.97272366
pudicitia,0.99001646
perditus,0.97409296
caritas,0.9434741
enuntio,0.98968613
domina,0.97399914
comes,0.9738812
accedo,0.9913278
uictima,0.9841688
sacerdos,0.96173847
cantus,0.9906602
symphonia,0.8926079
pulsus,0.9845401
obsecro,0.9490905
quicumque,0.9847456
discutio,0.98219204
infandus,0.9917699
deinceps,0.97645336
quisquis,0.9927285
senex,0.9863673
summum,0.97176814
exclamo,0.99316514
concubitus,0.9875624
uenenum,0.9914446
uerecundia,0.9943101
amita,0.9623431
eiicio,0.97474426
arbiter,0.9781091
iusdo,0.96733224
socrus,0.98010814
ecquis,0.98468924
anus,0.98456943
accio,0.9821549
interuenio,0.9838135
lacrima,0.99469364
miseror,0.9892173
propitius,0.9458187
obscenus,0.9908695
uicinia,0.98390114
arcesso,0.98297954
ignarus,0.98630625
lictor,0.9851501
uestibulum,0.9816379
induco,0.99086064
expromo,0.98577005
lucus,0.9881004
tremor,0.9847139
membrum,0.9914149
confirmo,0.9892273
puella,0.98196393
infitior,0.9767304
expono,0.99378
arcanus,0.98561656
amator,0.9706718
seria,0.992231
capitalis,0.9664186
s,0.9869213
cauillor,0.9725709
attollo,0.9957319
paueo,0.99160683
adhortor,0.9838532
perfidia,0.9794285
exopto,0.9729372
miser,0.99050385
sacrum,0.9814222
admitto,0.9899728
sisto,0.99506253
interdiu,0.98008084
matrona,0.9917238
solitas,0.97134924
campanus,0.9580473
monitus,0.9863737
immuto,0.98719347
minium,0.96411276
diurnus,0.98944694
licentia,0.94461286
flagitium,0.98775446
dedecus,0.9848653
pigrus,0.97909355
nefas,0.994701
baccha,0.9513589
crinis,0.99508584
fax,0.99359393
decurro,0.9948589
demitto,0.99418676
viuus,0.98499614
calx,0.99324495
insum,0.9900022
flamma,0.9932258
abdo,0.9914279
specus,0.9900869
abripio,0.9869544
coniuro,0.98944044
socio,0.98301935
perago,0.99605846
aduoluo,0.98929447
genu,0.98427457
cenaculum,0.9675468
scala,0.965075
obsero,0.9845749
arcessitus,0.9756865
migro,0.9874908
inquiro,0.9891267
coetus,0.9884317
importo,0.9752102
adfinis,0.98132074
agendus,0.98685396
inuestigo,0.9900486
conclaue,0.9632562
operio,0.9846827
triumuir,0.98745966
uigilia,0.98664796
adiutor,0.972303
aduocatus,0.970706
precatio,0.9492618
praefor,0.98176503
apto,0.99397314
admoneo,0.9947905
ueneror,0.9947169
captus,0.9660368
furialis,0.9881908
stimulus,0.9909559
quatenus,0.9487507
proloquor,0.97712266
ignoro,0.99072313
neglegentia,0.98848265
atrocitas,0.9823531
pridem,0.9689151
crepitus,0.9790156
persono,0.9782328
concessum,0.9317345
attineo,0.9832754
ilico,0.9369364
exterreo,0.98984516
adiungo,0.9913015
fons,0.9910219
hice,0.97371924
simillimus,0.9748908
incrementum,0.98258495
uexillum,0.9913115
ubicumque,0.97924256
legitimus,0.98013616
rector,0.969646
ce,0.8771657
misereo,0.968073
pudeo,0.9930661
sacramentum,0.94686437
scelus,0.9929795
necdum,0.96454287
edo,0.99408376
noxius,0.9831629
impius,0.9733114
serpo,0.9870684
praecaueo,0.9826554
dilapdo,0.97563815
salus,0.97601473
pernicies,0.9891144
timo,0.9492695
opto,0.99634254
unusquisque,0.95430845
furor,0.9848723
gurges,0.9958192
decipio,0.99245876
immo,0.9512387
numen,0.99356365
praetendo,0.98802257
uindicandus,0.97648895
innumerabilis,0.98433304
haruspex,0.9889129
denique,0.9643619
auus,0.98581815
comburo,0.9744992
sacrifico,0.9524636
praeterquam,0.9390113
aboleo,0.9853512
prudentissimus,0.97401965
patrius,0.9946017
ritus,0.9865336
superstitio,0.98926485
demolior,0.9719572
nefarius,0.98402727
contamino,0.9668801
extraho,0.9821898
patefacio,0.993043
impunitus,0.9710816
uindico,0.98998207
exsequor,0.9851284
munius,0.9422512
nomino,0.9924725
laxior,0.97824067
emo,0.9716047
hospes,0.9923832
edicto,0.9639312
pala,0.99051505
conscisco,0.98509467
supra,0.99063396
faliscus,0.9776583
conditor,0.9725387
actio,0.8974961
tricesimus,0.97659624
differo,0.9951911
solitudo,0.96331704
praeeo,0.9812367
nefandus,0.9900521
iureiuro,0.97737056
obligo,0.9684891
neco,0.9910639
idoneus,0.97604245
exactor,0.9672434
uetustus,0.99168056
ara,0.99131787
consecro,0.98852676
piaculum,0.9857178
omitto,0.99092627
sacrus,0.9611771
magister,0.98433006
coniunctum,0.97837913
centenus,0.9912134
impunitas,0.9868052
habendus,0.9921439
penitus,0.96086264
undecim,0.9572817
semita,0.97935194
euado,0.9911364
gesno,0.9778694
mixtus,0.9955537
gaudium,0.98450375
tristitia,0.96262926
adferens,0.95988595
lusitanus,0.95611024
fusus,0.9873764
luna,0.9878429
portus,0.98918486
consequor,0.98849976
maturo,0.98064196
auco,0.9717066
infirmior,0.9786652
prŏfectus,0.99603546
inhibeo,0.97233117
subago,0.9459302
artifex,0.99030155
athleta,0.9786191
uenatio,0.9843722
leo,0.94446343
panthera,0.96623784
saeculum,0.93964356
ludicrus,0.9859191
celebro,0.9909103
sacr,0.9785555
caelestis,0.9807793
orio,0.9771772
aduro,0.9725443
complures,0.9813394
adflo,0.9744046
uestimentum,0.97332567
tango,0.99600285
procuro,0.9725421
prodigium,0.97124326
abominor,0.9469961
populatio,0.9748412
aquileia,0.94197655
alpes,0.9916271
damnatio,0.9509109
dirimo,0.9860462
uotus,0.98529476
atilius,0.9792124
marcellinus,0.90592027
peragro,0.99070704
colonus,0.9830638
scribendus,0.98313504
li,0.95647216
satus,0.94889975
perseus,0.97789365
inchoatus,0.950439
una,0.96030736
ango,0.98400855
deficio,0.9871403
despero,0.9933126
heraclea,0.9697949
permulceo,0.9910351
festino,0.99141824
thessalis,0.9745911
uitium,0.9955779
seditio,0.98681206
sedo,0.9868659
praesentia,0.94599223
quandoque,0.9799957
uectigalia,0.99148357
fructus,0.97438276
metallum,0.98015285
intermitto,0.9839961
recolo,0.9772252
suboles,0.99306536
stirps,0.9894488
cogendus,0.9499636
procreo,0.9886562
aliquamdiu,0.98913485
querella,0.984928
thracius,0.95809627
audo,0.98528713
neglego,0.99323
aenus,0.98731244
adfecto,0.9886013
possessio,0.9620949
pello,0.99500597
purgandus,0.96343213
adfirmo,0.9934925
caecilius,0.9689715
metellus,0.9847671
audiendus,0.9839623
acerbior,0.9804009
antiquitus,0.96584046
formula,0.96455526
iuuentus,0.99254024
abutor,0.98912245
thebae,0.98891866
cursus,0.99425805
derigo,0.9786056
adhaereo,0.98716736
dominus,0.9393261
prouideo,0.9873307
accolo,0.9573587
nequiquam,0.98640984
tenax,0.99214125
frenum,0.9944493
leniter,0.9886149
acerbitas,0.9882169
adsuesco,0.9857293
imitor,0.9964961
postulatio,0.97011286
ordior,0.9893055
petra,0.9062739
contribuo,0.9363661
frequento,0.99382156
ridiculus,0.98325235
mercator,0.9875561
nauticus,0.9824944
respuo,0.9892555
accido,0.99330556
falso,0.98674744
insolenter,0.9794116
indulgentia,0.9674669
diutinus,0.9741395
sitis,0.9897559
auide,0.99023646
merus,0.96579516
haurio,0.9921302
conuicium,0.9929851
sol,0.9952484
minaciter,0.9629587
fremitus,0.9937633
munus,0.99206185
fidelior,0.9712485
diuturnus,0.9788891
praesertim,0.96960384
citer,0.96923643
grauiter,0.98766255
offenso,0.9913876
intercipio,0.9922371
uireo,0.9915851
sin,0.9371792
praeiudicium,0.92392004
didio,0.94172496
status,0.984513
exsulo,0.97544444
deterior,0.9884936
sileo,0.9961936
declino,0.99087906
deflecto,0.98997915
indutiae,0.9689737
accessio,0.9688623
uiridis,0.9858173
colus,0.98242414
frons,0.9961791
transcendo,0.97718227
reuoco,0.99406487
solacium,0.9887676
aliter,0.9748246
aspernor,0.9906535
insanio,0.98858756
delego,0.96595573
studium,0.9885224
erga,0.9743684
amplifico,0.983907
augio,0.9691262
eripio,0.9960312
refello,0.9853837
disertissimus,0.94967926
insector,0.9871954
respectus,0.9812868
suspendo,0.9948973
ee,0.96558553
cognitio,0.97313666
reseruo,0.9911046
macedonicus,0.9886403
maius,0.9118401
ouo,0.9863121
pastor,0.9842465
pascuum,0.9882127
condemno,0.98592854
iungo,0.9971527
progredior,0.99348474
subuenio,0.990996
paulatim,0.99151665
tumultuarius,0.96409905
institor,0.96710974
trepidatio,0.9774602
tagus,0.9773623
interim,0.98426455
contrahendus,0.9203538
adverdo,0.96619415
delendus,0.96918386
quadro,0.99157506
uadum,0.99080384
quieto,0.97606826
communio,0.8734063
instruo,0.98266435
quintus,0.98006386
uenatus,0.99214923
atrox,0.98524237
acerrime,0.9826698
cuneo,0.96980155
insisto,0.9934658
laboro,0.9958651
varus,0.92992604
properus,0.9901998
doceo,0.9967456
mo,0.9644892
paulum,0.9724577
cuneus,0.98524594
acriter,0.9854828
percutio,0.9625086
accensi,0.9675317
ibis,0.96672755
foras,0.94378155
canis,0.9918185
postis,0.99060804
hircus,0.97328573
perdo,0.9933616
innocens,0.9802762
testimonium,0.9669709
signifer,0.9828272
renouo,0.98763037
torreo,0.98423266
propinquus,0.98964924
palo,0.9892308
exiguus,0.9943668
prouincialis,0.9789019
uae,0.8999286
cruentus,0.99444175
phalera,0.9770491
fibula,0.9813224
macer,0.96431756
securis,0.99318105
lampas,0.98305213
patricius,0.92324287
candidatus,0.96286863
repello,0.99502057
artus,0.99429137
petitio,0.93099105
gratiosus,0.9678574
aliquando,0.9876815
dilo,0.93948424
licinus,0.97638357
uolito,0.9948617
clamito,0.9845433
aduersarius,0.991809
tribunal,0.97110164
tacitus,0.98182625
spectator,0.98344815
coerceo,0.9890858
nequeo,0.9940844
aliquotiens,0.98502606
appius,0.97935545
flauus,0.99491155
naeuius,0.9615375
uarro,0.9814502
militia,0.9725317
itero,0.9839674
mandatum,0.9510684
discedo,0.995749
deploro,0.99027884
achaia,0.9854335
exuro,0.98938036
infensus,0.966177
intromitto,0.9622182
crudeliter,0.98115754
trucido,0.9925878
abnueo,0.9833732
euidens,0.98337257
quaerendus,0.98926526
remoueo,0.9954832
color,0.99301326
colligo,0.9935583
minister,0.9871868
conscius,0.9902341
emano,0.96781933
ueneno,0.99073136
sublao,0.97126305
digredior,0.9931913
rebello,0.9825667
demetrium,0.96532744
indoles,0.99002206
actus,0.9870659
bello,0.98021424
alcibiades,0.9845647
exsul,0.98916674
u,0.8527229
arcadia,0.9770564
cogitatio,0.96895295
displico,0.98221743
saeuio,0.9950453
crudelitas,0.9921628
difficilior,0.9781894
respondo,0.98391336
arbitror,0.9843025
heus,0.9501388
nimirum,0.9860152
confugio,0.9868953
pius,0.98526734
reprehendo,0.9916227
quonam,0.9903809
exsilium,0.9638461
consenesco,0.99015826
indignor,0.99339473
uetustissimus,0.97867674
inferus,0.98868775
gaudeo,0.9915382
agnosco,0.98904943
tyrannis,0.9736773
deformis,0.99199724
notus,0.99403685
muer,0.97966933
compes,0.97436935
uinctus,0.9871587
seruio,0.98769724
antiquo,0.97174793
obseruo,0.9897639
capua,0.9843951
reposco,0.99145436
senator,0.97464
precarius,0.9485451
aeternus,0.97568405
periurium,0.9873959
auditus,0.95776796
molliter,0.9867538
tenere,0.98709047
magnopere,0.959239
uoluntas,0.99025494
gemitus,0.99009
inieco,0.9789071
obstringo,0.9871238
irritus,0.9659304
sancio,0.9226911
ueneficium,0.9718587
bini,0.97246546
deuincio,0.99114114
emereo,0.9885093
fortissimus,0.97964686
subinde,0.98407674
flame,0.9874244
dialis,0.9810374
designo,0.9703053
toga,0.9901532
conuoco,0.9871897
tolerabilis,0.9772198
extorqueo,0.99067134
abdico,0.9788203
pertinacia,0.9780153
quotienscumque,0.9877664
destituo,0.99144125
obstino,0.977929
prudentia,0.98343813
potentior,0.9844271
privatus,0.91840607
rusticus,0.9933245
calleo,0.9770509
scientia,0.97995114
eloquentia,0.98259795
proueho,0.99448156
nimius,0.99418694
asperus,0.9825252
acerbus,0.9926672
inuictus,0.99545467
rigidus,0.99481434
innocentia,0.98021644
contemptor,0.9724666
diuitia,0.9934375
parsimonia,0.9843931
patientia,0.9716881
ferreus,0.98917824
sextus,0.9805295
nonagesimus,0.96337366
premo,0.997506
adipiscor,0.99044883
etenim,0.96313083
suffrago,0.9846203
priscus,0.99237573
nobilito,0.9840729
secundum,0.9614651
municipium,0.9716968
aptius,0.97296965
libet,0.9917736
reliquiae,0.96223265
tantundes,0.9735477
exspectatio,0.97617364
senatorius,0.9677489
grauissimus,0.98161113
carus,0.9834461
lasciuio,0.992227
obsequium,0.97855943
epulor,0.9703057
incalesco,0.99024963
conuiuium,0.9962293
transfuga,0.9856655
tabernaculum,0.9111887
interpres,0.97897243
adnuo,0.9876201
imploro,0.9899353
famosus,0.9871327
depereo,0.96002996
iactans,0.98707944
infra,0.97218037
ferio,0.996385
attraho,0.9767282
iussum,0.9399709
saeuus,0.997007
poculum,0.9939979
libo,0.9797873
dius,0.9369073
daps,0.9917482
procax,0.9870805
sinus,0.9929815
recubo,0.98870516
cruor,0.99504834
sponsio,0.96761847
doleo,0.9955219
ueno,0.9804164
amens,0.99048436
recognosco,0.9844998
uehiculum,0.9916424
decio,0.82540846
privo,0.95165443
lacus,0.98930967
cloaca,0.9625147
atrium,0.97599024
titius,0.9126359
taberna,0.98235357
basilica,0.86197764
tributum,0.979939
infimus,0.98650694
publicanus,0.9277339
imminuo,0.96747696
adsigno,0.98733616
potentia,0.9761046
seni,0.9807192
iugerum,0.99079996
nobilior,0.9241706
miserus,0.98658115
iulius,0.9675985
amoueo,0.9883747
barbatus,0.9878645
tremulus,0.99414015
cygnus,0.9797145
augur,0.9875565
lentulus,0.9575559
crassus,0.9694172
seruilius,0.9721854
geminus,0.99522316
gladiator,0.98880136
funebris,0.9868965
epulum,0.9743396
triclinium,0.98156655
procella,0.99464244
defunctus,0.9760386
cano,0.9819341
leuo,0.98865515
area,0.9874095
vulcanus,0.989496
expio,0.98721206
transmarinus,0.985575
uulgo,0.99516743
prusia,0.9818927
iuvenis,0.9699661
demetrius,0.9837825
pecus,0.9932844
abigo,0.99368256
breuis,0.9962911
utcumque,0.9719927
dissimulo,0.994879
pietas,0.9908287
attingo,0.99241674
augo,0.9822422
consigno,0.96492386
discordia,0.98672855
residuus,0.9728348
immemor,0.9891561
cohaereo,0.9855075
prolabor,0.982332
septuaginta,0.9593957
anceps,0.9896662
uiscus,0.99579066
iaceo,0.99707544
deuius,0.99110496
sibimed,0.9482462
praemitto,0.963631
incredibilis,0.98278403
confercio,0.9806515
excludo,0.99003345
theatrum,0.9953312
compleo,0.9800387
pristinus,0.9867414
recordatio,0.98052466
raptim,0.97242177
pra,0.91256857
curia,0.9635196
obstupesco,0.9876909
thesaurus,0.9774134
uincio,0.9945892
memor,0.9905378
remedium,0.9837539
nex,0.99377525
consentio,0.98564583
ambigo,0.9688508
avidus,0.9823376
accepto,0.9724389
incolumis,0.9928329
impauidus,0.98696506
exhaurio,0.99461466
congero,0.99424875
iunctus,0.99549997
uetulus,0.98257565
olens,0.9762908
latina,0.9831592
tribuo,0.99165773
potentissimus,0.97291815
recepo,0.9857294
pr,0.63406396
leuitas,0.9907706
saepio,0.99239236
uestigo,0.9709686
circuitus,0.9320085
elabor,0.99396634
posticus,0.96289617
occursus,0.93543005
asto,0.9800515
lora,0.98505473
uenenus,0.99170184
exsecror,0.98255026
hospitalis,0.9781599
inuoco,0.97934926
rutilius,0.96102405
l,0.9821304
december,0.97709286
sonitus,0.98657966
ungula,0.9892937
celer,0.9956591
inflecto,0.99202526
congruo,0.98515236
sepultus,0.96546906
deuerto,0.9896899
adficio,0.98954034
paelex,0.9877113
similitudo,0.97277296
solium,0.98264205
perse,0.9696091
arbitrium,0.9815099
offendo,0.9955195
concursus,0.9859507
mino,0.97654265
concilio,0.9861422
maereo,0.9953418
gemo,0.99586487
frequentior,0.96902335
f,0.95338154
admoueo,0.99411345
raptum,0.99131
egestas,0.98421353
incultus,0.99073374
denuo,0.9257858
q,0.98554474
capillus,0.9909065
deripio,0.9695741
benigne,0.97973967
lenitas,0.98493207
impello,0.9956661
tuscus,0.96824604
octoni,0.96353215
saturnia,0.9837878
hiberus,0.9836955
implicitus,0.9872318
eus,0.76880264
acer,0.9938909
durus,0.99749047
laeuinus,0.986681
iterum,0.98033607
concordia,0.9846369
ducentus,0.9587189
uer,0.98233443
pridie,0.95573187
parilis,0.98112285
uentus,0.9955416
profanus,0.98466873
strages,0.99038875
for,0.9908555
paries,0.9894704
ceres,0.99599445
adfigo,0.98789084
mulus,0.9894993
mature,0.9872372
uiso,0.995519
obscurus,0.9952351
penates,0.9897007
dolor,0.9925051
propalam,0.9595636
gener,0.9736874
nuptia,0.9333935
nubo,0.97890395
enitor,0.99086183
partus,0.98976946
soror,0.9812592
liberi,0.96547383
foedo,0.99347836
fidus,0.9938977
medicus,0.99063164
thessalonica,0.896201
aeneas,0.9751067
caerimonia,0.98210275
quotannis,0.96274424
sopio,0.9869445
lembus,0.94340545
retraho,0.98923546
reuertor,0.9872554
remex,0.9878248
nauta,0.9945572
reuoluo,0.99391955
diluo,0.98109436
segnior,0.9903865
iuuo,0.99763316
complexo,0.9892413
dirus,0.99563795
cogito,0.9938768
perplexus,0.9862845
fraternus,0.9930428
spons,0.98612714
suspectus,0.984825
institutum,0.92882043
eludo,0.99034584
matrimonium,0.9674438
proditor,0.98981476
speculator,0.97977483
conuerto,0.9920745
senus,0.9889903
stimulo,0.98594993
dextera,0.956543
exta,0.98589253
posterior,0.98232186
insigne,0.98620987
cohors,0.98575175
cingo,0.99713945
flos,0.991529
maturus,0.99380624
bifarius,0.9697292
simulacrum,0.985871
platea,0.9468409
aufugio,0.9791181
imago,0.982393
rudis,0.99210644
laeto,0.99362695
prudens,0.98661727
sodalis,0.9790147
festus,0.94354546
hilaritas,0.9795792
commemoratio,0.9401603
conuiua,0.99198496
mulco,0.9840027
io,0.9747988
resideo,0.9864885
simplicitas,0.98434424
conclamo,0.985444
ultio,0.9792485
lumbus,0.963397
occultus,0.98414755
intestinus,0.9838248
praecurro,0.99178874
succingo,0.9919424
ianua,0.9904547
uerro,0.9929818
fenestra,0.9748045
paulisper,0.96935636
convenio,0.8921006
salveo,0.94467247
quaenus,0.9844877
maestitia,0.97921574
lucrum,0.978639
foris,0.97679967
admiratio,0.98588216
atquus,0.95186704
manifestus,0.99075335
percusdo,0.9847081
odiosus,0.981784
aegrotus,0.9680966
crus,0.9949933
bracchium,0.99514776
infrequens,0.9555135
lysimachus,0.9901643
totidem,0.98832357
ternus,0.985919
miserrimus,0.9861791
parricidium,0.9835131
labo,0.99131274
icio,0.9284974
puerilis,0.9939824
surdus,0.9690259
horrendus,0.9901978
funditus,0.967335
euerto,0.99138826
consortio,0.9308449
quilibet,0.946163
faber,0.9914585
uecors,0.9806947
sanitas,0.96393
spiro,0.9927297
improbus,0.99426866
superstes,0.97697794
ambiguus,0.9931389
insatiabilis,0.98892504
resero,0.98444766
posthac,0.96317565
maestus,0.99480665
iugulum,0.98988724
insidiator,0.9776988
incedo,0.9892496
deprehendo,0.9911675
uilis,0.99482983
impunis,0.99347353
uidio,0.9559201
hesternus,0.98615885
lusus,0.9862716
pertraho,0.9598533
inspecto,0.9786207
iuve,0.9743027
criminosus,0.9673314
limen,0.9914135
manifesto,0.96705765
furia,0.9871233
discerno,0.9912948
dispicio,0.9845021
perfugium,0.97466373
iustitia,0.968462
mortalis,0.9838633
inuito,0.9913525
euito,0.98824996
spero,0.98625195
noctu,0.9824716
adulescentia,0.97383076
macedones,0.98808396
hortor,0.9967927
primoris,0.97865677
statim,0.9826536
superstus,0.9735271
scelero,0.99382913
orbo,0.98527515
ulciscor,0.9901313
inanis,0.993335
propello,0.99476707
punio,0.9926548
fletus,0.9869314
simulo,0.9941325
percussor,0.9900738
induo,0.9814632
obsum,0.9670593
tenor,0.9528668
criminatio,0.9795491
oporteo,0.9645548
proditio,0.9896262
scilicet,0.94905233
diadema,0.9888865
probitas,0.9886017
pario,0.99050224
hortus,0.98807484
prodeo,0.9914422
eligo,0.99292433
m,0.9877553
pertinax,0.9743855
placo,0.9920508
dandus,0.97790813
transilio,0.9894977
aequalis,0.97234964
largior,0.98813707
laetitia,0.9786341
armos,0.97093403
crapula,0.9641876
tempero,0.9836042
aperte,0.9837669
conuinco,0.98895466
tuo,0.9739244
perperam,0.9681117
explico,0.9920269
apertus,0.9854568
adgredior,0.9938458
suspiro,0.9896699
quomodo,0.97465134
fallo,0.9959754
suspcio,0.9654285
rixa,0.9786731
repleo,0.98066986
coepi,0.98578405
acerrimus,0.9875338
retinendus,0.97703344
exitium,0.98915577
patronus,0.96418756
meditor,0.9952178
compono,0.9924547
intellego,0.9894965
securitas,0.9864548
spiritus,0.93857706
intercludo,0.98506176
formido,0.99338007
ulixes,0.9883355
concieo,0.98176426
opperior,0.9862484
rescribo,0.96656334
perseuerantia,0.9786651
aestas,0.9882103
uiuus,0.9928113
euoluo,0.99280024
stultus,0.9852817
cibus,0.98209226
socer,0.99001
recedo,0.99126744
anima,0.9546044
creandus,0.92039454
hiemo,0.96030784
nero,0.9840054
tarentinus,0.9843335
massiliensis,0.9818905
naualis,0.9903239
servo,0.9572359
ingigno,0.97939825
minervae,0.94563806
cardo,0.99260974
massilia,0.97749317
peregre,0.96159744
uulcanus,0.9903492
lacrimo,0.9888865
anxius,0.98792416
puluinar,0.97663915
feriae,0.9631053
ambitus,0.954658
ponticus,0.9866821
speculor,0.99015355
particeps,0.9800923
circumspicio,0.9931529
cupido,0.98875546
histrus,0.97324026
peritus,0.9898274
ascensus,0.97526574
expeditus,0.978839
difficillimus,0.9845856
familiaris,0.98095405
alea,0.9792612
subsidium,0.9754447
inuitus,0.99358344
dido,0.95579517
plerosque,0.9744091
insinuo,0.986966
elico,0.9383265
sensus,0.99018645
septimus,0.96634996
demos,0.98178804
modicus,0.9690913
imus,0.99085224
opacus,0.9931227
arbor,0.9938015
immitto,0.99058735
ramus,0.9923576
rarus,0.99676025
contego,0.9928023
nebula,0.9872853
tertio,0.9775609
degredior,0.98285794
uanitas,0.9761598
gravus,0.9742682
soli,0.9876356
biduus,0.97948205
frigus,0.99428964
brumalis,0.9892838
nihilum,0.9490931
penuria,0.98350203
transcurro,0.9913416
populo,0.9289682
rapiendus,0.9729792
uilla,0.98743784
socialis,0.96095574
obleo,0.97652715
effectus,0.9547065
immeritus,0.98541826
offero,0.97593015
elicio,0.9837224
signo,0.98901856
deprecatio,0.9328837
excrucio,0.9602911
corruptus,0.9813373
epoto,0.9769182
cubiculum,0.98418593
conqueror,0.9858475
torqueo,0.9954372
thyrsus,0.9862163
alexander,0.8085288
fauces,0.9869213
paciscor,0.97886753
agrestis,0.9895685
persuadeo,0.98844326
explicandus,0.97182274
occasus,0.99241173
tardus,0.996764
morbum,0.97521734
lucretius,0.90802914
orno,0.9890015
extraordinarius,0.9525496
praepono,0.99042404
praetorium,0.9848773
principalis,0.96017814
sinister,0.9926642
hastas,0.9420671
sex.,0.9737495
caesar,0.9878838
cotta,0.927232
ala,0.9716885
triarius,0.96827245
abditus,0.96908844
quidni,0.9732561
compositum,0.9523404
dispergo,0.986207
perinde,0.9561343
exiguum,0.9896959
trepidus,0.992956
gubernator,0.9652198
etruscus,0.9844719
siccitas,0.9842923
frux,0.9948528
cultor,0.9916364
alte,0.9910746
lapideus,0.9692811
arca,0.93314993
quaterni,0.98787546
plumbo,0.9786168
numa,0.98784566
pompilius,0.9826312
titulus,0.98272264
tabes,0.9885777
fascis,0.9907116
septeni,0.98057723
sapientia,0.9722793
pythagoras,0.9881735
auditor,0.9789604
legens,0.99082494
studiosus,0.9888461
pleraque,0.958285
comitio,0.9783011
solvo,0.95206654
uio,0.85170954
subduco,0.9914328
steto,0.9561653
albus,0.9893351
continuus,0.9949546
sinistrus,0.97546124
solo,0.978342
equester,0.98299026
ardor,0.99114865
paucitas,0.98123384
fluctuo,0.9897137
pertinaciter,0.98398393
capesso,0.9873542
emitto,0.97772443
incruentus,0.97076154
auxiliarius,0.9315124
saucius,0.993309
deueho,0.98650885
inexplicabilis,0.97758734
imber,0.99341905
inflo,0.98929787
panis,0.9663638
puniceus,0.9904078
luteus,0.9701228
diffundo,0.9932685
quinquageni,0.96852815
uenus,0.9960251
dedico,0.9855103
fe,0.8526554
glabrio,0.9530083
depugno,0.9798072
papa,0.6174829
corsica,0.97583354
cera,0.9784894
otiosus,0.99004453
exinde,0.94487727
mancinus,0.9762969
perniciosus,0.98974323
obuenio,0.9675793
potio,0.96456194
percipio,0.9869855
insania,0.98315126
perpetuo,0.97307163
tiro,0.9860433
uicina,0.99619657
administro,0.9796885
diuino,0.97880995
porro,0.92500186
mane,0.95821434
percontor,0.99316907
relatio,0.96032065
interrumpo,0.990584
adductus,0.97760224
amplus,0.9917114
fabulor,0.96212536
missio,0.937691
inspicio,0.99326444
inauro,0.97471476
corono,0.9782145
supplico,0.9818256
p,0.9809212
declaro,0.9865302
infamis,0.99262875
samnis,0.97035676
pareo,0.9944235
capet,0.96533155
tarde,0.9947289
conterreo,0.9890125
cla,0.9448045
tarraco,0.9615435
ueteranus,0.9805765
distribuo,0.99286824
ordino,0.98096913
pertimeo,0.96831036
iubo,0.9270308
tr,0.94582796
impressio,0.90842247
duplico,0.9933686
infringo,0.9924911
satur,0.9735161
crepito,0.991807
letum,0.9920049
transmitto,0.9768311
popularis,0.9810304
insanus,0.990799
adigo,0.9928595
aes,0.9765266
aulus,0.9681096
adsequor,0.9886748
relego,0.99271744
brundisium,0.98042244
supeor,0.9880674
depopulo,0.97164917
confingo,0.9864394
siquidem,0.97163665
praetextatus,0.90854084
dolabella,0.95918936
prouoco,0.9915637
siculus,0.99212015
dormio,0.98686147
cubo,0.99037814
auguro,0.98866004
cumanus,0.94906443
latine,0.9780187
cognomen,0.9833127
indo,0.98646545
annalis,0.9832373
alternus,0.99341226
resoluo,0.99633366
scaeuola,0.98681474
mucius,0.9765117
nix,0.983605
cunctus,0.992127
intolerabilis,0.98350376
prosterno,0.9907297
fulmen,0.9973059
alba,0.96500546
pinna,0.9948538
sella,0.9873944
dudum,0.93993104
intueor,0.9919656
succurro,0.9929223
implico,0.9923508
reconciliatio,0.9351227
tatius,0.9709528
romulus,0.9913366
fidelis,0.9701611
albanus,0.9860889
sabinus,0.94472957
prouerbium,0.9897747
confudo,0.95208025
interpello,0.9911464
collaudo,0.96962655
facilitas,0.98737675
attribuo,0.9746208
annuum,0.97859895
lusitania,0.97890675
mundus,0.9807837
praeualidus,0.96773064
bibo,0.9866794
risus,0.9928796
circumsto,0.98750514
natus,0.9831828
sciscitor,0.98928034
fretus,0.9897506
egregius,0.9897094
ferendus,0.985776
turris,0.98515975
unicus,0.9841942
quater,0.98342925
nobilus,0.9618871
munitio,0.96986246
introitus,0.95979726
quadriga,0.9849345
minitor,0.9890145
retro,0.948807
diffido,0.9893906
egomet,0.981794
condio,0.99091256
um,0.9512077
uirga,0.9879955
eieco,0.9694052
cono,0.95751685
praedium,0.97753644
columna,0.96805954
polio,0.9845439
oppositus,0.98789567
pila,0.9775847
pilus,0.9790689
fornix,0.9746412
argentarius,0.9616592
sacellum,0.98309726
dedicatio,0.9518409
diana,0.98647463
scaenicus,0.9809561
lares,0.97041285
ualua,0.9626024
tabula,0.98217255
figo,0.99580663
duellum,0.96885234
ductus,0.9438068
animadverto,0.97839475
maeror,0.99223655
paenitentia,0.9603157
destitutus,0.9864491
antigonus,0.9855795
patruus,0.98241496
distinguo,0.9932448
honoro,0.9794581
incorruptus,0.9844239
permaneo,0.9827712
quanto,0.9726555
adsolo,0.9645995
ueritas,0.9880426
exitialis,0.97845525
fremo,0.99619246
nodus,0.9939073
oblo,0.97197634
tortor,0.9752712
persequo,0.9621104
redintegro,0.9793296
luctus,0.99221426
infelicitas,0.96930945
potens,0.9647858
flagrans,0.991787
studeo,0.98994184
fruor,0.99625176
orbitas,0.98008704
scelestus,0.97327566
infelix,0.9939899
produco,0.99166167
commendo,0.9935622
identidem,0.96477115
umbra,0.98748815
interempio,0.96985376
exstinctus,0.97783244
assum,0.93040335
curatio,0.94124407
desperatio,0.9807109
dilatio,0.95217717
subtraho,0.98890007
sollicito,0.99593186
praegredior,0.9820399
nuntium,0.95120597
dardani,0.9739842
deleo,0.98298055
euentum,0.9870069
accommodo,0.9823712
reliquia,0.9686064
recupero,0.99025613
exardeo,0.9846077
perimo,0.9871978
grando,0.98318434
fragor,0.994129
tonitrus,0.98861
fulgur,0.988076
praestringo,0.9868494
mico,0.9941048
arbitratus,0.9664174
naufragium,0.9920897
dissensio,0.98421204
firmo,0.98889554
iunius,0.96783483
brutus,0.969078
curuus,0.9953189
capitus,0.8047439
caepio,0.9725307
fanum,0.97912824
lanx,0.9782672
appono,0.9947854
decido,0.98646915
mensa,0.98333776
olea,0.99023104
mus,0.9707296
praedor,0.98306024
cupidus,0.9940659
antequam,0.9885268
prodigo,0.9777562
missa,0.9211166
inualidus,0.9926773
mercor,0.9812889
manipulus,0.9691797
matutinus,0.98423356
tepor,0.988262
perluceo,0.97781754
multiplico,0.9848759
frustror,0.97790873
obscurum,0.9767865
incidens,0.9497175
fodio,0.9855733
conatus,0.98312974
remaneo,0.98753744
armor,0.98465645
atrociter,0.96791565
scapha,0.985796
nauigium,0.98983306
obsisto,0.98891103
submoueo,0.9829235
invo,0.96376777
recipiendus,0.96810424
pabulum,0.991217
alacritas,0.98450696
somnus,0.99449915
fortitudo,0.90501267
conitor,0.98291934
aelius,0.94583255
arripio,0.9899687
plurimus,0.99263895
temulentus,0.98077536
proinde,0.97622466
impleo,0.98344743
cassius,0.9782222
tumultuor,0.9828097
adfectus,0.9787848
papirius,0.9755951
turdus,0.98137987
lacero,0.99550855
namque,0.9938525
reuerto,0.99043506
dissero,0.9901291
miserabilis,0.9928876
conlatus,0.9772097
praeclarus,0.98610234
usurpo,0.9882583
socia,0.9872573
interrogatio,0.9711195
prudenter,0.9666569
fortiter,0.979615
nequior,0.9620251
uiritim,0.97781706
sperno,0.9949411
truncus,0.98747516
quadrupes,0.9865751
anguis,0.99302924
consector,0.9757725
nouember,0.9767163
quiue,0.9705247
iurandum,0.9794651
diffugio,0.9915153
obiecto,0.98064584
ingero,0.9920147
nuncupo,0.98375064
catena,0.98908377
circumfundo,0.98473305
insuper,0.9660108
inrideo,0.96747816
celeritas,0.9852499
alueus,0.99298537
miraculum,0.96580225
mutilo,0.9628976
aceruus,0.98756945
transduco,0.9542078
bos,0.9810318
campania,0.97517455
uacca,0.98492384
aberro,0.9801388
alendus,0.97776115
transuerto,0.9894261
limes,0.99287087
aegroto,0.97885454
aquilius,0.96150076
diffluo,0.9858123
olla,0.9814112
extum,0.96669054
iecur,0.9906326
continuatio,0.9265722
traditio,0.91404825
nouitas,0.9883155
inbuo,0.97526556
magnifico,0.9591859
colona,0.9813556
alpis,0.986124
pos,0.9595798
sardus,0.9767176
inmortalis,0.96438956
occipio,0.9518728
satio,0.99409485
animo,0.9779953
uas,0.9799619
dorsum,0.99084187
inmemor,0.9859694
ambiguitas,0.9773183
occulto,0.9887964
deturbo,0.98637587
eventum,0.89366835
ordinarius,0.92970824
erilis,0.9406678
conloco,0.98941505
diligenter,0.98252094
subnixus,0.98020136
gula,0.9634886
uenter,0.9934408
modeste,0.98100007
eburneus,0.9737332
erro,0.996482
familiariter,0.9815537
ludifico,0.9596265
esca,0.98542243
expectans,0.97092897
dito,0.98060095
nescio,0.9892318
simpliciter,0.9781294
honestus,0.9913414
marmor,0.99043447
penetralis,0.9851693
uescor,0.98624
recordor,0.97468543
ignauus,0.9958347
uerbus,0.9828689
mola,0.9901848
lassitudo,0.9792636
fames,0.9860238
magnificentia,0.95093536
incoho,0.9837485
antiochea,0.9742089
capitolinus,0.9623823
pa,0.96077776
tenus,0.9809129
ingruo,0.98702693
longinquus,0.981439
propterea,0.9295936
magus,0.9759755
cadauer,0.9955581
curio,0.9738071
concipio,0.99000967
feria,0.8055711
dens,0.9912231
arcus,0.986002
serenus,0.99475205
saturnus,0.9899262
effulgeo,0.98517716
tumultuosus,0.96932137
delphae,0.98261595
athenienses,0.98741066
interdico,0.98950756
bestia,0.98635644
seruulus,0.9792857
subruo,0.98333365
maternus,0.9808944
promereo,0.9770944
inmitto,0.98184085
depulsus,0.9883373
usurpatio,0.97236896
egeo,0.9922167
hospitium,0.9917018
qu,0.97585064
tantillus,0.9243101
sat,0.98410445
seruandus,0.98906267
difficilis,0.9954374
dissentio,0.98671067
exsoluo,0.9616194
infirmus,0.97122055
subiectum,0.96379775
epirotes,0.9770903
execrabilis,0.9589841
deliberatio,0.93385077
coniunctio,0.97238165
inligo,0.9833354
cieo,0.99378306
dubito,0.98400676
offensio,0.98489255
semet,0.9751048
mutuus,0.9854009
internecio,0.97694224
reconcilio,0.9651194
inlustro,0.9843274
salutatio,0.97487307
dextra,0.9790188
magne,0.98392844
perscribo,0.98198736
urguens,0.9529792
pando,0.9946581
exaequo,0.984318
eicio,0.98188186
germanus,0.9848896
scaena,0.98480785
curriculum,0.97066104
numero,0.9862964
meta,0.9825349
stipes,0.9927466
sapienter,0.9643546
medicina,0.9836487
sublimis,0.98804367
ianus,0.98529506
regendus,0.9860835
diligens,0.9715921
seuerus,0.7959839
adpeto,0.99032086
indices,0.95082295
pingo,0.99604595
instrumentum,0.9488334
comitor,0.99322754
impensus,0.9842011
etiamsi,0.9782775
modestus,0.96709657
timidus,0.99430895
expectatio,0.96557605
pullus,0.9886584
remeo,0.9869417
cooperio,0.96416104
aratrum,0.9960829
glaeba,0.978214
emergo,0.9872124
lacinia,0.931236
tegula,0.98697406
marmoreus,0.99293697
dimidius,0.97159904
asporto,0.9721464
censorius,0.9827548
sacrilegium,0.973265
exoro,0.97382706
sublimo,0.98252803
augustus,0.98480296
pyrrhus,0.9934505
foede,0.97496885
culmen,0.9829407
tectum,0.9934804
sarcio,0.9696984
exo,0.95963466
redemptor,0.8659394
uaco,0.9937192
apuleius,0.9361419
uoluo,0.9952676
tollendus,0.9608646
exulo,0.987906
promissum,0.98511475
infamo,0.9859922
munificus,0.97463405
thessalus,0.9832262
faenus,0.9675138
grauo,0.9895607
solutio,0.9132402
corinthus,0.98603916
commentarius,0.98134834
alexandria,0.9833257
ptolemaeus,0.98275846
renovo,0.9692326
sulco,0.98932385
apollonius,0.96205604
affero,0.99191236
comitas,0.97705925
syria,0.94953084
amplius,0.93786705
moneta,0.9387583
struo,0.9944136
peruicax,0.9756506
emptor,0.9751655
recipero,0.97335595
quaerito,0.92263794
uincendus,0.97754085
adflictus,0.9819305
ferocia,0.9719002
lenior,0.9844612
pestis,0.9884299
persto,0.98865914
decresco,0.9876096
irascor,0.99222296
administratio,0.9228582
coram,0.9320023
excio,0.9750258
fatum,0.9962641
iamia,0.99135953
floreo,0.9928101
uigeo,0.99254227
inuetero,0.9858583
contubernium,0.97921646
admirandus,0.9799784
successus,0.99179953
seleucus,0.9886656
gratulatio,0.98118675
auspex,0.98773783
intento,0.9847327
sublo,0.98015064
perennis,0.98277605
subiego,0.9393465
rumor,0.9915114
compertus,0.9650549
libere,0.9798618
uo,0.98003757
fungor,0.99404305
conspiratio,0.98087645
amplissimus,0.97701764
flo,0.9864447
hospita,0.9846525
delphi,0.964215
maceria,0.96104604
exto,0.98404366
fundamentum,0.9624431
labes,0.9743432
satelles,0.99431866
extenuo,0.9734163
deuoluo,0.9673171
umerus,0.9954646
decliuis,0.9778129
parnasus,0.9842639
calor,0.98950505
praecordia,0.99268734
erus,0.891801
inficio,0.9851978
inconsultus,0.98869
compos,0.9831109
congressus,0.9820716
immaturus,0.984972
festinatio,0.9867356
delator,0.9843343
exter,0.9553282
suppetiae,0.95230275
notitia,0.9815645
comparatio,0.97442365
experimentum,0.98472023
grassor,0.99029434
occupandus,0.9766392
pergamum,0.9736309
postumus,0.94223267
gratus,0.99258316
astus,0.9848251
adsumptus,0.97377646
gaudo,0.9633027
creta,0.9918596
rhodos,0.96975994
imum,0.97392344
obsecratio,0.95803225
intereo,0.9904779
portendo,0.99097216
disicio,0.98740435
asinus,0.984483
divinus,0.9515939
obsequor,0.9931338
incito,0.9937185
iuratus,0.9671238
insignio,0.9720728
introeo,0.98253477
tractus,0.9899205
padus,0.98656994
fallax,0.9949832
sedulus,0.98678315
disertus,0.989804
auaritia,0.9937162
delictum,0.9744552
carnifex,0.9877729
procumbo,0.99622655
stratum,0.97310364
humus,0.9919717
constans,0.9276434
postulatum,0.9599619
numidia,0.9648384
observo,0.9806133
annius,0.9651481
quaeque,0.97162795
conloquium,0.9827019
satisfacio,0.9712844
proripio,0.98557496
sementis,0.97646093
usura,0.9441081
questus,0.98552936
haesito,0.97750086
uolgo,0.98213524
duodecimus,0.9810105
longinus,0.87114334
diues,0.9969409
laqueus,0.9880302
dependeo,0.9789221
domitius,0.97859347
adfinitas,0.9855845
consocio,0.97580534
inmineo,0.98309964
aegyptus,0.9729447
pueritia,0.98868227
inertia,0.9880055
coelus,0.93026453
syrie,0.97343767
penis,0.98435324
omni,0.9583485
rapax,0.98540103
inmodicus,0.9916821
nauo,0.9695531
adulatio,0.9712424
uentosus,0.9904791
aura,0.9941454
optio,0.98166627
fautor,0.98340255
incipio,0.99549276
faustus,0.9814215
felix,0.9898361
seco,0.99626285
aequaliter,0.9752829
partio,0.9890862
genius,0.9864106
locuples,0.98604184
subsellium,0.9866196
adtribuo,0.98173225
uacatio,0.9807025
oriundus,0.9718572
tugurium,0.98875844
fecunditas,0.97300893
dis,0.9879527
nupta,0.98939717
uirilis,0.9885758
aurelium,0.82337815
gregarius,0.95157015
acrior,0.9787438
centuria,0.98157895
pecto,0.98474145
annuus,0.9925311
ciuicus,0.98244905
quodsi,0.98138094
commilito,0.98648536
appellatio,0.95588297
honesto,0.9852556
locum,0.95571625
conlaudo,0.95836556
elephant,0.95464575
remissus,0.9786926
liceo,0.99121666
undecimus,0.98106015
tutior,0.9703504
obeo,0.9895425
retento,0.98117346
hiemps,0.99343765
boeotia,0.97249204
adspicio,0.9779547
pollicitatio,0.9538728
corrigo,0.9950126
clementia,0.9770875
liberalitas,0.977793
necessitudo,0.9837023
commodus,0.9866857
dio,0.9340519
stipo,0.99212885
cunctatio,0.97978336
cunctor,0.994378
desidero,0.98977053
rumpo,0.9974474
interfector,0.98815536
pigeo,0.99423444
thebanus,0.9831105
requiro,0.9958019
propulso,0.9860767
decet,0.9922058
persecutus,0.9739224
foedero,0.9622601
leuissimus,0.97219735
persoluo,0.9875007
byzantium,0.9503881
detorqueo,0.99072593
quandoquidem,0.9709793
insanabilis,0.97508675
grauitas,0.9927933
proprie,0.98489416
displiceo,0.99311185
revoco,0.97859263
constantia,0.97054833
argiuus,0.98798776
circum,0.99268985
accurate,0.9346837
parandus,0.9739658
expectatus,0.9702538
proficio,0.986864
adiuro,0.9747139
excello,0.98069036
mutandus,0.97025293
exprimo,0.9935459
instruco,0.9755495
distraho,0.9390848
adprobo,0.988912
su,0.9813508
calliditas,0.97757804
graeca,0.95801854
confessio,0.9593318
utilis,0.97999436
honestum,0.9578457
italicus,0.96326685
mentior,0.9921863
probabiliter,0.95543003
ionius,0.99037594
nanctus,0.9757098
comparatus,0.94709957
fretum,0.9932203
inscitia,0.98294544
scando,0.9923054
transueho,0.9842127
timendus,0.991485
ceruix,0.9953405
praepotens,0.97606814
progenies,0.9921989
sicubi,0.9880934
concedendus,0.92643625
superss,0.97726405
adfectans,0.9680432
purpuratus,0.93218815
delecto,0.9926513
admixtus,0.9707043
incolus,0.9758171
uicesimus,0.97550833
adsiduo,0.993142
medito,0.9750105
adoptio,0.9647373
naturalis,0.9722498
respicio,0.9931948
eruditus,0.9728614
phryga,0.9424498
pauper,0.9852434
sepono,0.9902859
incognitus,0.9860258
ruber,0.9874061
india,0.98397905
ore,0.9390105
absisto,0.9762194
ueho,0.9976657
angusto,0.9917035
difficulter,0.9861575
suppeto,0.9808407
uenum,0.9646852
rufus,0.93094635
firmior,0.9879249
ossa,0.9503062
subieco,0.98130363
salubritas,0.97884727
circumiectus,0.9738424
requies,0.9686905
instar,0.96036977
creticus,0.9822024
corinthius,0.9468054
nauigatio,0.99044824
infirmitas,0.9691798
obsidium,0.9789146
pontus,0.9953607
fortunatus,0.9612484
uastatio,0.9651569
iaculatus,0.9756379
uiaticum,0.98159015
puluis,0.98770726
propior,0.9870595
solio,0.99288005
dubitatio,0.948519
eximo,0.9923481
oborior,0.98870564
adfor,0.97492814
tentorium,0.9742919
discurro,0.99375015
claustrum,0.9895431
succido,0.98082757
ile,0.96880734
suffodio,0.9619138
sensis,0.9871246
phalanx,0.9751001
audax,0.99404657
coipio,0.9872235
accurro,0.99029875
pronus,0.9945247
insolens,0.9863456
mirus,0.9930433
loricus,0.9833423
thorax,0.97747266
galea,0.98992914
seminarium,0.98965085
naufragus,0.9889389
nato,0.9908895
pedester,0.97871876
alacer,0.9924046
decus,0.99230874
eueho,0.98789746
mollior,0.9759053
fastidio,0.9915203
setius,0.96080184
somnium,0.98615646
desperatus,0.9768542
iunior,0.919764
arietes,0.94607276
plumbum,0.9582617
urgueo,0.98025393
extruo,0.9829632
lentus,0.99032474
palus,0.99468887
corruo,0.9828435
defensor,0.97569263
aridus,0.98672867
sarmentum,0.9937926
saepes,0.9758343
fumo,0.99194646
uirgultum,0.98721313
impubes,0.9398782
spica,0.98610806
falx,0.993821
deseco,0.97091085
taeda,0.9946748
malleolus,0.97272074
stuppa,0.9708057
pi,0.9430519
seges,0.99459565
longinquitas,0.9707806
offensus,0.9906775
meto,0.98840874
adcelero,0.96822965
onustus,0.9838213
custodiendus,0.9610704
ducendus,0.9691185
pompeius,0.9877552
impar,0.99033636
denso,0.99522376
spiculum,0.9932548
hastile,0.9855068
crassitudo,0.9506108
digitum,0.97553813
nisus,0.9862638
roto,0.9922695
emico,0.9858563
clamo,0.9785179
recreo,0.99226385
fortuitus,0.97817993
inconditus,0.9820288
circiter,0.95246124
timotheus,0.93721086
infitia,0.9698301
tutissimus,0.98110557
decursus,0.96050674
inexpugnabilis,0.9885475
flexus,0.99217355
obtinendus,0.9526994
graecus,0.987638
conpello,0.95111775
infesto,0.9798959
amplio,0.9815047
conubium,0.9924761
oceanus,0.99574137
amentia,0.9838316
manubia,0.98140115
fleo,0.9932605
excidium,0.98851484
alpinus,0.98026717
regresdo,0.9745531
rapina,0.98969877
argenteus,0.98079157
liberus,0.97175026
atheniensis,0.99423516
sterilis,0.99091417
aro,0.9884722
recido,0.9867971
hordeum,0.99223256
propensus,0.9776153
speculum,0.96996003
interea,0.98717964
uersor,0.9919654
perueho,0.984129
impositus,0.9878841
ululo,0.9677669
multiplex,0.9747914
pri,0.93525106
dissimilis,0.9829509
febr,0.9942079
figulus,0.9508082
februarius,0.97940445
saalue,0.926357
ambitio,0.98629034
eleuo,0.9548444
torquatus,0.9641584
eloquor,0.9847394
nescius,0.9925548
uetustas,0.99391055
suscipiendus,0.9578388
ado,0.95701486
insolitus,0.9877141
patiens,0.95785606
pignero,0.9550282
obstrepo,0.98586774
auoco,0.9899247
cio,0.9654561
october,0.9755215
obsigno,0.97157973
tabella,0.97726786
anulus,0.9885585
supplex,0.99540454
decius,0.9377041
octavius,0.97739136
circumfero,0.98844886
fidissimus,0.97323596
pacatus,0.96853757
octauius,0.97386575
inrumpo,0.98772764
bruma,0.99109775
intermissio,0.9351512
propugnator,0.98391134
laxamentum,0.953106
intus,0.9742379
illyriae,0.98148274
alioqui,0.9809122
arto,0.98617333
pubes,0.9871258
exhibeo,0.9872856
stratus,0.9473264
ualidissimus,0.985607
stulte,0.98258126
imprudens,0.9872512
emetior,0.98754615
mobilis,0.95655817
coena,0.95353365
prandium,0.9786786
deliro,0.9592227
iuvenus,0.9699863
formo,0.991237
menstruum,0.9812128
potis,0.9775428
ui,0.862014
resto,0.9954762
potissimum,0.98683697
insido,0.98005176
percurro,0.99313635
sollicio,0.96937764
prospectus,0.96357757
promptus,0.9857933
temerarius,0.98788756
incursus,0.983545
inlatus,0.974858
inrito,0.9194099
anfractus,0.99102056
iugis,0.94667435
auxiliaris,0.9698669
stridor,0.9832092
incutio,0.9906632
procliuis,0.9747704
fastigium,0.9926669
defigo,0.9930999
disto,0.99473274
incumbo,0.9888028
tignum,0.98467946
asso,0.9221765
triceni,0.9762847
solidus,0.94040495
conlapsus,0.9817345
clunis,0.986512
subsido,0.9915277
prouoluo,0.9879159
stabilis,0.98810893
cauus,0.9950498
adpropinquo,0.9773742
exilio,0.9896583
intrepidus,0.9907609
adpropinquans,0.98218703
abscido,0.9816612
despicio,0.9933988
uertigo,0.9845871
inpositum,0.9628248
furtum,0.95312333
cacumen,0.995496
ostium,0.9728108
stultitia,0.9745053
subsum,0.98641676
inmunis,0.9669019
iustior,0.98579
praeripio,0.98871064
decusso,0.94264674
pluuia,0.9857105
proruo,0.9600398
uorago,0.98408777
cauo,0.9911253
inminens,0.983205
coeptum,0.9761356
circensis,0.99018633
uerso,0.99077797
inductio,0.94713885
nitor,0.9951736
testudo,0.9769335
procurro,0.9927312
propugno,0.98724914
exterior,0.9552904
persulto,0.96696484
supersto,0.96068937
laedo,0.9975391
lubrico,0.9437916
horreum,0.98822093
obtempero,0.9893745
gaza,0.9720517
extractum,0.97695625
demens,0.9925539
existo,0.9727949
uagus,0.9945519
fertilis,0.99182034
tectus,0.9834096
athos,0.9807741
excurro,0.98778176
obuerto,0.98571444
euripus,0.95039845
regero,0.96529794
contemno,0.9945502
bellicosus,0.9801909
aliunde,0.9427836
salum,0.9811296
collecta,0.98119485
tracto,0.9929344
aptissimus,0.97277564
torquis,0.9704864
patera,0.9821637
cella,0.9770993
incommodum,0.9905761
colendus,0.9853236
considero,0.99155784
confringo,0.97978467
numidicus,0.974924
tunica,0.9668012
python,0.96152216
perlego,0.99059343
transfugio,0.9683479
seuerior,0.9760264
uiolenter,0.987984
coniunctus,0.9779081
pu,0.7444085
balbus,0.95426226
carbo,0.95111424
referendus,0.983812
int,0.93277836
martialis,0.9472013
ursus,0.9704074
aprilis,0.95341754
alexandrinus,0.9557741
cleopatra,0.9692362
barba,0.98961663
nilus,0.99303204
uesper,0.9898325
emolumentum,0.9657547
intericio,0.9761767
lac,0.9889924
credulitas,0.9811722
debilito,0.9905752
ponendus,0.9817581
subueho,0.97699803
denego,0.9623781
guberno,0.98711675
loquacitas,0.96415055
castrensis,0.96498036
ficio,0.9576638
legor,0.91435903
occultior,0.97375304
intimus,0.97305703
quidve,0.9716361
aemulatio,0.9836208
patro,0.98256576
sordidus,0.9927273
protraho,0.9909714
axis,0.99561614
desudo,0.96098226
ambages,0.9867084
opitulor,0.9799864
mediocriter,0.9825146
placidus,0.99620014
specula,0.96935767
prora,0.9912203
accessus,0.9892638
commodior,0.98849964
sanctitas,0.9624782
supprimo,0.98013103
itidem,0.91884166
genitus,0.9775009
suspecto,0.9266497
impiger,0.9782237
tute,0.9612278
uirgo,0.9915669
uiolentia,0.9913149
to,0.8449327
inclinatio,0.931115
confluens,0.9705117
oriens,0.97536397
uelo,0.9940318
conglobo,0.9787699
euanesco,0.9793485
secundo,0.9475833
mina,0.96901655
aduento,0.9899621
adplico,0.9787297
siccus,0.9915607
cibarium,0.9784823
riuus,0.9933814
latex,0.99539316
unda,0.9953469
diduco,0.98224175
turbidus,0.993379
liquidus,0.99037474
contemplo,0.9825964
descensus,0.96064687
pilo,0.98664117
secretum,0.9463694
uigilo,0.9948717
senso,0.9728637
innitor,0.9791392
margo,0.987675
fulgeo,0.9917314
freno,0.9901308
aestiuus,0.99347353
aestus,0.9956728
languor,0.98443013
ia,0.94702315
salutaris,0.9605752
disco,0.9958847
aceo,0.95458794
lorica,0.98268133
mucro,0.9927726
mediocris,0.99170965
altior,0.98661375
distringo,0.96945906
iaculum,0.98428
detineo,0.9810556
stabilio,0.9563883
solstitium,0.9911549
incresco,0.9682502
metor,0.977498
flagrantus,0.9288323
admonitio,0.9775568
conticeo,0.99047744
reticeo,0.98851264
senesco,0.9906124
obscuro,0.990728
september,0.9793838
discessus,0.97849226
intempestiuus,0.9900904
denudo,0.9717291
carpo,0.9973328
paeniteo,0.98458564
hodiernus,0.96546996
crastinus,0.9770152
madeo,0.99400306
sudor,0.9861271
areo,0.98968273
iners,0.99480337
inbellis,0.9833774
polleo,0.9875212
sergius,0.9539776
silus,0.84409297
munium,0.97036624
edissero,0.9757564
subsequor,0.978581
inmobilis,0.97320735
abiicio,0.99224687
alis,0.993067
suppliciter,0.9824637
obtero,0.9849675
elido,0.9874784
neo,0.93737686
nepos,0.9641977
sospes,0.9897026
fallacia,0.9681448
compulsus,0.96342
delo,0.9804795
mergo,0.9922017
umor,0.9919663
effugium,0.9779886
quiuis,0.991
orbus,0.99334246
murmur,0.99482155
plaudo,0.99309355
augurium,0.99273455
reueho,0.98449165
laetum,0.9768613
etiamna,0.94832253
superus,0.9935913
geso,0.95461637
stolidus,0.9907964
armum,0.9819753
sestertium,0.9835433
miseratio,0.95180166
antonius,0.9639299
mercatus,0.8944178
inlustris,0.9858606
praefatio,0.8885819
purus,0.9878471
inmerito,0.98327684
nefor,0.96750784
supremus,0.99209094
abnuo,0.984664
sanctissimus,0.9781342
conscindo,0.9359845
incolumitas,0.9715902
praetorius,0.9620178
amictus,0.99043226
porrigo,0.9948319
mutatio,0.9827604
flatus,0.98796415
quadriennium,0.97125095
superfundo,0.9624239
persa,0.9921374
inmensus,0.99077934
rubrus,0.9691525
delos,0.981829
n,0.9844447
perpello,0.957448
trux,0.99613947
uenalis,0.99432814
adsentatio,0.9648988
obiicio,0.9681727
exequor,0.9907475
memphis,0.9825913
repugno,0.99340683
cyprus,0.9869297
arabia,0.98461765
aegyptius,0.9865799
circumscribo,0.9873537
obstupefacio,0.9774681
uiolentus,0.9949353
mag,0.7347905
musca,0.97785956
saturninus,0.90787023
rubor,0.9847556
dominium,0.8844615
prouenio,0.9940368
grates,0.9877614
hamilcar,0.9906691
focus,0.9858579
mano,0.98856354
capra,0.98378897
manilius,0.9738642
uanum,0.9533881
saluber,0.98882955
pestilens,0.9768481
spondeo,0.98801386
monitio,0.93637866
gestio,0.98939455
monitor,0.985367
tempestiuus,0.98794985
necdus,0.9760369
queo,0.9952187
gloriosus,0.97559834
detestabilis,0.98385894
utilitas,0.976316
lugeo,0.99054265
pomponius,0.9018159
adiutus,0.98578477
segrego,0.9908301
fortasse,0.9849306
imperitus,0.99235153
deprauo,0.98149925
furiosus,0.9691341
iracundus,0.98286206
cunctator,0.9779696
tumidus,0.9946891
plecto,0.98002815
funestus,0.98915076
supplix,0.98111665
lenis,0.988789
copiosus,0.9574504
fraco,0.9701132
ascisco,0.9751753
infula,0.97102886
conscientia,0.9763027
oppeto,0.9811004
cr,0.94107884
continens,0.923478
troia,0.9921466
amoenus,0.9889932
praeses,0.8811951
isthmus,0.9811422
scateo,0.9715378
reuello,0.99492633
reverto,0.95949477
adlocutus,0.96704566
liberalis,0.98418725
termino,0.96964526
conspicor,0.97618794
confinis,0.9797264
sal,0.9889934
animal,0.99020445
indigeo,0.98934066
contenior,0.97874236
proprietas,0.95113355
celeberrimus,0.98365235
frugifer,0.9781748
frigidus,0.9896367
adulor,0.98859453
elo,0.94702935
re,0.9338313
legendus,0.9913957
humiliter,0.91729724
uestitus,0.9807191
liberta,0.9251547
opulentia,0.9708623
aereus,0.97347885
subdo,0.9877784
succendo,0.9697996
uilitas,0.98310983
uasum,0.9591114
ebur,0.9921545
parcior,0.9776807
auiditas,0.98650175
prenso,0.9810791
imperiosus,0.97159076
accumbo,0.9802794
pecco,0.9887215
seditiosus,0.98538196
instigo,0.9872506
seueritas,0.99352
seruius,0.9849992
tirocinium,0.9720536
documentum,0.9632762
uidelicet,0.96162635
nocens,0.98847085
togatus,0.9803027
abscisus,0.98006904
locupleto,0.9802608
licentiaa,0.9668861
discerpo,0.9908778
numquid,0.96496975
moro,0.96633005
curius,0.975578
dignior,0.9773728
opimus,0.9910273
caelo,0.97669464
furtiuus,0.9728772
da,0.98865324
maledico,0.9644356
prouocatio,0.9604849
cicatrix,0.98261744
adaperio,0.9591167
tumor,0.97609586
ingue,0.9869221
rideo,0.996338
pudet,0.9899708
mirabiliter,0.9548879
filum,0.9847921
purpura,0.9835159
quattuordecim,0.9840159
prouentus,0.98223335
des,0.92780095
consuesco,0.9886997
fabia,0.94215286
consolor,0.9781996
defleo,0.9913709
praefulgeo,0.9757074
phoebus,0.9965303
lucidus,0.9884822
castus,0.9923939
almus,0.9799271
nitidus,0.99196976
lucina,0.98392606
genitalis,0.98736787
diuus,0.98182476
proles,0.98464614
ferax,0.98960966
marito,0.96038413
uerax,0.95707405
parca,0.99022037
tellus,0.9926955
nutrio,0.99235237
fetus,0.99407095
sidus,0.996904
bicornis,0.9617811
tenueo,0.986229
lar,0.9848032
docilis,0.9861169
medus,0.9797087
scytha,0.98146605
beatus,0.94294536
decorus,0.9825884
camena,0.9917439
palatinus,0.94522756
aeuum,0.99494046
algidus,0.92045635
chorus,0.9791678
herba,0.9890169
palatium,0.9593704
fictilis,0.98428416
opprobrium,0.9490687
casa,0.98869807
tarpeius,0.98067117
tono,0.97955555
aduena,0.9871975
remi,0.9764811
olim,0.9941386
praetexo,0.97261786
niteo,0.9953077
bucina,0.97593004
pratum,0.99433154
sinuosus,0.98055977
uela,0.99253404
pulpitum,0.9798211
oleo,0.96912944
crocus,0.9760467
tremo,0.9958025
pendulus,0.98489106
faenum,0.9632556
uesta,0.98843527
asellus,0.99216473
porcus,0.9843582
calamus,0.9900943
ouis,0.9764788
arator,0.99021405
lico,0.97384983
radio,0.98939073
sudis,0.9756196
oua,0.94515353
luceo,0.98727715
praeconium,0.983505
suburbanus,0.9400924
nil,0.97747767
alumnus,0.9857786
altrix,0.98293567
lupa,0.98540723
profugus,0.99128556
heu,0.99401677
uecto,0.98818177
puppis,0.99652314
resurgo,0.9566486
iulus,0.9738159
cortina,0.96527696
pio,0.977931
longaeuus,0.9832912
priamus,0.9944407
danaus,0.98767346
cinis,0.97287035
nutrix,0.99569464
sonus,0.989557
ennius,0.96991354
hirsutus,0.99071854
folium,0.9949788
hedera,0.9859587
superbio,0.95297045
surgo,0.9845323
canto,0.98909247
sudo,0.98885745
lyra,0.98680276
ferus,0.9974127
babylonius,0.975255
proauus,0.9751166
rota,0.9891442
stella,0.99114645
animosus,0.98768437
hesperium,0.8645624
capricornus,0.98590344
bustum,0.9934815
aquila,0.9844057
auarus,0.9945407
lento,0.9912528
harenosus,0.9886198
libya,0.9913279
antrum,0.99465
fibra,0.987424
cornix,0.9742559
magicus,0.9735702
astrum,0.9951087
trames,0.9879447
zona,0.98400784
tingo,0.9902437
atrides,0.98810726
ultor,0.99230546
exuuia,0.9872502
auello,0.98689306
hactenus,0.9786934
historia,0.9879643
nebulosus,0.97918355
roro,0.9845958
iuuencus,0.9961452
excolo,0.98494935
bulla,0.963295
collum,0.99491435
dicto,0.98326635
blandus,0.99514735
mentum,0.9828429
uncus,0.988273
ansa,0.9665108
gutta,0.98850226
rima,0.9700172
luctor,0.9912697
tremefacio,0.9787937
hiatus,0.98989606
cancrus,0.98066133
laetor,0.98696387
eburnus,0.989043
tiberinus,0.9839014
uada,0.99051934
liueo,0.98701835
uua,0.9861307
racemus,0.97553945
coma,0.9946106
lactens,0.9790555
tumeo,0.9930576
dulcis,0.99410105
autumnalis,0.9806287
pruna,0.97971463
aestiuo,0.9906544
rubeo,0.9950528
pirus,0.9755775
mendax,0.97742975
figura,0.99087626
gramen,0.99460226
messor,0.9771048
sobrius,0.9835299
mitra,0.971258
iacchus,0.9761192
plectrum,0.9832996
uenor,0.99230707
harundo,0.9956042
aucupium,0.96275055
auriga,0.98643225
alterno,0.9941743
baculum,0.9824101
curuo,0.99292475
rosa,0.96358365
caeruleus,0.9944168
cucumis,0.9796938
tumido,0.97080797
cucurbita,0.97194177
iuncus,0.9595087
brassica,0.97764766
hio,0.9801712
decenter,0.96629816
langueo,0.9934217
contundo,0.98696584
caducus,0.9904837
sator,0.97960263
uadimonium,0.96561414
dolo,0.94858664
arethusa,0.98492366
totiens,0.99406064
obliior,0.96059144
getae,0.98427266
britannia,0.96671814
eoa,0.9181733
decolor,0.97331494
indus,0.9915777
auia,0.98632455
lumen,0.9889387
niger,0.9933559
stygius,0.98849434
uitta,0.97463906
comito,0.9907067
noxia,0.98366034
texo,0.9912574
querula,0.9519228
raucus,0.99566215
tuba,0.9662184
obliquo,0.9931667
funis,0.986259
pasco,0.99478275
tener,0.99569076
lacertus,0.99409676
attero,0.9841999
ploro,0.980242
macies,0.98507553
tenuo,0.98995054
amarus,0.98754156
osculor,0.9648395
pallium,0.965049
tyrius,0.99042267
uellus,0.98881555
discus,0.94716907
parthus,0.992048
edisco,0.9842589
gelu,0.99013084
assideo,0.9833127
pallidus,0.9941564
peiero,0.96747524
papilla,0.9891007
barbarum,0.9907592
mollis,0.9961473
clare,0.97133046
tardo,0.9893919
scythia,0.9793981
glacies,0.9929938
necto,0.99437284
uentilo,0.96832025
ostrum,0.98680437
aquosus,0.9819142
assuetus,0.9819816
torus,0.99230796
parcus,0.9918521
lucerna,0.95992345
merum,0.9803076
agna,0.97906315
caleo,0.9937529
odoro,0.974099
carbasa,0.993782
linum,0.9906458
subdolus,0.97851795
uotiuus,0.9858915
subscribo,0.97029835
nemus,0.9932348
natiuus,0.98576367
siluanus,0.9709307
fistula,0.9786937
praecingo,0.9837237
suggero,0.97535676
urna,0.9919133
iuba,0.9896494
facies,0.9453472
regalis,0.984015
excido,0.98974526
causor,0.97967976
lilium,0.9768308
nymphe,0.9927153
nubilum,0.99617994
rubus,0.95571816
comoedia,0.9769057
dextrus,0.9796783
colloco,0.99082553
scylla,0.9797854
monstrum,0.99627465
stame,0.9912541
ausonia,0.98253196
uirgineus,0.99020493
ministro,0.97662294
cras,0.9466554
lubricus,0.9918109
perfidus,0.9938797
musa,0.9953052
formosus,0.9912201
inhumanus,0.98631376
titus,0.9791026
aula,0.98876655
humilis,0.980224
impune,0.9873736
rependo,0.98958886
hymenaeus,0.95387316
murmuro,0.9872432
mollio,0.9910676
iliacus,0.9869237
fauilla,0.9891073
abscindo,0.98642814
paganus,0.9314626
ferculum,0.9828033
cumque,0.9499899
flammo,0.982038
immundus,0.9107027
ebrius,0.9918343
excubia,0.98419046
ligo,0.99214226
uocalis,0.98181665
ensis,0.99343306
cubile,0.9950574
uigil,0.98706824
obduco,0.9916121
lena,0.9612768
ieiunus,0.98502016
hippolytus,0.9847399
pessimus,0.98412585
maritus,0.97262913
lasciuus,0.9941604
uolucris,0.99119437
nidus,0.9892612
nouerca,0.97784054
eruo,0.9685862
unguis,0.9909863
gena,0.9886706
equa,0.98561615
ceu,0.9851429
pererro,0.99039674
saxosus,0.97491586
concha,0.99024624
puter,0.9913577
dilato,0.9851943
recurro,0.99387145
amplexus,0.98579466
uenero,0.9917455
isis,0.9783328
tundo,0.97342896
natalis,0.9872649
cathedra,0.91665214
morsus,0.995451
medea,0.9895759
sequax,0.9870093
fastus,0.9911833
astutus,0.9746504
comicus,0.9843803
canticum,0.88512194
ianitor,0.9672406
somnio,0.99040943
sera,0.96761715
sector,0.98810446
aegritudo,0.97445303
elegantia,0.98394036
infortunium,0.9162958
rugio,0.9135885
uictura,0.977944
amica,0.9583333
columba,0.96180755
guttur,0.98957014
tussis,0.9764071
concresco,0.9841
algeo,0.98529184
exsequia,0.9744432
uinculus,0.9761319
expergiscor,0.9763133
pollex,0.99321985
amphora,0.9751158
insomnis,0.98805404
aerumna,0.9802408
ineptia,0.9758738
petulantia,0.9844992
desidia,0.99072456
iuuenca,0.96895355
certo,0.9921901
corymbus,0.98056245
blo,0.9673519
tus,0.982232
lympha,0.99030805
tibia,0.99063915
fraudo,0.9930681
calliope,0.98811895
ionia,0.9739772
pelagus,0.9956043
carina,0.9947548
operosus,0.98642975
aequor,0.9948218
pineus,0.96266174
quirinus,0.9900744
turpiter,0.98094714
augusta,0.9699047
nereus,0.9894017
radia,0.9875949
linquo,0.99506485
assisto,0.9782181
sinuo,0.98951423
egero,0.99021584
auidus,0.9964966
doricus,0.97742254
rogus,0.98843956
serpens,0.987665
seruator,0.9789709
hectoreus,0.98339295
fluctus,0.9948541
pharetra,0.99347794
reuorto,0.9695399
sceptrum,0.99439186
trito,0.9786521
marinus,0.9842412
fugax,0.9932737
iugurtha,0.97617805
cithara,0.96872985
exio,0.98396766
blanditia,0.9917623
falernus,0.9851939
ephebus,0.9763206
fusco,0.9562812
eous,0.9915508
tropaeum,0.98887134
euphrates,0.989141
radius,0.98463875
manes,0.9879449
luridus,0.97548515
euinco,0.96990347
cynthia,0.96486783
fulcrum,0.9795214
humo,0.96907747
digitus,0.9922929
liquor,0.99273825
fragilis,0.98560566
triuium,0.9818358
tepidus,0.99119675
leno,0.94451237
importunus,0.98102355
findo,0.99288094
lente,0.9520231
nardus,0.9740346
hyacinthus,0.9499734
uernus,0.99099493
uersutus,0.98060685
saliua,0.9791713
igneus,0.99082303
testa,0.98566264
garrulus,0.9914932
codex,0.9540712
uincula,0.9927677
conflo,0.9700209
iniustitia,0.9680193
fata,0.9677799
sono,0.98581636
uipera,0.9761631
sibilo,0.99125475
gemina,0.9888791
sorto,0.9710256
adultero,0.9794687
ligneus,0.9933874
phaselus,0.94742507
numerosus,0.97599375
rotundus,0.9868765
sano,0.9859971
deliciae,0.9835105
desino,0.99429184
musso,0.98249596
conloquor,0.9784341
praegnans,0.9812881
contorqueo,0.99332744
alligo,0.99088514
pomifer,0.96342784
incubo,0.9926549
aruum,0.9974842
herculeus,0.9882173
palleo,0.9939487
uector,0.98322433
uaga,0.98612577
lucas,0.9068081
stagnum,0.9914387
annosus,0.9857466
draco,0.9921457
corripio,0.9789407
canistrum,0.96174055
agricola,0.94781494
detondeo,0.982701
temo,0.98269856
impurus,0.9579986
carpentum,0.97737616
sagina,0.97579646
erado,0.97190416
dispendium,0.9669742
ipsus,0.89643955
lectulus,0.98463917
cyathus,0.9749716
uitrum,0.98012424
tibice,0.98994976
rosus,0.9708747
breuiter,0.9935181
concreo,0.93888557
trunco,0.99017966
suppleo,0.9808978
supinus,0.9935075
larus,0.9756849
resupino,0.9873596
furibundus,0.99151474
labrum,0.9921189
fulmino,0.94171256
peruerto,0.99241173
saucio,0.97929204
lasso,0.9921634
adoro,0.9815264
spatior,0.9840674
inmundus,0.94033563
querela,0.993102
sulpur,0.9646187
stabulum,0.9812703
stagno,0.9863062
infidus,0.9872887
raptor,0.9876979
cauda,0.99259627
maenalios,0.91647726
alcides,0.99075484
clauus,0.98994565
mugitus,0.9888122
feto,0.9745008
rido,0.9699
umbrosus,0.9876293
retego,0.99034786
defessus,0.9914002
libycus,0.9951087
peruro,0.98452306
uerendus,0.9907111
gorgo,0.9613873
concutio,0.9955294
grex,0.9767194
deuoueo,0.98708737
reperio,0.9914669
inultus,0.99164593
inuisus,0.9723957
uelis,0.9904283
feretrum,0.9606514
trinus,0.95646256
cuspis,0.99127555
ductor,0.9921425
horror,0.98891383
caua,0.97876227
suesco,0.9832283
lo,0.9813164
como,0.98264444
lupinus,0.99087936
cossus,0.9140694
aries,0.9819562
latius,0.9842182
rhenus,0.9941644
adnumero,0.97192013
paruolus,0.9497585
infernus,0.9660083
adamas,0.97771406
fuscus,0.96390986
portitor,0.97399807
herbosus,0.9832549
coniugium,0.9922975
immitis,0.99294174
inteno,0.98025775
laxo,0.9946943
auitus,0.9901921
afer,0.9859543
fultus,0.98411685
perses,0.9877509
achilles,0.9954998
austerus,0.94721055
cassus,0.9900639
generosus,0.9905361
leuame,0.97694
series,0.98051655
fulcio,0.9808819
cumba,0.9810868
femineus,0.9890032
inuro,0.98968416
osculum,0.99594545
ocior,0.9919224
peculium,0.9401811
grandis,0.9840163
caelebs,0.9872994
lugubris,0.98982394
caterua,0.9950228
peroro,0.9732698
ambulo,0.9714618
parce,0.9721647
olor,0.9805494
torro,0.9857587
trabs,0.9799865
credulus,0.988358
facundus,0.9866524
decoro,0.98771906
dure,0.9839039
uolubilis,0.98249537
decumbo,0.9794539
pindarus,0.97526133
aemulor,0.9809365
uitreus,0.98595524
ferueo,0.99144113
profundo,0.98936784
cycnus,0.97901726
apis,0.993906
uuidus,0.9712255
concino,0.9805886
cliuus,0.9868404
pulcer,0.9826753
laudandus,0.9847181
uitulus,0.9858896
largus,0.99273604
niueus,0.9944942
fuluus,0.99098563
aeolius,0.8520025
mordeo,0.9764389
inuidus,0.9932196
pulchrus,0.98496765
ales,0.97454023
nimbus,0.9946714
ueo,0.9927453
ouile,0.98073745
doctrina,0.96508795
rectus,0.9823454
roboro,0.9690702
hasdrubal,0.99005514
italus,0.98771065
eurus,0.99337006
equito,0.96825594
ceruus,0.98858786
ilium,0.96379375
ilex,0.9885524
tonsa,0.98106027
bipennis,0.98938197
hydra,0.9871674
creuo,0.9820155
submitto,0.9893806
merso,0.99182665
interimo,0.9910348
uosmet,0.9788668
postridie,0.986404
dimoueo,0.99176675
ingo,0.97887707
perambulo,0.9569962
nauita,0.99514055
culpo,0.99280524
maculosus,0.9834518
germania,0.9808392
horridus,0.99362385
parturio,0.9812584
hiberia,0.966905
uitis,0.99582684
uiduo,0.9758696
castor,0.9912023
tremendus,0.97324806
pugnax,0.9907515
mordax,0.98908335
latona,0.9782939
horatius,0.975362
tullus,0.9721957
ancus,0.9780937
heri,0.90502703
splendidus,0.986084
facundia,0.9884807
pudicus,0.9919927
theseus,0.9818291
abrumpo,0.9923691
censorinus,0.9559554
tripodas,0.97800946
graius,0.9908127
sollers,0.9922267
delicia,0.98904216
gaus,0.97026443
karthago,0.98307943
lucror,0.9735385
charta,0.9797089
mauors,0.9886075
taciturnitas,0.9813942
beo,0.94859934
chorda,0.9860321
homerus,0.9908131
minax,0.9952142
siquis,0.992879
adulter,0.9932368
helena,0.9813529
lacaena,0.98319024
dirigo,0.97786975
hector,0.9956333
liuidus,0.98119605
pauperies,0.98024535
peis,0.95533514
crudelis,0.9911742
pluma,0.9872576
hispidus,0.98100644
h,0.95797956
religo,0.9888982
agnus,0.96719563
amburo,0.9754346
phaethon,0.98542327
pegasus,0.9803121
disparo,0.9557416
condisco,0.9799864
linteus,0.98677015
rigeo,0.9933356
strepo,0.9873133
turgidus,0.98773384
barbara,0.96729124
pinguis,0.99531686
nigrus,0.98675954
pressus,0.962794
efficax,0.9800733
tinguo,0.9816549
desipio,0.9792875
impudens,0.9736111
tremulo,0.9887318
excubo,0.9837178
transuolo,0.97848403
quercus,0.98840564
ruga,0.96953386
turpo,0.9809638
aeterno,0.971743
habitabilis,0.9360425
martha,0.9727282
drusus,0.97286546
conmitto,0.98385805
apulus,0.97648025
ferratus,0.9899344
adrogo,0.91842914
confidentia,0.969272
ignauia,0.98723984
hister,0.9860317
rapidus,0.99620163
tigris,0.9912236
britannus,0.97691524
uber,0.9933319
parthi,0.98954654
euagor,0.97202533
profundum,0.98525655
seres,0.9753283
portentum,0.9817347
fulgor,0.98881984
sapiens,0.980368
semoueo,0.98438746
graii,0.98536
antiquissimus,0.9864637
nux,0.9903568
achiuus,0.9797324
doctior,0.96324253
ungo,0.96367276
experio,0.93476415
poema,0.9859397
quotus,0.98231417
abhinc,0.9540088
leuiter,0.9948076
suffero,0.98548937
anhelitus,0.9887744
detrudo,0.9859195
accius,0.9408307
plautus,0.9553023
exemplar,0.9723962
antefero,0.9762118
crocum,0.96769786
atta,0.96070635
impugno,0.9804661
recludo,0.97885084
cautus,0.99451554
seueo,0.9831772
scrinium,0.9461323
fabrilis,0.97577375
indoceo,0.97194993
doctus,0.983859
detrimentum,0.9557091
siliqua,0.9720403
mil,0.8825077
figuro,0.9878497
solor,0.99000186
uertus,0.97650594
describo,0.99337673
fustis,0.9832918
defluo,0.9882767
saturnius,0.94300663
uirus,0.9926699
munditia,0.9611879
acume,0.98975325
sophocles,0.97420853
tragicus,0.9849764
inscitus,0.98185486
insidiosus,0.9865819
edax,0.99141484
adstrictus,0.96824646
soccus,0.9843637
expedite,0.9786537
exquiro,0.98986536
loculus,0.9647117
discordo,0.9795862
aulaeum,0.97712034
retorqueo,0.9833152
democritus,0.9901282
camelus,0.97842944
fabella,0.97698313
mugio,0.9813924
diuitiae,0.9884117
actor,0.93284357
lector,0.98244625
uinetum,0.9854495
tenuus,0.9912142
philippi,0.92379355
lino,0.9252502
prodigus,0.99206895
nequis,0.9727265
nugae,0.967163
subtilis,0.9827752
uidendus,0.9796958
uergilius,0.992227
varius,0.97758526
repo,0.98450077
sedulitas,0.9684874
libentior,0.98751
derideo,0.9832661
cereus,0.98127174
porrectus,0.980891
odor,0.9850467
piper,0.9723383
uerna,0.9878647
g,0.93285316
plenior,0.9706729
extrudo,0.9664062
periclum,0.9824033
uitiosus,0.9904334
piger,0.9938434
mancus,0.96008873
epistula,0.9778534
lassus,0.9900516
sterto,0.9812583
uehemens,0.9859715
catus,0.9562401
dinosco,0.9902086
lacertum,0.9918171
paupertas,0.98249394
cicuta,0.9657355
iambus,0.9828452
renuo,0.98170805
acidus,0.98245865
cursor,0.9790942
sponsus,0.9163854
humane,0.96101224
calidus,0.9878475
robustus,0.97129464
lutulentus,0.98203385
sus,0.98301566
canorus,0.9889952
conecto,0.98925734
digno,0.98486245
rhetor,0.9866729
mirabilis,0.96066064
molime,0.9755677
patulus,0.9944664
bo,0.92422336
luxurio,0.9897298
compesco,0.9893215
satyrus,0.99320704
amabilis,0.98293996
bilis,0.9539987
modulor,0.9894061
quocirca,0.9693084
libra,0.93874156
uilicus,0.9818934
ouum,0.9909736
holus,0.98427117
pungo,0.99229956
permuto,0.9901501
lucanus,0.9642391
gemmo,0.9916815
sigillum,0.9572867
murex,0.99349105
mutabilis,0.9546924
hilaris,0.9704682
aquilo,0.9784849
auster,0.9898445
thessala,0.97930413
grate,0.9881789
fa,0.9518014
potus,0.95519143
no,0.99310064
iactus,0.98886603
peruigilo,0.98796093
grandus,0.98198485
or,0.9746605
uipereus,0.98959595
iason,0.992851
pronuba,0.98158467
infaustus,0.99384964
pinus,0.9858259
spectabilis,0.89271396
messis,0.9909055
grauidus,0.98694813
aluus,0.97080654
argo,0.97609013
concauus,0.98453844
caerulus,0.9926897
abundo,0.9904329
uiuum,0.97729546
argolicus,0.98514116
nurus,0.98052305
reluctor,0.98568875
refreno,0.9800502
pasdo,0.96959394
discingo,0.9850646
acus,0.96429926
thalamus,0.99437624
ascribo,0.97658646
procerus,0.9920722
imputo,0.98862505
phasis,0.97649956
redux,0.9857034
redimio,0.98650765
ingeniosus,0.9741993
dotalis,0.9260904
grato,0.9776354
colchus,0.988986
doto,0.9789702
obuia,0.9938237
gemellus,0.9720973
nonne,0.9904982
peius,0.9761424
elissa,0.9510418
udus,0.97966564
abiectus,0.979416
tenendus,0.97973275
dedignor,0.9691359
innascor,0.9805599
robor,0.97776496
duritia,0.97423774
robus,0.9809123
uincus,0.9778663
retinaculus,0.95561624
aequoreus,0.9902368
saeuitia,0.99130976
faio,0.9879557
procus,0.9765012
respergo,0.98627615
grauida,0.9904672
tabesco,0.9881098
infans,0.9922861
rabidus,0.99442303
pergama,0.98723125
abstrudo,0.9869261
adquiesco,0.9796842
plango,0.983575
alga,0.9830789
lanio,0.98890716
gremium,0.9945688
anna,0.90031004
attamen,0.9647046
spatiosus,0.9909091
resina,0.95076835
mel,0.968911
uoro,0.9872412
troas,0.95893204
tepefacio,0.9792416
iugulo,0.9906391
altarium,0.95363307
nympha,0.99311393
pix,0.98725337
reseco,0.9813148
phrygius,0.9670025
utiliter,0.96413714
etiamnunc,0.9691084
uanesco,0.9845239
immensus,0.9925802
samius,0.9782913
luxuriosus,0.9880818
dilacero,0.9714196
longaeua,0.95314085
erudio,0.98742944
dispenso,0.97880703
iuuenalis,0.96678036
graia,0.9854425
cruciatus,0.98612946
anhelo,0.9946044
uomio,0.9757592
praetento,0.9713241
naris,0.98897743
peruigil,0.97960556
philosophor,0.9627888
picea,0.9740071
delubrum,0.9925644
barbaricus,0.981911
misereor,0.97390664
pelasgus,0.9846797
uenenatus,0.98528934
medicame,0.9909847
squama,0.950103
flammeum,0.9916967
medico,0.9698187
genitor,0.9868451
uirginitas,0.98375046
extimesco,0.9884705
edendus,0.96830106
uomo,0.99059117
suppono,0.98133904
funereus,0.9873699
frequenter,0.9814574
peus,0.98450446
pompa,0.9881941
sertum,0.99074197
inferiae,0.986211
sucus,0.9956101
flammaa,0.98439574
palpo,0.9622719
vido,0.9852137
ancora,0.9701009
pago,0.8791286
canus,0.995114
naufrago,0.98680985
iura,0.9650716
sponsor,0.9731314
remigium,0.97253835
iugalis,0.9899674
toruus,0.9929491
infundo,0.9959717
subiicio,0.93784654
latissimus,0.9750666
allecto,0.9813013
coluber,0.97278404
scopulus,0.9933099
calco,0.99250746
adsto,0.98593885
falcatus,0.9773027
proieco,0.9768322
superuacuus,0.9860148
mollus,0.98921007
compenso,0.9844655
deserta,0.92441666
deuoro,0.98329043
rutilo,0.98933333
canesco,0.9736856
pulcherrimus,0.9925852
famula,0.98048353
exagito,0.988623
aeacides,0.9862946
puta,0.9217602
felicus,0.9871478
quare,0.95268357
clipeus,0.99416775
uibro,0.99567455
phoenix,0.9889641
stichus,0.9072876
peleus,0.974664
miscendus,0.965598
medulla,0.9955783
nequitia,0.981941
graue,0.9807483
libame,0.97171944
adulterium,0.98573697
delius,0.9803684
rete,0.9775135
gramineus,0.9788503
idaeus,0.9778024
faunus,0.9883005
attono,0.9901408
uterus,0.9703928
cerealis,0.8560482
uerecundus,0.9896859
rigor,0.9917786
recuruo,0.97493345
uenabulum,0.9850718
reparo,0.99231434
aurora,0.9909002
latebrosus,0.9777076
aper,0.968478
heros,0.95945925
claua,0.9736002
perfringo,0.9861708
priuignus,0.98435426
saturnum,0.9771639
iunctura,0.98142004
uallo,0.98782396
dotale,0.9552821
agilis,0.98265034
reuerentia,0.98901474
requiesco,0.9796583
strame,0.9799816
fenum,0.9043555
pruina,0.9899195
catulus,0.96644294
macula,0.95461315
cortex,0.995155
paris,0.96593547
xanthus,0.9801061
abies,0.9806354
secta,0.962551
rogito,0.97217995
ocellus,0.98403513
ulmus,0.993404
suscito,0.949856
fuleo,0.9814738
madidus,0.9947398
querulus,0.98096645
ide,0.91124403
uapulo,0.98121727
armentum,0.9835483
ultrix,0.98858947
magistra,0.98498267
rudimentum,0.97571766
temero,0.9825019
leuus,0.9656465
arista,0.99294436
assiduus,0.9894892
rigo,0.9922706
demergo,0.99218655
flaueo,0.9847014
proteruus,0.98187965
ida,0.97090447
conspicuus,0.98921734
repertor,0.9779716
fecundus,0.99425656
orestes,0.9896741
neptis,0.92546016
inscius,0.98924506
menelaus,0.9701054
praepeo,0.97379005
genero,0.9911467
aspectus,0.98639894
tumesco,0.9896357
flendus,0.97327363
uiduus,0.97978044
titan,0.98880935
perfruor,0.98242074
stupeo,0.99356866
oblio,0.98578
ambio,0.99331146
cuna,0.97652054
uidua,0.96842307
operor,0.9556183
parthenius,0.9776624
monile,0.9874629
tegme,0.9917765
crudus,0.98664165
calathus,0.9861763
comminuo,0.96503466
inuoluo,0.99517024
threicius,0.9914385
affigo,0.98575807
hiber,0.9701146
geryo,0.97368395
digero,0.9863906
redundo,0.9874995
se,0.9802089
sidonius,0.9627389
mensura,0.9818772
costa,0.98128664
qualiter,0.9008025
languida,0.9900482
semiuir,0.9727375
equinus,0.98978686
nuntia,0.9769479
flagito,0.9922612
illino,0.9760957
frutex,0.9870046
metior,0.98825186
tento,0.9749314
languesco,0.9900718
plangor,0.97353065
uerber,0.99488187
uelame,0.9875591
torpeo,0.99311256
profusus,0.9847615
aeolus,0.9718524
nodosus,0.9762771
aethra,0.9741936
paratus,0.9790603
officiosus,0.97477555
unguo,0.9740643
uolucer,0.9949798
celsus,0.9890803
saxeus,0.9849869
surripio,0.98608816
articulus,0.94905996
relabor,0.9779698
libellus,0.9814439
truculentus,0.9861152
zephyrus,0.99422336
praesentio,0.9752815
anilis,0.9684606
uiuax,0.9879863
lucifer,0.9889798
refoueo,0.9857045
carissimus,0.9795284
albeo,0.9827981
oliua,0.97554445
uagitus,0.98738027
fraxinus,0.9871826
irruo,0.98535603
pudibundus,0.97990066
nas,0.9463124
perfundo,0.99112636
arta,0.9660549
reformido,0.9819123
rapo,0.97879124
imperfectus,0.98163545
boreas,0.98871756
exsanguis,0.99128443
grandaeuus,0.98070073
pampineus,0.98686665
saturo,0.9595337
squalor,0.98622334
flebilis,0.9916767
sanguineus,0.9871518
dispar,0.9902417
danaum,0.97522867
praemoneo,0.9881517
reluceo,0.97630036
apte,0.96278894
neptunus,0.99451184
lacrimosus,0.9845773
quocumque,0.9753661
uerbero,0.97569513
rea,0.975266
subitus,0.9916055
crepusculum,0.9772998
gracilis,0.9922626
populeus,0.95869404
sopor,0.9920774
acutus,0.9754692
imito,0.98964775
credibilis,0.9862028
patruelis,0.96777153
famulus,0.98073256
exsurgo,0.9889233
dinumero,0.98436403
caespes,0.9913631
stupefacio,0.9645761
recumbo,0.97866184
crucio,0.98397803
sons,0.9856783
lyricus,0.97251296
aetna,0.9911306
turtur,0.9619141
lasciuia,0.9862868
crebrus,0.98031163
mobilitas,0.98767805
fideliter,0.95795214
accumulo,0.9767639
gemma,0.99279284
arabs,0.98782814
lanugo,0.97475624
exstruo,0.98873913
consuo,0.97191954
siluus,0.98832977
perlucidus,0.98173094
excelsus,0.97261393
deucalion,0.9847616
illaesus,0.98478174
desilio,0.9924227
penna,0.9918149
chelys,0.9812137
cytherea,0.992327
conuello,0.99197376
remoror,0.9802695
capella,0.9901655
aetherius,0.9931283
innumerus,0.9885299
genetrix,0.9941474
propositum,0.9800272
cassandra,0.9780084
flagro,0.994447
applico,0.98784614
prehendo,0.98063344
intumesco,0.98656964
reminiscor,0.9798607
palaestra,0.9792595
obeundus,0.974299
densus,0.99707997
pomum,0.9951184
arte,0.9483901
ebrietas,0.9855518
reflecto,0.98678774
pura,0.94012177
districtus,0.975146
tor,0.97543246
commoditas,0.97625905
astringo,0.99217486
gressus,0.98080033
adoleo,0.955577
cinnama,0.978485
lamento,0.98474765
dus,0.92726165
idcirco,0.97666794
supercilium,0.9889208
tantummodo,0.93973804
obumbro,0.9402866
primordium,0.9823432
confiteor,0.983074
bibulus,0.9718883
proscindo,0.98554516
simia,0.9588704
libeo,0.9846817
rusticitas,0.9782661
phryges,0.9693364
uberior,0.9818635
ast,0.9879091
centaurus,0.9838269
haedus,0.9808769
infit,0.98078245
forsan,0.9810669
adeundus,0.91606396
labellum,0.9784757
uigilantia,0.98263484
aerius,0.989607
ibidem,0.97369254
tacio,0.98491275
amicio,0.9841076
breuus,0.9830352
praeuius,0.97344375
laniger,0.9799725
dummodo,0.9715538
tyros,0.9585566
andromeda,0.9758744
ursa,0.98209333
polus,0.99140483
adsiduus,0.9900684
calesco,0.9730414
castro,0.9155257
tactus,0.98652637
interitus,0.9833213
patienter,0.9685488
genialis,0.988217
hamus,0.9830781
susurro,0.9865184
adneo,0.9774002
obrepo,0.9798113
umidus,0.990052
iudicandus,0.96673596
iamdus,0.9652915
seduco,0.950989
instillo,0.9702295
desertor,0.98755217
uectis,0.9757117
dormito,0.96089625
illido,0.9847967
deseruio,0.9828496
tranquillo,0.992024
peruius,0.9913001
inuiso,0.98638475
iaciens,0.9710413
spondo,0.9760344
adsumo,0.97418416
dolosus,0.9715718
dolum,0.9249027
pudens,0.96470165
iamdudum,0.9784448
perpetior,0.9886271
periurus,0.9716925
febris,0.96288085
macero,0.9626806
effingo,0.9904878
adsideo,0.9897016
saliens,0.97161007
uena,0.9880476
contrecto,0.9815848
scriptum,0.95501834
testificor,0.97477657
grauus,0.98969936
ignorantia,0.9677763
anxio,0.98871934
pauo,0.9904442
ma,0.9491327
uersiculus,0.9884963
effigies,0.9862393
consuetus,0.98513806
medeor,0.9902426
cubitus,0.91113234
commentum,0.98197615
uera,0.9533964
sublimus,0.98703533
balteus,0.9771193
exulto,0.97442216
languidus,0.9895218
thalamum,0.99004203
stillo,0.97323537
unguentum,0.9813134
spissus,0.9815069
amomum,0.97560775
salutifer,0.9483256
depello,0.99187016
superpono,0.9831764
blandior,0.9886064
ingemo,0.99081975
contrarius,0.992901
sponsa,0.9362185
cinna,0.9614681
dulcus,0.9873216
hilarus,0.9567801
gratis,0.9807744
bimus,0.93226916
pictor,0.98778
plumo,0.9730921
supernus,0.9747832
uicissum,0.9885293
inmitis,0.9727189
prŏfessus,0.980522
pannus,0.984329
pluuius,0.9875417
cupressus,0.98925686
enato,0.9632173
urceus,0.9581742
dumtaxat,0.9535522
prŏfiteor,0.99494755
turgeo,0.9900694
nasus,0.97490996
adquiro,0.96181905
renascor,0.9841205
uocabulum,0.9957069
norma,0.97269773
grammaticus,0.99212956
dulcia,0.993271
cachinnus,0.98633814
feruidus,0.995581
agellus,0.9862483
assyrius,0.966334
persona,0.96212953
materies,0.98675656
ineptus,0.9912904
fumus,0.9782897
dehinc,0.97626925
troianus,0.98264503
cantor,0.96144235
apricus,0.9772989
pernix,0.99200946
senilis,0.98656344
aemulus,0.9923927
forame,0.98964757
sedile,0.9791077
utpote,0.96860135
indoctus,0.9918611
luxuries,0.97992545
eloquium,0.96604097
sagax,0.9881422
inlecebra,0.99088776
tragoedia,0.9867979
simo,0.7314427
silenus,0.9785862
fictus,0.97721744
inno,0.95366824
forensis,0.9786743
ignominiosus,0.97726816
frico,0.95160705
cicer,0.9628595
syllaba,0.9866264
citus,0.98636127
adcresco,0.96309674
faex,0.98052573
cothurnus,0.9858183
liqueo,0.9855442
helico,0.98670846
balneum,0.9880357
nanciscor,0.98120475
tonsor,0.9644517
cos,0.92810625
imitator,0.9510145
ualde,0.967002
oblecto,0.98544276
uncia,0.95761985
eu,0.88407093
cedrus,0.9509521
iucundus,0.98806214
punctum,0.95496845
incuria,0.9807875
librarius,0.9821707
oberro,0.9833576
ue,0.9852035
pictura,0.98098326
discors,0.98418444
papauer,0.9635236
culter,0.98348653
membrana,0.95917594
exacuo,0.9808062
pierius,0.9823531
laudabilis,0.97960055
scabies,0.9893894
fenus,0.9781373
pulchre,0.9302765
pallesco,0.9804473
ros,0.98129606
conductum,0.9396701
derisor,0.9562168
uulpes,0.9888465
incus,0.9645473
incomptus,0.9818782
derisus,0.967806
uesanus,0.98139036
ructo,0.9812373
auceps,0.9837463
puteus,0.9820334
deieco,0.9685995
insilio,0.9722436
factito,0.9817328
incestus,0.9870678
cauea,0.98213446
smaragdus,0.9833428
margarita,0.97279614
lapillus,0.9855859
debilis,0.9914142
tuber,0.94960916
germanicus,0.9646549
auersor,0.9861734
pagina,0.9810775
honoror,0.95432115
aether,0.99349296
iubar,0.98780674
festum,0.9725276
concolor,0.9873455
biformis,0.98541623
obiurgo,0.9877703
mirandus,0.98504984
rigesco,0.98597205
chaos,0.9903252
actum,0.9662622
massa,0.96640307
globus,0.98751783
letifer,0.98475933
far,0.98194325
uetuso,0.97052354
palmes,0.9864291
concentus,0.97814524
nascentia,0.9756255
delibo,0.97705203
mellum,0.9928312
sapor,0.9928591
stips,0.96316457
ulua,0.96203744
ah,0.9309968
stipula,0.9560307
lammina,0.9740982
suffundo,0.90950453
sitio,0.990083
alloquor,0.9915271
rado,0.9910127
ianiculus,0.9583143
armilla,0.95197606
sabini,0.98165333
strues,0.9811981
caesareus,0.9740999
clausus,0.97805476
diuiduus,0.98440534
exsero,0.9777527
fuco,0.9902195
apex,0.98658395
occiduus,0.9836067
praeuideo,0.9720836
mica,0.9633818
murra,0.9519886
laurus,0.98849356
sata,0.9674065
caper,0.98146504
rodo,0.9792079
fauus,0.9895383
cinco,0.97387743
cerua,0.9774624
haemus,0.9711235
lyaeus,0.99445516
pecte,0.98782635
sura,0.97342485
priapus,0.9848898
irrideo,0.9812427
taciturnus,0.9621221
traco,0.9653064
innocuus,0.98966384
indicus,0.9860588
anser,0.9927054
pontificalis,0.93316007
eluo,0.9790802
arcas,0.9862176
tyrii,0.9544599
pulndo,0.9852083
doco,0.9882032
praescius,0.9785147
ausonius,0.9355622
mulciber,0.9870383
spelunca,0.9693831
recessus,0.9920341
squalidus,0.9823631
albo,0.9310682
obex,0.9865363
gratissimus,0.98621887
adsisto,0.99091834
sempiternus,0.9548682
sacratus,0.97112733
colis,0.9535635
sido,0.95181155
praesepe,0.9764619
iuuencis,0.97843796
pagus,0.9820932
utilior,0.9742051
formica,0.9887979
granum,0.9912086
robigo,0.9665983
pinguus,0.97614896
lolium,0.955073
auena,0.98469216
cassis,0.98531175
meo,0.98628163
bellator,0.9709301
habilis,0.97658163
torridus,0.9918787
intonsus,0.9783736
pellis,0.9932893
feralis,0.9852706
flumineus,0.97511864
sacratum,0.9714316
prouidus,0.9900435
bidens,0.97843194
lepor,0.98132104
loquax,0.98802745
pallas,0.98965025
accipiter,0.97990227
ario,0.9368484
obstipesco,0.992502
destringo,0.9913312
delphinus,0.98225164
amoenum,0.97348577
estus,0.919671
deciens,0.978958
tethys,0.9875778
gentilis,0.9672425
inhonestus,0.98555386
pluuialis,0.9816594
discursus,0.98533964
prosilio,0.9919729
latratus,0.97355413
fulmineus,0.9842162
coruus,0.98062384
affor,0.9876013
cratera,0.9803773
peruolo,0.96874964
ficus,0.9765135
densissimus,0.9705061
fatidicus,0.98411214
monimentum,0.985271
arcadius,0.70387626
pan,0.9721513
tolero,0.98871565
umbraculum,0.96510136
hesperus,0.9838536
roscidus,0.9877118
pumex,0.9855038
teres,0.85970545
relaxo,0.98900104
fungo,0.9746155
saeta,0.99094325
gnatus,0.9621544
cornipes,0.99167234
pastoralis,0.9790059
ueris,0.96053964
strido,0.9922779
linter,0.97657067
limo,0.9421097
so,0.95760524
lycaeus,0.98135686
exseco,0.97935724
resumo,0.98326826
aquarius,0.9895604
canna,0.9525267
salix,0.9850174
insono,0.9680651
syrus,0.94141555
armipotens,0.9808408
romulea,0.970957
atlas,0.98780614
proculus,0.95806056
trabea,0.9712907
primitia,0.92462087
fornax,0.97376525
pyra,0.97965324
uiola,0.9882199
placabilis,0.9744021
licium,0.9694404
faba,0.9847682
pica,0.96645784
us,0.9720782
mercurius,0.9889374
patella,0.91994935
defodio,0.9878024
construo,0.9801883
lacto,0.98217165
litigiosus,0.97409457
serua,0.97353125
lesco,0.9749093
uomer,0.96336365
tarquinius,0.992921
recondo,0.9909172
altar,0.9544425
intellectus,0.9472066
lucretia,0.9850582
fatus,0.9678532
collatinus,0.9720439
uagina,0.98289305
pauculus,0.9749
praenuntio,0.97223854
hirundo,0.986487
gradiuus,0.9882076
uentum,0.98836565
picus,0.96899366
ferinus,0.98431975
adolesco,0.98821825
romuleus,0.98548627
arctos,0.97516435
sidonii,0.9148768
percenseo,0.97793156
indocilis,0.9892768
praenosco,0.97399896
consummo,0.98012894
elementum,0.9799788
lituus,0.9835812
latia,0.9724241
uallus,0.9805627
lorum,0.9611156
lapidosus,0.9734522
haustus,0.99125177
salsus,0.989641
sicco,0.99007684
muscus,0.96822464
releuo,0.9862752
cepa,0.94747823
dehisco,0.9892183
exactus,0.9637253
molo,0.9591134
cottidianus,0.97216356
coctus,0.95535463
dignissimus,0.9787818
croceus,0.98426545
affecto,0.97573143
subter,0.97510576
inquino,0.9775346
caelius,0.9669696
desuper,0.95503783
ebibo,0.98264897
calix,0.96496165
chorea,0.9851768
titubo,0.98817027
maurus,0.9914563
mustum,0.99394906
germana,0.96646357
adlego,0.95323545
meles,0.9209306
libycius,0.97831136
perosus,0.9855021
nuto,0.99172
molestus,0.99327976
linus,0.93760425
moderator,0.95898247
achates,0.95019585
lenocinium,0.9838979
squaleo,0.9852777
exsilio,0.9762759
corniger,0.9818142
defectus,0.9512708
comis,0.9393867
sacrilegus,0.9895715
scorpius,0.9915133
scythicus,0.9900282
uirago,0.9747198
rhodope,0.9845167
floridus,0.9812791
concrepo,0.9435003
tinnitus,0.9716309
mell,0.9333357
exedo,0.9844864
claudico,0.9763787
limus,0.9798633
linio,0.9719308
lutum,0.98529
opertus,0.97200346
miluus,0.9788822
exsertus,0.9663551
tela,0.9728627
planta,0.98358136
discipulus,0.9633672
litigo,0.98382086
delphicus,0.9821204
funerum,0.9950455
luculentus,0.9509377
myrtus,0.9811699
patuo,0.97421217
nasco,0.97065735
sor,0.9586643
agrippa,0.97101283
numitor,0.9690355
spuma,0.954577
suasor,0.97205335
liuor,0.9921476
decerto,0.9870066
liquo,0.934743
rubesco,0.98979056
taco,0.9745202
scitor,0.95192146
assiduo,0.9816066
immergo,0.986634
fertilitas,0.9798751
resono,0.99381393
paean,0.96940345
procer,0.9859055
adytum,0.97590554
capax,0.9810873
candeo,0.98795736
coname,0.97682154
influo,0.97792435
concelebro,0.98466253
caseus,0.98527646
magnanimus,0.9909877
orion,0.9852252
circus,0.991311
docendus,0.9788878
aspergo,0.97569704
uime,0.9931201
laxus,0.9847631
uelociter,0.98095965
gelo,0.9675931
caminus,0.95801264
uigilis,0.985637
structura,0.95392394
syrtis,0.99332714
immotus,0.98995495
sco,0.9545822
inuigilo,0.9786688
gusto,0.99036825
ieiunium,0.9535119
pallor,0.99425936
liquefacio,0.9593547
aliger,0.980416
hesperius,0.9818629
rhodanus,0.9857867
proserpina,0.994337
tartara,0.98902583
malua,0.9599093
roseus,0.99313515
satura,0.9495207
balo,0.9618865
uetitus,0.9868179
sapa,0.98019415
excoquo,0.9639517
scintilla,0.98763525
nemorosus,0.9838405
palatum,0.96830994
manis,0.95304
turnus,0.92465746
hosticus,0.96969223
uindemia,0.98938394
culmus,0.98720986
sidereus,0.9897777
consedo,0.9557175
chor,0.9631224
alipes,0.97801846
inuentor,0.9829372
destruo,0.96282196
fabrico,0.98584616
exosus,0.97882116
nixus,0.9823947
lepus,0.9790876
leaena,0.97526425
confinium,0.9855019
efflo,0.9868296
flora,0.9580973
narcissus,0.97913295
tartareus,0.9856268
decerpo,0.9933697
dolium,0.98806286
depasco,0.9898838
licesco,0.9702932
delictus,0.95943326
obliuium,0.9872987
nigresco,0.9799923
tetricus,0.9455985
albesco,0.96799636
hebes,0.98111236
caprea,0.96398526
doctor,0.96831954
iustissimus,0.98617876
nata,0.9443588
mitus,0.98264194
saeue,0.9826903
quasso,0.9930958
spumo,0.99365544
presdo,0.98371804
fagus,0.9756044
scorpio,0.95601666
coarto,0.9702613
praeuenio,0.9897212
giganteus,0.9728012
stellans,0.96591985
pharia,0.9755354
ausculto,0.9501685
clo,0.9480517
abluo,0.97794294
sider,0.97040564
perforo,0.98676896
praeceptor,0.9666321
ueter,0.9779754
lor,0.9157006
adiaceo,0.97274816
canities,0.9845111
nenia,0.97987616
infantia,0.98924464
ostrea,0.97818357
camillus,0.9874155
madesco,0.97175646
buxus,0.9758119
fidio,0.956536
quirinalis,0.97605807
refulgeo,0.98999244
textus,0.92375094
conuexus,0.98952806
immensis,0.97257197
tholus,0.9616692
impatiens,0.9931768
nosmet,0.9794039
pistor,0.9844573
rubicundus,0.9822707
rudo,0.9722749
caneo,0.98385197
exsupero,0.99161285
exsulto,0.9781655
distinctus,0.9872482
lapsus,0.97524476
matertera,0.93931973
resigno,0.9765691
marsus,0.97542626
ingemino,0.98103523
tullius,0.98732936
instinctus,0.9813659
corusco,0.9825282
flammeus,0.98171365
stola,0.95141363
allicio,0.97380716
admisceo,0.963764
perdoceo,0.9717065
terebro,0.9663805
afflo,0.9768881
depromo,0.9823943
glaucus,0.9911568
expendo,0.98008126
solstitialis,0.9764547
assentio,0.96627396
circumdatus,0.9896878
cicero,0.9831282
catilina,0.9705451
obmutesco,0.97943616
informis,0.9861137
proculco,0.97106725
uenator,0.9863465
frendo,0.98829633
sapientus,0.9674743
nouellus,0.9852536
linea,0.97166455
uolatilis,0.9370726
persis,0.9836161
uelocius,0.9816798
enumero,0.9871142
sulphur,0.9725092
blande,0.9870941
myrrha,0.94502485
labs,0.97260475
acrus,0.9822257
laetissimus,0.9806694
resido,0.9639202
allium,0.8652974
tulo,0.981449
declamo,0.9695021
mimus,0.9758383
comptus,0.9717306
rubigo,0.9755952
sordes,0.9857196
mollissimus,0.96286595
exanimis,0.9878725
ferula,0.9780202
procurator,0.95226914
improbitas,0.9786349
cus,0.923826
oleum,0.9821938
hirtus,0.9824544
conceptus,0.9632503
renideo,0.9872551
infirmo,0.968223
liquesco,0.9896988
adamo,0.9626906
hylas,0.98726726
uxoria,0.9621264
trano,0.9740684
calculus,0.9794554
perfungor,0.98671055
castanea,0.9745648
desio,0.9686847
taedeo,0.97993827
acquiro,0.9745567
sorbeo,0.99121636
stupor,0.97287005
urtica,0.9727471
bulbus,0.97035414
fluito,0.991802
sereo,0.977649
comprendeo,0.9809736
sulcus,0.99426115
baca,0.9796495
fel,0.98743814
blandio,0.957
maledictum,0.97970486
peculiaris,0.9741013
innuo,0.9596494
barbaria,0.98173356
notissimus,0.9850193
tondeo,0.99029183
utrum,0.927023
tacendus,0.9745074
mysterium,0.90020216
coalesco,0.98622096
platanus,0.9845464
uico,0.97810006
odoratus,0.962224
medo,0.9824938
fo,0.9843811
senecta,0.99051285
breuior,0.9886989
harmonia,0.9681077
contero,0.9557042
prostituo,0.98447263
effodio,0.99252176
mol,0.9874282
insuo,0.96451306
ornatus,0.9623803
germani,0.97377336
leuior,0.9942384
tepo,0.96628886
laesus,0.9703412
redoleo,0.9845264
myro,0.9639884
collido,0.985726
crinitus,0.9869221
rictus,0.9876858
lacuna,0.9816749
incessus,0.9878271
extensus,0.97442436
canor,0.9708587
niliacus,0.9817729
tessera,0.9849339
facesso,0.9779421
gyrus,0.9323307
tenuissimus,0.97437054
les,0.93855774
aiax,0.9867316
hilar,0.9608032
insidiae,0.9776572
conuenienter,0.95566297
aonius,0.9829323
compar,0.9816197
libenter,0.9864682
sistrum,0.975361
cornum,0.94842255
euolo,0.9905315
praesumo,0.9782817
odo,0.9498497
madefactus,0.9773422
longissimus,0.9833462
uterum,0.98527706
phoebeus,0.98082584
gaius,0.9592513
sexagesimus,0.97768724
felicissimus,0.9582405
perduro,0.9672307
misere,0.98174524
palea,0.9775748
eruum,0.96315336
as,0.9436127
puluereus,0.96932715
farina,0.96679324
mellis,0.9697437
afficio,0.99075747
frigo,0.9650885
nitrum,0.9677888
lacer,0.982597
masculus,0.9674245
tepeo,0.98206055
nodo,0.9828837
mortifer,0.9805776
philomela,0.98586017
subo,0.9571772
conualesco,0.98705685
aggredior,0.99286735
paluster,0.9864583
affluo,0.975042
insitio,0.9508521
adopto,0.98687756
sagacus,0.96996754
frondosus,0.982037
tristissimus,0.97579414
cingulum,0.9734581
rebellis,0.950559
cesseo,0.9509867
gesto,0.993619
petulans,0.9705398
stomachus,0.991324
perflo,0.9731662
altissimus,0.9593199
gyro,0.9498856
sustento,0.9910893
uomitus,0.9433036
agamemno,0.97916627
diffidentia,0.97081923
singultus,0.98807895
deuenio,0.99136007
contagium,0.98029035
nonnumquam,0.97110474
esurio,0.9784611
effluo,0.9888786
emorior,0.9828688
fugito,0.9766207
pusillus,0.9741175
frustro,0.9906588
medicinus,0.97312015
eruca,0.9616542
ruta,0.9411587
restinguo,0.98986137
certissimus,0.9722802
cancer,0.9911654
determino,0.94422245
incunabulum,0.98268914
haut,0.9783486
uolume,0.9933083
dexterus,0.9725996
arcturus,0.98292136
consanguineus,0.9802722
rarior,0.9829121
abscondo,0.9793874
effor,0.9838773
propere,0.98012567
armus,0.98145634
dispereo,0.94613034
haidus,0.9480075
cornus,0.9747907
compago,0.9639624
pernox,0.95355463
sonipes,0.99508613
sordeo,0.9731691
lupor,0.9661139
nito,0.97706366
adsurgo,0.9880464
arctus,0.97152686
chele,0.97305405
boreus,0.9667001
ulna,0.9797956
poples,0.98843795
prospecto,0.9782513
instantia,0.93344665
armiger,0.9832259
inmortalitas,0.94005316
subleuo,0.98763615
uiuidus,0.9838262
eridanus,0.99165845
crista,0.99330634
directus,0.97505546
lacteus,0.9868032
glacialis,0.98814845
flagrantia,0.9397562
intorqueo,0.9913465
hebeto,0.98429805
spira,0.9796505
propino,0.94889677
palladium,0.9286592
duplus,0.984727
concludo,0.9772585
subiaceo,0.95923054
sirius,0.98338294
latonia,0.985934
uenerus,0.98229283
iaculor,0.99002594
intono,0.98416626
permoueo,0.98891145
putresco,0.9822837
cludo,0.98124427
saeuissimus,0.9815995
belliger,0.9832181
caligo,0.9911143
gleba,0.99098355
addico,0.9905808
glomero,0.98998344
concretus,0.985406
commisceo,0.98573756
inconstantia,0.96916664
pestiferus,0.9594221
aestuo,0.99495953
autumno,0.98853564
sereno,0.9695718
tonitruum,0.97052944
pharius,0.9848968
dissocio,0.9762267
circumfluus,0.9830528
congeries,0.9822893
temperies,0.9866937
onerosus,0.97032464
tepesco,0.97456425
trio,0.9617375
efferuesco,0.98078144
sanctior,0.980026
opifex,0.97989345
tenebrosus,0.9654939
feruor,0.992305
saevus,0.96872276
peior,0.9794268
uelum,0.9599935
insulto,0.99267244
virgo,0.9611664
omnipotens,0.93801755
notabilis,0.9744535
supeo,0.96772385
caesaries,0.9862829
inhospitus,0.98759204
experientia,0.96127933
seminex,0.97666925
ardesco,0.9882908
tridens,0.97329044
intremo,0.9854242
arbustum,0.9704615
inspiro,0.97712576
desolo,0.96008825
nubilus,0.96734387
misero,0.9892161
sollertia,0.9929775
uapor,0.99495494
pestifer,0.9891596
adsero,0.97751635
innuptus,0.9695559
sentis,0.9830555
impulsus,0.9868325
sparsum,0.9699028
hiscis,0.9382626
torpor,0.9860506
complexus,0.98255235
spumosus,0.97723854
claudus,0.9755785
umeo,0.9814605
quive,0.9720922
pascor,0.98820305
arboreus,0.9805684
lambo,0.99307895
suspirium,0.9925028
praecludo,0.98082936
reprimo,0.9774535
coruscus,0.9846209
aethiopus,0.99229056
perquiro,0.98101044
compages,0.9890272
squamosus,0.97724044
nexus,0.9805738
lancea,0.9827253
praestans,0.96513927
molaris,0.9733854
nequus,0.96698475
circumfluo,0.98179805
halitus,0.9840397
impeo,0.9666761
proturbo,0.97828263
retardo,0.9811539
flagello,0.95629406
robora,0.9541575
peremptus,0.96556133
superao,0.9532325
conus,0.9553183
conligo,0.9844537
rana,0.974893
spartanus,0.98677117
ualens,0.9050789
ua,0.94969267
compendium,0.9835226
hortatus,0.9476279
certatim,0.9924885
oblongus,0.9744304
pansa,0.9190166
femur,0.9745992
genetiuus,0.9679949
inro,0.9774306
echo,0.97143126
deludo,0.977403
breuissimus,0.9642803
despectus,0.9802612
pasta,0.9774419
conuiuo,0.9826673
arrideo,0.9738484
adflicto,0.9818044
praesagus,0.981326
moderame,0.97717273
addisco,0.9492403
regime,0.9650736
ta,0.97436476
resilio,0.97412837
iusso,0.9458799
raptus,0.9737942
reuincio,0.98984677
adfixus,0.982299
strato,0.9702014
chlamys,0.9887066
limbus,0.95475763
exhalo,0.98828864
acerbo,0.98817074
adripio,0.97801065
penetrabilis,0.97053564
infligo,0.97068
rutilus,0.98554605
moribundus,0.9777855
caestus,0.9649009
adhibendus,0.97534764
inridens,0.97284627
inlido,0.9868656
ditissimus,0.97395086
circueo,0.9750047
confodio,0.99195576
plenissimus,0.9616075
detrecto,0.9790204
tritonia,0.984691
adfatus,0.92833424
dulcedo,0.98665494
subiungo,0.97746766
uocandus,0.96529305
exhortor,0.9825068
ico,0.9442853
profundus,0.9929761
deprimo,0.98903763
sicania,0.97529805
tribulus,0.89491135
cauerno,0.97075796
interritus,0.97402257
discidium,0.9790288
erebius,0.9888222
bubo,0.9385842
flor,0.9570767
flauesco,0.9839748
perspicuus,0.97320545
alpheus,0.9590558
uelocior,0.9690185
cauerna,0.97531164
inmaneo,0.97345465
admirabilis,0.98806
falleo,0.9496815
grus,0.95364004
exilis,0.9876915
innecto,0.98653674
intexo,0.9814441
postpono,0.9734525
incuruo,0.9688576
aduolo,0.9884217
pulmo,0.9819255
icior,0.9774109
exitiabilis,0.97474915
collabor,0.96587443
insipiens,0.9789112
submergo,0.9616858
corporeus,0.9657326
il,0.95617217
vinco,0.9857279
barbare,0.95641285
commoueo,0.9900463
accingo,0.96645474
lacerus,0.97810477
exaestuo,0.99061596
borea,0.9852859
induro,0.95053065
praefigo,0.97745097
transcribo,0.97652125
undus,0.95795274
contactus,0.9735784
scrobis,0.9929717
marceo,0.98683816
sanies,0.9858485
gno,0.9449965
neps,0.9117721
capulum,0.98229593
consono,0.9793333
thymus,0.93817496
duxo,0.9679549
lues,0.9868032
retexo,0.96862614
exercito,0.9837473
tremesco,0.9801313
partior,0.9839922
coitus,0.98327845
retracto,0.9845964
inmuto,0.9709395
indago,0.9787464
carior,0.98985547
lacrimabilis,0.96744525
saeclum,0.9781186
armenia,0.9848847
diuello,0.9872341
refluo,0.9765909
pastus,0.9895314
nouenus,0.9512726
uolatus,0.9918361
serra,0.9753901
bellatrix,0.9798839
herbidus,0.9622441
frondeo,0.98970246
inmanis,0.99011356
imprimo,0.99342257
fragme,0.9832538
inclitus,0.988889
torrens,0.95653117
discumbo,0.9828939
adpositus,0.98711437
adsensus,0.9664295
duresco,0.97817975
caelicola,0.99274933
nu,0.82861197
ovum,0.92156345
sequestro,0.9604371
caucasus,0.9789585
incuruus,0.9776021
cratis,0.9869034
au,0.9766395
forceps,0.9546321
evello,0.91345334
hiemalis,0.96862066
perterreo,0.9897891
lacio,0.955388
praesepium,0.96277934
gradior,0.9821513
latito,0.98434615
adstringo,0.97788405
votum,0.94244593
thema,0.82271516
miletus,0.97830266
praestantia,0.97653925
apollineus,0.98016477
uerumtame,0.97923553
profor,0.9825072
subuerto,0.98383105
adfundo,0.96084404
impendeo,0.97399807
chimaera,0.9804272
aresco,0.979139
bitume,0.9920958
lunaris,0.97147536
ingratum,0.9743213
confluo,0.98307
concubina,0.9488547
orpheus,0.98913825
amico,0.9691587
ornus,0.98445845
splendesco,0.97171116
repercutio,0.98498225
marcidus,0.9813463
mu,0.9487493
letalis,0.9802275
pronepos,0.95489883
indigenus,0.9834604
cana,0.9265165
turritus,0.9795931
hi,0.9544738
orgium,0.9801937
delenio,0.97070587
uillum,0.97484267
maturesco,0.96867704
thetum,0.9673964
uelamentum,0.9813422
nubilis,0.97004855
amplexor,0.9711364
dare,0.7480117
cautes,0.9907478
adpello,0.97392005
funesto,0.9700476
defenso,0.9535249
infectus,0.97261065
subnecto,0.97636575
refundo,0.97162855
nimbosus,0.98252684
crudelus,0.97227174
egressus,0.9383382
absolvio,0.93184257
discendus,0.9805609
pinguesco,0.9831535
uorax,0.9652058
palor,0.9877516
despecto,0.97946787
obitus,0.96423215
troiani,0.9652997
exturbo,0.98321486
milo,0.92970014
fluidus,0.9657894
raresco,0.97872955
excaeco,0.96896815
amar,0.9740808
electrum,0.9681212
aethiops,0.9770286
hyperboreus,0.9820725
nonnes,0.9778587
casia,0.98505396
substerno,0.98032194
uesica,0.96135813
anhelus,0.98901105
praesagium,0.98967355
helenus,0.96303546
inludo,0.9858514
erectus,0.9795623
euomo,0.9846784
amazo,0.98616165
vesta,0.9747476
abunde,0.96608573
caesarea,0.9034081
aram,0.90436524
ganges,0.9874284
dissilio,0.982961
extollo,0.9920746
radium,0.962207
sepulchrum,0.9824468
pe,0.9654157
reuiresco,0.9815314
infidelis,0.92291707
horresco,0.9899445
bucca,0.9571488
info,0.98008144
nigro,0.9833328
auo,0.9767996
exarso,0.9719546
praeuerto,0.9890033
hinnitus,0.97288156
rescindo,0.9805596
circumuolo,0.981418
praestantus,0.9545735
tabum,0.97679174
protero,0.9846933
piceus,0.97546434
blandimentum,0.98812807
uitalis,0.98997325
alludo,0.9659864
impietas,0.98168695
uulgaris,0.9852632
tremebundus,0.9818139
exhorreo,0.97803533
aranea,0.9635592
inopinus,0.97857773
lamentatio,0.97326326
iunco,0.97530574
siqui,0.9699675
repudium,0.96258485
profano,0.9496077
pampinus,0.9803312
caes,0.73111665
distendo,0.9865606
tranquillitas,0.98500794
caros,0.97652864
ca,0.97392905
munime,0.98323476
assumo,0.9816728
clipeius,0.9830945
subiectus,0.9743528
nidor,0.9803416
decore,0.984076
annuo,0.9837837
occumbo,0.9823401
rapto,0.9885545
cerebrum,0.9895071
perstringo,0.99015206
cometes,0.96873116
sio,0.5352689
cubitum,0.95116794
dumus,0.981809
commoneo,0.9694886
torque,0.9096681
clangor,0.9837284
ruptus,0.9707425
diomedes,0.98234224
tergeo,0.9719883
dementia,0.9796235
communico,0.9611641
tergus,0.9726355
eos,0.96090204
antistes,0.98336256
detergeo,0.9846361
compactus,0.9818137
alnus,0.988814
fetura,0.9733727
peritur,0.9490044
refrigero,0.9709967
prodigiosus,0.9748428
auernus,0.99019814
atauus,0.97707933
oblniiscor,0.9869677
protendo,0.9646282
affligo,0.9766469
frustum,0.94257724
examino,0.97296405
hara,0.8448357
conuersus,0.93689257
laurentius,0.8485008
contractus,0.80048674
subtexo,0.984401
peruideo,0.97478116
attigo,0.949712
prorumpo,0.9913515
transtrum,0.95807797
irrigo,0.9832152
poteo,0.96980715
disiungo,0.98597944
piscator,0.9831054
pandus,0.9734695
brachium,0.9616657
auertor,0.9690505
patrocinium,0.98141295
secessus,0.978925
esse,0.9804137
euigilo,0.974415
exequia,0.98524725
bacchor,0.98978794
commoror,0.9801745
sarmatus,0.9725126
uehementer,0.9878223
relinquendus,0.9825151
alloquium,0.97527593
infigo,0.9890371
debitor,0.9620185
deminuo,0.9858837
uultur,0.98779494
prostro,0.9806578
processus,0.93499625
coniectura,0.97193766
geticus,0.97335166
hadria,0.977496
quaesitum,0.9449972
ineptio,0.95651305
pannonia,0.9730041
armenius,0.9902831
arrogo,0.97839683
uestales,0.9586623
lesbius,0.94795537
coturnus,0.97913086
catullus,0.961602
suauis,0.98933923
discolor,0.9850557
ioco,0.9685643
heia,0.9475285
clementer,0.9797026
affirmo,0.9913878
inglorius,0.98471284
excepto,0.9243513
mansuetus,0.9809709
doctissimus,0.98197824
fermento,0.9457672
croesus,0.988633
antiquior,0.97935575
bes,0.9010985
pubesco,0.98178446
histr,0.9704113
bubulcus,0.97861445
euxinus,0.9721401
infecundus,0.97078097
getica,0.9716461
fossor,0.963273
obtutus,0.9732962
suo,0.95207727
affectus,0.98281246
bonitas,0.9769058
ind,0.47991598
istinc,0.95800316
herous,0.9774213
bassus,0.8856338
strangulo,0.9757127
effringo,0.98684424
absentia,0.97883105
uilior,0.9786951
subeundus,0.96831775
uerissimus,0.9812654
mendico,0.98075604
persicus,0.9889022
caries,0.95863515
commodo,0.95806324
absinthium,0.9816491
reuereor,0.98892903
execror,0.9821216
inhorreo,0.98433506
nequid,0.9711012
caninus,0.98476875
prometheus,0.98175865
cautior,0.9836832
machaera,0.9433497
severus,0.84734017
aequipero,0.97541773
gigans,0.98268
uivo,0.9751529
tantisper,0.95120037
tabidus,0.9773518
tinea,0.9390193
corium,0.9884477
medica,0.97612774
auxilior,0.9517514
fomentum,0.9746849
smyrna,0.9822982
cynicus,0.9812722
notior,0.9878073
anxietas,0.93965673
noualis,0.97580284
stilus,0.98254824
approbo,0.9859208
facetus,0.9813051
te,0.9138035
cilicia,0.9845135
geta,0.90186614
caspius,0.99296224
offa,0.9744226
cappadocia,0.9883164
enceladus,0.98437786
munitus,0.9798571
babylo,0.9483726
enarro,0.98119694
festiuus,0.9771048
nouor,0.94624597
assuesco,0.98410136
mouendus,0.9512073
uertendus,0.9765282
perfodio,0.980551
conseruus,0.9673176
fabrica,0.9708982
basis,0.9546411
exaro,0.9595841
gallina,0.9893632
consimilis,0.9866991
curandus,0.97932994
dominatio,0.9846796
honorificus,0.963618
dictatura,0.97656035
curator,0.9356209
uii,0.7371563
epulo,0.9636165
nongenti,0.95750856
sacrosanctus,0.9231183
sacerdotium,0.9613905
lucius,0.96802676
patrimonium,0.9838756
xii,0.84123373
fabricius,0.987483
inscriptio,0.9492099
contubernalis,0.9773065
uicio,0.9774096
xv,0.7693133
silanus,0.9064342
xiii,0.7844917
amphitheatrum,0.9824816
gades,0.9668246
cimbri,0.98420954
aethiopia,0.97065973
tigranes,0.9867103
optineo,0.9890885
narbonensis,0.97921735
frequentissimus,0.96656513
pannonius,0.9737709
sarmata,0.97923154
medi,0.97864145
iulia,0.913697
nt,0.9553195
it,0.9456564
mt,0.9228165
ae,0.8977245
tt,0.8223176
bornellum,0.9645879
xi,0.84267753
tas,0.9081354
st,0.9362492
rt,0.89690465
tic,0.7195507
quadra,0.94482934
condimentum,0.9107314
olus,0.94538647
lt,0.831462
er,0.9357883
im,0.9482584
qitulum,0.9616113
v,0.893035
iii,0.8596082
ar,0.933529
ra,0.9354728
ht,0.7692853
iv,0.8854555
nitulum,0.91472334
x,0.79326534
computo,0.9892062
be,0.9317876
lx,0.9652437
iu,0.5906975
om,0.9630034
commuto,0.98815906
coctum,0.9658701
suffigo,0.978196
ao,0.47604153
marius,0.9881753
hilaro,0.9754225
circumduco,0.97512114
commeo,0.9848423
uitellius,0.9687942
profligo,0.9825253
suillus,0.9807933
participo,0.97647494
astutia,0.96732545
mulsa,0.96799254
degusto,0.98482096
licentior,0.97187847
permeo,0.97589445
prandeo,0.97102827
adiumentum,0.977544
niualis,0.9901852
prurio,0.96970606
trinacri,0.96593535
immoderatus,0.9793133
obnitor,0.9915901
adulescentulus,0.9911852
resulto,0.982242
lucanae,0.9773813
sublimior,0.9708259
rimor,0.98695046
increpito,0.98912346
uirido,0.9878894
uineus,0.98209125
cognomino,0.98885804
hereditarius,0.9252869
obtrunco,0.9864161
nonaginta,0.96231526
sterilitas,0.9787093
uocito,0.98618895
abundantia,0.9474604
inlucesco,0.96628726
carminus,0.9779902
differentia,0.94102067
medos,0.97437936
seuerissimus,0.9657637
assyrii,0.9464542
diligentia,0.98259443
asylum,0.97833407
fidelissimus,0.95338064
eminens,0.980552
adultus,0.98467696
aemilianus,0.9000285
muralis,0.9783783
interemo,0.9695319
sexcenti,0.93211526
elegans,0.9761246
praecello,0.9754437
servio,0.9501313
corinthii,0.94616455
imprudentia,0.98391163
rufinus,0.85784537
castrum,0.90433097
excessus,0.9595827
narbo,0.9720639
particula,0.9713916
professio,0.96723217
euripides,0.98293614
menander,0.97417724
philosophus,0.9870013
plato,0.9871906
aristoteles,0.9767994
salis,0.9460231
historicus,0.9704904
ubertas,0.98609304
prosus,0.9601378
paucissimus,0.9794869
imitatio,0.950549
naturaliter,0.9453525
conditio,0.9486414
inlumino,0.9261491
contumeliosus,0.9867314
turpissimus,0.98160964
tiberius,0.9498218
iudicatus,0.9743885
consobrinus,0.97474396
cognatio,0.95056534
optimas,0.9554616
inruo,0.9677688
diiudico,0.9768305
fructuosus,0.95106965
aristonicus,0.979584
numantia,0.9811125
adclamo,0.978371
quinquagesimus,0.98102593
praestantior,0.97361743
expiro,0.9780302
nequam,0.94993216
uetustior,0.97171795
inquietus,0.974434
negotior,0.9792315
claritudo,0.9453128
bocchus,0.9372098
antehac,0.92770785
inte,0.95678115
architectus,0.97591394
pontius,0.95523906
nolanus,0.95834434
exarmo,0.9812343
mithridates,0.9951407
proscriptio,0.98257434
temperatus,0.9695279
largitio,0.93345064
praescribo,0.9891207
iracundia,0.9568817
execratio,0.97335535
creditor,0.96116614
quadrans,0.9725116
perfuga,0.9632938
fimbria,0.8901389
lucilius,0.96212536
inlo,0.9362119
ulcisco,0.9716273
sertorius,0.9828318
transfigo,0.9842725
dupliciter,0.9452498
dictito,0.98512757
cuniculus,0.98782474
scapula,0.97412634
histrio,0.9727011
proscribo,0.9918744
tredecim,0.957649
magnifice,0.96125126
prudentus,0.98280275
perquam,0.988593
pirata,0.9779519
piraticus,0.9781866
uelocitas,0.9929707
pollio,0.9549467
sallustius,0.9689618
absurdus,0.9855307
isauricus,0.95427394
raetia,0.9776171
antiquitas,0.98807013
venus,0.9389516
ueneratio,0.9825991
alteruter,0.9845521
eminentus,0.9459821
praefectura,0.97125185
integritas,0.97930574
insolentia,0.9922625
parthicus,0.98426014
concupisco,0.98289245
seleucia,0.9817101
nequ,0.95998895
simulatio,0.98149776
sestertius,0.9820274
saluberrimus,0.96816635
pompeianus,0.7973471
salubriter,0.9698858
dignatio,0.96904397
adgrego,0.96447444
africus,0.86852515
breuitas,0.9916043
iulianus,0.88408136
principatus,0.9688946
auunculus,0.9901717
avunculus,0.94740915
cotidianus,0.9899679
scriptura,0.9457078
ingresdo,0.9860364
consentaneus,0.9808818
prouidentia,0.98816574
libertus,0.96491075
animaduersio,0.98690337
crispo,0.9098844
tarditas,0.9868895
electio,0.94860524
diuisio,0.985615
expostulo,0.97850347
absurde,0.9797764
salutare,0.92409253
aedificandus,0.96494865
exercitatio,0.96169174
auspicatus,0.9743882
titio,0.8549585
classicus,0.9825697
emptio,0.96196294
coruinus,0.9590528
publicola,0.96240306
praestiti,0.94638145
aspis,0.9652337
dissimulatio,0.98538214
repraesento,0.9793219
murena,0.8887323
trimus,0.9736941
suauitas,0.9821358
pulchritudo,0.97831243
diligentus,0.9666651
ostentatio,0.9842857
conuersatio,0.9691496
angulo,0.9779896
aeternitas,0.96637535
reuiso,0.9874781
infinitus,0.98609006
cavo,0.94746625
felicior,0.9822179
nauicula,0.9576904
respecto,0.98534024
praeualeo,0.9793803
peritissimus,0.97365785
confinius,0.9856831
subrepo,0.958753
negotiator,0.97884804
mediocritas,0.9767788
temperamentum,0.98324406
imperatorius,0.98192716
elanguesco,0.9724771
prauitas,0.98359746
humanitas,0.96978754
publico,0.97206616
praedicatio,0.9290991
splendidissimus,0.9557173
uacillo,0.9806607
caldus,0.971881
coercitio,0.963173
adorno,0.9834461
eluceo,0.9625144
imbecillitas,0.9767661
confusio,0.9311772
ordinatio,0.91829777
maturitas,0.98909515
solarium,0.9703873
aequitas,0.98527
theatralis,0.97060436
exaggero,0.9802115
medicamentum,0.9540967
florus,0.8039973
obtestor,0.97142434
aesculapius,0.9788551
subtilior,0.9766662
contemplatio,0.9633556
professor,0.9487183
chrysippus,0.991155
rationalis,0.9763553
asclepiades,0.9664104
inculco,0.9764408
du,0.93845385
satietas,0.9716038
scrutor,0.98456544
extrinsecus,0.97636306
disputo,0.9904998
disputatio,0.9721924
derogo,0.9836562
ratiocinatio,0.95195234
remissio,0.90848565
imp,0.6292504
inrationalis,0.9768042
eiusmodi,0.972291
elinguis,0.9722632
inedium,0.9732914
quodammodo,0.9682134
aptior,0.9765717
ulcus,0.9545797
fatigatio,0.97260815
laboriosus,0.98639464
febricito,0.9506731
profluuium,0.9700186
uehementior,0.9867394
obseruatio,0.98196244
adprehendo,0.9802662
transfundo,0.98128307
arteria,0.9704632
accesso,0.9764271
memino,0.9593941
inspectio,0.96325684
extraneus,0.9725381
adfligo,0.9783882
uespertinus,0.9796037
urina,0.9636185
antecedo,0.98138815
remissior,0.9562644
lectio,0.9520231
unctio,0.824836
abstinentia,0.973372
palmula,0.96628934
uitandus,0.98027253
sexus,0.98472315
paullulum,0.98709834
perfrico,0.9658274
frigeo,0.98199433
calefacio,0.9745419
patibulum,0.9551787
acetum,0.9700255
purgatio,0.9297712
similiter,0.9763562
difficile,0.9722848
hysopum,0.90571815
consummatio,0.91769713
canalis,0.9845538
adtingo,0.98239225
inbecillitas,0.9828653
oportunus,0.97085786
legume,0.98660564
decoquo,0.9737893
offensa,0.9542321
effemino,0.9772203
peregrinor,0.9657566
praesagio,0.9811212
aequalitas,0.9392101
promptior,0.9796443
auricula,0.9570054
durior,0.9832624
quadrage,0.96111405
pubertas,0.96484303
expuo,0.96464825
foeditas,0.9828981
stercus,0.99376
deorsum,0.97332907
devoro,0.968158
deterrimus,0.97622895
evito,0.9598088
desideo,0.9694971
inuicem,0.9854355
uulua,0.95498925
mamma,0.981845
profluo,0.9727769
inflammo,0.9872887
maxilla,0.9530946
detractio,0.9500265
inualesco,0.9793776
obtundo,0.98115134
mortiferus,0.9645773
palpebra,0.94811976
sursum,0.9653441
conprehendo,0.9787842
adtendo,0.9733523
xxv,0.9212319
xl,0.97302246
inuerto,0.9824357
peruagor,0.9682838
suspendium,0.9777976
intentio,0.96655357
eatenus,0.95691454
attendo,0.98571527
sive,0.95610255
confirmandus,0.95888954
liberandus,0.9242177
lactuca,0.9818646
tisana,0.9197774
resipisco,0.9698863
pertracto,0.97866833
inutiliter,0.93945897
liberaliter,0.979182
curiosus,0.9908376
turbulentus,0.97862995
lenticula,0.95050275
ferramentum,0.98288846
adips,0.93672603
caulis,0.9774304
rapum,0.97562367
porrum,0.9745748
asparagus,0.9692763
surculus,0.989874
grandior,0.9553834
bubula,0.98422766
firmissimus,0.9622282
puteo,0.96945024
crassior,0.97034883
capitulum,0.88770795
sinapio,0.96709055
coriandrum,0.9861525
pirum,0.9785086
coclea,0.980448
coco,0.96511614
euidenter,0.9677186
al,0.9042728
cotidie,0.9685757
quamdiu,0.980387
exinanio,0.945997
repudio,0.97124755
coniecto,0.97787344
sollicitudo,0.9803368
conchylium,0.9765695
uspia,0.96612287
quispiam,0.97495735
huiusmodi,0.9296214
prohibendus,0.95812154
nonnullus,0.9933995
uerisimilis,0.9735075
refectio,0.9546248
gallinaceus,0.9782729
festinanter,0.9652332
obiurgatio,0.9607443
converto,0.97206855
spongia,0.9441799
obdormio,0.95775014
occipitium,0.9606082
delectatio,0.93806154
comprehenso,0.95457995
epicurus,0.9851006
balsamum,0.9636039
paululum,0.94256806
inusitatus,0.9893383
adtraho,0.9818563
deuito,0.98366165
comprehensus,0.96862847
discuto,0.96883947
cultior,0.9637679
contritus,0.7906454
nucleus,0.9788424
plane,0.9615586
intrinsecus,0.93168825
ingredio,0.9604077
peruium,0.9571002
omentum,0.9470838
alienatio,0.9098059
confidenter,0.9666146
manduco,0.9329053
brevius,0.96141815
hemina,0.97654617
adnecto,0.98611635
subtiliter,0.9382316
syriacus,0.97048426
taurinus,0.97579473
latior,0.9649048
sibilus,0.9465565
peregrinatio,0.98073393
grave,0.90557843
aspero,0.9834335
renitor,0.9305576
muria,0.9743544
animaduersus,0.98209804
cuminum,0.9735349
portio,0.92373246
desido,0.95260364
acetabulum,0.95405245
sextarius,0.9867403
gustus,0.97860324
circumcido,0.9465114
caprinus,0.98200846
adpono,0.9898359
immobilis,0.96146965
lentiscus,0.9695886
zenones,0.9243637
glutino,0.936316
fuligo,0.95123917
quadratus,0.93894506
cyprius,0.98035145
coccum,0.94326955
uitellus,0.96564853
compositio,0.9490886
ctesipho,0.9306221
lysias,0.9483032
iiii,0.8435218
uiscum,0.9745406
thymiama,0.85930926
s.,0.90026116
uiii,0.3918928
xx,0.95510364
xxm,0.98039865
xxx,0.7165789
ephesius,0.96724635
iudaei,0.95318466
cl,0.94817823
cc,0.6530925
xiiii,0.77728313
xlviii,0.948259
elatus,0.9413682
timaeus,0.96441877
mortarium,0.9425292
adtollo,0.97431636
testiculus,0.9237874
musculus,0.95620245
retundo,0.9791283
demonstro,0.990732
coloro,0.9837692
discindo,0.9816787
interius,0.91442883
constringo,0.99297345
magisterium,0.98083115
piscina,0.963066
amaritudo,0.9428409
divido,0.96222615
nonnunquam,0.9379581
obiceo,0.97670645
planior,0.9856039
generalis,0.9436176
exaresco,0.97994506
uenusto,0.9840056
asperum,0.9875574
uenustas,0.98216575
papyrus,0.970329
humilior,0.9790888
amurca,0.9833543
rubrica,0.9643284
disperdo,0.9188678
mela,0.94891804
nouacula,0.95896447
excipo,0.980731
absorbeo,0.96909523
mx,0.9318594
dionysius,0.9267137
obtego,0.97971535
libanus,0.86392915
libera,0.9463292
munero,0.9608943
uitupero,0.9915263
pupilla,0.9359062
uermis,0.9841819
eneco,0.9763505
comedo,0.9602767
patina,0.94601345
perna,0.97328043
adseuero,0.9721796
moechus,0.9889517
reno,0.9161178
posteaquam,0.9526807
misericors,0.93185055
ramulus,0.97104883
uetere,0.91138124
paruulus,0.9881376
parvulus,0.961043
caluaria,0.9238202
inrigo,0.9768874
indecorus,0.9895616
deformitas,0.9848908
enodo,0.9676858
molestia,0.9623146
quapropter,0.9815332
explano,0.97553504
converdo,0.9669416
conexum,0.97060454
amplior,0.9827917
uinarius,0.9812601
inquisitio,0.93385315
corpusculum,0.97276527
replico,0.96268857
subministro,0.9844692
flexuosus,0.96658605
durissimus,0.98198926
persevero,0.95765793
propugnaculum,0.97842765
fragmentum,0.9438476
circumligo,0.9767424
cincinnatus,0.9868385
obuoluo,0.97795343
pactus,0.9756311
formonsus,0.98318505
conlatio,0.982018
illustro,0.9740021
deputo,0.94188446
irriguus,0.97563267
uitans,0.9825862
manica,0.97054684
summatim,0.99091375
florentissimus,0.9357463
propitio,0.97807646
religiosus,0.98562133
impeditus,0.96855116
adiectio,0.9776469
arrabo,0.8972458
parricida,0.9843496
inrogo,0.98395747
abstergeo,0.97790015
karthaginienses,0.9867591
dictio,0.9426441
taeterrimus,0.9730257
efficaciter,0.968272
perpendo,0.98362786
tametsi,0.9701269
nuptialis,0.9786283
homericus,0.9728993
philippensis,0.6976168
adnoto,0.98739946
adrogantia,0.98146814
diuinitus,0.9732082
adiutorium,0.9711898
publius,0.95903355
aruspex,0.9846187
taeter,0.98843914
mago,0.9678963
excandesco,0.97885585
excelsior,0.9696387
ditus,0.9712796
dulcissimus,0.96964645
adumbro,0.9801236
ualitudo,0.9859673
immortalitas,0.9637302
diuinitas,0.9814999
uastitas,0.98442703
antipater,0.97378844
firmitas,0.9634151
successio,0.8730978
cyrus,0.98021144
excellentissimus,0.9603916
le,0.9381369
bruttius,0.9722637
defendendus,0.9773358
augustior,0.97466373
ptolomaeus,0.9867115
proclamo,0.9908155
inseruio,0.96957743
narratio,0.9439011
gorgia,0.9308541
scopa,0.9531478
locupletior,0.9626924
schola,0.9538901
usitatus,0.9869612
centesimus,0.9352743
meditatio,0.96147543
administrandus,0.97699684
mirificus,0.9740083
schema,0.97058105
delicatus,0.9887554
luxus,0.9899115
pl,0.9043677
continentia,0.96068615
exultans,0.9806373
oblittero,0.9701939
excogito,0.9915032
ostia,0.9361739
consessus,0.9707332
completus,0.9608098
puls,0.93897986
frugalitas,0.98841166
inmoderatus,0.9804426
facilior,0.97723156
anapaestus,0.9817021
modulus,0.9556742
honestas,0.97522247
planctus,0.9670925
philosophia,0.98255396
callide,0.9832185
amissio,0.97022283
spurius,0.9573633
copulo,0.9871879
quintius,0.986302
deuoco,0.9387287
flagitiosus,0.9675581
munusculum,0.9724881
expugnatio,0.9758592
proelio,0.93810964
attrecto,0.93896604
gherardesca,0.97367924
crudelissimus,0.96755624
constitutio,0.924344
aduocatio,0.9733622
iniuriosus,0.95824045
muliercula,0.9776734
pomerium,0.9866817
constrico,0.95662135
apparitor,0.96903765
cupide,0.9840442
amicissimus,0.9667416
definio,0.98543
xerxes,0.979349
cunabulum,0.98292255
inclytus,0.96445644
luctuosus,0.9831238
defunco,0.95986015
turpitudo,0.98096
proelior,0.97593915
umbo,0.9892464
ccc,0.97979736
existimatio,0.9819205
porsenna,0.9826516
praeditus,0.9869602
dispello,0.9822289
zeno,0.77004355
eculeus,0.9803042
hieronymus,0.88698804
papia,0.93648577
socrates,0.97747016
mensuro,0.9569224
demosthenes,0.98549616
oratorius,0.9000691
petitor,0.96990025
exheredo,0.96041745
gymnasium,0.97815585
absolutio,0.9692087
honestior,0.98158705
solet,0.94143337
adrogans,0.981946
procuratio,0.9731618
ai,0.911196
artificium,0.97994864
aestimandus,0.97152305
uicissitudo,0.9829066
ur,0.9017262
inritatus,0.9516946
eximium,0.98451054
contextus,0.97055525
aspiro,0.9802013
claritas,0.9699798
interfluo,0.9743088
cognomentum,0.9755218
humerus,0.9575961
amplis,0.92294765
theodorus,0.819247
restitutio,0.9376402
adiudico,0.9633522
theopompus,0.9544696
fu,0.92899764
epistola,0.95397186
redemptio,0.9504465
supergredior,0.98556685
refercio,0.9850941
praeclare,0.9424035
erogo,0.97474265
occurso,0.9790059
crepido,0.97122324
adulo,0.9588879
quorsum,0.9803513
tarquinii,0.9847015
pondero,0.97232765
poss,0.9482436
interuentus,0.9732496
castissimus,0.97245383
obscuritas,0.98840046
uerres,0.9828111
enitesco,0.98081255
familiaritas,0.9857333
hucusque,0.97617507
promptissimus,0.96731675
pactio,0.97220933
addictus,0.96616966
fabianus,0.8954109
pronuntiatio,0.9698562
occupatio,0.9619146
mansuetudo,0.97118646
colume,0.98537016
pisistratus,0.98426974
insulsus,0.96084
tarentini,0.9783818
considerate,0.92511076
significatio,0.9711093
cornutus,0.96662706
darius,0.9764061
persica,0.96084654
pulchrior,0.9731525
sas,0.4420057
ticinus,0.97283
inauditus,0.9854629
liniamentum,0.97924834
uixio,0.96650094
obscurior,0.98006225
flagrum,0.9677529
impendium,0.9817101
ingenuitas,0.95435727
obpugno,0.9614048
mathematicus,0.97815454
agrarius,0.94629586
gellius,0.9445403
adseueratio,0.97760403
clausula,0.9683386
ingemesco,0.9805617
xenopho,0.9842528
vnde,0.9212389
firmamentum,0.8625786
castitas,0.98413044
libidinosus,0.9733243
corruptor,0.972183
flagellum,0.9818083
crispus,0.9708601
iuuenilis,0.9689171
municipalis,0.94620323
uenditio,0.9652651
fiscus,0.96393335
contumax,0.9824775
mutuor,0.96908903
senones,0.97839594
cons,0.5195894
praefinio,0.96903026
exporto,0.9785109
necessus,0.95934165
adaequo,0.9730319
camerinus,0.90042824
cateno,0.9628365
reclamo,0.98069656
famulor,0.97391
intempestus,0.97345805
beniuolus,0.9811028
iudicialis,0.93332046
reputo,0.98450184
usquequaque,0.9719681
proconsularis,0.9692589
delibuo,0.9692557
nonnihil,0.9746072
consolatio,0.93789804
fortuito,0.9667662
excerpo,0.9785725
demonstratio,0.9387822
conscio,0.97296846
prudentior,0.9639045
industrius,0.97301424
nuptiae,0.9818479
gubernaculum,0.981884
uenditor,0.9810049
amputo,0.9851278
lupanar,0.9855158
proiicio,0.96655405
praelego,0.95589745
ualentinus,0.9505509
poeticus,0.990366
stipulatio,0.96842414
impudicus,0.98798573
impudicitia,0.9689862
prorsum,0.9758643
cultura,0.93767464
machinatio,0.8990713
musicus,0.98441756
uilissimus,0.9816611
subtilitas,0.9763073
chirographum,0.97470367
explio,0.96510935
institutio,0.9234286
uiuendus,0.9755244
diuturnitas,0.97998244
gaditanus,0.95131034
lxxx,0.97585565
herodotus,0.9717904
inquieto,0.9637828
qualiscumque,0.98295367
deminutio,0.96161616
hammo,0.9921392
emendatio,0.95592546
nequissimus,0.971631
stupro,0.9778465
ochus,0.95898324
mortalitas,0.9692425
impotentia,0.9580135
decurio,0.9602129
uiiii,0.8423667
probrosus,0.957232
fragilitas,0.9695839
quanus,0.9614588
humerum,0.9656631
aerumnosus,0.9614884
impingo,0.98945963
pamphilus,0.948472
afflicto,0.9627956
longinquo,0.9804315
adluo,0.97598445
solame,0.988251
pyramis,0.9731704
alluo,0.98005515
inaccessus,0.9646359
laquear,0.9753272
uenustus,0.9864076
tinnio,0.964794
canopus,0.9829213
ilicet,0.9714508
caelitus,0.98007673
terrificus,0.9836882
ceo,0.96166855
percitus,0.97480977
claresco,0.98037016
clamosus,0.9727952
uades,0.9729334
permetior,0.97396386
assequor,0.9818394
tartarea,0.9797033
inlicio,0.9777863
umbro,0.97644174
quaesitor,0.9637176
taxo,0.9626001
contus,0.98290765
iugo,0.94633293
exundo,0.9815922
temet,0.9590193
reuerso,0.98670197
palpito,0.9775186
chea,0.9656491
praeruptus,0.98029196
exero,0.9842365
horribilis,0.98307776
calpe,0.94362557
chalybs,0.9826019
peremo,0.960127
prorsus,0.9841428
conturbo,0.9861546
inconcussus,0.9715688
inuolo,0.9636804
remetior,0.943913
lympho,0.94759953
augesco,0.9802348
intestatus,0.9417864
semetipse,0.9060183
quamobrem,0.85335034
tolerandus,0.9688578
seneca,0.9572641
argutia,0.97385633
expauesco,0.99205816
alio,0.9471043
obtendo,0.9684107
pistrinum,0.9646158
inriguus,0.9865855
hiemis,0.9757705
repto,0.9796404
meatus,0.9923489
vnus,0.97956795
lachesae,0.9847809
utrumnis,0.9650383
scyphus,0.95939654
exanimus,0.97923225
expolio,0.97081745
machinor,0.9743489
lamentum,0.97211814
membratim,0.9641516
incensus,0.8849554
aetatula,0.9673117
ueneficus,0.95550853
possessor,0.98432624
pascuus,0.9703117
exin,0.9841015
hyrcanus,0.9828256
auspicor,0.9773488
pinnatus,0.9802728
eructo,0.9734663
undo,0.9790791
auius,0.9760667
maleficus,0.9736156
largio,0.97396517
assurgo,0.9765692
corroboro,0.9751062
restringo,0.9793177
reclino,0.97253513
consolo,0.9404957
secretior,0.982079
insurgo,0.97841763
minutatim,0.9568099
perpetuitas,0.9601535
friuolus,0.98079085
strao,0.9415644
fabulosus,0.9833776
territorium,0.9381285
ereco,0.9663894
dispensatio,0.9162809
popina,0.9813621
cordus,0.9321489
subscriptio,0.9376688
adpetens,0.9657862
discludo,0.9518331
ignoratio,0.9727633
inopinans,0.9678609
persuasio,0.97979045
commutatio,0.9723667
positio,0.97564304
uelocissimus,0.97914606
pyrenaeus,0.9819532
superfluo,0.9751904
quippia,0.9700225
perscrutor,0.9809995
imperito,0.9814497
subrideo,0.9752485
adminiculum,0.9794901
avia,0.90292513
uicarius,0.97959185
invenio,0.8992695
deponendus,0.9301241
utrumne,0.9707446
commentor,0.96879804
parento,0.9727787
adscisco,0.98965746
constructio,0.93398774
largitor,0.96447545
scalpo,0.9811317
sume,0.97047704
caluus,0.9844678
oliuus,0.99278325
stemma,0.9870894
pertundo,0.9587308
mansuesco,0.9731295
follis,0.97158176
stoicus,0.9892181
garrio,0.9483424
recepto,0.9767528
ungue,0.9815608
coniueo,0.9673544
lampada,0.95464826
paulina,0.91041315
seculum,0.9443639
defatigo,0.98179644
territo,0.97364736
pretiosissimus,0.9540339
patesco,0.9833255
concinno,0.9772335
modulatio,0.967267
intellegendus,0.9505985
dentatus,0.96230876
largiter,0.9601205
tamdiu,0.96742153
condico,0.938203
trudo,0.98350394
litigator,0.97017694
priuilegium,0.98517036
adsiduitas,0.9614343
dissolutio,0.96160924
atqui,0.9126371
calumniator,0.97176933
conformo,0.97847414
saevissimus,0.9651284
refuto,0.9891809
impudentia,0.9656208
mendicus,0.9805852
bactrianus,0.98126996
eruditio,0.95032084
iocor,0.9759979
culex,0.97861266
elogium,0.97967696
piscor,0.96435916
orbita,0.9824416
uernaculus,0.9647183
arbustus,0.9750353
heraclitus,0.9700688
paphia,0.9651053
pico,0.96981996
crystallum,0.9690244
nilius,0.9825348
biga,0.97566664
hortulus,0.9787214
perhibeo,0.96638775
fragro,0.9689147
extructus,0.97709656
dulx,0.97463095
assigno,0.96371865
primitus,0.92091537
mentula,0.990574
manipla,0.98397505
mantua,0.9764112
hesperidus,0.9750256
mula,0.9769963
aggero,0.9790946
deperdo,0.96137846
dialecticus,0.9902251
germino,0.9798478
superstitiosus,0.9700529
imprecor,0.96296984
iucunditas,0.97361493
nihilominus,0.97876775
congemino,0.9699255
cetus,0.9628465
xli,0.9612904
consumpo,0.9556974
xliv,0.9266995
xlv,0.96178985
xlvi,0.9834054
antepono,0.9740378
informo,0.97607625
incensum,0.9173063
lxx,0.9296067
explorator,0.97182775
moesia,0.96894014
maro,0.9778954
hexameter,0.97103405
fereo,0.95720327
propinquo,0.98541594
optatus,0.963956
suggestus,0.96510935
mactus,0.97471285
intemeratus,0.98037595
accelero,0.9867612
enormis,0.96351373
bellipotens,0.9734495
inclemens,0.9759922
uacuo,0.97369224
tabulatum,0.97914
saturnalia,0.9713317
epigramma,0.9645045
abitus,0.95678437
adsurgens,0.9757153
germe,0.9822292
stadium,0.98498136
dissono,0.9780997
primaeuus,0.9864022
inlaesus,0.97709095
molossus,0.98119944
cyrene,0.96146953
gnarus,0.9741622
baeticus,0.9382339
destinatio,0.96470314
deses,0.95660067
quaenam,0.9408294
exordium,0.9732718
scrutator,0.9397797
massyla,0.9733656
daci,0.94138765
persae,0.96511024
septimius,0.9094604
sever,0.90613204
sylla,0.9517724
baia,0.98029935
codicillus,0.93579364
fatisco,0.9784262
uite,0.9482256
barathrum,0.9858861
lectissimus,0.97683203
inrepo,0.9784883
unanimis,0.9531616
sa,0.9376304
posthabeo,0.9736522
qualitas,0.961394
extremitas,0.973962
uniuersitas,0.9681336
dimetior,0.9741294
conuersio,0.96846974
interdictum,0.9583507
inmanitas,0.9803684
cautio,0.9477451
crevo,0.9428698
inuentio,0.9659815
competo,0.9146236
incuriosus,0.9525357
domitianus,0.9694845
praestituo,0.9688775
byzantius,0.8416711
pertendo,0.9729595
archelaus,0.9692822
captiuitas,0.9708432
ardenter,0.9630887
interpretatio,0.9669695
exhortatio,0.96591884
contristo,0.94353837
uespasianus,0.97892773
arena,0.978739
persaeus,0.9646403
excursus,0.98071444
liburnus,0.9681177
suu,0.9558257
conspiro,0.9901384
mithridaticus,0.96328956
scythar,0.9797022
interpellatio,0.9515522
comporto,0.96274227
cornice,0.9716927
milesius,0.9779478
nouicius,0.9712295
dispensator,0.9623347
humidus,0.95428675
acutissimus,0.96505505
stercoro,0.97701514
humor,0.9780989
aequinoctium,0.986345
quousque,0.9290472
oblino,0.9784415
gallicanus,0.9461808
ablaqueo,0.9612307
vernus,0.96004397
oliuetum,0.97926134
proceritas,0.97556794
talea,0.9731387
trigonus,0.95575064
scrupulus,0.9725231
bosphorus,0.9721246
atlanticus,0.96292084
uall,0.9264807
mesopotamia,0.9840118
iudaea,0.972891
apertior,0.9851151
distermino,0.98609304
fi,0.93694824
promiscus,0.9550499
aduersi,0.96952915
uicissim,0.9889138
alicubi,0.9569041
obiectus,0.97271335
physicus,0.98088336
ducto,0.9311105
contueor,0.985108
rauenna,0.96307975
therma,0.9741678
exubero,0.9826306
amoena,0.9598945
belgae,0.9715285
uenetus,0.96837735
chaldaeus,0.97894317
diuinatio,0.98275816
spado,0.9844485
perdicca,0.9872964
excudo,0.9579006
sibimet,0.9491215
captio,0.96697116
uespera,0.9842783
contumaciter,0.9660707
ultus,0.97063905
fouea,0.9768977
ergastulum,0.9809168
condono,0.97074395
patrona,0.9364486
dissonus,0.97061074
intego,0.9837086
obuio,0.9603276
contumacia,0.9648385
delatio,0.9666774
adfectio,0.9699301
xvii,0.9149818
declinatio,0.95827335
uerior,0.96965337
derelinquo,0.9480031
tractao,0.97391313
sphaera,0.97792137
definitio,0.97635347
aequinoctialis,0.9799926
pertimesco,0.96841025
dimensio,0.97140694
plausus,0.9772738
singillatim,0.98838466
uirginalis,0.96474683
etesia,0.9771038
musica,0.9412377
uisito,0.94552654
beneuolentia,0.98339725
maleficium,0.9768549
excellentia,0.9437394
recusatio,0.95747024
subripio,0.97448814
seorsum,0.9503943
mordicus,0.97379655
marus,0.9752251
capito,0.94873536
depingo,0.97761905
cuiusmodi,0.9700041
absolutus,0.9640662
inibi,0.93686527
epicureus,0.9765831
praepositio,0.9738852
praenome,0.9810295
ser,0.93854535
apprehendo,0.95492244
perfecte,0.9370195
expositio,0.9450162
profitor,0.9564179
seius,0.9200193
pecuniarius,0.95994604
correctio,0.92744946
iustitium,0.9447439
otho,0.9702069
sicarius,0.9744288
obtrectator,0.9856787
repostus,0.9746808
missile,0.98929775
passer,0.95726264
inlicitus,0.98705983
imperitia,0.967752
miliarius,0.93508565
salina,0.9337859
subterraneus,0.9566266
erogatio,0.96690446
titianus,0.85733557
deriuo,0.97988933
praeposio,0.9764454
adsistens,0.9843093
milia,0.9053028
centenarius,0.9632385
diuersitas,0.98720646
senarius,0.98158574
capacitas,0.9088416
substantia,0.9301549
consequentia,0.9529099
confito,0.94224477
distributio,0.96544904
dodrans,0.9699244
xiv,0.9412694
fullo,0.95633155
paulinus,0.8548295
flavianus,0.9333281
explicitus,0.8995232
k.,0.8853704
formidolosus,0.9770097
maliuolus,0.9723037
theophrastus,0.98101413
beatissimus,0.8917712
suppedito,0.97710854
acquiesco,0.9341474
conficiendus,0.9531133
lysia,0.9403827
efflagito,0.9843109
illustr,0.9231827
assentior,0.96627104
allego,0.97918427
symbolum,0.8487419
tityrus,0.98222554
obtusus,0.9595649
internus,0.947168
necno,0.9111221
abnego,0.93822134
extermino,0.956435
pluit,0.95147216
contexo,0.97938293
illudo,0.94051844
indiuiduus,0.95792484
he,0.8841597
conuoluo,0.99028474
uitas,0.9732238
supino,0.9790405
paterfamilias,0.96324766
papilio,0.94068396
calumnior,0.98350906
cluo,0.9449886
tenuitas,0.9781525
mustela,0.96668327
donatio,0.94229716
litteratus,0.9817081
eunuchus,0.96087384
fucus,0.9658221
libitus,0.9747759
operarius,0.9604626
fictio,0.9634175
futtilis,0.95474875
calceus,0.96650684
terrifico,0.98283684
immutabilis,0.9472255
horrificus,0.9845594
spumeus,0.9756571
crudesco,0.97898054
reo,0.91305345
celero,0.97540116
ausus,0.9325026
temno,0.9663122
egenus,0.9708276
creatrix,0.96701884
sonor,0.9702655
concio,0.96651447
audenter,0.9567727
floresco,0.97212803
furio,0.96603715
straio,0.9671085
illabor,0.982219
prolo,0.9772683
assero,0.9517172
multimodus,0.9447189
desaeuio,0.9761423
decanto,0.95659274
quoties,0.95555043
fatuus,0.9828161
causidicus,0.9740272
lingo,0.9593829
antecello,0.9580845
discessio,0.9602713
sublimitas,0.91509604
dispositio,0.919368
oblectatio,0.9647628
diogenes,0.98905814
euersio,0.971339
bibliotheca,0.9642559
assiduitas,0.94930613
altercor,0.96637774
exceptio,0.9178196
homicidium,0.9552238
convino,0.92559487
distinctio,0.9453619
peccator,0.8228294
pacuvius,0.97184694
cohortor,0.9656552
civila,0.9413518
recordo,0.960075
saturitas,0.9632896
explanatio,0.9638656
peripateticus,0.97852063
academicus,0.9752089
echinus,0.9698263
tractatus,0.96506643
arrogantia,0.9699916
conclusio,0.95806503
praescriptio,0.92472196
absolute,0.91368884
corporalis,0.9507704
affectio,0.949334
specialis,0.88692087
generaliter,0.91628444
translatio,0.95766556
morbidus,0.9663333
demoror,0.9618603
stabilitas,0.954352
caecitas,0.9829649
misellus,0.9657025
invado,0.94550735
circumscriptio,0.9318945
probatio,0.9554294
syllogismus,0.9573495
argumentatio,0.9614387
organum,0.9452449
pauimentum,0.97540164
caballus,0.9747945
gubernatio,0.8865862
propositio,0.9224764
geometria,0.9709073
moralis,0.9410287
tripertitus,0.9807954
suasio,0.9208217
adpetitus,0.9569851
praeceptio,0.9226003
descriptio,0.94941556
soloecismus,0.98485386
intercessor,0.9223877
dilucidus,0.9676346
peritia,0.93851626
oppleo,0.9838253
contradictio,0.8900418
uicissis,0.93773973
pertempto,0.98244137
elaboro,0.97794247
remunero,0.9694874
reatus,0.9295433
lator,0.96759033
concesso,0.9452875
adloquium,0.9692557
satisfactio,0.9439702
repromitto,0.9606955
stipulor,0.9567835
pauesco,0.98081344
condenso,0.96633554
diuulgo,0.98452544
percio,0.96142614
lateranus,0.8361128
nola,0.94976246
uerona,0.96461904
coepto,0.9608393
antisto,0.9641635
claro,0.9493186
malui,0.89337987
adsertor,0.9652486
oblique,0.9644045
faustinus,0.8419109
spurcus,0.9826953
sportula,0.9433461
dimidio,0.9522675
metrum,0.97853446
caementum,0.9624554
stupidus,0.9636537
plinius,0.93058336
hermogenes,0.9452452
confuto,0.9769451
elocutio,0.9575864
permutatio,0.9559869
repetitio,0.91819954
perspexo,0.907283
celebritas,0.97717583
consonans,0.9779163
complexio,0.9198223
quantitas,0.8910558
locutio,0.93343496
tropus,0.9778151
rhetoricus,0.9768059
uituperatio,0.9703831
rusticanus,0.97063196
confirmatio,0.9236696
seiunctus,0.9735546
legalis,0.9542562
iudicatio,0.9415873
iudaicus,0.96501315
insinuatio,0.9280925
commotio,0.8916871
redarguo,0.9712711
atomus,0.9619878
enuntiatio,0.95367515
quinquennalis,0.9579588
allegoria,0.95976746
concessio,0.94565463
perhorresco,0.9760376
dactylus,0.98741776
trochaeus,0.98723185
intellegentia,0.9797194
uitula,0.9697719
agrippina,0.9383848
quum,0.9829564
donatiuum,0.9742433
coheres,0.96780396
finalis,0.9237062
praetorianus,0.9669595
festiuitas,0.9471041
scienter,0.92637336
sectator,0.96483636
artabanus,0.9769981
angor,0.97678834
consensio,0.9617892
arrius,0.9147171
rudus,0.9683207
mucianus,0.840857
hierosolyma,0.9478215
studiosissimus,0.9585383
probatissimus,0.9599823
bacchides,0.9586937
putor,0.976159
jam,0.94583
definitiuus,0.85936797
perfectio,0.9311526
copiosissimus,0.93839437
assumptio,0.93477577
