Token,Cosine Similarity
[CLS],0.95809877
cogito,0.98990035
ego,0.98125994
et,0.98310935
cum,0.99413496
animus,0.9953563
meus,0.9453123
bonus,0.9640363
fidelissimus,0.96791947
memoria,0.97995293
recenseo,0.9809079
tantus,0.9937507
dulcedo,0.98588973
homo,0.9835062
inhaereo,0.9795669
ut,0.9928843
ipse,0.9898607
quodammodo,0.95388794
uideo,0.98829937
in,0.989099
praetereo,0.9922639
redeo,0.99725544
non,0.98770547
is,0.9688873
qui,0.9932529
iam,0.99453914
transigo,0.9866063
decurro,0.99435604
sum,0.9892634
recordatio,0.9360533
reuoco,0.98747325
ita,0.9856524
[SEP],0.9265604
neque,0.99440205
discedo,0.9942162
uir,0.98206675
eximius,0.9877423
sanctus,0.98150855
immensus,0.9855788
suus,0.9790783
desiderium,0.95463777
nos,0.9870738
relinquo,0.9902277
utpote,0.95573026
noster,0.96518016
semper,0.9936883
amor,0.9940864
ludicrus,0.98282313
seria,0.9755094
par,0.9935553
uoluntas,0.97854185
concino,0.9737465
idem,0.9881639
uolo,0.9951769
uel,0.9834314
nolo,0.98133373
credo,0.97585046
unus,0.9889965
mens,0.9933813
duo,0.99125636
diuido,0.99471074
quis,0.9789443
hic,0.994183
res,0.9795709
nec,0.9927087
salto,0.99123156
de,0.9789579
praesens,0.98196435
caput,0.98683393
experimentum,0.9512265
uos,0.9788312
cassus,0.99116004
uotum,0.99648625
decipio,0.98392516
post,0.9833584
mors,0.9768304
miser,0.9947295
dum,0.9940399
adhuc,0.9865642
uiuo,0.9892755
aestimo,0.9832127
tamen,0.989909
quod,0.9904188
uere,0.97079694
malum,0.97185004
ne,0.99155205
quidem,0.98027396
rapio,0.996927
defendo,0.9895427
pro,0.98272294
audeo,0.990279
secedo,0.9835508
ab,0.94398236
iste,0.9896265
factum,0.94936347
hercules,0.9836316
monstrum,0.9938303
mons,0.96067977
elido,0.9880228
solitus,0.98276526
armentum,0.9595817
furo,0.990314
rusticus,0.98643553
indocilis,0.9744534
quoque,0.9842092
laus,0.9882486
gratia,0.95618343
ago,0.98573726
absum,0.98130524
tono,0.9632346
uoueo,0.9950143
hostia,0.97230685
ineptus,0.9801899
deus,0.9800488
oro,0.979549
laeto,0.9871694
ara,0.98982596
sui,0.9927217
facio,0.98251414
ex,0.98517317
porrigo,0.98886776
uetustus,0.9893161
mos,0.9943526
colo,0.98092514
sed,0.994162
licet,0.98010665
fortis,0.9752319
arma,0.9964039
dico,0.97726107
manifestus,0.9709276
cruor,0.99531555
fatum,0.99356747
adscribo,0.9795244
nunc,0.99090326
ergo,0.9866195
primum,0.9918022
sacer,0.9827012
fero,0.993904
inter,0.99270004
uterque,0.9911183
uia,0.9784647
uagor,0.99360454
si,0.9804219
tribuo,0.98874056
cur,0.99454075
uanus,0.99304974
manes,0.969203
quaero,0.9827913
fabrico,0.98262477
dominus,0.9363864
tu,0.98744595
aut,0.9925984
femina,0.9898802
nescio,0.99081963
dea,0.98669386
bellona,0.98680073
caelestis,0.9807304
uirgo,0.9920916
uenero,0.98801863
coniunx,0.9947632
uester,0.98660445
alius,0.9859403
praeterea,0.97893393
procul,0.9922693
fanum,0.9635605
numero,0.9728141
collum,0.99084765
possum,0.9796742
ratio,0.9768118
reddo,0.9942627
pestis,0.98230284
omnis,0.97865635
timor,0.98048615
pudor,0.992131
natura,0.9885014
perfundo,0.97650874
magis,0.9870328
ultimus,0.9884968
terra,0.970026
debeo,0.9769133
deludo,0.97143376
paucus,0.9938416
scelero,0.99087363
uates,0.9938256
inanis,0.98870194
uita,0.9884084
suborno,0.9710414
sub,0.9922275
mysterium,0.9343815
falsum,0.96865433
inde,0.98908305
simulo,0.99107903
concutio,0.9882984
numen,0.99275106
quidam,0.9899359
maiestas,0.9858408
que,0.99171686
cano,0.9835583
figura,0.9831022
fatigo,0.992743
saepe,0.995134
qualis,0.98491114
fragor,0.99341476
luxurio,0.9801736
ineo,0.98177063
furia,0.9870888
fingo,0.9959043
dorsum,0.98610395
parcus,0.9848546
doctrina,0.9716031
cerno,0.99504316
sano,0.97912127
respicio,0.99158454
quando,0.9859259
ille,0.9912286
cogo,0.99061537
compono,0.9913158
integer,0.9055598
tollo,0.9909625
ingenium,0.9927455
talis,0.99070036
quoniam,0.96562445
obumbro,0.9528432
populus,0.9688604
supplex,0.99548316
semel,0.9874645
uetustas,0.99020755
procedo,0.9832397
uaticinor,0.9693128
prodo,0.99403715
falsus,0.9896108
autem,0.9702966
nullus,0.99051666
multus,0.9919382
superstitio,0.9868686
nefandus,0.9884199
exsequor,0.97421914
denique,0.98480654
maleficus,0.95828867
gestio,0.9835647
lateo,0.99333024
appareo,0.9783813
trepido,0.99295044
deprehendo,0.9877067
nego,0.9870407
accuso,0.9849712
facile,0.99269545
confiteor,0.9786342
certe,0.98266834
damno,0.9798397
maereo,0.992832
semet,0.95779955
malus,0.985501
impetus,0.9849206
ignauia,0.9813005
astrum,0.99090445
imputo,0.9823289
enim,0.9858131
agnosco,0.9882873
cultor,0.98906475
magnus,0.98623914
aurum,0.9718044
aedis,0.983642
mitto,0.9711287
quasi,0.9584679
ad,0.9876299
summum,0.9811106
caesar,0.98792017
deficio,0.9693212
fugio,0.9944435
transeo,0.9911324
ignis,0.98451793
auctor,0.98290735
scelus,0.9924167
consto,0.97510636
formo,0.9852083
tot,0.9915559
modo,0.9880769
soleo,0.99372745
diuinus,0.9926465
erumpo,0.98590374
uox,0.9928724
muto,0.99519604
tamquam,0.9821695
lignum,0.9743606
loquor,0.97129285
auris,0.9835514
prodigium,0.94698346
perdo,0.995204
ante,0.7825617
per,0.99268854
audacia,0.9856471
gesto,0.9886366
sileo,0.9910305
ullus,0.9900559
christianus,0.97847414
uero,0.9871387
similis,0.98449975
o,0.8972761
nimium,0.99378496
stultus,0.96991146
uultus,0.99393994
prudens,0.9673387
diana,0.9712781
mane,0.9678608
ebrius,0.9681874
crudus,0.97063553
pereo,0.992347
ars,0.9950699
uiscus,0.9955996
posco,0.9959092
ciuis,0.9916475
detestabilis,0.96266884
adplico,0.96455956
collegium,0.9484785
historia,0.9588244
diuino,0.9834205
ceterus,0.9886619
libet,0.98810583
depono,0.9807444
uerto,0.99716806
roto,0.9912109
atque,0.9943763
puto,0.99299777
eo,0.9855126
sacerdos,0.96998155
timeo,0.9788945
cor,0.98050463
uigeo,0.99281657
sacrarium,0.9827846
taceo,0.99442446
culmen,0.9929908
rogo,0.98149
simulacrum,0.9784925
adoro,0.98337936
malo,0.9890163
leo,0.9025993
defunctus,0.97157294
lex,0.96108645
legens,0.9882161
-ne,0.9528462
fundo,0.97706443
nemo,0.9829899
pudeo,0.98941
paeniteo,0.9871395
nisi,0.9814421
plane,0.9748359
retro,0.9583311
glorior,0.9500489
interrogo,0.9914304
ultro,0.9866179
soluo,0.96912545
uasculum,0.96466655
dominor,0.9742204
aruum,0.99587935
alienus,0.9623047
iuro,0.9786824
nam,0.99399054
purus,0.985482
serenus,0.99469554
maneo,0.98914444
disputo,0.9847205
saluo,0.95640546
seu,0.9662603
rego,0.9953187
minuo,0.97747815
iustitia,0.9617213
quam,0.99237525
salus,0.98256224
auxilium,0.980512
porto,0.9902029
fio,0.9819571
aeternus,0.9775193
quisquis,0.99186814
sequor,0.99646246
tempus,0.98675674
breuis,0.99181753
postmodum,0.9621137
plango,0.98907995
imus,0.98775184
subtraho,0.9839101
uis,0.94632035
resurgo,0.9612225
christus,0.96484244
doleo,0.99315244
sic,0.9916415
hebeto,0.9703974
mundus,0.9806497
excurro,0.9771534
sors,0.9875953
auis,0.9863188
aspicio,0.9929806
alter,0.99229336
fusus,0.9818078
inspicio,0.9874709
cupio,0.9913982
audio,0.9741049
responsum,0.98576254
bonum,0.94464314
crudelis,0.98866487
dux,0.9837782
rex,0.9737326
ubi,0.98808974
consultum,0.7851236
portentum,0.9521958
scindo,0.98496157
quo,0.98842394
prosum,0.98376113
disco,0.9929065
quaeso,0.98014975
caueo,0.9784557
omnipotens,0.9812
cunctus,0.9925663
naturalis,0.95957017
habeo,0.9876089
paenitentia,0.95869243
complaceo,0.9310266
altus,0.98771346
probatio,0.92693615
daemo,0.98616815
pars,0.99116147
mandatum,0.9342245
praemitto,0.98841345
unde,0.9860308
curo,0.98945427
paruus,0.9971775
libellus,0.9842651
doceo,0.99239635
medium,0.9697069
intro,0.9600322
uenter,0.9908619
seruus,0.96589506
innocens,0.9713229
communis,0.98185813
ubique,0.97743714
paro,0.9945312
circumspicio,0.9788169
barbarus,0.9919315
sine,0.98768926
figo,0.9947217
crus,0.9893479
uerbum,0.9699994
simplex,0.9811103
simpliciter,0.93747246
impleo,0.98353505
exiguus,0.9938927
tuus,0.9607853
domus,0.96350884
prauus,0.9925496
paratus,0.96293366
epula,0.98388046
refugio,0.98412776
cena,0.97688276
praeceptum,0.9640845
quia,0.97487533
iudico,0.973101
rector,0.95150256
caelum,0.9770013
forte,0.9737922
reus,0.9632927
gaudeo,0.97902703
accusatio,0.94984746
poena,0.9690188
felicitas,0.9795598
prouidus,0.9866057
profanus,0.9890982
aspectus,0.977141
tyrannus,0.9937456
sentio,0.9872898
faio,0.9776963
dubius,0.99181974
careo,0.99449044
nudo,0.9937497
luxus,0.99068916
praecedo,0.980843
prospicio,0.9894988
iniquus,0.9874576
quidquid,0.98858786
remaneo,0.9798104
ecce,0.94938934
nutrio,0.9932455
excelsus,0.961949
benignus,0.98872155
facies,0.9309825
remitto,0.9892372
mergo,0.99078596
tenebra,0.9762934
lux,0.98658013
moror,0.9945039
dementia,0.97897375
ignoro,0.9799983
denego,0.9721503
exeo,0.9858347
foris,0.97830755
iterum,0.9822617
requiro,0.9955145
insuper,0.9614652
ibi,0.9794662
malignus,0.9849585
funus,0.9921304
recte,0.97443867
mox,0.99322134
duco,0.9886571
locus,0.98466355
blandior,0.97532815
haereo,0.9959512
uiuus,0.98898244
corpus,0.986729
suscito,0.9533194
sero,0.96133614
clamo,0.9784219
quamdiu,0.95607483
cognosco,0.9792013
uitas,0.9790727
ager,0.9760625
pinguis,0.9860195
semen,0.9176676
iacto,0.9945919
silua,0.9931536
latro,0.9801968
certus,0.9766807
aliter,0.9488934
tracto,0.99464417
noceo,0.99216413
noxa,0.9661945
foras,0.9580747
oberro,0.97362447
totiens,0.9853587
inuito,0.98223007
aula,0.9894568
messis,0.9903551
totidem,0.98453367
meto,0.9836019
quodsi,0.9665538
colligo,0.9924941
uindemia,0.9803309
uenio,0.9896148
adsum,0.9950856
primus,0.9936843
fundamentum,0.9519706
designo,0.9819059
secundus,0.98974866
minus,0.9819288
us,0.9489085
testamentum,0.8983508
uetus,0.98541564
proclamo,0.97341573
opus,0.9840635
tantum,0.99008775
totus,0.99105847
dummodo,0.9554399
uinco,0.9940395
euenio,0.9896809
spes,0.9830937
respuo,0.99140155
infelix,0.9897177
disciplina,0.9796741
ruo,0.99343944
frenum,0.98748237
luxuria,0.97217345
gaudium,0.9828421
infernus,0.9531246
crucio,0.97006387
oblecto,0.9667551
quicumque,0.97444534
alium,0.9877674
proprius,0.98762083
os,0.98441505
mercennarius,0.9602394
utor,0.9911652
innocentia,0.9587638
facultas,0.9570822
pateo,0.9919401
inauditus,0.9647014
omnino,0.98628825
triginta,0.97743696
nescius,0.9916223
erro,0.9935781
canis,0.9856307
perfruor,0.9714409
laetus,0.99026483
iniuria,0.9834774
lis,0.9233742
damnum,0.96822435
diurnus,0.98545784
bellum,0.99079996
infandus,0.9846327
fraudo,0.98144615
sanguis,0.9811145
furtum,0.94578
ulcus,0.97608674
uexo,0.99410075
gemo,0.9943296
inuado,0.99497175
longus,0.9951565
morbus,0.9901229
nascor,0.99349153
orbo,0.9786391
defleo,0.9870294
destruo,0.98116016
dignitas,0.9743118
uro,0.9822428
pauperies,0.97821933
c,0.9782069
tandem,0.99485534
dolus,0.95012414
utique,0.96113086
priuo,0.9739146
iuuenis,0.99671906
senesco,0.9790918
diues,0.9927255
inuitus,0.98833287
gens,0.97858787
peruerto,0.9790256
saeculum,0.93686396
coram,0.92339844
sicut,0.97054935
conditor,0.95071137
orbis,0.99246526
frater,0.98182845
impius,0.96668595
inquam,0.9754406
egeo,0.9936082
algeo,0.97893035
fames,0.98185194
laboro,0.9895768
patior,0.98832417
dissimulo,0.99209327
opitulor,0.97278607
inualidus,0.99016535
sol,0.9899337
nihil,0.99476326
permitto,0.9868002
causa,0.9693296
purgo,0.9770414
ueritas,0.973593
iniustus,0.9880285
solum,0.99046093
expecto,0.9827433
odium,0.9832494
publicus,0.9745207
necessarius,0.9804059
confessio,0.95189667
nomen,0.982671
crimen,0.9807018
aliquis,0.98507005
statim,0.9855227
co,0.96746594
alo,0.9904524
torqueo,0.99388003
dexter,0.9877738
teneo,0.9904105
delicia,0.9841728
fruor,0.99429536
renouo,0.9878584
praegredior,0.97979826
inmortalis,0.963252
tartara,0.97165984
innocuus,0.9920323
praemium,0.98577905
dignus,0.992881
saeuus,0.996135
incipio,0.99386275
iudicium,0.9483833
morior,0.9874839
effugio,0.98520553
actus,0.9830652
dispono,0.99115294
insipiens,0.97301376
legitimus,0.95707047
ualeo,0.97645867
praeceps,0.99111485
fatalis,0.97303337
obliuio,0.98002386
mortuus,0.95560706
prior,0.9907259
imperito,0.96599686
cinis,0.9642455
aeque,0.97814703
extorqueo,0.9796487
oportet,0.9653934
falso,0.9730655
quot,0.98929065
quisque,0.9915894
incestus,0.9867538
coquo,0.9571086
eruo,0.9524516
uacuus,0.9943942
retracto,0.9760029
opto,0.9972683
nosco,0.99277174
caro,0.9421814
eximo,0.9840219
recondo,0.99015343
mortalis,0.9874453
separo,0.9778047
idcirco,0.970088
oculus,0.97097635
aequo,0.9842344
secerno,0.9931156
do,0.98453295
fragilis,0.9843734
honor,0.8966898
ecclesia,0.97335964
bonitas,0.95745033
pax,0.97567046
patientia,0.9651018
uerus,0.989067
innoxius,0.9850322
perfidus,0.99019486
fera,0.99454415
quantus,0.9870627
praeses,0.8908541
gloria,0.9624871
centum,0.97975063
infans,0.9867992
comedo,0.9792759
lucror,0.9701716
terrenus,0.9744107
iudex,0.96485996
excrucio,0.97651774
dirus,0.9962399
ferrum,0.99450827
supplicium,0.98344773
mereo,0.9919485
carcer,0.98805857
flo,0.9842503
spero,0.9678418
polus,0.99543655
grassor,0.9848904
insanio,0.9692677
detracto,0.9598272
pono,0.9908281
cautus,0.9885212
aestus,0.9916064
trado,0.98941004
differo,0.99319935
adicio,0.94043267
ingratus,0.9854393
summus,0.9871878
profero,0.9930756
deinde,0.9889569
pratum,0.98501587
guberno,0.98052883
uinea,0.9830674
grex,0.98213243
pecus,0.99336433
possideo,0.97239876
inuenio,0.98894364
inquisitio,0.9123866
prohibeo,0.97690284
mare,0.9799336
salsus,0.97359383
decerno,0.9824544
aureus,0.9890846
saeclum,0.99071765
refero,0.997293
perennis,0.9857346
io,0.96399975
anima,0.9694656
at,0.9834912
luo,0.9725615
tunc,0.9889269
ostendo,0.9908634
inscius,0.9814032
recedo,0.9829656
super,0.9337275
diuitia,0.9908087
festiuus,0.9782263
pauper,0.98588264
subdo,0.99112225
parens,0.98498213
pasco,0.9901658
longe,0.98493606
mediocris,0.9872837
extinguo,0.985983
prouincia,0.9742803
gradus,0.97497046
pello,0.9907388
multitudo,0.96997887
perturbo,0.98443294
consulo,0.98816425
traianus,0.9795696
imperator,0.62363195
praeter,0.98270565
obstinatio,0.97106946
sacramentum,0.9569475
comperio,0.98964095
parco,0.9877191
exuo,0.9883904
subuenio,0.9821313
operor,0.97643995
minimus,0.98348653
amo,0.98549175
uitis,0.9860421
terribilis,0.96849513
obseruo,0.9801916
prosperus,0.9887539
fraus,0.97820735
sumo,0.9957007
expio,0.9759079
intueor,0.98451275
qualiter,0.96968234
corrumpo,0.9895257
nimis,0.96719927
uictoria,0.99142253
incuso,0.9859688
aperte,0.97580624
ius,0.9602369
rescribo,0.9624007
genus,0.9907142
inquiro,0.9871393
offero,0.97866356
punio,0.9815597
suggero,0.9848482
paulus,0.95582926
apostolus,0.9375575
faueo,0.9919858
persona,0.94532096
prouenio,0.98661673
extollo,0.9761913
fragilitas,0.9728599
umquam,0.9943919
lucrum,0.965729
auidus,0.9934783
fortuna,0.9900446
praesumo,0.9836667
prosperitas,0.97198397
ceno,0.9803127
turba,0.9866168
dono,0.9614979
sin,0.950685
tempero,0.96342635
ceruix,0.9933994
fiducia,0.96316314
for,0.9816028
prouideo,0.9749687
compos,0.9559125
sententia,0.97338414
necessitas,0.9806256
confundo,0.9755382
pastor,0.9689534
ferox,0.9894748
uago,0.98553866
moneo,0.99507344
ideo,0.96885234
seorsum,0.9318327
stabulum,0.9884407
siluestris,0.9859172
taurus,0.9774864
tutus,0.98770535
tectum,0.991785
mando,0.98309195
lupus,0.978734
antrum,0.9928598
surgo,0.9745134
regnum,0.9836997
iustus,0.9453844
indomitus,0.98834914
iugum,0.9783686
labor,0.99422574
iuuo,0.9923108
campus,0.9925787
crassus,0.96650094
satio,0.9882816
domo,0.9845109
utilis,0.94484264
perinde,0.9180504
ferinus,0.9750359
sapiens,0.9730528
intra,0.94467527
aeuum,0.99422574
leuis,0.991535
perduco,0.9904897
poenalis,0.9488218
barathrum,0.97096586
uestis,0.9927106
argentum,0.9772272
ulna,0.9850279
dein,0.96563447
canto,0.9767029
ludo,0.99201214
sortior,0.9755318
ignarus,0.9844821
saeuio,0.99602854
animaduerto,0.9922841
legendus,0.9855115
rursus,0.9928944
scio,0.95504886
subicio,0.9898447
praebeo,0.9945859
uito,0.9921255
inuidia,0.9939934
confero,0.9896548
finio,0.98159367
sex,0.98429155
mille,0.9847842
annus,0.9890468
gusto,0.9681975
pomum,0.990463
futurus,0.9837593
pendo,0.99306023
uitalis,0.9885031
datum,0.9420356
neglego,0.99088436
extendo,0.9571965
manus,0.9665946
ueto,0.9911345
censura,0.93395984
circumuenio,0.9908606
gustus,0.9794888
sufficio,0.9899831
lego,0.97081184
templum,0.97979516
cultura,0.93528813
sodalis,0.9830563
solus,0.9924868
praecipio,0.9617907
duplex,0.9862727
frequenter,0.98169315
crux,0.9466923
stultitia,0.94478124
iunior,0.9528387
occido,0.9901797
nequam,0.9375809
reperio,0.99530643
suboles,0.99066293
natis,0.9815264
postumus,0.91109395
somnio,0.9764036
periculum,0.9811774
quatio,0.9950563
febris,0.9746188
dolor,0.99451745
lacero,0.9919173
nondum,0.98007965
condicio,0.9277007
numquam,0.99221313
error,0.97256666
praeuenio,0.99212277
clauus,0.9801315
medius,0.9813895
iudaei,0.9702816
caecus,0.97689813
fossa,0.9830997
reduco,0.99011207
absoluo,0.9922192
doctus,0.9634682
propter,0.97127867
delictum,0.9455148
mirabilis,0.95735985
narro,0.9923427
deduco,0.9813267
funerum,0.99019694
defero,0.98219585
concludo,0.99063796
aratrum,0.9894433
intellego,0.97433186
cruentus,0.99407864
nouus,0.99235755
desero,0.9761925
insum,0.99050903
durus,0.9936956
uniuersus,0.97026324
militaris,0.9825524
statio,0.9721414
hostis,0.98616743
miles,0.99317247
socius,0.9882147
conscius,0.98999006
usque,0.9627734
moyses,0.962343
iratus,0.94563353
indignus,0.9915341
tam,0.98856497
infirmus,0.97455764
signum,0.9756161
recipio,0.9911818
seruio,0.98249614
minor,0.9811853
diligo,0.97624385
plenus,0.9827166
dictum,0.97071576
partus,0.9849235
geminus,0.99664986
adeo,0.97775924
intendo,0.98566407
priscus,0.99437237
saeuitia,0.97998637
macto,0.9854594
percipio,0.9701823
probo,0.96762097
sperno,0.99471533
rescindo,0.9658688
sacrificium,0.9473828
lapis,0.9829402
oblatio,0.8897084
credido,0.9085927
suspendo,0.994591
induro,0.892719
commoueo,0.99156755
praedico,0.98490846
compositus,0.98974264
tum,0.9891262
scilicet,0.9776129
pareo,0.99112225
tres,0.9880008
impero,0.9958327
nero,0.97495353
leuo,0.9869299
signo,0.9869961
finis,0.98545617
septem,0.9813575
undique,0.9934842
meretrix,0.9777367
fauilla,0.99197036
hierosolyma,0.95693207
pergo,0.99184
uictor,0.9935954
latinus,0.9785876
praesertim,0.96618855
imago,0.9797393
itaque,0.97951484
oblo,0.9681097
scribo,0.98529285
exclamo,0.98608214
pariter,0.9898082
ignotus,0.9934739
nouo,0.9905344
tribus,0.9006043
dimidius,0.96072483
dimidium,0.92121184
traditio,0.85639524
apertior,0.973907
indico,0.98318404
quare,0.9404968
infero,0.97694826
eligo,0.98871017
chorus,0.97368705
consurgo,0.9590033
plebs,0.9739963
impono,0.98749983
equus,0.98360145
trucido,0.9852808
calx,0.9810624
aliquando,0.9893823
tenere,0.98261124
compleo,0.98870325
auspicium,0.9885054
facinus,0.9881199
forma,0.980108
erga,0.9666285
tormentum,0.9838446
adhibeo,0.9913502
compello,0.9869483
merito,0.96735066
dispergo,0.97758776
conuenio,0.9783665
castra,0.9829128
propero,0.9967264
descendo,0.9759187
pater,0.9756658
lectus,0.98331964
mature,0.973232
tutor,0.91937643
iubeo,0.99250394
fluuius,0.99145067
produco,0.9870858
iter,0.99190545
dica,0.9794589
educo,0.9631072
subsido,0.9815322
fons,0.98731416
festino,0.9882963
mater,0.9878955
capio,0.9927226
quaestio,0.97435117
admitto,0.9848088
hodie,0.9606073
homicida,0.97849405
homicidium,0.9568151
ordo,0.9869443
obtineo,0.9850777
inlido,0.97706693
exercitus,0.9534598
terror,0.98693126
prosterno,0.98403835
comprehendo,0.97975343
decretum,0.96062446
primoris,0.9738027
antiquus,0.9753674
uber,0.9864783
refrigero,0.93782103
suadeo,0.9924969
uarius,0.9957785
tuba,0.96358347
tenebrae,0.9322939
summitto,0.98282826
etiam,0.9911294
diu,0.9924061
suffero,0.9710183
conclamo,0.97477627
ululo,0.9551736
spatium,0.99067134
cremo,0.98604923
flamma,0.99413383
tango,0.9901952
immo,0.98289204
decedo,0.97841436
fleo,0.98737895
ardor,0.98797476
liquesco,0.9796547
fulmen,0.9920867
ira,0.9888048
occupo,0.9940523
nauticus,0.96529675
puppis,0.9926778
partio,0.98270285
seruo,0.9886013
fabrica,0.97148025
ciuitas,0.97952485
incorruptus,0.95785195
gemitus,0.9846995
robustus,0.95472634
genero,0.9860041
nubo,0.97250956
comparo,0.9804791
uectigalis,0.9782406
opinor,0.9694525
pessimus,0.9784201
pluuia,0.9799864
frigus,0.9932971
rapina,0.98309946
lucerna,0.9558485
lumen,0.9904422
desidero,0.9812495
luceo,0.9694282
nox,0.98950446
duodecim,0.9093971
stadium,0.9698509
latus,0.9903623
radix,0.93786705
urbs,0.9841969
luna,0.96486974
saepio,0.9919397
dies,0.7403911
addo,0.9944136
emitto,0.9274009
euito,0.9738112
conuerto,0.98849446
intereo,0.99197125
nouitas,0.98420465
habitaculum,0.9700551
loco,0.9794385
derelinquo,0.95769346
admoneo,0.9865587
salutaris,0.94050556
lanio,0.9853751
sacrilegus,0.99104345
gero,0.9903664
erogo,0.9786317
cumque,0.9766023
tiro,0.98056805
uirgineus,0.9861691
uersor,0.98965615
agnus,0.9576678
delinquo,0.9850206
genitalis,0.98410106
pecco,0.9897112
noto,0.9943644
insignis,0.98710316
grauis,0.9972109
peccatum,0.97828835
fidelis,0.9774605
reputo,0.9691689
fudo,0.9792316
freno,0.98882586
similiter,0.9767348
bis,0.9925502
protendo,0.97645664
sector,0.98964256
numquid,0.9572544
denuo,0.9658896
fallo,0.9968365
uolucer,0.9912999
esca,0.97957563
incautus,0.98644936
circa,0.98379683
persevero,0.92517173
recordor,0.9689308
derogo,0.95489144
condemno,0.97033584
grauiter,0.9896396
ligo,0.99390745
decus,0.9951055
deiectus,0.9864626
exemplum,0.9873859
lauacrum,0.97981435
caritas,0.9533931
lingua,0.9881735
humilis,0.976971
contra,0.96888965
patiens,0.8968346
precor,0.99075925
attamen,0.9189068
confusio,0.92333674
culpa,0.96416557
reatus,0.96073216
uulnus,0.9959729
medicus,0.98756325
lenio,0.9813971
namque,0.993733
fateor,0.9911426
quondam,0.9896223
ruina,0.988146
commoneo,0.96985775
uulnero,0.9884333
cautior,0.9705061
barba,0.98132443
coma,0.990944
foedo,0.98989713
puluis,0.98453856
peto,0.9870085
tropaeum,0.99009866
uociferor,0.9813224
amitto,0.99126285
patria,0.99090475
pugno,0.9857641
obeo,0.9891109
seruitium,0.99240196
incolumis,0.988127
latebra,0.99044955
caedes,0.9897438
cesso,0.9849992
incurro,0.98338926
infamis,0.981571
occurro,0.99206984
inops,0.9927373
sono,0.9856497
surdus,0.97003317
satis,0.99047434
condo,0.98583305
subito,0.9928708
inundo,0.9765012
paruulus,0.98806304
iners,0.98504317
excuso,0.9653674
ob,0.983932
promereo,0.9817479
milito,0.9797142
imploro,0.9812219
concedo,0.98796654
repono,0.98854226
ulterior,0.984885
ferus,0.9970912
desisto,0.9900614
inmensus,0.9899274
militia,0.9530759
dimitto,0.9830148
pristinus,0.98523724
inmineo,0.971517
imperium,0.99504274
uirtus,0.9869981
postremus,0.98970354
desidia,0.9751879
omitto,0.9810711
propono,0.9593047
cottidie,0.9897754
praesto,0.9626459
sollicitus,0.98070836
matutinus,0.96872723
reuiso,0.9757376
propinquus,0.9914266
mendacium,0.9751839
dimico,0.9903573
donum,0.9784374
suscipio,0.98713875
dedico,0.99017656
impiger,0.97958726
fama,0.9937787
meritum,0.980711
protego,0.97864616
recurro,0.99230254
maledico,0.9647672
seruilis,0.9753978
uagus,0.99022573
fauces,0.9841125
solutus,0.9804727
sto,0.97183836
misceo,0.9863919
expleo,0.9910217
fructus,0.9175097
inmitto,0.9737793
agricola,0.90390843
requies,0.9742582
maledictum,0.9583026
arbor,0.98704183
an,0.9862327
opera,0.9671042
nubes,0.982219
profor,0.98272854
uolume,0.99257696
domnus,0.69395894
malitia,0.9392026
filius,0.9540573
findo,0.986305
mitis,0.9920645
deuoueo,0.99129957
demergo,0.98346055
doctor,0.97785866
munus,0.97914284
persono,0.95893246
laxo,0.9935559
singulus,0.9917906
caterua,0.9929449
astus,0.98331183
quocumque,0.95176923
placeo,0.9767779
altissimus,0.9452902
proles,0.98943466
mixtus,0.98626375
renuntio,0.9838316
languor,0.9734792
i,0.970612
ambitus,0.9910993
fido,0.9872904
iussus,0.98026717
contemno,0.98998725
adsigno,0.96599954
cliens,0.98521674
remoueo,0.9931849
musicus,0.9812159
cura,0.9933505
edo,0.99442714
panis,0.96635777
demitto,0.99028814
sudor,0.9872816
exter,0.96171975
aio,0.94275033
scriptura,0.9083271
filum,0.9804584
persequor,0.97472465
spons,0.9889874
prŏfectus,0.9949281
maximus,0.93593585
dedo,0.9925926
transgredior,0.97093666
licentia,0.95613515
tristis,0.9954829
sudo,0.985958
tristitia,0.92340964
palma,0.9913088
fides,0.9696461
accommodo,0.97720724
transitus,0.95406747
matrona,0.98751026
auro,0.9700419
circumdo,0.97703433
pudicus,0.9883976
uentus,0.9945955
pompa,0.9691049
orno,0.99303895
frons,0.99611986
reflecto,0.9681287
induco,0.97409785
medicame,0.98743534
inspecto,0.969092
penetro,0.9926694
clarus,0.9914017
sensus,0.99260545
pectus,0.99512243
testor,0.98990005
abscedo,0.9887452
maritus,0.97563237
cultus,0.9879652
induo,0.98226196
demonstro,0.98906314
clarissimus,0.925703
exanimo,0.9782318
iaceo,0.994461
prex,0.9910966
uidua,0.9776856
erigo,0.99098957
dandus,0.9576421
decor,0.98494244
congruo,0.9895408
suspicio,0.98759806
occulo,0.99028635
aduersus,0.96877974
ministro,0.96947205
mulier,0.9674312
fauor,0.99331427
odor,0.9821504
beatus,0.9598955
detestor,0.98561263
cado,0.98650175
filia,0.95148444
gentilis,0.97274333
praeco,0.9727262
taliter,0.94711095
inficio,0.99033135
medico,0.93610054
rubor,0.9886831
grauissimus,0.9822493
pondus,0.9934005
pendeo,0.9909543
obruo,0.97815925
gemma,0.9911242
memor,0.9824022
abscondo,0.9727534
praescribo,0.9807055
castus,0.99327266
sinister,0.98371017
corono,0.9761273
clades,0.98602974
obiurgo,0.98038155
officio,0.9476975
fretus,0.99156445
ops,0.99358255
resisto,0.9870097
bello,0.96097
abstineo,0.9764304
infirmitas,0.93380326
arguo,0.9845227
senatus,0.94589704
consulto,0.9056001
princeps,0.9725373
definio,0.9818086
repugno,0.990136
saluus,0.95972455
inimicus,0.9681916
alimentum,0.98771393
prandium,0.9863239
uix,0.9973634
lauo,0.975515
distendo,0.9857208
opprimo,0.98650426
inopia,0.9818498
iuxta,0.9504064
tabesco,0.97343445
uoco,0.99067646
reficio,0.9808367
minister,0.98642606
ciuilis,0.97894615
dominatio,0.97253287
magister,0.9798347
deligo,0.98812187
felix,0.9867008
apto,0.99372256
securus,0.99258435
pugna,0.98651886
quiesco,0.99210554
apud,0.98453784
libido,0.9862629
praecipito,0.98975563
uinum,0.971241
copiosus,0.9804356
retineo,0.99174166
compesco,0.9814734
pacificus,0.9578999
miseria,0.95231736
trames,0.9921441
sincerus,0.98405254
insidia,0.99000126
deseruio,0.97656006
principium,0.9666294
momentum,0.9621677
otiosus,0.98215723
ardeo,0.9937118
proximus,0.9745356
incendo,0.9920652
inuidus,0.97641283
pecunia,0.95909476
incumbo,0.9865392
acies,0.9873039
auarus,0.99044573
uaco,0.990806
nocens,0.9761306
cupido,0.98036987
congero,0.9876862
postea,0.9832468
talentum,0.96676815
supremus,0.9900675
conor,0.9938356
unusquisque,0.94460106
censeo,0.9620021
uigilo,0.9887374
ualde,0.97079694
cauo,0.9821634
excedo,0.988394
largior,0.9793378
adipiscor,0.98619986
fenero,0.95469534
duplico,0.9884133
nummus,0.9667764
recuso,0.9925632
lacrima,0.9913603
candidatus,0.9565234
usura,0.95004195
deploro,0.9729192
egenus,0.98616743
nanctus,0.9792717
capto,0.99118197
pretium,0.9646224
merx,0.9862402
pio,0.96428096
simul,0.99403983
conspicio,0.9912809
cohaereo,0.9788015
trabs,0.97343236
quisquam,0.98989916
persecutio,0.8907182
flagro,0.99071527
laudo,0.9878948
lector,0.9843135
materia,0.968495
certamen,0.990183
les,0.8996693
premo,0.99676454
superbus,0.9810035
maius,0.88416755
lilium,0.97533745
edictum,0.9519481
flos,0.989119
memoro,0.9940095
existimo,0.9790512
ministerium,0.9720671
exerceo,0.9912558
aequum,0.9556179
integro,0.9550752
inlaesus,0.9763223
diuersus,0.9937632
inclino,0.97540265
gemino,0.9912734
terreo,0.99448276
mel,0.8999919
saecularis,0.8501217
rumor,0.9850329
miserus,0.9821638
uacillo,0.9621358
paene,0.9936762
insto,0.99508893
contineo,0.98949003
aptus,0.98688006
exposco,0.9851983
praecordia,0.9927503
laqueus,0.9843331
instar,0.982722
sorbeo,0.98341054
aura,0.99573714
gratis,0.96064675
intercedo,0.97563493
uorago,0.9660182
repeto,0.9897504
horresco,0.98330235
titulus,0.96400166
phoenix,0.9808394
oriens,0.9800525
remotus,0.9911663
porta,0.9672835
aestiuus,0.9892126
ortus,0.9890155
axis,0.9929482
illic,0.98848885
diffundo,0.98907053
aperio,0.98243535
tumulus,0.9892605
cresco,0.9923073
cauus,0.99058
hio,0.96284306
celsus,0.9880428
emineo,0.9739522
nemus,0.98989415
consero,0.98341125
lucus,0.9743743
perpetuus,0.9875995
uireo,0.9895788
a,0.98033226
aeger,0.984452
senectus,0.98486173
metus,0.9898578
asper,0.99381393
uesanus,0.96755266
furor,0.9798502
luctus,0.98826057
acerbus,0.99162984
uiolentus,0.9934764
tempestas,0.98697376
horridus,0.991888
rigidus,0.99044347
ros,0.9799923
pruina,0.9869805
tego,0.9967904
tendo,0.9945754
uellus,0.9908627
timidus,0.9885501
umor,0.9818263
aqua,0.9813097
viuus,0.9675969
perspicuus,0.9851322
dulcis,0.99170685
mensis,0.96702063
unda,0.9949569
procerus,0.98051316
stipes,0.9812773
ibidem,0.97697
tribunal,0.9616765
rideo,0.9955154
aemulatio,0.9598044
incolo,0.9866924
unicus,0.9801998
obsequor,0.98742056
satelles,0.9888625
luteus,0.97097456
aurora,0.9783803
rubesco,0.9829049
roseus,0.9864713
sidus,0.99650246
fugo,0.99232185
ter,0.9922035
quater,0.9639835
pius,0.9754211
immergo,0.9749074
e,0.98209107
gurges,0.99255615
libo,0.93275785
consido,0.9840948
uertex,0.99302375
despicio,0.9875095
phoebus,0.9935765
radius,0.9829002
iubar,0.98948383
exorior,0.9941169
ast,0.9906877
tibia,0.9820974
modus,0.98957276
imito,0.98003876
canorus,0.98416984
lyra,0.9787917
postquam,0.9941776
refundo,0.96641994
olympus,0.9924478
perfero,0.9951085
ala,0.9612864
uer,0.9864827
celer,0.9947375
hora,0.98146975
ueneror,0.9934711
antistes,0.98688465
arcanus,0.99041057
reparo,0.98758215
lassus,0.9816662
urgeo,0.9909004
cubile,0.98727655
renascor,0.9782153
studium,0.9921683
dirigo,0.9835419
longaeua,0.97795916
uolatus,0.9896946
auia,0.939533
saltus,0.9789079
aereus,0.97470367
sublimo,0.98288023
gratus,0.9962126
dens,0.986593
animal,0.9887667
lubricus,0.9862685
serpens,0.98643994
rapax,0.97967285
claudo,0.9938507
uiolo,0.9938084
flabra,0.9757963
aer,0.98019505
neu,0.97989154
igitur,0.9888078
excludo,0.9804887
aliqui,0.97904825
insequor,0.98896
pr,0.5753102
obsum,0.9234815
auus,0.9604974
construo,0.98684037
nidus,0.97545993
siue,0.9869679
sepulcrum,0.9746187
creo,0.9860037
hinc,0.9931836
succus,0.9385432
opulentus,0.98592734
arabs,0.9789815
india,0.9756994
carpo,0.99466026
mollis,0.9944677
sinus,0.962197
dehinc,0.98632437
spiro,0.9865843
balsamum,0.98652244
folium,0.9791387
tener,0.99410266
arista,0.98429316
socio,0.9908843
myrrha,0.95786965
pascuum,0.98013824
protinus,0.99059594
membrum,0.9890437
quietus,0.99268717
interea,0.990861
aestuo,0.9870702
calor,0.9878187
concipio,0.9878607
uelut,0.9828429
massa,0.946395
conflo,0.96517736
efficio,0.9896575
orior,0.98901534
uermis,0.97723985
lacteus,0.97601426
color,0.99346375
teres,0.83545583
species,0.9825594
reformo,0.9830547
rumpo,0.9953129
exuuia,0.9793559
agrestis,0.989349
saxum,0.99305296
penna,0.9844472
cibus,0.98959327
concessus,0.9857321
subsum,0.9772046
ambrosius,0.89844215
necto,0.9935093
cecido,0.9798254
alis,0.9859639
donec,0.9806887
maturus,0.9870477
effigies,0.9891572
coepio,0.9903085
floreo,0.98913026
iuuenta,0.9891852
euolo,0.9804244
resto,0.9919323
ungue,0.9765644
pes,0.9722028
contendo,0.9912823
resideo,0.9893163
promo,0.9926814
mirandus,0.98893315
ueho,0.99271333
abundo,0.97363263
croceus,0.9820404
punicus,0.94108397
granum,0.9667927
uestio,0.9886843
humus,0.9885609
decet,0.991807
uelame,0.9854715
fulgeo,0.99038416
perseuero,0.98262465
proelium,0.9751601
tergum,0.9906614
niteo,0.98999465
cauda,0.9790138
fuluus,0.9829702
distinctus,0.97837925
metallum,0.96473426
macula,0.9618397
purpura,0.95852035
rubeo,0.992927
insigne,0.9810592
desuper,0.9727205
pingo,0.99580854
ceu,0.9914082
cornu,0.97212726
cuspis,0.98379695
ingens,0.99124414
lucidus,0.9860914
mico,0.99317455
radio,0.9890054
corona,0.98046243
flauus,0.9804896
unguis,0.9821396
pauo,0.9634899
magnifice,0.95911855
gigno,0.98340034
tardus,0.9913953
incessus,0.98227
piger,0.9906147
uelox,0.99078953
regalis,0.98462284
decore,0.9802996
tabella,0.96384406
recito,0.90088534
aegyptus,0.9689666
miraculum,0.9763932
uisus,0.9916742
rarus,0.99310315
saluto,0.96888906
ouo,0.9905422
sacro,0.98369354
marmor,0.9927537
contraho,0.9554831
coetus,0.9855863
praeda,0.9895694
stipo,0.9857616
prosequor,0.9914904
pus,0.8889544
peruenio,0.98037803
aether,0.99241436
fortunatus,0.9273747
mas,0.98014987
neuter,0.9730501
uenus,0.9940218
foedus,0.98075867
uoluptas,0.9944532
appeto,0.9808629
heres,0.92523324
nutrix,0.9842326
alumnus,0.97969425
nonnullus,0.9939511
sapio,0.9884014
bacchor,0.9709746
promptus,0.98435456
oraculum,0.979515
multiformis,0.9785335
affectus,0.9839139
humanus,0.9838601
ualidissimus,0.9750342
hostilis,0.9929167
condignus,0.9666694
extermino,0.97011113
exame,0.97301185
maeror,0.9851823
opinio,0.97696686
summoueo,0.97842973
contentio,0.95025176
obscuro,0.9718118
contego,0.9902085
contemplatio,0.9029471
consequor,0.98245895
copulo,0.9890873
profiteor,0.97910315
religio,0.9912214
familiaris,0.981416
placidus,0.9959146
oratio,0.9424133
perquiro,0.98158574
quisnam,0.9935697
incognitus,0.9849774
principaliter,0.91638136
instituo,0.9637711
appello,0.9941108
contrarius,0.99008244
qualitas,0.96706384
elementum,0.9837915
consensus,0.95375407
machina,0.977039
mola,0.98702824
qua,0.9815656
includo,0.99303377
relaxo,0.98441494
dissoluo,0.98283064
uertigo,0.97496605
motus,0.99053943
moderame,0.9904398
tarde,0.9894345
repo,0.9518666
rapto,0.97509646
occiduus,0.9803418
attollo,0.989137
animo,0.98591256
exardeo,0.9642949
habitus,0.98945946
temperamentum,0.971167
desino,0.9929826
nouellus,0.983402
restitutio,0.9242546
traduco,0.97091496
tepor,0.98051274
bruma,0.98168606
aestas,0.99054146
flame,0.9913852
coarto,0.9745766
nubilum,0.9922718
imber,0.99142367
succedo,0.98789513
commendo,0.9916246
tellus,0.9893148
accipio,0.9918508
sapor,0.98548865
frux,0.99428296
liquor,0.9880975
olea,0.9675778
baculum,0.9785963
taeter,0.9924722
exprimo,0.9843562
subministro,0.9888822
suesco,0.985904
dego,0.98842716
fetus,0.9923532
uter,0.9852513
custodio,0.9653456
ora,0.98058265
spargo,0.9932942
matrimonium,0.97492695
nuptiae,0.98255527
sollemnis,0.9780582
dulcissimus,0.961621
procreo,0.9722468
liber,0.9790819
stirpes,0.9848336
negotium,0.964165
studiosus,0.9860356
regno,0.9810314
potestas,0.95381147
disceptatio,0.96660495
praesum,0.9856827
interpretor,0.98626643
nonnes,0.96451205
succingo,0.98062825
patrius,0.99197775
celebro,0.98462224
institutio,0.8597296
tenor,0.962952
dissocio,0.9616934
inueho,0.9890047
labo,0.98355085
patefacio,0.9884416
pestilentia,0.9694319
siccitas,0.9611993
locusta,0.96125555
mus,0.9588313
grando,0.97692215
noxia,0.98071516
defensio,0.9421892
replico,0.9879761
repentinus,0.98498595
inrumpo,0.97870344
excogito,0.9849205
antiquitas,0.9698364
significo,0.9890369
explico,0.9920126
adsumo,0.9747925
recens,0.9804305
experior,0.97748756
factito,0.9611536
penuria,0.9744851
angustia,0.8569539
pudet,0.9717574
pigeo,0.9870411
pronuntio,0.98550516
expers,0.9782361
immunis,0.9692788
abeo,0.9844644
difficilis,0.9907055
testimonium,0.9637761
auctus,0.98199415
uastitas,0.9673648
casus,0.9717611
accido,0.99040484
littera,0.9792401
compositum,0.92996746
saxeus,0.97275674
regio,0.9814856
sata,0.89140916
sterilitas,0.97564477
flumen,0.9858223
limus,0.96455705
sicco,0.9803205
contagium,0.97480035
annalis,0.94829166
percurro,0.98845595
diuersitas,0.9825412
uiduo,0.9846879
quotiens,0.98563933
aetas,0.9876908
paupertas,0.9740419
nuto,0.98857427
hiatus,0.99090075
intercipio,0.9826436
superior,0.9878826
huiusmodi,0.94931746
amplissimus,0.9598125
marinus,0.96625745
fluctus,0.9926997
plerusque,0.9859032
admisceo,0.9238541
pernicies,0.9821151
anguis,0.9913366
obiecto,0.97150934
consuesco,0.99317163
frequens,0.98363626
germani,0.9218613
scythicus,0.9889111
uenia,0.9912963
calumnia,0.9713238
decem,0.9826482
insula,0.9833756
perhibeo,0.93342984
neptunus,0.97865146
plato,0.9781337
innumerus,0.99146014
funditus,0.9707283
deleo,0.96503305
natio,0.9674933
ductor,0.98789656
magicus,0.98911875
chaldaeus,0.9764114
helena,0.9573233
dium,0.9549674
raptum,0.9784421
immanis,0.9877234
immitto,0.9862665
gressus,0.987939
macedonia,0.95840836
adolesco,0.98295194
captiuitas,0.9696655
subiugo,0.9735099
excito,0.9908487
romanus,0.9881555
submergo,0.97126156
uidelicet,0.9666486
minae,0.98394483
gaius,0.9135601
quemadmodum,0.9771005
quamquam,0.99026465
difficile,0.96052593
comprobo,0.9822606
augo,0.964392
maior,0.9889101
imminuo,0.95655984
magisterium,0.96941423
perpetior,0.98572314
inrogo,0.9734152
potior,0.98875356
conscientia,0.97600865
beneficium,0.9759205
commodo,0.92207956
paullisper,0.98529935
fastus,0.98910236
supercilium,0.9885818
tumidus,0.9918393
misero,0.9830256
argumentum,0.9847842
profluo,0.96551347
materies,0.9810444
quattuor,0.9894433
digero,0.99348134
inuoluo,0.98667294
linea,0.9695405
pario,0.98788
adfero,0.9708673
discrimen,0.98591524
item,0.9788645
miror,0.98730725
lucius,0.95725363
repens,0.99264795
uicissitudo,0.98386335
maritimus,0.974565
refluo,0.9836478
faex,0.96366745
calco,0.99078584
ingressus,0.9637537
halitus,0.97156703
infirmo,0.9189199
commoditas,0.9550792
statuo,0.98163813
improbus,0.9905487
euentum,0.97255266
sublimis,0.9908859
apex,0.9924318
philosophus,0.97087145
colume,0.9806503
commentarius,0.93275416
interitus,0.97296417
iuuentus,0.985991
pluit,0.89906436
frumentum,0.9793867
postulo,0.98452884
molliter,0.9841559
obsequium,0.98057985
pactum,0.91352326
nauigatio,0.98094785
conqueror,0.9723547
conquiesco,0.97118294
perniciosus,0.9780634
tranquillitas,0.9512309
uector,0.96599483
impedio,0.9840809
adquiro,0.94673026
consimilis,0.9863097
iucunditas,0.95129263
ablatus,0.9806521
dicendus,0.97656816
rutilo,0.99007064
potio,0.9594869
praeparo,0.9828205
parum,0.9782678
successus,0.9850554
foueo,0.9968588
continuo,0.9867431
sibimed,0.9672564
forsitan,0.9763781
nimius,0.9942016
decoquo,0.90727675
dispendium,0.9806946
origo,0.98069656
asperum,0.97627133
constringo,0.99180984
feruor,0.9911567
hiemps,0.97976154
sustineo,0.98818016
nequeo,0.9936758
ordino,0.9822948
uenenum,0.99145854
insidio,0.97731435
effero,0.9924707
belua,0.98828125
uitupero,0.98407626
irrumpo,0.98730516
iustior,0.97367376
praeiudico,0.9406607
morsus,0.9936676
possessio,0.90545535
potentior,0.9632199
constitutio,0.8898274
genitus,0.9771289
arbitror,0.9830774
pertineo,0.97027326
census,0.96374685
superus,0.983122
trecenti,0.9851072
fermis,0.95126784
plus,0.98965526
continuus,0.99067366
uilitas,0.98034185
abundantia,0.93372595
iugo,0.95812416
calamitas,0.9783222
respiro,0.9833673
feria,0.7416751
multiplex,0.9753597
innumerabilis,0.9793746
reporto,0.9871112
redigo,0.98753643
prouentus,0.9754
commercium,0.98233354
queo,0.99394214
duro,0.97405654
usus,0.9703902
uilis,0.994965
suffragium,0.9683852
administro,0.9579309
corrigo,0.9867768
immemor,0.98916113
irascor,0.9881304
uicis,0.9927168
restituo,0.9768863
alamannus,0.9781095
persa,0.990059
deuinco,0.98135495
habito,0.9040605
asia,0.9797401
syria,0.94471097
hispania,0.9592588
gallia,0.9839333
maurus,0.97912455
plurimus,0.99223226
offendo,0.98141396
lasciuus,0.9912236
male,0.99126965
bene,0.98522615
obsto,0.98960346
laeuus,0.9934086
augurium,0.9678558
aduerto,0.9935494
omen,0.9856937
adseuero,0.9651666
adfectus,0.98316747
turpis,0.9908974
indecorus,0.96887565
ultio,0.9688822
leuitas,0.9825468
firmitas,0.97698903
consisto,0.9865109
emico,0.9869293
anhelus,0.9857191
spuma,0.9771499
exploro,0.99049413
immortalis,0.9535175
diuinitas,0.9719226
necesse,0.9822063
passio,0.9075182
sino,0.9920204
consentaneus,0.9735533
aegritudo,0.9793048
ue,0.96772534
feruidus,0.98970824
dimoueo,0.9832048
aequitas,0.9582979
modicus,0.93733954
prorsus,0.9840214
laedo,0.9961436
odi,0.96873796
intestinus,0.97454536
concito,0.9937941
patrocinium,0.9770417
adsertio,0.9506021
idoneus,0.9624118
contumelia,0.9811993
exero,0.97964895
consumo,0.9856864
penitus,0.9763099
consilium,0.9862455
adgredior,0.99096215
ualetudo,0.9744624
rus,0.99183476
abigo,0.98768854
numerosus,0.98884726
multiplico,0.97339845
infaustus,0.9891527
oliua,0.9840147
uinetum,0.97663146
palmes,0.9867725
lusus,0.9717331
extremus,0.98924
amarus,0.9909761
fluentum,0.9832827
potus,0.9658154
labrum,0.9902674
perfidia,0.97298586
multum,0.9875864
redundo,0.98098123
cognitio,0.9310765
auctoritas,0.9719351
indignor,0.9853595
insidiosus,0.973713
etenim,0.9722091
sacrilegium,0.98572206
transcendo,0.9852704
humilitas,0.9570222
decido,0.9728288
fastigium,0.98787796
puerilis,0.9837945
exilis,0.96750337
fabula,0.98711884
concinno,0.9813075
excutio,0.9944289
clamito,0.97201645
situs,0.98345304
ingigno,0.96901554
furiosus,0.906393
erubesco,0.9710386
sanus,0.9828036
sitio,0.95800734
molestus,0.98022807
officium,0.9743992
discepto,0.9668244
supeor,0.9649186
particeps,0.9578669
temerarius,0.9865022
desperatio,0.9493855
tempto,0.99296194
summitas,0.965906
uenerabilis,0.98693335
fessus,0.9954071
suspicor,0.99137425
impietas,0.9762413
caerimonia,0.97309136
audax,0.989844
aculeus,0.9283093
indignatio,0.92001534
incedo,0.98819476
sedes,0.98880637
capitalis,0.9684469
quamuis,0.9880097
iuppiter,0.9924834
nomino,0.9890417
computo,0.9847534
praepono,0.9869609
apollo,0.97885156
clarior,0.97634584
habendus,0.9825092
cotidianus,0.9809452
supplico,0.96741843
intimus,0.9871613
sonus,0.98701
quantum,0.994176
paueo,0.98831713
mentio,0.94636184
discipulus,0.9640895
inuideo,0.99388474
polliceor,0.9801949
definitio,0.9447707
ni,0.98888206
emendatio,0.9374764
actio,0.8459646
terminus,0.9603931
conlatus,0.94755554
honesto,0.9842581
auditus,0.9681402
deposco,0.97616
pronus,0.9942585
adpetitus,0.9713476
uitium,0.98955786
cogitatio,0.9712856
labes,0.9619388
interpres,0.9737789
langueo,0.9886708
reprehensio,0.95655966
faunus,0.9727272
genius,0.98691994
pauor,0.99277735
reuereor,0.98172355
hebes,0.9694549
stolidus,0.98561984
fatus,0.9556049
nutus,0.98878723
arbitrium,0.97563887
constituo,0.9769891
promulgo,0.9692776
adficio,0.98072374
scortum,0.9755486
prostituo,0.9766315
tumor,0.9862981
liuor,0.9897902
afficio,0.9875778
sanctitas,0.9069606
substantia,0.956627
numerus,0.98828256
recognosco,0.96704596
antecedo,0.97562397
prosilio,0.9932071
nonne,0.97512
utilitas,0.9606248
paciscor,0.9685759
domi,0.97795016
ro,0.95308757
natiuus,0.9768334
uicinus,0.9898967
infinitus,0.98230577
utinam,0.9749931
contio,0.9260305
audientia,0.96125245
conloco,0.9813651
conuicium,0.9925209
prae,0.9725534
effluo,0.9772216
fulcio,0.9701637
munificentia,0.9743639
uxor,0.97891104
eicio,0.96399784
abdico,0.9670571
olim,0.9934
relego,0.9773691
emendo,0.9830669
subieco,0.9726413
contrecto,0.9557324
considero,0.9860259
stupor,0.9681767
incrementum,0.9693395
opifex,0.98333794
genitor,0.99364007
subeo,0.99466413
spiritus,0.959446
m,0.9737055
mercurius,0.9835563
priusquam,0.9791213
pluo,0.89160424
insero,0.98914886
comprehensus,0.96596617
corporalis,0.942523
determino,0.97423285
quantitas,0.9055163
da,0.98903716
famulus,0.9900177
benignitas,0.9650905
ignosco,0.98963976
mirus,0.99128956
admiratio,0.9727423
insania,0.9769391
ambigo,0.95849305
dubito,0.967697
fortuitus,0.9714255
contradico,0.9617225
sermo,0.968909
consentio,0.98017824
plebeius,0.973075
nitor,0.99378026
periculosus,0.98283035
discrepo,0.98501444
utrumne,0.94920117
assero,0.95894986
existo,0.9664561
uocabulum,0.9920538
notio,0.87610775
adfigo,0.9765303
imprimo,0.98955214
facilitas,0.9694235
sonitus,0.987323
articulus,0.94789207
magistra,0.9783416
simplicitas,0.97897875
frustra,0.9806454
incesso,0.95802003
adpeto,0.9840727
capitolium,0.948982
dissimilis,0.9842105
pungo,0.9883046
nuper,0.98706734
uterus,0.9763597
consummo,0.97665334
inruo,0.9694901
natalis,0.9613378
uagitus,0.9828763
interpretatio,0.9372726
disto,0.9886266
infestus,0.9922781
supersum,0.9887208
supplicatio,0.9704875
iucundus,0.9835198
amicus,0.9906965
ianus,0.951569
saturnia,0.96445316
saturnus,0.9829611
laudabilis,0.9770744
caelitus,0.98205554
avaritia,0.93851924
sordeo,0.9813024
tantummodo,0.9128525
contemptus,0.9838382
natus,0.9712583
perperam,0.9448731
notitia,0.97379065
penis,0.9787301
suauitas,0.985339
antiquissimus,0.9800949
liquidus,0.9900208
secundo,0.96982324
interdum,0.9875276
ceres,0.97938013
herba,0.9866917
minerua,0.97334045
fur,0.9731078
supero,0.99205697
diuus,0.9550358
fornax,0.95622
elephantus,0.9737632
pictura,0.983372
adulor,0.9782521
alioqui,0.9658257
amplior,0.96336114
uinculum,0.9927611
digredior,0.9926804
inlatus,0.9591458
pythagoras,0.96815884
concremo,0.9804033
crudelitas,0.9854322
effundo,0.9829556
socrates,0.9771539
expuldo,0.9787387
polleo,0.9856485
iudicatum,0.92801225
interimo,0.98955595
turpitudo,0.9678273
notus,0.9805917
custos,0.9881924
sanitas,0.96173227
seco,0.9908654
tus,0.96730804
funestus,0.98527986
abscido,0.97151345
spolio,0.9908246
adytum,0.9744791
galli,0.9659788
romulus,0.9828994
senator,0.9597069
quirinus,0.9820068
martius,0.9862715
honoro,0.97622657
ascendo,0.96547943
cruciatus,0.9818369
etiamsi,0.97074205
liberalis,0.9792137
dubitatio,0.8739642
ambiguus,0.9907997
nuncupo,0.9899261
percitus,0.96707296
respondeo,0.97218287
interior,0.95867074
potentia,0.9745476
infidus,0.9744971
insanus,0.9889691
cognomentum,0.9437035
sectator,0.94889575
dissentio,0.9738978
falsitas,0.95728534
antiquo,0.95236504
magus,0.99092484
perficio,0.98908365
aegyptius,0.9844095
monstro,0.99372447
gramen,0.9937073
sucus,0.98021275
obseruatio,0.97723573
sacrum,0.9809629
spondeo,0.9544076
studeo,0.99195564
ordinatio,0.9454736
tabes,0.97285455
clauis,0.97729164
resero,0.9887258
silentium,0.9837517
uincio,0.994269
curriculum,0.9787295
ritus,0.9870675
noxius,0.98973066
salutare,0.89903843
popularis,0.9699454
praesentio,0.97478837
conterreo,0.9777416
cedo,0.9904207
iussio,0.96842504
obtempero,0.98368955
concordia,0.9813652
tactus,0.98019695
cohibeo,0.99018824
fluor,0.9690807
penetrabilis,0.9670539
turgeo,0.98587334
claudus,0.97326815
curro,0.9935851
mobilitas,0.96929085
ample,0.98471975
furibundus,0.97182953
procella,0.9935948
turbo,0.99342954
sido,0.9122491
pons,0.993415
stupeo,0.99203897
quinque,0.98186487
saturo,0.94975865
seni,0.9741119
reliquia,0.9496937
interim,0.97124755
honestus,0.9779755
spectaculum,0.98651963
uiso,0.98636115
intersum,0.96965295
conuiuium,0.9922911
absque,0.9547304
delibo,0.96887016
abhorreo,0.9527521
stoicus,0.98505634
efflo,0.97081935
prodeo,0.9880483
agger,0.99197173
condio,0.9777651
tertius,0.9893136
expedio,0.9899872
uoluo,0.9904617
obscurus,0.9911561
dissono,0.9800287
eloquium,0.96748614
reuelo,0.9633468
detego,0.9845272
castigo,0.98336166
iustissimus,0.9798161
summatim,0.98052526
expono,0.9925493
magnitudo,0.97644496
perspicio,0.973577
ostentatio,0.9652052
exsupero,0.9814598
liqueo,0.9742363
mutus,0.9655236
neruus,0.9915131
amissio,0.96250206
grammaticus,0.98278975
medicina,0.9863402
exigo,0.98917866
auxilior,0.97716737
debilis,0.99140716
admoueo,0.9947117
debilito,0.9847242
ambulo,0.97266436
q,0.97762656
periclitor,0.98566973
superpono,0.9809413
inquieto,0.9595623
attendo,0.9808929
confido,0.9691696
scientia,0.9549142
coniectura,0.9397254
aestimatio,0.9154729
amoueo,0.9776372
extrinsecus,0.9655502
melior,0.9881984
externus,0.9902935
limen,0.99079823
osculum,0.9925704
pietas,0.9903661
tero,0.925564
professio,0.95845425
transmitto,0.9753653
fortasse,0.9801219
delubrum,0.98407227
aequaliter,0.95217717
repello,0.99015456
electio,0.9131379
porro,0.9378679
adsero,0.97214514
expello,0.9859557
sublimior,0.96834826
adiectio,0.97017246
admiror,0.9904203
piscator,0.96505934
constantia,0.9762335
detergeo,0.9763958
haud,0.99242145
concilio,0.9556203
secta,0.97636235
competo,0.9405349
mora,0.9830984
pastus,0.9835018
contumacia,0.95418656
cicatrix,0.98799187
circumscribo,0.97900754
remeo,0.98971987
exequia,0.9780613
capitolinus,0.94545937
pontifex,0.9536049
curuo,0.97333103
comprimo,0.99205035
stercus,0.97092897
proficiscor,0.98874986
participo,0.9819499
supra,0.98738766
detineo,0.9782065
expugno,0.9780638
igneus,0.98970914
zona,0.94828254
gestus,0.97486836
nepos,0.9615995
cyrus,0.9710283
arduus,0.99457973
carmen,0.9953624
praecipuus,0.9903097
constitutum,0.95732754
pretiosus,0.9846251
carior,0.9741436
delitesco,0.9830295
lasciuio,0.97990453
circumfero,0.98444474
exterreo,0.9816917
globus,0.9830769
conspicor,0.97051287
testis,0.975458
certissimus,0.9572487
posterus,0.98273474
praefor,0.9739226
iniquitas,0.883914
obicio,0.9869218
retorqueo,0.9792082
mendax,0.96405625
brutus,0.88265765
firmo,0.989841
completus,0.9573656
coeo,0.99242353
nudus,0.980479
angustus,0.99074143
ambitiosus,0.9664657
dilato,0.9811919
termino,0.9438056
adpositus,0.9559193
indo,0.9810566
conscribo,0.9847455
occultus,0.98091257
pala,0.9833586
irrideo,0.9721006
deputo,0.9722273
compingo,0.9700036
consigno,0.94270486
antiquior,0.968959
plenissimus,0.96260905
uicina,0.9932251
obscuritas,0.9755238
indoctus,0.9733919
rudis,0.9881954
facilis,0.99322283
amplio,0.97127867
obstruo,0.9848061
praefero,0.99001074
sordidus,0.9805081
longior,0.9814117
ornamentum,0.9862271
queror,0.99101543
adiuvo,0.9543054
polluo,0.9860496
sane,0.97904146
abicio,0.97578347
spina,0.9692617
intellectus,0.8937919
utrumnis,0.9521773
hirsutus,0.9738511
asperitas,0.96853673
inflecto,0.9906056
acuo,0.9911939
coniunctio,0.9661337
regula,0.9754807
forum,0.98956305
sapientia,0.96650046
dure,0.9695834
infundo,0.9496294
specto,0.9946892
uitiosus,0.983905
quaenus,0.9791505
paries,0.9803475
sella,0.9645918
sexus,0.98354435
masculinus,0.95694065
discerno,0.98388493
doctissimus,0.9786495
n,0.9681889
initium,0.96162057
foeditas,0.9692343
admirabilis,0.97190046
fretum,0.9883753
iugulum,0.9786768
femineus,0.9898914
discretio,0.9548111
depromo,0.9645864
deformis,0.9874393
nisus,0.985363
arx,0.9890188
concilium,0.9717325
tegme,0.9943342
inicio,0.9774986
similitudo,0.9143921
faciendus,0.97185004
dispositio,0.9401163
oporteo,0.9567704
conquiro,0.9717288
occasus,0.9883925
dilabor,0.9842118
incredibilis,0.97747326
sibylla,0.9588007
caesum,0.98743606
baca,0.9185494
humanitas,0.9630524
succumbo,0.9851227
agendus,0.9740396
attingo,0.98877376
digno,0.9859835
abdo,0.98405176
recessus,0.9915338
thesaurus,0.9742066
praeiudicium,0.9451504
integritas,0.9751805
difficultas,0.97080076
conligo,0.971565
duritia,0.9609055
extraho,0.96880364
letum,0.9890547
destino,0.989745
lenitas,0.97740626
inmanis,0.9769786
durissimus,0.97276515
insinuo,0.98897505
superbia,0.9530817
telum,0.9974475
lenis,0.9864684
accessus,0.9768873
miseror,0.9883616
subigo,0.9888879
hortor,0.9943817
postpono,0.98012376
populor,0.98401105
nobilitas,0.9695161
eripio,0.9906082
mordax,0.9896823
scriptor,0.9763284
persuadeo,0.9901433
rectus,0.96478903
stimulus,0.9873575
animaduersio,0.9782895
clemens,0.9276836
amplector,0.988781
certatim,0.9905932
accurro,0.984786
blanditia,0.9841128
committo,0.99063504
haurio,0.98603487
eluceo,0.96259445
nuntio,0.98186094
faustus,0.98393947
praeconium,0.9765489
fastidium,0.98776203
promitto,0.9845487
uoluto,0.9824964
feritas,0.98491055
carnifex,0.98948133
po,0.9600384
promissio,0.9002005
interficio,0.9763001
tuto,0.96981215
d,0.69740736
regia,0.9776195
uindico,0.9884077
legio,0.96781874
paco,0.98035127
exordium,0.9705107
flagrans,0.98989826
mancipium,0.95522714
cupiditas,0.97262096
pudicitia,0.9859531
frango,0.99426425
furtim,0.9826761
passim,0.98516196
ausculto,0.970338
aspernor,0.987737
incutio,0.98889494
secessus,0.9745877
inedium,0.9735384
accedo,0.98455775
ianua,0.9844758
mars,0.9756688
cunctor,0.99050856
naturaliter,0.9509084
subleuo,0.9750637
dio,0.87115
perstringo,0.9846458
graeci,0.98579633
emergo,0.97936445
illumino,0.9615418
squaleo,0.99232006
principalis,0.93302023
securis,0.99184203
trunco,0.97825503
caedo,0.9951867
uerum,0.9828657
commemoro,0.98417664
immineo,0.9884727
incertus,0.9911815
fletus,0.9860848
miseratio,0.92298114
liberi,0.9482142
iulia,0.7703588
seuerus,0.8065777
risus,0.989194
serus,0.98688346
mansuetudo,0.91016555
incursus,0.96668917
amicitia,0.9888217
conspiro,0.9828156
merus,0.94960093
profundum,0.9821184
nugae,0.96577966
acume,0.99260914
diuinatio,0.93926877
iudicatus,0.92155254
creditor,0.9455622
declino,0.9750501
fornix,0.9777683
dictio,0.9572881
oppono,0.9786629
distinguo,0.9680263
plerumque,0.9859613
pertinax,0.9665859
inflo,0.9868783
merso,0.9878992
anceps,0.9906415
mobilis,0.9100864
somnus,0.98935777
portio,0.9378713
miserabilis,0.98428315
tingo,0.9883267
praeeo,0.9779992
actor,0.909184
nauigo,0.9852072
perago,0.9925121
negotiatio,0.93090737
suffundo,0.8775478
oppleo,0.97981364
uo,0.96419525
consors,0.99153554
meta,0.98398596
mitigo,0.9879744
successio,0.8946373
propitio,0.96216255
incorporalis,0.96199703
quintus,0.98631364
aristoteles,0.97177243
chrysippus,0.9657119
zeno,0.8270875
indiuiduus,0.9369841
epicurus,0.96726215
autumo,0.97616833
honestas,0.9782611
reseruo,0.9863839
unguentum,0.9736181
pallidus,0.98774064
trepidus,0.993839
misericordia,0.9335754
instructus,0.9783444
nempe,0.98609555
conuello,0.98338664
quominus,0.9444117
adquiesco,0.97902155
potentissimus,0.9609666
exhibeo,0.98058766
quiuis,0.9912193
adduco,0.97462374
fideliter,0.9403409
annosus,0.9757345
quomodo,0.9774907
compositio,0.93138343
fluo,0.99532026
eloquentia,0.96746683
conuentus,0.95885915
imprudens,0.97933155
concurro,0.990986
enumero,0.97617877
arabia,0.9713457
achaia,0.94323397
orio,0.9316645
lustro,0.989012
currus,0.95857877
quadriga,0.980399
petrus,0.95398647
euanesco,0.96693957
metuo,0.9950078
defessus,0.98366964
caligo,0.9884346
philosophia,0.9647727
dissipo,0.9805583
unitas,0.94731647
potissimum,0.97878
potis,0.97467285
cardo,0.9863135
uergo,0.9813813
gremium,0.9923351
senex,0.991083
canus,0.98735714
coipio,0.97636557
infantia,0.96437037
obstaculum,0.9536999
deicio,0.9841062
exuro,0.9856801
prudentia,0.97617877
perpendo,0.9774949
soliditas,0.95698726
iacio,0.9910324
torreo,0.96135366
nihilum,0.73866767
exitium,0.9852391
libero,0.9511559
indulgentia,0.9560781
residuus,0.9608232
perfectus,0.9505502
prolo,0.96508706
vinco,0.9765763
defluo,0.9823015
uarietas,0.9902915
mundanus,0.9619985
circulus,0.98034894
iracundia,0.95286095
ferueo,0.9783779
flagitium,0.9838598
publica,0.977746
uenalis,0.9862195
coniungo,0.99204326
adscisco,0.9803287
rimor,0.98492473
distantia,0.93970287
naris,0.9886854
commeatus,0.9515318
creber,0.99146324
alueus,0.9893471
sustento,0.9822017
superfluo,0.95755064
inferior,0.98848975
uictus,0.98466396
sollicitudo,0.97871
discutio,0.9854893
ulciscor,0.98444414
secretior,0.9687045
manifesto,0.9604694
interuallum,0.99398535
siquidem,0.9748056
agito,0.98912525
rationalis,0.95259863
prauitas,0.9682318
ignorantia,0.9402183
domicilium,0.9403691
flagrantia,0.9719347
prouidentia,0.98548484
mansio,0.9770668
rupes,0.99094415
communio,0.93554443
quin,0.98720247
moenia,0.9923537
rostrum,0.9798918
imitor,0.9879451
meditatio,0.91886777
artifex,0.9817888
nauis,0.9907471
penetralis,0.9884043
processus,0.9336909
paulatim,0.9875005
indigeo,0.97866625
adsiduo,0.9769603
exitus,0.98502386
magnificus,0.97166336
l,0.9764353
aequalis,0.9620732
formula,0.9526774
differentia,0.9636991
continentia,0.92779356
metior,0.97568333
eruditus,0.9481687
dialecticus,0.9719416
orator,0.9823024
poeta,0.9818397
ceterum,0.9655577
erudio,0.97630847
aduolo,0.9713591
huc,0.9894361
doco,0.96531045
plaga,0.96684325
dissideo,0.9758705
est,0.68806726
effodio,0.9867756
ualidus,0.9958216
incido,0.9866289
bestia,0.98163
concrepo,0.96626973
interpono,0.95529914
mentior,0.99307966
introitus,0.9385308
recludo,0.9772866
deinceps,0.9713723
hospitium,0.9914855
progenies,0.98518384
alimonia,0.97625405
diduco,0.97723716
mamma,0.9747476
quies,0.9920751
linquo,0.99543464
coepi,0.97315216
eiusmodi,0.9638983
consecro,0.9857906
far,0.967692
ramus,0.99031115
sedo,0.9837067
sitis,0.9799248
intactus,0.97654957
consuetudo,0.9703357
leuiter,0.9838299
solitudo,0.955067
operio,0.9761397
quadraginta,0.9697205
nebula,0.9792975
nix,0.9726503
aries,0.9679283
esurio,0.91662014
uua,0.9484426
ficus,0.9598306
aemilius,0.91290426
urbanus,0.9737338
quique,0.9772279
rota,0.9809431
uomo,0.98102295
acus,0.9034251
scyphus,0.9720262
cithara,0.9663937
aes,0.90442234
instrumentum,0.93193907
bos,0.9724495
asinus,0.9726717
porcus,0.9764356
respecto,0.9708583
antiquitus,0.9480841
arbitratus,0.9152488
gnarus,0.96808034
quartus,0.9774978
praeditus,0.98667
demoror,0.965107
schola,0.9398548
imperitia,0.95916474
asellus,0.98197156
adsiduitas,0.96052194
aro,0.9719852
onus,0.9683769
columba,0.9500406
dominicus,0.93943673
aduento,0.9798069
multo,0.9756359
oppositus,0.97267956
consuetus,0.9795997
ingruo,0.9776945
interuenio,0.9741622
denuntio,0.980648
conseruo,0.98353076
tiberius,0.93353164
introeo,0.97541976
praerogatiua,0.96301293
instruo,0.97924733
plenior,0.98501587
prope,0.9770378
detraho,0.9867442
sopio,0.9768113
memini,0.98623353
or,0.9522623
indicium,0.9841442
classicus,0.9825226
lo,0.9681912
claritas,0.9311919
comminor,0.9470042
accusator,0.9738718
indoles,0.9851327
infamia,0.95525193
exaudio,0.9564122
obnoxius,0.9761575
intrepidus,0.989409
supernus,0.9777208
formido,0.99293745
horror,0.9903395
inferus,0.98748916
palus,0.98782885
uolubilis,0.97484934
contiguus,0.9830209
ambio,0.9872559
caenum,0.9818632
permaneo,0.97377217
libertas,0.9284047
declaro,0.98807526
praetermitto,0.98896575
roma,0.98513997
gladius,0.9745839
marceo,0.9810451
expeto,0.9833685
communiter,0.95798063
depereo,0.97671306
indulgeo,0.9888813
medietas,0.96756434
degenero,0.96377593
meditor,0.9897773
s,0.98160213
mancipo,0.98542774
damnatio,0.89392924
ictus,0.9930047
remedium,0.9809797
uendo,0.9793581
planus,0.99084157
rapidus,0.99365574
munimentum,0.9554131
diligentia,0.97942233
commodum,0.95015574
exto,0.95806855
conatus,0.9646591
nodus,0.98816913
exspecto,0.9899894
grandis,0.9779711
impossibilis,0.9634434
possibilis,0.92030644
diuisio,0.9803077
limes,0.9895213
posterior,0.97347546
domitianus,0.93127966
coepo,0.969585
reprimo,0.9844167
subrogo,0.95343655
antea,0.98223174
desum,0.9895195
beatitudo,0.937071
imperfectus,0.9650724
uniuersitas,0.9636244
cursus,0.9933709
capiendus,0.9684113
peritus,0.97959125
equester,0.97656876
pedester,0.97664595
immobilis,0.93743443
histrio,0.93514585
calamus,0.98357046
cursor,0.95662165
proinde,0.9699065
uerecundia,0.98293275
dissero,0.9850253
exinde,0.9742719
fullo,0.90654
leno,0.97180617
iungo,0.9956393
temeritas,0.9753937
inimicitia,0.9753107
euerto,0.9921521
seruitus,0.9754298
alte,0.9847419
inmemor,0.96008545
adloquor,0.98440653
certo,0.9903968
uelamentum,0.964146
conficio,0.9923381
t,0.9792533
commoror,0.9811134
ardesco,0.9598768
dudum,0.987833
protector,0.9095515
marcus,0.93189085
impetro,0.98634017
contestor,0.93615353
grauitas,0.98233294
gemmo,0.9901668
lapillus,0.98416495
margarita,0.9697319
castitas,0.9816929
innecto,0.98701113
masculus,0.9755125
infesto,0.9735814
meatus,0.99129903
suppono,0.96961653
effringo,0.97236764
sollicito,0.9922899
palo,0.9834839
r,0.947152
obscenus,0.98244184
cieo,0.9914873
publico,0.96350783
perpetro,0.9832457
nefas,0.9948739
maleficium,0.9515618
insidiae,0.97313255
dolum,0.8756888
auaritia,0.99018544
regius,0.99255276
sublimitas,0.91241467
degener,0.98531425
su,0.96660656
adiicio,0.9738388
optineo,0.98255044
trux,0.99116147
ua,0.76808333
demens,0.98534906
curiositas,0.96449256
explorator,0.96978676
uespasianus,0.9643694
status,0.97450435
patricius,0.9826368
familia,0.93858635
adrogans,0.96004146
cupidus,0.9877728
lapsus,0.9756552
claudico,0.95210004
libro,0.9484296
uiginti,0.980997
optimus,0.9848358
aemulus,0.98908913
capo,0.9660944
collis,0.9883283
mitior,0.9747012
gutta,0.9781355
comparatio,0.95111793
molior,0.9921911
persto,0.9785746
luctor,0.9796736
religiosus,0.98750144
paternus,0.97946924
institutum,0.87781084
ultor,0.9834965
tenebrosus,0.9750898
reor,0.98973036
h,0.94874454
reprehendo,0.98183423
conicio,0.9852805
ambitio,0.9803045
subscribo,0.96167934
sagino,0.97970927
submoueo,0.9769376
mulus,0.9752597
rana,0.95388097
qu,0.9745965
aerius,0.9828115
transfero,0.9897409
centenarius,0.94168866
centenus,0.9861105
lanx,0.9502474
interrogatio,0.9553037
citra,0.9438055
reicio,0.97891754
reclamo,0.96740854
ostento,0.98798597
exquiro,0.9730428
impatiens,0.98741674
theatrum,0.98955977
vico,0.9026189
adnuo,0.9643607
aufero,0.98478675
hiems,0.9877961
frigo,0.9462459
ludus,0.9895254
laetitia,0.9682759
contingo,0.9943257
controuersia,0.97640055
adiungo,0.9917939
munio,0.9837949
uerisimilis,0.9492746
euidens,0.97751427
trinus,0.9842607
confirmo,0.9874979
subripio,0.9470942
probabiliter,0.8923428
etsi,0.97153115
accepto,0.97609335
coniecto,0.97815096
propello,0.97647536
modestia,0.961211
digitus,0.9858376
sponsus,0.96321166
anulus,0.9848112
cella,0.9858221
quonam,0.9887315
solidus,0.9346167
nito,0.9812474
exsurgo,0.9824542
stella,0.9818003
apertus,0.9766534
re,0.9621955
calidus,0.9802309
frigidus,0.9744598
concretus,0.9836366
solido,0.97887367
uena,0.99422574
utiliter,0.9501874
informo,0.97294295
bubo,0.9262071
ales,0.9667077
formica,0.9726959
sescenti,0.97485983
repudium,0.97237104
sentis,0.9736415
frutex,0.96385306
adoleo,0.90840346
triticum,0.9725937
hordeum,0.9782386
expeditus,0.9806596
figuro,0.9804642
dulcia,0.9899526
explano,0.9694836
amplus,0.988098
latitudo,0.9571853
fulgor,0.98831034
compendium,0.9793222
detrimentum,0.9490144
aboleo,0.97558904
exsoluo,0.95736784
tractus,0.9730929
impertio,0.97275054
aduenio,0.9928826
infimus,0.9704351
puer,0.98676515
poto,0.9785941
praeualeo,0.9845637
consul,0.9868974
italia,0.98531973
divinus,0.95956576
liberalitas,0.96418434
curia,0.9625395
piso,0.8195051
arripio,0.99019694
uersus,0.98125863
cognomino,0.97709715
tutela,0.89736164
adpono,0.96847355
iuno,0.9771764
uulcanus,0.974667
inrepo,0.9704251
peregrinus,0.9691122
infligo,0.979661
repudio,0.97960114
cortex,0.9881573
amicio,0.9719619
pellis,0.9814276
struo,0.9885237
inutilis,0.9597458
defigo,0.9897348
contueor,0.9771607
migro,0.9855645
condemnatio,0.917678
classis,0.9715442
distribuo,0.9886451
magistratus,0.95955074
ueneratio,0.9809075
debitum,0.9290259
censorius,0.93030053
sumptus,0.9622128
focus,0.9857418
mensa,0.9823073
proauus,0.93995076
toga,0.98139477
sterno,0.99307877
lectulus,0.97368723
aduoco,0.9746752
crinis,0.9952028
hasta,0.9732654
mulco,0.9737567
puella,0.98512673
atrium,0.9606173
industria,0.9784887
sobrius,0.98487556
immolo,0.96457195
candor,0.98328984
sanctio,0.9511675
madidus,0.9925569
aduentus,0.9757679
dis,0.98537785
ambiguitas,0.958833
certior,0.947132
intentio,0.94375145
exstruo,0.9766899
antequam,0.97414875
tuscus,0.9752165
exta,0.9746651
suppliciter,0.9709134
appellatio,0.9176128
nuptia,0.960734
nusquam,0.9830124
salis,0.8982323
excipio,0.99107856
antepono,0.97329354
musa,0.9931633
castor,0.98151886
vulcanus,0.9847771
inuoco,0.97582674
liceo,0.98239994
cerebrum,0.9816856
sancio,0.89815307
quandoque,0.96320456
tueor,0.9923033
colendus,0.9695349
bacchus,0.9868307
genialis,0.9793544
series,0.98368275
ultra,0.94342685
sexaginta,0.97510093
socer,0.98762
aeneas,0.95888686
oppidum,0.98503315
pabulum,0.98601806
procuro,0.9880799
quadringenti,0.98440987
deni,0.95244914
quinquaginta,0.9734512
pix,0.94331485
reliquus,0.99139565
lac,0.96735346
munitus,0.96726716
tamdiu,0.9598176
subsidium,0.96307516
phrygia,0.98614246
hannibal,0.9515333
italus,0.9799429
principatus,0.96769285
memorabilis,0.983099
obtentus,0.9673063
graecus,0.98551744
cognomen,0.9516652
se,0.9702677
auoco,0.96756047
nonnumquam,0.9784428
posteritas,0.97976524
extremitas,0.9526509
uastus,0.9942685
reliquiae,0.94318205
demos,0.95401764
singularis,0.941516
aedes,0.9639462
naufragium,0.9805459
incendium,0.98674375
pignus,0.9106526
discordia,0.9788405
edoceo,0.9863433
adfligo,0.9574486
augustus,0.9909804
confugio,0.98810065
respectus,0.9496031
adprobo,0.9744802
excello,0.9793508
reuertor,0.98429066
interrumpo,0.9802069
superuacuus,0.9675957
extraneus,0.95940775
proprie,0.97028077
concussio,0.9274995
domesticus,0.98731214
terrestris,0.94358027
nominatim,0.93956137
tacitus,0.97917765
no,0.99051213
uilissimus,0.9776426
lutum,0.9712455
faber,0.97009015
figmentum,0.9393382
configo,0.9730439
impositus,0.9731708
obsideo,0.98897564
appono,0.98574936
ingero,0.9890892
confingo,0.9798207
superuenio,0.98973453
tullius,0.93880415
uereor,0.9942412
ingenuus,0.9758037
constanter,0.91738534
libere,0.9704795
splendor,0.98061126
lectio,0.936816
conuinco,0.9845642
cicero,0.9717156
testificatio,0.9536035
moueo,0.991845
familiaritas,0.9728233
diversus,0.98076916
coitus,0.9772073
conubium,0.9922437
caducus,0.97037643
dia,0.870172
perpetuo,0.96293616
uerecundus,0.98504996
rabidus,0.9931303
mutuus,0.97541046
immundus,0.9585756
uestigium,0.9958104
persoluo,0.9741342
conceptus,0.9500089
palatium,0.9632558
grauida,0.97999924
aluus,0.98386455
parturio,0.97042185
probrum,0.9811258
aegre,0.97345686
impello,0.988003
celo,0.98155165
traho,0.9957999
hactenus,0.97431517
describo,0.9891726
extimus,0.97528356
curuus,0.9885794
anfractus,0.9711932
margo,0.9850482
costa,0.9660468
cratis,0.9530014
cutis,0.9856573
pulmo,0.96848
iecur,0.98149586
commeo,0.97582686
purpureus,0.9939627
turgidus,0.98105943
dispar,0.9880018
absurdus,0.97763157
proprietas,0.90234613
capillus,0.99133795
ca,0.9703893
pilus,0.97322756
amictus,0.9905241
probus,0.9629033
dius,0.85259116
dos,0.86302733
statua,0.9764343
caninus,0.9794052
cato,0.9310617
inscribo,0.95706606
iaculor,0.9710863
tigris,0.9827199
pulcher,0.9837434
displiceo,0.977255
rea,0.95823073
uitreus,0.9898809
argenteus,0.97655857
ferreus,0.99102783
testa,0.98067623
indago,0.97122717
instabilis,0.9654724
somnium,0.97749925
radia,0.98083925
perforo,0.9809791
labium,0.95594835
constans,0.96667373
reticeo,0.98466945
quanto,0.94796735
prouoco,0.98930734
praecello,0.9769752
transilio,0.9781766
significatio,0.97774655
nauta,0.98875535
uenator,0.97123647
proditor,0.9839663
facundus,0.98673546
modulor,0.9885901
soror,0.98517334
lustrum,0.98577577
uenatio,0.9719204
expeditio,0.9665349
crastinus,0.9612952
exagito,0.97711635
corripio,0.9667394
mulceo,0.9883596
ensis,0.9906163
ferramentum,0.9735125
stame,0.9896287
neo,0.8993624
tunica,0.97968787
sericum,0.9844053
arceo,0.9911144
arbiter,0.95353794
diluo,0.97654593
exercitatio,0.93722516
sollers,0.9920549
sollertia,0.9766513
praesideo,0.97822
feliciter,0.978231
propositum,0.96333605
fidus,0.9939302
assidue,0.9712788
mutatio,0.9527482
pestilens,0.96415365
auerto,0.9857231
genetrix,0.99368477
aduro,0.9862039
regime,0.97119635
obliquo,0.9851741
medo,0.9686681
inuictus,0.9885876
spontaneus,0.96155953
commodus,0.9874015
uallo,0.98031336
uendito,0.9703946
magnificentia,0.9422045
cingulum,0.9798329
egregius,0.98761344
postis,0.97874206
truculentus,0.9741237
furius,0.9582015
speciosus,0.9754046
praeficio,0.9880837
collido,0.97902155
conduco,0.97803277
nobilis,0.98870003
tenax,0.9853387
nexus,0.97991693
primordium,0.98764384
utcumque,0.9334935
sisto,0.9923801
mensura,0.9809535
pinnatus,0.96460515
flammeum,0.98090696
euado,0.9901402
rabies,0.99450654
probabilis,0.94893783
aetherius,0.9896285
index,0.96965235
germanus,0.993918
armor,0.98003787
satietas,0.9524599
fuga,0.9922586
proserpina,0.98564696
amplifico,0.96261734
murus,0.9865438
gloriose,0.9768892
fo,0.9709471
moles,0.98250586
amplexus,0.9705608
specialis,0.9310063
sa,0.8826656
affero,0.9913758
octo,0.98329365
dissensio,0.96712434
sabinus,0.9833466
uarro,0.9675809
priuatim,0.96356297
breuitas,0.98617184
defunco,0.9544092
specialiter,0.9363484
penates,0.9737703
cingo,0.99275064
sextus,0.9818561
decimus,0.9651717
fungor,0.9898729
consiliarius,0.955758
pronuntiatio,0.95697606
insisto,0.99027884
uulgus,0.99206066
uicus,0.9752507
graecia,0.9505086
occulto,0.9673361
dactylus,0.9798791
ma,0.932135
sortitus,0.97086996
ater,0.99109924
albus,0.97383046
uelo,0.98585236
sacrifico,0.93471336
medella,0.9822155
quispiam,0.9604134
clementia,0.9702422
piaculum,0.98099333
obligo,0.94753337
distraho,0.9249659
subuerto,0.98018086
ras,0.9519807
onero,0.9905867
concors,0.98491013
compertus,0.9673258
cassis,0.96812606
abiicio,0.9811419
lupa,0.9746625
iaculum,0.9692591
titus,0.95945406
pando,0.9925958
quaesio,0.9344978
confligo,0.9842806
comminus,0.98201525
collatio,0.9067129
quiris,0.9656068
peculiaris,0.95149404
lacus,0.95836174
cadauer,0.9914737
dormio,0.98358303
adsequor,0.97872984
positio,0.93344116
septentrio,0.9711883
auster,0.98462296
meridies,0.98060787
prout,0.95043397
dextera,0.9052689
habitudo,0.95242405
fictilis,0.9772781
rite,0.98352754
stuprum,0.987744
serpo,0.9719827
modicum,0.8907448
semino,0.9229487
cubiculum,0.971375
scrobis,0.9535284
horreo,0.99312353
petendus,0.9651561
apis,0.9809056
uirgultum,0.98159134
prouerbium,0.97635376
custodia,0.9809665
ianitor,0.9505957
suggestus,0.96531266
otium,0.98721707
mellum,0.9837677
taedium,0.97845775
pilum,0.97200817
procumbo,0.98953116
haruspex,0.9775226
repromitto,0.9615884
fibra,0.98052794
accio,0.9854927
simulatio,0.9441793
uus,0.9701796
indus,0.9803764
procax,0.9804444
declinatio,0.9634301
sepultura,0.9799452
solo,0.9071995
stirps,0.9806701
binus,0.9896436
conturbo,0.97318465
eludo,0.98704636
uiolentia,0.984625
flammo,0.9830081
augeo,0.9940519
marito,0.9666599
deriuo,0.97505236
parricida,0.9776684
excolo,0.9848895
nilus,0.9896417
accingo,0.94887197
patienter,0.9486469
usurpo,0.9877703
adsisto,0.9846325
uescor,0.9811298
libenter,0.9839502
carbo,0.96971923
diligenter,0.97109115
cito,0.99072325
sedeo,0.98163337
secretus,0.9839166
concubitus,0.98433256
initio,0.9656545
condico,0.88910794
sponsa,0.93260705
festus,0.88302135
frequentia,0.94983226
ambo,0.9898861
infringo,0.9847511
inflammo,0.97797054
regina,0.9530467
marmoreus,0.98400915
contentus,0.9878936
delecto,0.9819744
admirandus,0.9795713
cunctatio,0.97503763
procliuis,0.9471483
adulterium,0.97587764
adulter,0.98989654
speculator,0.9625895
tolero,0.9849703
compar,0.9782167
pulchritudo,0.959242
flecto,0.99442005
merces,0.9748069
candidus,0.99210376
ouum,0.9397794
amputo,0.97141355
coalesco,0.97748315
parricidium,0.9818989
abluo,0.9711524
pulsus,0.9745314
latium,0.9845527
gaza,0.95262635
furtiuus,0.94622076
dicto,0.9765959
palladium,0.9483059
thracia,0.9841166
atticus,0.96660876
insulto,0.9882459
scaena,0.9765518
conscriptus,0.9555155
petulantia,0.9686762
patruus,0.9718976
saucio,0.9826405
uirago,0.95329034
creta,0.95521545
uirginitas,0.9821658
obsero,0.9831788
ferio,0.9958229
fallacia,0.9777304
satyrus,0.9762527
draco,0.9803604
peruigilo,0.9799444
hyacinthus,0.9635199
suspiro,0.9798647
poculum,0.9937439
pullus,0.96567917
fabius,0.94328034
cautum,0.92561793
achilles,0.97811747
offenso,0.97912985
inquietus,0.95592296
istic,0.9796496
adultero,0.9464961
theodorus,0.78085655
affecto,0.9548587
quaestus,0.9889477
aceruus,0.98187506
despero,0.98087347
inuentor,0.9721512
seueritas,0.9820587
obuius,0.9929862
inuro,0.98198247
infamo,0.96692735
amator,0.97654736
coerceo,0.97957736
plecto,0.9436857
ingemo,0.98651075
intercido,0.9638076
effor,0.9785455
praesumptio,0.94659257
confidentia,0.9380586
rogatio,0.91992825
passum,0.9760722
impunis,0.9848789
pulso,0.9834994
atrox,0.9874497
acriter,0.96639
ango,0.9731053
neglegentia,0.9788854
deliberatio,0.9351444
biduum,0.9584326
culter,0.9716016
u,0.8570872
soli,0.9800475
incuria,0.968908
ludibrium,0.9878743
mimus,0.89353484
auguro,0.9611223
como,0.9892136
introduco,0.95297706
sanctissimus,0.9807656
spectator,0.97018266
plaudo,0.9914267
elogium,0.95240515
diruo,0.9741181
resoluo,0.9937829
fax,0.99351215
praesul,0.9817274
tremor,0.956162
infremo,0.9677857
curiosus,0.97964025
annuus,0.9855366
perscribo,0.9634956
numa,0.9768508
solio,0.99370736
bibo,0.9754973
odoro,0.97205937
incubo,0.98767155
uinclum,0.98931587
consideratio,0.9415948
merum,0.9726967
fallax,0.9904747
ebrietas,0.97320324
sopor,0.987557
copia,0.9884189
protraho,0.98521364
placo,0.98972297
fulgur,0.9748303
uoluntarius,0.97840035
ambages,0.9778596
calliditas,0.9652905
quilibet,0.9606268
relatio,0.946453
inhio,0.9799684
timotheus,0.89950395
ignobilis,0.9811332
indigenus,0.9822212
diuinitus,0.9807709
mugitus,0.9801355
maternus,0.95374346
robur,0.9878905
disperdo,0.88466847
succendo,0.9576867
haustus,0.982607
insolitus,0.9732391
deprimo,0.9833299
seta,0.9547235
planta,0.9489945
exhalo,0.9816562
contemplor,0.97277206
miro,0.97855294
uitio,0.97789776
enitor,0.973846
parvulus,0.9543764
phryges,0.9509823
blandus,0.99504423
comes,0.98837656
primo,0.9893694
alieno,0.92680347
maestus,0.9947313
ingredior,0.9846111
turris,0.97865325
fistula,0.9688276
abscisus,0.962214
uiola,0.9803074
redimo,0.9838387
pinus,0.9764546
virgo,0.94522846
ualerius,0.9636208
lana,0.9776367
amaritudo,0.9526653
planctus,0.9670959
tundo,0.9616592
circum,0.98419344
annuo,0.9670404
substituo,0.9203856
eminens,0.96109694
consulatus,0.86085284
sordes,0.98576045
insidiator,0.9669021
info,0.9712641
confinium,0.9877995
altitudo,0.9592165
properus,0.98621094
africa,0.9863628
proconsul,0.90336585
silex,0.9867867
conceptio,0.8901649
sementis,0.9677429
reditus,0.9467224
rigor,0.9886302
mugio,0.96922773
obuia,0.9846105
uasto,0.99007857
detrudo,0.97887534
insolens,0.9607056
interpello,0.9768521
uirus,0.98790395
uirilis,0.97387636
uulgo,0.99137825
securitas,0.978145
cooperio,0.9549238
ruber,0.9800505
perlego,0.9727201
cautes,0.9863893
religo,0.9565957
proicio,0.9782956
secus,0.92681426
inclitus,0.9907352
libens,0.9931164
lacrimo,0.9855243
fortitudo,0.86908245
culpo,0.983069
adultus,0.97958374
credulus,0.97891027
anus,0.9742303
gallus,0.9642258
relatus,0.9822994
ratus,0.94527996
redimio,0.9807657
uti,0.9115589
imitatio,0.9324096
lugeo,0.97431374
lacertus,0.98813474
deflecto,0.97425497
uirga,0.9788513
f,0.9643886
flaccus,0.9341353
uerro,0.98924893
sequestro,0.963187
abstrudo,0.980592
holus,0.96904916
speculum,0.9602156
ignominia,0.92365307
accola,0.97247475
spumo,0.9813802
anhelo,0.99414897
fremitus,0.9873425
floridus,0.97634226
nefarius,0.98149776
delibero,0.9846382
temere,0.97766626
monumentum,0.9628365
europa,0.9750045
consocio,0.9726634
reuerentia,0.97725844
so,0.96899104
abduco,0.9822942
ungula,0.9879359
palleo,0.98900074
suffrago,0.97743237
perterreo,0.98417306
uibro,0.9944615
coruscus,0.98914796
subduco,0.9887267
hispanus,0.96785676
afer,0.9662927
adiuuo,0.9781816
athenae,0.9815821
sicilia,0.9712311
profundus,0.9922488
spelunca,0.9630085
pagus,0.9669056
capella,0.9733102
retego,0.9857086
ingue,0.9903519
pubes,0.9689796
solame,0.9792056
callide,0.97343045
olla,0.97325015
paulum,0.9488504
mollio,0.9854029
confodio,0.982893
uerendus,0.98547256
obiectum,0.97745603
conspectus,0.95236385
laetior,0.97934467
territorium,0.91984135
circumsto,0.9794725
aditus,0.94490135
comitor,0.989182
sepelio,0.981301
dolo,0.91814303
adsumptus,0.9729039
nex,0.9901301
exilium,0.9714946
praetextatus,0.90743005
pactio,0.95837736
nurus,0.9880035
claudeo,0.9806962
interdico,0.9632713
documentum,0.9793259
cognatus,0.9830327
promiscuus,0.9625996
adiutus,0.9569106
huiuscemodi,0.9779035
catena,0.98429793
imperitus,0.98190796
gleba,0.98627615
disputatio,0.9540262
umbra,0.98382264
intimo,0.978562
ferculum,0.9847694
brachium,0.93593884
alteruter,0.9823556
latito,0.96189237
sensum,0.9465777
immotus,0.9850538
adfirmo,0.989791
textus,0.95342654
iactus,0.9680264
contextus,0.97526973
subtilitas,0.96133363
improuisus,0.9842729
infectus,0.9769317
coniunctus,0.9715202
femur,0.96678597
arena,0.96535546
iugulo,0.98848915
medeor,0.9863333
strepitus,0.9887811
turpiter,0.96875125
urgueo,0.97931325
malignitas,0.94696176
aper,0.9581884
ceruus,0.97979236
passus,0.9007677
translatio,0.9435029
phrygius,0.9266628
gladiator,0.9655112
ursus,0.9794221
pasta,0.9651077
praestringo,0.98443025
friuolus,0.9755851
deque,0.941097
coniunctum,0.97361684
altarium,0.9491138
applico,0.9776021
extruo,0.96612734
profundo,0.9793971
expendo,0.97802716
praecipue,0.97928214
uoro,0.9811358
nimbus,0.99189925
munitio,0.9751358
cauerna,0.9826482
renideo,0.9748695
splendeo,0.9867519
sidereus,0.98527074
uario,0.9939958
uilior,0.9606001
obiectus,0.9697885
habitatio,0.8915472
fugax,0.98566914
pauidus,0.9893348
umidus,0.9679179
conloquium,0.9694996
lambo,0.98860437
anticipo,0.9760327
aethiopus,0.9842419
audiendus,0.9470713
bustum,0.991607
antiochus,0.98297715
adueho,0.9869689
prosapia,0.9649036
mo,0.92293
epulae,0.99345714
propterea,0.95109427
olus,0.91898996
sepulchrum,0.9826325
uentosus,0.9753789
illicitus,0.9739899
lito,0.98565364
deprecor,0.9726806
uulgaris,0.9635198
uicarius,0.97134084
parilis,0.99035174
bucina,0.9683446
flatus,0.988805
directus,0.9628018
memorialis,0.9077885
informis,0.97771966
martha,0.9656785
lumbus,0.95225555
poples,0.98730254
uberior,0.96667016
intento,0.9702102
minitor,0.98216265
falx,0.984159
callidus,0.98842573
atheniensis,0.9708353
exemplar,0.9626959
paullulum,0.9788693
regredior,0.9879723
commisceo,0.96171683
ornatus,0.96240586
muliebris,0.98831856
confringo,0.97398406
frustum,0.95275176
munium,0.94119775
ebur,0.97833544
argilla,0.9285205
nasus,0.9717194
bracchium,0.9939934
later,0.97961956
ligneus,0.98325825
impendeo,0.95790493
genu,0.9743191
nidor,0.9750851
fumo,0.9918941
ordior,0.98308325
rete,0.96351224
hirundo,0.96379507
depingo,0.96440053
instinctus,0.9716278
inhabito,0.9442407
impulsus,0.9732543
invo,0.9087029
procurro,0.9867288
claustrum,0.99253315
adopto,0.9534952
anser,0.9791183
colloco,0.98654884
cubitus,0.94779986
dionysius,0.8911725
iunus,0.96220577
uapor,0.99201655
praedo,0.98314744
persecutus,0.9546413
p,0.97469866
proficio,0.9787559
diripio,0.9806332
cyprus,0.9696362
adulescens,0.9803747
recreo,0.9889806
gratissimus,0.96120167
edax,0.9854449
absumo,0.9835795
pe,0.946715
argiuus,0.97677743
peregre,0.9724396
trans,0.959739
pango,0.9734765
ephesus,0.97290933
hospes,0.98855317
auersus,0.9778132
nequitia,0.97873473
fomes,0.9800674
euentus,0.99407786
excessus,0.9544455
attonitus,0.9767735
depello,0.9886453
uictima,0.9711229
deuoro,0.9775471
fumus,0.9547204
udus,0.9560781
priuatus,0.9806429
adulatio,0.97412366
accipiendus,0.9483737
riuus,0.98803085
exultans,0.9816117
palpito,0.9757881
concido,0.94321096
infra,0.9539428
inspiro,0.9792251
disiungo,0.9845777
cauea,0.9774002
dinosco,0.98419833
uitulus,0.9787066
mitesco,0.9788463
impunitas,0.978919
impendo,0.97968143
ualidior,0.97990084
obtundo,0.9704486
importunus,0.9774462
amica,0.9731884
truncus,0.9832859
patrimonium,0.96288687
euoluo,0.9877145
implico,0.9826741
inhonestus,0.9681226
emo,0.95229656
locuples,0.9885658
angusto,0.98521173
probitas,0.9825586
exiguum,0.98207027
impensus,0.9700247
subsisto,0.9823698
honus,0.9802601
desilio,0.9662853
trepidatio,0.9569987
altior,0.97598
conecto,0.97378564
feralis,0.98709726
rogus,0.9861465
saeta,0.9813752
pluma,0.98369074
uulpes,0.9741873
aquila,0.9523424
coruus,0.969519
late,0.9859015
fluctuo,0.987638
haedus,0.9356804
ouis,0.9835594
capra,0.97092307
sterilis,0.989166
albeo,0.9756826
stomachus,0.97823817
frustro,0.97499263
niger,0.9878657
medulla,0.9869749
uello,0.992576
coloro,0.9367489
oleum,0.93238604
fas,0.9915581
captiuus,0.9906509
communico,0.9451497
promptior,0.9774724
nequaquam,0.9612739
scorpio,0.94504756
taeda,0.98641807
particula,0.9334074
demo,0.9857949
administratio,0.87171876
daps,0.9898895
augmentum,0.9358388
cassius,0.95396763
cornelius,0.9131448
percontor,0.98443145
acceptus,0.9414817
sacellum,0.973951
comburo,0.95611227
tabula,0.9362006
aerarium,0.9787613
suauis,0.9812894
abstraho,0.9748933
comito,0.987966
spirame,0.9790361
senium,0.9898666
ueniens,0.9738614
contagio,0.967977
aridus,0.9696607
patera,0.9565747
opimus,0.98732126
succurro,0.99116766
pruna,0.9609816
auide,0.9862585
praescriptio,0.90480447
sacr,0.9610723
sertum,0.98927534
tympanum,0.9654854
stridor,0.96445704
cymbalum,0.96077293
uigilia,0.9817867
salutatio,0.93727535
cras,0.8775651
ieiunus,0.986539
idus,0.95632416
tranquillus,0.9866477
lenus,0.976845
offensus,0.9814865
censor,0.965474
nimirum,0.96399397
rado,0.96876705
contundo,0.98391014
crispo,0.85249114
refoueo,0.9813179
miserrimus,0.9555671
sanguineus,0.98871636
instauro,0.9749888
columna,0.9494133
iunctus,0.9940778
modulus,0.957475
captus,0.9614351
circensis,0.96967936
obitus,0.97501737
nuntius,0.9691962
respublica,0.9454135
lues,0.97875774
alterno,0.9908352
reparatio,0.9388865
portendo,0.9644029
coniuro,0.9617023
orientalis,0.9319566
circus,0.9720532
crudeliter,0.97084695
examino,0.96615505
senior,0.9738332
retardo,0.9803675
penso,0.984256
b,0.68166566
cumulo,0.9865966
secundum,0.9658941
mentum,0.93608946
patulus,0.99240255
pelagus,0.99471086
euinco,0.9420745
longitudo,0.93450975
squama,0.9593078
raptim,0.9803129
ta,0.9221058
gloriosus,0.9865935
porrectus,0.97266936
attalus,0.95900047
exsilio,0.9741162
subiicio,0.8387845
minax,0.99410874
exhaurio,0.9874368
progredior,0.99295175
bellicus,0.98390454
insons,0.99089086
almus,0.97960126
redemptio,0.9120164
uexillum,0.984644
usquam,0.94743645
socia,0.9766789
pharius,0.96424884
herodes,0.93899417
profugus,0.9876444
iudaea,0.9773872
ieiunium,0.9806582
saluber,0.9888191
pontus,0.9893427
novus,0.95073414
exercito,0.96837515
letalis,0.9912861
latius,0.9415629
iurgium,0.99232364
umerus,0.983285
horrendus,0.9853605
gena,0.98722535
areo,0.98572457
fel,0.9775553
fodio,0.98062503
artus,0.99500084
flebilis,0.9888623
madeo,0.9943398
acer,0.9862002
quamobrem,0.967679
dispenso,0.983976
uernus,0.9883829
planities,0.9666253
ualles,0.96096677
exsanguis,0.98004824
egestas,0.98718035
ueo,0.9870726
gelidus,0.9919529
turbidus,0.98195344
remunero,0.9518497
cantus,0.98716134
cio,0.96242
meo,0.97335494
uerber,0.98973715
syrie,0.9790708
graius,0.9781276
assyrius,0.9792716
torus,0.9930876
exsequia,0.97531754
affirmo,0.98920935
tenuis,0.99032474
raptor,0.9687979
carissimus,0.9856287
sempiternus,0.9419689
aduersarius,0.97639877
refulgeo,0.98393977
affligo,0.978222
colloquium,0.9748421
conuiuo,0.9585579
consortio,0.9281624
collega,0.9626696
kalendae,0.97536486
aprilis,0.9576366
congrego,0.9705041
xl,0.93701714
dogma,0.9428898
repleo,0.97373724
undecim,0.94192874
stabilis,0.9908061
excido,0.9876037
deuoluo,0.9685725
nouissimus,0.97107553
aliquot,0.9483405
subiectum,0.9662068
incito,0.9905527
enitesco,0.9694668
decius,0.95830584
proueho,0.9919853
to,0.71441925
adimo,0.9837669
triumpho,0.97895443
aliquamdiu,0.9848688
dedecus,0.98247874
triumphus,0.9918245
legatus,0.93264496
lacesso,0.98716486
confidenter,0.9591077
diocletianus,0.6332076
colonus,0.96525323
admodum,0.98470503
num,0.98559415
largitio,0.9139723
exactio,0.96099436
plaustrum,0.9864681
basilica,0.88451535
fere,0.9891582
ubicumque,0.9795121
aedificium,0.9593805
maximianus,0.7308917
aequus,0.9930317
subiaceo,0.981051
custodiendus,0.9460828
diligens,0.9607583
suppeto,0.96379614
fiscus,0.9676428
odiosus,0.97004324
alexander,0.8283887
complexus,0.9618275
ascisco,0.954113
peus,0.9776266
amnis,0.9865139
tumultus,0.9895681
armenia,0.97644615
sarcina,0.9768505
scipio,0.89079
inquino,0.95792055
pompeius,0.9740027
felicus,0.9752612
aliquantus,0.9863071
epulor,0.95877725
querela,0.985048
praescius,0.9785245
flexus,0.9902579
reluctor,0.9783849
septimus,0.95072746
octauus,0.98588526
tribunus,0.9843823
reuello,0.99257755
discurro,0.9930346
gothus,0.9928966
legitime,0.90862215
aggredior,0.9885272
conflagro,0.9805131
quippe,0.9790111
senus,0.9870518
quindecim,0.9751861
celeriter,0.9720191
prorumpo,0.99205863
eunuchus,0.9555247
neco,0.9926124
alligo,0.9705251
solummodo,0.92660636
uiolenter,0.98549074
praefectus,0.9692405
successor,0.94676155
deformo,0.95837855
debello,0.970443
quandoquidem,0.9420603
apparatus,0.9814725
deuotio,0.9811858
congredior,0.9909328
uictrix,0.98925734
amplius,0.90029454
duodecimus,0.9815197
december,0.9852703
nonus,0.9870677
tredecim,0.9644835
rauenna,0.98657864
circuitus,0.9219652
ripa,0.9923227
insurgo,0.97506607
gratulor,0.97297287
requiesco,0.97126186
impedimentum,0.9657137
illyricum,0.9881525
delicatus,0.9767058
plumbum,0.9468018
languidus,0.9757359
maxentius,0.9823795
gener,0.9497014
contumax,0.97919136
constantius,0.9676476
constantinus,0.8735066
decoro,0.9858894
pridem,0.9717034
amabilis,0.97425175
maximinus,0.9920467
extra,0.972948
conuoco,0.97836304
alloquor,0.98241585
insperatus,0.97306305
ueteranus,0.95110697
contero,0.95536363
licinius,0.9836988
regendus,0.9796089
addico,0.9795835
compes,0.9659914
ignauus,0.98947096
autumnus,0.96872
maturitas,0.97502947
aresco,0.9691193
lancea,0.979599
sublo,0.9650726
iudices,0.8155314
refercio,0.9745267
excusatio,0.9272195
rebello,0.98930526
tributum,0.9723023
saltim,0.98524654
misereo,0.94551045
propinquo,0.98506445
exercitium,0.9621224
occasio,0.9759073
retento,0.9742521
fremo,0.9933599
retraho,0.9819465
celeritas,0.9713491
societas,0.9673403
praetorium,0.95627385
arcesso,0.9790033
quatenus,0.95465165
campania,0.9670702
uado,0.9685665
armo,0.9961412
resumo,0.97877634
leniter,0.97746235
prouoluo,0.94814026
promissum,0.978397
capesso,0.9749517
agmen,0.9913986
corruptus,0.9468564
iumentum,0.9713589
prŏfiteor,0.98279464
clamor,0.97838426
francus,0.98011905
largus,0.98997504
recido,0.9827429
massilia,0.9650544
adstans,0.97552294
rebellis,0.9763183
proditio,0.9619286
ii,0.9743509
spado,0.9837525
increpo,0.9898122
guttur,0.9785261
uindex,0.9870653
enarro,0.96739006
adhaereo,0.98240054
satisfacio,0.95833504
area,0.9636562
exactor,0.9589981
percutio,0.95868784
tenuo,0.9805025
cancer,0.95039713
promoueo,0.96337545
flagito,0.98811936
pignero,0.96521467
repercutio,0.96875805
internus,0.98252964
intus,0.98653775
peruado,0.9784618
saucius,0.99141276
elicio,0.98121804
fecundus,0.9943398
macies,0.9808249
observo,0.97447336
mitus,0.97002554
pridie,0.94393903
armatus,0.980114
legatio,0.9553158
stipendium,0.980793
tributarius,0.9513159
tenus,0.9734405
deterreo,0.96560454
intermitto,0.96294516
horreum,0.98348546
glacies,0.98378205
reuerto,0.9841505
circueo,0.951295
annona,0.93477905
spolium,0.98680735
scruto,0.9858787
impune,0.9644938
augusta,0.9460518
tepidus,0.97585964
proscribo,0.98040646
praesidium,0.98426974
tor,0.95886064
sagittarius,0.96236515
cuneus,0.9813823
obsecro,0.94986856
irritus,0.9695593
suspirium,0.989175
crebrus,0.9822379
despondeo,0.9640164
benigne,0.96527755
succido,0.97430867
nouember,0.9739566
scutum,0.9593375
transuerto,0.9658274
x,0.85371315
utrimque,0.9643656
seditio,0.98544085
desertor,0.9670893
consterno,0.97974735
iocus,0.9844695
mediolanum,0.9445778
strages,0.9867214
diffido,0.97910017
nobilior,0.9579332
deditio,0.97007334
collecta,0.9805422
septuaginta,0.96292275
ocior,0.98063797
litus,0.99261844
stringo,0.99303216
quaeque,0.9653492
capitulum,0.89192593
galea,0.9790832
murmur,0.99238276
largio,0.97220385
profusus,0.9771626
circumeo,0.9755908
stro,0.97302175
cappadocia,0.9739701
sagitta,0.98402476
molestia,0.9678355
consuo,0.9351096
petitio,0.904804
perrumpo,0.9849131
exilio,0.973668
adigo,0.98327684
subinde,0.9325788
concubina,0.96903527
comitatus,0.962641
immisceo,0.9702651
speculor,0.97802377
hereditas,0.86174995
protero,0.97273386
frequento,0.99046504
nocturnus,0.99238896
celeber,0.98112965
famula,0.97784936
lento,0.9849328
urna,0.9856291
accelero,0.97509456
fraternus,0.9857427
remus,0.9723897
coniugium,0.9911911
pagina,0.98345894
uincula,0.9914352
comicus,0.9673995
aerumna,0.9600087
montanus,0.95296496
doto,0.96608096
sulcus,0.9814743
caespes,0.987377
mano,0.97706217
torpeo,0.9852319
contexo,0.9730346
assiduus,0.9827871
alacer,0.98434156
nauita,0.98552364
portus,0.9895431
circumdatus,0.9829666
assurgo,0.98112607
incola,0.9852677
ferratus,0.9876695
foro,0.97110796
tremendus,0.96947753
nupta,0.97762185
quercus,0.97247314
epistula,0.97194016
tractatus,0.94925666
uelum,0.95440876
platea,0.9474311
ilico,0.9716975
mercator,0.9756745
debitor,0.9453987
strido,0.99081755
ducenti,0.9853692
triduum,0.96734434
duplus,0.96531725
negotiator,0.97318494
fundus,0.91463244
grate,0.9738095
missus,0.978793
cubitum,0.92326915
circumfundo,0.9806391
catholicus,0.9878299
modero,0.99356747
dispicio,0.96475136
lentulus,0.91248614
impar,0.98687553
indumentum,0.9833535
famosus,0.98224187
repraesento,0.95862126
specula,0.94971293
iohannes,0.7297423
grauior,0.98983824
commentum,0.9843357
praetexo,0.966563
oceanus,0.99543524
temero,0.98065686
imperialis,0.9706744
defensor,0.97986525
arcus,0.9750671
meridianus,0.97443974
praecingo,0.973734
tyrannis,0.98590624
sacerdotium,0.96524
valentiniani,0.97159934
exordior,0.9667536
excidium,0.98661023
tabernaculum,0.8969252
apprehendo,0.96497524
ualentinianus,0.9257375
episcopus,0.97013724
paulinus,0.8555576
uesper,0.982256
susurro,0.97702706
sensis,0.969937
sagina,0.9866445
piscis,0.976057
dirimo,0.98028827
uadum,0.97683394
terni,0.9801775
aequoreus,0.9890734
libya,0.9878578
parthus,0.9854399
tranquillo,0.98634773
illecebra,0.9857472
uenenus,0.98752975
uerna,0.977722
nitidus,0.9870633
carus,0.94930893
cujus,0.96407926
complector,0.9928371
uipereus,0.9904423
sera,0.9432224
sublimus,0.9905008
semita,0.96136135
procer,0.9921366
praeuius,0.9860277
intemeratus,0.982732
uolito,0.992221
exsecror,0.9764293
maculo,0.9795996
hjc,0.97578543
aeterno,0.9559623
consonus,0.97677404
emereo,0.9717324
exstinctus,0.96780586
jam,0.9692584
propago,0.9890593
necdus,0.972141
glomero,0.9795446
stemma,0.980136
grates,0.98552537
elabor,0.9890826
oblio,0.96695006
torpor,0.9721136
uerso,0.9692229
sat,0.9860052
maria,0.9511111
js,0.9504106
necdum,0.96889997
thalamum,0.9754671
adhibendus,0.9726787
egredior,0.97814524
orbita,0.9769987
coeptum,0.96390855
recolo,0.98322016
exsto,0.976917
uigor,0.99347925
murmuro,0.9761666
praeclarus,0.9867511
inuius,0.9658015
libera,0.9343855
camelus,0.97426975
compungo,0.9744456
incultus,0.98193294
conflictus,0.9744134
praelium,0.97300947
grauo,0.9900007
famulor,0.9812055
lympha,0.9885849
subiectus,0.96746105
cathedra,0.93493104
humor,0.97704816
pallas,0.9800643
mt,0.8925469
firmus,0.9902879
tumeo,0.9855181
uas,0.952206
habena,0.98941886
exsulto,0.9808845
uentilo,0.9655443
segrego,0.98802817
palea,0.963706
babylo,0.94780517
exsilium,0.95698696
assyria,0.93961847
barbarum,0.97109795
accendo,0.98301893
mysticus,0.9761618
ae,0.77091765
rependo,0.97829807
repto,0.97487235
ultrix,0.9846304
perimo,0.98500645
gelu,0.9820103
rigesco,0.9762263
charta,0.98135203
triplex,0.9671878
anxio,0.9880298
heros,0.96946394
te,0.86124754
specus,0.9828577
reposco,0.9777184
fabulosus,0.9578762
imbuo,0.97831297
fenus,0.95440394
monile,0.98347783
segnis,0.98648655
neue,0.9788593
patro,0.9536761
praeceptor,0.96339804
redux,0.9853875
eques,0.9800844
praesentia,0.9699563
ignio,0.9657622
amoenus,0.97987854
actum,0.9064449
apte,0.91466373
linteus,0.9827634
clipeus,0.9793725
barbaricus,0.9852761
hiberus,0.9877826
scopulus,0.9861084
caesarea,0.94641596
aequor,0.9916041
diuortium,0.9705768
illustris,0.90993273
piceus,0.94911575
umbrosus,0.97384536
casa,0.9804644
texo,0.9932369
culmus,0.97939086
fertilis,0.9809004
attero,0.9793785
uiuax,0.97960687
lucanus,0.9209754
romuleus,0.98732316
acetum,0.91906315
misereor,0.9663309
itidem,0.95396894
docilis,0.98585063
solium,0.97447175
tremo,0.99165416
occursus,0.8989401
deprendo,0.9840329
corusco,0.9887484
superstes,0.960283
absinthium,0.93329847
editio,0.8240715
obduco,0.987118
immeritus,0.98659784
onager,0.9481162
absentia,0.9536991
togatus,0.95809937
superss,0.9660823
heu,0.9887879
fortior,0.959873
uectis,0.97437215
uicissim,0.9836682
excubia,0.9783966
exoro,0.98287386
periclum,0.9909922
una,0.96848696
patronus,0.897271
sorto,0.9749224
apostolicus,0.96495175
tergo,0.97338665
decresco,0.9757385
uicesimus,0.97887284
medela,0.97028255
aethra,0.9854603
densus,0.9848565
pulcer,0.98060775
suburbanus,0.9165611
caleo,0.97844535
rigeo,0.98679805
spatiosus,0.976243
demonstratio,0.9276724
complexo,0.96097994
niueus,0.9938446
patronum,0.9249106
chorea,0.9819753
gemina,0.98342156
reuerso,0.9616143
sedulus,0.9867035
uecto,0.97592294
dito,0.9824878
cunabulum,0.9778334
releuo,0.9873026
testudo,0.9711113
plectrum,0.9917699
rigo,0.9830199
cespes,0.9728966
syrus,0.95716846
discors,0.97890246
uterum,0.97785795
hispidus,0.9838946
hirtus,0.95736325
addictus,0.95925856
capax,0.9628039
exsisto,0.9815787
claresco,0.986839
liuidus,0.98007494
mol,0.9880092
munime,0.9841393
exstinguo,0.97842646
quj,0.9578842
inermis,0.9834364
intentus,0.9820266
expauesco,0.98311764
tento,0.9733639
chalybs,0.9854453
uiridis,0.9790441
peragro,0.98150444
leuior,0.98714066
acrus,0.95209503
acerbo,0.9772864
reueho,0.98301303
anxius,0.98604006
causor,0.96969664
concordo,0.9784979
illustro,0.9804417
callis,0.96887064
emetior,0.9738643
tenuus,0.9672432
intuitus,0.94809675
decerpo,0.98816264
siccus,0.9649021
tenueo,0.96036875
tectus,0.9831647
trudo,0.98975825
reuoluo,0.9954044
exopto,0.9805753
pinna,0.9905118
deuius,0.98551023
teter,0.9726666
absens,0.9565364
percello,0.9921081
instantia,0.9311234
longinquus,0.9621044
conspicuus,0.9752044
obex,0.9893841
tela,0.94044614
tremulus,0.9876445
obstupesco,0.98642933
dolosus,0.967783
puter,0.97642237
gigans,0.9834836
tumesco,0.9840697
caneo,0.97660524
ductus,0.9456245
uolucris,0.98737633
lacto,0.9794735
praedium,0.9515691
juxta,0.93127024
sibimet,0.93579686
compenso,0.97946596
iugerum,0.95305306
hortus,0.985626
possessor,0.94557095
exorno,0.9867476
adnecto,0.9782911
colus,0.9667073
aemulor,0.9682641
demetrius,0.98159087
fuco,0.9870277
citus,0.9786024
zephyrus,0.99295396
uela,0.98581195
resulto,0.9848588
nato,0.97931445
fugitiuus,0.97894174
scala,0.9641485
approbo,0.97982895
uaga,0.9752197
fluito,0.98577285
carina,0.99210167
ratis,0.98418504
gradior,0.9891597
resono,0.99268687
stilus,0.9882945
monachus,0.963168
effudo,0.9397177
aedifico,0.97229904
scytha,0.95336854
getae,0.9876832
polio,0.9743337
extractum,0.96781445
adstringo,0.97565067
sequax,0.981514
eminus,0.9816046
recumbo,0.95478
roscidus,0.9774095
moro,0.9425767
forsan,0.9783151
incolus,0.9645749
peruius,0.9747693
facundia,0.98106664
splendidus,0.9733051
linum,0.98104274
cera,0.97273976
pendulus,0.9789927
equidem,0.97572345
segnior,0.97274363
arca,0.9241046
prodigus,0.98605037
adusque,0.956011
solor,0.9756847
admixtus,0.9260361
longinquo,0.9581408
humo,0.9305591
scando,0.9850236
troianus,0.9685728
ostrum,0.9845854
nobilito,0.9855122
prolixus,0.97460157
pa,0.9420964
iuuencus,0.99070287
darius,0.9787432
physicus,0.9661155
questus,0.9565294
amens,0.9734195
ostium,0.89650047
rima,0.9362509
omnigenus,0.97021776
excio,0.96926624
exterior,0.90790266
denso,0.9869385
hesternus,0.9629677
iens,0.96452355
sophia,0.94724923
uocito,0.99088657
poeticus,0.96731186
fauus,0.9711503
mercor,0.964772
alibi,0.9500312
titubo,0.98017615
remex,0.9801971
delabor,0.9831042
diffugio,0.98526806
philippus,0.9287386
frondeo,0.98061
modius,0.95628417
caluus,0.9592716
lamento,0.9767853
carthago,0.9838973
fecundo,0.9706749
sanies,0.9737606
praefulgeo,0.97774994
propior,0.97609687
praetendo,0.9844731
colona,0.9513448
pascor,0.9782543
uegeto,0.9891748
illicio,0.96258384
uigil,0.98235047
cacumen,0.99036705
uerno,0.98530483
oliuus,0.9856314
orbus,0.9785458
quingenti,0.9844718
homerus,0.9698328
implicitus,0.98136437
lorum,0.9341762
specimen,0.98031664
naualis,0.97091454
existens,0.87949705
compactus,0.9635869
calculus,0.97416574
adsideo,0.97371596
compages,0.9885515
sceptrum,0.9928088
temo,0.97384155
diadema,0.9839986
attono,0.9858644
dilatio,0.95348483
chorda,0.97209835
pecte,0.9848186
chelys,0.9773598
aliunde,0.9458067
aduena,0.9802249
illinc,0.98219657
sedile,0.96968096
subueho,0.97688437
onustus,0.9745344
fascis,0.9863664
opperior,0.9860055
illaesus,0.97911423
parce,0.9501383
itero,0.9777376
festinus,0.983778
fatisco,0.97892815
confestim,0.9760088
sus,0.94296646
stimulo,0.9885913
flagellum,0.976231
egomet,0.98243225
salio,0.9681728
superfluus,0.96539277
maturo,0.9788295
asto,0.9867201
aliquanto,0.9624859
quadrupes,0.98556656
exulto,0.95415187
subiungo,0.9623161
insuetus,0.97859764
permuto,0.9759482
excursus,0.9611052
breuiter,0.9904812
distinctio,0.9164717
rursum,0.9658438
breuio,0.9105076
inuestigo,0.9780755
exul,0.98974836
bitume,0.98471427
salum,0.9767777
tertio,0.97693574
praemoneo,0.9799502
inuicem,0.9753617
ubertas,0.96849513
ancilla,0.94327474
nonaginta,0.9593598
ammo,0.90497124
strenuus,0.9837379
mesopotamia,0.9773348
deuenio,0.98178816
puteus,0.9847469
iuramentum,0.96020913
accensus,0.97032374
sacratus,0.9455694
lio,0.89356005
clam,0.9428321
obtestor,0.97235286
sal,0.93985057
octoginta,0.94471717
praecido,0.9857185
oportunus,0.9766872
obsisto,0.9856049
decorus,0.9757732
edico,0.9827619
biennium,0.97245437
xxx,0.6527941
uenundo,0.96278954
obses,0.9832935
balneum,0.99002934
lx,0.9179362
edicto,0.8921301
hebraeus,0.9648539
permoueo,0.986457
rubus,0.91735315
mirabiliter,0.9639068
abnueo,0.97359073
sollemnitas,0.9212078
rubrus,0.9561097
exin,0.9834102
glacialis,0.98424804
crebro,0.98593843
hibernus,0.98683506
mutuor,0.9615877
conscendo,0.98906577
proficisco,0.9457549
centurio,0.9683442
clangor,0.9726007
lampas,0.97550184
uindicta,0.9835094
affor,0.9808294
uestimentum,0.96672344
euphrates,0.9768323
immoror,0.97009456
xx,0.92466164
iii,0.9287439
septingenti,0.95898104
consanguineus,0.97290105
excepto,0.9515259
iordanes,0.8369272
obsidio,0.98497206
pontius,0.90451646
negotior,0.95740515
suffigo,0.9648824
destituo,0.98689175
depulsus,0.98053384
abnuo,0.9771044
triennium,0.97994804
discerpo,0.9766401
praeterquam,0.9207646
occubo,0.97178787
discindo,0.96612215
iiii,0.88267577
discordo,0.97721255
recepo,0.9771896
proculus,0.96617365
corruo,0.9631943
regulus,0.9728237
diffudo,0.9528394
fastidio,0.983285
uecors,0.9677273
modestus,0.94162554
ungo,0.9540467
tardo,0.979292
armiger,0.96287096
spiculum,0.9906521
optio,0.9650413
altercatio,0.95394766
adiudico,0.92911184
librarius,0.951819
quidni,0.96608156
quadragesimus,0.975498
pueritia,0.9589726
uacca,0.9660417
ascribo,0.97063094
uehementior,0.9798521
uii,0.7284268
uineus,0.97037137
immodicus,0.9884417
effectus,0.962052
germe,0.9868657
uera,0.9400796
v,0.8960994
l.,0.92450714
iugis,0.97326034
anterior,0.9510181
solacium,0.9925945
compulsus,0.9673488
xii,0.89049655
abscindo,0.9744531
divido,0.9367156
babylonia,0.95805186
coniuratio,0.9711068
conuersatio,0.97513604
quadro,0.9841429
medus,0.9794911
uicinia,0.9705537
uergilius,0.988615
pauimentum,0.9618301
aspergo,0.9717814
forame,0.98054683
medi,0.9512302
patruelis,0.95330626
sexagesimus,0.9738585
adsistens,0.9740936
audo,0.97242963
permisceo,0.98340595
gula,0.9474236
occumbo,0.9807364
immitis,0.9821007
recupero,0.97786903
delego,0.95216346
pedes,0.9669788
cilicia,0.9750304
ululatus,0.9583927
circumcido,0.946271
tentorium,0.9614887
aegroto,0.9646167
macedo,0.9717572
posteaquam,0.9415085
seleucus,0.98311853
persis,0.966065
iason,0.9673922
alexandria,0.9732745
quinquagesimus,0.9687385
euidenter,0.9753147
praedor,0.9747919
tyrius,0.96892047
antiochea,0.9838449
destitutus,0.97859645
alexandrinus,0.91681844
iuvo,0.9738232
procurator,0.90445036
rufinus,0.95829093
uiii,0.38343763
congressio,0.96337134
festum,0.9571467
galba,0.93237275
commemoratio,0.9341201
cohors,0.98682934
antoninus,0.79319954
alpes,0.98490286
clericus,0.96462
afflo,0.96651024
sublao,0.97127414
confluo,0.97755456
marcellus,0.9560375
haereticus,0.98128337
exulo,0.9681673
auditor,0.92237574
ualens,0.90375787
iulius,0.9567908
criminosus,0.96948004
praestruo,0.97034883
factio,0.9612555
treueri,0.96475995
subnixus,0.9821392
eusebius,0.96623546
lucifer,0.972265
saturninus,0.94583344
occidentalis,0.9507572
isauria,0.9758196
generalis,0.9389718
auello,0.97866833
theodosius,0.9197676
subscriptio,0.94812536
peregrinatio,0.9744254
peritia,0.9708959
mina,0.9616147
constantinopolis,0.9209348
iniuriosus,0.95254666
fluxus,0.97547436
instanter,0.9650239
loquax,0.9877992
rufus,0.9623091
deporto,0.969457
uallis,0.9695734
primitus,0.9483696
subter,0.9626859
sedecim,0.951787
monasterium,0.9431679
lente,0.9402666
deorsum,0.9593471
domina,0.9769668
fa,0.9428258
castro,0.8878535
monach,0.93735737
cliuus,0.9739346
miliarius,0.96132576
surculus,0.96887565
codex,0.95834035
latine,0.981173
di,0.9559183
torrens,0.9446243
impugno,0.9776566
uilla,0.9815855
quousque,0.93597794
pulchrus,0.96226877
prendo,0.97658676
rationabilis,0.9431803
oliuetum,0.95729846
manduco,0.9661778
farina,0.96759295
undecimus,0.97255635
lasso,0.9893346
elegans,0.96089447
ecclesiasticus,0.9722162
iudaeus,0.96427536
dominium,0.8771509
priuilegium,0.9848526
inchoo,0.97488964
lucretius,0.8999991
al,0.8133288
agrippa,0.9469422
fusco,0.8911438
expando,0.95411545
insilio,0.9604562
amburo,0.95826393
c.,0.7025051
iv,0.86922383
libra,0.94744945
rutilus,0.9901606
camillus,0.9493284
coruinus,0.8991983
torquatus,0.9443871
albinus,0.9858541
metellus,0.9004353
claudius,0.9313787
lepidus,0.9117643
adiuro,0.95820487
pictor,0.97839725
catulus,0.9335725
messala,0.92572397
africanus,0.9660864
longinus,0.85607445
figulus,0.9478417
orestes,0.9411725
aemilianus,0.9346199
marius,0.895294
antonius,0.9342048
laureus,0.98137075
enuntio,0.98121476
marcellinus,0.9226637
octavianus,0.9505771
spira,0.96054393
laurus,0.9792055
xi,0.8157699
scelestus,0.96624875
uestibulum,0.97312754
xiii,0.77997065
creticus,0.97111493
tricesimus,0.98048544
a.,0.8175163
bassus,0.98151064
castellum,0.9727658
auitus,0.9834962
abrumpo,0.98937327
uictorinus,0.9334076
usquequaque,0.9779751
quintianus,0.9274261
gallienus,0.97377956
atrocitas,0.97223115
irruo,0.9644948
nepotianus,0.9517338
crispus,0.970113
consono,0.96017325
symmachus,0.9391963
dumtaxat,0.92031384
gratianus,0.9044714
ualentiniano,0.97746456
constantinopolitanus,0.9565916
praefectura,0.9330934
dilectus,0.8904998
alanus,0.9846356
arcadius,0.8706591
honorius,0.7873856
ejus,0.9649887
honorium,0.96761477
defectio,0.95301604
september,0.9659138
anthemius,0.9654191
contus,0.96945673
sebastianus,0.8747425
incommodum,0.9866618
aetio,0.9550842
basilium,0.8103635
corinthius,0.9162182
campester,0.9264748
carthaginiensis,0.93833673
pupillus,0.9293251
alaricus,0.9716889
depraedor,0.98367524
percussor,0.98465765
aquilo,0.9649582
quasso,0.98497534
theodoricus,0.9613038
terrificus,0.9724042
eurus,0.9846194
restauro,0.9628923
optimas,0.95527726
euoco,0.9784013
aestiuo,0.9815097
gothicus,0.96045166
diuturnus,0.97306323
subsequor,0.97181404
praeceptio,0.9581204
fultus,0.985457
latenter,0.95251423
februarius,0.9588783
foedero,0.9653948
attila,0.9627534
obuenio,0.9673948
marcianus,0.9387189
justinianus,0.7807292
direptio,0.9286372
periurium,0.9886347
firmissimus,0.96178615
abripio,0.97772187
dehisco,0.98597455
obuio,0.96767426
commutatio,0.95024383
abbas,0.9375255
seruandus,0.97141224
compitum,0.96511906
fideiussor,0.9274211
stagnum,0.9781251
libycus,0.9836354
omnimodus,0.9149884
uespera,0.96380013
sursum,0.9630343
fasciculus,0.8946062
fenestra,0.97344136
consolor,0.951408
spica,0.95876324
grandus,0.9607713
sarmentum,0.96721405
mundo,0.933367
audacter,0.9798134
aufugio,0.9700026
ueluti,0.9497771
incuruo,0.92856944
as,0.9001932
narratio,0.93410337
funis,0.9877437
angulus,0.97509193
parumper,0.9847144
thalamus,0.9920926
docendus,0.96211946
saalue,0.93008786
inlustro,0.9599922
repedo,0.9676557
adsuetus,0.95991313
subitus,0.9789107
gracilis,0.96983325
grauus,0.975448
ueneo,0.9756969
sulco,0.9917424
calleo,0.96404785
discessus,0.9665434
horribilis,0.96429
querella,0.96479523
iamia,0.9809437
siluus,0.98370844
summa,0.9707757
maculosus,0.9796649
pulcherrimus,0.99023724
morbum,0.93933946
frendo,0.96935356
haut,0.97244835
cautio,0.9560891
conuoluo,0.9810138
pallium,0.9637651
grauidus,0.97645587
nil,0.98525596
alternus,0.9877205
integre,0.9724564
egero,0.9841536
dicio,0.9775795
seges,0.99142003
curatio,0.8394563
sor,0.93803525
quapropter,0.95311576
patesco,0.9755187
harena,0.9898181
transcurro,0.98324645
socrus,0.9680211
caerulus,0.9840863
palla,0.96530604
nauigium,0.98298866
sustollo,0.97603345
coago,0.98029256
cubo,0.97421587
recubo,0.9742091
conuiua,0.97835636
ternus,0.98269403
ile,0.94084
deterior,0.9664135
uerbus,0.97553504
stupefacio,0.9719211
iunctura,0.96606255
latex,0.9928378
sinuo,0.9706634
reuincio,0.98481435
languida,0.9714655
mustum,0.972374
pallor,0.98829
tondeo,0.9749647
testatio,0.9369835
obliquus,0.97414035
indubitatus,0.9669367
solomo,0.98119336
germino,0.9784643
celero,0.9676295
frondosus,0.9503083
recipiendus,0.9340373
iactatus,0.9593238
pererro,0.9812411
misere,0.9494351
tyros,0.9621859
bidens,0.949227
infigo,0.9712275
cauendus,0.95749235
cumulus,0.98149717
mediocritas,0.96861356
dependeo,0.9760909
concresco,0.9692558
submitto,0.98496526
fortissimus,0.9880969
calix,0.9542045
uicissum,0.9870828
iugalis,0.9924075
flammaa,0.9700145
obtutus,0.9860085
primitia,0.8819914
lunaris,0.9737889
arator,0.97512203
temporalis,0.8914913
quini,0.98214495
nequiquam,0.98693043
eructo,0.94959736
fortiter,0.98385656
uerbero,0.9859948
laudandus,0.9759542
turma,0.9738018
fustis,0.9847221
strepo,0.98781276
infensus,0.9624165
harundo,0.96888477
coname,0.94751847
uehemens,0.97731763
intono,0.9730089
limo,0.92479324
iurgo,0.9501369
suspectus,0.9622105
eous,0.98751295
leaena,0.9626124
extemplo,0.95324737
opacus,0.98244035
aspiro,0.9684889
lentus,0.9771543
septeni,0.97819275
concauus,0.98395
conuexus,0.98169583
magnanimus,0.97573733
syrtis,0.9759356
posthac,0.92252684
insideo,0.98346907
insono,0.96063447
conticeo,0.97654164
exanimis,0.9851099
caesaries,0.96121013
supinus,0.9846401
marcidus,0.9764209
raucus,0.992682
chaos,0.9827938
calo,0.9753179
dido,0.88433015
puniceus,0.98705757
inclytus,0.95460814
lar,0.97987163
laxus,0.9689559
quaterni,0.97397906
uelis,0.98205584
mino,0.9552283
deuerto,0.9712078
papilla,0.97891563
manipulus,0.9136501
astringo,0.9777712
peruigil,0.97800964
mucro,0.9920804
reluceo,0.9664777
perpes,0.9500112
peruro,0.9794363
adgrego,0.95891374
temperies,0.9765825
congeries,0.9800874
formosus,0.97477484
mell,0.95640147
cereus,0.96369314
uesta,0.9642321
uaporo,0.9775772
torridus,0.9841336
fors,0.9806266
obnitor,0.9766884
glaucus,0.98404527
primaeuus,0.977869
caelicola,0.98736906
hymenaeus,0.9718135
depasco,0.98275846
inlecebra,0.98021305
niualis,0.97834206
intexo,0.97452384
parca,0.97489977
crinitus,0.97811836
longaeuus,0.97191936
oborior,0.96200955
auernus,0.96200097
crepito,0.98240596
uagina,0.9608593
funereus,0.9884228
adimpleo,0.94593835
iaculus,0.98811483
asporto,0.9516903
aenus,0.9760784
undo,0.9619847
abies,0.9617675
prospectus,0.96765393
pyra,0.9717809
uenerus,0.96596086
adsiduus,0.9647434
uada,0.96884793
seres,0.9697365
murex,0.9848049
concha,0.9750737
septum,0.9499749
abiectus,0.9699641
reseco,0.96338737
tartareus,0.9822396
camena,0.9838246
disertus,0.98034686
troia,0.96979773
blande,0.986448
erilis,0.96815467
pollex,0.98711014
iuba,0.9767201
garrulus,0.9831062
rosa,0.9802896
arco,0.975802
congruus,0.9767956
candeo,0.98892784
nigrus,0.97662187
bellator,0.9577557
uiator,0.99195594
subtilis,0.9737948
lepor,0.96997124
deliciae,0.9762887
metrum,0.9807363
acutus,0.9645318
robus,0.95111525
crista,0.9797218
uectigal,0.96620846
cornipes,0.99156314
pharetra,0.98437345
lictor,0.97595924
sibilo,0.9823624
phalanx,0.9676907
peplus,0.9707342
schema,0.9395112
mollus,0.97723067
lepus,0.96921617
toruus,0.98797226
uersiculus,0.9735043
nouerca,0.9685962
cognatio,0.92437327
ursa,0.9672819
exedo,0.9752259
uocalis,0.9654318
ridiculus,0.97158176
mordeo,0.97749865
gyro,0.94272375
sospes,0.9728174
syllaba,0.9711895
piscina,0.9575354
inriguus,0.96710837
uultur,0.9737811
defectus,0.95418143
angulo,0.96618176
diuello,0.96914816
munero,0.95151186
uinculo,0.9750614
extensus,0.94927245
tulo,0.963153
praegnans,0.9725653
assiduo,0.96895516
amico,0.939726
contemplo,0.96981514
scalpo,0.9780905
diuitiae,0.9694793
generosus,0.9828312
sudis,0.9583491
creuo,0.9810816
ecquis,0.96749544
norma,0.96566474
lacuna,0.96201295
congressus,0.9567509
hastile,0.9724057
respergo,0.98640895
facesso,0.9728558
remoror,0.950972
transfundo,0.9666214
ueter,0.9423511
uicinitas,0.9588683
tinguo,0.9651143
crystallum,0.9819063
oboedio,0.9810776
influo,0.96217227
hedera,0.96896935
inlicio,0.96916854
rictus,0.9796822
iugiter,0.9827751
exundo,0.97555286
nux,0.9607748
crepo,0.97589517
largitas,0.94400007
inbuo,0.96753085
perstrepo,0.96858084
paganus,0.97683066
inconditus,0.97720516
thrax,0.9674714
caeruleus,0.98786503
digitum,0.92881197
lacer,0.96189153
adflictus,0.95621014
rhetoricus,0.96521723
deciens,0.9800379
spectabilis,0.8957423
bipennis,0.9837376
arto,0.98815346
suppleo,0.9686202
praeuideo,0.9748592
socialis,0.90275097
supellex,0.9794085
uenor,0.9694265
uallum,0.97939086
fulmineus,0.9657137
parthicus,0.97371715
adoptio,0.93225026
exosus,0.9803289
umeo,0.97253466
clementer,0.97730505
adtritus,0.9645487
exaggero,0.97406644
porticus,0.9841695
intrinsecus,0.9516436
rhodanus,0.9714253
canities,0.9786887
eueho,0.98061067
pernix,0.98160565
serra,0.9662545
distributio,0.94500566
rotundus,0.9849725
signifer,0.95410717
pertimesco,0.9477
adserens,0.96414596
nequissimus,0.96296597
pupilla,0.8743719
salubriter,0.97343755
iactura,0.9783646
ferax,0.9785204
exaro,0.93725735
armus,0.9578686
tabulatum,0.9684696
papa,0.8824991
metor,0.9795114
calefacio,0.9581842
conculco,0.9594776
aeneus,0.97510695
caelebs,0.97894293
structura,0.90361166
corinthus,0.9633406
lituus,0.97117656
ui,0.94008815
rhenus,0.9699466
pugnax,0.9727099
creandus,0.91769505
ulcisco,0.9328744
planto,0.92582583
adiutor,0.9324392
adips,0.95672446
uehementer,0.9850615
cataracta,0.9255342
adulescentia,0.9595743
conuallis,0.95432156
australis,0.9392236
sulphur,0.9465208
indicus,0.8933019
servo,0.87914854
accerso,0.9606135
uenatus,0.9805782
senso,0.96731377
pinguedo,0.95556444
subpono,0.9689177
quattuordecim,0.96543187
terebinthus,0.9567909
anas,0.90583855
uiduitas,0.9752233
intumesco,0.98030084
prudenter,0.96602935
cibarium,0.961328
emptor,0.9633271
clare,0.91769034
commuto,0.9860052
propinquitas,0.95668054
roboro,0.96974784
fortus,0.9652699
mensus,0.9528708
festiuitas,0.96381396
equitatus,0.96155065
uestitus,0.9660629
iusiurandum,0.9493746
semis,0.9034873
balteus,0.96717894
hi,0.95559764
elego,0.9508643
septentrionalis,0.93193763
remissio,0.911695
caprea,0.9536879
delictus,0.95649886
iniungo,0.9795313
insido,0.94925225
saluberrimus,0.957574
confirmatio,0.8774516
deuasto,0.9832259
obstringo,0.96908396
pascuus,0.9348904
lorica,0.9695687
aquaeductus,0.95116425
mula,0.95524204
magnopere,0.93927157
uespertinus,0.95790946
diuulgo,0.97787994
auriga,0.9741219
derelico,0.9490079
aethiops,0.9550655
eruditio,0.9214459
quaerendus,0.96423835
obstrepo,0.9731153
refectio,0.9288733
tetricus,0.95679563
iulianus,0.8717456
magne,0.96688217
augmento,0.97687626
generaliter,0.91195965
iracundus,0.9700806
circo,0.9754872
dulcus,0.9666086
ptolomeus,0.9793466
donatio,0.9611019
conuolo,0.9718038
quadrans,0.91918546
munificus,0.9676511
subtiliter,0.91283107
pacio,0.9037587
nequis,0.93327975
exinanio,0.8865825
decerto,0.96786535
denarius,0.96605814
taxo,0.9359813
sacrosanctus,0.9655743
singillatim,0.97081417
perduro,0.9374218
firmior,0.9696307
creatio,0.86851776
xv,0.853968
aduerbium,0.97347766
actiuus,0.8767988
pronome,0.9784002
madefactus,0.972121
ilicet,0.9796034
instructio,0.95564127
plectendus,0.9186436
flammeus,0.971619
coherceo,0.9824672
orthodoxus,0.9775301
suggestio,0.92516005
quum,0.9641986
nullatenus,0.9442016
decessor,0.9506917
noxalis,0.86697185
eximium,0.9711255
iustinus,0.9185016
inquid,0.9733689
iustinianus,0.88453174
anastasius,0.7998789
justinus,0.8201926
particularis,0.8466603
