Token,PRT
graecia,1.00304598
phoebus,1.003143633
nilus,1.003658462
athenienses,1.00428753
parthi,1.004572627
cicero,1.004896234
caesar,1.004900655
pythagoras,1.005035417
persa,1.005036575
asia,1.005049987
thracia,1.00509291
athenae,1.005188429
olympus,1.005215835
aruum,1.005217493
lacedaemonii,1.005318953
musa,1.005341871
uicinus,1.005342835
tonans,1.005461488
nereus,1.005494568
caterua,1.005515332
frango,1.005518502
libya,1.00552416
lacedaemonius,1.005526689
uestigium,1.005542942
graecus,1.005550285
pyrrhus,1.005570087
uiscus,1.005583372
rhenus,1.005607477
homerus,1.005649044
bithynia,1.005677404
cato,1.005773372
indus,1.005821765
uitis,1.005867336
phryges,1.005970876
uastus,1.005985573
lyaeus,1.006038744
uinco,1.006075927
macedones,1.006123703
graecum,1.006131026
pompeius,1.006164984
gracchus,1.00622263
gelidus,1.006237844
tiberis,1.006245209
rapidus,1.006290378
uenenum,1.006293388
hector,1.006309437
ceruix,1.006325402
nouem,1.006372689
libycus,1.006387138
laeuus,1.006404782
uestis,1.006438484
poenus,1.006451822
saeuus,1.006462483
latium,1.006469324
premo,1.00647577
macedonia,1.006498318
puppis,1.006510235
ionius,1.006548512
hister,1.006559435
carbasa,1.00657532
lydia,1.006608437
niueus,1.006669052
corinthus,1.006738188
autumnus,1.006765152
priamus,1.006816005
cauus,1.0068172
thybris,1.006824016
africa,1.006825314
campus,1.006829125
seco,1.00683917
iaceo,1.006844163
uexo,1.00689819
romulus,1.006900653
telum,1.006919149
longus,1.00691957
thessalus,1.006960984
obuius,1.006962118
tyrius,1.006977545
metellus,1.00697937
persis,1.006987682
maurus,1.007001806
italia,1.007005911
haereo,1.00704594
silua,1.007075396
mollis,1.007122121
uertex,1.007154504
danai,1.007158545
sonipes,1.007166759
rumpo,1.007170111
thessalia,1.007172847
parthus,1.007186492
caecilius,1.007196157
iungo,1.007197475
medus,1.007201618
uario,1.007213574
capitolium,1.007220219
flecto,1.007220498
cingo,1.007258338
claudius,1.007295261
achaia,1.007300852
feruidus,1.007322629
tumidus,1.007334087
murmur,1.007375229
grauis,1.00737834
alpes,1.007405263
cyprus,1.007426264
quirinus,1.007427464
aurora,1.007452301
specto,1.007528543
tristis,1.007545164
numa,1.007551282
leuis,1.007556232
diues,1.007572754
placidus,1.007578056
atheniensis,1.007618236
illyria,1.00761833
auidus,1.00762482
angustus,1.007660316
fretum,1.007695453
amnis,1.007705178
arbor,1.007705931
fluctus,1.007713784
troia,1.007757727
traho,1.007763102
auentinus,1.007801238
raucus,1.007813487
tarpeius,1.007829546
iacto,1.007868596
cecropius,1.007886848
cuspis,1.007908008
axis,1.007917287
bacchus,1.007938101
misceo,1.00794384
aequor,1.007947593
tego,1.007957253
ganges,1.007965651
rhodanus,1.00797404
aether,1.008030536
aratrum,1.008049808
nodus,1.008056544
uoluo,1.008068828
lustro,1.008086583
herculeus,1.008099616
latebra,1.008113833
ferus,1.008114789
aestus,1.00814833
tardus,1.008148364
thebani,1.00817145
iuuencus,1.008183251
arena,1.0081917
uarius,1.008198803
tarquinius,1.008214463
tellus,1.008221023
rupes,1.008222796
certatim,1.008227444
graius,1.008245807
lysimachus,1.008245947
lateo,1.008256631
unda,1.008283488
pallidus,1.008284805
aeuum,1.008290885
uulnus,1.008301593
plato,1.008328249
trux,1.008335521
paris,1.00833975
uagor,1.008366627
syrtis,1.008370069
calliope,1.008372486
cxx,1.008382615
albis,1.008386238
uentus,1.008387374
uicissim,1.008415015
rubeo,1.008415845
patulus,1.008421379
saxum,1.008429754
tremulus,1.008435397
maestus,1.008441458
peto,1.008444541
geminus,1.008486039
caspius,1.008486477
seges,1.008487383
lycurgus,1.008497747
medulla,1.008500008
litus,1.008504324
domitius,1.008507842
nauigo,1.008510821
achilles,1.008525717
aethiopes,1.008531822
pontus,1.008535693
euentus,1.008537084
lacertus,1.00855216
leuiter,1.008558165
densus,1.008584717
horridus,1.008590089
rigeo,1.008598
notus,1.008627869
romani,1.008638246
indomitus,1.008643141
belua,1.008656047
iliacus,1.008657279
india,1.008661004
frons,1.008683257
iuuo,1.008701668
ripa,1.008702083
soluo,1.008708137
procella,1.008714556
delphi,1.008730791
circe,1.00876226
exhaurio,1.008772265
membrum,1.008773753
ueho,1.008791594
uenalis,1.008801127
carthago,1.008803001
interuallum,1.008838907
lachesis,1.008850293
uernus,1.008880856
alternus,1.008886996
illyrii,1.008902452
amazon,1.008907878
rabies,1.008917006
ales,1.008924669
nimbus,1.00894506
rapio,1.008948999
phrygia,1.008994481
uolatus,1.009002667
camillus,1.009014375
gallus,1.009016464
dulcis,1.009016909
fatum,1.009018019
cortex,1.009020817
ceres,1.009027049
aegaeum,1.00902709
seruo,1.009031265
aemilius,1.009032505
concutio,1.009033141
muto,1.00903911
capto,1.009047731
haemus,1.009073809
carpo,1.009078127
indi,1.009079624
antiochus,1.009083114
quatio,1.009085283
mauors,1.009085776
uadum,1.009089271
lacesso,1.00909454
uiolo,1.009097746
uelox,1.009098323
tener,1.00911006
caeruleus,1.009134523
lacero,1.009135039
recessus,1.009142186
uictoria,1.009153096
imitor,1.009168592
uox,1.009169621
hiberus,1.009171141
dirus,1.009180385
uictrix,1.009199249
albanus,1.009261363
inuidia,1.009263469
tusci,1.009313694
patrius,1.009328151
durus,1.009330454
ualidus,1.009357583
exiguus,1.009362001
chrysippus,1.009362482
soleo,1.009367936
bosporus,1.009374469
romanus,1.009379164
perago,1.009382135
colo,1.009386944
breuis,1.0093997
carmina,1.009402702
obliquus,1.009412735
reddo,1.009431616
pateo,1.009431896
cappadocia,1.009450858
terreo,1.009452042
pectus,1.009468422
alpinus,1.009475437
uerber,1.009487732
accipus,1.009505066
anguis,1.009521003
fessus,1.009522259
nocens,1.009529348
moueo,1.009549546
uotum,1.009549807
ignotus,1.00955943
flamma,1.009565537
diomedes,1.009581303
germania,1.009581732
niliacus,1.00958954
pollux,1.00959082
fauor,1.009597584
procer,1.009615392
lucanus,1.009620731
rigidus,1.009626151
mergo,1.00963495
hiems,1.009646621
arctus,1.009649119
pellaeus,1.009661357
sollertia,1.009662268
liuius,1.009669435
ingemo,1.009679464
propontis,1.009685745
greekword,1.009689115
acer,1.009697817
uenus,1.009710844
uinculum,1.009721512
frigus,1.009744996
lacaena,1.009745155
euphrates,1.009749876
furo,1.00975315
alcibiades,1.009761858
lycia,1.009763647
lentulus,1.009767213
diffundo,1.009793514
uro,1.009806954
messala,1.009809314
crinis,1.00982046
occupo,1.009831692
padus,1.009835462
frenum,1.00983734
uerecundia,1.00986318
condo,1.009868467
duco,1.009877253
alo,1.009883913
porcius,1.009889019
ratis,1.009889397
mucius,1.009893615
argiuus,1.009897425
ramus,1.009897517
somnus,1.009898325
uolucris,1.009912386
ardeo,1.009927969
resoluo,1.009958502
minax,1.009964604
porrigo,1.009966181
blandus,1.009968673
catena,1.00997702
purpureus,1.009988387
includo,1.009992821
artus,1.010028684
flagro,1.01003257
iocus,1.010035437
delphicus,1.010045395
tirynthius,1.010045963
attollo,1.010057866
conscius,1.010059968
resono,1.010077749
ductor,1.010095174
antrum,1.010097585
naufragium,1.010102018
sidus,1.010105151
loquax,1.010105979
memphis,1.010107329
labor,1.010119025
strido,1.010120349
fera,1.010128449
arma,1.010156032
latinus,1.010157997
cedo,1.010158666
primus,1.010167621
remoueo,1.010179461
sucus,1.010210488
attalus,1.01021777
ignauus,1.010224008
cacumen,1.010226261
infestus,1.010242449
feruor,1.010243287
uictus,1.010246553
congero,1.010253346
carmen,1.010255473
solus,1.010260035
nemus,1.010283284
nuto,1.010283404
ludo,1.010321231
pondus,1.01032319
aura,1.010324508
partim,1.010350402
sulcus,1.010355217
urgeo,1.0103617
cilicia,1.010371426
fremitus,1.01037277
supero,1.010379202
hebrus,1.01038786
imber,1.010392878
alpis,1.010398108
uexillum,1.010401119
horreo,1.010402524
altus,1.010403669
ueneno,1.010408264
sentio,1.010421707
maturus,1.01043557
inuito,1.010442191
teneo,1.010444681
iuppiter,1.010453659
miror,1.010462368
remitto,1.010475239
obicio,1.010485946
pharius,1.010495245
marius,1.010496108
roseus,1.010508563
aiax,1.010509176
connubium,1.010513429
nitidus,1.010517561
troianus,1.010524027
inuoluo,1.010571897
uates,1.010575688
aristoteles,1.010583211
tanais,1.01058448
strepitus,1.010587988
totus,1.01059307
nouus,1.010596351
resto,1.010607273
ferrum,1.010608124
onero,1.010645876
uectigal,1.01064775
sinus,1.010655769
canorus,1.010664552
gemino,1.010668537
threicius,1.01067258
madeo,1.010674986
curuus,1.010683216
supersum,1.010683822
auarus,1.010687575
quarta,1.010708171
uagus,1.010708667
andromeda,1.01071273
phaethon,1.010719652
carthaginiensis,1.010727499
alueus,1.010731911
pompilius,1.010737593
discedo,1.010750783
iacio,1.01075931
praetereo,1.010763072
inuictus,1.010774123
hannibal,1.010781695
rarus,1.010784355
suboles,1.010794755
citro,1.010807404
mithridates,1.010818924
uireo,1.010825315
labrum,1.010828801
tempestas,1.010847056
feritas,1.010851031
asiaticus,1.010854498
diuido,1.010855269
hesperia,1.010865471
rideo,1.010876319
mycenae,1.010878685
fortuna,1.010887138
amitto,1.010888279
flumen,1.010890999
fuluius,1.010892123
inuideo,1.010908398
apollo,1.010929698
achaei,1.010932189
flos,1.010945446
adsuesco,1.010947731
stuprum,1.010966934
ater,1.010974385
figo,1.010976698
queror,1.010978864
pallas,1.010979266
limes,1.010994985
phoebeus,1.010995724
pronus,1.011011241
obscurus,1.011014908
bellona,1.01101611
linquo,1.011018522
celer,1.011024649
madidus,1.01103415
erigo,1.011035199
uilis,1.011035733
poples,1.01103615
cubile,1.011037065
deicio,1.011037195
uulgus,1.011054912
offendo,1.011057883
tethys,1.011061894
fabricius,1.011062862
nutrix,1.011076679
laeua,1.01107872
fragor,1.01108132
armenia,1.011081802
capitolinus,1.011086961
democritus,1.011104769
uiolentia,1.011121364
manlius,1.011129285
tueor,1.011132286
soloecismus,1.011137013
tagus,1.011138445
nascor,1.011138752
ingens,1.011141809
uultus,1.011146283
funus,1.011157308
creta,1.011158063
reuoco,1.011163782
uitium,1.01116849
edo,1.011173767
minerua,1.011178194
pythius,1.011185537
uiginti,1.011186421
aggredior,1.011207861
conuiuium,1.011216192
mitis,1.011236238
defigo,1.01123647
redeo,1.011245827
inanis,1.011260808
cano,1.011261132
auernus,1.01127579
illyricum,1.011287122
uicina,1.011292277
auide,1.011295764
pannonia,1.011295931
pasco,1.011303404
aduerto,1.011308624
insula,1.011310416
coeo,1.011319648
macedonicus,1.011322092
fingo,1.011325063
canopus,1.011326081
fugio,1.011331922
caleo,1.011344578
trepidus,1.011345258
inuado,1.011348101
differo,1.011355669
thraces,1.011393072
certus,1.0114127
graii,1.011415562
uito,1.011427028
posco,1.011430379
spargo,1.011432627
uibro,1.011441564
neruus,1.011444583
tento,1.011447093
monstrum,1.011449559
cappadoces,1.011451327
gesto,1.011466162
sterno,1.01146676
cohibeo,1.011473118
fallo,1.011476733
proserpina,1.011479729
iuuentus,1.011486818
fluuius,1.011499179
hostilis,1.011499945
curro,1.011507809
harundo,1.011511139
spiro,1.011514518
campania,1.011527457
nerua,1.011535788
gradiuus,1.011536286
hospes,1.011548967
sollicito,1.011560837
obscenus,1.011562397
thetis,1.011563271
nex,1.011572368
camena,1.01158188
apis,1.011586044
habena,1.011591998
cytherea,1.011598362
claudo,1.011609223
rabidus,1.011617481
adueho,1.011628951
nubila,1.01162919
neptunus,1.011631025
crista,1.011632855
urna,1.01164363
collum,1.011647364
aegyptii,1.0116534
niteo,1.011660495
cruentus,1.011667706
metus,1.011675389
euenio,1.01168076
uerso,1.01168319
intrepidus,1.011689741
taeda,1.011697465
paro,1.011699848
rhodii,1.011700228
suspirium,1.011710419
pergama,1.01171848
scopulus,1.011728176
iulus,1.011732191
nitor,1.011738809
inuitus,1.011756268
parua,1.011756699
uapor,1.011772617
delia,1.011793948
duo,1.01180193
uolumen,1.011811457
cieo,1.011828269
crudelitas,1.011844202
uiolens,1.011862163
securus,1.011862992
turbo,1.01186941
exsanguis,1.011877971
ictus,1.011882291
subigo,1.011884178
classis,1.011905197
uinetum,1.011905281
nestor,1.011915628
ortus,1.01191707
fatigo,1.01192798
conualesco,1.011931619
pudeo,1.011932105
uelocitas,1.011949183
pinna,1.011950176
xanthus,1.011961056
pelion,1.01197033
immemor,1.011976176
plaustrum,1.011988335
ensis,1.011999892
afer,1.012004345
simulo,1.012009501
inualidus,1.012018896
pecus,1.012020934
eripio,1.012023422
humerus,1.012035647
riuus,1.012042663
letum,1.012042883
fidus,1.012049228
uacuus,1.012050632
aetherius,1.012057994
hasta,1.012073334
diuortium,1.012081809
cresco,1.012083435
uehementer,1.012090412
ptolemaeus,1.012090896
doceo,1.012116312
supinus,1.012122769
fruor,1.012125434
pinguis,1.012139876
gaudeo,1.012151893
sileo,1.012153854
centum,1.01215932
erro,1.012159845
gemo,1.012161218
desinus,1.012162196
auaritia,1.012163625
solor,1.012168854
relinquo,1.012184444
tarentinus,1.012189543
obsto,1.012192601
sertum,1.012193413
fas,1.012193869
sequor,1.012194203
tutus,1.012198895
limen,1.012200076
iners,1.012218019
expello,1.012239735
caucasus,1.012243673
prosum,1.012258253
superus,1.012262741
uehiculum,1.012263913
pello,1.012277228
antigonus,1.012282166
caesareus,1.012282303
hellespontus,1.012284841
aduento,1.012289033
syracusani,1.012290383
barbarus,1.012290418
uerto,1.012296903
cleopatra,1.012299497
exuuiae,1.012308101
redigo,1.012317264
rego,1.012327502
careo,1.01232796
fecundus,1.012331884
pars,1.012337822
tremo,1.012340761
theatrum,1.012341241
struo,1.012354121
fabius,1.012364462
praecordia,1.012368664
laedo,1.012370868
luctus,1.012374717
demens,1.012377751
uincio,1.012378285
refulgeo,1.012382684
uerres,1.012387119
pellis,1.012400344
tenuis,1.012402211
noceo,1.01242195
uirgo,1.012425167
bellum,1.012428313
satio,1.012430288
breuiter,1.012431325
arabes,1.012436267
oceanus,1.012445341
utor,1.012445968
pueritia,1.012446704
pons,1.012452301
sal,1.012452822
parca,1.01245627
marsi,1.012464039
anser,1.012467803
uer,1.012470659
delubrum,1.012472929
thalamus,1.012473804
minucius,1.012489194
libyes,1.01249349
tacitus,1.012494467
thermopylae,1.012502563
uoluntarius,1.012502784
audeo,1.012502964
spectaculum,1.012513604
maneo,1.012515646
lambo,1.012517347
horatius,1.012528404
inuisus,1.012530169
stagnum,1.012532409
herba,1.012539734
amicus,1.012540363
annuus,1.012542535
meroe,1.012559551
magnus,1.012600124
praefero,1.012623162
deuinco,1.012626179
iuuenta,1.012630926
helenus,1.012645429
dis,1.012654183
aspicus,1.012655923
curius,1.012661483
decerpo,1.012666354
crus,1.012667483
cura,1.012669806
socer,1.012681857
cerno,1.012692091
uenia,1.012697277
messis,1.012701867
parthicus,1.012714078
fucus,1.012735022
uirilis,1.012736709
pratum,1.012738647
fraternus,1.012761917
duro,1.012771443
gramen,1.012784029
spiculum,1.012786389
tartarus,1.01280923
impunis,1.012814593
hyrcani,1.012819168
actiacus,1.012821826
postumius,1.012823646
uocabulum,1.012846703
disco,1.012847089
ccc,1.012869013
tres,1.01286973
maro,1.012875007
occurro,1.012879069
animus,1.012880721
sabini,1.012887249
caedes,1.012895634
eridanus,1.012902589
marcius,1.012911998
anxius,1.012915414
stipulatio,1.012915751
clamor,1.012920524
cumulus,1.012930009
mater,1.012932127
crudelis,1.012955429
aonius,1.012957998
confinium,1.012967674
puto,1.012968384
tendo,1.012970439
fulgor,1.012970815
accido,1.012971414
adsum,1.012971417
reuello,1.012972822
supplex,1.012974371
uergo,1.0129761
noto,1.012990873
adulterium,1.01299318
charybdis,1.013000719
peritus,1.01300279
demitto,1.013014997
cyprius,1.013015117
thalia,1.013016503
queo,1.013017853
sinister,1.013024168
puerilis,1.013037718
maeror,1.013038625
athos,1.013039148
armo,1.013041713
moles,1.013046081
amor,1.013052463
byzantium,1.013055143
ternus,1.013060267
filum,1.013079142
glacio,1.013088184
niger,1.013091956
hyperboreus,1.013097892
iuno,1.013100207
strepo,1.013102046
decipio,1.013104526
saeuitia,1.013105451
dacus,1.013105468
pendeo,1.013107282
priuatim,1.013116218
umbrosus,1.013126767
praebeo,1.013135368
mano,1.013136607
bustum,1.013136684
laetus,1.013147375
admoueo,1.013148775
uinum,1.01315673
perseus,1.013160193
generosus,1.013172941
muliebris,1.013180152
alumnus,1.013193042
spolio,1.01319404
iuuenis,1.013218054
ausonia,1.013231738
helicon,1.013233522
cursus,1.013245576
spatium,1.013249712
uulnero,1.013253988
uitio,1.013260024
arabia,1.013264851
excito,1.013267397
profugio,1.013270677
hiemo,1.013279256
coma,1.013288447
gemitus,1.013292463
piger,1.013300575
latex,1.013306579
brundisium,1.013307914
pondo,1.013310818
repono,1.013312321
marcellus,1.013312665
clarus,1.013319273
pollex,1.013320956
papilla,1.013321181
permisceo,1.013324559
iulia,1.013333231
pierius,1.01333335
seueritas,1.013340178
agger,1.013344487
pereo,1.01335318
nefas,1.013357834
nescius,1.013372526
paulo,1.013384839
nudo,1.013386816
desino,1.013388898
lasciuus,1.013393721
epulae,1.013393814
ara,1.013397205
procurro,1.013398115
reuiso,1.013403819
uarietas,1.013405112
uirus,1.013405164
asellus,1.013410457
quies,1.013428379
abigo,1.013430228
cimbri,1.01343909
geticus,1.013441179
uesta,1.013441636
lusitania,1.013445537
diduco,1.013449717
cupidus,1.013452142
pulsus,1.013452601
laxo,1.013464246
iaculor,1.0134655
femina,1.013467509
excutio,1.013467821
cruor,1.013469472
cogo,1.013472111
conuiua,1.013474282
neapolis,1.013494231
cognatus,1.013501288
motus,1.013502804
adimo,1.013506151
egeo,1.013506417
cannensis,1.013506729
curuo,1.013513717
subito,1.013516933
demosthenes,1.013517039
attono,1.013524193
furtim,1.013527494
aesculapius,1.013529953
hortor,1.01353291
syllaba,1.013533642
obduco,1.013535643
iudaei,1.013537415
marcus,1.013543256
expers,1.013571272
italus,1.013585807
palus,1.013592555
timidus,1.013599513
immitis,1.013612026
proelium,1.01361453
perquam,1.013614649
quaero,1.013625518
papirius,1.013625531
agito,1.013645756
fons,1.013663804
succumbo,1.013664751
effero,1.013667393
fama,1.013668034
mors,1.01367069
cupressus,1.013688489
peruenio,1.013697993
europa,1.013699519
naris,1.013700695
ulixes,1.013704271
toga,1.013704627
liquor,1.013710629
uiolentus,1.013716842
atrides,1.013718109
intercipio,1.013723054
cynthia,1.0137274
capio,1.013730088
prosterno,1.013734392
augeo,1.013734641
tenax,1.013740921
nobilis,1.013745567
loco,1.013746066
segnis,1.013750916
edax,1.013752199
senium,1.01376315
infaustus,1.013766391
desum,1.01376699
augustus,1.01377827
equus,1.013779462
occido,1.013781071
cliuus,1.013800188
uersus,1.013805438
perdiccas,1.013805761
rumor,1.013806705
arceo,1.013807805
pelagus,1.013812072
caepio,1.013826928
nomen,1.013829558
splendeo,1.013831394
daps,1.013832234
prauus,1.013842545
percurro,1.013843498
opacus,1.013843613
bruma,1.013850362
sceptrum,1.013856267
largus,1.013859415
sordidus,1.013869446
scipio,1.013869873
serenus,1.013872858
tarentum,1.013879196
ambio,1.013888869
ignosco,1.013891447
nox,1.013900385
audax,1.013901991
gracilis,1.013907422
cadauer,1.013918748
inscius,1.013920772
hordeum,1.013922257
refero,1.013933289
uaco,1.013933681
ferox,1.013939571
obsideo,1.013945506
iter,1.013947631
atlanticus,1.013958651
totidem,1.013968959
xlui,1.013977891
uigilo,1.013978509
castor,1.013981582
parricus,1.013983531
mico,1.013985511
sepultura,1.014011715
exaestuo,1.014013579
addo,1.014013858
laeuinus,1.014020421
faueo,1.014021366
pudicus,1.01402508
domo,1.014026657
umbra,1.014031555
fletus,1.014034946
numantia,1.014050773
reuoluo,1.014052173
turma,1.014058444
delos,1.014063348
tabes,1.014064018
paruus,1.014070684
humanus,1.014075157
parens,1.014080151
contego,1.014083413
falsus,1.014089533
immotus,1.014090001
uarro,1.014094342
forma,1.014099485
saeuio,1.01410004
tyrrhenus,1.014100909
corpus,1.014103678
animaduerto,1.014129297
idaeus,1.014148364
perrumpo,1.014151226
taceo,1.014152877
tarquinii,1.014157446
ebur,1.014158647
certo,1.014161922
uetustus,1.014173412
pallor,1.01417743
dux,1.01417845
uolito,1.014181245
aeger,1.014181262
medeor,1.014186903
stimulus,1.01419092
coniux,1.014192292
mustum,1.014198507
comprimo,1.014202284
theophrastus,1.014203707
excidium,1.014214158
cunctor,1.014218635
trecenti,1.014218856
massilienses,1.014220394
mantua,1.01422165
tectum,1.014231603
stipo,1.014231703
modulor,1.014243549
debeo,1.014244583
gallia,1.014245213
existimo,1.014246272
gleba,1.014262362
incertus,1.014265731
caput,1.014268978
dignus,1.014273364
menander,1.014282059
debitor,1.014287738
lacrima,1.01428999
euoluo,1.014292405
praeceps,1.014306635
aspicio,1.014318835
aetnaeus,1.01433494
ianus,1.014336724
moneo,1.014337514
sedo,1.014338612
repentinus,1.014349005
babylonius,1.014349607
aequinoctium,1.014358209
achaicus,1.0143684
piget,1.014369825
impello,1.014377203
subitus,1.014384536
iura,1.014390086
castalius,1.01439224
infans,1.014398137
omen,1.014400569
postridie,1.014404266
inpello,1.014411708
palleo,1.014414341
spumo,1.014414449
admoneo,1.014427209
armenius,1.014435796
par,1.014436992
macedo,1.014443966
arista,1.014445129
ferax,1.014465461
nupta,1.014488997
uerus,1.014492864
nego,1.014495774
uigil,1.01449886
unguis,1.014500556
miserabilis,1.014502682
iugerum,1.014509096
sagitta,1.014511029
tigranes,1.014511405
adiungo,1.014512535
ruo,1.014517486
indoctus,1.014518554
maniplus,1.014519892
ultimus,1.014535603
assequor,1.01455083
pulso,1.014557611
rudis,1.014559073
uago,1.014563034
extinguo,1.014568729
ambiguus,1.014575392
discrimino,1.014576378
nota,1.014578819
languidus,1.014591184
munus,1.014613853
auunculus,1.014616316
diruo,1.014621604
exemplum,1.014626285
tyrannus,1.014626512
sedes,1.01462757
uolo,1.014633061
ferio,1.014639329
tumesco,1.014643413
eludo,1.014644446
pererro,1.014649
aethiops,1.01466069
usus,1.014668727
clipeo,1.014670149
ostendo,1.014676166
emineo,1.014680258
pabulum,1.014680838
memor,1.014682165
gallicus,1.014683034
ignobilis,1.014684208
iubar,1.014685896
desero,1.014690801
suspendo,1.014698824
cantus,1.014714037
armenii,1.014715616
plautus,1.014722964
periculosus,1.014730827
mos,1.014731251
plerusque,1.014742985
consido,1.014746346
uentosus,1.014749113
incumbo,1.014749922
findo,1.01475003
hispania,1.01475297
ueneror,1.014755213
repeto,1.014755309
euerto,1.014756711
iaculus,1.014760833
crepito,1.014764224
fido,1.01476494
uirgultum,1.014766848
ingratus,1.014776005
nomina,1.014780133
siccus,1.014781173
bis,1.014807565
xerxes,1.014816584
lupus,1.014821814
depono,1.01482936
fax,1.014830626
rusticus,1.014832412
media,1.014841702
triuia,1.014843687
hirsutus,1.014859965
tempus,1.014870541
iugulo,1.014876033
hermus,1.014878791
adiuuo,1.01488407
maereo,1.014892479
claro,1.014897008
massilia,1.014902201
subduco,1.014902942
gurges,1.014911739
pudicitia,1.014920924
occulo,1.014924133
corinthius,1.014927682
proueho,1.014942203
pareo,1.014947103
demo,1.014949045
colligo,1.014954178
nero,1.014954605
scytha,1.014958015
pugnax,1.014961714
tractus,1.014964776
immodicus,1.015026102
heu,1.015027385
galba,1.015030718
cassius,1.0150314
traicio,1.015040888
septingenti,1.015059606
pergamum,1.015065953
genetrix,1.01506798
detraho,1.015069201
arcadia,1.015072665
exsupero,1.015083785
auoco,1.01509996
congredior,1.015100939
persoluo,1.015104521
aestuo,1.015108027
desidia,1.015112742
lingua,1.01511416
pauidus,1.015118126
uenio,1.0151442
aduentus,1.015147601
folium,1.015156245
adsigno,1.015157848
exsul,1.015159245
maeotis,1.015163117
lego,1.015167827
accurro,1.015168522
neue,1.015181318
sollers,1.015181781
conuicium,1.01518596
uenabulum,1.015186407
ira,1.015194997
uitreus,1.015197528
mulciber,1.015198354
pollio,1.015199108
aetna,1.015205219
cultor,1.0152129
fraudo,1.015220652
pruina,1.015223271
assiduus,1.01522445
signo,1.015224644
requiro,1.01522573
ida,1.015228503
amictus,1.015239293
mummius,1.015240354
exanimo,1.015242986
uota,1.015246507
romuleus,1.015252935
contorqueo,1.015254353
aes,1.015255192
accendo,1.015262636
sono,1.015264908
ciuis,1.015265587
uentidius,1.015267366
pindarus,1.01527882
superbus,1.01528095
senus,1.015280999
apparatus,1.015289581
facilis,1.015295518
uilla,1.01529826
oliuum,1.015299453
titan,1.015313873
nauis,1.015314201
aetas,1.015330317
britannus,1.015333949
massyla,1.015334247
quinque,1.015336766
assum,1.015338523
nudus,1.015341553
mediocris,1.015343525
nutrio,1.015347484
uindico,1.015352395
acheron,1.015355114
piso,1.015356568
uescor,1.01535746
uetustas,1.015358645
auis,1.01535881
xluii,1.015364545
aureus,1.015364602
nusquam,1.015367396
laelius,1.015367689
uiuus,1.01537139
ago,1.015371762
sospes,1.015375043
uiuo,1.015378409
uenor,1.015382186
thessalicus,1.01538614
terentius,1.015386701
uanus,1.01538709
imago,1.015388376
saucius,1.01539119
insidiae,1.015395819
reparo,1.015398835
bipennis,1.015399069
fungor,1.015400242
transfero,1.015401738
erumpo,1.015403263
diana,1.01540418
pelasgus,1.015404594
siculus,1.015413382
fauus,1.015417724
cannae,1.01543204
depello,1.015433709
ueto,1.01543548
globus,1.015436292
propinquus,1.015444831
exigo,1.015455636
fugax,1.015456267
amplector,1.015456569
custos,1.01546492
orbita,1.015475253
murex,1.015490478
iurgium,1.015495571
anceps,1.015495928
mollio,1.015499187
aegyptius,1.015510256
admiratio,1.015512098
glomero,1.015513281
flammeum,1.015514594
cinna,1.01551842
nosco,1.015526746
metuo,1.015529368
effugio,1.015553097
solacium,1.015556631
karthaginienses,1.015557208
decus,1.015558511
summoueo,1.015561317
rhodope,1.015568875
caria,1.015572492
cornipes,1.015576994
reposco,1.015584373
displiceo,1.015588123
satelles,1.0155917
milesius,1.015593954
facile,1.015599177
anhelitus,1.015603551
stomachus,1.015604456
profundo,1.015612303
apulus,1.015613795
syracusae,1.015618391
prior,1.015621501
defero,1.015623324
troes,1.015630807
immitto,1.015641611
respicus,1.015651013
binus,1.015654882
locrenses,1.015658636
uallum,1.015669069
longe,1.015672453
pellex,1.015675761
fluo,1.015676045
argo,1.0156778
locuples,1.015678136
lac,1.015679813
rapina,1.015680002
damno,1.015688075
cocytus,1.015691076
casa,1.015693911
lubricus,1.015695226
floreo,1.015695578
apulia,1.015706339
auris,1.01571068
cremo,1.015719942
conuello,1.015721469
caligo,1.015722086
fastigium,1.01572323
coepio,1.015732192
flebilis,1.015735344
orbis,1.015739554
chorea,1.015742702
immensus,1.015745768
ancus,1.015753578
seruitus,1.015757627
niualis,1.015758868
uestalis,1.015770603
ptolomaeus,1.015772364
coeptum,1.015772858
laboro,1.015779715
atlas,1.01579021
deprendo,1.015796216
progredior,1.015796549
amoenus,1.015800053
pes,1.015800366
prodigus,1.015801729
procumbo,1.015802438
memorabilis,1.015805068
chius,1.015805353
aeacides,1.015808711
furibundus,1.015810288
uictor,1.015812943
augusta,1.015813285
tyrii,1.015819407
infit,1.015822414
albus,1.015830187
uerecundus,1.015838049
miletus,1.015843875
publius,1.01584473
iugulum,1.015846662
fertilis,1.015848427
sors,1.015849012
mordax,1.015850424
umbo,1.015852629
fames,1.015852667
ultor,1.015854453
getae,1.015856239
aptus,1.015864417
maeuius,1.015873605
commendo,1.015873654
ligus,1.015874468
maeonius,1.015876442
nequeo,1.015880517
far,1.015882688
celeber,1.015882857
moesia,1.015887488
uitalis,1.015888018
candeo,1.015888782
transeo,1.015891627
tranquillus,1.015892376
fossa,1.015921474
grauidus,1.015926532
sperno,1.01592834
fabula,1.015933893
deuenio,1.015934633
croesus,1.015938296
germani,1.01594303
deuincio,1.015948376
origo,1.015954162
flauus,1.015969748
caueo,1.0159704
auium,1.015972118
ars,1.015972578
collis,1.01597513
insignis,1.015976709
constringo,1.015976887
infandus,1.015980505
opto,1.015995256
placo,1.016000755
fasti,1.01600148
torridus,1.016002238
precor,1.016004108
scrutor,1.016004895
impono,1.016016713
stygius,1.016018223
tango,1.016036478
facundia,1.016038963
orbus,1.016047951
summatim,1.016052946
insatiabilis,1.016055623
gelu,1.016071124
mens,1.016072056
fumo,1.016072638
quattuor,1.016082017
nefandus,1.016083714
fretus,1.016084445
tityrus,1.016085791
macto,1.016087368
obses,1.01608958
apertus,1.016089992
sumo,1.016093687
trucido,1.016108355
fallax,1.016111676
faunus,1.01612662
plectrum,1.016133151
sitio,1.01614982
phasis,1.01616847
foedo,1.016173672
superstes,1.016176844
frequento,1.016178472
incito,1.016181918
acerbitas,1.016184139
ostrum,1.016189464
lucina,1.016189923
mauritania,1.01619671
obruo,1.016197786
uenerandus,1.01619942
asper,1.016208409
horreum,1.016208671
sexaginta,1.016211139
toruus,1.016213865
fundo,1.016222548
exardesco,1.016229703
inuidiosus,1.016232294
indignus,1.016233981
desisto,1.016256669
fraus,1.016259244
eques,1.016260285
haurio,1.016261459
seruilis,1.016262467
aetoli,1.016264086
alacer,1.016264391
fastidio,1.016279229
octo,1.016279916
uillus,1.016280014
promitto,1.01628508
cimmerius,1.016287826
mars,1.016290951
statua,1.016306163
patefacio,1.016309199
flaccus,1.016327718
epulum,1.016328182
bene,1.016328747
anfractus,1.016331214
odium,1.01633173
abicio,1.016332032
appius,1.016334777
regio,1.01633922
narbo,1.016339985
disto,1.01634047
iniuria,1.016342499
inultus,1.016348769
rimor,1.016354247
sero,1.016357512
succingo,1.016366776
prora,1.016368192
mentior,1.01637151
auratus,1.016373884
creber,1.016381381
citus,1.016392314
retineo,1.016399162
arcesso,1.016400833
mucro,1.016404603
scylla,1.016406491
uenter,1.016414779
exuro,1.016438283
uulcanus,1.016447115
turris,1.016448426
antiquus,1.016452367
corrumpo,1.016454632
sonitus,1.016455429
aer,1.016458636
perses,1.016460754
hibernus,1.016469284
uoluto,1.016493137
prosequor,1.016496154
sinuo,1.016500847
progenies,1.016515271
distinguo,1.016518228
deflecto,1.01652085
colchus,1.016523206
colonus,1.016527903
ciuilis,1.016532203
uerro,1.016534514
nuper,1.016535847
contentus,1.016536377
grauitas,1.016536441
centenus,1.016544579
pecten,1.016546272
uoluptas,1.016546381
lectus,1.016548611
appono,1.016548945
pannonius,1.016550613
hortus,1.016551112
uetus,1.016552568
cornelius,1.01656204
puer,1.016563663
pando,1.016565875
ulmus,1.016566484
lycaonia,1.016573077
reuerentia,1.016579903
perdomo,1.016584313
exitus,1.016585364
lacrimosus,1.016588915
ulciscor,1.016593188
exterreo,1.016599295
repello,1.016603416
deduco,1.016621191
praesto,1.01662137
contio,1.01662242
ferratus,1.016626961
nimium,1.016630702
sicilia,1.016632487
procerus,1.016645229
improuisus,1.01664706
cepheus,1.016649905
priapus,1.016660973
acerbus,1.01666213
auello,1.016668718
reprehendo,1.016675007
uindemia,1.016675939
arcas,1.016678299
araxes,1.016683384
quietus,1.016696415
morbus,1.016700987
pomum,1.016709156
color,1.016713758
luxuria,1.016717851
incendium,1.016721527
fleo,1.016723185
inuiolatus,1.016726814
sol,1.016743427
beneuolentia,1.016743544
candor,1.016747354
obtrunco,1.016748455
celo,1.016754699
merx,1.016755517
piscis,1.016778721
singillatim,1.016779475
frux,1.016780061
deuius,1.016782717
discrepo,1.016792032
imbellis,1.016793166
expedio,1.0167983
molior,1.016800318
praecipito,1.016801661
medicus,1.016814889
prodo,1.016816268
commercium,1.016817471
liquidus,1.016820714
committo,1.016831104
dissimulo,1.016832304
configo,1.016834053
grauido,1.016834918
confugio,1.01683551
consulo,1.016840572
dardanus,1.016843933
domitor,1.016848064
caedo,1.016854949
germanicus,1.016855207
opprimo,1.016863149
ignarus,1.016868795
uendo,1.016871644
merso,1.01687781
guttur,1.016889154
tullius,1.016891479
castus,1.016895508
appello,1.01689614
thracus,1.016902659
lucretia,1.016912797
perduco,1.016915058
induco,1.016930926
incolumis,1.016936481
letifer,1.016941989
hamilcar,1.016949773
timaeus,1.016951134
accio,1.01695277
iubeo,1.016963306
praerumpo,1.016965206
ire,1.016965373
temere,1.016972431
inopia,1.01697782
aequoreus,1.016978765
innumerus,1.016985144
socrates,1.016988776
stipes,1.017002566
locus,1.017005859
lugubris,1.017020002
arabs,1.017023162
chimaera,1.017029124
bellicus,1.017033714
armati,1.017036787
umidus,1.017038523
platanus,1.017046518
horrendus,1.017055216
aedilis,1.017058562
interimo,1.017060601
ferreus,1.017065571
troiani,1.017067993
lenio,1.017070091
sanguineus,1.017078354
ariminum,1.017078532
cognosco,1.017079907
diuersus,1.017080824
desilio,1.017092758
isis,1.017101631
exstruo,1.017113808
unus,1.017119788
deformis,1.017120659
spero,1.017120751
modeste,1.017125896
admodum,1.01712604
exter,1.017126584
orpheus,1.017127254
scelus,1.017134396
disicio,1.017136468
senecta,1.01713833
circumfundo,1.017152527
reseruo,1.017154023
libens,1.017154543
insolentia,1.017155396
corsica,1.017159917
praecurro,1.017161897
milo,1.017162747
fluito,1.017162948
caelius,1.017171385
dolabella,1.017176058
exspecto,1.017179351
impune,1.017181323
gremium,1.017184938
inflo,1.017198263
defendo,1.017200384
chaldaei,1.017201292
quattuordecim,1.017216218
inexpugnabilis,1.017217391
pelops,1.017228124
paulatim,1.017228869
seminarium,1.017241831
nauigatio,1.017244786
auriga,1.017248814
urbs,1.017262919
natus,1.017266102
uolucer,1.017266934
fremo,1.017268958
carina,1.017277486
cothurnus,1.017278219
uulgaris,1.017278274
radix,1.017281038
sibyllinus,1.017283476
captiuus,1.017289174
ueres,1.017302573
inicio,1.017306357
nebula,1.017320844
lepus,1.017322136
confodio,1.017324862
releuo,1.017329881
bubulus,1.017332732
attingo,1.017339994
aenus,1.017343059
utrubique,1.017343203
themistocles,1.017345413
poculum,1.017346153
uasto,1.017349232
situs,1.017350394
occultus,1.017351094
profero,1.017357339
scelero,1.017359434
falernum,1.01736325
aduolo,1.017363748
cado,1.017364786
significo,1.017367093
sterilis,1.017370163
imperium,1.017374021
fastidium,1.017375752
anhelo,1.017377735
turbidus,1.017385246
pisces,1.017390584
gemma,1.017391157
mesopotamia,1.017400558
archelaus,1.017405376
uecto,1.017420456
hecuba,1.017433876
doctus,1.017435977
galea,1.017438487
discerno,1.017444536
filix,1.017446225
lacus,1.017453741
damnum,1.017457746
aegaeus,1.017457803
siluestris,1.017458754
regalis,1.017464073
permulceo,1.017468087
comperio,1.017481128
prometheus,1.017499938
perdo,1.01750377
contemno,1.017504127
tatius,1.017508663
poeta,1.017510509
lasciuio,1.017525892
superi,1.017527644
nomino,1.017542586
gratus,1.01754481
impar,1.017546013
antipatrus,1.017567996
remeo,1.017580619
uoluntas,1.017580622
indoles,1.017585873
obstruo,1.017599385
diua,1.017617003
phoenices,1.017617789
apto,1.017618364
naeuius,1.017623102
purpura,1.01762795
asperitas,1.017629824
simultas,1.017635263
horror,1.017636052
affigo,1.017636107
despicio,1.017639866
cerebrum,1.017644032
extremus,1.017645511
transcurro,1.017660651
proditio,1.017665624
propemodum,1.01766751
tarentini,1.017672907
malus,1.017676595
quiris,1.017685416
quonam,1.017689592
ruina,1.017691101
pomerium,1.017693103
eburneus,1.017706838
secedo,1.017713121
perplexus,1.017726815
matrona,1.017729623
conprehendo,1.017747263
numidicus,1.017749466
hospitium,1.0177542
conor,1.01775644
parthenius,1.017757035
sextarius,1.017759001
lapis,1.017770188
uagitus,1.017774974
fateor,1.017776574
liberalis,1.017778416
alcides,1.017779308
lassus,1.017780394
spatiosus,1.017798697
bos,1.017799394
fulgeo,1.017808576
trinacrius,1.017810199
inspicio,1.017810343
onustus,1.017814214
propior,1.017819812
adulter,1.0178537
partus,1.017856057
artifex,1.017869479
singultus,1.017870268
hispanus,1.01787046
trado,1.017870804
lentus,1.017878273
rependo,1.017883219
probrum,1.017884704
anhelus,1.017885558
prosilio,1.017887792
emo,1.017890852
impero,1.017890878
subeo,1.017891792
insto,1.017893913
britannia,1.017918443
glacies,1.017921155
adulescentulus,1.017932449
ignoro,1.017944043
langueo,1.017948311
glans,1.01795187
noxa,1.01795258
dens,1.017953831
zeus,1.017958368
sidereus,1.017962962
uimen,1.017977616
praemium,1.017978546
conperio,1.017980187
tepidus,1.017984871
callidus,1.017990943
agrestis,1.017991303
crepusculum,1.018002591
increpito,1.018012423
adhibeo,1.018023216
attis,1.01803022
destituo,1.018030576
neco,1.018053121
morsus,1.018055587
blanditia,1.018062513
discordia,1.018068367
amens,1.018071972
prospicio,1.018073936
quinctius,1.018076374
mitesco,1.018076891
ludus,1.018086229
lucus,1.018089464
genus,1.018094894
formosus,1.018101019
calco,1.018111319
seruio,1.018112084
defleo,1.018112937
phoebe,1.0181169
heres,1.018117475
ungula,1.018123291
culpa,1.018125717
sulco,1.018135127
linteus,1.018138326
grauo,1.018143187
cultus,1.018150525
rogo,1.018152289
regia,1.018168046
deuexus,1.018184117
molo,1.018194605
iugalis,1.01819488
mulus,1.018202175
speculor,1.018203424
quadringenti,1.018206094
lacer,1.018207977
nonnihil,1.018219687
insulto,1.018221921
delabor,1.018225758
sollicitus,1.01823442
mas,1.018237833
comminus,1.018239459
penuria,1.018246669
sagino,1.018260042
uera,1.018271322
mithridaticus,1.018275167
sallustius,1.018279202
priscus,1.018292566
portendo,1.018303664
aliquandus,1.018307963
polliceor,1.018313069
insanus,1.018315361
percontor,1.01831673
contingo,1.018320712
deuerto,1.018322295
decet,1.018325069
perfero,1.018334194
denuntio,1.018339476
scrobis,1.018340955
introrsum,1.018342655
sarmentum,1.01834984
curio,1.018351104
palma,1.01835569
mare,1.018362209
sapor,1.018365362
ineptus,1.018367724
pendo,1.018376676
ops,1.018384839
imbuo,1.018393634
megaera,1.018400637
intorqueo,1.018407899
mille,1.018408415
euado,1.018425797
magnanimus,1.018430676
laurus,1.018441224
haustus,1.018441328
subicio,1.018446983
claustrum,1.018447114
uiola,1.018450288
diuitiae,1.018457153
expono,1.018463001
magister,1.018469465
fulmen,1.018474593
pauor,1.018478327
ardor,1.018486765
inuenio,1.01848935
insomnis,1.018495968
pluuia,1.018500272
peruius,1.018506936
natura,1.018511407
truculentus,1.018513106
addico,1.018519232
torqueo,1.01852556
adgredior,1.018526184
osculum,1.018526719
compono,1.018532135
ducenti,1.018545511
lacteus,1.018549055
strenuus,1.018554203
coetus,1.018554727
dolor,1.018562469
pyrenaeus,1.018571907
ambo,1.018579312
exerceo,1.018579923
uigeo,1.018581671
acumen,1.018586533
herodotus,1.018590386
amo,1.018594146
porsenna,1.018595445
concipio,1.0185998
scando,1.018610895
uoco,1.01861242
reformido,1.018613709
hesperides,1.018617251
quasso,1.018618002
querela,1.018626671
surculus,1.018629491
inuiso,1.018631865
immanis,1.018636415
iudaea,1.01863908
complector,1.018644432
subsido,1.018649575
macies,1.018653805
hippolytus,1.018654978
strages,1.018660661
conicio,1.018665119
raster,1.018665849
communis,1.018666939
fuga,1.018667076
flatus,1.018667726
lumen,1.018683323
moenia,1.018684902
titius,1.01868857
tertius,1.018694549
lucullus,1.018697695
pugna,1.018698478
inferus,1.018699066
prouidus,1.018700925
astrum,1.018714914
circumuenio,1.018718068
thyrsus,1.018718662
fulmineus,1.018729973
concurro,1.018736426
uigor,1.018736853
faux,1.01873827
agrippa,1.01876721
gener,1.018768338
innecto,1.01877311
occulto,1.018778169
cyclops,1.018782422
fuluus,1.01878909
latrocinium,1.01879079
summa,1.018791653
finitimus,1.018794407
sto,1.01879978
dardani,1.018800525
portus,1.018806503
hesiodus,1.018810498
gades,1.018810757
nauigium,1.018814945
maximus,1.018816874
prorumpo,1.018817238
uellus,1.018828167
effodio,1.018831641
monitum,1.01884447
stridor,1.018851846
thebae,1.018855871
concors,1.018856216
occasus,1.018856729
sisto,1.018861122
aestas,1.018861604
arduus,1.018864301
ianiculum,1.018864374
prendo,1.018888651
nais,1.018902186
cuneus,1.018902506
digredior,1.018903685
cauea,1.018911585
propero,1.018916084
incolo,1.018923904
sacrarium,1.018923916
quiesco,1.018928671
funestus,1.018935409
risus,1.018947938
utrumne,1.018949303
sublimis,1.018950452
astringo,1.018971269
possideo,1.018980198
aliquot,1.018981415
lucidus,1.01898759
tarditas,1.018989247
tondeo,1.018991935
iactus,1.018992026
paternus,1.01899364
aequo,1.019002517
inuestigo,1.019006815
aperio,1.019012967
inferiae,1.019020504
incutio,1.019023345
breuitas,1.019036262
purus,1.019044343
prouoco,1.019051021
conecto,1.0190563
ignis,1.019063501
conspicio,1.019081924
prex,1.019083495
uirgineus,1.019088128
subtraho,1.019089245
admirabilis,1.019092098
turpis,1.019111231
memini,1.019113521
atilius,1.019119736
minister,1.019123194
squaleo,1.019123531
contumelia,1.019123884
transfuga,1.019127897
circumsto,1.019129107
priuatus,1.019133702
demergo,1.019136202
reuerto,1.019138612
elysius,1.019148915
assyrius,1.019150593
leniter,1.019154043
postis,1.019155783
confluo,1.019156193
abundo,1.019156944
mature,1.019157722
tritonia,1.019165789
arbitror,1.019175437
deterreo,1.019175549
caelicola,1.019175855
infantia,1.019178096
conspicuus,1.019179691
diuello,1.019180781
tardo,1.019181737
recubo,1.019184667
irrumpo,1.019194244
torpor,1.019196319
amarus,1.019196997
tanaquil,1.01919917
triginta,1.019201801
facinus,1.019211794
extorqueo,1.01921316
mulceo,1.019214738
concresco,1.019218275
agellus,1.019222516
ter,1.019222541
sus,1.019222996
aratus,1.019229499
culmus,1.019243957
puniceus,1.019251661
frugifer,1.019254285
profundus,1.019255663
hilaris,1.019256802
plenus,1.019264517
inglorius,1.019271904
deficio,1.019280106
torpeo,1.019285324
funebris,1.019285451
insero,1.019300753
prudens,1.019302218
alte,1.019309011
mora,1.019310164
alexandrea,1.019310783
palmo,1.019317392
experimentum,1.019317933
radio,1.019320612
error,1.019329476
harena,1.019329748
alienus,1.019333487
ueientes,1.019334516
senilis,1.019338499
impetus,1.019339544
bitumen,1.019362909
quartus,1.019363744
inrumpo,1.01936883
hasdrubal,1.019373049
cupio,1.019381959
dono,1.0193873
serus,1.019392516
periculum,1.0193938
circumspicio,1.019403469
exta,1.019407936
reporto,1.019416621
circumfluus,1.019416692
reuincio,1.019420336
recipio,1.019425073
decorus,1.01942639
luctor,1.019431663
tegimen,1.019435854
cynosura,1.019439932
finis,1.019444617
coepi,1.019451809
tergum,1.019457407
praeruptus,1.019457825
nauta,1.019458325
coepere,1.019462034
inflecto,1.01946897
foro,1.019472966
similis,1.019481729
otiosus,1.019485492
inpetro,1.019490221
prouidentia,1.019496999
flauesco,1.01950011
inopinor,1.019501334
interrogo,1.019504426
grauiter,1.019511989
dispar,1.0195126
nouitas,1.019515828
tropaeum,1.019536283
bacchor,1.019543213
accipio,1.019548309
torus,1.019548914
hydaspes,1.019549175
ignauia,1.019550274
sollemnis,1.019562223
iucundus,1.019567565
custodia,1.019575986
profugus,1.019576097
patesco,1.019584051
hio,1.019584642
conuoluo,1.019592963
narbonensis,1.019603719
aegyptus,1.019606099
aetolus,1.019610085
reliqua,1.019611592
gaudium,1.019618288
infelix,1.01963017
uesanus,1.019631088
pono,1.019637131
mancinus,1.019639866
impotens,1.019641272
priuignus,1.019644236
rogus,1.019648454
amplexus,1.019649883
faba,1.0196546
mortalis,1.019655321
retego,1.01965626
intendo,1.019658658
flammo,1.019658817
hiberia,1.019662012
hiatus,1.019671776
mutus,1.01967355
externus,1.019688315
porticus,1.01969564
cassandra,1.019698661
hebeto,1.019716209
subuenio,1.019723161
imprudens,1.019725296
squalor,1.019726681
silex,1.019727308
eueho,1.019727673
abstrudo,1.019728021
doleo,1.019728613
afficio,1.019731567
inhospitus,1.019731799
contineo,1.019736341
rido,1.019740482
dubius,1.019743883
incido,1.019752299
incultus,1.019760945
crimen,1.019763448
luxurio,1.019764792
iussus,1.01976596
cornix,1.019767948
incestus,1.019789615
praefulgeo,1.019789814
ratio,1.019793177
uio,1.01979765
intolerabilis,1.019797856
penetralis,1.019814534
cubiculum,1.019821977
pumex,1.019824228
conuerto,1.01982868
quaestus,1.019832933
iugum,1.019834297
destino,1.019837603
uindicta,1.01983851
haruspex,1.019844929
numerus,1.019845524
coruus,1.019846232
dissoluo,1.019847416
ouum,1.019856575
seruus,1.019860144
moechus,1.019861992
paucus,1.019864708
furio,1.019876042
inops,1.019878181
fustis,1.019878936
arripio,1.019885963
recuso,1.019895679
subsum,1.019913603
ouo,1.019926013
uelo,1.019927762
iacchus,1.01993481
discerpo,1.019943508
operosus,1.019945338
contagium,1.019963415
taedium,1.019967669
senones,1.019967792
lux,1.019968256
numida,1.019978715
pyrrus,1.019990157
prospecto,1.019990281
miles,1.020002524
posteo,1.020006285
conficio,1.020023267
firmo,1.020027873
morior,1.020031132
latito,1.020035551
recens,1.020054031
temerarius,1.020055321
elabor,1.020061259
mirus,1.020064515
fetus,1.020068658
scapha,1.020073157
parco,1.0200793
intercido,1.020086283
pestifer,1.020088773
obeo,1.020091699
satietas,1.020103087
conuinco,1.020105115
resisto,1.020122269
tumeo,1.020126184
fiducia,1.020126289
horresco,1.02013437
exprimo,1.020149821
fraxinus,1.020159463
bactra,1.020175895
patria,1.020176232
hesperus,1.020185101
admitto,1.020186788
praeda,1.020192602
imploro,1.02019331
festino,1.020197778
infidus,1.020224442
animal,1.020233316
dubito,1.020237036
flexus,1.020239191
ebrius,1.020239654
eximo,1.020241706
uespasianus,1.020248174
large,1.02025764
oculus,1.020259836
argolicus,1.020265071
corium,1.020268892
uirido,1.020269348
uiridis,1.020276456
diffugio,1.020289804
necesse,1.020294982
tremesco,1.020309379
affero,1.020313234
for,1.02031622
tepor,1.020343451
diogenes,1.02034431
monitus,1.020344655
inueho,1.02035644
inficio,1.020357633
histrio,1.020358164
caneo,1.020360792
conuentus,1.020375299
deditio,1.020377795
necto,1.020379282
cotidianus,1.020388987
citatus,1.020390053
pacuuius,1.020394934
inexpiabilis,1.020395183
inuicem,1.020401606
thebanus,1.020409897
alloquor,1.020412223
timeo,1.020421499
tollo,1.020422261
caespes,1.020423821
tullus,1.020429775
propulso,1.020436758
scindo,1.020444794
pugno,1.020447008
continuo,1.020450037
praeneste,1.020454372
noxius,1.020455931
accedo,1.020455987
euoco,1.020460784
medea,1.020463897
resideo,1.020492665
uir,1.020494651
paueo,1.020502389
ulna,1.02050993
granum,1.020510242
caseus,1.020512014
consenesco,1.020513889
uesper,1.020520991
inutilis,1.020530866
laxus,1.020547064
mando,1.020547665
inertia,1.020552585
scutum,1.020556622
remedium,1.020566244
produco,1.020578694
miser,1.020581435
senator,1.020584263
reduco,1.020585347
patior,1.020590957
incommodus,1.020597004
sedecim,1.020597337
destringo,1.020607139
palam,1.020610244
cybele,1.020610379
ritus,1.020610613
capax,1.020618144
infringo,1.02062169
impauidus,1.020623788
querulus,1.020632405
spondeo,1.020632801
clauo,1.020635034
summitto,1.020639441
lacones,1.020641913
perturbo,1.020644816
regnum,1.020654116
suadeo,1.020657834
lycaeus,1.020665325
regius,1.020665691
laquear,1.020674051
monile,1.020677619
africanus,1.020678601
doricus,1.020679644
amyntas,1.020683565
trepido,1.020687157
decurro,1.02071528
redimo,1.020723325
senectus,1.02072894
perfringo,1.020737433
uinus,1.020748567
despero,1.020749525
scythicus,1.020755338
excludo,1.020758276
intersum,1.020762508
rota,1.020769861
uerba,1.020770504
interrumpo,1.020775104
os,1.020796869
feralis,1.020812374
exagito,1.020823236
rectus,1.02082604
annus,1.020831324
oppono,1.020834376
canis,1.020836739
quercus,1.020838066
prolabor,1.020838542
ala,1.020841612
conparo,1.020844269
lasso,1.020844902
difficultas,1.020850778
frutex,1.020865112
sanguis,1.02086751
danaus,1.020877375
latona,1.020878032
armatus,1.020879851
maritimus,1.020884001
regium,1.020886332
alacritas,1.020892848
infundo,1.020893966
alnus,1.020894212
duplex,1.020894638
dalmatia,1.020899
creditor,1.020905918
anaxagoras,1.020907318
euripides,1.020909343
accessus,1.020917742
pisae,1.020921411
nato,1.020922121
incendo,1.020922532
seditio,1.020925413
subministro,1.020928254
comprehendo,1.020929947
finio,1.020940136
delico,1.020942943
increpo,1.020945047
crudus,1.020947985
genu,1.020948237
usquam,1.020951308
auiditas,1.020956373
pelias,1.020958749
armus,1.020958959
modus,1.020963445
exploro,1.020968429
fragro,1.020970121
consisto,1.020973041
interfector,1.020975475
refugio,1.020976445
adigo,1.020977604
supellex,1.020983494
ueneo,1.020985675
sino,1.020997151
ornus,1.020999816
uersor,1.021008416
lugeo,1.021014041
area,1.021021113
furius,1.021027131
continuus,1.021029662
tiberius,1.021036951
pertinax,1.021040446
bonus,1.021042648
zona,1.021050386
suspicio,1.021063598
stolidus,1.021064758
ciuicus,1.021068754
idalius,1.021069582
titubo,1.021074764
colchi,1.021074794
chalybs,1.021076074
rhodius,1.021077544
minor,1.021081763
silentium,1.021082939
frugalitas,1.021084477
partio,1.0210948
uocito,1.021103648
uehemens,1.021104677
lasciuia,1.021107238
poeticus,1.02110728
inclitus,1.021107602
pan,1.021111938
accola,1.021116403
nereis,1.021118254
ostento,1.021127568
uastitas,1.021133193
praestans,1.021136317
tenebrae,1.021137893
parnasus,1.021138162
clangor,1.021140753
supercilium,1.021141909
rabio,1.021147458
obliuio,1.021150902
pachynum,1.021155222
crepitus,1.021156829
grammaticus,1.021167806
cicilia,1.021170104
uim,1.021171348
iuuenilis,1.021178831
pubesco,1.021186079
amicitia,1.021186986
infamis,1.021191609
equitatus,1.021210022
rictus,1.021215231
trano,1.021229567
boeotia,1.02123089
obstrepo,1.021237299
absum,1.021247847
quaternus,1.021249171
castellum,1.021253084
sensus,1.021255845
chorda,1.021258457
orontes,1.021261886
damma,1.021267134
capella,1.02126774
gena,1.021269327
uarie,1.021270061
exulo,1.021271279
flagitium,1.021273695
bromius,1.021279976
adloquor,1.021283076
cauda,1.021284363
digitus,1.021285774
calor,1.021288375
intempestus,1.02128844
quadriga,1.021291283
igneus,1.02129828
colloquor,1.021300284
aduersarius,1.021307779
breui,1.021307892
furialis,1.021312565
responsum,1.021327729
auerto,1.02132971
describo,1.021332365
concieo,1.021334832
cunabulum,1.021340038
puluerulentus,1.021343882
comito,1.021347099
rhodos,1.021347664
splendidus,1.021348724
simplex,1.021352728
improbus,1.021353507
repugno,1.021354102
proditor,1.021363417
murus,1.021364284
sicubi,1.021366231
drusus,1.02136992
obiecto,1.021381202
peruigil,1.021384263
cuniculus,1.021393341
terrificus,1.021394455
uestitus,1.02141056
illinc,1.021416383
accuso,1.021422781
sudo,1.021427439
philippus,1.021430625
credo,1.021441946
ticinum,1.021442134
trames,1.021445955
deprimo,1.021452566
tiberinus,1.021457951
ico,1.021463972
hamus,1.02146751
obseruo,1.021474583
uita,1.021488646
tingo,1.021490296
quinquaginta,1.021490616
brumalis,1.021497496
peculium,1.0215113
pisistratus,1.021513015
uespera,1.021514188
reperio,1.021514652
spado,1.021516646
recedo,1.021521479
confercio,1.021523357
consuesco,1.021523731
abdo,1.021524337
promineo,1.021526138
sophocles,1.021529835
cadmus,1.02153981
triennium,1.021540668
iactura,1.021548394
uber,1.021548779
exanimis,1.021559414
scaurus,1.02157449
exubero,1.021585952
nexus,1.021593507
carcer,1.021605164
parumper,1.02160574
fanum,1.02160644
ager,1.021612764
industria,1.021613443
malum,1.021617329
agilis,1.021625339
consecro,1.021625598
resero,1.021632691
exsequor,1.021636553
clunis,1.021649804
ilium,1.021651408
penetro,1.021664302
corona,1.021664807
xxu,1.021680426
liberaliter,1.021681821
fulgur,1.021684029
pubes,1.021692622
gutta,1.021693622
protego,1.021699559
aemulus,1.021700201
turba,1.021700749
tempestiuus,1.02170368
conterreo,1.021704838
festus,1.021709059
uinea,1.021719743
hostis,1.021727368
edoceo,1.021741659
cycnus,1.021744412
missus,1.021754057
etruscus,1.021759678
publicum,1.021770098
raro,1.02177617
propere,1.021779786
mediocriter,1.021780313
expeditio,1.021788464
naualis,1.021796851
socraticus,1.021807933
concilio,1.021814869
clauus,1.021826383
fibra,1.021829025
sacrilegus,1.021840084
texo,1.021841016
proficiscor,1.021841366
iuba,1.021843368
exstinguo,1.02184553
peragro,1.021848582
transuerto,1.021849208
blandimentum,1.021853906
insolens,1.021854277
falx,1.021880839
inuidus,1.021881954
sescenti,1.021884507
solitus,1.021890775
piaculum,1.021894867
aegre,1.021899098
adorior,1.021901326
nummus,1.021904296
renouo,1.021912347
formo,1.021919738
possessor,1.021921386
maecenas,1.021924647
subinde,1.021930673
thracius,1.021931382
benignus,1.021933057
molestus,1.021935621
omitto,1.021951026
uertigo,1.021953134
persuadeo,1.021963053
recte,1.021979647
uanesco,1.02198332
inhumatus,1.021988622
uestio,1.021993066
pictor,1.021994389
indicium,1.02200003
interdiu,1.022000452
aqua,1.022001936
aurum,1.022007054
intactus,1.022008932
lacrimo,1.022011918
exaequo,1.022012384
iason,1.022016821
arcus,1.022017288
praecipuus,1.022028767
mercor,1.022037988
quingenti,1.022047439
assiduo,1.022049837
praecipue,1.022049938
scribo,1.022051456
onus,1.022054836
nemesis,1.022057938
tenuo,1.022058587
turbulentus,1.022073527
incognitus,1.022079397
quater,1.022083539
uirtus,1.022086921
insequor,1.022095552
lanugo,1.022098474
caecina,1.022103274
impulsus,1.022106309
medi,1.022108386
sanus,1.022112613
profligo,1.022130089
contumeliosus,1.022136293
capesso,1.022136835
uallo,1.022138447
nicomedes,1.022144763
pinus,1.022147248
grandio,1.022148963
sexus,1.022159133
absumo,1.022160842
recreo,1.022161687
obstringo,1.022165269
corrigo,1.0221655
phoenix,1.022166651
uello,1.022168185
cinnamum,1.022169883
uitiosus,1.022170475
conuenio,1.022173436
uereor,1.022175471
dedo,1.022175906
lenitas,1.02217702
recurro,1.022182424
uua,1.02219378
umor,1.022194538
turnus,1.022196469
fulgo,1.022197049
acies,1.022208854
praesagium,1.022209986
suauitas,1.022224469
discindo,1.022228098
dolium,1.022240781
noue,1.02224928
scabies,1.022263981
adipiscor,1.022265885
pagina,1.022266456
tegula,1.022267438
tibia,1.022277809
mugitus,1.022290927
lapsus,1.022291144
explico,1.022293106
natalis,1.022301422
imbecillus,1.022303145
orestes,1.022303148
sobrius,1.022307706
paphius,1.022311416
ora,1.022311998
obsisto,1.022316609
odor,1.022316975
populor,1.022332209
nauigabilis,1.022332591
nimius,1.022333521
salto,1.022336111
contundo,1.022342044
naufrago,1.022342922
conscendo,1.022348984
adscribo,1.022349422
pharetra,1.022355085
nonnullus,1.022358684
militaris,1.022359066
grassor,1.022362529
terribilis,1.022379199
agnosco,1.022379517
fumus,1.022392287
singula,1.022393202
diuersitas,1.02239604
delius,1.022401879
nasica,1.022405755
subleuo,1.022406015
ingemino,1.022409467
summus,1.022412719
propugnaculum,1.022414848
celeritas,1.022428186
amentia,1.022433053
stupefacio,1.022433086
ardesco,1.022437968
phlegethon,1.022443678
lituus,1.022443927
pastor,1.022451803
sonus,1.022468575
sacro,1.022474148
incipio,1.022479652
exuo,1.022487085
dissero,1.022488319
obnitor,1.022489013
lupanar,1.022495656
epirus,1.022499095
experior,1.022509489
suspiro,1.022510569
exilio,1.022529555
anulus,1.022529576
euolo,1.022535623
asinus,1.02253916
acutus,1.022541842
marmor,1.022543798
dilabor,1.022545214
profiteor,1.022549183
hyades,1.022551806
chorus,1.022556194
obliuium,1.022556721
cautes,1.022562729
pulpitum,1.022566793
latro,1.022569241
trabs,1.022574068
flagito,1.022576388
quodsi,1.02258461
soror,1.022584989
consilium,1.022589219
labefacto,1.022591375
adfecto,1.022592796
nimirus,1.022594972
mutuus,1.022597833
cliens,1.022604329
telamon,1.022612406
repertor,1.022613989
diuinus,1.022618464
oppidum,1.02261889
stabilis,1.022623603
indignitas,1.022627634
coniecto,1.022633314
numen,1.022633862
augurium,1.022640203
poena,1.022641209
claudeo,1.022643045
ambages,1.02265338
insolitus,1.022654429
pompa,1.022660685
croceus,1.022662297
egregius,1.022664953
pristinus,1.02266866
nauticus,1.022675523
meleager,1.022683529
astus,1.022686048
exilis,1.022687922
pomus,1.022688103
lycus,1.022689031
currus,1.022691621
protraho,1.02269277
alipes,1.022693673
obtempero,1.022693745
periculose,1.022704428
uena,1.022707621
clandestinus,1.022708985
propello,1.022710848
liquesco,1.022712336
nubes,1.022723092
tabum,1.022729666
tempor,1.022733475
aquila,1.022734193
hylas,1.022735683
pulcher,1.022735703
conseruo,1.022736353
fulcio,1.022738792
stoicus,1.022739215
intexo,1.02274685
miseria,1.022749958
aristophanes,1.022757933
antenor,1.022762353
exundo,1.022767144
hispidus,1.022773326
quindecim,1.022784101
incautus,1.022788466
ouis,1.02279424
grates,1.022795082
cunctus,1.022796747
thorax,1.02281194
armiger,1.02281236
uallis,1.022814922
pontius,1.022815929
quorsum,1.022816561
baca,1.022816571
hectoreus,1.022816611
sardinia,1.022817934
heredium,1.022818993
quotienscumque,1.022824576
pila,1.022837758
radius,1.022845153
lusitani,1.022850469
maculo,1.022864167
decoro,1.022864938
missilis,1.022883388
biduum,1.022886079
ociter,1.022890348
praeuerto,1.022893903
uetulus,1.02289492
septenus,1.022904399
absoluo,1.022905693
imperitus,1.022910571
cibarium,1.022912941
exonero,1.022919636
submitto,1.022921107
praesagus,1.022925373
pudor,1.022928756
pronuntio,1.022930432
octauus,1.022943152
instituo,1.022944293
hereditas,1.022946134
peregrinus,1.022951916
troicus,1.02295961
culmen,1.022962148
aeneas,1.022965693
extorris,1.022979692
plausus,1.022988908
pertica,1.022991562
prunum,1.022999354
hostilius,1.023003854
compesco,1.023012037
flaminius,1.023015307
cito,1.02301673
rapax,1.023020282
plerique,1.023021218
interea,1.023025905
disciplina,1.023025981
celtae,1.023029954
sella,1.023030823
inlustro,1.023031457
inguen,1.02303674
necessitas,1.02303921
corymbus,1.023040655
illaesus,1.023050288
exequia,1.02305503
narro,1.023058619
barba,1.023061118
hyrcanus,1.023065687
uoueo,1.023078959
gallina,1.023091396
societas,1.02309838
lassitudo,1.023100413
specimen,1.023102924
hostiliter,1.023110855
aspernor,1.023117788
adiaceo,1.023125976
familiaris,1.023128394
gnaeus,1.023129606
abnuo,1.023136296
influo,1.023159208
redimio,1.023160238
exeo,1.023161341
uenatus,1.023162291
olympius,1.023169133
utilis,1.023182873
ligo,1.023183789
apollineus,1.023191941
pascuum,1.023199737
oriens,1.023203252
demetrius,1.023212247
effigies,1.023215305
sublime,1.023215585
fortiter,1.023219555
pius,1.02322251
optineo,1.023224907
dexter,1.023246327
pelasgi,1.023251586
auus,1.023255709
immanitas,1.023261864
triclinium,1.023262193
contrarius,1.02326483
magnesia,1.023273545
dissentio,1.023273848
abduco,1.023277669
centaurus,1.023279117
furtiuus,1.023283951
octauius,1.023289916
assidue,1.023299224
abstineo,1.023301855
nescio,1.023303536
expiro,1.023303747
parcus,1.023308027
desperatio,1.02330913
superuacuus,1.023315573
nefarius,1.023315596
implacabilis,1.023324585
sceleratus,1.02332599
mago,1.023326283
putresco,1.023327446
conuexus,1.023336796
uas,1.023342238
ualua,1.023343512
oppidanus,1.023345608
malignus,1.023348586
certamen,1.023349882
restinguo,1.023349915
celebro,1.023351789
inaudio,1.023379077
peruro,1.02338153
coepo,1.023387346
interpres,1.023388423
testamentum,1.023392902
permitto,1.02339458
aridus,1.023395259
extraneus,1.023396505
equester,1.023403465
sustento,1.023415847
oppleo,1.023417016
meditor,1.023421808
crudeliter,1.023431417
exorior,1.023444512
duodeuiginti,1.023447826
femineus,1.023459712
conubium,1.023461071
iambus,1.02346621
sanies,1.02346794
galatea,1.023474729
marcidus,1.023495272
testis,1.023495483
aceruus,1.023505835
abripio,1.023527397
efflo,1.023534979
sopor,1.023535253
summum,1.023548365
cludo,1.023549586
prodeo,1.023562199
glacialis,1.023566372
orion,1.023572364
indocilis,1.023581749
recondo,1.023587902
unum,1.023590665
coerceo,1.023597201
misero,1.023597738
inexorabilis,1.023607171
insuperabilis,1.023609313
adscisco,1.023610989
stimulo,1.023612461
dissideo,1.023617363
frustro,1.023619158
mysia,1.023619206
innoxius,1.023620859
euidens,1.023624041
grandis,1.023625152
necessarius,1.023630757
puluis,1.023636759
uipereus,1.02365048
artabanus,1.023651369
sacer,1.023661996
cauerno,1.02366884
denus,1.023670101
ingenium,1.023675302
praetermitto,1.023676358
uenerabilis,1.023678423
pluma,1.023680931
lectica,1.023683665
concursus,1.023683832
fur,1.023684427
ingero,1.023687377
faber,1.023692307
adulescens,1.023695867
tussio,1.023695919
celsus,1.023696435
aresco,1.023698375
oborior,1.023702286
scaena,1.023711534
lanio,1.023713611
subuerto,1.023727312
uexatio,1.023731511
gusto,1.023731791
lacedaemon,1.023755307
argi,1.023765742
uerbum,1.023769387
ducto,1.023773517
effulgeo,1.023778931
adulor,1.023780381
magnitudo,1.023788581
materia,1.023796237
ultrix,1.023797465
biformis,1.023802159
aboleo,1.023805679
cardo,1.023806071
carus,1.023807065
exitium,1.023810568
infitior,1.023813371
credulus,1.023814089
penso,1.023814778
tremefacio,1.023817993
mutatio,1.023820258
orbo,1.023822379
uorago,1.023828244
inmitto,1.02383512
difficulter,1.02384377
discepto,1.023850631
subtexo,1.023858332
conuoco,1.023867879
cena,1.023889602
gladiator,1.023921623
paeniteo,1.023922142
marmoreus,1.023931682
auersor,1.023931928
respergo,1.023934715
proturbo,1.023938029
persequor,1.023939154
socrus,1.02394016
exclamo,1.023954507
tumultus,1.02395534
octoginta,1.023955708
amburo,1.023968695
adpeto,1.023975433
instructus,1.023979766
sector,1.023987137
adsurgo,1.023998468
canus,1.02400732
pestis,1.024014432
inusitatus,1.024019361
transilio,1.024025298
abrumpo,1.0240265
eumenes,1.024031159
atrox,1.024042239
suillus,1.024043986
malo,1.024044076
inconsulte,1.024045448
fragilis,1.024049007
tortor,1.024049217
incassum,1.024049885
obtego,1.024055302
saluto,1.024056001
robur,1.024067114
alimentum,1.024073991
audio,1.024099704
praeditus,1.02410474
ligneus,1.024105837
obliuiscor,1.024106909
insania,1.024108277
aerius,1.0241114
altrix,1.024111832
resumo,1.02412561
tripertitus,1.024126956
mordeo,1.024133825
duae,1.024136537
aeratus,1.024137393
modestia,1.02414092
grex,1.024142986
homo,1.024149781
altar,1.024154652
punio,1.024160349
dissimilis,1.024165146
chlamys,1.02417062
lyra,1.024170904
insido,1.024178424
uespertinus,1.024189663
rostratus,1.0242027
animosus,1.024210744
blandior,1.024211634
colloquium,1.024223001
fugo,1.024223123
augur,1.024223253
exedo,1.024223437
honestus,1.024224007
iugurtha,1.024224176
exsulto,1.024229288
tracto,1.024232393
ocellus,1.024234077
tonitrus,1.024239435
placeo,1.02424379
specus,1.024245372
ferculum,1.024255123
ueritas,1.024257603
extollo,1.024258714
mensa,1.024262889
famula,1.024274527
libro,1.024282456
oraculum,1.024285247
tantusdem,1.024299096
rigo,1.024302505
incubo,1.024302719
obsequor,1.024316106
amphiaraus,1.024319038
ordo,1.024324413
polus,1.024324622
adnumero,1.024326627
iunonius,1.024330554
pedester,1.024331813
cohaereo,1.024338652
lemnius,1.024352532
tragicus,1.024375355
uettius,1.024376546
planus,1.02437828
euito,1.024385598
excedo,1.024387136
gellius,1.024388325
fortis,1.024394902
agmen,1.024396452
species,1.024398819
fabrico,1.024412403
contendo,1.0244159
candidus,1.024423406
rus,1.02442388
decliuis,1.024437947
factito,1.024442762
tepefacio,1.024445688
illido,1.024450562
laudo,1.024452178
philippi,1.024452241
reicio,1.024459815
anchises,1.024470344
deprehendo,1.024477303
crispus,1.024481566
infigo,1.024485159
usitor,1.024490354
ruino,1.024504083
prouenio,1.024518392
aestimo,1.024518394
perpetuus,1.024522121
calamus,1.024536831
calumnia,1.024548744
rutilo,1.024551499
unguentum,1.02455185
intono,1.024557434
nouo,1.024569357
etiamnunc,1.024578738
erubesco,1.024604141
liberi,1.024604145
cogito,1.024614397
dulcedo,1.024627226
auctor,1.024640201
renideo,1.0246417
aeschylus,1.024644755
gladiatorius,1.024646143
collabor,1.024657722
depugno,1.02466143
conduco,1.024666589
substituo,1.024668253
modero,1.024669897
rigor,1.02467131
insons,1.024674143
expugno,1.024676143
quoad,1.02468784
sciscitor,1.024688649
scintillo,1.024695757
laconicus,1.02469742
emptor,1.024705884
reuertor,1.02470703
meta,1.024715192
inmodicus,1.024716106
equinus,1.024716765
aethiopia,1.024721473
septentrio,1.024734573
procax,1.024755284
creticus,1.024758879
saltem,1.024763693
bibo,1.024771556
assideo,1.024781499
cornu,1.024781626
pluuialis,1.024786446
gemini,1.024791114
minuo,1.024795931
lucius,1.024802639
apenninus,1.024807111
susurro,1.024831597
mons,1.024844854
commuto,1.024851154
quinus,1.024871289
longinquus,1.024874319
exhalo,1.024874592
seruitium,1.024879109
distribuo,1.02488086
horrificus,1.024886996
tacite,1.024888504
aspice,1.0249069
bactriani,1.024910668
barbarismus,1.024912683
studeo,1.024917596
barathrum,1.02491778
pernicies,1.024920626
belliger,1.024921208
paucitas,1.024925405
hortensius,1.024928363
blande,1.02493507
cupiditas,1.024939995
transuerbero,1.024940588
adsideo,1.024942978
haudquaquam,1.024954945
simulatio,1.024955541
lupa,1.024960118
traianus,1.024961788
satyrus,1.024963935
pecu,1.024969548
inpendo,1.024970037
declino,1.02497242
sulpicius,1.024973041
mammo,1.02497584
occidens,1.024983171
munio,1.024983229
defodio,1.024985976
male,1.024990125
triton,1.024998751
uis,1.025001485
faenus,1.025013436
studiosus,1.025031593
culter,1.025044101
tumulus,1.025047178
hippocrates,1.025048727
gubernaculum,1.025050646
libido,1.025052822
periclitor,1.025058443
perniciosus,1.025066042
corniger,1.025069405
ample,1.025070558
orior,1.025095222
acriter,1.025096125
insepultus,1.02509968
lenis,1.025104306
discrimen,1.025107997
germanus,1.025112231
laetitia,1.025115178
pulmo,1.025131724
insidiosus,1.025137416
pecunia,1.025141585
obuiam,1.025144127
despecto,1.025154156
promiscue,1.025170069
melius,1.025172335
laus,1.025187959
clamito,1.025207415
cachinnus,1.025208799
detrudo,1.025209388
pylades,1.02521818
iamiam,1.02524485
improuidus,1.025253484
praecludo,1.025257767
salubritas,1.025259388
cassus,1.025265176
noctu,1.025268637
bootes,1.02527468
assoleo,1.025275927
senatus,1.025280317
impedio,1.025282257
pietas,1.025287546
tepeo,1.025289783
miserandus,1.025300309
patruus,1.025306764
annosus,1.025316401
inconsultus,1.025322056
securis,1.025333183
forsan,1.02533865
stagno,1.025344708
heros,1.025348451
quaestor,1.025348996
adopto,1.025349598
arguo,1.025351079
solstitium,1.025354451
uerum,1.02535895
iniustus,1.025367356
cyclades,1.025371523
esca,1.025378027
uia,1.025381964
conscisco,1.025383438
argumentum,1.025384526
rigesco,1.025385426
medius,1.025386983
polleo,1.02539767
iniuste,1.025398126
hirundo,1.025398145
belgae,1.025398513
irrideo,1.025398811
homericus,1.025403437
parue,1.025404407
solium,1.025414908
luxus,1.02542064
spes,1.025423033
mimus,1.025427745
deformitas,1.025428348
duplico,1.025428855
dementia,1.025429172
itero,1.025438534
speculum,1.025438761
auena,1.025446228
collega,1.025447486
aestiuus,1.02545967
moror,1.02548395
famulus,1.02549345
detestabilis,1.02549596
castigo,1.025507763
controuersia,1.025508956
colonia,1.025542121
figura,1.025562226
ceruus,1.025565714
potior,1.025569792
sordeo,1.02557923
transfigo,1.025581682
odi,1.025594232
refercio,1.025596697
obtundo,1.025609628
pix,1.025610065
aeneadae,1.025612488
fictilis,1.025619068
inedia,1.025624355
inscitia,1.025624826
draco,1.025629745
insigne,1.025631121
triumpho,1.025635232
innocuus,1.025667354
humus,1.025672495
teucri,1.025689513
ango,1.025689627
lito,1.025698697
innocens,1.025699698
oportet,1.025703719
clodius,1.025706395
capra,1.025708897
pendulus,1.0257093
gero,1.02571396
liueo,1.02571416
transmarinus,1.02571801
damnosus,1.025720838
soccus,1.025723808
reluctor,1.025728653
procliuis,1.02574092
lemnos,1.025742161
uenuror,1.025745309
pingo,1.025745919
epicurus,1.025751742
repleo,1.025752763
pestilentia,1.025761871
ilia,1.025763535
purgo,1.025770575
negligentia,1.025772209
chaos,1.025777878
expauesco,1.025781304
aula,1.025791027
arbitrium,1.025799261
uxor,1.025801347
caninus,1.025804808
porricio,1.02580903
furor,1.02581279
abhorreo,1.02581328
adficio,1.025813526
metallum,1.025814833
roma,1.025823265
perstringo,1.025825051
puluinar,1.025827989
antecedo,1.02583325
nix,1.025833469
plaudo,1.025834984
uolubilis,1.025837988
affinis,1.025840618
lampo,1.025845367
bello,1.025847917
pastus,1.025854759
difficilis,1.025859701
antesignanus,1.025859855
tibicen,1.025861843
facundus,1.025873427
cleanthes,1.025874793
adfor,1.025884263
fundus,1.025893548
gens,1.025896273
infamia,1.025905387
nuntio,1.025908131
proceres,1.025913769
dium,1.025913833
apollonius,1.02591417
lorico,1.02591598
lusus,1.025921399
defatigo,1.025925654
uelum,1.025931965
uigilia,1.025940099
praesaepe,1.025940239
insector,1.025943724
somnium,1.025953958
circumdo,1.025959582
pascor,1.025966724
numero,1.025971002
anteeo,1.025971985
degener,1.025981189
deterior,1.02598638
ascribo,1.025996099
temo,1.026002101
pamphylia,1.026002477
casus,1.026007273
admiror,1.026015298
perlego,1.026018857
indico,1.026022972
messenius,1.026027194
placide,1.026028744
ueneratio,1.026038025
barbaria,1.026039867
hedera,1.026045714
praepositio,1.026055774
arbiter,1.026058039
cancer,1.026063855
emico,1.026075055
alterus,1.026083432
insperatus,1.026091414
diligenter,1.026104604
sedile,1.026104696
hora,1.026112316
aemulor,1.02612102
latonius,1.02612278
seruius,1.026127198
commoueo,1.026128241
instabilis,1.026132736
prouideo,1.026141698
excogito,1.026142213
uiuidus,1.02614505
pollens,1.026147466
inumbro,1.026150276
immaturus,1.026152767
pistrix,1.02615843
aliquotiens,1.026158633
otium,1.026161326
abstraho,1.026162947
inquino,1.026165842
laqueus,1.026166671
fautor,1.026167017
enitor,1.026168726
aduoco,1.026172376
uulgo,1.026175401
flamen,1.026177067
auxilium,1.026182553
tria,1.026193291
succurro,1.026196896
parum,1.026199152
eurus,1.02621219
pauperies,1.026215145
mel,1.026216949
clipeus,1.026220866
opinio,1.026225753
heraclitus,1.026228079
perimo,1.026228195
centurio,1.026235307
tabella,1.026246833
exquiro,1.026251403
sedeo,1.026253656
menelaus,1.026255658
turgeo,1.02625806
gemmo,1.026265974
indignor,1.026266074
extremitas,1.026267915
canalis,1.026268413
obscuro,1.026269771
donum,1.026273699
flammeus,1.02628091
nobilior,1.02628563
paludamentum,1.026289607
perueho,1.026292288
philosophus,1.026292919
luridus,1.026297102
malignitas,1.026305276
retorqueo,1.026313773
remaneo,1.026320678
adfero,1.02632373
degusto,1.026330392
forum,1.0263312
laboriosus,1.026333204
seleucus,1.0263389
magistro,1.026342656
fatisco,1.026342928
orno,1.026344771
impetro,1.026347656
rapto,1.026357078
ambitio,1.026357343
timide,1.026365815
uesico,1.026375335
popilius,1.026375423
diripio,1.026377519
praenosco,1.026378449
immunis,1.026381655
ardens,1.026388099
achiui,1.02639519
stirps,1.026398259
familiariter,1.026399225
mentula,1.026403832
egero,1.026405877
madesco,1.026406019
census,1.026407385
studium,1.026413716
uacca,1.026413734
rotundus,1.026418991
pupillus,1.026424216
uicesimus,1.026424393
supplicium,1.026429223
punicus,1.026430225
numitor,1.02643122
pretium,1.026434494
saxeus,1.026436787
perpetior,1.026441395
iumentum,1.026447618
sestertius,1.026453293
sons,1.026471308
promissum,1.026473303
criminatio,1.026473605
argos,1.026474963
reprehensio,1.026476718
temperies,1.02648315
mutuor,1.026487629
percussor,1.026488072
exseco,1.026489837
diuinitus,1.026494836
planta,1.026497931
immineo,1.026500677
cotidie,1.026502799
recursus,1.026504064
colchis,1.026509889
syria,1.026512169
promo,1.026512612
penates,1.026518763
roscius,1.026527965
mitigo,1.026528513
ieiunus,1.026534923
neglego,1.026537288
meridies,1.026544101
aspectus,1.026549302
offensa,1.026555095
medicamen,1.026559249
consero,1.026568102
concito,1.026576328
equa,1.026581342
intermitto,1.026586847
gaius,1.026593621
concedo,1.026594973
creon,1.026598092
nomas,1.026604564
campanus,1.026605742
cumulo,1.026610763
lapillus,1.026612503
circumscribo,1.026616531
alpheus,1.026618929
reflecto,1.02662623
saltus,1.026632375
rubor,1.026637394
principium,1.026666173
aristonicus,1.026670531
sagitto,1.026681736
columna,1.026706421
ignominiosus,1.026725044
sopio,1.026732178
conterminus,1.026744013
concha,1.026744512
decido,1.02674501
flabrum,1.026746208
exorno,1.026749698
cymba,1.026749899
aedificium,1.026750305
genialis,1.026760116
libertinus,1.026761741
praeconius,1.026762822
ergastulum,1.026763119
littera,1.026773559
dedecus,1.026787431
superstitio,1.026795663
anus,1.026803994
incedo,1.026810632
resulto,1.026811513
spolium,1.02681378
roto,1.026815221
excubiae,1.026817213
diadema,1.026824968
interpello,1.026825839
plinius,1.026827089
consumo,1.026835518
uicinia,1.026836796
proteruus,1.026840748
continens,1.026843331
trebia,1.026854675
scaeuola,1.026860206
immergo,1.026866098
iactatio,1.026868997
siccitas,1.026873539
lauo,1.026874341
sustineo,1.026874945
diligentia,1.026876595
alligo,1.026881008
iris,1.026889645
nuptialis,1.026900726
oblittero,1.02690436
furens,1.026910595
indigeo,1.02691086
incola,1.026918421
annius,1.026922582
utinam,1.026923359
transueho,1.026924212
dispergo,1.026933666
torreo,1.026934372
darius,1.026936102
enuntio,1.026945647
hydrus,1.026950214
contubernalis,1.026959365
feriae,1.02695985
lamina,1.026975241
praeuenio,1.026975513
tributum,1.026976216
debilis,1.026981015
duplus,1.026982512
nigro,1.026985591
intereo,1.026991194
potestas,1.026991208
fodio,1.026992084
delicia,1.02699239
euxinus,1.026993099
obiurgo,1.026994325
defetiscor,1.026994505
uere,1.026995832
acuo,1.026996908
proximus,1.027000762
memoria,1.02700683
complexus,1.027012811
uicissitudo,1.027014722
abscedo,1.027019286
eligo,1.027033877
tigris,1.027035087
interritus,1.027044085
iracundus,1.027044605
clades,1.027057314
effingo,1.02705814
innumerabilis,1.02705849
separo,1.027064714
scriptor,1.027066932
capulus,1.02707509
senex,1.027076964
inclemens,1.027083142
musso,1.027086701
inuerto,1.027105172
boreas,1.027110135
dumus,1.027121018
praecedo,1.027123817
congeries,1.027133726
gestio,1.027159808
genera,1.027160754
testa,1.027162507
templum,1.027165961
aliquamdiu,1.027178413
arcanus,1.027181257
interiaceo,1.027188924
opulentus,1.027197426
circumago,1.027197838
uiaticum,1.027206121
palamedes,1.027209999
fructus,1.027213791
tempto,1.027227096
locum,1.027227478
pretiosus,1.027240425
hilaritas,1.027245207
gorgo,1.027251979
porto,1.02725594
exturbo,1.027261341
erebus,1.027263515
planities,1.02726415
acerbe,1.027264716
elido,1.027267869
tessera,1.027273908
penelope,1.027283317
lutulentus,1.027284745
permuto,1.027295819
utrimque,1.027298141
caute,1.02732135
caerimonia,1.027330742
secretum,1.027335941
trochaeus,1.027340129
biga,1.027345482
clam,1.027350993
sacrum,1.027354537
tubero,1.027357194
madefacio,1.027357953
abutor,1.027373694
funis,1.027382043
conticesco,1.027387405
persono,1.027388067
adnecto,1.027388265
stannum,1.027392112
insolenter,1.027397053
ephebus,1.027398088
comicus,1.027398898
depopulo,1.027412588
linteum,1.027413107
taberna,1.027416188
dialecticus,1.02741912
conclamo,1.027422543
religiosus,1.027423412
leuo,1.027431728
fibula,1.027436293
feliciter,1.027442737
pauo,1.027455385
caelebs,1.027458693
licinus,1.027459094
columen,1.027469549
senior,1.027475487
superior,1.027485463
mathematicus,1.027485464
nux,1.027488191
deminuo,1.027498436
consterno,1.02750075
uicus,1.027505033
irriguus,1.027507066
liuor,1.027510478
amurca,1.027511457
gratulor,1.027513084
sordes,1.027518793
maestitia,1.02752014
intueor,1.027525405
extraho,1.027525719
fel,1.027530572
cauillatio,1.02753887
procreo,1.02754147
roro,1.027541729
segnitia,1.027542086
tranquillitas,1.027546315
concubitus,1.027547335
disputo,1.027564606
depasco,1.027566605
lupor,1.027571778
territo,1.027572904
insum,1.027577789
tympanum,1.027589624
usurpo,1.027612988
incrementum,1.02763586
turgidus,1.027639299
conatus,1.027640762
qualiscumque,1.027648012
traha,1.02765513
muralis,1.027655331
exspiro,1.027658222
uites,1.027660305
mitto,1.027662742
uigilantia,1.027672635
penna,1.027675922
repto,1.027681801
lectulus,1.02768748
praecingo,1.027691602
crebro,1.027694657
olea,1.027698404
occiduus,1.027725205
fascis,1.027727857
uirga,1.027728073
dimico,1.02772963
dolus,1.027742976
linum,1.027743969
sollemne,1.02774681
aulus,1.027755122
commemoro,1.027761178
minae,1.027763261
capulum,1.027764039
menstruus,1.027776869
praescribo,1.027780992
serius,1.027786678
uitrum,1.027787463
inrogo,1.027791662
pernix,1.027792842
respiro,1.027802598
impudicus,1.027802937
aequus,1.027814016
hinnitus,1.027822768
cccc,1.027824865
sibylla,1.02782502
quadrupes,1.027827752
restituo,1.027830032
adolesco,1.027834259
grus,1.027855
insanio,1.027863014
partior,1.027863686
relego,1.02786638
luo,1.027868404
somnio,1.027868444
plango,1.027878157
nubilum,1.027880447
resupino,1.027888482
glisco,1.027891479
uitulus,1.027894956
marceo,1.027897949
solstitialis,1.027904469
germino,1.027904941
praecido,1.027913872
proprie,1.027915353
infinitus,1.0279169
excandesco,1.027917284
ianua,1.027922703
condio,1.027925237
redundo,1.027941002
lana,1.027957607
martius,1.027958514
tactus,1.027960695
praetendo,1.027961415
diligo,1.027976815
consimilis,1.027977395
commilito,1.027980068
serpens,1.027984315
opimus,1.027998437
triumphus,1.028000806
inflammo,1.028001199
perennis,1.028001385
uindex,1.028004867
nubilus,1.028009576
deueho,1.028017144
obnoxius,1.028021229
strictim,1.028021418
urbanus,1.028024187
lilium,1.028035009
humilis,1.028037831
erudio,1.028040875
postulo,1.028050305
officio,1.028050429
poto,1.028051771
hirtus,1.028063853
praefectus,1.028064045
ficus,1.028068871
bocchus,1.028074704
perseuerantia,1.028078286
historia,1.028086019
septima,1.028090881
tugurium,1.028093504
ostentatio,1.028094821
insimulo,1.028106723
sagax,1.028107524
nidus,1.028110285
fagus,1.028115334
alcinous,1.028124658
letalis,1.028134883
mercenarius,1.028136821
fouea,1.02813755
lacuna,1.028139759
aceruo,1.028140564
detego,1.028147653
secerno,1.028148229
stilus,1.028163754
simois,1.028168278
garrulus,1.028169246
caelum,1.028171325
britannicus,1.028173161
curiosus,1.028176952
pertineo,1.028190792
lancea,1.028191773
incorruptus,1.028206041
dehisco,1.028223457
perseuero,1.028223696
amoueo,1.028230042
prandeo,1.028230868
helena,1.028231248
decretum,1.028234511
inuentor,1.028235261
reliquus,1.028235837
afflo,1.028239758
confirmo,1.02824019
curulis,1.028241375
passus,1.028247225
remex,1.028247873
exitiabilis,1.028249275
nempe,1.028253854
strideo,1.028259301
foueo,1.028260936
porus,1.02826398
uictima,1.028279341
stipendium,1.0282939
epulor,1.02829697
transuersus,1.028302066
excubo,1.02830429
parricidium,1.028305746
oleum,1.028309591
meliboeus,1.028333571
meatus,1.02834586
machina,1.028364792
inpedio,1.028378292
tristitia,1.028385779
litor,1.028394529
laurentius,1.028395851
propositum,1.02839865
concordia,1.028398993
epirotes,1.028406777
interpretor,1.028413594
magne,1.028418981
impudens,1.028421308
foeditas,1.028464431
inmemor,1.028464772
collatinus,1.028471615
hecate,1.028473575
diutinus,1.028477095
xiu,1.028479559
uiolenter,1.028482856
stulte,1.028484493
instinctus,1.028505926
lues,1.02850918
busiris,1.028509603
resupinus,1.028517275
portitor,1.028519488
fugitiuus,1.028527033
reuolo,1.028537297
eous,1.028540872
redoleo,1.028551325
discessus,1.028557065
transmitto,1.028560781
prouoluo,1.028562865
citharoedus,1.028566687
decolor,1.028571288
exercito,1.02857246
affligo,1.028573084
uenatio,1.02857391
maculosus,1.028577589
appeto,1.02859298
necne,1.028602291
adluo,1.028615726
consanguineus,1.028625674
frequens,1.028631912
sepono,1.028649689
intempestiuus,1.028662911
monitor,1.028674001
inhaereo,1.028675413
imito,1.028678067
regnator,1.028680641
aper,1.02868165
fors,1.028683347
popularis,1.028690325
examen,1.028695315
angulus,1.028698732
successus,1.028706215
deformo,1.028706698
talentum,1.028708226
maritus,1.028721733
exacuo,1.028721785
iniquus,1.028728964
circensis,1.028729561
tumultuor,1.028733604
ludibrium,1.028735527
princeps,1.028736547
atrocitas,1.028738481
respuo,1.028742492
inermis,1.028756299
lex,1.028762643
perforo,1.028791367
percipio,1.02880209
seruilius,1.028804624
proelior,1.028812553
inquiro,1.028816879
tricesimus,1.028821988
exsisto,1.028822908
coniungo,1.028842959
genero,1.028853376
neoptolemus,1.028855957
respublica,1.028869025
uorax,1.028875472
nequiquam,1.028885497
stamen,1.028886994
excipio,1.028890718
egestas,1.028901901
iusiurandum,1.028908079
nequitia,1.02891521
arto,1.028915962
caelestis,1.028938476
emendo,1.028942461
contexo,1.02896162
xenophon,1.028966881
brassica,1.028967853
extendo,1.028972673
concolor,1.028977158
ponticus,1.028982055
iuuenca,1.028984007
intellego,1.02898482
inhonestus,1.028988152
sapa,1.028990329
detestor,1.028990757
coepimus,1.028990761
interuentus,1.028998511
carneades,1.02900426
euomo,1.029012635
praeripio,1.029018229
prouerbium,1.029024763
famosus,1.029033462
commode,1.029035861
uilicus,1.029038143
persto,1.029043257
canto,1.029045353
congressus,1.029048731
contumax,1.029051124
liber,1.029057481
sententia,1.029058029
excido,1.029058531
uulpes,1.029059968
religo,1.029068057
canities,1.029068712
tragoedus,1.029071395
umeo,1.029073802
pauci,1.029083449
philosophor,1.029083828
praeco,1.029089046
obsidio,1.029096915
uitupero,1.029104468
tyrus,1.029106129
mutabilis,1.029109201
denso,1.029110256
comoedia,1.029112039
nanciscor,1.029115509
amoenitas,1.029117678
scio,1.029118106
tenuitas,1.029118654
inplico,1.029121236
faustus,1.029128175
indutiae,1.02912852
suffigo,1.029129259
attonitus,1.029129402
contrecto,1.029140735
procedo,1.029147088
leda,1.029148457
crucio,1.029149283
bononia,1.029152977
ephesius,1.029155359
mortifer,1.029156407
coenpo,1.029160993
secretus,1.029170063
palatum,1.029172318
mentio,1.029175459
subtilis,1.029176372
longinquitas,1.029180685
fauilla,1.029186194
tunica,1.029189553
mercurius,1.029200338
statura,1.029208922
exsero,1.029209678
raetia,1.029213678
ingenuus,1.029218796
obtero,1.029227901
monstro,1.029229945
terror,1.029236712
aufero,1.029239266
patrimonium,1.029249069
uenditio,1.029250819
obscuritas,1.029251681
permoueo,1.029252968
chiron,1.029254949
sensim,1.029265651
reuiresco,1.029267186
sulla,1.029272071
manifestus,1.029275497
negligo,1.029278473
detorqueo,1.029280763
aequalis,1.029281521
phalera,1.029285657
percenseo,1.029295739
ingruo,1.029309051
extimesco,1.029310322
septem,1.029312466
praesideo,1.029326375
herbosus,1.029330477
praepono,1.029334566
aduenticius,1.029335877
ferula,1.029348726
euello,1.029350065
silens,1.029350678
immeritus,1.029351018
lutatius,1.029352611
perfidus,1.029367749
barbatus,1.029393567
mensura,1.029397344
admetus,1.029406073
propinquo,1.029424335
incessus,1.029430316
prehendo,1.029433031
lympha,1.029435393
castra,1.029439756
stadium,1.029442555
accelero,1.029448316
cursim,1.029451431
manumitto,1.029451894
tolero,1.029454177
festinatio,1.029470006
coruscus,1.029472627
ascanius,1.029476946
inhumanus,1.029477939
flagellum,1.029485206
discurro,1.029487679
sonorus,1.029497255
perficio,1.029502443
gradus,1.029519164
chelydrus,1.029520731
materies,1.029538727
arbustum,1.029542657
descendo,1.029543663
sallo,1.029549253
arx,1.029555211
protero,1.029565047
laeto,1.029578217
informis,1.029597209
nurus,1.029597399
catullus,1.029600437
attineo,1.029607956
pampineus,1.029609169
sacellum,1.029615412
idoneus,1.029623641
aedes,1.029629909
nauita,1.029662049
particeps,1.029675002
labellum,1.029686788
mundus,1.029692064
catilina,1.029694989
mino,1.029695907
reficio,1.029698447
tabula,1.029738818
nitesco,1.02973894
innitor,1.029747944
pallesco,1.029755304
trisulcus,1.029761738
pegasus,1.029763947
retraho,1.029766079
regredior,1.029769275
benignitas,1.029771371
luceo,1.029775177
incolumitas,1.029777929
dc,1.029788357
deriuo,1.029812612
pullus,1.029814245
peleus,1.029818086
uociferor,1.029818319
interdico,1.029823014
amans,1.029827813
holus,1.029838846
conspiro,1.029840334
fatalis,1.029852313
uirago,1.029853278
auctumnalis,1.029856369
patrocinium,1.029861391
baiae,1.029866648
titanius,1.029870085
inhio,1.029875176
delator,1.029876569
positio,1.029881698
calx,1.029889418
trunco,1.029895155
adhaereo,1.029898032
roscidus,1.029925696
permaneo,1.029934795
ius,1.02994032
incalesco,1.02994275
coniugium,1.029948389
recludo,1.02995519
frondosus,1.029955741
superpono,1.029961819
effluo,1.029964336
priuo,1.029981441
myrtus,1.029988371
parsimonia,1.029988869
desidero,1.029991353
auspicor,1.029991599
scortum,1.030005485
abscindo,1.030012602
regimen,1.0300129
tinnio,1.030025704
umbilicus,1.030026152
natio,1.030033867
incesso,1.030041145
adminiculum,1.030045161
merces,1.030047655
munificentia,1.03006263
cicatrix,1.030066816
adfigo,1.030078498
sarmata,1.030079552
pasiphae,1.030092714
spatior,1.030094252
lineamentum,1.030105907
discidium,1.030108929
persulto,1.030109106
polio,1.030109999
adfinitas,1.030120226
rubicundus,1.030122096
coitus,1.030123462
profanus,1.030142981
ubique,1.030146144
consector,1.030146493
amplitudo,1.030152066
lysias,1.030157663
areo,1.030158959
agamemnon,1.030164044
rubrica,1.030165548
uitellius,1.030174984
thrax,1.030183193
stemma,1.030185326
tricenus,1.0301866
sidonius,1.030189353
cincinnatus,1.030192435
minitor,1.030203626
substerno,1.030212109
casia,1.030216071
semen,1.030219577
galeo,1.03022394
compos,1.030225013
prandium,1.030234767
memnon,1.03023968
dito,1.030246605
maiores,1.030255672
paluster,1.030256635
amputo,1.030297807
tertia,1.030300654
relaxo,1.030303067
theseus,1.030307016
importunus,1.030307761
ennius,1.030310557
stupeo,1.03031182
ros,1.030316576
remus,1.030344527
mobilitas,1.030359099
sumptus,1.030374699
saepio,1.030376578
bellicosus,1.030382454
patientia,1.03038576
medicina,1.030388616
piraticus,1.030394217
ignifer,1.030407866
spica,1.030412557
instigo,1.030412813
circumsedeo,1.030418277
deligo,1.03043083
iecur,1.03043885
occulte,1.030439879
reclamo,1.030447936
dominatio,1.030449585
naufragus,1.030464489
impunitas,1.030470775
nubifer,1.030478926
nouerca,1.030480965
uagina,1.030484529
pindus,1.030494985
instruo,1.030506038
oboedio,1.030512729
danuuius,1.030515456
domicilium,1.030523373
uocalis,1.030532005
hastile,1.030534072
sodalis,1.030534149
eicio,1.030535378
complures,1.030546199
audaciter,1.030549235
sterilitas,1.030551433
charta,1.030552599
intelligo,1.030554895
incommodum,1.030569287
dea,1.030578694
contus,1.03059045
potis,1.0306054
status,1.030611744
arator,1.030630472
arrogo,1.030636466
assurgo,1.030645889
praesens,1.030668904
ueru,1.030669399
pax,1.030673192
pergo,1.03069798
domitianus,1.03070001
aro,1.03070241
negligenter,1.030709835
tyros,1.030713687
sertorius,1.030714504
dirimo,1.030717255
capero,1.030724668
murmuro,1.030738266
liuidus,1.030741855
indecorus,1.030744653
naturalis,1.030747001
rapum,1.030752335
euanesco,1.030757244
pensum,1.030763972
distendo,1.030766959
flaueo,1.030770892
gaditanus,1.030773442
scruto,1.030776386
fenestra,1.030784427
descisco,1.030789635
laurea,1.030793931
pluuius,1.03080268
efficio,1.030805894
monumentum,1.030816054
iudico,1.03082526
aelius,1.030830591
criminor,1.030838055
turdus,1.030838114
manipulus,1.030865706
tignum,1.030884699
comitor,1.030913144
obuerto,1.030938621
perfidia,1.030946594
perfuga,1.030972773
socius,1.030982282
dedignor,1.030984907
frater,1.030986401
suppliciter,1.030988086
inoffensus,1.030991648
diluo,1.030994451
quadriduum,1.030999788
praeficio,1.031004349
obedo,1.031013898
plumo,1.031028056
infero,1.031029457
octingenti,1.031030588
suspectus,1.031064058
adflo,1.031078942
amplio,1.031089174
diffluo,1.031089329
ballista,1.031095559
mansuesco,1.031102958
tarde,1.031105789
inprimo,1.031110765
degenero,1.031116382
succedo,1.031120636
libidinosus,1.03112135
adsisto,1.031121841
cassis,1.031136351
proicio,1.031145434
interficio,1.031147221
contubernium,1.031151462
frondeo,1.031153333
succido,1.031157886
fortuitus,1.031159897
prudentia,1.031162006
infamo,1.031162467
senarius,1.031163616
oppius,1.031166387
fastus,1.031167877
commeatus,1.031170403
filia,1.031170948
manus,1.031173724
opera,1.031175134
mugio,1.031187591
fatidicus,1.031197353
obex,1.031199372
proripio,1.031213645
mancipium,1.031238285
pauper,1.031256989
exheredo,1.031257188
foramen,1.031260024
tyrannis,1.03127517
effreno,1.031276786
auia,1.031276814
anne,1.031279935
sicco,1.031283359
possessio,1.031289592
tabulatum,1.031290444
fabulosus,1.031293505
uetula,1.031296936
compitum,1.03133895
deliciae,1.031347786
defessus,1.031352516
undo,1.031366944
ludicer,1.031371823
arctous,1.031374136
comprendo,1.031376687
aufugio,1.031386613
nitido,1.031396207
cinis,1.031401568
series,1.031402557
caenum,1.031416238
dentio,1.031417321
dardanius,1.031426377
stello,1.031432376
contemplor,1.031434444
repercutio,1.03143869
perfectus,1.031464147
auitus,1.03147843
ministro,1.031487284
uelamen,1.031488002
milito,1.031498183
excio,1.031505922
quotus,1.031514955
honoro,1.031523356
commeo,1.031524344
sator,1.031527819
odoro,1.031535185
temeritas,1.031540006
habilis,1.031547791
inuius,1.03154966
condicio,1.031557703
detergeo,1.031576008
taedet,1.031586708
reticeo,1.031596617
proscindo,1.031596777
ineo,1.031613914
confiteor,1.031617035
phyllis,1.031620551
incurso,1.031634363
sapio,1.031635376
infesto,1.031636334
saluber,1.031647557
absurdus,1.031651319
labeo,1.031663173
luxuriosus,1.031671325
amabilis,1.031672037
proscribo,1.031680585
quirinalis,1.031681907
suauis,1.031684308
atauus,1.031699956
aduenio,1.031701887
comitialis,1.031711187
eloquor,1.03171706
passim,1.031732101
primaeuus,1.031745243
duresco,1.031754101
opperior,1.031755173
pertinaciter,1.031757664
adiectio,1.031787354
intestinus,1.031790289
ambitiosus,1.031795339
subnixus,1.031796827
rutuli,1.031800527
aduoluo,1.031808057
formido,1.031815018
perfundo,1.031816515
sincerus,1.03182342
pote,1.031824008
carpentum,1.03183033
legumen,1.031832301
calamitas,1.03183942
confero,1.031841302
conqueror,1.031841375
incurro,1.031847808
umbro,1.031856741
periurium,1.031858542
colloco,1.031903602
pudibundus,1.031906223
querella,1.031913227
triuium,1.031913755
aculeus,1.03192633
apex,1.03194974
ornamentum,1.031959925
clauis,1.031961496
liqueo,1.03196875
sinuosus,1.031969788
foedus,1.031973283
subripio,1.031973779
popina,1.03197463
triumuir,1.031975483
fuco,1.031981439
uersiculus,1.03198189
incesto,1.032001665
albeo,1.032001893
aduocatus,1.032004132
quispiam,1.032005958
profundum,1.032013529
cognomen,1.032017867
archilochus,1.03202184
deque,1.032033372
formidulosus,1.032036656
miseror,1.032044872
subsellium,1.032055369
mulier,1.032065076
rutilus,1.032065954
inconditus,1.032068565
incuso,1.03207029
conuallis,1.032076745
pertinacia,1.032093187
absurde,1.032100314
expleo,1.032106487
mercator,1.032117895
deprecor,1.032124148
momentum,1.032133019
rado,1.032142735
comitas,1.032148324
accumbo,1.032156306
remissus,1.03216253
excolo,1.032172294
fluctuo,1.032182262
taeter,1.032182805
uicarius,1.032185436
praemoneo,1.032187326
imperito,1.032187651
emorior,1.032196807
pedes,1.032218825
mansuetus,1.032234642
immoderatus,1.032234706
audacia,1.03224218
exsilium,1.032249277
sequax,1.032255627
absentia,1.032261631
ateius,1.032265064
triticum,1.032265304
impingo,1.03226803
applico,1.032275399
maiestas,1.032280798
refello,1.032282183
recipero,1.0322931
discutio,1.032295691
dorsum,1.032303492
incredibilis,1.032307466
nubo,1.032313047
obstipesco,1.032324726
paruulus,1.032331814
trudo,1.032338133
oleo,1.032338243
caprea,1.032354511
consors,1.032354543
legatio,1.032355619
domito,1.032371815
narcissus,1.032373099
ferramentum,1.032380399
multitudo,1.03238644
contentio,1.032395942
xxxu,1.032397038
amplus,1.032400275
uultur,1.03240375
aperte,1.032404836
sibilo,1.032412965
improbitas,1.032416414
intercludo,1.032427639
ubertas,1.032434179
inhorreo,1.0324348
oberro,1.032441471
respicio,1.032443432
reus,1.032445531
aquileia,1.032445635
suppeto,1.032450599
scientia,1.032451225
caducum,1.032462281
adhortor,1.032468759
sexagesimus,1.032469583
dissensio,1.032471578
rex,1.032474072
usquequaque,1.032477158
uidus,1.032527425
despondeo,1.032532662
immolo,1.032558699
taurus,1.032559798
bona,1.032567509
persicus,1.032575078
incomptus,1.032578653
circumuolo,1.032588934
iunius,1.032593496
antenna,1.032594745
uacuo,1.03261845
cyrus,1.032625103
censor,1.032629271
orbitas,1.032646036
paries,1.03264992
uerona,1.03265037
adscendo,1.03265255
excello,1.032656233
arrideo,1.032658745
emereo,1.032658802
messor,1.032673781
temero,1.032679577
tuor,1.032686676
implicitus,1.032709697
gentes,1.032723728
consulto,1.032734608
necessitudo,1.032734978
nocturnus,1.032742822
respecto,1.032743446
frendo,1.032748243
contemptor,1.032752612
senatorius,1.032764563
uermis,1.032770605
dextera,1.032777929
dissimulanter,1.032793127
paratus,1.032795879
cohors,1.032829399
exsurgo,1.032840436
ingredior,1.032864676
dubium,1.032867906
prodigium,1.032874355
seminex,1.032882137
cauerna,1.032887
amomum,1.03288798
agnus,1.032890981
effringo,1.032892773
fauorabilis,1.032895444
praeclarus,1.032895556
arteria,1.032898762
supergredior,1.032902557
mulco,1.032906713
sedulus,1.032906999
consurgo,1.032916571
remoror,1.032925774
cristatus,1.032941761
familiaritas,1.032946524
prohibeo,1.032947551
castro,1.032965678
philomela,1.032969311
degredior,1.03297033
solitum,1.032978952
ministerium,1.032984755
uicis,1.032995161
hospitus,1.032997858
elegantia,1.033010635
rudo,1.033010972
intentus,1.033012117
desertor,1.033013727
gratulatio,1.033016404
horribilis,1.033016808
renascor,1.033020371
celero,1.033029383
seditiosus,1.033030879
disputatio,1.033049835
pictura,1.033057976
mirificus,1.033069912
anna,1.03307954
singulus,1.033092107
stabulum,1.033096513
fulcrum,1.033100694
inclutus,1.033127757
facesso,1.033136308
suppleo,1.033149624
fides,1.03316188
troas,1.033167478
achiuus,1.033178037
bestia,1.033182585
aries,1.03318339
refugus,1.033187614
probo,1.033188319
conditor,1.033200353
rescindo,1.033208109
delibero,1.033233146
cunctatio,1.033236691
peruulgo,1.033239175
orgia,1.033246421
hieronymus,1.033254488
propago,1.033259169
cibus,1.033269662
no,1.033273196
renuntio,1.033281669
subdolus,1.033282167
oppugno,1.033283345
effor,1.033286655
stoici,1.033288739
creatrix,1.033297589
assisto,1.033307065
pernocto,1.033312375
expugnatio,1.033316644
illabor,1.033331495
irascor,1.033331592
imbrifer,1.033339039
nongenti,1.033339114
palor,1.033339872
togatus,1.033341348
transfugio,1.033345491
maternus,1.033350675
miro,1.033360647
iocor,1.033374828
curo,1.033377073
inconstantia,1.033380277
notitia,1.03339131
spelunca,1.033394022
genitor,1.033401183
uitricus,1.033414507
gradatim,1.033421252
conglobo,1.033426466
gubernator,1.03343297
sorbeo,1.033437238
proauus,1.033442764
coniuro,1.033448442
depingo,1.033457975
fuscus,1.033473141
statio,1.033489987
alloquium,1.033489989
tuto,1.033495761
deses,1.033509665
compaciscor,1.033530667
frigeo,1.033536578
deseco,1.033537529
nepos,1.033541805
adytum,1.033552887
oblino,1.033555028
capillus,1.03356294
adultus,1.033590765
barbaricus,1.033593731
actus,1.0335974
neglegenter,1.03359917
halitus,1.033622948
infirmus,1.033652179
praenestinus,1.033655469
construo,1.033658144
accusator,1.033661806
aliquanto,1.03366213
equuleus,1.033667169
largior,1.033672775
procellosus,1.03369955
ganymedes,1.033710302
ui,1.033710322
perhorresco,1.033714114
ferueo,1.033721034
latratus,1.033739449
eleganter,1.033745263
circumfero,1.033748069
conflagro,1.033753359
decimanus,1.033775032
impunitus,1.033775879
cognomentum,1.033777161
suborno,1.033777928
aspero,1.033779275
incus,1.033788945
squameus,1.033796066
xluiii,1.033798516
depositum,1.033818187
duritia,1.033820786
memoro,1.03382106
adsequor,1.033823663
quantulus,1.033833933
chela,1.033840547
primoris,1.033842128
cometes,1.033846875
conscientia,1.033856769
dialis,1.033858682
fabella,1.033860831
capricornus,1.03386476
munimentum,1.033879665
perscribo,1.033887173
coriandrum,1.033897735
puteus,1.033898145
condemno,1.033908916
cerastes,1.033920559
modius,1.033928916
aegrotus,1.033939831
disertus,1.033944865
inquietus,1.033954312
adfirmo,1.033963985
ultio,1.033976166
tiro,1.033981818
inrideo,1.034005912
extrinsecus,1.03400976
cottidie,1.034029676
lorica,1.034048168
inimicus,1.034049365
perfruor,1.034050941
triduum,1.03410565
tolerabilis,1.034109728
opus,1.034109856
migro,1.034111835
potissimum,1.034115345
emancipo,1.034121589
legionarius,1.034122012
coniunx,1.034122079
perquiro,1.034124378
medico,1.034130708
tempero,1.03413632
maturitas,1.034139739
postremus,1.034153259
formica,1.034163977
pomarium,1.034169954
aerarium,1.034170254
consularis,1.034173802
rudimentum,1.034175039
focus,1.03418067
linea,1.034187229
insideo,1.034188629
lupinus,1.034190286
peripateticus,1.034193502
propugno,1.034194715
cupide,1.034219564
aulaeum,1.034239992
conpesco,1.034243843
helice,1.034250345
epistula,1.034256692
uiritim,1.034259533
mola,1.034259593
dissocio,1.034261349
nobilitas,1.034264232
honeste,1.034265516
molliter,1.034272136
taciturnitas,1.034294533
chelys,1.034294634
enceladus,1.034311502
stultus,1.034314538
polydorus,1.034322025
tristiter,1.034330312
aberro,1.034339734
tunico,1.034361417
samius,1.03437917
frustror,1.034380641
kai,1.03438427
sere,1.034384294
libero,1.034388731
camelus,1.034396618
baetica,1.034406874
exsequia,1.034408981
pannus,1.034426687
profectio,1.034431681
ineptia,1.034432537
uelociter,1.034437584
hospita,1.034440121
perosus,1.034449186
corruptor,1.034465658
libenter,1.034485273
occubo,1.034489509
appareo,1.034496399
paphus,1.034503516
euidenter,1.034517069
praegredior,1.034523916
religio,1.034532231
transuolo,1.034536599
iussum,1.034539095
supino,1.034539964
suffero,1.034552147
interior,1.034559436
diuulgo,1.034576249
adplico,1.03458503
femur,1.034595446
sano,1.034595926
arrigo,1.03459652
consequor,1.034609069
flamininus,1.034609671
crastinus,1.034613824
nutus,1.034616217
expromo,1.034630954
smaragdus,1.034631226
armilla,1.034637091
domesticus,1.034640939
adprobo,1.034649394
euander,1.034649578
prauitas,1.034663916
lucilius,1.034676155
pauimentum,1.034676639
praecaueo,1.034678829
imus,1.034681042
imprimo,1.034681931
intremo,1.034682804
ebibo,1.03468585
cohereo,1.034700949
inuetero,1.034718286
arion,1.034741476
cretenses,1.034744559
lorum,1.03474769
uoro,1.034777294
pauito,1.03478822
firmus,1.034794005
september,1.034801706
iniungo,1.034828513
rima,1.034833708
circumuallo,1.03483454
frumentum,1.034836165
exordior,1.03485609
celeriter,1.034873319
ostrea,1.034873677
refuto,1.034875011
cunae,1.034875544
coeperint,1.03488022
lycius,1.034880933
postremo,1.034883852
unicus,1.03489894
haesito,1.03490687
sentis,1.034912833
consentaneus,1.03492525
caballus,1.034926453
costa,1.03493941
prouentus,1.03494153
putris,1.03494716
cynicus,1.034949123
capua,1.03496758
aeolus,1.034972589
tormentum,1.034977723
impensa,1.034980037
impiger,1.03498454
initio,1.034996244
securitas,1.03500427
iustus,1.035011375
beneficium,1.035042441
lactuca,1.035045795
gallinaceus,1.035055213
foris,1.03506383
nouellus,1.035065136
pastoralis,1.035074903
natiuus,1.035091313
numidia,1.035092064
operio,1.035103292
deturbo,1.035112216
saliuo,1.035114727
intemeratus,1.035114796
inauro,1.035142718
iphigenia,1.035147576
petulans,1.03515855
nebulosus,1.035176812
coloro,1.035182632
dimoueo,1.035191891
urtica,1.035200288
quadro,1.035201391
leaena,1.035203227
promptus,1.035210093
dissimilitudo,1.035213599
superuenio,1.03524453
munimen,1.035247213
flumineus,1.035256571
circumeo,1.035276638
aduncus,1.035277374
dictatura,1.035280074
ulterior,1.035281974
uomer,1.035288335
uanitas,1.035294338
adnuo,1.035298544
aemulatio,1.035322162
asporto,1.035338788
posterius,1.035349862
etruria,1.03535331
senesco,1.035355937
paupertas,1.035367023
mulsum,1.035373436
inchoo,1.035375028
lucifer,1.035378282
implico,1.035393635
hesperius,1.035399936
retrorsus,1.035413201
imum,1.03541363
fusus,1.035421143
siquis,1.035435225
pugio,1.035442152
lustrum,1.035444029
antecello,1.035452544
hospitalis,1.035470073
triplex,1.035474669
adamas,1.035476868
sola,1.035483162
interrogatio,1.03548527
inputo,1.035486046
tragoedia,1.035489199
siculi,1.035489314
municeps,1.035490195
multiplex,1.035499808
apollodorus,1.035511227
obrepo,1.035511426
stips,1.03551262
traduco,1.035532308
recumbo,1.035532907
munia,1.035534108
ueteranus,1.035550869
rete,1.035554045
assiduitas,1.035568787
institutum,1.035576234
confido,1.035577919
abstergeo,1.035588654
mensis,1.035616722
peruicax,1.035632179
parus,1.03563464
circus,1.035637092
clarius,1.035658313
innocentia,1.035665181
onerarius,1.035667361
ubinam,1.035681866
ciuitas,1.035683329
discingo,1.035726461
buxus,1.035727249
uergilius,1.035743118
artificium,1.035753312
languesco,1.035759374
recognosco,1.03576613
inuigilo,1.035769928
samnites,1.035771208
tertio,1.035772799
lutum,1.035776403
quinquennium,1.035778502
quotannis,1.035780263
laetor,1.035783097
illigo,1.035791024
uinarius,1.035792951
uilito,1.035797439
quintius,1.035818597
podagra,1.035825415
ouillus,1.035825832
opaco,1.035828917
abundantia,1.035851518
delicatus,1.035861441
tribuo,1.035899212
aduena,1.035908682
therma,1.035910899
surgo,1.035913127
effuse,1.035918862
rostrum,1.035932027
consuetudo,1.035938715
fictus,1.035946371
ruber,1.035953934
cella,1.035955101
perlucidus,1.035957098
deprauo,1.035980776
spartanus,1.035984173
affuit,1.035985509
puluereus,1.03598848
musicus,1.036008548
declaro,1.036009223
opinor,1.03601613
asto,1.036016652
fistula,1.036028403
discolor,1.036031563
saxosus,1.036037976
paciscor,1.036039177
affectus,1.036062488
aestiuo,1.036073793
sicarius,1.036097469
mereo,1.036101709
rite,1.036102055
praedo,1.036120113
palladius,1.036120571
uepres,1.036121
constantia,1.036131722
enumero,1.036149522
iamdudum,1.036161396
serpo,1.036165108
rubesco,1.036166972
lares,1.036169902
discursus,1.036172662
superbe,1.036175134
pruinosus,1.03619017
ursa,1.036191769
magistratus,1.036216927
decor,1.036227353
auster,1.036233686
inscribo,1.036244477
meretrix,1.036244951
fabrilis,1.036251006
quapropter,1.036252744
conpello,1.036270194
superstitiosus,1.036275052
occumbo,1.036277071
pharetratus,1.036277767
margarita,1.036287239
requiesco,1.03629527
ilias,1.036300432
distringo,1.036304934
leuamen,1.036312649
uitula,1.036315289
statuo,1.036331483
frequentia,1.03634781
epoto,1.036348626
uiuax,1.036359809
myron,1.03636001
cognitio,1.036368333
peculor,1.036369688
minutus,1.036372118
imperiosus,1.036377708
persuasio,1.036391545
adicio,1.03639187
disiungo,1.036404619
pinguesco,1.036404958
consto,1.036407049
exceptio,1.036416709
uictimo,1.036424429
temperamentum,1.036461113
adsuefacio,1.036465505
fecunditas,1.036486455
coquo,1.036499012
humo,1.036499557
felicitas,1.036506333
tantalus,1.036510909
suspicor,1.036514591
fascio,1.036525142
crates,1.036540495
inuro,1.036541233
hemina,1.036546587
erogo,1.036585657
ferocitas,1.036593949
diuisio,1.03659914
caesarea,1.036603656
comparatio,1.036610705
frumentarius,1.03661105
amicio,1.036616536
urgueo,1.036625013
porrum,1.036629072
salutatio,1.036631451
introeo,1.036631766
polluo,1.036635602
friuolus,1.036636212
seruulus,1.03664203
insuetus,1.036648719
palumbes,1.036671445
squalidus,1.036672507
cruento,1.036678506
inane,1.036680866
germana,1.036698053
quinquagesimus,1.036701271
aequum,1.036718262
lapidosus,1.036734603
altum,1.036737624
silenus,1.036740392
maturesco,1.036753487
sepelio,1.036754492
paulus,1.036758978
insisto,1.036767398
cauo,1.036781644
timor,1.036784019
apuleius,1.036785378
gressus,1.036793528
mogontiacum,1.036805198
truncus,1.036819734
matutinus,1.036823242
temno,1.036825141
stercoro,1.036828298
sufficio,1.036840847
guberno,1.036841824
pyrrha,1.036844094
obseruatio,1.036851403
discordo,1.036853616
sudor,1.036859645
praestantia,1.03687136
impatiens,1.036879457
insidio,1.036902298
rebello,1.036902533
separatim,1.03690348
nasus,1.036906942
conspiratio,1.036920081
tumultuosus,1.036925736
quominus,1.036941565
coeperat,1.036943621
iaculum,1.036947951
stragulus,1.036963761
triumphalis,1.036979351
mirandus,1.03698776
haedus,1.036992175
effundo,1.037007346
fragmen,1.037036365
perfungor,1.0370399
aeque,1.037044792
mediterraneus,1.037051401
timotheus,1.037056639
illudo,1.037060001
effectus,1.037067648
diffido,1.037069885
efferus,1.037073231
dissuadeo,1.037077164
libertas,1.037082873
comminiscor,1.037085867
uirginitas,1.037111806
dispono,1.037123145
acclamatio,1.037127079
arcturus,1.037148932
euersio,1.037149355
argenteus,1.037152961
torquatus,1.037183548
palaestra,1.037187391
amphora,1.03718905
conprobo,1.037194412
conloco,1.037199213
squamosus,1.037205655
temperantia,1.037217895
rana,1.037259121
terra,1.037261303
bellatrix,1.037265316
inploro,1.037285397
crepo,1.037310085
languor,1.037326809
deucalion,1.037332393
hebeo,1.037332696
manubia,1.037333594
peiero,1.03733742
arte,1.037348849
solon,1.037365251
ululo,1.037372125
internecio,1.037410497
deludo,1.03742624
diuinitas,1.037428777
maligne,1.037430207
abies,1.037430714
pilum,1.037431239
iuncus,1.037440215
conitor,1.037465017
transcendo,1.037466824
profor,1.037481645
publice,1.037484747
docilis,1.03750431
lyricus,1.037521836
ubere,1.03753458
titulus,1.03754853
septuaginta,1.037554282
nuntius,1.037585536
liceo,1.037587608
libere,1.037589941
incuria,1.037595
proceritas,1.037595592
lictor,1.037598324
capitalis,1.037600003
harenosus,1.037602993
alienum,1.037618021
adiutorium,1.037623595
annuo,1.037636561
praecello,1.037637712
obstupefacio,1.037638744
auctoritas,1.037652613
cutis,1.037667839
opportunitas,1.037679862
lenocinium,1.037683298
secta,1.037690516
adolescens,1.037700057
socio,1.037710236
abscido,1.037722616
deleo,1.037728684
dormio,1.037741653
meto,1.037748663
rector,1.037750609
puerperium,1.037756766
prognatus,1.03776529
academia,1.037773065
perfodio,1.037781004
tremebundus,1.037781559
amphion,1.037791888
prospere,1.037793922
legio,1.037810049
aerumna,1.037814119
intento,1.037828242
dinumero,1.037830665
diuturnitas,1.037839994
indigena,1.037850614
genitalis,1.037850879
uicenus,1.037850969
libo,1.037886174
exprobro,1.037887
detrecto,1.037887799
digno,1.037887855
ambiguitas,1.037898486
falernus,1.037924094
augesco,1.037934215
assigno,1.037943956
salix,1.03795802
elephantus,1.037963534
exarmo,1.037968778
interpretatio,1.037973082
ploro,1.037976714
rixa,1.037978588
sermo,1.037981931
pestilens,1.03798462
exopto,1.037999809
turpiter,1.03801603
exaggero,1.038035131
comparo,1.038049746
adpareo,1.038058195
expio,1.038067787
culex,1.038079109
ueneficium,1.038079843
absinthium,1.038084786
uacatio,1.038097965
extremum,1.038100746
uacillo,1.038106902
attraho,1.038108841
aequipero,1.038132307
contactus,1.038135771
odiosus,1.038141978
insanabilis,1.038153958
pulchritudo,1.038157908
communiter,1.038162636
studiose,1.038174811
conquiro,1.038187876
adorno,1.038188503
arrogantia,1.038193622
acinus,1.038202024
negotium,1.038207959
lignum,1.03821263
castigatio,1.038232583
fallacia,1.038237811
talus,1.038255522
callide,1.038261797
alludo,1.038267325
urbanitas,1.038274179
reliquiae,1.038279922
intus,1.038295775
negotior,1.038297432
tantopere,1.038299716
libet,1.03830422
mortalitas,1.038312253
alcmena,1.038319909
undecim,1.038328815
curiose,1.038329598
scenicus,1.038340034
enato,1.038343782
pagus,1.038354476
gula,1.038364851
undosus,1.03838108
thessalonica,1.038385906
probitas,1.038390497
latebrosus,1.038393496
socialis,1.038398207
credulitas,1.038400405
dido,1.038413772
caprinus,1.038429507
parilis,1.038436332
cyrene,1.038449365
insuesco,1.038452034
calleo,1.038453247
cruciatus,1.038462178
affecto,1.038467074
testudo,1.038468963
inlido,1.038469368
expectatio,1.038513075
conuictus,1.038525664
caeles,1.038528765
obtineo,1.03854957
tabeo,1.038550438
obscure,1.038552888
piscator,1.038568814
salueo,1.0385935
ualetudo,1.038602711
figuro,1.038606401
aethra,1.038617512
calathus,1.038623092
induo,1.038640642
hiberna,1.038644216
subruo,1.038644882
cruditas,1.038645086
coepto,1.038645676
alteruter,1.038664301
edisco,1.038684213
exporto,1.038714866
rhetor,1.03872537
aranea,1.03873363
subdo,1.038740747
ualeo,1.038742279
tredecim,1.038745471
dinosco,1.038747466
compareo,1.038748556
oblecto,1.038754384
compendium,1.038755346
macellum,1.038756664
dispicio,1.038758305
marinus,1.038760815
hydra,1.038761196
adquiro,1.038771652
salsus,1.038774299
honor,1.038798576
subueho,1.038815295
lanista,1.038819905
suauiter,1.038821417
physicus,1.038832785
cognomino,1.038842225
immobilis,1.038843237
suggestus,1.038848605
proles,1.038853173
antipater,1.038878541
confundo,1.038888664
commodum,1.038890676
theatralis,1.038905562
hirritus,1.03890731
imperfectus,1.038913588
concauus,1.038917828
en,1.038930045
transfundo,1.038933954
minaciter,1.038941442
circumfluo,1.038942715
terminus,1.038961627
freno,1.038967397
titus,1.038974117
formula,1.03897506
delecto,1.038975379
eiusmodi,1.038993953
percello,1.038995438
uuidus,1.039000048
raptim,1.039016149
quaeso,1.039029794
stringo,1.039031391
inclino,1.039052512
extruo,1.03905367
commentarius,1.03906505
interius,1.039070086
octonus,1.039103845
strues,1.039116663
ebrietas,1.039131459
repo,1.039136616
decerto,1.039147284
uerbero,1.039153742
redux,1.039157165
credibilis,1.039166553
primo,1.039177337
affirmo,1.039186333
syracusanus,1.039218834
reclino,1.03922404
maturo,1.039224306
contemptus,1.039233021
matrimonium,1.039238825
proficio,1.039240522
renuo,1.039251712
subrepo,1.039257015
montanus,1.039269204
cetus,1.039272941
elego,1.039280333
arrius,1.039290007
pirata,1.039297159
sacrifico,1.039297722
eximius,1.039300362
aquosus,1.039300749
ferinus,1.039312855
simulacrum,1.039316378
detineo,1.039325483
muria,1.039345043
aeolius,1.039360449
hesternus,1.039376571
imperatorius,1.039405757
uitta,1.039408793
gratuitus,1.039419648
nola,1.03942389
tentorium,1.03942671
spissus,1.039439654
meritum,1.03945047
assumo,1.03945404
recuruo,1.039458653
ingrauesco,1.039460924
aspergo,1.039463165
sterto,1.039463916
egredior,1.039502407
athleta,1.039508801
oliua,1.039518825
nonaginta,1.039529201
tonsa,1.039543043
portentum,1.039553818
existimatio,1.039563602
palpito,1.039567446
uersutus,1.039591306
uidua,1.039600579
puella,1.039629332
inpleo,1.039642341
castrensis,1.03967329
aditus,1.039674842
duodecim,1.039680681
lesbius,1.039683559
succendo,1.039696208
deorsum,1.039697528
luteus,1.039712844
recepto,1.039734059
alexandria,1.039752967
fornix,1.039763443
compenso,1.039768022
profluo,1.039792764
hostia,1.039794303
gratia,1.039820889
bonum,1.0398356
calliditas,1.039836853
armipotens,1.039848804
cribrum,1.039866657
meditatio,1.03986741
introspicio,1.039870526
modulatio,1.039877868
dimetior,1.039884706
uaticinor,1.039887454
dodrans,1.039887625
sulphur,1.039893117
aequaliter,1.039929915
litteratus,1.039936431
lacrimabilis,1.039942713
proscriptio,1.039949441
iratus,1.039952019
latrocinor,1.039960807
ostium,1.039973705
foede,1.039979517
luctuosus,1.039987489
merito,1.039998274
septuagesimus,1.040002651
suspendium,1.040007271
lolium,1.040023073
elogium,1.040041678
apte,1.040042344
caulis,1.040043271
canesco,1.040052898
inmaturus,1.040063934
copia,1.040072524
uituperatio,1.040084644
editus,1.040085338
attribuo,1.040092604
refoueo,1.040097997
frugi,1.04011216
crinio,1.040123122
ueratus,1.040134624
dominor,1.040136657
prorsus,1.040155475
uipera,1.040158218
effemino,1.040164077
miniscor,1.040164643
eloquentia,1.040166366
coacto,1.040178744
immisceo,1.040190479
pilus,1.040203179
promunturium,1.04021868
familia,1.04026253
lator,1.040277119
caper,1.040290613
euinco,1.040306581
inculco,1.04030774
praeopto,1.040312465
praedico,1.040312627
columba,1.04031829
similiter,1.040319187
puerperus,1.040322773
aequitas,1.04033214
gingiua,1.040343267
praedium,1.040348767
ualens,1.040351225
litigo,1.040363724
obuoluo,1.040382363
debilito,1.040383895
reor,1.04042082
musca,1.040460264
inauditus,1.040479731
litoreus,1.040482067
seuere,1.040487631
ctesiphon,1.040489877
refrigesco,1.040497108
auius,1.040513103
faex,1.040538108
condico,1.040540371
atrociter,1.040561023
priuilegium,1.040577231
cuminum,1.040579031
spurcus,1.040600564
corripio,1.040601085
sudis,1.040621719
definio,1.040623211
stella,1.040623462
octogesimus,1.040633643
astutus,1.040640975
obsum,1.040647039
inaequalis,1.040659056
aeneus,1.040669605
paulisper,1.040695581
obmutesco,1.040697098
celebritas,1.040705774
repudio,1.040715126
tepesco,1.040715934
petulantia,1.040720974
delictum,1.040726766
confessio,1.040735642
acidus,1.040741187
lauinia,1.040752342
dactylus,1.040754952
exitialis,1.040755012
fundamentum,1.040756178
porcus,1.040761943
excessus,1.040762493
index,1.040762626
oppugnatio,1.040764642
impudicitia,1.040772439
adiudico,1.040773263
arcanum,1.040773989
uendito,1.040782049
assuetus,1.040787675
assuesco,1.040802828
pignero,1.04080663
satur,1.040822085
iunctus,1.0408354
proluo,1.040851061
illuc,1.040874806
proprius,1.040884156
turtur,1.040906116
collido,1.040918208
calumnior,1.040921661
floridus,1.040957809
integro,1.040961308
piscosus,1.040967303
machinamentum,1.040977221
uallus,1.040984573
cinaedus,1.040987811
consul,1.041021719
peregre,1.041025389
aram,1.04103037
ratus,1.041038044
intimus,1.041039959
ubicumque,1.041075944
arboreus,1.041077076
praesidium,1.041080456
minos,1.041083631
antefero,1.041086183
ueluti,1.04108849
oblongus,1.041112037
signum,1.041126132
forensis,1.04113399
phrygius,1.041140651
loquor,1.041144583
expedite,1.041183272
dedico,1.041184045
impigre,1.041186168
gustus,1.041201011
percio,1.041206201
depromo,1.041206658
discors,1.04121247
faciliter,1.041218714
infer,1.041225814
affinitas,1.041239008
imbecillitas,1.041246416
frustum,1.041250473
utilitas,1.041250553
lydus,1.041250808
innato,1.041257572
discumbo,1.041261954
defungor,1.04126982
pactio,1.041274152
cereus,1.041291365
abeo,1.041315077
disceptatio,1.041316619
respectus,1.041333168
compleo,1.041334306
gladius,1.04134333
deterrimus,1.041344435
adduco,1.04134956
concido,1.041353177
decutio,1.0413684
sirius,1.041374461
concelebro,1.041378911
abditus,1.041392256
gloriose,1.041404236
hastatus,1.041404252
indiscretus,1.041419561
subiungo,1.041426624
refluo,1.041436699
theopompus,1.04147665
uersicolor,1.041479722
transitus,1.041486857
diuus,1.041499995
offundo,1.041511813
exaresco,1.04151185
alterno,1.04152686
refertus,1.041534349
pirus,1.041556549
animo,1.041562098
adprehendo,1.041564742
adoptio,1.041578664
stipulor,1.041593847
constituo,1.041607624
infensus,1.041613541
epigramma,1.041626257
nigresco,1.041641587
ascensus,1.041670372
salio,1.041682774
praestringo,1.0416949
perterreo,1.041703533
occurso,1.04170759
intromitto,1.041709472
peruideo,1.041740859
poema,1.04174396
pirum,1.041744882
magnifice,1.041749592
conpono,1.041759322
ramulus,1.041774017
inhibeo,1.041776652
piceus,1.041784229
insurgo,1.041790399
efflagito,1.041805366
reprimo,1.041811131
ructo,1.041815464
grando,1.041827304
piscina,1.041828945
sanitas,1.041834333
raresco,1.041856706
lucrum,1.041858813
admisceo,1.041865063
retento,1.041865525
eatenus,1.041871658
afranius,1.041876841
legitimus,1.041882411
persaepe,1.041887273
derigo,1.041889519
respondeo,1.041924158
aestimatio,1.041925768
undecimus,1.041926783
ementior,1.041933343
uegetus,1.041936267
uniuersus,1.041942353
tractabilis,1.041962881
copulo,1.041967121
moribundus,1.041972822
insidior,1.0419815
una,1.041987395
tumor,1.041989224
contueor,1.041990081
conligo,1.042021653
uelamentum,1.042027971
propensus,1.04204328
adeone,1.042072521
seiungo,1.042095219
contumacia,1.042112841
semifer,1.042116107
nonnumquam,1.042121165
diuino,1.042122336
ridiculus,1.042122533
patronus,1.042125466
inconcussus,1.042132149
scamnum,1.042138203
attenuo,1.042143003
robigo,1.042150555
oblectamentum,1.042150603
patera,1.042179191
delibo,1.042181613
aquilus,1.042184127
condictio,1.042186581
stupro,1.042187117
offensio,1.042204135
adtingo,1.042206923
polypus,1.04221743
hosticus,1.042234158
propinquitas,1.042244595
manes,1.042250915
lamenta,1.042262332
oscula,1.042285759
pridem,1.042289179
intumesco,1.042297971
fortus,1.042299733
recido,1.042300973
infelicitas,1.042308869
tripus,1.042312238
coalesco,1.042341249
sepulcrum,1.042349672
hortulus,1.042358141
concupisco,1.042369556
lixa,1.042379864
inimicitia,1.042384582
interuenio,1.042415701
pisto,1.042417079
clamosus,1.042428621
flagitiosus,1.04243297
officiosus,1.042435584
reueho,1.042435803
pungo,1.042436182
tumultuarius,1.042451799
amolior,1.042453696
clementer,1.042464399
pompo,1.042527708
procurator,1.042531878
nemorosus,1.042546883
pallium,1.042548505
alumna,1.0426108
nugae,1.042617705
pacorus,1.042627334
acus,1.042631141
pyxis,1.042642583
obiectus,1.042652147
lamentatio,1.042659911
ministra,1.042670449
tirocinium,1.042670488
aggero,1.042671055
aedituus,1.042673529
ossa,1.042681501
peculiaris,1.042681866
numerosus,1.042704464
terrenus,1.042709782
tinguo,1.042713756
scythia,1.04272329
redintegro,1.042736928
mediocritas,1.042760621
emptio,1.042768128
paedagogus,1.042778853
callimachus,1.04278378
gloria,1.042791347
lembus,1.042796758
solutus,1.042804752
salum,1.042807859
delitesco,1.042808014
pontificius,1.042827076
antepono,1.042860492
bimus,1.042887281
impleo,1.042908311
pallens,1.042936269
obsigno,1.042939889
helle,1.042964267
porta,1.042975494
styx,1.042979917
quiduo,1.042983801
lucretius,1.042984945
fomentum,1.043006334
accusatio,1.043007811
animaduersio,1.043038742
mendicitas,1.043057193
oro,1.043063376
repraesento,1.043084703
festinanter,1.043096555
alexander,1.043103476
delego,1.043121866
incresco,1.043141066
peregrinor,1.043148361
dictator,1.043153369
funereus,1.04316564
indago,1.043182895
coruinus,1.043183234
liberalitas,1.043183725
animans,1.043201398
exhortatio,1.043207457
facilitas,1.043212769
iudicium,1.043218611
splendor,1.043220426
us,1.043228789
fertilitas,1.043236508
solamen,1.043253783
obtrecto,1.043255075
uapulo,1.043260622
felices,1.043264735
secreto,1.043277871
adulatio,1.043287965
oppeto,1.043303465
acclamo,1.043307456
xlu,1.043314433
quadraginta,1.043314649
lepor,1.043315491
necessario,1.04332126
transgredior,1.043323726
moderatio,1.043333296
mixtura,1.043353429
populatio,1.04337034
flauius,1.04339396
marcellinus,1.043399376
aquilius,1.043421488
moderamen,1.043423098
relabor,1.043424493
latitudo,1.043434646
enitesco,1.043439391
urceus,1.043442968
permissus,1.04345302
pampinus,1.043461311
temulentus,1.043466574
apprehendo,1.043471069
libertus,1.04347609
coniunctio,1.043477877
perenno,1.043484361
praetorium,1.043495611
tonsor,1.043511275
turpitudo,1.043562826
significatio,1.043570036
scalpo,1.04357021
tuba,1.043574863
edico,1.043579126
gymnasium,1.043581982
sappho,1.043590323
defensio,1.043591968
crapula,1.043598765
uestigo,1.043619856
demonstro,1.043632007
baccha,1.043677459
insono,1.043698944
acerbo,1.043713677
decedo,1.043723066
uecors,1.043729335
delphinus,1.043732869
genius,1.043746158
infula,1.043747657
procuro,1.043748926
deinceps,1.043753639
ruga,1.04376257
perperam,1.043763969
proxime,1.04377359
ilex,1.043776554
signifer,1.043786614
dirigo,1.043812392
piscor,1.043830752
commendatio,1.043841031
ceu,1.043843694
cupido,1.043847899
uenum,1.043860417
discludo,1.043869547
proprietas,1.043914399
limus,1.043930332
confingo,1.043936566
molimen,1.043962534
agedum,1.043964284
duodenus,1.04397707
mercennarius,1.043983471
repens,1.043990435
uiduus,1.043996496
eructo,1.044015863
substringo,1.044024175
ordior,1.044027258
polenta,1.044032512
praeeo,1.04403851
populator,1.044044204
cymbalum,1.044053801
sepulto,1.0440667
mendacium,1.044068669
compages,1.044070786
praeteritus,1.044081716
bellus,1.044099767
crepido,1.04411297
auroro,1.044118192
auspicium,1.044133561
exsecratio,1.044134579
palinurus,1.044148167
cuiusmodi,1.044165725
excerpo,1.044177307
emergo,1.044179259
praepes,1.044188857
torquis,1.04420038
funditus,1.044211803
carnifex,1.044222538
captiuitas,1.044225385
emitto,1.044239406
subtilitas,1.044266088
frigidus,1.044279853
irrito,1.044296278
elo,1.044309292
scyphus,1.044311967
educo,1.044317045
pierides,1.044318919
auspex,1.044320315
pecco,1.044323626
tantisper,1.044324332
muscus,1.044326567
armentum,1.044327504
mendax,1.044331105
plaga,1.044331205
fornax,1.04433842
flo,1.044339182
desertus,1.044339326
ingigno,1.044340837
ulua,1.044360053
submoueo,1.044366864
defensor,1.044377582
indigne,1.044398607
comes,1.044407351
spumosus,1.044408701
satisfacio,1.044438721
achelous,1.044451655
squilla,1.044467
dissono,1.044472412
inligo,1.044483089
macula,1.044488069
uiscera,1.044490137
effugium,1.044492192
suppono,1.044496441
unguen,1.044543037
lamentabilis,1.044544614
cloaca,1.044575366
echinus,1.044581036
deuoro,1.044585237
paelex,1.044588732
emathia,1.044610872
procuratio,1.04461299
falcatus,1.044626416
pertundo,1.04463097
commemoratio,1.044658895
aucto,1.044659059
ferrus,1.044666572
consobrinus,1.044678764
rusticanus,1.044695105
regina,1.044695587
perhibeo,1.044700143
exhibeo,1.044741326
eruo,1.04474348
prodigiosus,1.044747961
tabidus,1.044756847
eruptio,1.044759122
praeteruolo,1.044772947
sedulitas,1.044776124
deuito,1.044779363
consentio,1.044800674
immuto,1.044800733
profectus,1.044817808
denarius,1.04482199
ursus,1.044842406
prenso,1.044842479
simplicitas,1.044867196
saepes,1.044887486
philosophia,1.044901591
experientia,1.044928775
inmaneo,1.044949242
patruelis,1.044969167
considero,1.044976638
cyathus,1.04498741
absolutus,1.044993995
opulentia,1.04500558
interitus,1.045016131
uentriculus,1.045055237
exsecrabilis,1.045058362
equito,1.045061237
suesco,1.045066817
aucupium,1.045075458
umbraculum,1.045079466
oriundus,1.045083107
falsum,1.04508575
gelo,1.045099076
siluanus,1.045107128
attero,1.045109878
circumicio,1.045112027
filius,1.04511326
salus,1.045123932
incuruus,1.045149268
orcus,1.045158033
quinquennalis,1.045171196
epistola,1.045204121
exaspero,1.045218603
ansa,1.04522661
iunctura,1.045226673
modestus,1.045250163
samos,1.045284302
defundo,1.045307363
fullo,1.045335938
praestituo,1.045338794
quadriennium,1.045340264
medicinus,1.045367319
intestinum,1.045367891
como,1.045378525
lector,1.045379071
obuenio,1.045384309
latibulum,1.045393783
gorgias,1.045441046
loquacitas,1.045448735
semirutus,1.045451353
moleste,1.045484471
ephesus,1.045491319
uenefica,1.045492346
annalis,1.045497457
prompte,1.045511569
infirmitas,1.045524963
palaestinus,1.0455274
initium,1.045532111
gnarus,1.045535604
imputo,1.045562192
exercitus,1.045571003
alluo,1.045571963
apricus,1.045585094
patibulum,1.045608016
dispello,1.045609557
absisto,1.045626263
palla,1.04564996
donatio,1.04569608
ornatus,1.0457004
diuinatio,1.04573564
adripio,1.045748416
abluo,1.0457543
architectus,1.045754367
dumtaxat,1.045777002
racemus,1.045791191
neglegentia,1.045808129
xliu,1.045819963
posteaquam,1.045822536
sponsor,1.045838275
munificus,1.045868485
natu,1.04590861
suggero,1.04590981
germen,1.04591752
robustus,1.045918796
asseueratio,1.045929643
chirographum,1.045941873
alea,1.045947912
nedum,1.045958058
indidem,1.045986511
occasio,1.045989555
clementia,1.046003319
antisto,1.046004193
uerisimilis,1.046023507
pubertas,1.046049779
dimitto,1.046057143
molestia,1.046061913
fideiussor,1.046074628
mortarium,1.046078802
afflicto,1.046088036
sarcina,1.046091834
publico,1.046103992
praesentio,1.046116066
discessio,1.046117321
resilio,1.046122555
opitulor,1.046124754
eneco,1.046140983
falso,1.046148278
rebellis,1.046163833
caestus,1.046166752
baculum,1.046179895
prostituo,1.046184951
funditor,1.046185646
inhorresco,1.046187009
perinde,1.046203979
lucror,1.046232849
obtestor,1.04623548
porca,1.046243691
sorbum,1.046247153
strangulo,1.046252687
quamdiu,1.046262726
aurigo,1.046269847
nucleus,1.046272587
egregie,1.046296683
zephyrus,1.046318419
intondeo,1.046322393
seleucia,1.046369752
diuiduus,1.046371974
lis,1.046378756
labo,1.046393325
eminus,1.046408741
anapaestus,1.046423419
algeo,1.046428354
egomet,1.046430096
ingressus,1.046441377
administro,1.046448026
obligo,1.046460338
inuoco,1.046480228
commutatio,1.04649247
duodecimus,1.046500385
mendicus,1.046532926
congruo,1.046550477
riualis,1.046556552
spons,1.046575998
deploro,1.046589767
permetior,1.046590618
aueho,1.046611682
abstinentia,1.046612887
nidor,1.046640407
consolor,1.046655367
rusticitas,1.046667494
sponsio,1.046690859
missio,1.046694543
sapientia,1.04670453
mus,1.046726458
peluis,1.046766042
adsentio,1.046767573
plumbea,1.046768376
pario,1.046775521
adoro,1.046789164
calidus,1.046795681
gratis,1.046821177
orodes,1.046845318
nisus,1.046861819
absolutio,1.04687382
uirgula,1.046876055
exoro,1.046908678
copiose,1.046914351
agens,1.046914738
supremus,1.046917677
stultitia,1.046917855
perpendo,1.046926808
denuntiatio,1.04693214
praeualeo,1.046947956
crudesco,1.046952757
humor,1.046955631
retracto,1.04696468
insidiator,1.046968043
puluinus,1.047007023
crebresco,1.047035095
humanitas,1.047035679
diuturnus,1.047045278
lentiscus,1.047060702
mentum,1.047064899
lecto,1.047065985
exsilio,1.047079566
accius,1.047085015
peruado,1.047085061
pertempto,1.047099232
conprimo,1.047103729
magicus,1.04711576
sequens,1.047131257
obstino,1.047149156
apparitor,1.047157213
computatio,1.047157757
nimbosus,1.047162092
attendo,1.047170246
asclepiades,1.04717614
coniuratio,1.047177508
antistes,1.047180096
circumduco,1.047184086
iactantia,1.047197226
exanimus,1.047213223
dilacero,1.047215022
grator,1.047220848
scapula,1.047229955
tarraco,1.047288806
uenustas,1.047297328
affatim,1.047300107
innascor,1.047308918
offero,1.047328839
amphitheatrum,1.047329709
milia,1.047341136
clamo,1.04734379
immutabilis,1.047356827
idcirco,1.047359912
laxe,1.047362182
pigeo,1.047365595
placabilis,1.047368367
inspecto,1.04736854
efferuesco,1.047389385
abscondo,1.047392929
scrupulus,1.047427246
bibliotheca,1.047431309
lino,1.047432682
accipiter,1.047433007
scite,1.047439956
turpo,1.047455185
phrixus,1.047475487
farina,1.04748544
citra,1.047494884
balo,1.047528617
concludo,1.047530001
laniger,1.047533486
claudico,1.047535951
exulto,1.04754725
confligo,1.047554002
secundus,1.047557084
calceus,1.047582212
perflo,1.047608702
nodosus,1.047610027
uestimentum,1.047612563
infligo,1.047645629
deminutio,1.047650569
iuuenalis,1.047654181
tabesco,1.047662727
comis,1.047673253
tribunus,1.047677697
cithara,1.047687404
contagio,1.047711169
inexplicabilis,1.047716629
dissilio,1.047726418
impietas,1.047737111
coemo,1.047739455
conplector,1.047792084
prosper,1.047803034
multifariam,1.047803314
supplico,1.047817538
iucunditas,1.047834776
desiderium,1.047835373
consigno,1.047838879
irruptio,1.047859718
librarius,1.047861319
soporifer,1.04786488
tergeo,1.047867506
incunabula,1.047892026
allicio,1.047926248
deliro,1.047933953
corruo,1.047940871
perungo,1.047944339
refreno,1.047952982
adulterinus,1.047959706
uotiuus,1.047995941
aliquantum,1.047999506
insectatio,1.048002581
ingemesco,1.048013088
glaucus,1.048013895
grandaeuus,1.048014646
saeculum,1.048035874
testimonium,1.048040632
paruum,1.048049992
aemilia,1.048053812
deposco,1.048062885
militia,1.048103187
defectus,1.048127855
cesso,1.048154381
commodo,1.048160514
conquiesco,1.04816866
officium,1.048183327
parturio,1.04820128
concretus,1.048208065
impendo,1.048217412
inbuo,1.04824499
sergius,1.048260447
euagor,1.048271965
soporo,1.048276139
dehinc,1.048280632
permutatio,1.048283254
turritus,1.048283524
scala,1.048295906
icarus,1.04830534
sempronius,1.048341574
confidentia,1.048349584
frequenter,1.048350546
dira,1.048376544
sarmaticus,1.048392254
indiuiduus,1.048415831
dimidius,1.048423109
furtum,1.048434424
alga,1.048440262
comitium,1.04844515
suffragium,1.048446682
inundo,1.048467349
dispenso,1.048467539
gestus,1.048474818
merus,1.048508249
dolo,1.048510046
uspiam,1.048511507
uaticinatio,1.048548875
conflicto,1.048560401
astrologus,1.04860785
expeditus,1.048620808
causor,1.048626523
postulatio,1.048629246
appellatio,1.04864679
defio,1.048647875
accumulo,1.048652477
nutrimentum,1.048671567
aspecto,1.048677848
praegnas,1.048680987
mitra,1.048703777
nenia,1.048753234
indulgeo,1.048755129
plumbum,1.048758213
icarius,1.048768674
fetura,1.048786736
margo,1.048813844
saeta,1.048815978
stillo,1.048822465
feretrum,1.048825954
incursio,1.048848284
pineus,1.048861794
inrigo,1.048863752
adstringo,1.048865807
subrideo,1.048886472
iudaicus,1.048907047
retundo,1.048909568
sura,1.048913198
decumbo,1.048917649
supprimo,1.048931566
uicia,1.048957393
custodio,1.048971507
december,1.048989749
ululatus,1.049035285
exercitatio,1.049036116
lacto,1.049047577
anilis,1.04905306
locupleto,1.049054774
thesaurus,1.049065466
exequor,1.049067465
offa,1.049121353
consummo,1.049121584
uadimonium,1.049127595
tribunatus,1.049131099
calesco,1.049132166
circumspecto,1.04915711
adtendo,1.049164385
nandus,1.049182186
contionor,1.049182784
auersus,1.049185528
optio,1.049207696
integer,1.049208328
denego,1.049208579
inclamo,1.049212164
caecus,1.049233603
speciosus,1.049239752
inferi,1.049249111
assentior,1.049252668
manica,1.04926867
corpusculum,1.049290002
edictum,1.049316376
rogatio,1.049323956
incuruo,1.049352746
termino,1.049354554
ultimum,1.049356486
tremor,1.049364057
maenalius,1.049377122
humidus,1.049380459
superbio,1.049405564
diffidentia,1.049409778
conamen,1.049416787
approbo,1.049417925
adiumentum,1.049429637
regno,1.049442928
praeoccupo,1.049449106
proclamo,1.049458391
magnopere,1.049459309
auguro,1.049459925
aliunde,1.049464774
dos,1.049477367
eruditus,1.049498896
comprobo,1.049508958
derideo,1.049510286
scutatus,1.049514484
possido,1.049519372
calpe,1.049520069
offenso,1.049541169
ibidem,1.049559832
intego,1.049576482
medium,1.049618447
nympha,1.04964253
morosus,1.049645261
interfluo,1.049650466
proconsul,1.049683313
improbo,1.049715555
uastatio,1.04974488
nonus,1.049748691
patienter,1.049751139
merum,1.049803297
praetura,1.049814491
inrepo,1.049821778
stercus,1.049840829
sacrus,1.049868265
minutatim,1.049877879
concremo,1.049877949
concino,1.049878098
superbia,1.049902407
caesaries,1.04990469
concumbo,1.049904711
descensus,1.049905446
adumbro,1.049920146
emetior,1.0499293
illecebra,1.049964319
uerax,1.049971727
allia,1.049994728
pecto,1.049997795
recta,1.050060864
domina,1.050083359
culpo,1.050083518
residuus,1.050096223
uiduo,1.050097596
eluo,1.050110444
auritus,1.050117108
extenuo,1.050139289
interpono,1.050143456
praenomen,1.050148141
obsoletus,1.050154919
exactor,1.050219938
ablego,1.050239676
refrigero,1.05025065
bucino,1.05025969
excuso,1.050265834
formico,1.05027181
lucas,1.050279914
posterior,1.050280028
inlicio,1.050309786
tribunal,1.050311496
inualesco,1.050322434
lar,1.050347669
irrigo,1.050365992
ceno,1.050370305
corroboro,1.050372189
segrego,1.050373806
fauces,1.05037883
misereor,1.050394547
dissimulatio,1.050412576
luna,1.050416387
causidicus,1.050454928
propalam,1.050460782
altercatio,1.050504381
fugito,1.050533472
audacter,1.050539742
lympho,1.050540068
regula,1.050542802
accolo,1.050548069
confestim,1.050583243
impudenter,1.050593665
tropus,1.050598303
cerua,1.050602445
euryalus,1.050626429
adpono,1.050656349
dignitas,1.05065804
triarius,1.050659841
copiosus,1.050665628
lanceo,1.050679997
mulio,1.050706704
questus,1.050709433
inscitus,1.050721442
acquiro,1.050734767
parma,1.05074585
prosperus,1.050760209
midas,1.050763855
terebro,1.050765741
liquefacio,1.050778455
insculpo,1.050786648
cadus,1.050787113
propitius,1.050822534
lysia,1.050823998
contumaciter,1.050831947
suasor,1.050832187
antiquo,1.050847127
innuptus,1.050850346
onerosus,1.050868278
stabulo,1.050878952
heraclea,1.050900743
scriptum,1.050906984
domus,1.050909634
gratiosus,1.050921244
transigo,1.050930406
definitio,1.050931921
elicio,1.050933371
redarguo,1.050952036
enimuero,1.050958625
neuter,1.050965546
commodus,1.050976495
eminens,1.051004882
adfulgeo,1.051008102
tundo,1.051008271
inmineo,1.051012287
impendium,1.051024631
phalanx,1.051034891
praetor,1.051080128
limbus,1.051082161
perfugium,1.051086545
mobilis,1.051120754
effetus,1.051135017
prouincialis,1.051149882
tiresia,1.051173994
maleficus,1.051199693
remigium,1.051208127
amphitryon,1.051208591
informo,1.051236329
adiutor,1.051247129
decursus,1.051247542
educatio,1.051251188
ostia,1.051267784
conuersio,1.051315058
populus,1.051318609
longaeuus,1.051341208
captio,1.051348234
multifidus,1.05134859
compar,1.051373503
occupatio,1.051376231
nouenus,1.051382847
promiscuus,1.051389921
adaperio,1.051423893
uterus,1.051433264
lectito,1.051487903
reminiscor,1.051492101
lupinum,1.051500046
stupor,1.051504336
perspicio,1.051515147
aeternus,1.051522306
excoquo,1.05153459
obsero,1.051581733
inpugno,1.051636086
ascisco,1.051638002
potio,1.051659614
praeparo,1.051665393
uomo,1.051668223
precarius,1.05167999
legatus,1.051686152
esurio,1.051691825
moderor,1.051706904
accommodo,1.051714611
italicus,1.051750023
uncus,1.051754744
diurnus,1.051761916
scaber,1.051767294
martialis,1.051771888
nihilominus,1.051779955
coniectura,1.05178117
ancilla,1.051784184
negotiator,1.05179914
tumulo,1.051805741
adulescentia,1.051808803
salubriter,1.051832518
felix,1.051832555
inruo,1.051851312
leno,1.051879603
fluidus,1.051880639
aegroto,1.051899521
clarissimus,1.051944814
concilium,1.051960478
laneus,1.051961455
pyra,1.051980616
uanito,1.052009574
dicio,1.052010371
stridulus,1.052013515
utcumque,1.052027795
inaequalitas,1.052050097
delinquo,1.052066363
obliquo,1.052068818
isthmus,1.052073197
terrigena,1.05207532
muliercula,1.052077295
dure,1.052103212
perscrutor,1.052137545
consensus,1.052145546
imitatio,1.052154822
pertimesco,1.052180081
adsentior,1.052204101
plebeius,1.05221473
excelsus,1.052252119
circumligo,1.052265037
conseruus,1.052267232
prouincia,1.052285236
facetus,1.05230241
aduocatio,1.052314135
sortior,1.052367116
corono,1.052422455
fatigatio,1.052438523
utpote,1.052451162
laudabilis,1.052457057
tenebrosus,1.052465827
cancrus,1.052465959
uenero,1.052478502
stramen,1.052479999
adtribuo,1.052517175
serra,1.05254208
libellus,1.052554935
rixor,1.052587989
rationalis,1.052593525
intercedo,1.052606977
saluus,1.052609149
coercitio,1.052629192
praeuius,1.052634637
elementum,1.052640617
astutia,1.052647437
exterior,1.05264752
ouile,1.052669755
plumbo,1.052675477
audius,1.052677997
afflatus,1.052681479
percutio,1.052689656
perpetuo,1.052694654
palea,1.052697461
iracundia,1.052698519
peruerto,1.052715714
peregrinatio,1.052719334
bubulcus,1.052724355
amator,1.052770901
demigro,1.05279028
exsto,1.052797604
reditus,1.052808123
asylum,1.052814499
caminus,1.05285557
homicidium,1.052936948
balteus,1.052950193
illino,1.052952014
perpetuitas,1.052979511
prospectus,1.052997007
magnificus,1.053007573
ualde,1.05301184
posthabeo,1.053059026
cateno,1.053074607
illuuies,1.053077363
amatorius,1.053121062
adultero,1.053121597
inrationalis,1.053126064
pertendo,1.053153205
indicus,1.053170763
mula,1.053172591
exosculor,1.053195978
melos,1.053216302
dummodo,1.053230767
flora,1.053234626
glorior,1.053234935
instillo,1.053264079
adcresco,1.053290216
submergo,1.053292271
lamentum,1.053311477
peruagor,1.053312906
detondeo,1.05332518
semita,1.053333505
asparagus,1.053335881
concubina,1.053344067
furuus,1.053391343
excepto,1.053405695
praescius,1.053416369
cor,1.053441675
praeterquam,1.053463835
instar,1.053465567
occipitium,1.053473923
allabor,1.053492401
quaesitor,1.053507934
altitudo,1.053514396
sido,1.053514676
delibuo,1.053524168
transporto,1.053569773
cohortor,1.053624525
inuolo,1.053634105
prout,1.053652623
claritas,1.053657158
lente,1.053687445
praeposterus,1.053703803
sinapi,1.053784496
lumbus,1.053788167
belligero,1.053789512
praedor,1.053794154
exilium,1.053804247
sereno,1.053833335
extrema,1.053836003
biennium,1.053849489
proconsularis,1.053862614
mordicus,1.05392078
fistulo,1.053928763
obiectum,1.053933565
bini,1.053945094
damnatio,1.053959705
professio,1.053974379
indulgentia,1.053984683
eurydice,1.053987288
conturbo,1.053992323
claua,1.053998592
uiriliter,1.053999011
semiuir,1.054008871
suscipio,1.054046925
luctificus,1.054049448
abrogo,1.054090446
meridianus,1.054091927
angustia,1.054109469
inauguro,1.054123251
inpono,1.054145519
conclaue,1.05415104
tridens,1.05415408
obligatio,1.054171024
lapso,1.054177695
adnoto,1.054191565
solarium,1.054200761
iniuriosus,1.054201074
exactio,1.054231333
mirabilis,1.054239764
pessum,1.054244529
distorqueo,1.054250037
olympias,1.054280452
assertor,1.054283604
gramineus,1.05433179
iuro,1.054335915
dextra,1.054361753
longitudo,1.054368524
mehercule,1.054390983
insuper,1.054464041
ignominia,1.054484199
enarro,1.054491459
aucupor,1.054491607
pernicitas,1.054492101
uestibulum,1.054506393
protendo,1.054507496
nouies,1.054508815
sapiens,1.054515395
congrego,1.054538893
subnecto,1.054579188
fabulo,1.054593016
aluus,1.054601021
cucumis,1.054655101
insitio,1.054655807
maleficium,1.054662384
probabilis,1.054705154
distineo,1.05471894
elanguesco,1.05478186
probrosus,1.054798867
inserto,1.054808036
afflictus,1.054826168
habitabilis,1.054867612
commoditas,1.054873583
uecordia,1.054893112
cantharus,1.054904327
terrestris,1.054907127
miluus,1.054918887
subsidium,1.054920194
ordino,1.054933216
adfligo,1.05494039
patro,1.054945089
ecquis,1.05494717
sacerdotium,1.054957623
municipium,1.054961519
structura,1.054990623
adcelero,1.054997038
aequalitas,1.055006109
spina,1.055010252
posticus,1.055031853
siquidem,1.055035871
exposco,1.055127556
commune,1.055139845
aeuus,1.055180265
uicinitas,1.055225342
quandoque,1.055240255
indigus,1.055266554
aspis,1.055277669
tholus,1.055279097
gemellus,1.055281136
speculator,1.055318645
ignorantia,1.055319965
alibi,1.055363386
deripio,1.05537196
peruigilo,1.055400553
deuoueo,1.055402599
comminuo,1.055410632
magisterium,1.055416866
posteritas,1.055424461
explorator,1.055424696
pontificalis,1.055426428
argentum,1.055439547
zenon,1.055453671
hilaro,1.055454882
dimidio,1.055457703
simpliciter,1.055529941
pastio,1.055538541
dilato,1.055551046
benigne,1.055554662
iulius,1.055564374
erepo,1.055620928
sacrilegium,1.055657921
differentia,1.055669782
pistor,1.055711109
sistrum,1.055719987
excurro,1.055721814
praeterita,1.055728576
er,1.055732981
iniustitia,1.055746957
grate,1.05575683
larus,1.055779063
quinquagenus,1.055791082
umecto,1.055823695
serua,1.055842865
peruolo,1.055854544
calamitosus,1.0558658
uernaculus,1.055903531
adporto,1.055907984
cauillor,1.055909579
requies,1.055921184
eiulo,1.05592161
publicus,1.055926217
admonitio,1.05597017
solitudo,1.05599768
inpingo,1.056008636
nominatim,1.056009462
reluceo,1.056029534
affor,1.056055735
praesum,1.056113749
tergeminus,1.056116872
amplexor,1.056137648
dentatus,1.05626398
cordus,1.056268123
querimonia,1.056277746
massa,1.056282963
lucerna,1.056323699
sarmatae,1.056333457
obiurgatio,1.056344819
prolixus,1.056345023
rudus,1.05634544
officina,1.056362524
pronepos,1.0563807
dolosus,1.056383358
utiliter,1.056389268
intellectus,1.056391771
aedifico,1.056406448
specula,1.056423165
ferme,1.056435437
pignus,1.05643762
fabrica,1.0564412
coagmento,1.056499333
conuersatio,1.05650401
setius,1.056511593
incruentus,1.056527349
donatiuum,1.056538111
antiquitas,1.056555281
longaeua,1.056564624
conflo,1.056609083
permultus,1.05661142
cogitatio,1.056625332
aduersor,1.056632077
serio,1.056643044
pio,1.056648684
inuentio,1.056668664
alternis,1.05669317
cursor,1.056744869
pusillus,1.056757925
dignatio,1.056763663
existo,1.056778289
luculentus,1.056832391
obsequium,1.056839405
adnitor,1.056852989
marito,1.056853453
parricida,1.056891158
intemperans,1.056897009
indigenus,1.056924577
explano,1.056929641
debilitas,1.056933334
iu,1.056939043
floresco,1.056939315
inquieto,1.056960788
auceps,1.056964459
recolo,1.056979205
rotundo,1.056987712
desipio,1.05699026
castanea,1.057012401
professor,1.057031473
extiterit,1.05703883
populo,1.057040791
malitiosus,1.057065642
uigenus,1.057077852
follis,1.057081656
diiudico,1.057090685
fidelis,1.057104016
paululum,1.057109497
parasitus,1.05711423
restringo,1.057115878
nitrum,1.05715334
nolo,1.057177846
ascendo,1.05718775
presso,1.057233066
oratio,1.057260034
trepidatio,1.057263672
reuiuesco,1.057297939
remetior,1.0573073
mendico,1.057308595
pauesco,1.057326023
aspere,1.057327617
culina,1.057346709
operarius,1.057357836
myrteus,1.057382487
imbecillis,1.057399814
excrucio,1.057413265
intestatus,1.057435297
similitudo,1.057436879
tamdiu,1.057447871
praepotens,1.057495383
thus,1.05750079
principalis,1.057533664
gradior,1.057576977
ieiunium,1.057601266
deperdo,1.057616024
castitas,1.057624944
identidem,1.05764213
praetexo,1.057669164
lapideus,1.057670326
perlustro,1.057673499
intentio,1.057678572
impendeo,1.057687397
boni,1.057690686
mollitia,1.057691592
dissonus,1.057737076
spumeus,1.057738866
nefastus,1.05776261
ochus,1.057768261
loculus,1.057821038
consultatio,1.057829138
aliger,1.057834598
turgesco,1.057844254
saltatio,1.057860788
pedico,1.057887623
expolio,1.057931196
adspicio,1.057939377
spongia,1.05794825
parius,1.057949889
aspiro,1.057964061
uirilitas,1.057985126
seneca,1.057996092
ordinarius,1.058028393
ingenuitas,1.05807671
beta,1.058097654
armatura,1.058106078
contamino,1.058149866
thyestes,1.058194562
excusatio,1.058211002
lepidus,1.058218499
corusco,1.058260726
iugo,1.058261785
clemens,1.058286412
faenero,1.05830614
importo,1.05832
nebulo,1.058326222
coaceruo,1.058333637
abdico,1.058341702
detero,1.058351507
inludo,1.058394592
sphaera,1.058450581
scelestus,1.058494968
adest,1.058515552
decemuir,1.058528826
uiscum,1.058534791
dubitatio,1.058579155
decoquo,1.058647777
calefacio,1.05866364
taciturnus,1.058667853
perfrico,1.058686741
denudo,1.058689542
diuersum,1.058700663
indefensus,1.058741418
necdum,1.058766725
magnificentia,1.058786901
quintilis,1.05879638
minium,1.058817754
malua,1.058843848
maceria,1.058851806
rimo,1.058863577
metrum,1.05888392
uentilo,1.058894407
paterfamilias,1.058903925
electio,1.058908052
crater,1.058929901
obtendo,1.058946247
heredito,1.0589469
peruersus,1.058957573
quandoquidem,1.058958841
sapienter,1.058963153
imminuo,1.058969627
bidens,1.058979004
institor,1.058987687
exardeo,1.058987778
erado,1.059007583
inmuto,1.059047008
quaestio,1.05905301
pertracto,1.059061628
autumo,1.059131322
abundans,1.059155212
disturbo,1.059167331
october,1.059179615
spinosus,1.059189099
impertio,1.059194269
dumetum,1.059200828
prouocatio,1.059204158
coarto,1.059227935
exspectatio,1.059235182
dimidium,1.059245173
saturo,1.059247065
continentia,1.059252553
subterraneus,1.059255414
inopinus,1.059271196
mezentius,1.059275178
actum,1.059284288
sacerdos,1.059288358
exsoluo,1.059299184
dilatio,1.059302426
honesto,1.059319164
patiens,1.059322724
as,1.059345994
ruta,1.059353349
furiosus,1.059360077
controuersus,1.059390445
semoueo,1.059421676
erogatio,1.05943525
integritas,1.059439051
exaro,1.059454896
seria,1.059481775
anxietas,1.059486909
munitio,1.05950983
perdoceo,1.059522224
adflicto,1.059560037
auxiliarius,1.059561924
expostulo,1.059574048
aspiratio,1.059614693
dissipo,1.059624446
agnascor,1.059627658
aereus,1.059729416
prudenter,1.05973437
unguo,1.059776004
amita,1.059826979
durities,1.059830932
unusquisque,1.059854541
allecto,1.059903576
paulum,1.059923256
doctrina,1.059962532
biceps,1.05997843
decanto,1.059996997
argutia,1.060016759
octauianus,1.060064463
retardo,1.060128594
bonitas,1.060169972
heus,1.060181226
tineo,1.060191957
miraculum,1.060192055
occultum,1.060201673
ilicet,1.060237057
saepius,1.060300967
praeualidus,1.06032456
illucesco,1.060401922
receptaculum,1.060419524
defectio,1.060419884
balneum,1.06042971
expergiscor,1.060434594
placatus,1.060435395
fetidus,1.060444544
diligens,1.060531061
desideo,1.06053621
adfluo,1.06055049
conuicior,1.060551595
quamlibet,1.060573612
apollinaris,1.060581464
iurgo,1.060620571
insipiens,1.060638513
destruo,1.060642899
frustratio,1.060643788
remotus,1.060649426
industrius,1.060655022
xxuii,1.06070055
sata,1.060739627
famulor,1.060772646
adcurro,1.0607816
persona,1.060784129
immutatio,1.060791661
urbicus,1.06079576
panis,1.060814465
auolo,1.060838046
commenticius,1.060842134
introitus,1.060875121
computo,1.060876656
historicus,1.060902471
adoptiuus,1.06091301
direptio,1.060931023
festiuus,1.06093405
propono,1.060936287
thymum,1.060942953
euripus,1.060946627
concinno,1.060951247
dictio,1.060954121
pecuarius,1.060994333
affluo,1.06099651
principatus,1.06102318
conspicor,1.061040038
dedicatio,1.061048498
ito,1.061052151
iniurius,1.061060912
papauer,1.06106217
actor,1.06107732
peritia,1.061078947
auditor,1.061085761
antiquitus,1.061091257
defenso,1.061094838
assimulo,1.061100033
recingo,1.061106488
peredo,1.061109629
proloquor,1.061127862
atqui,1.061141741
eloquium,1.061166627
caecitas,1.061177645
stupidus,1.061193563
precatio,1.061197517
pango,1.06129149
delatio,1.061296549
ausonius,1.06135053
gloriosus,1.061350847
suffodio,1.061352665
obstupesco,1.061402084
alioqui,1.061468623
accingo,1.061480029
adamo,1.06148548
almus,1.061488011
confringo,1.061492142
litigiosus,1.061530273
crustum,1.061530831
exordium,1.061555194
aetatula,1.061560183
efficax,1.061564363
araneus,1.06162709
uadosus,1.06167336
facultas,1.06169124
quadrans,1.061751598
um,1.06176653
compes,1.061790683
distributio,1.061794162
impurus,1.061831882
indignatio,1.061841682
demolior,1.061843659
adpello,1.061850533
irruo,1.06186285
usura,1.061939593
fortuno,1.061965883
tunus,1.061998739
tectorium,1.062013629
retinaculum,1.062039108
atrium,1.062063006
angusto,1.062107685
procyon,1.062124062
absens,1.062164212
excudo,1.062172791
laqueo,1.062189967
salutaris,1.062219947
dius,1.062221693
erilis,1.062226279
tonitruum,1.062231815
carino,1.062249444
surdus,1.062291307
circueo,1.062303035
bulbus,1.062373067
normo,1.06240307
amissio,1.062403884
inspectio,1.062476822
promereo,1.062496607
barbare,1.06251575
commoneo,1.062541716
inhabilis,1.062568339
expuo,1.062598418
malitia,1.062618487
rogito,1.06262417
malleolus,1.062644003
tono,1.062644919
sollicitudo,1.06270134
prodigo,1.062707858
adquiesco,1.06271118
impedimentum,1.062726474
transduco,1.062734214
immortalitas,1.062765973
auditus,1.062891734
pyramis,1.062899734
doto,1.062929952
dependo,1.062935614
praedurus,1.062962562
timiditas,1.062965308
scriba,1.062977292
usurpatio,1.062979741
litigator,1.062980893
cautio,1.062994248
corruptela,1.063019769
ueneficus,1.063079892
stichus,1.063117777
dilucidus,1.063126207
impius,1.063153515
iudex,1.063176948
enumeratio,1.063250005
idas,1.063256072
testificor,1.063278273
mortuus,1.063307421
munitus,1.063345387
trimus,1.063384853
declinatio,1.06338797
neptis,1.063389584
cibarius,1.063390631
clare,1.063475825
florens,1.063480178
cubito,1.063489347
expecto,1.063498579
refectio,1.063505023
intericio,1.063510216
elinguis,1.06351301
pecuniarius,1.063527405
aerumnosus,1.063661498
populeus,1.063686538
assentatio,1.063740669
putidus,1.063823995
schema,1.063859697
milium,1.063895203
fulmino,1.063906248
adseuero,1.06391678
colluuio,1.063921536
contemplo,1.063929184
palo,1.063960565
salii,1.064025951
insinuo,1.06402787
praefigo,1.064061489
bacchis,1.064093541
mullus,1.064103636
membrana,1.064196827
excellens,1.064229013
impugno,1.064246571
regulus,1.06425012
punctum,1.064254612
saturnius,1.064258577
metor,1.06430181
triens,1.064320278
deporto,1.064360161
bullo,1.064364516
distincte,1.064393991
intermissio,1.064404485
tyndareus,1.064451397
cosss,1.064486974
penetrabilis,1.064507146
destinatio,1.064509201
commisceo,1.064524191
indemnatus,1.064537198
oliuetum,1.064579932
papyrus,1.06458881
successor,1.06458964
demeto,1.064619253
integre,1.064627979
flagrum,1.064653671
digero,1.06465743
impes,1.064669016
quaestorius,1.064711321
claritudo,1.064728336
nobilito,1.064729807
inaccessus,1.064736421
emendatio,1.064771778
ardenter,1.064819505
appropinquo,1.064858795
caducus,1.064867414
nicanor,1.064882484
claudus,1.064888301
interemo,1.06489283
inseruio,1.064905496
cenaculum,1.064909284
consocio,1.064931709
emano,1.064954248
talea,1.064963106
mirabiliter,1.064977621
ingemisco,1.064995165
tergus,1.065045174
blandio,1.065046407
adgrego,1.065049186
circiter,1.06507244
egenus,1.065094792
simulatque,1.065097627
examino,1.065115255
nouicius,1.065189839
fosso,1.065194225
compello,1.065200067
iustitia,1.065200924
refigo,1.065214418
contremo,1.065232417
faenum,1.065294105
saga,1.065327026
urina,1.065345044
introduco,1.065376676
criminosus,1.065415749
insignio,1.065416424
profano,1.065431767
abunde,1.065438146
scateo,1.065455478
cani,1.0654589
pomifer,1.065469346
cornicen,1.065495015
inductio,1.065495417
locutio,1.065498325
reputo,1.065509483
exosus,1.06557346
antium,1.065616444
uagio,1.065630838
extermino,1.065648921
mire,1.065658799
notabilis,1.065681796
cochlea,1.065742013
discrucio,1.065744513
organum,1.065747188
amaritudo,1.065748744
fideiubeo,1.065748787
extraordinarius,1.065799046
immunio,1.065814224
fossor,1.065852029
suppetiae,1.065862459
trabea,1.065885284
alicubi,1.065917381
nequam,1.065934186
attrecto,1.066010476
capito,1.066067128
ioco,1.066102614
surripio,1.066104478
cicuta,1.066124087
defluo,1.066140088
detrimentum,1.066177964
affectio,1.066185936
resigno,1.066240551
subiectum,1.066287681
territorium,1.066302449
coss,1.066314195
ignoratio,1.06631877
probus,1.066335353
syene,1.066345761
heraclides,1.066346311
imperitia,1.066358264
treuir,1.066384902
praesumo,1.066420152
recusatio,1.066446642
derogo,1.066477851
hiberno,1.066541835
impubes,1.066542342
scitum,1.066549745
transcribo,1.066571595
ardea,1.066593771
parce,1.066601732
saucio,1.066629703
honestas,1.066632723
semideus,1.06665422
discus,1.066664241
gigno,1.066681347
uirens,1.06668733
administratio,1.066724566
trinus,1.066766838
digne,1.066779784
rauenna,1.066817409
perduellis,1.066871086
exhortor,1.066893928
proculco,1.066915233
fragilitas,1.066930909
crassus,1.066935781
perduro,1.066953366
anima,1.066982789
paenitentia,1.066982901
pistrinum,1.067003572
adaequo,1.067031574
merco,1.067068665
enormis,1.067109404
expression,1.067109875
illicitus,1.067118984
babylon,1.067123702
eruum,1.067125501
perula,1.067224258
nouacula,1.067250566
pronuntiatio,1.067288976
saturnus,1.067290351
abrado,1.067310157
semele,1.067329906
sancte,1.067439878
pontifex,1.067454478
agilitas,1.067458103
cista,1.067504458
caritas,1.067506848
sextus,1.067555219
recupero,1.067619897
eluceo,1.067620772
subsisto,1.067642336
cooperio,1.067679949
collecta,1.067753813
aerarius,1.067840209
obtutus,1.067878667
praestus,1.067879031
factio,1.06788871
alienigenus,1.067892498
festiuitas,1.067918445
nonae,1.06792955
refringo,1.067941271
immunitas,1.067949269
insuo,1.06795088
amica,1.067968592
paullulum,1.067984011
quini,1.06798724
reliquia,1.068064448
adparo,1.068069611
duellum,1.068077053
machinor,1.068081542
aegritudo,1.06808767
praetorianus,1.068089457
pituita,1.068165504
acetabulum,1.068188722
enascor,1.068214304
fideliter,1.068216146
luendus,1.068298376
masculus,1.068339407
restis,1.068394937
aquarius,1.068472024
licium,1.068536362
uado,1.068539653
alieno,1.068604654
inclytus,1.068634938
censorius,1.068639128
exemplar,1.06866336
exsecror,1.068702799
decem,1.068724526
meretricius,1.068729541
accensus,1.068737697
resido,1.068754364
pater,1.068851608
insulsus,1.06891387
commoror,1.068942279
mansuetudo,1.068992533
conquaestus,1.069009526
adsto,1.069063996
stuppo,1.069088097
bellipotens,1.069158855
iusta,1.069193608
imitator,1.069195246
exacerbo,1.069305859
reseco,1.069308413
mali,1.069347015
recenseo,1.069364289
extrudo,1.069368864
canna,1.069381251
tus,1.069470562
posteri,1.069471147
incoho,1.069491959
daedalus,1.06951028
luscus,1.069518255
misericors,1.069526295
nauicula,1.069657168
dego,1.069694758
machaera,1.069755508
perturbatio,1.069755747
praetergredior,1.069769242
gregarius,1.069772513
collaudo,1.069814861
argutus,1.069834471
cicer,1.069858024
clausula,1.069873198
circulus,1.06987457
tegumentum,1.069876401
miseratio,1.069903693
praemeditor,1.069905201
inquisitio,1.069927696
adiuro,1.070052896
sarcio,1.070069603
aurius,1.070073408
fiscus,1.070082698
istinc,1.070097703
eruditio,1.070153112
dolendus,1.070216265
mancus,1.070230422
accubo,1.070331847
perspicue,1.07036982
rosa,1.07037924
nequid,1.070408892
cingulum,1.070573302
tero,1.070586119
atreus,1.070628069
lynx,1.070670303
nouissimus,1.070670926
allegoria,1.070689398
caulae,1.070729156
superiacio,1.070741426
stabilitas,1.070765243
neo,1.070828386
uerno,1.070833768
scorpius,1.070839959
aegisthus,1.070856042
ausculto,1.070872047
idus,1.070875134
crystallum,1.070876236
infectus,1.070897845
superfundo,1.070909549
combibo,1.070916332
udus,1.070995166
noxia,1.071007762
subiectus,1.071120398
calix,1.071152212
suspiciosus,1.071206795
dispensator,1.071218133
mustela,1.071224825
exin,1.071232847
saturninus,1.071235838
doctor,1.071310035
dispendium,1.071374745
condisco,1.071417788
edissero,1.071504689
riguus,1.071547252
concoquo,1.071569685
incerno,1.071576167
seius,1.071578604
retro,1.071579358
emolumentum,1.07159849
taurinus,1.071605771
acceptus,1.071633072
perpello,1.071655089
dictito,1.071659232
iapyx,1.071696134
obsonium,1.071724369
decenter,1.071801133
electra,1.071828652
antehac,1.071880408
praediues,1.071949374
repudium,1.071957503
deciens,1.072021128
demereo,1.072029678
cratera,1.072100589
nardus,1.072161658
scitor,1.072246698
dormito,1.072252366
probatio,1.072267026
hereditarius,1.072283867
misere,1.072375108
refundo,1.072393748
locatio,1.07239544
auricula,1.072404471
libamen,1.072429909
sublimus,1.072430341
lamento,1.072497286
succenseo,1.072561862
recoquo,1.072587262
ludifico,1.072599147
albesco,1.072612783
properus,1.072733649
dignor,1.072754935
posthac,1.072762149
adoleo,1.072765686
primordium,1.072795234
resipisco,1.072810056
ignobilitas,1.072828351
illustris,1.072888559
sanctitas,1.072905003
transtrum,1.072915604
praeteritum,1.072920765
agricola,1.072933387
sponsus,1.072970933
pilosus,1.072976734
comitatus,1.072985631
obseruantia,1.073064844
praeceptum,1.073109457
alleuo,1.073121287
interpellatio,1.073123458
elegans,1.073172876
nuptiae,1.073182256
distinctio,1.073238594
confusio,1.07332305
ambitus,1.073326311
mandatum,1.073332777
posterus,1.07348975
praecox,1.073497358
descriptio,1.073545602
praepedio,1.073603332
con,1.073615909
condenso,1.0736953
hexameter,1.073715888
claresco,1.0737304
sparta,1.073737641
sementis,1.073746942
septimus,1.073775223
curia,1.073893578
communico,1.073919395
gherardesca,1.073937547
conpleo,1.073975349
planctus,1.073980989
deuoluo,1.074025892
insilio,1.074040278
alexandrinus,1.074075413
aduro,1.074088327
campester,1.074143263
delectatio,1.074150751
intro,1.074244479
cautus,1.074259988
modicus,1.074274316
feles,1.074292
cornum,1.074336862
intermisceo,1.074346363
saeptum,1.074462397
mereor,1.074506206
agrippina,1.074512389
ingeniosus,1.074516137
umerus,1.074568823
supremum,1.074581165
supersto,1.074631375
culeus,1.074638741
raritas,1.074670065
argentarius,1.07471402
conclusio,1.07477449
echo,1.074827351
culta,1.074869
altercor,1.074886609
rhetoricus,1.074921665
limosus,1.074930836
tutela,1.074951924
febris,1.074961092
pensio,1.075022043
farcio,1.075023841
saxa,1.075032372
flexuosus,1.075136448
opportunus,1.075140918
deuotus,1.07514509
aeternitas,1.075160262
articulus,1.075180276
maledictum,1.075285226
supplementum,1.075290485
praefinio,1.075304487
penitus,1.075319919
cera,1.075353732
perceptio,1.075358127
linter,1.075364571
fanaticus,1.075371975
instauro,1.075374532
eunuchus,1.075384982
demando,1.075436159
consensio,1.075437529
purgatio,1.075487095
translatio,1.075516194
antonius,1.075547283
indubito,1.075601844
canistrum,1.075638426
hermogenes,1.075654817
abiicio,1.075709891
balineum,1.075717522
geno,1.075730943
oedipus,1.075737078
ancora,1.075840625
optimas,1.075864174
accessio,1.075880394
harmonia,1.075939201
inutiliter,1.075941567
genetiuus,1.076018543
rattus,1.076046829
mane,1.076064148
geometria,1.076068913
orator,1.076182218
candidatus,1.076218216
obpugno,1.076254839
promulgo,1.076309498
fulguro,1.076344054
ambulo,1.076365597
supersedeo,1.076380982
milis,1.076431139
flagrans,1.076451632
deditus,1.076457319
successio,1.076465159
confinis,1.076468275
gibbus,1.076543384
inno,1.07659902
absorbeo,1.076691855
praestolor,1.07673525
largio,1.076763422
congemino,1.076778578
secus,1.076837713
remunero,1.077043712
uncia,1.07706139
herbidus,1.077166963
detractio,1.077180594
instrumentum,1.077200923
causo,1.077207939
infrequens,1.0772129
maxilla,1.07721349
citius,1.077225224
fatuus,1.077286593
lectio,1.077288202
contemplatio,1.077415168
adsumo,1.077572277
prurio,1.077640673
sacrificium,1.07770476
delenio,1.077719262
elocutio,1.077727822
leo,1.077768774
saccus,1.077770968
otiose,1.077839006
opifex,1.077865643
apparo,1.077949432
solutio,1.078001492
caementum,1.078006125
niuosus,1.078147162
creo,1.07815135
nonagesimus,1.078165137
condono,1.078220673
cras,1.078286809
reliquum,1.078310438
exsulo,1.078311671
profluuium,1.078420205
paean,1.078422527
brachium,1.078491788
infeliciter,1.0785034
ephorus,1.078532791
stratum,1.078544933
inibi,1.078567913
uectis,1.078623495
syllogismus,1.078724582
pandus,1.078735587
recordatio,1.078759083
nequaquam,1.078773378
certatio,1.078794139
crassitudo,1.078794451
laureatus,1.078837308
publicanus,1.078861246
ciconia,1.078874729
facinorosus,1.078908291
cucurbita,1.078942274
frico,1.079006267
elaboro,1.079023319
callis,1.079087144
rea,1.079094081
semis,1.079118066
sursum,1.079127162
beneficus,1.079186258
cultura,1.079206111
multiplico,1.079247253
zeno,1.079303875
perditus,1.079364634
pico,1.079375479
subscribo,1.079391951
heia,1.07940086
sanctus,1.079403181
tectus,1.07941667
dionysius,1.079447613
eruca,1.079455719
uitellus,1.079461407
praescriptum,1.079510077
reuorto,1.079568412
efficaciter,1.079604842
insumo,1.079618533
calda,1.079630482
laceratio,1.079635868
bilis,1.079649587
ablaqueo,1.079652553
recordor,1.079660712
circumscriptio,1.079688908
oblectatio,1.07971152
peccatum,1.079764838
amplifico,1.079774514
paganus,1.079796753
conchylium,1.079888166
abnueo,1.079965357
subscriptio,1.079992854
declamo,1.080025224
macero,1.080091892
corruptus,1.080126518
nauo,1.080180282
raeda,1.080224084
praecipio,1.080232073
subtemen,1.080280273
probabiliter,1.080297007
pomponius,1.08032935
parento,1.080333041
luno,1.080348021
inspiro,1.080410356
uulua,1.080415135
praelego,1.080470531
osiris,1.080489193
narratio,1.080526371
propitio,1.080621404
centenarius,1.080652204
gestamen,1.080667932
ambigo,1.080762593
dicturio,1.080939854
laureus,1.0809543
ast,1.080995656
coccum,1.081022307
erasistratus,1.081117008
pauso,1.081119883
curatio,1.081150946
inlumino,1.081179672
simia,1.08124379
calo,1.081267056
desuper,1.08129064
liberus,1.081419966
postere,1.081438488
raptus,1.081523603
decumanus,1.081529894
contextus,1.081533173
urino,1.081541427
xxxui,1.081698077
confuto,1.081757519
captiosus,1.081764382
praesagio,1.081791691
glaeba,1.081796085
abhinc,1.081813202
impie,1.081939692
adspiro,1.082077503
ro,1.082086492
commemini,1.082170681
maledicus,1.082255405
ammon,1.082341693
laterculus,1.082346011
modice,1.08235049
gregalis,1.082353937
hircus,1.082401979
eheu,1.082443807
testiculus,1.082549491
auro,1.082556514
obsecratio,1.082606969
competo,1.082715998
suppedito,1.082759705
cedrus,1.082787328
forceps,1.082829043
arundo,1.082830904
praemitto,1.08295416
dissolutio,1.082974454
modulus,1.083093937
impolitus,1.083107806
coarguo,1.083129773
sequestro,1.083170641
membratim,1.083186184
apertum,1.083210605
distraho,1.083418834
mensuro,1.083423162
deseruio,1.083478891
pluo,1.083480011
longinquum,1.083507706
repromitto,1.083509024
trago,1.083580054
quadragesimus,1.083630495
sponsa,1.083631042
meritus,1.083652356
generalis,1.083668463
spiritus,1.083739218
nata,1.083770528
bilinguis,1.083776717
reconciliatio,1.083844238
eneruo,1.08384633
confidenter,1.083934528
osculor,1.084014
analogia,1.084021433
induro,1.084076676
adsero,1.084249177
obumbro,1.084252026
iuste,1.084417523
fraudulentus,1.08443093
expando,1.084442606
perambulo,1.084443946
itane,1.084493464
repulsa,1.084497806
lepide,1.08460243
periurus,1.08460301
hodiernus,1.084616096
recitatio,1.084681482
retexo,1.084685939
python,1.084732436
generaliter,1.084737845
funda,1.084759708
splendesco,1.084888511
fenero,1.084898148
tractatus,1.084938841
attamen,1.084947847
illumino,1.085048063
explanatio,1.085140317
resurgo,1.085149823
ualerius,1.085191911
ualide,1.085304885
conspectus,1.08533814
metior,1.085349437
ultere,1.085391605
stipula,1.085511884
plene,1.085573333
praenuntio,1.085601657
ratiocinor,1.085637249
auxilior,1.085650639
picea,1.085653952
ianitor,1.085712033
commentor,1.085715687
procido,1.085731958
regero,1.085754928
bucca,1.085784297
florus,1.085814979
legalis,1.08581736
stabilio,1.085846129
cognitor,1.085850215
curriculum,1.085858766
uxorius,1.086000242
honorificus,1.086023199
libanus,1.086071917
praefectura,1.086093948
reconcilio,1.086153201
dotale,1.086198658
inflatio,1.086412691
pupilla,1.086413655
progressus,1.086468026
immerito,1.086469861
adtraho,1.08650493
pernox,1.086535845
sucinum,1.086828275
instans,1.086890444
bellor,1.086959268
exclamatio,1.086997435
omnipotens,1.087011361
subiaceo,1.087067908
plecto,1.087071297
codicillus,1.087137088
curator,1.087157681
aedis,1.087205512
triangulus,1.087288417
continuatio,1.087383525
ulcus,1.087429226
acetum,1.087440086
hyacinthus,1.087441593
naturaliter,1.087476738
miliarium,1.087509485
albo,1.087529772
dulciter,1.08754464
repetitio,1.087641194
fermentum,1.087646311
nothus,1.087667468
diodorus,1.087672987
lenticula,1.087748202
puls,1.087858011
medicamentum,1.087962086
accurate,1.088038281
alienigena,1.08812012
cratio,1.088187003
institutio,1.088202087
compositio,1.088425022
trigonus,1.088518516
illicio,1.088520029
collegium,1.088551313
conlaudo,1.088593253
fibulo,1.088594649
decerno,1.08870728
largiter,1.088750227
debitum,1.088792137
humiliter,1.088800612
adrideo,1.088815295
corporeus,1.088856926
peroro,1.088980839
manceps,1.08909175
potus,1.089096155
munditia,1.089210331
tenor,1.089211289
aquor,1.089221721
praescriptio,1.089272702
pondero,1.089286703
consedo,1.089431956
contraho,1.089536601
psittacus,1.089698374
cumque,1.089779354
quintilianus,1.089844804
nimio,1.089989344
pauxillus,1.089989494
saturnalia,1.090031868
proco,1.090096318
laudatio,1.090098244
macer,1.090115851
rodo,1.090189139
communitas,1.09020353
infernus,1.090237062
excellentia,1.090419575
assignatio,1.090471036
maleuolus,1.090544878
im,1.090587621
promoueo,1.090637415
colaphus,1.090754889
adeps,1.090755227
ignipotens,1.090881487
maledico,1.090984155
lo,1.091172841
consono,1.091196332
praeceptor,1.091314776
subsequor,1.091320395
progigno,1.091449446
lacteo,1.091473985
pertraho,1.091474436
lubrico,1.091491202
consultus,1.091546147
tergo,1.091654441
actutum,1.091708194
partitio,1.091773679
argumentatio,1.091812513
inscriptio,1.091851854
illustro,1.091869577
fragmentum,1.091888135
palpebra,1.091894175
ungo,1.091961639
hilarus,1.091995037
lineus,1.09201063
profestus,1.09211949
cornelia,1.092186149
censeo,1.092237589
scriptura,1.092305029
despectus,1.092404419
flagello,1.092435239
expendo,1.092496299
patricius,1.092611036
lampas,1.092683765
dudum,1.092764551
lanx,1.092815272
acquiesco,1.092841901
tuscus,1.092890919
intercessio,1.092966681
tractatio,1.093023496
ciuiliter,1.093025925
extemplo,1.093208858
firmitas,1.093286645
balsamum,1.093306142
atomus,1.093395235
relatio,1.093415746
documentum,1.093519885
fuligo,1.093535867
squama,1.093585154
licentia,1.093640563
feruo,1.093652978
solido,1.093841192
enuntiatio,1.093998635
humilitas,1.09400782
calculus,1.094017241
passer,1.09404155
gaza,1.094106222
rubus,1.094229858
dimensio,1.09425855
resina,1.094304258
demonstratio,1.094398167
uter,1.094417676
mutilo,1.09444996
scorpio,1.094536327
accerso,1.094712078
dependeo,1.094787041
coitio,1.094867765
summe,1.094917564
patrona,1.095010704
schola,1.095215514
decusso,1.095215951
nihilum,1.095310158
crocus,1.095332071
dotalis,1.095588491
inscendo,1.095666552
conuenienter,1.095683749
incuriosus,1.09577038
perfectio,1.095792021
restitutio,1.095814286
suffrago,1.095965645
mala,1.096058786
occludo,1.096086135
caries,1.096168835
singularis,1.096203124
adno,1.096207222
conculco,1.096223946
enucleo,1.096421189
tenebra,1.096618133
intercessor,1.096685019
petra,1.096774067
stola,1.096864124
sarculum,1.096875209
tis,1.097016663
iudicialis,1.097042586
sardi,1.097080006
tago,1.097093608
expeto,1.097127574
adhaeresco,1.097292362
appetitio,1.097638536
patina,1.097894643
ratiocinatio,1.098088454
moralis,1.098088728
escendo,1.098110587
secessus,1.098387864
roboro,1.098394275
deuoco,1.098493057
attempto,1.098603748
munero,1.098765785
nundinus,1.098815017
murra,1.098948292
praesentis,1.098964489
subtiliter,1.099048204
demoror,1.099064572
primitiae,1.099071234
decimus,1.099143258
atticus,1.099148854
carchesium,1.099401373
picus,1.099506714
ae,1.099508299
fictio,1.099549168
sufficiens,1.099792752
correctio,1.099958443
praematurus,1.099990788
centesimus,1.100150594
constitutum,1.100228773
accuro,1.100252971
distantia,1.10029788
citerior,1.100336609
firme,1.100417407
deuotio,1.100574665
argumentor,1.100577712
reuinco,1.100780259
cicada,1.100811527
praerogatiua,1.100936187
elissa,1.100988039
praefatio,1.101156682
suspecto,1.101212464
statiuus,1.10121426
puta,1.101224189
cortina,1.101294746
praesentia,1.101378222
subrogo,1.101400482
addisco,1.101415465
fabulor,1.101516588
fructuosus,1.101823164
consortium,1.101893953
beatus,1.101990075
cocus,1.101991725
ecquid,1.102259271
tantillus,1.102287047
alienatio,1.102355776
constructio,1.102395388
quantitas,1.102534242
codex,1.102570789
semipes,1.102680255
congius,1.102682371
exinanio,1.102748228
expositio,1.102774851
garrio,1.102973612
iustitium,1.102976464
occipio,1.10300186
am,1.103007011
suboleo,1.103140832
so,1.103257925
assumptio,1.103328407
secure,1.10339328
deliberatio,1.103854396
portio,1.103987926
sidon,1.104123434
nonnunquam,1.1042987
confusus,1.104314799
discipulus,1.104407991
egressus,1.104432999
conformo,1.104453492
quousque,1.104497237
postpono,1.104544477
infirmo,1.104655918
pollicitatio,1.104671993
inconstans,1.104700738
fauonius,1.104828389
actio,1.104926026
purpuro,1.104946898
uisito,1.105009502
eleuo,1.10503418
aureolus,1.105091527
intrinsecus,1.105225096
festinus,1.105229516
beneuolus,1.105283516
praeclare,1.105423484
arbitro,1.105664198
exinde,1.105713381
circumpono,1.106064019
ordinatio,1.106170006
cognatio,1.106259632
quoties,1.106282676
coquus,1.106354581
commotus,1.106454388
misericordia,1.106460124
pulchre,1.106732477
municipalis,1.106787606
audenter,1.106841667
expilo,1.106852243
eminentus,1.106895008
prolato,1.107131804
assensio,1.107163907
radico,1.107168113
determino,1.107179035
intutus,1.107304941
contristo,1.107382387
censura,1.107530977
praeiudicium,1.107547763
decresco,1.107662958
scienter,1.107989654
inique,1.108019916
tribus,1.108060573
electrum,1.108071788
caluus,1.108093952
flauianus,1.10813033
appetitus,1.108220292
omentum,1.108424032
derelinquo,1.108455578
desolo,1.108649261
bibulus,1.108690564
sumen,1.108692846
indo,1.108694966
patella,1.108696077
caro,1.108932491
debello,1.10918917
notio,1.109300715
casso,1.10944562
gyrus,1.109452623
testor,1.109701224
marsupium,1.109930424
praefor,1.109965381
commereo,1.1099752
recito,1.110026768
perspicuus,1.110070937
uenerius,1.110081567
lacio,1.110101584
infidelis,1.110459912
coniueo,1.110465597
inanio,1.110605501
circumcido,1.110665372
mussito,1.11066804
annona,1.110764063
linio,1.1107735
denuo,1.110997055
denoto,1.111103206
condimentum,1.111411877
nuo,1.111531195
classicus,1.111541816
matertera,1.111876184
molossus,1.112216625
porro,1.112326028
capacitas,1.112351447
atramentum,1.112598636
hymenaeus,1.112854514
proruo,1.112885377
posca,1.112978566
sedulo,1.113213836
assero,1.113284512
apollonia,1.113442779
inrito,1.113511104
sacramentum,1.113710549
illico,1.114075958
laxamentum,1.114286821
concubo,1.114355017
supernus,1.114481454
pacifico,1.114590545
dispereo,1.11468689
perfecte,1.114877105
mysterium,1.115027852
anas,1.11520316
torrens,1.115205765
olfacio,1.11528173
phaselus,1.115341986
austerus,1.115944924
traditio,1.116106126
sagus,1.116149914
attente,1.11625601
depereo,1.116621115
minimus,1.117139083
bracchium,1.117252911
detracto,1.117277157
secundo,1.117313242
inclinatio,1.1180165
explodo,1.118561932
tributus,1.118661024
herous,1.1188974
pullo,1.118925475
inspergo,1.11899631
perpetro,1.119104594
confirmatio,1.119128791
petitio,1.119234087
agrarius,1.119286978
tabernaculum,1.119340071
quadratus,1.119484203
taxo,1.119618718
iugus,1.119873756
ignio,1.121032667
affectatio,1.121252052
prorogo,1.121282478
morigerus,1.121358771
abnego,1.121371643
uberto,1.121439938
conditio,1.121609142
internus,1.121615442
arca,1.122072776
seduco,1.122198616
monetarius,1.122853544
gentilis,1.122859478
sollicite,1.122905636
palmus,1.12296955
destillo,1.123123685
comedo,1.123356473
brutus,1.123443689
plebs,1.123559206
pactum,1.123560677
nuncupo,1.12356182
foras,1.123710434
otho,1.124019723
deserta,1.124092405
agitatio,1.124307514
scholasticus,1.124391556
fuse,1.12440135
etesia,1.124542652
feruens,1.124688885
caelo,1.124744403
gigas,1.124973275
palpo,1.125141856
huiusmodi,1.125159926
auditorius,1.125329886
tetrarches,1.125431538
colon,1.125438227
mica,1.125796681
apo,1.125833833
qualitas,1.125978825
mercimonium,1.126026722
misereo,1.126352574
suscito,1.126482871
propterea,1.126949106
participo,1.127017066
sextilis,1.127264891
firmamentum,1.127279921
contero,1.127288252
monitio,1.12753358
propino,1.127687541
ma,1.127868755
enodo,1.128005864
soranus,1.128032614
machinatio,1.12822618
ualentinus,1.128374645
febrio,1.128537216
denseo,1.128646826
iniussus,1.129058184
insinuatio,1.129171139
confio,1.129285532
uarus,1.129843852
cinnamomum,1.129992149
cubitum,1.130443386
penus,1.130492216
achilleus,1.130938707
capsa,1.130944547
lucusta,1.130977143
hierosolyma,1.130987255
comprehensio,1.131454843
uenusto,1.131503711
occursus,1.131673324
corporalis,1.13181538
leuitas,1.131856877
rectum,1.132220024
praeparatio,1.132264127
contribuo,1.132463025
infortunium,1.132497457
iudicatio,1.132627617
dispositio,1.132646439
renitor,1.132734337
proseco,1.132836405
designo,1.133109482
agna,1.133691411
minimum,1.133851904
probe,1.13405461
pie,1.134153704
foedero,1.134270941
concio,1.134385434
satureia,1.134512342
neu,1.134809061
cubitus,1.135265064
limo,1.135387146
emollio,1.135513798
conburo,1.135558563
immortalis,1.135895796
despuo,1.136193017
semetipse,1.136373308
dominium,1.136532545
excerno,1.136585559
elixo,1.136712437
uolatilis,1.137285658
deprecatio,1.137876248
rescisco,1.138073142
arcadius,1.138277092
bubo,1.138334181
uo,1.138929702
hariolus,1.139171278
hysopum,1.13926049
aliquatenus,1.139309499
heri,1.139513218
adrogo,1.139672988
adlego,1.13976764
asso,1.139773122
piper,1.14010532
collatio,1.140127222
sempiternus,1.140660791
tartareus,1.141120167
aquilo,1.141156742
fluxus,1.141246348
malefacio,1.141283466
obitus,1.141379897
fortitudo,1.141392353
diuerto,1.141521883
gallicanus,1.141599772
sagittarius,1.141762014
exaudio,1.142219473
substantia,1.142342957
adfundo,1.142556295
glutino,1.142560662
consequentia,1.142728746
sectio,1.143185037
caelestes,1.143209897
ua,1.143360217
solidus,1.143369982
cathedra,1.14344836
quaerito,1.143701151
deiectio,1.14414573
basilica,1.144170422
punctus,1.144207242
benefacio,1.144462294
excelsum,1.144654823
suasio,1.144663094
lingo,1.144803762
fusco,1.144944828
decurio,1.144962626
abominor,1.145546162
pure,1.145592175
syrus,1.14575644
cero,1.146429329
consaepio,1.146525063
praedicatio,1.146601263
tutor,1.146770282
suburbanus,1.146838453
adito,1.146910408
maior,1.147137891
hymen,1.148019814
arrhabo,1.148193978
pansa,1.148209322
honoratus,1.148518276
suebus,1.148705287
particula,1.148732178
dispensatio,1.148981248
glabrio,1.149008989
pharus,1.149042078
barbara,1.149103658
herilis,1.149572081
amplius,1.149845447
refert,1.150766294
dies,1.151005402
ilico,1.151047403
platea,1.151332921
caluaria,1.151413056
conus,1.151456239
tisana,1.151674575
iudicatum,1.151881902
aueo,1.15193208
alica,1.15210887
to,1.152722991
cattus,1.152920934
concessio,1.153472777
absolute,1.153844087
rum,1.154130294
commotio,1.154260915
consolo,1.154946768
accidens,1.155164926
constitutio,1.155667835
superfluo,1.155933526
spuo,1.155937775
itidem,1.15775462
superius,1.157991708
curium,1.158061284
septies,1.158939143
tribulus,1.159431657
largitio,1.159695735
horrendum,1.159840555
necnon,1.160155448
praetorius,1.16033255
cuncto,1.160347099
liquo,1.160433765
comburo,1.160603892
istic,1.160964173
irritus,1.161259984
honestum,1.161523802
anniculus,1.161527408
sportula,1.162505663
caurus,1.162528861
praeceptio,1.162660904
ferocio,1.162713356
paco,1.163796117
claudia,1.16411002
spurius,1.164144785
sancio,1.164203704
sponso,1.165054739
dilectus,1.165162928
sacratus,1.165520444
quocirca,1.165636102
sinistra,1.16571974
completus,1.165876212
diluuio,1.165939296
uus,1.166003527
parentes,1.166054553
sublimitas,1.166055767
manifeste,1.166356508
astruo,1.166789407
capitulum,1.166919401
udo,1.167843086
subiectio,1.168185538
scrinium,1.168514058
canticum,1.168970302
beo,1.169581635
sacrosanctus,1.169895867
immundus,1.170100453
rescribo,1.170335981
numquid,1.170772114
exsultatio,1.170796435
lagoena,1.171146896
gubernatio,1.171368634
consuo,1.171445609
iniquitas,1.171805987
trio,1.171814666
hercules,1.172045138
oratorius,1.172197081
obsecro,1.172423607
proximum,1.173037368
symphonia,1.173586547
conspargo,1.174138653
impressio,1.174463622
suffundo,1.174481517
spuma,1.174509713
consummatio,1.175387697
sebum,1.175798941
magus,1.175893495
opprobrium,1.175965612
fenum,1.176046963
obsido,1.177021401
propositio,1.177585485
definitiuus,1.177676729
finalis,1.178625326
abiectus,1.17996286
concrepo,1.180164286
crux,1.180334077
tetricus,1.182014284
obuio,1.182147994
mo,1.182369789
supplicatio,1.183035185
libra,1.183512166
responsio,1.184689193
seorsum,1.184894467
praeses,1.184984571
eus,1.186281493
spectabilis,1.186673108
remissio,1.187844029
catulus,1.188061301
compositus,1.190061081
unanimis,1.190558907
iurisdictio,1.19089165
constanter,1.191216772
manduco,1.193927486
uniuersum,1.194032209
sentius,1.194203515
licinius,1.196371305
illyricus,1.196640604
tas,1.196893069
circuitus,1.197593532
hebenus,1.198116307
liberto,1.198683644
redemptor,1.200372078
unctio,1.20131687
iulianus,1.201780833
thymiama,1.202011511
postulatum,1.202036821
coniunctus,1.202158957
syllanus,1.202813462
communio,1.205702395
compositum,1.206319026
algidus,1.206762742
seres,1.206804485
desertum,1.207474265
tuber,1.208178245
aliquantus,1.208853471
frigo,1.211019943
pedo,1.211278867
co,1.212269356
consultum,1.21293591
suauium,1.212962452
fortunatus,1.214854164
operor,1.215284657
domi,1.215982704
albinus,1.216364742
deus,1.218159344
innuo,1.218346743
erus,1.219934794
sera,1.225273256
pontificatus,1.225903706
explicatio,1.228265467
crispo,1.228718215
seuerus,1.23299586
receptus,1.233135002
figulus,1.233513818
specialis,1.234866546
alis,1.235766649
po,1.236034289
basis,1.236796587
decimo,1.239472274
herus,1.242586971
silus,1.242631775
au,1.24650211
domino,1.248141251
praetextatus,1.24877562
deputo,1.24945386
constans,1.249621412
marcianus,1.251447063
alto,1.256637333
cornutus,1.258182446
rugio,1.259208405
disparo,1.260708779
diametros,1.261006968
castrum,1.261028738
mactus,1.263283294
primitus,1.265941996
sabinus,1.26604916
uae,1.268424803
aprilis,1.269036751
proculus,1.269847831
murena,1.270403632
conscribo,1.270816014
carbo,1.273817624
humilio,1.276015195
demiror,1.276986356
optatus,1.279369571
calendar,1.281010528
sophus,1.284674398
theodorus,1.288499294
xuiii,1.292916728
quintus,1.297191145
magnifico,1.302361776
pella,1.303086537
numquis,1.305637925
rufus,1.306704886
dominus,1.308716663
ieiuno,1.309128321
io,1.312326449
manifesto,1.313231282
euge,1.314187814
cubo,1.316688288
claudianus,1.32618681
aurelius,1.327524949
arieto,1.327573556
processus,1.347160358
asina,1.357808975
petronius,1.371476149
intimo,1.373961911
februarius,1.375616919
geta,1.383890091
ianuarius,1.383946563
postumus,1.384736496
theodotus,1.385292214
praes,1.39269737
cyaneus,1.396825734
palatinus,1.398975302
dubie,1.407614295
eu,1.409581684
cis,1.419388473
teus,1.422481173
longinus,1.427061061
septimius,1.440613949
consulatus,1.44144929
achates,1.446611881
nicostratus,1.474729688
hereo,1.491924141
xu,1.492916964
rufinus,1.502103098
reuereor,1.507015044
imperator,1.510393539
xui,1.5123421
palladium,1.517304481
exto,1.519045588
palatium,1.524668326
uii,1.533892122
paulinus,1.539042933
uiiii,1.581078587
decius,1.588628249
ah,1.608231874
zoilus,1.631572907
pridie,1.658443274
consolatio,1.665499839
africus,1.672671988
festum,1.677286666
xuii,1.707764844
fimbria,1.754446409
maius,1.760400539
febr,1.767644303
ian,1.774105474
xiiii,1.78135647
aemilianus,1.811341215
uiii,1.819870426
declamatio,1.826898788
mucianus,1.845820967
titianus,1.855004406
faustinus,1.91381077
bassus,1.94011712
marcia,1.959515256
pompeianus,1.989817655
kalendae,2.039052425
mena,2.050298588
lateranus,2.058261196
cio,2.307516685
cerealis,2.376037495
crispinus,2.494041384
cc,2.692757419
mil,3.190892971