Token,Cosine Similarity
cogito,0.99174416
ego,0.995335
et,0.9896997
cum,0.99317473
animus,0.99512625
meus,0.9897644
octo,0.9939748
bonus,0.99043643
fidelissimus,0.97114915
contubernalis,0.94077563
memoria,0.97502935
recenseo,0.97406423
tantus,0.98576415
dulcedo,0.9914658
adfectio,0.9608364
homo,0.98055756
inhaereo,0.9553447
ut,0.9930684
ipse,0.991946
quodammodo,0.9780425
uideo,0.98137665
in,0.99266505
praetereo,0.9842477
redeo,0.990485
non,0.9941606
is,0.98601896
qui,0.995812
iam,0.9910909
transigo,0.9825848
decurro,0.9852557
sum,0.992685
recordatio,0.89974785
reuoco,0.98465955
ita,0.98869836
contemplatio,0.9528203
quantum,0.95846045
subtraho,0.98431426
oculus,0.99415827
pectus,0.9964538
atque,0.9872652
paene,0.98801136
intimus,0.9799241
sensus,0.9861778
implicatus,0.9090108
neque,0.99476457
inmerito,0.9763694
discedo,0.99259114
uir,0.98362374
eximius,0.984568
sanctus,0.9757471
immensus,0.9825764
suus,0.9878738
desiderium,0.9844135
nos,0.9941344
relinquo,0.99057
utpote,0.976697
noster,0.9842802
semper,0.9917686
amor,0.9824146
ludicrus,0.9786687
seria,0.98167723
par,0.9835731
uoluntas,0.99244726
concino,0.9615903
idem,0.98870635
uolo,0.9938097
uel,0.9865471
nolo,0.985426
credo,0.99405974
unus,0.99338806
mens,0.99209815
duo,0.9939972
quis,0.99040985
hic,0.99137074
res,0.98628676
salto,0.9706994
de,0.9884283
praesens,0.9878485
caput,0.94304645
experimentum,0.98054266
quam,0.99064606
uos,0.9895335
inro,0.8321179
pollicitatio,0.9651673
cassus,0.9787421
uotum,0.98217463
decipio,0.9944724
post,0.99196523
mors,0.9947598
miser,0.9945892
dum,0.9882771
adhuc,0.98942494
uiuo,0.99465907
aestimo,0.99151367
cella,0.98726237
quidam,0.9896096
cisterna,0.9704068
area,0.98591
sub,0.990651
terra,0.9926919
ubi,0.9873315
repono,0.99109775
soleo,0.98946416
signum,0.9967015
uetus,0.98120964
ex,0.98857707
templum,0.99408317
collabor,0.95224303
alius,0.98992777
religiosus,0.9659168
donum,0.98723316
consecro,0.9729614
porro,0.9448292
si,0.9930936
magus,0.9646726
phantasma,0.95032084
edo,0.99412394
defunctus,0.98213667
infamo,0.97459257
anima,0.9925756
puer,0.99329686
eloquium,0.9830097
oraculum,0.97778374
elido,0.983513
multus,0.99458444
miraculum,0.97497916
praestigium,0.9647461
ludo,0.9931431
somnium,0.99058163
immitto,0.9802507
habeo,0.99480915
semel,0.99356157
inuito,0.98528504
angelus,0.9880981
daemon,0.9785085
adsistens,0.9474348
sui,0.9933876
potestas,0.98680305
per,0.98659784
capra,0.98527026
mensa,0.98280036
diuino,0.97458684
consuesco,0.9878104
quanto,0.9438554
magis,0.99260145
arbitrium,0.9731563
pro,0.991696
negotium,0.98085
studeo,0.9850418
totus,0.98802483
uis,0.9695269
operor,0.98870635
alienus,0.98903084
praesto,0.9886693
negotiatio,0.9362386
iste,0.9877783
superficies,0.9677542
tabula,0.96905154
geminus,0.9945397
pateo,0.943786
os,0.9948288
praebeo,0.98992497
infundo,0.9692035
subicio,0.9600406
foramen,0.9862554
nardum,0.9629052
cinis,0.98490006
uenio,0.99248886
ab,0.98484904
sedes,0.9702766
repostus,0.9280076
sanctifico,0.9836415
medico,0.97289944
arcanus,0.97394973
spiritus,0.98730016
aura,0.98041123
subito,0.988486
solio,0.98046386
mos,0.9911376
liquor,0.9926102
uasculum,0.95979095
tumulus,0.9875424
subeo,0.9820738
bibo,0.9924407
quisque,0.98991776
locus,0.9936633
do,0.99301004
nardus,0.9452679
paro,0.99367785
fero,0.99365866
mirus,0.99082416
nouitas,0.98786974
repleo,0.9900729
cumulus,0.9738014
erumpo,0.98643786
harena,0.99121654
inuenio,0.9918287
pauo,0.9622939
que,0.9958641
manus,0.99212205
puluis,0.9941823
fauces,0.98821825
nouus,0.99226856
moueo,0.98619276
omnis,0.99186563
studium,0.98928535
accendo,0.98867285
subitus,0.95878375
disquiro,0.9662261
causa,0.9890115
prodigium,0.9892657
placeo,0.992084
ergo,0.98301566
dies,0.880673
condico,0.9471983
certus,0.98532367
scrutor,0.9772574
penitus,0.95161664
summoueo,0.9664666
marmor,0.98914295
etenim,0.9735172
fateor,0.9891967
nimis,0.9808044
anxio,0.980851
cura,0.9864634
timeo,0.9888457
ecquis,0.9215314
forte,0.98686355
pius,0.9858835
corpus,0.9919454
e,0.9293509
aperio,0.9886944
promptus,0.98167706
haurio,0.9913774
uarius,0.9945736
concretus,0.9783386
sordes,0.9920492
ossiculus,0.8273782
simul,0.9819354
testis,0.9750848
rudere,0.7351812
mixtus,0.9870893
inde,0.99238527
metus,0.9948789
mutuus,0.98516524
uerbum,0.985859
puto,0.995643
ne,0.9938595
fortasse,0.9680897
sacer,0.97605276
caro,0.9950646
fauilla,0.9815425
bestiola,0.85736233
occulo,0.98486
aliquis,0.9903276
intercludo,0.9696671
cauerna,0.97656995
alte,0.97823817
expuo,0.95424855
sicut,0.9811443
desero,0.97881204
ager,0.99358094
monstrum,0.99031556
rostrum,0.96958387
fodio,0.98833966
intus,0.9858316
acuo,0.9911697
foueo,0.99342144
circum,0.9927851
effundo,0.9936968
niger,0.9550941
sic,0.991716
internus,0.9774712
felix,0.986414
operio,0.98942566
interuallum,0.9745379
facio,0.9930539
mirandus,0.9782446
eruptio,0.9806657
opus,0.9929904
utilis,0.99198323
arripio,0.97839165
cunctus,0.9937279
transmitto,0.981796
episcopus,0.9893395
ad,0.9918896
presbyter,0.9742329
faber,0.98499763
specto,0.98024714
insto,0.99051034
iussus,0.98675424
sacerdos,0.983285
primus,0.98646563
labor,0.9912151
ille,0.9915291
cancellus,0.9773086
remoueo,0.96433467
sequor,0.98845613
haereo,0.99161005
resoluo,0.9851655
tollo,0.98664284
aut,0.9951031
deus,0.9901671
praecello,0.98369694
diuinitas,0.97396016
utique,0.98597383
superior,0.9778304
uerus,0.97456676
deprimo,0.98285794
tegmen,0.9945005
arca,0.97027767
irrumpo,0.9712874
solium,0.9879205
compages,0.97044295
maneo,0.9934284
tunc,0.99299705
securus,0.9839312
fides,0.9892198
dubius,0.98710936
cor,0.9913994
periclum,0.9911907
error,0.9917147
pello,0.99467874
tactus,0.9819252
probo,0.98536026
incolumis,0.9781906
nusquam,0.9913331
rimor,0.97537243
sepulchrum,0.9883157
undique,0.9924549
uallo,0.95670366
ualidus,0.9887339
munimen,0.9735799
martyr,0.96879023
emeritum,0.54471415
nullus,0.9894923
dignus,0.9920699
retineo,0.9939393
honor,0.9770918
numquam,0.9827338
desisto,0.9818201
adsum,0.9912018
unde,0.95092225
sto,0.99099535
gratia,0.988013
uiuus,0.98870194
christus,0.9927051
fungor,0.9754671
sine,0.99485445
sepelio,0.9815689
tempus,0.99161905
placidus,0.99297225
sopio,0.96995664
reformo,0.9818815
sollicitus,0.98015976
munio,0.9908961
usque,0.9899603
dominus,0.9684316
debeo,0.99482
princeps,0.976994
excio,0.9645759
pariter,0.9920699
radio,0.99371177
gloria,0.99316376
inconcussus,0.96554613
requiesco,0.9789697
cubile,0.98731434
,0.9289706
regio,0.98444057
supernus,0.9766081
pax,0.99220085
teneo,0.9921546
uenerabilis,0.9497647
supersum,0.9915517
refero,0.9885987
quasi,0.97382915
uero,0.9861487
cano,0.9950476
profudo,0.88635933
munus,0.9887029
plenus,0.9925171
sermo,0.9857598
patronum,0.95166516
lateo,0.9927592
numerus,0.99055874
memor,0.98725986
tamen,0.98975474
figo,0.9952574
sedeo,0.98636216
plurimus,0.9894487
memoro,0.9700695
plus,0.98572284
etiam,0.9892305
sed,0.99399626
maximus,0.9836911
excerpo,0.9544276
moneo,0.98857534
modero,0.9876317
regula,0.9806276
liber,0.989459
extructus,0.9345204
ars,0.99382436
diuersus,0.9844401
exsto,0.9687058
modus,0.97150284
excelsus,0.98450047
aula,0.98578167
uestibulum,0.9776581
extendo,0.97226477
circumdatus,0.9899229
late,0.9543739
porticus,0.9894041
solum,0.96444124
aqua,0.99417853
tectum,0.9919309
maestus,0.9944848
oro,0.9922707
colona,0.9463899
querula,0.9361543
uox,0.98236924
incuso,0.9587962
segniter,0.9407016
quod,0.98556244
consors,0.98038006
tam,0.96203876
longus,0.9872348
socia,0.9731533
patior,0.99309444
urbs,0.9807421
nego,0.99276817
inconsultus,0.9760924
propero,0.9816786
traho,0.99094504
consilium,0.98652256
potior,0.9854145
mora,0.9749059
necto,0.990707
congruus,0.95107555
iustus,0.9862488
ratio,0.98862517
peto,0.9926299
ordo,0.9930094
prior,0.9870844
perfectio,0.97541046
coepio,0.9878421
circa,0.9839947
uenerandus,0.94724673
sedulus,0.9748281
molimen,0.9614891
cumque,0.97934204
summus,0.9882605
diuinus,0.98204017
finio,0.9820821
condo,0.9926083
perduco,0.98809123
atrium,0.9872863
fons,0.9963547
denique,0.9829899
impleo,0.9835456
paratus,0.97976696
diu,0.99061954
aridus,0.98180246
mox,0.98955506
populus,0.9888475
asper,0.9931141
consensus,0.9718696
facilis,0.97629786
procliuis,0.96257955
dignior,0.92837995
praesumo,0.9722509
dica,0.97162545
igitur,0.9837242
modo,0.98271745
da,0.99262774
nunc,0.99448717
exoro,0.97672915
curro,0.9793309
largus,0.9856541
flumen,0.9919313
tuus,0.9848292
domus,0.98515314
mano,0.95839477
tu,0.9940412
suffrago,0.9442017
benignus,0.98650295
contribuo,0.9453634
talis,0.9847578
decoro,0.9687685
augeo,0.990315
sitio,0.9928165
infero,0.9679832
aruum,0.9948326
rursus,0.97257245
petra,0.9808307
uber,0.9907956
fluo,0.99617445
antiquus,0.98595715
pietas,0.98614186
insolitus,0.98313713
siccus,0.97988045
irroro,0.914373
efficio,0.9824991
hospes,0.9878361
gens,0.9894323
cogo,0.9902399
puteus,0.9881306
lacus,0.9890766
concha,0.9195723
capax,0.9747959
largiter,0.94888043
rigo,0.9897137
perrumpo,0.96016663
saxum,0.99527365
fundo,0.9941447
unda,0.99534035
pareo,0.98950803
uena,0.98928434
aeternus,0.97706306
gutta,0.9864539
tenuis,0.99202335
quo,0.9921453
loquor,0.98152035
prŏfectus,0.94300985
duco,0.99289757
fluuius,0.983461
exundo,0.96297824
origo,0.9900019
nam,0.9941242
modicum,0.9638687
potentia,0.9651403
pater,0.9928543
for,0.97959685
queo,0.97189987
inspiro,0.9797502
dico,0.9802259
lumen,0.99466896
natis,0.9898658
cerno,0.9905406
dux,0.97947645
aspiro,0.9664276
quia,0.98642683
gero,0.99520636
nomen,0.987278
stillo,0.96598446
hinc,0.9938036
labrum,0.9875772
sapor,0.99022263
areo,0.9781039
lingua,0.9916147
uberior,0.97729397
uelut,0.9713125
umecto,0.87071633
instructus,0.98317903
postulo,0.99109846
deuotae,0.8229631
abella,0.7830351
indo,0.9824896
uersiculus,0.9705092
laus,0.99329406
laudo,0.98985493
spons,0.9828063
sumo,0.9879974
desudo,0.93435866
aestus,0.99402773
rupes,0.9918027
abrumpo,0.9703631
requies,0.9896854
pretium,0.98371875
differentia,0.946567
distinguo,0.9791967
opinor,0.90670645
existimo,0.9897466
alibi,0.9692781
aliter,0.9679986
sacro,0.9869312
turris,0.9843861
peruolo,0.962214
uiciniae,0.8414413
transilio,0.96627843
pronuntio,0.9822222
genitalis,0.97974634
lacertus,0.9722308
gula,0.97439957
proseco,0.8328624
paruus,0.98895454
quidem,0.98102295
muer,0.98434293
magnus,0.9941822
sex,0.9942291
mille,0.9919291
nola,0.907336
mons,0.9902723
inter,0.9899578
iaceo,0.995204
orto,0.79991984
comminus,0.9859581
suscipio,0.9918592
insero,0.9776885
calix,0.9886106
fluentum,0.9750073
uindico,0.978812
reliquus,0.9837122
nolanus,0.87998927
profluo,0.9769902
praedium,0.9650988
passum,0.9764661
grates,0.9894169
habendus,0.9872303
namque,0.97441393
opera,0.96692175
aquaeductus,0.9607525
uetustas,0.9867464
rumpo,0.9946519
uas,0.98694426
iterum,0.9870365
forma,0.98199606
uoco,0.98866653
ubertim,0.9366822
gratis,0.9777559
altus,0.993916
scopulus,0.99285495
calleo,0.9516667
uia,0.98817563
iumentum,0.991941
penetrabilis,0.97353756
merces,0.99327236
reperio,0.98827785
difficile,0.97714096
immensis,0.9370924
arduus,0.99208695
locupleto,0.97486
promo,0.98945963
famulo,0.9129803
impendo,0.9697925
inemptus,0.9325748
trepidus,0.994036
plebs,0.9890661
caterua,0.99093306
coaco,0.9122696
mane,0.97563267
concurro,0.9920641
laetus,0.98166645
certatim,0.9760389
alacer,0.97653353
cacumen,0.9883481
fascis,0.9869282
grauis,0.98868513
ceruix,0.9944984
subigo,0.99018943
caementum,0.9510826
dumosus,0.9636191
uectis,0.9657786
sol,0.9953187
ardeo,0.9957294
creber,0.9706751
itero,0.98324496
recurro,0.97860694
aestas,0.98673743
moror,0.98507607
tendo,0.9924999
aurora,0.9746404
serus,0.98330677
uesper,0.97959745
hora,0.9946994
peruigilo,0.96646315
modicus,0.93718517
uix,0.9820819
nox,0.99505424
reficio,0.98405725
ante,0.74103916
fabrilis,0.96699846
arma,0.99414074
surgo,0.9918392
sentio,0.99046385
procedo,0.98572665
tamquam,0.9701705
ludus,0.98872316
paucus,0.9890971
explicitus,0.9369365
perfectus,0.9909311
finis,0.9924529
longinquus,0.98443747
agmen,0.98704576
farsus,0.82189333
interrumpo,0.96539855
ueternus,0.95554876
recipio,0.99153364
collecta,0.9752186
olim,0.986707
trames,0.98184246
inundo,0.9825766
supero,0.99514127
documentum,0.98557186
ago,0.99322575
aestiuus,0.97087204
huc,0.99465984
mensis,0.9770238
hibernus,0.9860569
imber,0.99518263
eo,0.99240226
ius,0.97172314
rea,0.9635121
patronus,0.9756597
communis,0.98604643
statua,0.9578525
blandus,0.99319655
ira,0.9958143
motus,0.9734335
simulo,0.99172205
increpito,0.962256
querela,0.9779734
turbo,0.9947095
durus,0.9890555
hospitium,0.98805624
respicio,0.9842437
oblio,0.9753408
humanus,0.9924296
uoueo,0.99348086
usus,0.98697764
tribuo,0.9901711
subduco,0.9898063
patria,0.9860519
potus,0.9860281
gemo,0.99096537
clamo,0.988382
saepe,0.98994505
tumultus,0.99279964
nescius,0.99401367
ops,0.99183357
compar,0.97175074
exitus,0.98571914
furor,0.9877321
instigatio,0.8917178
creator,0.9880865
arguo,0.9871775
ignauus,0.9849424
diffido,0.9605266
partio,0.97936285
exupero,0.9558841
bonitas,0.98210907
querella,0.95008475
metuo,0.99328274
diuido,0.9811209
auctor,0.9902561
altor,0.93114406
ostendo,0.9782859
amicus,0.99586153
proprius,0.9869882
certe,0.9927056
compello,0.97947276
sublimis,0.99247986
parens,0.98582274
possum,0.9950481
meritum,0.9866271
larga,0.9412489
damnum,0.98790026
trado,0.9916671
pars,0.99055094
creuo,0.98224807
meatus,0.981668
laxo,0.9948449
fenus,0.9753307
reddo,0.9942085
moenia,0.9845156
influo,0.9674872
totiens,0.9862128
possessor,0.97599745
egeo,0.99448216
multum,0.98433626
abundo,0.98840153
pauper,0.9840497
carmen,0.99533355
obsequium,0.98329306
praedico,0.9552678
signo,0.99175197
penso,0.9612472
scribo,0.99103934
addo,0.9844546
alumnus,0.9852196
patro,0.9581328
portio,0.9508705
adigo,0.96454906
concors,0.9783192
adgredior,0.98510647
sudor,0.9898515
aestiuo,0.9669221
duplico,0.9763079
mola,0.97499657
iniquus,0.99095315
nosco,0.99074906
saeclum,0.99036723
deficio,0.99067825
congeries,0.97111356
silua,0.9832065
iugum,0.9828073
uastus,0.98816645
exuo,0.99132675
agger,0.9910953
densus,0.9898485
dudum,0.98149383
munium,0.93644774
restituo,0.9887999
spargo,0.9948729
auia,0.9229676
sorbeo,0.97616416
colligo,0.99015594
uestigium,0.984438
redux,0.9845159
matrix,0.95303357
inueho,0.97866905
uacuus,0.98960346
cesso,0.98975253
fluctus,0.99109614
remeo,0.978829
canalis,0.96722996
despero,0.9878433
perfundo,0.9758706
fruor,0.9917209
copia,0.9861644
nuper,0.97781354
adipiscor,0.9884914
spes,0.99428046
mater,0.9930031
quoniam,0.98379517
cognosco,0.99141985
filia,0.9813859
indigenus,0.9597241
affluo,0.9760126
superbus,0.9952433
melior,0.99377686
ministro,0.9839365
gaus,0.9800674
profusus,0.96446
exsulto,0.9772365
diligo,0.99185133
fingo,0.99431956
natura,0.9877213
famulor,0.97788656
alo,0.99330056
facies,0.9801328
praeniteo,0.9407935
an,0.9917141
cumulo,0.986717
colo,0.99537355
nudus,0.9924039
calculus,0.9478457
muto,0.9910987
uireo,0.9938507
madefactus,0.9689178
gleba,0.9840552
tantum,0.98689836
profundo,0.98513436
merito,0.9857663
diues,0.996066
sinus,0.99130815
gaudeo,0.99349385
loco,0.98135376
diffluo,0.9254194
amnis,0.9875433
hactenus,0.96199214
demonstratio,0.9736745
mt,0.9475292
uterque,0.99294376
qualitas,0.9773855
famulus,0.9941856
illustris,0.9587617
nobilis,0.9775379
albinus,0.9771254
pignus,0.94658
gaudium,0.9947106
caelum,0.99448377
melanus,0.8198075
foedus,0.98561525
nascor,0.9945691
profluus,0.89955246
lac,0.98925185
inops,0.9938887
alimentum,0.96825695
item,0.97827876
saluber,0.9803721
ecce,0.9858062
pium,0.91392136
uisibilis,0.9854762
gurges,0.9934706
miseror,0.99456906
ubertas,0.9899534
perennis,0.9890438
scaturio,0.90284246
ullus,0.9918321
tenuo,0.9795088
sedo,0.97167313
peccator,0.98641884
mandatum,0.9805919
uiscus,0.99497163
salio,0.98208654
rex,0.9746053
egenus,0.99292654
sors,0.9933299
obtineo,0.9861985
polliceor,0.99169683
flammo,0.98822844
numen,0.98253363
solutu,0.8367161
facundus,0.9821353
incipio,0.9872463
attollo,0.9731808
lux,0.99262947
orior,0.9895477
apertum,0.94541013
intro,0.99163043
taceo,0.99448776
quatio,0.9822465
heia,0.9282572
fecundus,0.9891013
concutio,0.9909091
abeo,0.9865334
soliio,0.9428164
impensa,0.95647985
facultas,0.9690969
iudicium,0.9789936
paridus,0.84332097
bellum,0.99513644
gigans,0.96321213
falsus,0.94846547
canis,0.9883919
aliqui,0.97624266
ibidem,0.9787978
tribunal,0.9825549
uester,0.9766665
consto,0.9802339
quilibet,0.9715708
christianus,0.9804797
confiteor,0.9885875
puerilis,0.98535836
aeuum,0.99377596
quondam,0.97932476
decet,0.9920668
grauus,0.9803946
annus,0.98735636
asperno,0.8776128
maturo,0.97495866
camena,0.9830494
qualis,0.9920134
castus,0.9909608
aetas,0.9891335
specimen,0.9759536
materia,0.96688944
concipio,0.9898393
decus,0.9950918
uetustus,0.98540896
terrenus,0.9840075
triumphantum,0.54068255
insigne,0.9880746
equidem,0.9664439
orno,0.9928137
opuleo,0.89510393
cedo,0.99585986
coipio,0.9736835
exerceo,0.9846208
quoque,0.9863414
erudio,0.9862688
uita,0.9918875
lex,0.9884583
catus,0.9222399
propior,0.97019005
disco,0.9953991
carus,0.97752166
miror,0.99270374
amarus,0.962774
amo,0.9863406
uanus,0.98800534
tuba,0.9908185
persona,0.9819795
celsior,0.9537564
intono,0.9802444
actus,0.9773164
primordium,0.98601085
mundus,0.99114996
uagus,0.99281776
innumerus,0.986727
epicurus,0.96627647
atomus,0.9469025
demens,0.97882307
inanis,0.9856103
irritus,0.96417534
spatior,0.95974183
quaero,0.9924259
legifer,0.93865854
antiquo,0.95105255
uenero,0.979895
moyses,0.99509484
compositum,0.9344449
instituo,0.9904591
soluo,0.9869822
formo,0.98833954
limo,0.9731535
spiramen,0.97979915
afflo,0.9795207
celsus,0.9933957
spiro,0.98484683
ceu,0.99357206
lapis,0.97299737
pyrrha,0.8314249
contemno,0.9916638
uultus,0.99652547
sublimo,0.9579528
digno,0.97175914
itidem,0.9694514
pergo,0.988398
fo,0.945173
sententia,0.98603123
leo,0.9073825
aeque,0.97778803
produco,0.98154354
ara,0.9883443
nidor,0.9736155
ructo,0.9595588
curo,0.98584294
anhelo,0.9820229
praefor,0.87493885
iacio,0.9858376
super,0.98030484
astrum,0.99035764
scio,0.9906413
cupio,0.9927411
doceo,0.9928561
ulterior,0.97610426
iohannes,0.96635413
principium,0.9804978
inquam,0.9847013
obsideo,0.9840067
nihil,0.9954301
uigeo,0.98817474
rego,0.9929725
subdo,0.98002255
aeterno,0.90496856
famulatus,0.936762
stratum,0.97014487
gigno,0.98273754
genitor,0.9823236
adoro,0.9920999
maiestas,0.9878411
paternus,0.9859067
regno,0.986482
iesus,0.97653735
salus,0.99125946
nitor,0.9622239
mortalis,0.9587976
fultus,0.9739267
assequor,0.9710362
fragilis,0.9901803
euinco,0.9461838
rigidus,0.9927253
disrumpo,0.9778289
uincula,0.9887706
corporeus,0.95444906
utor,0.9882506
sector,0.99399376
capio,0.9928702
regnum,0.98498434
fio,0.99615455
dedo,0.98226285
artus,0.9961998
uitium,0.9914299
inuictus,0.99053735
fortis,0.99280685
aduerto,0.9885016
uirtus,0.99361426
certamen,0.9920182
tempero,0.97261643
generosus,0.9875365
semen,0.9886885
ignis,0.99477077
aetherius,0.9823346
conscendo,0.98735416
recessus,0.9579828
gremium,0.98426384
inhio,0.97859114
caligo,0.9908221
tremo,0.99179685
sapientia,0.9830713
nouo,0.987182
arbiter,0.98199403
contineo,0.98663026
species,0.91688955
porrigo,0.9911127
retraho,0.98157483
mare,0.99311984
sidus,0.9953481
uentus,0.9951315
ingens,0.9879755
aegyptus,0.9862898
mergo,0.99274194
refluo,0.9668039
tyrannus,0.9919891
elementum,0.98358417
experior,0.98409927
tellus,0.99650955
iudaeus,0.9879042
solus,0.98894316
lego,0.99177
hostis,0.98857397
permisceo,0.9872645
discerno,0.98381263
fors,0.982746
incertus,0.9891847
procella,0.9927316
casus,0.9830475
rigeo,0.9832283
aequor,0.9958531
imperium,0.9918835
uirga,0.991248
propheta,0.968417
iter,0.9896571
uindicta,0.98785186
uirgo,0.9911253
caelestis,0.98707193
pluuia,0.9832514
aesculapius,0.9319272
medicina,0.9872737
demonstro,0.9895989
morior,0.99522513
tn,0.91340303
hn,0.91551137
asclepiodoet,0.88202846
subministro,0.9841361
nisi,0.99197996
mentior,0.9927248
audeo,0.98602945
sanguis,0.9945905
profugus,0.98859465
tharsus,0.9134061
uates,0.9871943
deicio,0.99225783
spatiosus,0.97977555
belua,0.98249644
rictus,0.9810071
innocuum,0.7615521
eructo,0.97426
aluus,0.99068
nonnes,0.9929805
dicio,0.963189
frustra,0.98720396
fugio,0.9949286
nemo,0.99124426
omnipotens,0.9811256
enim,0.988568
rebello,0.9911883
conscius,0.98622113
tutum,0.90868247
reus,0.9865261
fugitiuus,0.97919023
uincio,0.9891883
lectus,0.99267864
terreo,0.99548423
minax,0.98382914
pecco,0.9842111
monitus,0.9687175
postquam,0.9886278
exitium,0.983726
frango,0.9954314
auerto,0.98559403
lauo,0.98784786
crimen,0.9855981
fletus,0.99468154
extremus,0.9862821
bene,0.99027216
num,0.9856006
fatum,0.99134314
propinquus,0.9864234
flecto,0.99395066
longe,0.9868686
mereo,0.99114907
tres,0.98933065
lustrum,0.97948897
superss,0.9680912
texo,0.9850107
plato,0.98206276
aro,0.9845321
pingo,0.9888902
quaeso,0.9909208
rapidus,0.9885786
pono,0.9822969
ezechia,0.96866536
precor,0.9945401
uerto,0.990993
cursus,0.9893869
retroaco,0.7209855
sisto,0.99019665
dilato,0.9767164
uictoria,0.992032
profligo,0.9573139
orbis,0.99496204
libra,0.9123448
polus,0.9891169
augo,0.9560146
triumphus,0.9945829
manifesto,0.98555106
suboles,0.98200715
satis,0.98940516
edoceo,0.9796451
arbor,0.994722
frons,0.9928215
aer,0.9874473
uolucer,0.99176586
sterno,0.9915124
pes,0.99270046
calco,0.99242866
morbus,0.9916507
abigo,0.9705931
daemona,0.8646358
urgeo,0.98986334
remitto,0.993895
exanimus,0.9689477
iubeo,0.9852468
recludo,0.97805464
integro,0.94803846
puter,0.9437845
indico,0.988893
legendus,0.9833673
scribendus,0.965077
grandis,0.99103147
tono,0.9486524
creo,0.98640203
chaos,0.96181524
crepusculum,0.95809317
dehinc,0.95788276
uolumen,0.98579246
legalis,0.9304134
euangelicus,0.9640893
testamentum,0.98484886
uere,0.9705652
poeta,0.9865571
dulcis,0.99133253
nectareus,0.93116486
haustus,0.98583174
pollor,0.9311601
testor,0.96143544
or,0.9786361
cognatus,0.9880639
iunco,0.93961036
laetor,0.981336
gratulor,0.9781513
religio,0.9808428
uinclum,0.9906096
perpetuo,0.9707434
complector,0.97114277
ious,0.9532768
uer,0.9550656
auis,0.99551785
natalis,0.9677
floreo,0.9911417
hiems,0.98108804
licet,0.9812234
ater,0.992118
frigus,0.9951325
medius,0.9879288
hiberna,0.9459213
pruina,0.9837687
concretum,0.73294497
maeror,0.9866019
serenus,0.9909856
nubilum,0.9923755
tristitia,0.98901874
mitis,0.98989075
hirundo,0.97159135
pinna,0.98718846
candidus,0.9932803
alis,0.9786339
turtur,0.96730876
columba,0.97315466
resono,0.99052715
dumus,0.961856
quaequi,0.9555577
hirsutus,0.9707624
saepes,0.80262524
erro,0.99445295
reduco,0.97316706
passim,0.98428255
laeto,0.9943036
agnosco,0.9891719
quotannis,0.90181947
festum,0.97723657
renascor,0.98947895
libet,0.9834037
uerno,0.9708379
deinde,0.9866946
epistula,0.98371196
littera,0.9880588
cur,0.9953256
q.,0.8886939
ualerius,0.9278289
soranus,0.8998562
aio,0.9744719
thesaurus,0.9836379
graecus,0.9876182
appello,0.9920815
priscus,0.99376637
latinus,0.98174906
rudis,0.98988813
aes,0.9629515
argentum,0.99181134
flato,0.75809646
probatio,0.97528696
fidelior,0.94340384
superus,0.9922182
expleo,0.989035
aspergo,0.97870153
medulla,0.98769563
ros,0.9900125
pusillus,0.9740692
minimus,0.9831257
seruo,0.98758245
adnuo,0.88695
canus,0.9836651
uiridis,0.9774914
auius,0.82218087
rus,0.9888369
multimodus,0.96780944
mulco,0.95259786
pluma,0.97845346
teres,0.8104492
roto,0.9816253
sibilo,0.98662335
sonus,0.98985624
flebilis,0.98635185
inchoo,0.98338795
praecido,0.975534
attono,0.975002
modulamo,0.9542244
auris,0.9936557
iugis,0.9682311
deprecor,0.98693264
alio,0.9508288
instar,0.9843295
dono,0.99054706
uario,0.9836282
pactum,0.9712479
loquella,0.9807469
frequento,0.97442234
clarus,0.9906609
salutifer,0.9818959
suesco,0.9828379
uipereus,0.9793312
saeuus,0.99730957
occultus,0.9759711
clamosus,0.9606215
uerbero,0.98592067
noto,0.9249927
crucio,0.98743093
exagito,0.97557664
membrum,0.9930292
poena,0.9831142
malus,0.9926612
agito,0.9871034
ob,0.99110156
tardo,0.98844725
medella,0.9891269
plenior,0.96484303
luo,0.97184336
siue,0.98495686
indulgo,0.893833
propinquo,0.9765959
elabor,0.9374887
crebrior,0.91025895
aeger,0.9669317
examen,0.96510136
dense,0.91954273
repeto,0.9892145
prope,0.9890243
festus,0.9053736
simplicitas,0.9869392
ueritas,0.98163086
adsisto,0.96065867
suspicor,0.9892888
liceo,0.96564674
graue,0.97988516
succendo,0.97135186
flebiliter,0.9277345
ululo,0.96573913
maior,0.9879739
subaco,0.9122598
ultimus,0.9874451
tormentum,0.98769903
sino,0.9701185
excessus,0.97638124
agitas,0.90759933
male,0.9898387
supplicium,0.98577744
suspendo,0.9907353
sublimior,0.966135
poenalis,0.9493617
quamuis,0.9839684
uexo,0.9900435
immunis,0.9632946
absum,0.98696405
crux,0.9895499
insulto,0.9885929
ruo,0.991151
redemptor,0.9572233
uicissum,0.982561
illusor,0.9113891
dolus,0.987411
laqueus,0.9888754
laqueatus,0.9448317
praeda,0.9877713
latro,0.9915673
captiuus,0.9884007
esca,0.99299914
illicitus,0.9735605
letalis,0.9778857
deuoro,0.98144346
hamus,0.9859571
profor,0.95971465
limen,0.98953605
rapio,0.9955325
foris,0.9848062
uersus,0.94962627
supinus,0.9703052
relabor,0.94667274
uestis,0.9940533
uelo,0.98949003
scilicet,0.9640614
reuerentia,0.9620018
tego,0.99446595
ouo,0.98892355
pudor,0.9935602
illaesus,0.9602114
torqueo,0.99173033
honesto,0.9714452
uerro,0.96976316
abnego,0.9788352
notus,0.964981
minus,0.98412555
auditus,0.98630595
uisus,0.9922543
reuereor,0.9747905
minuo,0.9799659
ausculto,0.97382843
confirmo,0.98395073
narro,0.98593163
exordium,0.9759359
frater,0.98829436
caneo,0.9684474
magia,0.828446
eiusmodi,0.97906613
fallacia,0.9870765
permieo,0.8263886
cado,0.992136
ieiuno,0.9845106
sero,0.9582466
libo,0.9246039
solutus,0.97536665
coetus,0.98700196
datum,0.9858396
fessus,0.9950068
daps,0.9881946
hymnus,0.97240305
psalmus,0.98234487
interea,0.9693292
chorus,0.9887326
digredior,0.98560077
depello,0.9886226
fumosus,0.8756064
cero,0.9797052
papyrus,0.9566487
angustus,0.99124205
tectus,0.9741056
caecus,0.9875306
intrepidus,0.9872336
passus,0.9702606
heuc,0.98338217
uicinus,0.98088074
incautus,0.9728687
discrimen,0.9921554
medium,0.98215437
camera,0.9620814
humus,0.9893105
nuto,0.9857354
solitus,0.97268414
lychnus,0.9415368
funis,0.98841536
innecto,0.967085
supremus,0.97787255
stamen,0.9823895
ferrum,0.99356866
uitrea,0.83060074
ansa,0.91211855
lucerna,0.9860781
auritus,0.8260467
funditus,0.9707909
albo,0.94268394
flaueo,0.8516433
oliuus,0.9872236
liquidus,0.96943164
subiectum,0.8997102
lubricus,0.98582125
umor,0.97648036
nato,0.9929385
iunctus,0.9914689
coeo,0.9891297
misceo,0.99279225
fluor,0.8825339
pinguis,0.9846478
denso,0.9829598
materies,0.9628423
leuis,0.9889116
crassus,0.9739857
sustineo,0.99071443
solidum,0.88223153
subsisto,0.96782124
oleum,0.9656787
fundamentum,0.9703947
autem,0.9842643
inicio,0.9806758
aduersus,0.9829542
sinceritas,0.9710343
confundo,0.9895872
discordia,0.98663497
sucus,0.9841636
luceo,0.991022
admixtus,0.9560314
disto,0.96497023
latex,0.98649776
plumbum,0.97597474
tripes,0.81569827
cauus,0.9795328
exto,0.96091425
apex,0.9852824
uncio,0.7342691
stipo,0.969984
fomes,0.96904176
linum,0.95971453
stuppa,0.8673322
madeo,0.97806305
fax,0.9832464
circumfusus,0.7758487
spatium,0.9844036
stagno,0.91560507
uitreus,0.98807096
exilis,0.95050836
uado,0.96643084
funalis,0.84963787
corusco,0.9871018
tremulo,0.96671844
uibro,0.9834119
uertex,0.99312943
acutus,0.97655183
leniter,0.98212636
umbrosus,0.96138775
penetralis,0.9863866
splendor,0.99226665
tenebra,0.99317706
emetior,0.9678857
uigilo,0.98938227
consumo,0.9905347
bibulus,0.9670967
unguen,0.97203755
extinguo,0.9899757
aufero,0.9826933
deponendus,0.9370419
neglego,0.98338765
adduco,0.9816051
restringo,0.96140116
nodo,0.9656783
laxus,0.94493735
humilis,0.99209774
fluito,0.9721325
linea,0.96145314
tractus,0.9869302
gratus,0.9928962
laquei,0.939618
summum,0.9735514
dentatus,0.9530433
minor,0.9886689
uncus,0.95618296
armo,0.99060845
obuia,0.9361652
nutus,0.98890907
feralis,0.98121405
pendulus,0.98629177
infra,0.94876623
pendo,0.9926306
libramen,0.86867106
status,0.9897702
heu,0.98780614
cuspis,0.9868875
trinus,0.9560867
excipio,0.9713038
induo,0.9904146
occurro,0.9901659
tener,0.9913623
mucro,0.9811671
cilium,0.87419605
medo,0.9538727
cautum,0.9649569
trepido,0.981285
moderamen,0.9804898
palpebra,0.9562439
percutio,0.96978956
uerber,0.9819312
ictus,0.99496865
exclamo,0.9933741
claudo,0.9958427
reprimo,0.9757707
intra,0.99057966
albus,0.90398943
imago,0.9905592
alter,0.9906006
daemonium,0.98737574
ueluti,0.848845
radix,0.9771808
fulcio,0.9678167
umectum,0.87371635
pasco,0.9937451
parilis,0.98445016
disruptus,0.9628852
dissilio,0.9577724
membrana,0.9722456
ocellus,0.9468547
prosilio,0.96360433
globus,0.9857065
uacuo,0.9643084
excutio,0.9923975
clamor,0.9931676
doleo,0.9963351
accurro,0.97682834
somnus,0.99597216
praetendo,0.97974086
contingo,0.9654734
similis,0.98547167
iuuenis,0.98827267
immotus,0.9728497
libro,0.96612716
uulnus,0.9974649
guberno,0.98078936
diduco,0.82754636
socialis,0.955408
caueo,0.98642623
attingo,0.9848485
ductus,0.9613243
extraho,0.9825497
imploro,0.96924245
pendeo,0.9845311
aduoco,0.971476
depromo,0.9806329
quantus,0.9911086
peccatum,0.9870046
plaga,0.98923206
insuper,0.97671115
ferio,0.98799807
succurro,0.97742814
proximus,0.9896722
asto,0.9727035
contiguus,0.959109
mitto,0.9894811
aedis,0.98772144
audio,0.98027766
fleo,0.9936128
infelix,0.9908412
latus,0.99395204
coniunctus,0.9754912
adhaereo,0.9835635
thronus,0.9801356
confessor,0.9643828
trans,0.9859529
accipio,0.98914886
temnus,0.9662555
illic,0.9878349
deporto,0.96827453
obsequor,0.98978245
medicus,0.9908494
oppono,0.9695089
lapsus,0.97253823
conspicio,0.987603
eruo,0.9828079
despolio,0.917837
conor,0.98628604
fulmen,0.99054426
dexter,0.9927111
excrucio,0.97390354
domo,0.99312884
caduco,0.912382
praesul,0.9695848
sano,0.9911181
uinco,0.9979608
memini,0.93444824
iustitia,0.9893637
decerno,0.93974984
multo,0.9897235
tenebrosus,0.9886997
oculatus,0.9154346
luscus,0.93239486
quicumque,0.97679925
ligo,0.9908559
uenia,0.990978
coepi,0.98589694
contemptus,0.9841677
periculum,0.99247515
exemplum,0.9899241
bonum,0.9911258
cogno,0.94279283
seruio,0.9900562
iacto,0.99046504
perdo,0.99572724
confido,0.98771656
indignus,0.9894463
saeculum,0.98461896
celebris,0.958128
deputo,0.9668344
dedecus,0.989093
aemulus,0.9870742
ploro,0.99031925
simplex,0.9792408
beatus,0.93322647
prosperus,0.98936564
firmo,0.98892516
tuto,0.9785994
absque,0.9759172
euomo,0.97538286
lacrima,0.9928207
purgo,0.9901366
purus,0.9871319
enitesco,0.9843867
speculum,0.9898262
sanus,0.96866566
colluceo,0.7365904
hodie,0.961754
niteo,0.99340236
fidelis,0.9736544
perpendo,0.9523928
uncinus,0.8027299
piscis,0.9930122
uicis,0.98445964
suffigo,0.9127952
clauus,0.9858414
prohibeo,0.982249
innocuus,0.9858973
acies,0.9881736
pondus,0.9954778
pilus,0.9848829
intolerabilis,0.9585581
perfero,0.98869854
duro,0.97880125
incuruo,0.9761898
acumen,0.98488605
ungo,0.977105
impunis,0.95249635
premo,0.9941598
metallum,0.99158156
pupilla,0.9368998
subtilis,0.98212826
digitus,0.9902054
tenuus,0.9763174
subactum,0.8036562
penetro,0.99178153
solidus,0.91156596
compleo,0.9855593
ubique,0.993793
subtilus,0.8654255
caeco,0.97664064
uterus,0.9943757
imperfectus,0.9547711
perficio,0.99115026
filius,0.97478414
omniparens,0.8792063
constantia,0.9800587
posthac,0.9305833
admirabilis,0.9816803
respondeo,0.98571616
sputo,0.9080251
limus,0.9747661
obtutus,0.95567185
defectus,0.9614558
perorno,0.6557879
compono,0.98376524
flatus,0.9943125
opifex,0.9700591
sublimus,0.986791
monstro,0.9828829
confero,0.98631793
titulus,0.96540284
benedico,0.9883864
palma,0.99101377
indefessus,0.9547696
continuo,0.98114675
clementia,0.9581337
specialis,0.9684371
laetitia,0.9907506
seruus,0.97949684
sidereus,0.9887588
prodo,0.9946789
custos,0.9862492
infestus,0.98693216
nocturnus,0.98725486
splendeo,0.9930754
amitto,0.99152374
deformis,0.9863107
tango,0.9916755
aequus,0.9881525
fulgeo,0.9932159
o,0.9382885
pereo,0.9963372
martinianus,0.89446354
germanus,0.97463346
disertus,0.97995937
prosequor,0.97763735
miserus,0.95790106
compos,0.9657027
caritas,0.990656
uerior,0.958623
spiritalis,0.9883925
ambo,0.99360764
inuicem,0.9557723
dextrus,0.9504357
osculum,0.9846145
immolo,0.97966003
hostia,0.98281443
libero,0.98915184
sospes,0.96485
dirus,0.98978686
patrius,0.97897124
proficiscor,0.9894862
pedester,0.9754649
otiosus,0.98245084
fluctuo,0.9803214
nausea,0.9186939
praefero,0.98542416
depono,0.99345416
directus,0.97608614
omnino,0.9803704
uereor,0.9882325
abutor,0.9809525
timendus,0.980056
narbo,0.9321767
trux,0.98218715
pons,0.95701957
carina,0.98779976
credulus,0.980113
gressus,0.99172914
piger,0.9853248
nauigo,0.989041
paeniteo,0.98741525
continens,0.94903064
litus,0.9946449
fretum,0.9926109
lucidus,0.98628545
rideo,0.98855424
tranquillo,0.9863415
mas,0.9884004
ordino,0.9871714
absens,0.9875189
luna,0.98946536
nauis,0.9936601
repens,0.9907007
ueho,0.9927902
later,0.9732025
sopor,0.9900857
suadeo,0.9920573
tranquillitas,0.9869727
gubernator,0.9407841
uigil,0.94561523
classis,0.9781217
uades,0.9133045
seco,0.98722774
spumeus,0.95729315
fortior,0.9877595
proueho,0.9846742
decresco,0.97428715
cresco,0.99660206
incurro,0.974491
salum,0.9664742
dormiens,0.8592072
udo,0.9049664
rigor,0.9882672
formido,0.9879991
discutio,0.96686083
pauor,0.9907845
timor,0.98905957
ignoro,0.99318695
pelagus,0.9952483
concito,0.98501027
ferueo,0.9743975
adeo,0.9841387
affecto,0.98728395
confessio,0.9862157
portus,0.9841194
opprimo,0.99361366
neco,0.9929659
adusque,0.94727707
dorsum,0.989259
expando,0.9784057
incidens,0.9512608
scapha,0.95882523
sequax,0.9135924
machina,0.96899307
dehisco,0.93836
adnato,0.8723068
rector,0.9720988
primo,0.95567286
discindo,0.9724264
porto,0.99225473
naufrago,0.9569994
itaque,0.97270286
apto,0.9857354
onus,0.9793107
statim,0.98959386
stringo,0.9918201
expello,0.9926059
cohaereo,0.9865662
ras,0.9452952
dimitto,0.98651445
uictus,0.99081993
obuium,0.91053826
praeualeo,0.98361015
perfugium,0.90508825
puppis,0.99040794
superstus,0.96952784
obruo,0.9863223
inusitatus,0.9769424
nauita,0.97885144
sileo,0.9903742
tempestas,0.9897865
uetuso,0.91708124
firmus,0.98459864
lignum,0.99450886
robus,0.9787567
tereo,0.57080567
eniteo,0.9421775
nubes,0.9931923
renideo,0.91726315
coniecto,0.93896127
detraho,0.97957873
secundus,0.9870376
specus,0.975984
aeditus,0.64281356
capitolius,0.9615516
custodiendus,0.96741056
genus,0.9566041
utrubique,0.95781887
quies,0.9873016
profundum,0.9854287
dilapdo,0.93203586
inebrio,0.9637723
sal,0.97721493
tristis,0.99516463
crapula,0.98012894
saeuio,0.9928838
tributum,0.99082357
intereo,0.9891108
perfidus,0.9882907
malignus,0.9825671
schismatum,0.94937533
necdum,0.975132
sacratum,0.96386695
fuga,0.98518425
infidelis,0.9721743
mysterium,0.98861384
praenotao,0.8216241
uexillum,0.959346
transeo,0.99055296
ultor,0.9778475
praeditus,0.9799837
iungo,0.9927602
impius,0.99076307
adgrego,0.9158323
mortuus,0.98526186
emico,0.98391426
nauarchus,0.8841063
ratus,0.9760438
naufragus,0.9738405
bis,0.9824198
demergo,0.97532356
inferus,0.98403406
debitum,0.9783113
auo,0.935633
uinculum,0.9838337
astringo,0.97856987
merx,0.9922551
nex,0.9911759
tumultuor,0.965937
excito,0.99324316
turba,0.99275464
detego,0.9852838
alium,0.9887575
unicus,0.98782945
profiteor,0.9851663
colendus,0.98279774
disciplina,0.989657
dispono,0.9884262
remotus,0.9746955
prora,0.9611325
innocentia,0.98109233
ionas,0.8868216
uenter,0.9938586
abdo,0.9864529
luctuosus,0.9649911
quassus,0.6833472
plerusque,0.987091
ora,0.987588
uela,0.982274
contus,0.9595891
subrigo,0.9266076
nauta,0.9891385
expeditus,0.96734554
supernato,0.9226742
extimus,0.95886576
fugax,0.9824165
comes,0.9408364
euado,0.9911947
saltus,0.99126416
cumba,0.954522
procul,0.9537307
derelinquo,0.9638256
prendo,0.96757
recutio,0.9018825
ioseph,0.9845077
furo,0.9942642
femina,0.99170375
infidus,0.9792242
ratis,0.9861822
obuio,0.9673939
hiulcus,0.87084895
guttur,0.9892157
dens,0.9934938
uoro,0.9787661
fidus,0.9907655
donec,0.99016243
mentio,0.9537549
triduanus,0.8917036
funus,0.99451077
reflecto,0.9620947
commentum,0.97318995
intactus,0.97165453
glutio,0.81574243
ieiunus,0.98670125
cibus,0.9946246
fabula,0.99036354
condicio,0.98276776
discipulus,0.9837391
subripio,0.9824902
penis,0.87049234
horror,0.98913074
planctus,0.9828119
claustrum,0.9807987
fera,0.9933555
iactus,0.97273666
exul,0.9922845
salis,0.918132
antrum,0.99275446
beluinus,0.8718485
exter,0.961278
clausus,0.98589194
quamquam,0.99030334
exeo,0.9925245
at,0.9759
includo,0.99218845
carcer,0.98908114
prex,0.9907615
pertingo,0.9504716
oratio,0.98525125
celo,0.9564949
flexilis,0.92347693
oportet,0.9882158
coetum,0.810771
concludo,0.9834492
saluus,0.9810902
renarro,0.90588784
praeceps,0.98786473
saliens,0.9721564
decido,0.96959805
rima,0.96588856
olens,0.86644685
frigidus,0.96820164
udus,0.93312526
molliter,0.97634244
relatus,0.9835402
dedio,0.9584608
gelu,0.988866
nuditas,0.9754941
autumnus,0.9859642
tepeo,0.8905961
perditor,0.907874
stupeo,0.98969936
amplector,0.987373
allabor,0.63728166
strido,0.9897648
tandem,0.97425604
adiacens,0.92203426
iudico,0.98533434
rhadamanthus,0.7740115
secundum,0.97891873
codex,0.9752104
nescio,0.995548
metior,0.9717414
minister,0.9864944
implico,0.9670554
sarcina,0.9862535
illinc,0.9644382
uaco,0.98596084
paulus,0.98189193
magister,0.99247396
lector,0.9576291
abduco,0.985937
eximo,0.9778438
fundus,0.98531365
largior,0.9844741
apostolus,0.9909483
ceterus,0.99094033
tuo,0.9727506
discrimino,0.87828386
biremis,0.903424
adplicatus,0.8046142
expono,0.9853369
umeo,0.92450595
requiro,0.9926772
flagito,0.9846345
fames,0.992564
propter,0.98997617
gallus,0.9932742
massile,0.9106396
graius,0.9692862
ciuitas,0.98386174
ecclesia,0.9858573
pando,0.98979604
fraternitas,0.8950281
saltim,0.9869522
ignominia,0.97335184
damnatio,0.9762288
refuto,0.9742541
ns,0.8020404
immundus,0.97086406
pabulum,0.98156035
fumo,0.9874259
putidus,0.9033321
rogus,0.9714496
pecus,0.99580103
intellego,0.9715139
renuo,0.96176696
malitia,0.98335826
praedamno,0.83425474
cultor,0.9822644
operatio,0.98147655
copiosus,0.982394
commodo,0.97458565
exiguus,0.98941565
affectus,0.9801331
dito,0.98838145
uiaticum,0.9714314
caliga,0.87816393
uilis,0.98567176
nauticus,0.94231045
malo,0.9882011
confoueo,0.94180334
calcio,0.9222701
respuo,0.9852132
reputo,0.9820913
lucrum,0.987993
teucer,0.62151414
peruado,0.9670803
castellum,0.9764164
uicus,0.98741317
oppidum,0.98665017
uagor,0.9846247
auarus,0.9789054
monachus,0.9900629
praecaueo,0.96181715
fallo,0.9902071
uiator,0.99042886
acquiro,0.97713387
impostor,0.52229017
pannus,0.98526305
sordeo,0.98511624
calciamentum,0.9778266
nito,0.9823079
eligo,0.9875887
terreus,0.96449655
praeuerto,0.94177264
consortio,0.9674618
faueo,0.9771133
audax,0.9852401
succedo,0.9890799
robur,0.9897182
perueho,0.9252972
praeparo,0.98575914
impero,0.99503577
fugo,0.9925449
dirigo,0.9616258
periculosus,0.980213
blandio,0.96968865
asperum,0.97321
longinquior,0.7343475
adlo,0.9456337
centum,0.98971295
abinde,0.8823689
promoueo,0.96232796
pho,0.5905524
potio,0.9828956
opto,0.9920956
roma,0.9819908
festino,0.98553294
amica,0.99014306
ciuis,0.96207
optatus,0.9269684
respiro,0.9741104
conquiesco,0.9213621
tolero,0.9875171
atqui,0.5236916
dominatio,0.9815654
nominatio,0.9480144
ualeo,0.98634374
commemoratio,0.9853865
immineo,0.98675644
exspecto,0.98843396
gratulatio,0.9562729
uoluptas,0.9883094
paulinus,0.8653056
nudo,0.9889384
tunica,0.98635674
sodalis,0.98366183
gemino,0.9921645
cuculla,0.8122131
largitor,0.9774159
silex,0.9868078
appius,0.96624714
tero,0.9508423
ingresdo,0.9690439
pigeo,0.985095
capuus,0.961915
deni,0.98962617
nanctus,0.97192764
mulus,0.98434126
breuis,0.98385346
sessor,0.9553776
uector,0.9670246
us,0.93206275
laedo,0.992775
rubus,0.97131234
sentis,0.9646877
contundo,0.9574474
occursus,0.97987914
capesso,0.97780037
inuidus,0.9911052
induco,0.98216844
iuxta,0.9497726
rogo,0.9912699
nuntio,0.99080896
logus,0.8892101
mel,0.93859786
fauus,0.981598
guttula,0.77468276
dulcus,0.9732906
gustus,0.9867226
offero,0.9891039
auens,0.7764808
desidero,0.98876023
ueno,0.92360526
atramentum,0.9543924
calamus,0.97730327
stilus,0.98174596
praescribo,0.97055423
ignotus,0.9760486
profero,0.9883481
fructus,0.9889395
suauis,0.9882842
iactans,0.98109746
concordia,0.9821465
lupus,0.9895472
agnus,0.9869056
congruo,0.97590816
ales,0.94435483
conuolo,0.94890416
contexo,0.9729242
stultus,0.9893316
infirmus,0.9889424
defluo,0.99122643
destruo,0.9756988
sursum,0.99024457
recreo,0.98473185
contactus,0.9587007
deque,0.98057383
repraesentatio,0.95327556
excedo,0.97726816
inuitus,0.98512703
erubesco,0.9906975
infidelitas,0.92660046
medio,0.87709045
dignitas,0.9876741
curuo,0.9877763
genu,0.98818827
sceptrum,0.99025977
purpura,0.9909358
grex,0.9888978
pastor,0.9879613
imus,0.9619975
decor,0.99304205
gloriosus,0.9810169
altitudo,0.9853924
coher,0.9533721
istic,0.9719381
amator,0.98484826
abraha,0.9886068
refrigero,0.9610746
planto,0.9714269
hierusalis,0.95375526
propago,0.9803583
germen,0.99183667
posco,0.9949465
adscribens,0.8190882
isacs,0.89881456
uictima,0.9750391
perimo,0.98523587
terrestris,0.9816467
exsors,0.96315414
antequam,0.9930441
sapio,0.99366164
malum,0.98903286
paruulus,0.9862635
lacto,0.9783908
protector,0.9734161
dauid,0.96604156
sono,0.9879935
collegium,0.9659719
anna,0.9481182
infans,0.9922973
samuel,0.9006094
sedula,0.82911575
ephod,0.9365121
doctrina,0.9873512
licium,0.92937773
regina,0.96371853
aureus,0.98943526
intexo,0.97486794
fimbria,0.980698
nazarenus,0.9551321
pasta,0.9610512
adorno,0.966079
crinis,0.98814964
pulchrus,0.9690559
umquam,0.97582346
deseco,0.9417997
nouacula,0.93640304
ascendo,0.98239976
coma,0.9903293
l.s,0.89608186
tribunus,0.9876807
spientia,0.39973953
tarpeius,0.89748645
a.,0.8866718
consul,0.98549163
annalis,0.90051067
strenuus,0.9816244
bellator,0.9771065
fortitudo,0.96018064
quin,0.97579384
samso,0.9269208
capillus,0.9900905
crinitus,0.9692911
strangulo,0.9687878
brachium,0.9718448
decerpo,0.9787386
triumpho,0.9910754
mulier,0.991681
carneus,0.97428554
dolosus,0.9838327
rete,0.9857782
malesuada,0.9566009
fraus,0.9878804
uirilis,0.98761034
effemino,0.96384203
excaeco,0.96535695
rado,0.97777706
spolio,0.9908079
exarmo,0.9061137
copula,0.9654726
consequor,0.9627341
protinus,0.9836737
captiuitas,0.98646533
infirmitas,0.98853505
caecitas,0.9754946
postea,0.9928347
ludibrium,0.98349804
hostilis,0.99074477
intueor,0.98549265
prosterno,0.9862362
columna,0.9877743
amplexus,0.9799475
conlapsus,0.9458777
fulcrum,0.9435311
cecido,0.98491406
praepotens,0.9713966
heros,0.9864608
ruina,0.9913528
subago,0.9553328
glorior,0.98556715
uictor,0.98851573
interimo,0.98162186
interficio,0.9874833
imitor,0.98721397
permaneo,0.9877877
noxius,0.9840329
addico,0.97440106
iugiter,0.9741795
accido,0.9643214
inchoatus,0.95889175
seruitus,0.98773575
infantia,0.9871795
senectus,0.9859128
pensito,0.9339651
semetipse,0.9832592
occido,0.9960864
amalech,0.94609475
interieo,0.8612206
zabulus,0.8521024
inuideo,0.9856364
sauls,0.965102
superbia,0.9879959
liuidus,0.95737624
zel,0.9510422
resto,0.97225475
filum,0.98807293
praetento,0.9002921
palus,0.9837414
serpens,0.9937467
adpetens,0.7480231
mortifico,0.972744
asinus,0.95221734
decoquo,0.9500766
sobrius,0.9835718
pallor,0.9842907
tribulo,0.9757307
uictrix,0.98840636
castitas,0.989889
exterior,0.9482724
corrumpo,0.9944992
continentia,0.9798913
innouo,0.96262336
uico,0.95751345
a,0.9773617
maxilla,0.98045504
otium,0.98645896
mobilis,0.9513049
licentia,0.9364747
retundo,0.97517633
ieiunium,0.9920766
arefacio,0.96283007
telum,0.9948747
proelior,0.9507476
aestuo,0.9854406
poculum,0.9951893
figura,0.9746163
actito,0.9195294
testimonium,0.97338223
umbra,0.9959095
flos,0.9958381
incisio,0.8251051
epulor,0.9786616
ueteo,0.95516706
fermento,0.9670835
azymus,0.9813861
pascha,0.98953605
quare,0.9556931
absoluo,0.98698455
dego,0.9740886
statuo,0.9769203
leuo,0.9892862
redimo,0.9893635
taeter,0.98339415
draco,0.99330276
incedo,0.99215895
impedimentum,0.96207684
umbraculum,0.9818511
uelamen,0.9874222
obnubilo,0.8596684
reuelo,0.9758221
comparo,0.9858255
pudicus,0.9915653
dogma,0.9870875
conseruo,0.9778375
fidentia,0.7761078
aedifico,0.9790194
desuper,0.98809487
retego,0.96091074
nutrio,0.99411947
panis,0.9906056
cibo,0.9611012
copulo,0.98528767
floresco,0.9460305
coniunx,0.98975027
uitis,0.91616714
domi,0.9887417
costa,0.9849172
maritus,0.98100483
corona,0.98757374
enutrio,0.9523715
palmes,0.98585
ramus,0.989308
stirpes,0.9871023
prouidentia,0.95852137
distraho,0.97532785
frux,0.99267256
praeeo,0.985522
forsitan,0.9813843
antecedo,0.923228
tribulus,0.9779227
spado,0.965732
uendo,0.987113
seueo,0.92987764
roboro,0.9617987
masculus,0.9855575
irretio,0.90826553
pompa,0.9912888
illicio,0.96708655
impudens,0.94995177
fastidio,0.98117477
uito,0.9895309
iuuenta,0.96853745
singulariter,0.93643916
tacitus,0.9668884
seclusus,0.88191545
quietus,0.9911001
solitudo,0.98618937
spina,0.99181736
luctus,0.9922704
culpa,0.98544765
patientia,0.9900372
compes,0.9566657
impono,0.9830549
promereo,0.9790468
resisto,0.9887694
seruitium,0.9589069
ibi,0.9888904
nanciscor,0.94986004
iniquitas,0.9913717
uinculo,0.965056
praesum,0.9843328
committo,0.9889982
custodia,0.9829718
seu,0.93527967
catena,0.9886109
facile,0.9932162
eclesia,0.67493594
quomodo,0.98951054
praesideo,0.97983783
reuertor,0.9821924
paradisus,0.9938711
lilium,0.9868789
prudentia,0.9847472
responsum,0.98632157
exero,0.9810994
interpres,0.9674127
fama,0.9918075
notesco,0.6951121
fructuosus,0.9519466
officiosus,0.93184376
quandoque,0.9332807
possessio,0.975609
regius,0.98237026
praefectus,0.9863454
stola,0.96955055
byssinus,0.90497315
torquis,0.9576421
contextus,0.9776478
byssus,0.93274736
torque,0.9673942
collum,0.9942108
aurea,0.9562862
praedulcis,0.881715
circumdo,0.98353964
molestus,0.9871191
pondero,0.97063756
adstringo,0.96499395
anulus,0.9868469
comptus,0.91766036
trinitas,0.9836637
currus,0.9915128
regalis,0.98515207
agitator,0.834972
israel,0.96692914
imito,0.97518456
regia,0.9785287
insignis,0.980297
resero,0.98631823
penus,0.8955202
monile,0.98839515
potens,0.9445299
aegyptius,0.9833268
peregrinus,0.9905981
no,0.9825606
demoror,0.968376
praeter,0.9870595
mancipo,0.95582724
idoneus,0.9882263
laesus,0.95881057
romanus,0.98878497
exulo,0.9748143
ambulo,0.9615259
peragro,0.9774585
memphiticus,0.91110265
obeo,0.9577144
amplio,0.97499025
horreum,0.9860932
laeo,0.830292
fecunditas,0.97749466
congero,0.9864449
po,0.9439601
perambulo,0.97267485
scriptura,0.98746634
prouideo,0.9843256
struo,0.9907049
amplus,0.98859715
perpes,0.95335555
uitalis,0.9860033
substantia,0.97982943
io,0.9548186
senex,0.99246883
introeo,0.98660296
accio,0.97598743
cognatio,0.9343558
pullus,0.9836707
aquila,0.9862622
senecta,0.971117
implumo,0.7593026
nidus,0.98305655
uestio,0.9944109
penna,0.9876832
defaeco,0.72445154
desuetus,0.8892472
remigium,0.9511461
denuo,0.98596525
lenus,0.97336644
impetus,0.9905354
lor,0.8051239
iuuo,0.9909926
placide,0.954413
sudum,0.7903694
uentilo,0.95541227
ala,0.9820517
immobilis,0.9554548
sertus,0.9123058
ultro,0.99052674
sacr,0.967785
explico,0.9797711
circumago,0.9356948
ambitus,0.98449314
spondeo,0.980345
praeuius,0.9206963
cornu,0.9901097
deriuo,0.97034967
pronus,0.9837575
riuulus,0.9698473
proles,0.99258524
ferax,0.9725658
cohors,0.9822831
congrego,0.97216105
ueto,0.98852813
patrimonium,0.97843206
suscitandus,0.85574436
obesus,0.84229267
inflo,0.9807595
haesito,0.98426896
lutum,0.989545
faex,0.9786054
moles,0.9917428
meridianus,0.98539424
incendium,0.9836103
repeo,0.94165534
admitto,0.98902804
ango,0.98083556
mol,0.9868805
labes,0.98504305
baiula,0.75360775
sponsus,0.9816227
obuius,0.98774195
fulgor,0.99280244
sempiternus,0.94986546
erilis,0.9292052
conformis,0.83429027
socio,0.9848772
puella,0.98870456
frenum,0.9934163
thalamus,0.9858222
lasciuia,0.9746356
uulgus,0.9864648
iunus,0.8742108
cupido,0.9740545
uenus,0.9676032
luxuria,0.9876629
contrarius,0.9849111
exprobratio,0.85924155
resulto,0.9750401
mendacium,0.9880767
neglegendus,0.92057145
expugno,0.98760307
honestus,0.9873475
indiuiduus,0.8579085
assigno,0.95966053
ada,0.99494904
priuo,0.9856945
adimo,0.98885405
suppleo,0.9875221
tranquillus,0.9827353
platea,0.9700925
folium,0.9869006
christicolus,0.9645743
fanaticus,0.9252486
profanus,0.9890237
polluo,0.98733974
ambitio,0.98087573
fragro,0.9737201
pudicitia,0.99325
munditia,0.9577639
oleo,0.9106263
unguentum,0.9905969
diffundo,0.9920036
odor,0.9892434
superuacuus,0.96901774
ferculum,0.98992
probitas,0.9805892
concedo,0.9815309
aestimatio,0.9892959
potentior,0.97317827
peritia,0.9583783
nurus,0.9764289
matrona,0.9834882
dos,0.9851105
horreo,0.99276006
illudo,0.97180367
aurum,0.9861034
murex,0.97938806
distinctus,0.97847116
gemma,0.9885565
auaritia,0.9860405
interior,0.9855712
como,0.98612845
ingenium,0.99162424
uellus,0.9813565
reditus,0.97554135
dilapido,0.8974625
damnosus,0.98120093
pretiosus,0.9898241
uilescio,0.93681264
depretio,0.81908315
prauis,0.6509177
libido,0.99062383
sordesco,0.9633704
nitidus,0.9854888
exuuia,0.9759394
turpis,0.9920953
improbus,0.987126
leuus,0.94369835
apostolicus,0.94702446
fucus,0.9650217
cutis,0.99018025
flauus,0.96426773
tingo,0.98556966
color,0.98690367
aspernor,0.9831445
damno,0.9930351
adulterium,0.9904081
pugno,0.9957025
uiginti,0.9857892
proelium,0.9925878
cicatrix,0.98347604
auersus,0.95824176
quinque,0.993568
quadraginta,0.98522437
muralis,0.9541868
ciuicus,0.9320893
quattuordecim,0.95090234
octoginta,0.9842529
armilla,0.94485295
sexaginta,0.9839279
hasta,0.9881359
duodeuiginti,0.6505114
phalera,0.9614691
quinquiens,0.97573984
viciens,0.9135568
spolium,0.9763918
militaris,0.97513616
imperator,0.68654805
officium,0.98366296
plo,0.96272993
iouem,0.9384818
comito,0.97811306
exercitus,0.9661236
describo,0.98359185
procuro,0.9765332
praeses,0.92157096
suspicio,0.98739946
interitus,0.97630453
cultus,0.9905157
cupidus,0.9883939
esaia,0.98695016
cingo,0.9911672
restis,0.8894951
purpureus,0.99254274
sericum,0.982101
ostrum,0.98073816
rutilo,0.99324244
crepo,0.9661516
fluxus,0.9636539
talaris,0.860755
accinctus,0.84243906
saccus,0.9794554
pistrinum,0.93420637
caluitium,0.923914
nupta,0.9699181
odoro,0.9465709
naris,0.9942296
gradior,0.9920261
uelis,0.9779483
strues,0.9111533
turritus,0.9533086
sollicito,0.9901414
pestifera,0.6628157
nequam,0.97948503
illecebra,0.9764699
incrementum,0.96032953
deuoueo,0.95675355
sperno,0.99239624
compenso,0.9778323
perpetuus,0.9854448
pulcher,0.99049634
diuitia,0.9905722
facinus,0.9894377
caesar,0.9924899
promero,0.92845273
m,0.95844716
transfero,0.9886786
appellatio,0.96942616
capitalis,0.9822072
offendo,0.9901991
ambio,0.98871046
submoueo,0.9737675
aspicio,0.98895526
paradisum,0.91781604
attamen,0.9626783
ouis,0.9865917
pellis,0.9938613
tegumentum,0.96237516
neo,0.9186959
uello,0.9480531
pudeo,0.98563063
sponsa,0.9814068
simpliciter,0.9561109
uinio,0.9382844
lapillus,0.96086025
palliolum,0.6957956
pudibundus,0.9518174
paueo,0.9850731
herodia,0.9340062
baptista,0.9730419
maternus,0.975428
ulciscor,0.9872091
nempe,0.9793443
index,0.98085237
nefas,0.98798025
scelus,0.9920485
placitus,0.871839
conuiua,0.9826258
assensus,0.9149413
supplix,0.930326
numero,0.96431047
hircus,0.9751497
fuluus,0.9827835
bractea,0.7870006
planta,0.98198485
calx,0.98974323
improbior,0.86829156
fluidus,0.96482694
crispo,0.87923527
mico,0.9937066
refundo,0.96055853
callidus,0.98581254
info,0.9640683
herodes,0.98381424
sacrilegus,0.98817885
intumesco,0.9777311
elor,0.97129864
habitus,0.97090006
oblniiscor,0.9617396
foetidus,0.6399
lues,0.9836186
sordidus,0.9797982
ulcus,0.97873724
insanio,0.97870076
pharao,0.97487134
dissideo,0.98113847
clericus,0.988087
uxor,0.9920697
decorus,0.96683526
auxilium,0.98567075
historia,0.9818297
compago,0.9735185
coniugium,0.97654986
euus,0.9820687
aequo,0.9906939
sara,0.97712576
nubo,0.98814934
uinum,0.9867417
maria,0.915324
sponsum,0.9189885
uirginitas,0.98029315
descendo,0.9857428
assumo,0.9885422
elogium,0.95625937
libertas,0.9868414
interdico,0.98584855
optio,0.9700955
concubitus,0.97355807
feto,0.9773197
uterum,0.9607966
genitrix,0.9344695
partus,0.9920616
coitus,0.9854875
intemeratus,0.9767551
sacramentum,0.97563076
soror,0.9890467
pario,0.99174297
genero,0.9810256
sexus,0.97711873
generatio,0.9485272
supeo,0.9185345
angelicus,0.9880168
propterea,0.98473567
baptisma,0.97831184
compositus,0.9591265
inuiolabilis,0.9303638
praecino,0.9479329
canticum,0.94279057
almus,0.9911487
altarium,0.94053096
commendo,0.9871388
permitto,0.9907053
superstitio,0.97847444
bestia,0.99262756
huiusmodi,0.97837794
nt,0.93912256
tt,0.95750296
aether,0.99323654
inopinus,0.95292926
adfero,0.9708969
effigies,0.98493105
comitor,0.98340404
numerosus,0.98487955
aemilis,0.9484873
aemilius,0.99082613
senior,0.9636134
mirabilis,0.96107775
posterior,0.9863227
gesto,0.9913795
canities,0.95831335
unusquisque,0.96853364
prouincia,0.9734214
syria,0.974701
arabia,0.97909844
noricus,0.9440442
s,0.82126665
africus,0.98128194
mauritania,0.9782082
regulus,0.9207995
sibimed,0.93389493
uica,0.96187663
unanimus,0.88663316
infula,0.95318645
pontifex,0.96483576
immemor,0.9817136
aemilium,0.83675915
iugalis,0.97997904
exaudio,0.9674983
annuo,0.95636016
supplex,0.99254894
imbuo,0.9664338
antistes,0.9722475
gradus,0.97774667
sacerdotalis,0.97434926
reuoluo,0.97446644
perago,0.97844875
illustr,0.9327722
reueho,0.971033
italia,0.9868314
municipalis,0.9556942
consecratio,0.94520587
censeo,0.93953687
ualentia,0.9234971
sutrinus,0.9718969
faliscus,0.94586
cognomen,0.98100114
horridus,0.9911455
fremo,0.9925855
obliuiscor,0.98294926
assuetus,0.96194106
importunus,0.966786
dulcia,0.9944992
migro,0.9716401
eluceo,0.9457408
getica,0.8807542
inmitis,0.9553389
celebro,0.98385835
alanus,0.9727027
barbarum,0.97228265
uaga,0.96143615
terrificus,0.858343
pauidus,0.9847196
rumor,0.98521966
stabilis,0.98662907
fiducia,0.9893341
obduco,0.9848628
sereno,0.9528198
pharius,0.9291971
tyrannum,0.7792907
deuotus,0.8960506
iussum,0.90025645
sollemnis,0.9788692
chorea,0.9451841
sabbatum,0.9779782
ritus,0.9877019
recolo,0.98157334
ueter,0.96170807
dilectus,0.9458498
ideo,0.9876856
arceo,0.9840151
proprietas,0.9850435
sopeo,0.88321793
allophylus,0.94166285
torpeo,0.9880714
remissus,0.971626
prosperitas,0.9868589
retracto,0.96631265
uerbus,0.9404418
murus,0.98952377
capiendus,0.9771663
praesidium,0.9695487
spero,0.9919787
exigo,0.9776564
renouo,0.9830018
sudis,0.97029847
flo,0.99418837
senus,0.9807994
moysis,0.98982686
maledico,0.9873204
aman,0.8516816
esther,0.9431021
praefigo,0.94001716
innitor,0.9745535
quisquis,0.99317145
fido,0.9852116
legio,0.9563466
reparo,0.99524945
armatus,0.9888379
inermis,0.9861599
contra,0.9862334
incorporeus,0.9659445
adiutor,0.9731829
abhinc,0.92441666
perspicio,0.9670131
socius,0.9941782
fauor,0.98555076
acer,0.9912651
militia,0.9807921
obsidio,0.9765426
laboro,0.98996717
lustro,0.9918146
septem,0.9929976
septeni,0.9713656
lituus,0.9446781
clangor,0.982365
tremendus,0.96162826
fulmineus,0.96877265
tonitrus,0.97090226
meretrix,0.9893683
famula,0.98801374
hospita,0.9496714
existo,0.97980785
indefensus,0.9480746
mysticus,0.9610209
prouidus,0.9526215
empio,0.73555696
puniceus,0.9542819
significo,0.98866844
cruor,0.99321336
saluo,0.95153177
percello,0.98771477
antiquissimus,0.94561005
athenus,0.87157524
axis,0.9952819
ligneus,0.9877389
incido,0.9851431
atheniensis,0.97346497
sancio,0.8115245
aristoteles,0.95978254
dissensio,0.9889082
seditio,0.98974746
discessio,0.94075483
irrito,0.9342313
utrimque,0.981539
tum,0.9545833
ciuilis,0.9751111
alteruter,0.98205876
adiunco,0.6007838
solitarius,0.9685982
separo,0.990142
fortuna,0.9928658
indigeo,0.98709786
femineus,0.9883889
persono,0.94157314
terribilis,0.99126315
sisar,0.86022
palo,0.9644213
impurus,0.9352759
trunco,0.9614072
castra,0.98812294
babylon,0.95702934
opimus,0.9806587
assyria,0.935579
medica,0.92973614
impedio,0.9791187
praemitto,0.9554957
mina,0.98031944
coram,0.97589934
recito,0.9412613
permoueo,0.97778803
assyrius,0.9793634
compendium,0.9757526
querulus,0.968998
impello,0.9902151
patuo,0.97268754
delabor,0.9702802
halo,0.87228334
armor,0.9839581
gladius,0.98079574
taciturnus,0.88975364
strages,0.9765916
miles,0.9911902
deleo,0.9907643
rarus,0.9864753
mino,0.9796886
transfundo,0.9707447
apud,0.9915718
quiuis,0.9701314
condemno,0.9767106
conspiro,0.96732044
adsero,0.9756504
preco,0.9296292
uindex,0.9853139
pentapolis,0.968704
igneus,0.9821017
segor,0.91021436
sodoma,0.9822639
lot,0.8664947
integer,0.97380656
incestus,0.9830495
incola,0.9769056
elia,0.95242333
sorto,0.97389334
quemadmodum,0.97547
consisto,0.9667733
disputatio,0.9855548
argumentatio,0.968948
munitissimus,0.9405137
rubeo,0.99051285
diuisor,0.91824865
paelagum,0.9125591
dator,0.9781924
manna,0.98214614
auster,0.9786204
praecedo,0.9821526
alterno,0.9904201
quater,0.98273
cos,0.7347555
accedo,0.98613954
praecipio,0.95465267
daniel,0.97204703
babylo,0.93100655
effero,0.99340314
barbaries,0.9664253
aliquando,0.98205894
acerbus,0.99185985
ferus,0.99444616
crudelis,0.98803914
flamma,0.9950913
caminus,0.9819701
canto,0.98660094
quonam,0.98059165
defendo,0.9920235
degener,0.9898548
feritas,0.9901216
parco,0.9936298
recineo,0.86621
roscidus,0.9704409
romuleus,0.9706529
restinguo,0.9619265
insipiens,0.9903848
sat,0.9488645
pauperus,0.92567146
proprie,0.9846614
omitto,0.98773265
congressio,0.9677973
prouoco,0.9854461
praesumptio,0.97740287
diligentissimus,0.89237845
sublimitas,0.9265785
patriarcha,0.8958161
stirps,0.9758129
heres,0.9881186
dispar,0.9878855
prophetis,0.9830483
distantia,0.9622552
aequalis,0.98750585
horrendus,0.987206
mansuetus,0.97424877
gelidus,0.99439335
umidus,0.93963194
indumentum,0.988963
pestifer,0.98388004
satana,0.9854644
imperito,0.96583873
compesco,0.9849456
ferinus,0.9657248
prodigialis,0.6723386
disteno,0.9594312
gallina,0.9678687
rabidus,0.99132895
discerpo,0.975056
suffoco,0.97721696
funereus,0.981171
sanies,0.9799045
lambo,0.9769934
proicio,0.99050796
cadauer,0.98703206
mando,0.98496735
obscenus,0.98475784
conductum,0.9768017
agellus,0.95597
indicus,0.9573728
immanis,0.98237205
domito,0.92274976
uro,0.98453003
nonne,0.976881
expendo,0.982329
ignifer,0.9317496
noceo,0.9868942
tenebrae,0.9901831
felicus,0.9852253
infitior,0.94064176
incensus,0.9558759
flagrans,0.98203135
inimicus,0.9889271
interuenio,0.9592397
dirimo,0.97603035
immuto,0.9638242
acerbo,0.9823983
singultus,0.96809065
assilio,0.76402074
magicus,0.9783442
uiuum,0.96913624
ossum,0.8668446
quiesco,0.98750603
rediuiuus,0.98340917
dissimilis,0.9772822
iudex,0.9754814
dispendium,0.96989566
extraneus,0.9866767
fa,0.69485736
adultus,0.9693768
nobilitas,0.9807553
sepultus,0.97281075
iugatus,0.8465754
petrus,0.9648657
honus,0.9511049
scindo,0.988798
danielis,0.9698689
collido,0.97072434
educo,0.9804843
emergo,0.9730511
desperatus,0.97977984
expers,0.98533463
terror,0.9943955
recens,0.98923767
absumo,0.9874722
extingo,0.8666103
obiecto,0.9537251
tueor,0.9836398
obsto,0.9872367
rapiendus,0.93849444
culmen,0.9844864
tugurium,0.96660864
uicina,0.9874044
nemus,0.9883771
tremor,0.990079
tignum,0.92939574
languidus,0.98373836
pastus,0.98883164
consimilis,0.9755652
propio,0.81995535
sanguineus,0.981333
auco,0.95506144
torrens,0.97106105
redundo,0.9828144
praecipito,0.9914331
coniunctum,0.97511464
habitaculum,0.9786714
quasso,0.9870268
uiolentus,0.9622593
alueus,0.989866
uitans,0.9581929
bellisonus,0.84588075
absisto,0.9532877
uallum,0.975614
uiolo,0.9855017
refugio,0.9871608
vido,0.9626411
troianus,0.96710765
adamo,0.9583039
uernaculus,0.9482986
achivum,0.8524538
proticio,0.8835157
prospicio,0.99016106
graecia,0.9752295
phrygia,0.97257745
debellator,0.9428667
nasco,0.8882319
ortus,0.9947504
occasus,0.9935182
tardus,0.98758507
rota,0.98661274
intentus,0.9819777
quando,0.9885919
lasso,0.99048984
breuio,0.9159199
cieo,0.97309124
illustro,0.97043955
iubar,0.99005324
occiduus,0.98961955
i,0.94534934
queror,0.9824441
confercio,0.93412113
propono,0.98556465
m.,0.9371345
aurelium,0.9189916
sirmis,0.9526663
publicus,0.9925816
sextus,0.99185413
decimus,0.9804854
kalendae,0.9490295
aprilis,0.96234
nonus,0.9923892
castro,0.8644448
marcus,0.9651625
intercipio,0.98015
retino,0.9237424
annuus,0.9793834
sinister,0.98834026
commodus,0.98682344
qua,0.98470557
stella,0.9910736
suppliciter,0.96724695
iordanae,0.9694743
permuto,0.9641943
paschalis,0.9361252
epulum,0.94804204
ore,0.87420636
contestor,0.94746906
hebdomada,0.9268549
festiuus,0.959883
ignio,0.9756137
omnigenus,0.955824
expromo,0.8904217
externus,0.9916304
barbarus,0.98789585
cithara,0.98180306
modulor,0.9835297
plectrum,0.98720264
dissono,0.956355
perflo,0.97353673
magistra,0.97501105
aerius,0.98433036
modulabilis,0.64426214
animo,0.9507497
tibia,0.98077947
cantus,0.98127097
harmonia,0.9612431
sata,0.98072475
ascensus,0.98386544
cherub,0.9743546
uolito,0.9914351
unigena,0.64805025
conspicuus,0.97015095
pubes,0.95314455
sonitus,0.99044925
nuntius,0.973271
somniculosus,0.8646574
diploma,0.6445916
dea,0.9851033
ebrius,0.98523206
poto,0.9821351
ebrietas,0.9864726
diurnus,0.9863962
libenter,0.9850296
resideo,0.985128
delinquo,0.9851531
suo,0.9413408
uallis,0.98511064
procliuus,0.75633264
contego,0.98616433
inualidus,0.9812875
arx,0.99132395
mediocris,0.9851556
uestimentum,0.9792715
extorreo,0.9368831
stabulo,0.88423115
praesepium,0.9362513
continuus,0.97763306
seges,0.9888295
germino,0.99006295
incultus,0.97494733
stimulo,0.9830434
confinium,0.9883255
iugix,0.92381096
statio,0.987385
accolo,0.84674215
frequentia,0.97556514
concelebro,0.954975
uernus,0.98079294
relaxo,0.9772111
psallo,0.98076487
signifer,0.95492536
frequens,0.9775719
insignior,0.9393251
exulto,0.9936978
debitor,0.99234533
specialiter,0.98482215
saalue,0.9858781
refulgeo,0.984445
binus,0.9879384
sumpo,0.90473545
satio,0.98491585
metor,0.9587548
iuppiter,0.9846027
creta,0.9617156
idaeus,0.7929251
iocundus,0.9481703
nutrix,0.98842406
edico,0.9738068
uocalis,0.9738505
floridus,0.9636687
uiso,0.98210365
comitatus,0.96027064
odoratus,0.95705926
uegetabilis,0.82293206
uapor,0.9899695
benedictus,0.95082885
floer,0.95821804
aroma,0.97848845
impertio,0.9737947
grater,0.55334103
enarro,0.9825854
rido,0.9748705
prae,0.9841541
ueneo,0.9829075
clare,0.96662986
aduento,0.98337793
auditor,0.9753953
solon,0.9543917
singularis,0.970964
admiratio,0.98151326
existimavo,0.88151467
pugna,0.99396014
capitolium,0.9882925
praepono,0.9912271
iouis,0.9773427
assideo,0.9700132
inserto,0.89293677
conuenio,0.9906582
condignus,0.96658087
recuso,0.9880575
caelitus,0.94458663
hortus,0.98921865
apostolicum,0.7265048
patriarchas,0.8631512
chorum,0.8652764
procerus,0.9762062
duodenus,0.93878525
uocandus,0.9330398
deposco,0.9813378
caedo,0.9888499
fudo,0.97936606
lenis,0.9755362
iacob,0.9869021
progenuor,0.8226888
bifidus,0.92284495
caducus,0.98605704
praesumptor,0.8385749
idcirco,0.9834553
longinquo,0.9874338
forceps,0.95547676
carbo,0.9789533
peruro,0.9780551
stolidus,0.97799313
situs,0.96699
ueneror,0.9796006
frequenter,0.9872026
forsan,0.9564122
sterilis,0.9929247
punicus,0.98604107
posthabeo,0.96378124
samus,0.9205382
haedus,0.9338649
coloro,0.92059773
cortex,0.9788779
insignio,0.9628813
fetura,0.9641638
fetus,0.9939831
uirgineus,0.9792822
niacetus,0.5721677
ouum,0.96547794
inspicio,0.9785749
conspectus,0.9862212
platanus,0.9610783
nux,0.95082164
patulus,0.9902606
inumbro,0.92988074
odoratum,0.76502925
puerperas,0.98346823
testa,0.98039097
claudeo,0.9881157
repo,0.97981846
propino,0.958572
soluus,0.68271023
impar,0.98627925
solo,0.953377
mercor,0.97828877
coniu,0.84980744
n,0.8512527
x,0.92206746
ios,0.88377863
emo,0.98798585
carior,0.9805132
deiectus,0.9860957
emereo,0.96735024
temerarius,0.97664803
eueho,0.96784556
egregius,0.9927705
leuior,0.97713
procax,0.9676088
missus,0.9863403
tumeo,0.9892534
adiungo,0.98326397
meditor,0.9924398
suscito,0.9837696
frigeo,0.94220245
admoueo,0.9866221
plane,0.9801424
tumidus,0.98925126
planus,0.9841869
reclino,0.96978736
insulsus,0.9320767
condio,0.9662157
riuus,0.98147094
perpeo,0.95470077
ingemino,0.9701259
tabeo,0.90180576
quartus,0.9937078
oppositus,0.9403428
gothicus,0.9539362
tenueo,0.982693
amicitia,0.9841143
sollicio,0.90253663
desum,0.9927435
faio,0.9810487
carthago,0.9748224
destino,0.9787655
iunona,0.8801252
lupa,0.95130646
la,0.7253221
corrigo,0.98510313
agendus,0.9830664
dedico,0.9809113
citer,0.9073621
singulus,0.99125487
ianua,0.98927945
recepto,0.9503872
obscurum,0.9681807
pigmentum,0.9685337
ast,0.99604046
quadro,0.97068226
campus,0.99324656
hortulus,0.92191213
caespes,0.9763828
holus,0.95767367
eminus,0.9795395
arcus,0.98611027
conuerto,0.9775158
patefacio,0.9863889
ualua,0.9691721
ostium,0.9877024
sacratus,0.9015269
senium,0.9897047
excolo,0.97563183
laquear,0.97653127
pictor,0.94838583
ebur,0.9839027
spira,0.91075575
aenus,0.9521584
undo,0.96429217
cenaculum,0.9449712
tutus,0.9907911
fenestra,0.99077
libamen,0.9767895
andreas,0.9363112
piscator,0.97537845
argus,0.93626475
uaniloquus,0.7591313
mutesco,0.8097732
praecursor,0.95698786
euangelium,0.97473514
meta,0.98455554
ueniens,0.955666
fraternus,0.97692835
didymus,0.9447179
thomas,0.9439286
adiaceo,0.9321237
cunctamen,0.78926986
dubito,0.9883802
manifestus,0.9793386
coruscus,0.9803738
luco,0.8664821
medicamen,0.9910724
agricola,0.9340562
proculum,0.9386753
euphemia,0.8989763
sacrao,0.9447865
proculus,0.9313864
bononia,0.7874296
iuratus,0.8876715
ticio,0.7645951
transfigo,0.97620326
nazarius,0.87498325
ambrosius,0.91283906
substro,0.94215155
ubicumque,0.98813665
praesento,0.91880614
dido,0.94718456
moreo,0.9278158
apostolix,0.8216101
indices,0.96828824
aduena,0.98701453
percitus,0.8912004
aedes,0.9868582
secretus,0.98534745
impiger,0.9653282
prodeo,0.9849019
miro,0.98551244
patesco,0.97878927
etsi,0.9835545
spectaculum,0.9852242
tot,0.99412996
limes,0.9883361
fideo,0.89903486
astruo,0.91732246
interdum,0.99268955
obuenio,0.9467008
spectabilis,0.88376474
salomon,0.95747757
sapiens,0.98552406
saturnus,0.942124
paries,0.98232436
aditus,0.9706178
longum,0.54749507
disiungo,0.9693324
rigesco,0.9513464
saepio,0.9673945
accresco,0.93836975
caulae,0.96986574
coaeternus,0.9631814
uerum,0.9633673
multiplico,0.9831447
ouile,0.98786366
ingredo,0.95594335
hymnio,0.97306556
oportunus,0.97686434
lito,0.79427254
niueus,0.99191976
pictura,0.98617816
fuco,0.97410005
paulum,0.97248876
fatigo,0.9907602
perlego,0.9589015
series,0.9829544
iordanus,0.9060111
destituo,0.97239625
uadum,0.93794125
tremulus,0.98306084
despecto,0.91656125
profundus,0.9858991
puluerulentus,0.7666768
ruth,0.94549775
perfidia,0.98854244
utinam,0.9947236
irreuocabilis,0.92298585
quanus,0.93379354
assimulo,0.92521095
tempto,0.98954076
obscurus,0.9863637
frequentior,0.9412149
rusticitas,0.9625839
introspicio,0.7590969
desino,0.9920124
liqueo,0.91596854
uigilis,0.96808445
ignosco,0.985724
epulae,0.98960036
irrepo,0.9456304
merum,0.9692889
obitus,0.975279
taberna,0.9662005
discors,0.9835845
nondum,0.99145186
ineptus,0.98251843
luxurio,0.98215336
plecto,0.94764096
exprimo,0.97957265
relego,0.9697871
tarde,0.9834635
stupefacio,0.9554879
legens,0.9878331
surrepo,0.8434316
hio,0.9752693
sobrietas,0.98166394
nimius,0.98582876
raresco,0.95248115
traco,0.9330995
suggero,0.98541456
ambigo,0.93513227
genesus,0.9778017
melleus,0.86846024
chaldaeus,0.9637062
uerta,0.79366404
retro,0.9777578
suppono,0.96747845
inuiolatus,0.95958644
effugio,0.98998535
carnalis,0.9873135
complexus,0.98025364
pulsus,0.9809278
undosus,0.96244633
ruber,0.989589
grator,0.8737957
exorator,0.5744045
exstruo,0.9669559
habitator,0.94106364
ingressus,0.98546046
consero,0.98262966
fastigium,0.99036604
speciosus,0.9896365
pertendo,0.94842994
appono,0.9626383
uanum,0.9753063
laeuus,0.9721998
iob,0.9535992
tobi,0.82289904
inclitus,0.98714113
iudith,0.9258887
depingo,0.9776014
ornatus,0.9815408
redimio,0.96228236
praeluceo,0.9266879
cancello,0.93919075
aereus,0.96918434
concordo,0.97892725
basilica,0.94899094
egredior,0.9835229
pauio,0.6782267
nitens,0.81814075
coactus,0.81390405
arto,0.98743033
circumiectus,0.9435385
subsum,0.9726427
interpono,0.97587126
incumbo,0.9832385
commoditas,0.95568824
apricus,0.85782605
duplex,0.9619382
concilium,0.9736211
forum,0.98653555
numa,0.96650034
curiositas,0.96722245
superstitiosus,0.967456
simulacrum,0.9849572
edideo,0.92604256
celer,0.9882877
obex,0.98567325
prospectus,0.96080357
obscuro,0.9799515
obue,0.8915788
iuro,0.97957766
paciscor,0.9798704
temno,0.95491517
inuidia,0.9866587
taedeo,0.95331377
rixa,0.9836488
carpo,0.9936645
scintilla,0.9801934
focus,0.9756524
conflo,0.97582793
latebra,0.98938155
stramen,0.9772059
faenum,0.9666238
casa,0.9793215
turbidus,0.9878899
calidus,0.9508424
fragor,0.9763382
crepitus,0.9533868
grauior,0.983261
uicanus,0.85577345
respergo,0.9761631
exco,0.96711785
circumfundo,0.9784628
corripio,0.972465
cremo,0.98836845
palatium,0.9872672
fulgur,0.989681
torreo,0.9801413
inficio,0.9697615
sufficio,0.98900723
exorior,0.9752289
altar,0.96886164
fragmen,0.9604218
ingero,0.9777409
clipeus,0.99252665
prosum,0.9901669
capitolis,0.97947943
certo,0.99473375
samius,0.952301
circumsaepio,0.89422715
fremitus,0.9884672
lympha,0.9859943
exhaurio,0.9922674
lassus,0.9879613
decedo,0.9819402
operosus,0.96241903
extincno,0.8967869
securis,0.9721997
cito,0.9926541
opinio,0.98192275
aduro,0.98359334
flagro,0.98417366
consulo,0.98521656
praeuenio,0.98406875
incendo,0.98822576
linquo,0.99414515
punio,0.9886601
colonus,0.9733596
euerto,0.98982567
gurgustium,0.84653634
primum,0.9933751
uasto,0.9856896
plango,0.987532
diruo,0.98503023
labs,0.91989857
rudus,0.9160773
tuscus,0.9445535
lis,0.9655467
accuso,0.9906825
dimoueo,0.9595369
monumentum,0.985664
grauitas,0.98063165
temperies,0.9804591
gemina,0.9818728
stellatus,0.9690274
sinuo,0.9220664
castifico,0.8564423
lauacrum,0.9881549
facesso,0.8394475
nouellus,0.96070707
annosus,0.9704005
extra,0.9773097
iuuentus,0.9924036
ueteranus,0.9607645
refloreo,0.8747125
futurus,0.98280895
detersus,0.80914664
squalor,0.95680803
resurgo,0.99353737
amictus,0.9890459
seruilis,0.97207433
conregno,0.86793756
actum,0.9421844
aboleo,0.9773733
intendo,0.97923297
obliuium,0.89246976
caelestus,0.86557955
nexus,0.9827613
luteus,0.96291316
discuto,0.98047566
amico,0.8338269
medito,0.91522986
obstruo,0.98606277
colubris,0.98151606
aethiopus,0.96754336
exsurgo,0.98708665
dormio,0.9875691
inuigilo,0.9647956
conficio,0.987644
impo,0.8879049
sudo,0.9861877
tertius,0.99099815
magnitudo,0.98979974
prouenio,0.97655976
herba,0.9957492
marmoreus,0.98022544
stro,0.9782178
stercus,0.9785315
fabrica,0.9909375
luxus,0.98770404
iners,0.9937173
maculosus,0.96984893
liuor,0.9937111
edax,0.9839649
prodigus,0.98253447
anceps,0.99158
stimulus,0.98723626
ardor,0.99442625
tantalus,0.95657176
hirtus,0.9282912
egero,0.9353946
euellio,0.9128022
fibra,0.97539634
pullulo,0.97940373
radicitus,0.97739285
icio,0.89721954
pomum,0.99152243
ni,0.96407735
erigo,0.9932767
obstruco,0.55837876
pila,0.9309516
pio,0.9536773
tangendus,0.92504007
habito,0.9843986
reuiso,0.971899
peus,0.97740054
careo,0.993446
articulatus,0.9570858
modestus,0.9539639
illabor,0.904778
fistula,0.9846117
obtusus,0.9577689
exacuo,0.9580822
uegeto,0.9710443
fundendus,0.9323489
charta,0.9786745
sator,0.97618854
munificus,0.97403634
fortissimus,0.992072
pandio,0.8185856
iniuria,0.99222887
caedes,0.9918983
rapina,0.9882142
amplifico,0.96304786
honoro,0.9906457
auitus,0.97307944
congemino,0.9381508
defleo,0.99113524
uoluo,0.992445
perfruor,0.9730512
contagium,0.99239326
temero,0.96233535
octauus,0.99026525
curriculum,0.93236303
sacrilegium,0.9819772
quot,0.9904184
tropaeum,0.97945297
manubia,0.95042574
grammaticus,0.9740821
admiror,0.977928
docilis,0.976467
gaudo,0.9508867
praesagus,0.9634701
arcesso,0.952778
associo,0.8763248
letum,0.99004185
suffundo,0.8414715
lacteus,0.9773712
tumor,0.9899446
tumulatus,0.95040125
duxo,0.95368814
lugeo,0.9916647
reprobo,0.9763088
rebellus,0.9027177
adulatio,0.9732857
remunero,0.97513187
iustior,0.9776528
effectus,0.9759186
ca,0.8592807
promissum,0.9860897
praeceptum,0.9899293
inuetero,0.9523896
diluo,0.98024994
errantus,0.73552084
dominor,0.99129844
libens,0.9919647
aduenio,0.9818917
insum,0.96275604
impune,0.96615714
quippe,0.95831484
uitio,0.97887796
legitime,0.96607184
tartara,0.9832237
iniustus,0.98431456
palleo,0.98302114
infernus,0.9839548
uinctum,0.7915963
excusdo,0.9066222
caelus,0.9854336
scando,0.9891927
excerno,0.8779661
crevo,0.94892126
crescendus,0.9427236
tabesco,0.9778191
crebresceo,0.8948627
uitiosus,0.9840358
imbecillus,0.9219951
naturalis,0.9860869
exhibeo,0.988585
declino,0.97702426
eundus,0.98174685
nauigium,0.9629134
uecto,0.95340633
trudo,0.9554296
resumo,0.9757279
instruo,0.98564076
thoma,0.95756847
palpo,0.97254884
constanter,0.8951229
discus,0.9253448
crucifigo,0.98607206
dispenso,0.97735125
ordinaro,0.6647806
extollo,0.99150735
neruus,0.99118286
reuico,0.91865474
anguis,0.98541075
solacium,0.9884049
medeor,0.9806012
uitas,0.9041554
uetitus,0.95610726
sponsor,0.839492
ingratus,0.9809549
dolor,0.9943154
tergo,0.9666054
superfundo,0.92830247
hebeo,0.9496377
tenere,0.98642105
attribuo,0.9627208
querulum,0.843499
mollio,0.98254174
siluestris,0.97251594
extruo,0.96959245
ur,0.84011436
commuto,0.9827036
dirumpo,0.96132374
oberro,0.97938836
uicissim,0.9717288
coerco,0.8779988
euenio,0.9734168
seorsum,0.96634346
ei,0.9034047
auctoritas,0.98965335
potissimum,0.98400915
concilio,0.98462903
aduersarius,0.9898625
babylonius,0.96247435
salius,0.6946508
lupercus,0.9471992
amazon,0.8833563
vestalis,0.66892844
uiuifico,0.94808453
tabes,0.9821835
granum,0.97106457
peruerto,0.98678124
diffidentia,0.96640515
spondo,0.9501296
nihilum,0.9718866
postremus,0.98624676
aliquamdiu,0.9523106
redigo,0.9924693
integrus,0.962599
uacuao,0.766968
immisceo,0.9482589
uanesco,0.95418286
diripio,0.9889835
fereo,0.9145776
animal,0.9166865
digero,0.97715616
mutus,0.9832031
percipio,0.9874966
uigor,0.97976875
rationalis,0.93587255
praemium,0.9893976
clango,0.96766174
ezechiel,0.97417736
reliquiae,0.9683932
porrectus,0.9629799
dispergo,0.99147105
medullatus,0.8874951
uisio,0.96000135
findo,0.97690904
descensus,0.97061956
refugus,0.9355059
adytum,0.9590343
euersus,0.8377141
fas,0.98347723
ses,0.8082395
uiduo,0.9845607
sacrum,0.9538541
effluo,0.9740505
speculor,0.9669508
provoco,0.94884086
sacrifico,0.98167634
conscientia,0.9887502
peruenio,0.98899555
prostitutio,0.9519324
scidior,0.853232
uelum,0.9441005
sacrarium,0.9505015
nebula,0.9900608
adumbro,0.9391381
impietas,0.98536384
ueridicis,0.5721429
clarifico,0.9746487
maereo,0.98298013
laetifico,0.97639155
amens,0.9690385
fidio,0.9123548
stupor,0.98266494
abdico,0.96172905
solor,0.98156655
praeconium,0.9598423
dementia,0.9755041
obstinatio,0.9706308
aduentus,0.9870292
conuersus,0.84403825
contraho,0.9805054
abluo,0.9892792
competo,0.96267116
satisfacio,0.9837418
astutia,0.97911966
suado,0.8393241
duritia,0.9888239
daemonicus,0.9604262
diuortium,0.9582727
inspiratio,0.94060344
suborno,0.9375045
primordius,0.9698348
peruersitas,0.9663962
deliciae,0.98300815
esurio,0.98809814
saluator,0.96012294
innasco,0.781995
refeco,0.92561066
ultra,0.9741316
nonnumquam,0.9763315
contumacia,0.9679941
gestio,0.97886753
odium,0.9906718
praeterquam,0.9171004
solatium,0.9608895
fruo,0.88203305
interim,0.9787588
malignitas,0.9743057
sitis,0.985976
dilectio,0.98735297
saturo,0.9839711
flentus,0.8659168
caprigenus,0.67360765
saeta,0.9593475
placo,0.98835814
uitulus,0.99048096
macto,0.9857607
egestas,0.9759704
mica,0.9476878
tyrius,0.9832388
amicio,0.9782326
uesta,0.92195845
luus,0.81454384
foedo,0.9854796
gehenna,0.9849079
chaus,0.77433026
funestus,0.95771205
uultur,0.9465638
dolium,0.9750242
apprehendo,0.9787927
succido,0.98386633
oppugno,0.9757732
obsecro,0.98416543
dis,0.98563087
mendico,0.97861695
refrigerium,0.94895357
excido,0.9927546
horresco,0.98175
omen,0.98006207
leprosus,0.9849247
auare,0.91173947
lepra,0.97861624
debilis,0.990182
debilito,0.98542655
supereffluo,0.90976655
fosso,0.5505662
abstrudo,0.9626888
ergastulum,0.97906446
repugno,0.9795604
perseuero,0.9873331
retribuo,0.97924876
excors,0.9518617
supercilium,0.9849845
lusus,0.9593228
plaudo,0.9900538
egentum,0.8395786
auidus,0.9896122
alabastrum,0.9226606
flendus,0.965695
divinus,0.9874108
propitium,0.96676886
detergeo,0.93895423
protego,0.98017573
tristor,0.97539985
dignor,0.88023525
algeo,0.98479307
dissimulo,0.98556477
opitulor,0.8922533
philosophus,0.9855974
benivolus,0.910067
adnitor,0.94226265
parum,0.95989263
ambiguus,0.9875822
ianus,0.9572817
iratus,0.99009186
incorruptus,0.9806549
carnifex,0.9802388
uermis,0.9907551
participo,0.9645433
stemma,0.98502177
uesteo,0.81733274
abraham,0.9895583
digitum,0.9754075
eleazar,0.95841444
necessitas,0.9872172
obligatio,0.9897133
periclitor,0.9806721
exopto,0.96227956
posteritas,0.9770113
uirectum,0.95747423
particeps,0.9870039
totidem,0.9834136
abscedo,0.9883561
paulinum,0.8831489
augustior,0.94846874
siquidem,0.94058
timiditas,0.94884735
obseruo,0.97259575
olympus,0.9881235
antonius,0.96391916
displiceo,0.99018264
pango,0.97889936
fugiendus,0.9535234
iudaicus,0.98043144
eripio,0.99080837
transgredior,0.98712134
equester,0.97524023
paganus,0.9620019
sculpo,0.9691443
figuro,0.9856058
libitus,0.8442201
confringo,0.9687962
moneta,0.95439076
irascor,0.99459416
pulmo,0.9613153
quamue,0.77414906
emptor,0.98865294
quisquam,0.9907805
tractor,0.9542892
definio,0.98444104
physicus,0.94922197
dictum,0.9444869
inconditus,0.96397036
baculum,0.98786443
fictilis,0.9710276
abicio,0.98661023
rusticus,0.98950785
recubo,0.97591543
uergilius,0.9814278
dicendus,0.97944456
stupro,0.9588259
taurus,0.95543206
cygnus,0.9206216
turpe,0.8897147
nefandus,0.9904695
optimus,0.9752828
ianiculum,0.91790795
prudens,0.9798802
nummus,0.9897826
nomisma,0.9014781
sacrificium,0.9893843
precantus,0.83780205
iouus,0.98580515
abscindo,0.97644997
adulter,0.988928
semiuir,0.9373734
respectus,0.91163933
erga,0.9838333
deprehendo,0.98754746
dominium,0.97890437
scaena,0.929968
risus,0.9899515
recedo,0.98963714
perhibeo,0.9807106
suppositum,0.9051541
oblique,0.92938083
italius,0.9790586
latium,0.96717006
latio,0.9745175
quiris,0.9350046
genius,0.97593343
peiero,0.9251993
improuidus,0.87760115
cruentus,0.993314
spelaeum,0.933613
recondo,0.978809
supernum,0.8957601
sistrum,0.8718871
caninus,0.97629714
abscondo,0.99145275
pala,0.98598593
serapa,0.9155013
lacero,0.99032176
asellus,0.98052514
pessimus,0.9796591
beneficium,0.984119
perditus,0.9704114
inextinco,0.6210476
hyginus,0.9489242
custodio,0.9762331
martes,0.9880645
uestus,0.83678055
epula,0.9843341
diabolus,0.99589217
antea,0.9780583
suasor,0.905998
excubia,0.9786836
salutaris,0.97663087
detergo,0.9377924
ado,0.9793931
remex,0.9517554
chea,0.8119831
informis,0.979282
hiatus,0.9890778
distribuo,0.9885673
quattuor,0.9807815
nexueo,0.84347904
oceanus,0.99186844
emineo,0.9777974
inaccessus,0.9744648
eic,0.67933494
inferior,0.986827
una,0.95405173
quotiens,0.9909369
idolum,0.98810977
inuisibilis,0.9831643
natum,0.93496215
probus,0.973665
litigo,0.9714035
maliuolus,0.91569793
inflammo,0.97928053
liberalitas,0.9792732
priuilegium,0.97452694
repello,0.9849392
ro,0.9627247
uentura,0.86418366
indulgentia,0.98082507
concessus,0.9793078
delictum,0.98785836
merio,0.8711695
ample,0.9762204
reatus,0.9875528
moderatior,0.9669994
inquiro,0.9903326
castigo,0.9888339
imputo,0.97641957
uus,0.9768422
consularis,0.965846
mortalitas,0.97514164
aspectus,0.9869134
lumino,0.913013
culpo,0.983919
praecingo,0.98030376
diualis,0.7924428
chrisma,0.96937585
attonitus,0.9680917
plumbo,0.95418596
undecimus,0.98566324
mercennarius,0.97718644
mollis,0.9896849
alloquor,0.9893017
eluo,0.87827206
transmeo,0.9602325
supplico,0.96657145
torus,0.98246217
stupidus,0.9766989
circulus,0.98054457
conubium,0.9780023
exsanguis,0.9506865
porrengo,0.9265436
irreligiosus,0.88028514
debello,0.9750253
impetro,0.98839283
exterreo,0.9856678
secerno,0.9905964
demitto,0.987417
differo,0.9646322
ordior,0.9532771
crastinus,0.985463
fuleo,0.9820019
bracchium,0.98516244
constringo,0.98229533
percontor,0.95280814
quisnam,0.9871404
panton,0.8839421
commemoro,0.9577484
susfero,0.80700946
agnina,0.8939884
porta,0.9888484
gemmo,0.9915235
dextr,0.8594949
inuoco,0.9817116
viuus,0.9846426
impatiens,0.983637
genetrix,0.97983205
alloquium,0.971922
redhibo,0.8958854
breuitas,0.98101157
accumulo,0.9644846
deciens,0.97038674
tenax,0.97933453
praesentia,0.9753598
nata,0.9560422
augustinus,0.8410207
occurso,0.9443201
inlecebra,0.970839
vt,0.98592746
titubo,0.974588
peius,0.96655226
balteus,0.9724044
frego,0.8476764
quidni,0.9873266
reminiscor,0.9749104
capistrum,0.8292893
umerus,0.9842099
retento,0.9728612
tor,0.968792
supra,0.9832349
sereo,0.98407453
sublimen,0.8695688
dedigno,0.9448595
ancilla,0.9852594
eunuchus,0.9840026
chlamys,0.97660685
antisto,0.86084974
adsequor,0.95830715
remoror,0.9613634
uocito,0.97669923
curuus,0.98417914
saluto,0.98912454
imprecor,0.9448036
vnus,0.9484319
haud,0.9902017
recogito,0.97332263
quousque,0.9719548
obsum,0.9709799
co,0.9376837
abstraho,0.9692098
roro,0.9599552
uectigalia,0.9764148
alypius,0.8941769
praeceptor,0.9314083
contero,0.9784801
orator,0.9863907
carminus,0.9180121
scriptor,0.981633
multitudo,0.98892367
egomet,0.9822136
pagina,0.97868544
carissimus,0.9830202
uiue,0.92527556
creatura,0.9865419
monitor,0.95452034
prolixus,0.9811046
senatus,0.9792405
innocens,0.98863745
tus,0.9735476
as,0.9609703
arabicus,0.9575377
reprobus,0.9243051
bos,0.98549604
inquinamentum,0.936975
spurcus,0.9217329
uitiosissimus,0.6923713
praecordia,0.98990464
examino,0.98225236
ungula,0.9833579
insilio,0.97443134
extorqueo,0.98356104
martinus,0.9700639
exemplar,0.9820858
seuerus,0.70088017
marti,0.9581067
deuotio,0.96674347
marito,0.9815446
iustificatus,0.9720168
castissimus,0.97095126
trinum,0.85889816
lator,0.9249695
constituo,0.98492587
coniungo,0.9855571
crudus,0.9858694
congaudeo,0.96231234
alleluius,0.89929676
balo,0.90905976
exanimo,0.9710837
praeclare,0.9385301
aequipero,0.97399676
dominiue,0.8984539
paulni,0.80134505
proficio,0.98520404
unanimis,0.9486632
implicitus,0.9698222
martyrium,0.97907054
complures,0.95945394
aliquotiens,0.958076
sempronius,0.9653354
quintus,0.99124825
supprimo,0.9772715
portitor,0.9394442
adscendo,0.9391715
adspiro,0.9031178
uiuentus,0.7959912
unitas,0.98350394
redundantia,0.86711353
benignitas,0.98369426
persecutor,0.9827014
supersto,0.95402825
sonor,0.88475716
meo,0.98130417
euangelista,0.9149066
delao,0.9165735
hierosolyma,0.8932562
linus,0.8862734
pacifico,0.9441058
ingredior,0.9789837
corono,0.97988105
amoenus,0.98784214
christicola,0.9695837
sacrus,0.9357013
alm,0.8896152
triplex,0.9510215
floriferus,0.811596
fusus,0.9724153
pura,0.95810866
discidium,0.94662166
interlueo,0.8954334
ter,0.99283504
nominatim,0.9758429
introitus,0.95871997
ministerium,0.9833846
rite,0.98886293
florifer,0.824024
lesco,0.9364598
agna,0.96503776
haidus,0.9277052
circumsto,0.9768107
crustum,0.89440244
luca,0.9371841
protasis,0.7641597
arcula,0.8989388
robustissimus,0.97180915
quandoquidem,0.9092911
regnaio,0.9506897
fraudulentus,0.97235954
calliditas,0.976757
haereticus,0.985847
uigilantia,0.9645147
catholicus,0.9924123
symbolum,0.959242
lactens,0.9004382
reno,0.9513161
spiritualis,0.9729545
tractatio,0.9171686
cognitio,0.9844333
humilitas,0.98877037
charitas,0.96419793
firmitas,0.9661883
uenena,0.97387874
occulto,0.99245214
misericordia,0.97076356
illis,0.7866978
insidia,0.9889402
munitior,0.8172006
defensio,0.9833002
uniuersus,0.9739791
clausula,0.9422078
acerbitas,0.97128636
comminor,0.98302794
commeatus,0.9732648
persuadeo,0.9864377
traditio,0.9835111
conuinco,0.9571994
creavi,0.7790701
fabricavo,0.790606
pulchre,0.94753754
fabrico,0.98940027
consuetudo,0.9882933
adiuvo,0.98289263
fabricator,0.9582412
necesse,0.96741664
colum,0.8490484
nonnullus,0.9869132
coaeuus,0.9008071
quoquomodo,0.935304
formabilis,0.88914055
intersum,0.9739561
speciosissimus,0.9434429
incommutabilis,0.9817589
quapropter,0.9808522
capacitas,0.980966
diuturnitas,0.9597111
insinuo,0.9436226
uocabulum,0.9619898
liberator,0.94879687
idipdo,0.90214324
unigenitus,0.97990084
incommutabiliter,0.9699693
innotesco,0.9743558
quidquid,0.9890001
conuenienter,0.9359095
nomino,0.98986876
augustus,0.9892788
faciendus,0.98734826
subiaceo,0.98136353
seipse,0.9569886
diligenter,0.97121364
considero,0.9843729
appeto,0.9901245
molior,0.982936
notitia,0.98463917
gestus,0.97752553
machinamentum,0.94983864
fortiter,0.98761916
suauiter,0.9474648
diminutiuus,0.9019778
manichaeus,0.9727576
haeresis,0.9912032
natiuitas,0.97247005
quamobre,0.91065454
genitus,0.98181856
nequis,0.86957425
arbitratus,0.97721875
excludo,0.9891264
caeterus,0.98561704
ambiguitas,0.974198
praeficio,0.987789
pertineo,0.99452215
gusto,0.98589015
reparator,0.93982595
euacuo,0.9731808
primogenitus,0.9604733
primatus,0.9482196
adoptio,0.9820515
existens,0.8785016
naturaliter,0.9832716
illumino,0.98465663
p.,0.83166516
scipio,0.9926166
africanus,0.9757974
numantia,0.98278505
gerendus,0.9555845
iuramentum,0.9620041
temporalis,0.98870635
dispensatio,0.9353875
conditio,0.9639418
uarietas,0.9905662
aliunde,0.9831965
arbitror,0.98257744
moyss,0.9475026
subiungo,0.9662138
uelox,0.992959
adiuro,0.9691323
reparatio,0.9649124
mutabilis,0.9797521
salubriter,0.9684338
inhabito,0.9743904
insidio,0.9852501
munitus,0.96924156
susceptio,0.93077016
detestor,0.98532826
masculinus,0.9922676
femininus,0.983208
nascendus,0.98611116
uertendus,0.87300646
dilectissimus,0.96973497
humane,0.90059996
etcetera,0.9344835
coelus,0.9867781
cogitatio,0.9803623
muliebris,0.98767364
recusandus,0.9274246
sapienter,0.97227156
radius,0.983866
cloaca,0.96437544
fetor,0.9817204
horribilis,0.9736757
usquequaque,0.984627
contaminatio,0.92998505
femino,0.8471985
secretior,0.9621248
maculo,0.9872649
concupisco,0.99146247
macula,0.9862652
passio,0.99023324
sepultura,0.9825454
resurrectio,0.983851
humilio,0.9824058
etiamsi,0.9878944
ignominiosus,0.9809183
pontius,0.9436269
pilo,0.9819711
nasciturus,0.9587994
uirginalis,0.97939473
adaequo,0.9700414
conceptus,0.9733242
comparticeps,0.85971516
cohaerens,0.7898039
coelum,0.97655916
beatitudo,0.982564
promitto,0.99032354
ierusalem,0.98701954
gentilis,0.98392296
plerumque,0.9917413
argumentum,0.9829821
semino,0.97829497
animalis,0.9219706
uerdeo,0.95317006
subdio,0.92614925
coelestis,0.97252715
habitatio,0.96827817
fragilitas,0.98128474
puritas,0.91765094
stabilitas,0.97413015
derido,0.7994082
immutatio,0.9510532
deterior,0.98206353
dominicus,0.9779351
curiosus,0.97774464
tantummodo,0.9599556
sessio,0.9396418
dextera,0.97689784
ocurro,0.73431563
flexus,0.9653791
politus,0.8510827
putor,0.9167385
exsecror,0.9603971
incorruptibilis,0.9678867
similitudo,0.9871356
corruptibilis,0.9795119
nefarius,0.97979474
cupiditas,0.98810923
mundo,0.98350227
miseria,0.987944
cruciatus,0.9890518
positio,0.9419316
iudiciarius,0.94572616
claritas,0.98096734
indubitatus,0.9652066
iudicio,0.5561225
convenientus,0.72118825
appelo,0.77946854
resurrecio,0.94041216
apocalypsis,0.9628711
professio,0.9785502
deitas,0.9822071
sanctitas,0.9679262
dispensio,0.47971585
perficiendus,0.9230782
consubstantialis,0.90709835
interrogo,0.99324024
uter,0.97417676
interrogatio,0.9816203
uehementer,0.966805
factum,0.98061156
ineffabilis,0.9834142
diiudico,0.98305297
sublimissimus,0.8541796
admoneo,0.98706657
tergum,0.9840648
sigillatim,0.9516076
responsio,0.9868183
sane,0.96864474
transio,0.9462875
dissimilitudo,0.96871555
absurde,0.97201
diuersitas,0.95055455
transitus,0.9869816
corporalis,0.9851715
singillatim,0.9829592
absurdus,0.97889686
dissero,0.97484934
doctus,0.9786392
indifferenter,0.9725584
tracto,0.98420227
breuiter,0.987797
inaequalitas,0.9566994
false,0.92854905
administratio,0.9692459
humiliter,0.94512045
calumnior,0.9676607
disputo,0.98993385
tractator,0.9171417
nepos,0.9772147
communio,0.9876106
reconcilio,0.9749755
consummo,0.9873307
foras,0.9912559
abbas,0.9020091
revoco,0.94884276
confidentia,0.97689354
recte,0.9859007
consummatio,0.9625397
permano,0.8609537
sacio,0.8767806
assertor,0.9662945
regeneratio,0.9778352
tiberius,0.9515189
gracchus,0.98016703
pl,0.77365315
admonitio,0.97789884
necessarius,0.98856235
animadverteo,0.92922425
enumeratio,0.93946445
connexus,0.9212277
fere,0.9848695
connexio,0.9449171
attentior,0.9330867
mediator,0.97015667
copulatio,0.96102
contradico,0.98167646
colloco,0.9855751
tenendus,0.97379696
temere,0.9849181
affirmo,0.9595981
aenigma,0.9634191
conditor,0.9834094
imperatum,0.9442469
congregatio,0.96032804
societas,0.9832391
remissio,0.97704434
schismaticus,0.9348928
sentiendus,0.9226662
principalis,0.9728091
ingemisco,0.93029034
parturio,0.9861516
primitia,0.97534835
subiugo,0.9848132
refreno,0.9709524
opportunus,0.9653686
nouissimus,0.97541016
affectio,0.9769426
dubitatio,0.9660075
incorruptio,0.97474384
immortalitas,0.986066
identidem,0.8192663
apostato,0.94419414
incredibilis,0.9852652
attendo,0.95759535
uolucris,0.97962713
aetherea,0.8242916
possideo,0.98611724
ducendus,0.9511018
uicinitas,0.97168314
aethereus,0.97501713
celeriter,0.97886413
quamadmodum,0.444847
fumus,0.9902427
celeritas,0.9397497
assero,0.9728248
corruptio,0.96552616
absorbeo,0.9745316
aculeus,0.9638589
contentio,0.9854695
ceterum,0.9879947
subiugalis,0.8683929
uiuendus,0.9544437
titanus,0.9046635
monstrifer,0.77971065
ereo,0.8426115
lacesso,0.98450446
stridulum,0.91888386
pallesco,0.9674189
equus,0.9917748
arctus,0.9598286
trio,0.8816348
feruidus,0.9849427
hortor,0.9892706
saturnius,0.8915943
cybel,0.93165946
urgor,0.9181631
scythicus,0.97969365
conuallis,0.95294726
prometheus,0.95813394
atlo,0.96127975
glacies,0.9848242
asperrimus,0.97769487
rescindo,0.9526584
otus,0.48397896
habena,0.9924998
delphicus,0.85580766
laurus,0.98315465
eludo,0.9763223
reuincio,0.95575106
neptunus,0.98467284
phoebum,0.9696176
lacer,0.9441489
divello,0.6664069
diana,0.96737206
praenuntio,0.9779643
conuoco,0.9638079
stagnum,0.97520256
proserpina,0.9563716
silentum,0.90841657
lethaeus,0.88685
uolatus,0.98751944
spissus,0.9668933
caeruleus,0.97745925
secus,0.97375655
turma,0.98767346
grate,0.9702465
familia,0.9886148
infit,0.98009855
progenies,0.98384076
obnoxius,0.96879697
coniuro,0.9730086
interritus,0.87448883
funerum,0.9825139
nimbus,0.98997927
insula,0.9880727
ripa,0.97849053
praedur,0.8516309
conitor,0.920419
glacialis,0.9809579
athus,0.6775391
rhoodopen,0.62301946
reuello,0.9835603
giganteus,0.8846923
subsido,0.9631913
mavors,0.90057147
segnis,0.98381954
gelonus,0.88771725
geo,0.9003559
ardesco,0.9781871
galea,0.9678439
arrigo,0.9287474
turpissimus,0.9743321
perniciosus,0.9879277
concieo,0.9767825
ensis,0.9888434
pelor,0.8388121
femur,0.96313274
conecto,0.95986277
ile,0.94362473
terni,0.96980643
langueo,0.98485315
lemnus,0.7035092
calo,0.95082897
lo,0.8047534
vulcanus,0.9319136
spumo,0.98900974
terebro,0.9221636
cerebrum,0.98627293
stridor,0.98954594
ferox,0.9928655
contentus,0.98801625
nodus,0.98358715
letifer,0.9610237
duresco,0.9749393
serpo,0.97297686
torpor,0.96826786
pestis,0.9910898
iaculum,0.9574859
inscius,0.98099697
licesco,0.9311485
audacia,0.989993
quaterni,0.9765814
inexorabilis,0.93836397
offensus,0.9801477
atrox,0.98658156
pallada,0.63387215
delon,0.9008176
aegaeus,0.9606752
exilio,0.97809136
longaeuus,0.9667308
thetum,0.9545251
nympha,0.90586776
phoebus,0.9661025
sagitta,0.98711514
latona,0.79642206
conterreo,0.9794539
delus,0.82264566
gratissimus,0.974878
conuello,0.95177865
taliter,0.96319103
perfectissimus,0.9504393
amarc,0.8675631
obedientia,0.96768683
pacificus,0.95620316
injuriosus,0.88774
susurro,0.97869194
irrisor,0.83887506
uosus,0.9337826
praesumpteolo,0.8569897
milito,0.9857292
blasphemia,0.987471
obedio,0.9436984
uigilia,0.97471887
hilar,0.971766
exalto,0.97743356
murmuro,0.9883246
usurpo,0.9818737
magnifico,0.9659015
contristo,0.98782295
familiaritas,0.98023224
saecularis,0.97446966
delectatio,0.9726212
cellula,0.985545
praeposio,0.97995734
monasterium,0.97947794
similiter,0.9839945
odi,0.9926309
laboriosus,0.9760636
ecclesiasticus,0.98173773
uii,0.9552868
dormito,0.9504584
matutinus,0.9756454
meditatio,0.97625077
extito,0.93911684
praetermitto,0.9885642
murmuratio,0.96495044
philippensis,0.80178905
contentiosus,0.93732667
tandiu,0.92083836
abstineo,0.98801106
quamdiu,0.9890895
poeniteo,0.9519272
emendo,0.9820739
usquam,0.9857989
recido,0.97421104
oratorius,0.92876786
js,0.9691316
consenso,0.9522225
culpabilis,0.9713172
infaustus,0.9876901
maledicio,0.6893986
nuncupo,0.9663963
grauo,0.99008566
occupo,0.9900481
silentium,0.9850266
increpo,0.9869946
jacob,0.74264205
iv,0.9691442
matthaeus,0.9239143
ethnicus,0.9797573
publicanus,0.96350515
solemnis,0.95656407
hospitalitas,0.9656202
xii,0.89716613
fideliter,0.9733767
iniurius,0.9202931
seduco,0.9796594
proximior,0.9680798
uositas,0.94044137
apte,0.9621066
uidelicet,0.79793215
uicatim,0.9174042
catervatim,0.97096294
cursito,0.9528184
impudentia,0.9565651
erogo,0.9795138
scandalum,0.9782777
transieo,0.9429984
ejus,0.9621862
turpiter,0.98099846
distringo,0.930532
postulavi,0.90425
persevero,0.9819622
nequitia,0.9820511
casula,0.9410894
praepositio,0.9846178
computo,0.97611403
u,0.9367694
splendidus,0.97898173
feria,0.9856379
juda,0.9102571
artificium,0.9727177
qujus,0.974388
utilitas,0.98871654
epistola,0.9906621
emitto,0.9652641
concupiscentia,0.97597015
haeco,0.95204425
inoobedientia,0.889061
gulosus,0.9189488
conuiuium,0.99253076
scruto,0.986587
sapientum,0.9160397
formidolosus,0.96145123
abstinentia,0.97729605
marcesco,0.9687038
elucesco,0.90222514
saturitas,0.9547737
misereo,0.98166776
lassitudo,0.964687
consentio,0.9863725
ascensor,0.9544174
deiicio,0.89602524
lampada,0.89092124
reaccendo,0.8834157
confabulatio,0.9724008
truculentus,0.9764768
infigo,0.98135406
uenenum,0.99053967
nequus,0.9648423
occasio,0.98059356
appropinquo,0.97510827
novellus,0.9233339
pulchritudo,0.9873605
peior,0.9659301
submergo,0.97738683
palea,0.98509437
athleta,0.97187
insuperabilis,0.95218694
cursor,0.95763355
uelociter,0.97254384
brauium,0.9612304
uocatio,0.95178944
negligo,0.96082807
thesaurizo,0.97988534
ultio,0.9849053
gloriatio,0.92174405
tribulatio,0.9775194
monach,0.95995736
longanimitas,0.95072496
mansuetudo,0.9625877
multiloquium,0.9679784
consono,0.897974
lampas,0.9895908
pervigilis,0.9405614
tinea,0.9871086
extermino,0.9746951
distractio,0.9188891
colloquium,0.984215
quotidianus,0.9755404
lucror,0.9875309
uicio,0.9628562
mercenarius,0.93918395
xx,0.96004
laureus,0.97978926
postis,0.9836563
obumbro,0.9883862
infringo,0.9437237
parthus,0.99273556
eques,0.98745847
imperiosus,0.9563581
ignea,0.7221874
leda,0.88726825
castor,0.92003024
achillus,0.96079576
reverdo,0.6964918
cynthia,0.98297715
apollinis,0.8987921
lydium,0.80577594
inpiger,0.7747302
ilex,0.92249286
cornipes,0.9855641
instabilis,0.97398436
sirius,0.9259981
calor,0.983968
furtiuus,0.9853202
scythus,0.9199718
furentus,0.7877241
niualis,0.95629334
caucasum,0.88567036
amazonas,0.81126857
inmemor,0.97358644
languida,0.97618544
seminudus,0.8296289
cingulum,0.9637616
herculus,0.98362815
nuptialis,0.9794065
solemnitas,0.94507563
lupanar,0.96936065
ligur,0.9853834
uenetus,0.95049524
rosetum,0.95910305
alpinus,0.9070264
strepo,0.9722588
flexuosus,0.87319475
mincius,0.6529062
padus,0.95908344
hibero,0.7531895
caesareus,0.97042227
flumineus,0.91456664
tagus,0.96330935
procreo,0.97201985
oreo,0.96013343
quaeque,0.9776623
coris,0.91237426
sonorus,0.9161508
zephyrus,0.9919475
solitas,0.9509126
modestia,0.985078
uerecundia,0.9852093
taeda,0.9653812
gener,0.9752828
pridem,0.9655658
socer,0.9849309
rabies,0.9918406
stilicus,0.87511563
idalis,0.7972413
hesperus,0.95937175
flammeum,0.98075414
unguis,0.98804224
collis,0.9886215
tiber,0.86767614
schola,0.9681927
hyblaeus,0.9092287
rosa,0.9874292
mellum,0.97803783
aps,0.97821283
difficilis,0.98980457
iurgium,0.990329
decio,0.5473498
sarmatus,0.9700542
frondeo,0.9598607
hedera,0.96554726
aesculus,0.9392121
lento,0.98396283
murmur,0.9893334
blande,0.9635473
adsiduus,0.9742855
alternus,0.98842335
anhelitus,0.97342384
caleo,0.9739171
fulgidus,0.9722454
nobilito,0.972618
madidus,0.98573405
iocus,0.98684585
tetricus,0.94455826
specular,0.88548
insculpo,0.8238394
appareo,0.98845065
congiarium,0.91856074
diuidundus,0.98039025
acclamo,0.95481825
insono,0.9761376
formosus,0.9712129
honorius,0.7891231
laudabilis,0.9749937
ualde,0.9756061
circumfero,0.97724336
delecto,0.9902371
inquietus,0.97824395
invoco,0.96707904
enuntio,0.96957463
humanitas,0.9723544
praedicator,0.9483944
itanus,0.9572587
continendus,0.92910933
dissipo,0.9878419
hosticus,0.9168335
nitulum,0.90490234
potentissimus,0.9742244
iustissimus,0.98920494
secreter,0.76036406
incomprehensibilis,0.9674658
inmutabilis,0.91241884
zelo,0.93269676
usura,0.98446465
cato,0.95216656
inscribo,0.944345
tiberium,0.96209484
uadimonium,0.9576711
obuoluo,0.91219676
nigrus,0.9793255
uae,0.9864707
loquax,0.98236096
adquiesco,0.9776236
oblivisco,0.7781152
misereor,0.99046755
miseratio,0.9780493
adprehendo,0.97479874
ruinosus,0.9236865
parce,0.9810072
proloquor,0.96055496
inpietas,0.7353369
contendo,0.98362905
inrideo,0.963972
consolatio,0.9697825
institutio,0.9844971
parthenius,0.85936606
audacior,0.94308054
animadverto,0.9442616
postmodum,0.9821682
sugo,0.9631053
offensio,0.98238975
paulatim,0.9910674
obtempero,0.98121065
intellectus,0.9687202
indignor,0.98943675
nutritor,0.9139885
inrationalis,0.93649256
supplicum,0.82405007
misericors,0.9792962
nonnihil,0.95258987
praegnans,0.97988474
alicubi,0.9433521
irrideo,0.9751704
conicio,0.9632423
muliercula,0.96988857
sensum,0.9449489
artifex,0.98954964
hodiernus,0.96500665
utcumque,0.9729619
hesternus,0.96416295
inueniendus,0.87288195
scelestus,0.9773214
plausor,0.77528155
cottidie,0.9886663
uindemia,0.9291962
parricida,0.9762816
recentissimus,0.90444326
praestruo,0.96179545
clarissimus,0.94224125
nebulo,0.91604745
superbissimus,0.8173384
edisco,0.96729636
sollemnitas,0.9418857
inauguro,0.8889805
tantillus,0.8884084
derideo,0.97986597
reprehendo,0.9910291
extirpo,0.9776884
eicio,0.9721302
proico,0.95353734
dependo,0.9665628
astrologus,0.96522087
haruspex,0.93243074
auguro,0.9528223
consulto,0.9793118
desertor,0.9626896
adhibeo,0.9910552
acriter,0.9839622
liberi,0.98315585
praeterea,0.9748728
prudentior,0.95240146
oboedio,0.9854094
imbecillitas,0.9815307
infantilis,0.9213122
parvulus,0.979754
pallidus,0.9869292
conlactaneus,0.61461294
expio,0.9801407
remedium,0.98075926
egentus,0.8875325
accessus,0.977608
compingo,0.9402073
uniuersitas,0.9744506
incolumitas,0.9446925
conatus,0.9752001
formose,0.90996933
coniicio,0.8816413
coniectura,0.9324043
adnumero,0.95541763
perscrutor,0.9605471
adtineo,0.8708995
obliuio,0.9869153
pueritia,0.9850607
gemitus,0.98914367
anim,0.64488024
petendus,0.97177196
reiciendus,0.624733
crebro,0.98232824
edomo,0.9123916
maius,0.96752876
ludificatio,0.76982814
excello,0.983775
linguosus,0.9715813
falso,0.97954696
discendus,0.96099627
uapulo,0.93604684
aerumnosus,0.95030606
subuenio,0.97932225
refugium,0.9525322
inuocatio,0.9573226
sollicitudo,0.98270917
insipientia,0.9595104
praegrandis,0.9279914
estne,0.9631293
stoliditas,0.90861416
granditer,0.90334487
eculeus,0.95922726
huiuscemodi,0.97535384
diligens,0.9585889
acerbe,0.94371414
affligo,0.9855256
cogitandus,0.92459226
nugae,0.9579887
adprobo,0.9751258
pilum,0.9825938
quominus,0.94373393
quaestiuncula,0.861761
bilis,0.9072736
ordinator,0.95762146
inoboedio,0.9495777
scalpo,0.9413722
fabella,0.83329076
prurio,0.922109
ardenter,0.9525973
edendus,0.9727792
misericorditer,0.9787438
pressus,0.91229403
stomachus,0.98859644
baptismum,0.98104465
conturbo,0.971358
initio,0.9805278
mundatio,0.8636696
satago,0.9259255
baptizo,0.97768736
lora,0.9744016
uulnero,0.99159706
diligentia,0.96652544
tutela,0.96259797
inpendio,0.45458466
temptatio,0.9840558
conmitto,0.9468527
adulescentia,0.96818846
satiandus,0.82707113
insatiabilis,0.9394527
inopia,0.9889109
ignominiosa,0.9121264
hostilitas,0.8988266
uelamentum,0.9326368
inordinatus,0.96241295
puerulus,0.96527237
exploro,0.9773003
onerosus,0.9826619
uanitas,0.98597336
reuerto,0.98076385
certior,0.95223296
aenea,0.9160875
miserrimus,0.97374123
miserior,0.93847984
didonus,0.8288907
fornicor,0.9453348
eug,0.95617867
eux,0.95356697
fornicatio,0.978922
eugis,0.84710383
iens,0.9911365
honestior,0.9466562
prorsus,0.97702694
aeneus,0.9825121
grammatica,0.9128833
secreto,0.9407253
reprehensio,0.98032045
uenditor,0.9853054
indoctior,0.6952609
doctior,0.9109704
incommodo,0.8444573
poeticus,0.9787637
figmentum,0.98547125
utilior,0.9617473
odiosus,0.9819076
cantio,0.9260896
troius,0.9231771
creusa,0.92037284
cantor,0.9553144
homerus,0.9596083
peritus,0.98605305
dulce,0.94078046
exceptio,0.98586667
administro,0.9902222
capto,0.9918116
exactor,0.97698617
remunerator,0.88106704
indifferens,0.8765552
difficultas,0.9707092
fel,0.98528606
suauitas,0.98003274
fabulosus,0.9688003
narratio,0.97945106
blandimentum,0.97615695
ioco,0.92355806
arrideo,0.9643235
alludo,0.9288558
pariendus,0.87560594
meticulosus,0.9312543
ferula,0.9305073
amaritudo,0.98548156
iucunditas,0.97408247
deprecatio,0.9317041
confitendus,0.9440005
dulcesco,0.83634686
seductio,0.9432113
ualidissimus,0.97744215
amplexor,0.98544115
sicco,0.982743
adultero,0.98545575
flagitiosus,0.9611693
flagitium,0.9860035
tartareus,0.98019105
salarium,0.8527728
adquiro,0.9841674
eloquentia,0.98654747
explicandus,0.92321223
terenter,0.95605403
adulescens,0.9720156
stuprum,0.9894585
magisterium,0.9725152
homuncio,0.8468641
turpitudo,0.9834883
commodior,0.97481906
confidenter,0.969249
perpetro,0.984756
doctor,0.9742104
deliramentum,0.94240713
attero,0.9611378
averto,0.9690904
congruenter,0.90551287
adclamo,0.9753088
coaetaneus,0.9187174
uolatilis,0.9786472
transgressor,0.9812985
barbarismus,0.9362508
longanimis,0.92594546
uerax,0.9884864
numquid,0.9853916
inmanus,0.9325407
auolo,0.9307302
poples,0.97931457
prodigo,0.923715
prŏficiscens,0.97496426
libidinosus,0.9237672
patienter,0.9791517
syllaba,0.97740936
adspiratio,0.93984807
odo,0.7327719
perniciosior,0.91924953
persequor,0.9873469
inimico,0.9533628
scientia,0.98742723
infatigabilis,0.93652195
inlicitus,0.972783
quaerito,0.8956288
insector,0.9544655
uigilanter,0.9365043
cauo,0.9753117
palaestra,0.95640874
uorago,0.97904867
foede,0.9116209
innumerabilis,0.98092514
paedagogus,0.91870236
nugatorius,0.8152988
inquietudo,0.9486528
furtum,0.982676
cellarium,0.9587734
excellentia,0.95091146
aucupor,0.889893
atrociter,0.9740068
inmortalitas,0.96742624
postumus,0.9743763
somnio,0.9872408
febris,0.9728222
emendator,0.7712704
passer,0.97119695
mancipium,0.9806589
excellentissimus,0.9545622
integritas,0.9911413
locutio,0.9764147
mulceo,0.9823494
abiectio,0.944466
ignorantia,0.9873359
recognosco,0.9787819
inruo,0.96270573
confusio,0.9822964
catechizo,0.8857818
diaconus,0.9371676
primitus,0.978214
angustia,0.984295
idipsus,0.638643
intimo,0.9609426
exordior,0.9480845
exhortatio,0.97476304
termino,0.9574534
conquestus,0.96333385
tepidus,0.9693755
nedus,0.8115105
occupatio,0.9702598
familiariter,0.9832337
uniuersaliter,0.7306236
largitas,0.9594389
pecunia,0.9924736
dispensator,0.95378095
conseruus,0.95801604
expedite,0.96298325
impigre,0.9469274
studiosus,0.9838431
consideratio,0.9622034
fastidiosus,0.9323286
desaeuio,0.9572709
intelligo,0.93805254
coruscatio,0.92917156
imprimo,0.9767519
perduro,0.957283
hebraeus,0.94883174
latine,0.95397407
excandesco,0.9352105
intellegentia,0.92315423
impressio,0.93855166
intentio,0.9760986
insumo,0.81589925
taedium,0.9848579
inuado,0.9907751
displico,0.9792828
infructuosus,0.9854065
incursus,0.9765876
uilesco,0.95489776
usitatus,0.9541135
afficio,0.9860625
acceptior,0.9269775
breuior,0.9643009
longior,0.982829
suavus,0.8330843
promtus,0.7885416
hilaritas,0.95780694
cohortandus,0.85917634
suggesso,0.8438036
furia,0.98447466
asylum,0.9467282
auello,0.9679837
disseco,0.9505369
pentateuchus,0.93215775
esdra,0.948969
memoriter,0.9379611
summatim,0.98370194
generatim,0.71971804
mirabilus,0.60014707
suauior,0.9085771
articulus,0.95583904
inuolucrum,0.9001607
abripio,0.96731865
aliquantus,0.981097
immoror,0.9719589
resolvo,0.917365
submissio,0.8065367
docendus,0.969516
mouendus,0.9296531
adspectus,0.91114104
praesigno,0.88351905
annumero,0.88808423
demos,0.97902274
apparo,0.9212606
nasciio,0.9194181
superbis,0.8759767
supplanto,0.9442626
propheto,0.98307765
conscribo,0.9832477
carnaliter,0.98390865
benedictio,0.95199215
reto,0.8262691
obligo,0.90512323
ereco,0.93661153
praemisirio,0.5159633
praecurro,0.9816178
denoto,0.9602426
pauculus,0.89002043
facula,0.9152582
dispungo,0.8421692
plenitudo,0.98025775
redamo,0.91030794
inuitatio,0.89376205
praevenio,0.93596554
impendeo,0.96481955
rependo,0.98002297
uicissis,0.96846586
senso,0.9501382
caussa,0.6738104
frigidior,0.94697744
frigesco,0.8896409
exardesco,0.952951
indigentia,0.9589209
siccitas,0.9820562
beneficentia,0.8887596
ineffabiliter,0.9583058
commoueo,0.98248494
nequaquam,0.96519595
beatifico,0.96546084
inardesco,0.9702901
peregrinor,0.98328334
diligendus,0.9742929
occultatio,0.9305968
manifestatio,0.9597614
intelligens,0.966088
pulsor,0.8790564
superbe,0.9829183
spiritaliter,0.98645186
divina,0.89165926
indicium,0.986877
audiendus,0.985556
seueritas,0.98341376
saluberrimus,0.93500346
aedificandus,0.963948
exsertus,0.6546099
rarissimus,0.9614004
immo,0.97741115
commodum,0.9472289
exspectandus,0.9236219
incommodum,0.98725057
deuito,0.9693024
inimicitia,0.97456014
reformido,0.95921516
depereo,0.9713684
actio,0.9888774
praemoneo,0.96125686
suscipiendus,0.96677625
refello,0.9650935
approbo,0.9755539
falsum,0.95078933
lenior,0.9621375
ignar,0.92638636
verus,0.6646491
demonstrandus,0.95910895
laudandus,0.9729465
grauiter,0.9828572
simulatio,0.97765553
nimirum,0.96385515
maurus,0.9832776
marcomanna,0.9003769
quantaecus,0.5663139
diuinitus,0.9741223
admoniio,0.8787656
solidior,0.9524201
praerogo,0.8384951
incorporo,0.940182
reuelatio,0.9631727
securius,0.94307685
excogito,0.98250717
sagina,0.95999444
cautior,0.97768664
redditio,0.91766036
difficilior,0.9602994
excurro,0.9768124
adhibio,0.79386264
ornamentum,0.98732096
immoderatio,0.71014315
perturbo,0.982013
modulus,0.97248983
irrisio,0.89935696
tractao,0.94988513
detestatio,0.94257575
tentatio,0.96463895
prauus,0.98729193
quaestio,0.96822524
perverdo,0.96108973
corporaliter,0.95843494
decenter,0.967275
conuersatio,0.97288173
ebriosus,0.9787346
fraudator,0.8751235
aleator,0.81972617
fornicator,0.9633923
mathematicus,0.946644
impuniio,0.8102832
municipium,0.9298463
conciliabulum,0.90183437
decuria,0.87849796
praestituo,0.9714122
tolerao,0.83928704
edoco,0.8174509
uerissimus,0.9756923
monendus,0.86392885
iustifico,0.986827
alacriter,0.95935047
eloquor,0.9778568
liberalis,0.98562264
difficillimus,0.97132254
participatio,0.88940835
communico,0.97053534
inculco,0.95205855
modeste,0.97206944
perstringo,0.9779986
cursum,0.96983707
enumero,0.9760363
indoctus,0.98442775
inutiliter,0.9634465
canonicus,0.90835315
collaudo,0.9606804
sollertissimus,0.87238854
admirandus,0.9846262
aptus,0.98186946
infirmior,0.9711471
familiarior,0.95731527
trucido,0.98570454
memorabilis,0.984908
conscriptus,0.9646295
improbo,0.970173
uniuersalis,0.8806227
doctissimus,0.9824033
scriptio,0.8606373
emigro,0.92034996
posterus,0.9328158
opusculum,0.97440404
aberro,0.9263338
accipiendus,0.95955354
animositas,0.9262192
acerrimus,0.98100793
peruicax,0.5671699
arrogantia,0.9641173
concido,0.9692586
idiota,0.96117806
collatio,0.9671837
praesumtio,0.7879146
percurro,0.98582876
referendus,0.9654531
usitatissimus,0.80460405
exercito,0.9668872
illitteratus,0.9567442
doco,0.9728841
integumentum,0.89388955
inuoluo,0.98567104
euoluo,0.91018647
aperiendus,0.93345666
decutio,0.81678915
fastidium,0.9819571
experientia,0.94786286
enodatio,0.63403535
allegoria,0.9783933
discordo,0.9843683
dimico,0.9926156
corrigendus,0.9447739
amen,0.9382683
tolerandus,0.9606513
forensis,0.97315943
dictio,0.97815955
tardior,0.9328298
aliquanto,0.9654427
adiuuo,0.97904557
explicor,0.8689428
exsoluo,0.97393966
indebitus,0.96215844
um,0.9383168
amissio,0.9785935
destitutio,0.91287285
puno,0.87192374
mensura,0.9838086
conqueror,0.978279
abiectus,0.94914126
instruco,0.9557819
auoco,0.939178
disparo,0.9355857
strepitus,0.98692334
iucundus,0.984037
repentinus,0.9907661
coapto,0.9557539
utiliter,0.96125627
notissimus,0.97792214
provectus,0.9174377
ineuitabilis,0.96742904
instantia,0.9384762
ariditas,0.9773564
maestitia,0.90040493
exubero,0.9821248
exuro,0.9884381
serenitas,0.93939096
quaerendus,0.9756726
contractio,0.9018403
feruor,0.98585117
iucundo,0.92690986
hilaris,0.97210574
tarditas,0.9787313
perplexus,0.9766452
celerrimus,0.8180733
imbibo,0.6032707
dissimiliter,0.91824484
tacio,0.93688476
expauesco,0.9879917
remaneo,0.99150884
quantumuis,0.9400644
uiuacitas,0.94516945
aequalitas,0.9809158
exinanio,0.93591106
c,0.86660576
imitator,0.960814
inclino,0.9824336
decurto,0.7919004
mutilo,0.96233517
immurmuro,0.9496646
devoro,0.9568641
grandior,0.91099477
paucior,0.98605704
to,0.86389446
sincerus,0.98041457
officiosior,0.8393864
infimus,0.9839962
robuste,0.513937
integre,0.9620862
placiditas,0.8592903
opportunitas,0.9673385
sensis,0.9530681
uesanus,0.97089493
detractor,0.95288014
odibilis,0.9804313
poenitentia,0.970329
detestabilior,0.7832701
imitatio,0.9822364
dilatio,0.9788019
resileo,0.73803395
recusavo,0.9522148
consolor,0.9767107
fixus,0.8024767
babylonium,0.9179604
peritur,0.84105444
signaculum,0.9798542
perpessio,0.7026316
molestia,0.9658695
iaculor,0.9363214
lectio,0.98530185
auditio,0.9348974
pigritia,0.93685323
alacrior,0.91172725
iucundior,0.9389236
hilariter,0.90537345
congruentia,0.9490446
compatior,0.9568252
ualetudo,0.9741948
uidendus,0.97859824
contemplo,0.9516859
institutor,0.9390055
adtollo,0.9550332
praedicatio,0.9699255
beneficus,0.89491385
errandus,0.94699925
alacrus,0.92362845
retexo,0.97271454
misero,0.9912995
deduco,0.9900893
terminus,0.9466686
approbatio,0.8190925
tento,0.9691999
declaratio,0.8816365
dandus,0.9853425
libere,0.96648353
fortassis,0.8582913
peruulgo,0.86997414
planior,0.9445533
complico,0.92942494
suffero,0.9729614
terribiliter,0.91485494
standus,0.95963895
oscito,0.7812108
labium,0.9831802
exinde,0.97455615
renovo,0.96748877
pungo,0.9578271
euigilo,0.97460496
asperitas,0.98929775
transmarinus,0.95621145
sedile,0.97726214
deuincio,0.9615823
inevitabiliter,0.9291978
rusticanus,0.95737684
magnopere,0.97905505
assisto,0.97241133
consessus,0.9230454
periculose,0.9634092
animaduerto,0.9792562
irruens,0.96415985
avoco,0.83646077
hilor,0.91704124
inopinatus,0.97335887
extraordinarius,0.94359106
accelero,0.9436574
emissio,0.9022262
excepto,0.97092324
opportunis,0.8039566
intermitto,0.96516347
compensatio,0.96769476
expedio,0.972036
tenuissimus,0.95128036
comprehendo,0.9676312
captus,0.97426355
aequior,0.96584404
resolutio,0.9514499
abstergo,0.8569559
proinde,0.96752346
factio,0.9545478
proselytus,0.96815133
uersor,0.9861162
retardo,0.9747139
quatenus,0.91003406
ardentus,0.9637223
pigrus,0.9565114
uehementior,0.9701475
securior,0.94414335
frigidis,0.826535
lente,0.9534056
fructificatio,0.6448742
contribulo,0.95321536
eleemosyna,0.88641286
exstinguo,0.98110014
foenum,0.9446009
exarso,0.95861006
infeliciter,0.9650365
oblo,0.9804491
minaciter,0.9043002
nummularius,0.96020293
depulsus,0.97502804
prorumpo,0.97311103
antiquitus,0.97710985
delo,0.95647657
iulia,0.95755535
septimus,0.97264004
prohibendus,0.93347806
curia,0.9620246
contio,0.9703124
inquieto,0.96655446
quaestus,0.98472834
uenalis,0.979562
uiolentia,0.9642238
dictao,0.75042
adtendo,0.96821815
adtestans,0.6402544
communiter,0.980352
priuatim,0.96473986
consedo,0.95237464
sermocinatio,0.96635413
indoceo,0.9450802
urbanus,0.9799743
locuio,0.8891836
eruditus,0.9594188
constitutum,0.977286
uulgo,0.94468415
progredior,0.98587155
adhibendus,0.982242
infirmo,0.98283666
contremisco,0.9165218
laudabiliter,0.9246805
quamobris,0.95709115
obseruatio,0.9810569
dicto,0.98247105
carthagi,0.9891807
securitas,0.9863257
cupidior,0.8896936
dilector,0.7896696
senesco,0.9902251
typhus,0.849564
inanio,0.8516522
aresco,0.9897671
felicitas,0.9870158
publica,0.979192
popina,0.7200475
theatrum,0.9745836
nugacitas,0.77959585
paupertas,0.982376
effringo,0.9687276
latrocinium,0.9757296
incito,0.9763468
insanus,0.9812473
collusor,0.54571396
fustis,0.9740953
scenicus,0.8373105
auriga,0.96790576
uenator,0.98773694
spectator,0.93036413
sanitas,0.9854828
qualiacum,0.90219223
quantumlibet,0.874701
iactantia,0.97604305
immunditia,0.953128
therma,0.96522564
febricula,0.70639527
saucius,0.97817117
amarissimus,0.9590832
dulcior,0.9755915
delicia,0.9913587
renuntio,0.9850408
blandior,0.97937477
frumentum,0.98893267
felicior,0.97056264
uidio,0.9450023
scelero,0.9723002
cautus,0.98673856
abundantia,0.97519183
temperans,0.9376581
patiens,0.97073686
exhorresco,0.71787906
initium,0.99213594
momentum,0.9901644
mundissimus,0.9319027
insania,0.97804916
circus,0.97658926
impudicitia,0.9635782
atrocitas,0.97368526
arena,0.97834474
xystus,0.92947924
contamino,0.96343374
ineo,0.9850217
praefiguror,0.8645096
frutex,0.97390366
omnipotentia,0.930043
intelligentia,0.914722
adiutorium,0.974899
praescio,0.97876847
effector,0.8879798
inexcusabilis,0.9829055
epicureus,0.9285378
aequitas,0.9829297
vivo,0.88369536
praenosco,0.96755195
adiuvao,0.8756449
ingenuus,0.9822397
satelles,0.98296356
superbio,0.9679287
deseruio,0.9705825
uincendus,0.93080825
comparatio,0.96789587
aceruus,0.97725534
turpo,0.9564766
adtraho,0.9487262
oblecto,0.98124313
im,0.5573796
subiectio,0.96312684
profunditas,0.9736557
misericordus,0.55863047
paenitentia,0.9742608
correctio,0.97963023
diluvius,0.95077133
uerumtamen,0.9863868
niniue,0.8776444
paenito,0.8709018
informo,0.95962906
tolerabiliter,0.9567747
diluuium,0.9852053
submersio,0.94987345
servo,0.9559305
liberatio,0.98296547
repullulo,0.92380935
euidenter,0.9641969
prophetia,0.9883156
coercitio,0.964132
compactus,0.96900845
defero,0.9934146
durissimus,0.9791565
grauissimus,0.97096634
rubrus,0.98959386
extinco,0.955343
inundatio,0.974641
apertior,0.9682903
manduco,0.9874054
declaro,0.98162997
diuisio,0.94913197
praecisio,0.678849
lapideus,0.97339463
onero,0.9786764
promissio,0.9801347
temporaliter,0.89745736
famosissimus,0.938868
interpretor,0.97161466
praefiguratio,0.88476026
aliquot,0.97081363
typus,0.95976573
praestans,0.95631504
natus,0.97548527
captiuo,0.9483968
babylonia,0.9503131
ieremias,0.96528
exsisto,0.97993535
uinea,0.97764254
septuaginta,0.9822565
uectigal,0.97982496
constitutio,0.949031
dedignor,0.9644797
aequanimiter,0.95600545
aequaliter,0.96227574
precatio,0.9267528
praefinio,0.95960176
adoratio,0.89658076
interpellatio,0.752304
agricultura,0.9606463
aedificatio,0.9741949
praefiguro,0.95526415
restitutio,0.9630908
vico,0.98288924
tributarius,0.97788453
completus,0.9681203
pressura,0.9776101
calamitas,0.9886165
perpedior,0.95032704
noe,0.9862028
articulum,0.93060243
transmigro,0.9650988
transmigratio,0.9610472
mutatio,0.9721768
hereditas,0.96137494
contemdo,0.8564397
infelicitas,0.9730593
desponso,0.9719596
bethleem,0.96516716
iudaea,0.9614163
uilla,0.96488583
obmutesco,0.96322507
conuicior,0.9528441
surdus,0.98588324
flagello,0.9873599
flagellum,0.9778939
conversao,0.93038046
quinquaginta,0.979481
decem,0.99208194
decalogus,0.9470939
quinquagesimus,0.9842572
uehemens,0.98203987
divido,0.94029677
irritas,0.90734184
paenitendus,0.89163643
mortaliter,0.5449378
desiderandus,0.5788902
praemono,0.86512035
concorditer,0.9490846
persecutio,0.98626775
dispersio,0.96055293
perpetior,0.98700887
oblatio,0.97488016
stipendiarius,0.9399822
prouincialis,0.973524
angulo,0.9839859
incredulus,0.9719501
uenerandum,0.78617334
sarmentum,0.9513468
aduersitas,0.9213557
nihilominus,0.96341825
inculcatio,0.8148006
segrego,0.9860997
seductorius,0.8483327
irrido,0.860988
inuisibiliter,0.92372024
quantitas,0.9797431
dumtaxat,0.9757547
commutatio,0.96748966
tortor,0.9836722
torto,0.6036653
desidiosus,0.8464141
castigatio,0.9740475
censura,0.9607215
satietas,0.97719735
purissimus,0.96586394
ardentissimus,0.91810405
subrepo,0.9382696
patio,0.95081055
elector,0.94478446
praeiudicium,0.9613978
deliqeo,0.61700106
communicatio,0.95342034
conuentus,0.98451793
commercium,0.9739311
alligo,0.9810387
seuerissimus,0.93584937
praeuaricator,0.96912265
adipio,0.9584602
histrio,0.9361385
coniunctio,0.9803641
quantuscumque,0.93654746
prudenter,0.97400993
amandum,0.9121246
insultatio,0.89608
deuio,0.94057786
observo,0.9726268
honorarius,0.841678
redemptus,0.9169029
sollemniter,0.95094603
aeternitas,0.97623914
antiquitas,0.97178155
iunior,0.9461368
lacedaemonium,0.975657
menstruum,0.9700846
abrahams,0.94530237
dissemino,0.9607596
annuntio,0.97293544
quaesitura,0.90356517
patientissimus,0.900213
putresco,0.9760472
immoderatus,0.97757447
impudicus,0.9802224
diuinatio,0.9779347
diabolicus,0.9293427
avaritia,0.97818476
pulcritudo,0.9697189
amandus,0.95710164
cras,0.97049165
iniustitia,0.9879539
ponendus,0.9557233
qualiscumque,0.96697617
cesseo,0.95491093
uoluntarius,0.97999626
excusatio,0.9808564
peceo,0.7524209
educatio,0.90689015
excuto,0.9478164
alendus,0.9530259
humo,0.9556453
destitutus,0.9708138
domesticus,0.99139667
secta,0.97381794
inimicissimus,0.800497
vinco,0.9821793
libentior,0.9657476
iudicandus,0.9728478
inuro,0.94913614
aestimandus,0.96468365
coerceo,0.98069394
ridiculus,0.9747946
senilis,0.969684
stultior,0.9531402
augio,0.9800124
paratior,0.8146364
pudet,0.987562
sordidior,0.88548833
priusquam,0.9924454
delibero,0.9786027
pulcherrimus,0.98392826
matrimonium,0.9843705
crudelitas,0.9912066
ministra,0.85471237
adfectus,0.9693154
novero,0.9111782
hominess,0.9420978
mereor,0.9482902
sin,0.96192276
immeritus,0.9790752
despicio,0.9935074
diuitiae,0.9803679
reconciliatio,0.97816384
legitimus,0.9631772
tragoedia,0.95839226
familiaris,0.98064417
adverdo,0.9394764
certissimus,0.98241377
denudo,0.97171414
conscium,0.94658625
temet,0.9766853
submitto,0.9743154
temperamentum,0.9699941
dium,0.9816136
solvimus,0.8883265
solummodo,0.97535634
sapientissimus,0.9221433
socratum,0.9313402
creandus,0.96777636
invitas,0.7852322
delego,0.9623467
quotienscumque,0.98386896
eripiendus,0.8790873
successus,0.9870398
atticus,0.78109217
leno,0.9577542
censor,0.9534205
generositas,0.9435958
impotentia,0.94760984
conuiuo,0.9595213
quietissimus,0.8317458
timidus,0.98974955
cenula,0.84099567
suggillo,0.928161
uitupero,0.9669614
diuturnus,0.9823704
adicio,0.9070089
diogenus,0.8663274
megarensis,0.95024383
conuicium,0.9876819
turpus,0.9508328
obicio,0.9771362
paullulum,0.9870466
stipula,0.91478527
trabs,0.98542196
adolesco,0.9527045
ct,0.96281826
insolenter,0.96133214
dedisco,0.8381381
consuetudinarius,0.8988732
conversor,0.926775
tribus,0.9740926
ceno,0.9456135
creditor,0.9877827
herculana,0.77795666
polluceo,0.722633
sumptus,0.97080225
tabularium,0.9375249
supputo,0.94058126
dionysia,0.8033686
coquus,0.96550107
cena,0.9817842
triclinium,0.96257055
honestas,0.9750439
obiurgatio,0.94149816
blo,0.9278908
admisceo,0.9487084
asperus,0.96131325
chirographum,0.9704329
longaeuitas,0.7204868
optabilis,0.9172296
uindicao,0.87000394
iulius,0.9843794
collega,0.9816637
quantiscum,0.90381014
iuvo,0.9380029
parano,0.78015804
contumelia,0.98596495
sagino,0.9705423
sas,0.75658137
superstes,0.97112316
peis,0.9301665
aegritudo,0.97262025
fur,0.9888673
miserabilis,0.97674334
interfector,0.98305976
abra,0.9831405
adiicio,0.96285176
nosmet,0.9721795
coniugalis,0.95291936
bellicosus,0.96381074
portentum,0.9766524
loth,0.9775566
criminosus,0.9708785
gomorra,0.9722609
polleo,0.98780954
patruelis,0.97238445
bellicus,0.97394085
trecenti,0.98640966
seni,0.95749426
gaza,0.9801978
inpeditus,0.8982142
saucio,0.980636
protero,0.9663955
equa,0.96383584
bucula,0.9796995
baca,0.8839708
inclyio,0.71136373
prosapia,0.9725183
inenarrabilis,0.98276174
melchisedech,0.98766357
triformis,0.95302904
mapalis,0.804812
sarrum,0.868131
fertilis,0.989157
cachinnus,0.9750633
praenoto,0.9363496
uigilao,0.92491424
liberandus,0.9405414
nouenus,0.82510114
sor,0.9451288
cluo,0.95639646
quaeue,0.7921445
obsisto,0.9823711
ductor,0.98510987
populor,0.98617226
uilitas,0.98067427
depugno,0.85149044
oppugnandus,0.89662874
duellum,0.9438555
agrestis,0.9868024
intonsus,0.951971
exertus,0.9473945
frangendus,0.7459045
conlatus,0.9603931
cultura,0.9840395
phalero,0.814217
uitta,0.97247064
insurgo,0.9824164
labefacto,0.96076953
adplico,0.95272386
gramineus,0.9337814
succingo,0.94160247
picea,0.9487792
sulpur,0.8494805
pinus,0.977322
adpeto,0.9606072
inperterrita,0.8383417
iugulum,0.9811158
uomo,0.9860791
caenosus,0.93204963
exhalo,0.9706777
discumbo,0.9869391
praegusto,0.9362081
mortifer,0.9674866
recalesco,0.92890984
olofer,0.8797987
caesum,0.9863539
cupidineus,0.830299
famosus,0.97427654
intaco,0.85820556
pristinus,0.9831846
innuptus,0.962969
diuus,0.90899515
glutino,0.9713592
degenero,0.9836157
nobilior,0.964846
auceo,0.909274
lutulentus,0.91728306
potis,0.9686555
perfringo,0.8855572
fabulor,0.8919281
abyssus,0.98545957
prostibulum,0.9249498
avernus,0.93944097
detrudo,0.9656865
subter,0.97316694
uada,0.9641906
interfego,0.8900447
iordanes,0.90325105
infectus,0.9733119
fluuialis,0.97560346
labo,0.9814805
uagina,0.97154677
rubigo,0.9830911
scabrosus,0.82826376
inmoueo,0.8176512
peruius,0.9449519
defigo,0.9838808
intorqueo,0.94656163
galeatus,0.9059167
mortiferus,0.96100783
inlido,0.9141449
resilio,0.94707495
lorica,0.98643684
adamas,0.9296558
trilix,0.54643565
thoraca,0.84786737
squamosus,0.9470637
conmiso,0.59837955
manualis,0.90499955
iaculus,0.9844053
opperior,0.9657671
indomitus,0.98764706
stomachor,0.90378654
bellatrix,0.9097736
uentosus,0.9664527
iactes,0.89521325
hastile,0.9794833
capulum,0.95071614
coquo,0.97526133
cassis,0.9724564
tinnio,0.9579866
rebellis,0.9799326
chalybs,0.9745376
adsultus,0.88599503
missile,0.93755853
perfodio,0.9486427
exultans,0.98243827
uesania,0.9590695
effor,0.9578781
invictus,0.8652501
anhelus,0.9720776
subrideo,0.97564095
armos,0.9597439
concurrentia,0.80781835
adsocio,0.90208423
luctamen,0.8935026
uidua,0.98166513
uill,0.7220681
armus,0.9702572
iuba,0.92781246
iactanter,0.80373913
tumido,0.97475755
fastus,0.9737413
carbaseus,0.75465035
palla,0.9608326
limbus,0.94400305
infesto,0.9734877
turgeo,0.97279453
sonipes,0.98070717
lupor,0.8615691
frendo,0.9764007
obuerto,0.9074937
tumesco,0.980391
ostento,0.9813543
uirago,0.95780647
superemineo,0.9634528
circumflecto,0.9548826
cuneus,0.9803096
caesio,0.63749135
opulentia,0.9712658
amar,0.9673431
plebeius,0.97575235
adtempto,0.84131646
gramen,0.9837622
sulco,0.98665154
noualis,0.94511026
aratrum,0.982069
plasmo,0.9809318
transfugio,0.95505536
vacuus,0.91742593
friuolus,0.9641035
desidia,0.9597029
meditamen,0.7849146
coitio,0.61918443
tiro,0.97404015
bellonum,0.96757406
inbellis,0.9497782
tepefacio,0.92178
iecur,0.9755368
trepidatio,0.9613521
inbueo,0.7929361
uociferor,0.9874151
rapidum,0.8969307
calcar,0.9250376
umbo,0.9633263
equinum,0.64330447
fouea,0.97850305
intercido,0.9726906
subfodio,0.7644453
furtim,0.96812594
uersutus,0.97586125
praescius,0.9738518
planities,0.98641485
scrobis,0.9304212
insidiosus,0.96153283
fossa,0.97660595
merso,0.97590375
fallax,0.988644
deprendeo,0.9086253
ignarus,0.9877305
opertus,0.87412614
foveus,0.90686035
crus,0.9906564
pernicies,0.9793082
moderamino,0.87025416
leuitas,0.9561389
obtero,0.8980055
mediocriter,0.9604521
comis,0.80938387
cunctor,0.98438054
cruento,0.9715587
protraho,0.980237
supino,0.9214988
tumefacio,0.9022361
fovea,0.8616274
golia,0.9093307
fundalis,0.57433414
traiicio,0.7755922
formidabilis,0.93199885
territo,0.96885216
subcumbo,0.9780516
tenerus,0.9561726
auro,0.97684264
praestringo,0.9482823
instauro,0.97502244
confligo,0.9846884
iamdus,0.97455025
delibuo,0.9322536
elumbis,0.84918153
petulanter,0.8754729
marcidus,0.96216816
raucus,0.9887245
tepentia,0.8115708
lapso,0.74491435
balsamum,0.9870106
harundo,0.98515034
lancea,0.98520195
amento,0.88546896
framea,0.92002517
lasciuus,0.97670925
calathus,0.87034446
halitus,0.97363955
ferratus,0.97266954
spiculum,0.9903101
obstupefao,0.88996625
bratteola,0.87653846
crepito,0.98240656
radior,0.9646197
albeo,0.9771843
electrum,0.9270092
deditio,0.9831482
domina,0.9766845
ingemo,0.98864025
mordax,0.98838925
probrum,0.97403455
armiger,0.9829283
sertum,0.9547731
adsuetus,0.9556402
ulna,0.9798063
mitra,0.93447506
caesaries,0.9692606
cohibeo,0.982086
croceus,0.971063
incessus,0.97779006
pallium,0.97993827
inmortalis,0.9757943
pollex,0.9746679
lotus,0.96678877
effudo,0.9444089
falernus,0.9754616
toreuma,0.8496901
eremo,0.9630579
elicio,0.97234493
tentorium,0.9844656
uespertinus,0.95856416
xl,0.9811619
iuda,0.965374
celeberrimus,0.97363245
adtrecto,0.68707246
incircumcido,0.95448256
recidiuus,0.9668156
proditio,0.97687185
ionatha,0.9302829
mell,0.96001345
lacrimabilis,0.9707086
tinguo,0.9563477
luxuriens,0.9388695
intento,0.97052884
expaveo,0.60611165
praerumpo,0.95069027
resupino,0.9480876
nequiquam,0.966572
lorum,0.9386537
accommodao,0.9145932
conclamo,0.95173293
praetexo,0.84892106
clades,0.99345255
popularis,0.97933877
uertigo,0.98435843
molaris,0.9438108
recauus,0.8550556
introrsum,0.92003566
reseco,0.94098157
dilanio,0.9188807
frustum,0.9870122
crudesco,0.9404191
revomo,0.8389912
offa,0.7701483
ebibo,0.9572238
horrificus,0.9704759
aspero,0.9621701
petulantia,0.9719443
cymbalum,0.9645365
ueneno,0.9738896
pharetra,0.9781525
tiberus,0.96858
nilus,0.9843422
peplus,0.9465865
uenusto,0.96733534
collo,0.9236858
adtritus,0.94275653
frutectum,0.9700099
crinalis,0.80757236
acus,0.9612758
fibula,0.95456654
diadema,0.9927889
coniueo,0.89578676
fragmentum,0.9732933
infercio,0.679174
grauidus,0.9452338
distendo,0.9827541
fiscus,0.9894668
laeuo,0.83147043
abrado,0.92632735
famis,0.9332405
anxietas,0.97142386
periurium,0.981883
corruptela,0.9701739
insomnis,0.9427467
eumenis,0.6998566
persulto,0.844177
grassor,0.9806874
consanguineus,0.9622679
bulla,0.8944196
inpis,0.7128931
centenus,0.9897634
effodio,0.97901887
intuitus,0.9009533
speculator,0.98687094
uiolenter,0.91847956
mundanus,0.9750777
classicus,0.9812248
armipotens,0.9710123
inmunis,0.9680894
furialis,0.9608207
noco,0.95768154
ferreus,0.99330014
brutus,0.96128875
dextra,0.9751606
styx,0.9105785
ditissimus,0.973362
praeualidus,0.93971205
emblema,0.91056
thensaurus,0.8500113
nigro,0.9631766
scarioth,0.8841985
haudquaquam,0.92095524
igna,0.8763032
iugerum,0.95848966
anathema,0.9160278
avitus,0.9592253
iudas,0.94409275
aaron,0.96719193
congressus,0.97041625
toruus,0.96671546
exio,0.98044
transformo,0.87278056
rapto,0.9614413
mendax,0.9894573
parcus,0.9850374
obtego,0.97311866
anguinus,0.9155157
auide,0.9809742
inludens,0.86485606
manica,0.9693867
manipla,0.9346112
biformis,0.94907683
quidve,0.9727979
uersatilis,0.8649496
lubrico,0.94702065
reieco,0.89459693
talentum,0.979674
benigne,0.97991574
loculus,0.97211945
faenus,0.8491081
fatisco,0.98238873
comprimo,0.9854735
mentum,0.9564843
raptum,0.98399615
palpito,0.9697302
pessum,0.9349148
reluctor,0.9737636
exstinctus,0.97456324
fornax,0.9837212
recoquo,0.8693279
marsuppium,0.86436725
exedo,0.86668444
aerugo,0.9281968
procinctus,0.97404325
ingluuies,0.95368385
alimonia,0.9646723
pera,0.97119457
neue,0.9732076
gestamen,0.92118454
addubito,0.82410043
lucifer,0.9841306
subpedito,0.911923
indiga,0.9637203
asia,0.98846996
atlanticus,0.8818467
depuldo,0.76598305
discingo,0.8890452
zona,0.980155
cornicen,0.92198753
placabilis,0.97305864
claresco,0.97191584
pedes,0.9799636
respecto,0.95328015
nilicola,0.7569024
deprendo,0.97028685
pulso,0.9914111
tympanum,0.9842941
subsistens,0.91983134
caelebs,0.9388027
corinthis,0.8432319
lucania,0.9617967
abscisus,0.97310895
sicilia,0.96455187
castrensis,0.9694449
bifor,0.8535679
cardo,0.9938086
astus,0.98732656
latito,0.98096853
squaleo,0.9826411
cateno,0.95336765
hama,0.7841245
impingo,0.97622097
squama,0.9764632
subdolus,0.9622171
insidior,0.9148803
multiplex,0.96937263
olea,0.9264523
sica,0.9036506
tenus,0.9801017
incolo,0.98450756
adstans,0.9712489
propere,0.8462522
exquiro,0.9877843
cognomentum,0.88150233
heresis,0.96470034
discolor,0.9396546
innascor,0.94217217
quoties,0.95624655
frustatim,0.9104818
coruus,0.9704505
inmundus,0.96551275
caenum,0.9683678
marinus,0.9726237
editior,0.9315769
specula,0.9797085
inoffendo,0.5144722
contemptor,0.97923356
cataclysmus,0.9610491
campester,0.9755281
cus,0.8582516
conceptaculum,0.7697996
languor,0.9833224
carbasa,0.97515666
marceo,0.9759934
sterto,0.9578532
expecto,0.982959
adloquium,0.8931259
fidis,0.89619
pignero,0.96050715
exoticus,0.80956525
dissociabilis,0.8985436
obliquo,0.98142946
holocaustum,0.975178
donarium,0.97045684
pinno,0.8992567
coluber,0.9780827
internosco,0.86646855
agninus,0.7491994
photinus,0.9694753
arrius,0.97449464
inmaneo,0.9233128
palaestina,0.9757205
consido,0.97818106
adfinis,0.960706
exusdo,0.8791239
procer,0.9776507
pacifer,0.884736
belliger,0.95674884
successor,0.967754
inermus,0.75170714
solomon,0.953236
ahnhelus,0.62476087
inlustratus,0.9064187
terrigena,0.85872364
phalanga,0.872519
inornatus,0.847255
munius,0.8379491
toga,0.9814763
desilio,0.9532687
fundamen,0.9410249
dimetior,0.8387739
angulus,0.9705035
norma,0.97267365
occidualis,0.81706834
aquilo,0.9916911
foro,0.97856224
dolo,0.97385347
reluceo,0.96628296
ephebus,0.89743143
algidus,0.9686889
compitum,0.96145487
chrysolitus,0.83865976
natiuus,0.9673535
interlino,0.818753
sapphirus,0.87534094
beryllus,0.9409691
hebes,0.97647655
hyacinthus,0.977905
aquosus,0.9677624
amethystinus,0.9450591
iaspis,0.9803422
sardius,0.89565384
adpono,0.9671098
smaragdinus,0.92351127
vernus,0.9711951
pratum,0.9891914
herbidus,0.9402994
structura,0.94481885
intersero,0.9047083
stellans,0.96792537
grauida,0.96766883
inmensus,0.9811928
subnixus,0.95856017
crystallum,0.9611233
construo,0.98510814
conus,0.93653536
sinuamen,0.95164317
margarita,0.95754576
census,0.9835204
addictus,0.93322265
animosus,0.9242003
merco,0.94398654
tuscia,0.9555551
campania,0.96521735
pompeius,0.9948344
polio,0.9728007
intertextus,0.8385589
candentia,0.83733886
pubesco,0.95797855
indulgente,0.78612566
latebrosus,0.9375874
luctor,0.97328544
nebulosus,0.92569804
conflictus,0.98535997
euentus,0.98720574
indoles,0.94012547
noxus,0.864836
iactura,0.974419
incalesco,0.96779484
effigio,0.95460075
spectamen,0.6928374
hannibal,0.9379042
canna,0.96031845
modius,0.9852453
uarro,0.9746966
existimatio,0.9799705
romulus,0.9883851
remus,0.96653646
faustulus,0.94275093
praenomen,0.93633133
dissentio,0.97583985
silvia,0.8954514
auus,0.96663105
silvis,0.8905219
numitor,0.97494423
amulis,0.8264754
albanus,0.9614627
agrippa,0.95181113
tutor,0.98177564
sabinus,0.90414417
titus,0.97749275
pompilius,0.90694076
mettus,0.8391378
curtis,0.6003517
porsenna,0.98160315
fertoer,0.74261683
resis,0.46028444
subruo,0.9673263
orio,0.9784741
agnomen,0.93189096
senonis,0.9570036
cominium,0.8145873
fabium,0.9450323
caepio,0.8852277
uarrus,0.95344263
scaevola,0.7573633
abortus,0.85644
peregre,0.9705808
lucretius,0.91961354
tricipitinus,0.892459
philus,0.82487804
lar,0.981297
herminius,0.6376009
t.,0.90545917
statius,0.89469784
faustus,0.9752292
aduersi,0.94152665
tullus,0.96928596
tollendus,0.93082106
ancus,0.9782632
antiae,0.60034144
cubitum,0.97256213
lucius,0.97325623
etruscus,0.969048
naeuus,0.8571434
gnaeus,0.78421384
g,0.8866929
consulatus,0.7661238
inofficiosus,0.98448116
commentor,0.96515775
inolesco,0.91727865
lenitas,0.98057747
aulus,0.9432032
martius,0.9571084
publus,0.7666134
pupillus,0.97368383
tiberim,0.9497599
caeso,0.7880068
servus,0.9310804
spurius,0.9646255
numerius,0.8780408
patricius,0.974682
fabia,0.95649993
otacilium,0.9549254
trao,0.7808951
publis,0.8568527
caecilia,0.80726606
novus,0.9838216
quaenam,0.82716775
investigo,0.9546583
imperitia,0.97007024
calumniator,0.96638334
impatientia,0.95742536
temeritas,0.9847946
triennium,0.98765594
apologia,0.85570365
inceptum,0.96191484
montanus,0.9777243
barathrum,0.95441175
clemens,0.95372105
aperte,0.9517853
contemplor,0.9762322
claudico,0.9801519
israeliticus,0.91646206
elias,0.958161
usquequo,0.9766606
baal,0.9713159
semita,0.97760737
haereseus,0.9532219
pus,0.9370979
perspicuus,0.977645
arista,0.98747015
theatralis,0.9740454
praestigia,0.93271357
expositio,0.96858966
controuersia,0.98573214
armatura,0.9777337
circumspicio,0.96935666
infamia,0.98480034
obiicio,0.9456278
insimulo,0.95419276
calumnia,0.9816593
dissimulatio,0.9834155
superfluus,0.9791838
praesentio,0.964092
extorquo,0.944479
imgratus,0.77458
grado,0.6190176
punctum,0.89043576
negligenter,0.89218354
scirpus,0.9227826
fautor,0.95734406
caeterum,0.96383226
compareo,0.9734757
libratio,0.8228789
cuniculus,0.97270703
subuerto,0.9781053
arianus,0.97758806
circumlino,0.91422486
tamdem,0.86884
tortuosus,0.95189846
confodio,0.97947055
theophilus,0.97356987
expostulo,0.9621699
nostis,0.58860165
morbidus,0.9746597
nonaginta,0.97514683
alapa,0.9740033
humerum,0.9676933
baiulo,0.950428
delicatus,0.97712505
peccatrix,0.9773899
papa,0.9594742
rugo,0.8895494
obliquus,0.94486094
satisfactio,0.97530997
schisma,0.9328222
ordinatio,0.97920096
laicus,0.9777309
iactito,0.9609399
epiphanis,0.9388848
balneum,0.97392017
iovum,0.8775247
denuntio,0.98644745
aversus,0.8172234
demosthene,0.8986486
acutior,0.93561226
sapientior,0.9271096
athanasium,0.9343849
occidentalis,0.96040434
exsilium,0.97611976
cyprus,0.96434146
ueneratio,0.973768
aliorsus,0.96146464
superfluo,0.9669042
dilo,0.9039183
uoluto,0.9819904
tundo,0.946102
alexandrinus,0.96442914
arius,0.95400023
movo,0.91309714
suspiro,0.9744093
xli,0.98321563
alexandrina,0.90463126
obiectum,0.9619017
uolubilitas,0.8858811
imperitus,0.9588303
collyrium,0.8985733
tacueo,0.94275236
epiphanium,0.91200274
dissoluo,0.98303324
nimir,0.95676434
sulpicius,0.9207689
apollinaris,0.91876566
uergilianus,0.8091961
enarratio,0.7557831
al,0.8712073
obiego,0.6938831
absolute,0.9136294
audo,0.9521984
negligens,0.8817425
praeteruolo,0.9354733
tacendus,0.9774507
fraudulenter,0.9645628
reticeo,0.98263735
incongruus,0.90892816
inconueniens,0.73813224
religo,0.97288483
commoro,0.92688274
pellicea,0.87466013
eiectio,0.8756163
eua,0.97537225
explanatio,0.9442574
tropologicus,0.59372824
interpretatio,0.98434687
daemoniacus,0.8898294
aduoluo,0.9562073
sepono,0.97151226
parumper,0.96167195
substerno,0.9659677
origenes,0.9525575
intantum,0.7534083
origenus,0.96564645
egregie,0.9677217
capitulum,0.96864045
paullisper,0.97427315
anathematizo,0.93905354
inaequalis,0.96522534
incorporalis,0.97878826
conuersio,0.9379654
praetextatus,0.8916395
designo,0.9704665
dispositio,0.9861728
retorqueo,0.97682726
periodus,0.77042747
evangelizo,0.84125197
extenuo,0.94768846
scorpius,0.97571295
illicus,0.92628825
odio,0.9512663
blasphemo,0.9868382
discretio,0.9693398
obnitor,0.96791995
seraphim,0.9516994
euagor,0.9486546
peroro,0.97110164
indulgeo,0.98217696
epiphane,0.96552515
replico,0.98281336
disertissimus,0.9132848
tractatus,0.9829277
tribunalis,0.9035722
obieco,0.82908803
metuio,0.82784766
mutio,0.89274865
alexandria,0.9888507
accommodo,0.9783333
teipsus,0.9065972
eloquens,0.93612194
assumptio,0.89150286
saliua,0.9601873
electio,0.9542544
rugitus,0.9646709
tonitruus,0.806117
isaia,0.93913394
succumbo,0.9867804
homunculus,0.9609018
clarior,0.9817882
stulte,0.98743623
presbyterus,0.98478085
infligo,0.9749054
delirus,0.80745673
sepulcrum,0.9808669
archidiaconus,0.91939694
conticesco,0.96134907
anastasis,0.7435575
confluo,0.9838204
deosculor,0.9534348
clamito,0.9717545
industria,0.98816574
recordo,0.9785028
detineo,0.9744436
concionor,0.87669384
truncus,0.9855341
stultissimus,0.79138386
conticeo,0.9682646
fatuus,0.97957087
anthropomorphitar,0.7076614
recognitio,0.9171841
aequum,0.97593176
acclamatio,0.84102094
deliro,0.952165
atquus,0.94421625
uerecundus,0.9811566
indesinenter,0.92627424
gorgia,0.9369522
leontinus,0.85573256
sella,0.98180383
sacerdotium,0.9717725
uociferatio,0.96497107
indignatio,0.9666997
demosthe,0.94776016
exaro,0.94030875
tullium,0.96578777
cornelius,0.97544044
seditiosus,0.96172297
lysia,0.9589806
prudentus,0.9571931
xlius,0.98428196
istiusmodi,0.9304523
quadragesimus,0.98374116
dependeo,0.9558738
inauditus,0.9808662
labyrinthus,0.94800496
archidiacoen,0.89594764
simultas,0.96514297
legatus,0.9880674
respondo,0.8806965
revera,0.94638824
praesertim,0.97570944
stultitia,0.9865588
praeconius,0.9685864
exanimis,0.9814596
aufugio,0.9719613
peruideo,0.9594021
anilis,0.961159
cantilena,0.96603507
creatio,0.8898107
accepto,0.98194087
insufflatio,0.9084778
rationabilis,0.9538189
immutabilis,0.94174826
principatus,0.98171514
domicilium,0.98235524
brachmana,0.8540161
indus,0.98718846
uicinia,0.95254755
pervinio,0.93311596
crassior,0.92689884
nove,0.96952057
resipisco,0.9500859
deinceps,0.9813981
marcio,0.8967444
creatrix,0.9049748
repudio,0.9875287
perperam,0.9672448
luminare,0.98424214
congemisco,0.7399894
deploro,0.9709259
platonicus,0.96281207
fermis,0.9312109
commentarius,0.9564581
ecclesiasta,0.7857536
ephesius,0.9101479
edissero,0.94364476
sciscitor,0.9806912
uerso,0.968922
macellus,0.89496666
officina,0.9572859
stabulum,0.98703784
nundinus,0.9358264
cohabito,0.9292993
origenis,0.8275554
ineptia,0.9532619
latenter,0.98164696
resipuo,0.9037777
introduco,0.9673468
tribunitia,0.66233605
regrado,0.747106
devoluo,0.8996153
primicerius,0.95098984
senator,0.97707903
ducenarius,0.91193354
centenarius,0.9727364
circitor,0.53932095
gregarius,0.9437109
orige,0.9142869
scala,0.9873278
mansio,0.97111297
praestigius,0.8369907
hierosolymita,0.8806888
rusticor,0.68910927
publico,0.9799335
pertraho,0.9339207
administrator,0.92089427
nuncius,0.93656754
glis,0.8926796
impiissimus,0.8969407
pollutio,0.9446993
acquiesco,0.9839467
caerimonia,0.9742955
circumeo,0.9787532
insufflo,0.91607213
spiraculum,0.9744332
gerula,0.9205662
callide,0.9816016
diluculum,0.97316056
saturnalis,0.76129484
transcendo,0.9802598
cain,0.97574943
abel,0.9807522
tradux,0.89345914
noviter,0.90224314
illigo,0.93728423
italus,0.96690357
commisceo,0.972422
silvius,0.9526727
lauinia,0.8401512
bestiarius,0.81198025
sulcus,0.9868847
temperatus,0.96620053
uulua,0.98632663
corporo,0.87451386
corporatus,0.6908009
despicor,0.9240283
figulus,0.98026246
rebeccus,0.9730649
isaac,0.9801215
hispidus,0.98104703
triticum,0.9823936
lolium,0.9478254
auena,0.8551539
offenso,0.97366256
samson,0.9733412
repromissio,0.9855434
audacter,0.98523164
merus,0.93754053
quaera,0.96455175
paulisper,0.9365117
massa,0.9843464
ignobilitas,0.9207612
comprobo,0.98564327
sanctior,0.9539688
commoneo,0.9760763
noviens,0.92141676
uendito,0.9351634
comedo,0.9864286
nuptiae,0.9911317
molo,0.89801
marcion,0.9102246
apellis,0.89109975
ualentinus,0.90460753
denego,0.9860636
sabaeus,0.93359506
sepeliendus,0.8974887
humor,0.98237556
corpusculum,0.9777217
iussio,0.98616314
sextarius,0.9220358
originalis,0.9595458
soliditas,0.9776426
carnis,0.9570599
crassitudo,0.94497025
durities,0.93771994
dilabor,0.98164964
intrinsecus,0.96159357
uenula,0.7181346
consurgo,0.9876611
culmus,0.94403416
seminarium,0.9351778
archangelus,0.95990413
sementis,0.977601
pampinus,0.95990604
uua,0.9835088
mustum,0.97585964
rursum,0.9643072
tonsor,0.893226
nasus,0.96598744
affero,0.9847504
transfiguro,0.9569216
praegravo,0.9089151
barba,0.98995835
laeuis,0.8741714
gena,0.9887477
infantulus,0.9764285
sustento,0.9823586
littus,0.97715306
uestitus,0.9811146
fractio,0.88887966
euanesco,0.9821559
diversus,0.98033947
fraudo,0.98812723
uectigalis,0.9842044
definitio,0.984053
subtilitas,0.97809386
cubiculum,0.98953867
auricula,0.9652166
concrepo,0.97340256
colossensis,0.9485262
carneum,0.82652104
significanter,0.92061156
alieno,0.9808073
circumciso,0.9450191
circumcisio,0.9882954
exspoliatio,0.7614331
in+tantum,0.9471687
subnecto,0.9704376
genesi,0.97526836
quinus,0.9083849
sterilitas,0.9864799
abolo,0.93579155
inglorium,0.89841753
uilior,0.9818207
superuestio,0.73251384
rotunditas,0.96685445
sphaera,0.9319366
candor,0.99153435
enoch,0.9856173
translo,0.96188366
uescor,0.9842168
salutare,0.9331649
putridus,0.962051
sicarius,0.9576043
uenenarius,0.8268385
stylum,0.9357257
lamina,0.9302708
apertus,0.9348578
necdus,0.95637
feteo,0.93583536
aetheres,0.93028057
distillo,0.92828345
spiritualiter,0.94358164
exaggero,0.95668656
uermiculus,0.9446473
naufragium,0.98788106
applaudo,0.95522976
apertiter,0.93912923
nuptia,0.97362566
nutricula,0.81023943
uagio,0.91992664
decrepio,0.9519439
hybernus,0.85033196
calceamentum,0.9349311
discurro,0.99091625
detrimentum,0.9828447
grandus,0.960106
superuenio,0.977496
assertio,0.9119314
uenenatus,0.9431279
recumbo,0.98620653
periturus,0.97400725
lazarus,0.98651844
illo,0.90964884
aliquantulum,0.9686019
opprobrium,0.9569441
quotquot,0.9597052
sanctificatio,0.97519267
mortificatio,0.9065003
stephanus,0.97089267
nix,0.99231744
ieremia,0.8958017
redintegro,0.97977024
bosor,0.91735035
corruptor,0.9285639
praedo,0.98090935
adscribo,0.9864493
augmentum,0.964987
uite,0.9099022
torcular,0.9546704
dealbo,0.98108315
fratruelis,0.5461739
frcatruel,0.77940315
rubicundus,0.9659464
coinquino,0.9770871
resuscito,0.9834102
compungo,0.9488083
uaticinius,0.89784324
galilaeus,0.9807636
repromitto,0.97410905
impossibilis,0.9334239
fermes,0.92081916
munerarius,0.8060241
pruna,0.98331535
assum,0.8527428
archisynagogo,0.96859175
quatriduanus,0.93634546
prandeo,0.958091
scrupulositas,0.9200887
accubitus,0.94547
coena,0.9500556
alioqui,0.94554913
nazareth,0.9720573
apollone,0.8665273
domitianus,0.9724789
consistorium,0.9001839
clausor,0.8594203
magdalene,0.9799129
hortulanus,0.8987049
xlv,0.9901473
carneado,0.93277246
angustior,0.904701
rotundus,0.9737973
lynceus,0.8984401
aperuo,0.92737234
acutissimus,0.971614
appendo,0.8892334
paululum,0.91248006
tamdiu,0.9847392
corruptiuus,0.86688113
indueo,0.67752784
abolitio,0.94886476
praeposterus,0.94688666
immortalis,0.97817814
ierosolyme,0.949954
canon,0.9390893
uteer,0.88341236
commoror,0.9788073
metropolis,0.96795034
caesaria,0.8591839
antiochea,0.98223686
caesariensis,0.93930256
expeto,0.97754055
antiochia,0.98388433
perfecte,0.94156396
metropolitanus,0.9068454
legatio,0.9749266
isidus,0.9432566
aegroto,0.9807197
isidorus,0.82949805
ierosolyma,0.9671117
scripno,0.88573843
uincentio,0.95339537
cohortor,0.9620722
naenia,0.8801371
illico,0.9536984
timo,0.8912501
cera,0.93047893
liquesco,0.97499096
hippocras,0.95305574
mitigo,0.9811513
medicinus,0.9714282
sanctimonia,0.94016325
apporto,0.92651284
isidoro,0.8649826
dictator,0.98392767
baiulus,0.8745744
hierosolymo,0.95197666
emplastrum,0.9230033
armamentum,0.9186886
iurisiuror,0.83673984
testificatio,0.9399773
misellus,0.9479033
delitesco,0.9764681
hieronymus,0.94433373
pannosus,0.88976705
sordidatus,0.8417871
tertio,0.95286626
orthodoxum,0.8225448
archelaus,0.954169
sequester,0.7889346
era,0.7857489
postulatum,0.9688335
perfectior,0.9021505
rescribo,0.908068
uomer,0.96457374
obliior,0.97598684
postulatus,0.7532015
maleficium,0.9725267
epiphanius,0.9566715
argumentor,0.9501483
aegrotatio,0.93167794
coepo,0.9793093
subiicio,0.95782214
confugio,0.9865202
decollo,0.94909406
presbyterium,0.90838027
praelium,0.9783593
perhorresco,0.96312594
confitor,0.90164185
uincentium,0.8638482
tredecim,0.98278
constantinopolis,0.9872638
deserueo,0.8043232
adolescentia,0.87094134
deflecto,0.9825102
antiquior,0.97330624
mutuor,0.9789988
uisitatio,0.93007106
pentecoste,0.97532475
retico,0.87158835
dionysius,0.9425845
innoxius,0.9832765
hucusque,0.97326416
delitisco,0.6197366
deliquo,0.8460096
paroecia,0.7088328
acceptio,0.95032555
cimmerius,0.8829876
epiphaniis,0.61915296
contubernium,0.9662521
epiphanio,0.7900102
palestinus,0.93093944
paruitas,0.9606836
eremus,0.9868859
ioannes,0.9752892
contemptibilis,0.9682747
antonium,0.93602645
propositum,0.97573113
macarius,0.98417354
adfirmo,0.9704393
thebaeus,0.8415828
prout,0.9655024
subterraneus,0.963065
calcaneum,0.9393297
fretus,0.97375405
uixeo,0.82871413
comperio,0.9859481
decium,0.93356407
ualerianus,0.96924835
cyprianus,0.96631026
enimvo,0.96953624
proconsul,0.97422504
conquiro,0.96703327
iugulo,0.98243463
subieco,0.9756061
perungo,0.92665637
musca,0.96866816
iuuenalis,0.8026892
amoenissimus,0.91183746
lectulus,0.9862695
superiaceo,0.6863546
coelitus,0.94461423
mordicus,0.95489526
osculor,0.9837372
exspuo,0.92476916
xluo,0.9699167
haereditas,0.8585682
locuples,0.9776019
circiter,0.9795487
sexdecim,0.9178005
aegyptiacus,0.92377317
detono,0.8416852
remotior,0.9355125
praestolor,0.97191584
saxeus,0.9792497
spelunca,0.98715806
incus,0.965067
malleus,0.9768349
cleopatra,0.98622
sicuti,0.8967043
saracenus,0.98134327
triginta,0.985535
syrus,0.97579956
carica,0.92169696
credido,0.9452158
possibilis,0.9259596
centesimo,0.97090083
nonagenarius,0.93471426
monacha,0.8968503
erumpor,0.8183694
conspicor,0.9365829
reuinco,0.88734883
heus,0.8902708
infrendo,0.86954707
protensio,0.6897105
monstruosus,0.95940316
saxosus,0.93994075
aduncus,0.90017587
adtonitus,0.93340933
expectaculum,0.79571205
scutum,0.9896058
praeliator,0.8559765
obses,0.9783894
accola,0.976595
deludo,0.97343695
gentilitas,0.95788133
faunus,0.9513415
satyrus,0.9092567
incubus,0.5749088
incredulitas,0.97891366
philosophia,0.98519427
alexandrius,0.9263735
petulcus,0.8793885
scrupulus,0.9715977
constantio,0.96602243
istiusmodus,0.81666917
uastitas,0.9426233
pernox,0.9233676
inrepo,0.92405725
abio,0.9010391
explorator,0.967926
occludo,0.8369151
obfirmo,0.9329076
corruo,0.9760901
impunitas,0.9539701
persto,0.9673098
adridens,0.87431717
apero,0.8292861
abscessus,0.9746834
eia,0.95323074
prandium,0.98923695
dimidium,0.9809747
annona,0.9629059
margo,0.9838015
oborior,0.9707231
uespera,0.95403796
adprehensus,0.9687724
meridies,0.9815502
dormitio,0.96807945
abiicio,0.9628765
athanasius,0.9514172
moeror,0.9276048
lacrimo,0.98742765
exosculo,0.8011005
defatigo,0.9634537
vbi,0.9488863
ioan,0.9274087
regredior,0.98834884
salarius,0.9069819
procido,0.98204434
superiacio,0.93289995
eiulo,0.9372853
uelocitas,0.96673495
introgredior,0.90249383
extensus,0.97564304
suspirium,0.9697064
prolo,0.96635973
sarculum,0.9353227
quatriduum,0.88614476
cognomino,0.9593554
exhorreo,0.9600625
adulor,0.97044384
cauda,0.9829749
accumbo,0.94383883
rugio,0.9545394
lingo,0.9061895
laudatio,0.96720755
annuens,0.9304397
humerus,0.97304493
intestas,0.9777098
sporta,0.9539826
insuo,0.8798103
concauus,0.9367876
uilissimus,0.9853272
pauperculus,0.93958414
auratus,0.9432992
cooperio,0.9861346
memino,0.9373763
septiens,0.97671473
robigo,0.8702128
possibilitas,0.91465855
inplo,0.88609004
onerarius,0.91041595
pontus,0.99439394
canesco,0.89001167
rudo,0.90593433
anfractus,0.9835331
impolitus,0.87868404
uercella,0.83664405
alpis,0.968518
semirutus,0.91519904
inuiso,0.9168912
infelicissimus,0.89432144
paedor,0.83031285
ren,0.9196552
exuio,0.91682297
minitor,0.973495
socratus,0.94446754
stipes,0.9863983
papilla,0.97057056
indutiae,0.965309
inmotus,0.6537262
saeuitia,0.9809347
lanio,0.98274386
extemplo,0.9552423
reor,0.96511865
noxia,0.99178445
iuvenis,0.96523535
proruo,0.9326973
amputo,0.97409594
gallinaceus,0.94054544
socrates,0.87719274
apollo,0.9717552
sapientus,0.97790444
eleuo,0.97864556
dexterus,0.95427394
leuiter,0.9825271
rasura,0.82386935
adspergo,0.86447126
percussor,0.9851947
adtingo,0.97769177
lictor,0.94420385
paludamentum,0.8181174
mordeo,0.9819397
quaesio,0.97750944
icior,0.94395304
frustro,0.9773818
inconsideratus,0.9485577
danihelus,0.9101351
susanna,0.9620511
uindicandus,0.97082543
glomero,0.9662029
uicarius,0.9740461
linteus,0.97537994
subleuo,0.97945297
auxiliator,0.953825
ps,0.92821205
insectator,0.94320256
anus,0.97099876
clam,0.97529995
uillula,0.90767163
evagrium,0.8236331
auxo,0.8277981
mediolanius,0.7584066
incubo,0.9823581
inretio,0.8285787
gt,0.9719746
lenio,0.9789752
theodosius,0.890326
anachoreta,0.9632497
exultatio,0.9672539
desolo,0.9763508
oratus,0.8045119
obsecratio,0.97190595
oua,0.8695092
inpositum,0.93918765
conamen,0.9509785
adsurgens,0.89732003
optas,0.9205265
rufi,0.8792634
rufina,0.6945678
uicissitudo,0.9872496
circueo,0.9803276
thalis,0.9389105
philippus,0.9270689
translatio,0.98150736
sapuo,0.6528291
invalidus,0.90803885
crebris,0.9539629
obuias,0.81361043
heliodor,0.90900517
votum,0.89607155
credulitas,0.9890468
nuntium,0.9776241
rufinus,0.9147277
nitria,0.5443493
crebrus,0.9784353
aegrotus,0.9500903
praepedo,0.7847148
festinatio,0.9487561
adsigno,0.978355
iactatus,0.95984244
prospecto,0.92622447
adsidens,0.8599531
conuoluo,0.96585435
avulsio,0.8283895
thracius,0.9836174
bithynium,0.9621721
galatia,0.98071176
cappadocia,0.9846277
syrius,0.9776481
fidissimus,0.924441
hyle,0.7624509
melania,0.754483
cf,0.819631
thessalonicensis,0.9584434
bonosus,0.9277716
meto,0.98126495
heremus,0.9752906
adfatim,0.8001889
cautes,0.9676341
onesimus,0.8750632
minusculus,0.75458586
euripus,0.86571777
amoenitas,0.982988
sinuosus,0.96164787
reclamo,0.97705865
abruptus,0.8874872
trica,0.76098037
muscipula,0.60987455
galt,0.6434456
mn,0.9184233
subo,0.8618361
speusippus,0.9433936
repercutio,0.9648776
phil,0.95062613
impugno,0.9611176
satanas,0.9893152
rhenus,0.974976
semibarbarus,0.8809322
cotidianus,0.98877865
inpleo,0.9349285
corusca,0.9350858
florentinus,0.90270066
democritus,0.9812814
incontinentia,0.95698154
emendatio,0.9736256
tim,0.817848
uisito,0.947408
adiutus,0.97082406
peregrinatio,0.97377515
pinnatus,0.95767224
foedero,0.97234917
germanitas,0.94945866
inbecillitas,0.9585464
quadrans,0.96992296
compeditus,0.7501232
evagrius,0.92765
martianus,0.87318283
sarracenus,0.8963195
proficisco,0.9705416
repraesento,0.9756899
impendium,0.90255713
exposco,0.9780432
diuello,0.95687205
reciprocus,0.9665781
augustodunendo,0.9147897
dioge,0.9566175
rufo,0.8734071
tertullianus,0.94430846
daviticus,0.78487515
synodus,0.97700965
hilarius,0.95309126
terno,0.90214306
iuvao,0.73418784
bibliotheca,0.9742733
antiquarius,0.8671621
heliodorus,0.87862486
pythagora,0.9813927
zeno,0.9223335
tyrannis,0.97927654
aedilitas,0.9060731
uagum,0.822706
instanter,0.9572001
iulianus,0.8776525
aquileia,0.95810187
obiurgo,0.9730139
neglegentia,0.9756776
sen,0.9120612
laco,0.9031038
inminens,0.96200573
excuso,0.98504966
flaccus,0.9493146
satura,0.8186337
hor,0.7883284
anaxagora,0.9328519
hiber,0.88006127
inlo,0.87135494
carms,0.38625446
laetior,0.9503355
chromatium,0.90713525
iovinus,0.92402464
litterula,0.8155487
indivisus,0.9306489
heremi,0.59409314
sarracenos,0.8750856
marcellus,0.98586977
cannensis,0.87782466
hannibalis,0.9630781
seiunctus,0.9153851
taco,0.9270642
interiacens,0.9397061
ptolomaeus,0.98441255
attalus,0.9470785
pergamo,0.6910189
penuria,0.9853027
pergamenus,0.916231
alexander,0.8282602
regendus,0.96736777
dionysium,0.9091513
incesso,0.88721174
contagio,0.98025715
scorpio,0.97342396
contigo,0.8032714
conligatus,0.8628541
lumbus,0.98398024
euphrate,0.94894403
repperiens,0.89261985
aristippus,0.91205215
nabuchodonosor,0.9502927
catenatus,0.7874324
sion,0.98242867
inlumino,0.9627938
viua,0.9119507
sanctitudo,0.8299242
conforto,0.961462
puellaris,0.94773316
solido,0.98769486
ditus,0.9762814
patella,0.9305245
tritum,0.9126939
prouerbium,0.9248899
operculum,0.8320304
lupicinus,0.8877864
lucilius,0.96012795
lactuca,0.9430609
cardus,0.68669885
perforo,0.9732307
anno,0.9712127
prophetissa,0.95326406
arrianus,0.9640968
uirus,0.9764121
praeproperus,0.9454841
niceus,0.82522446
comicus,0.96946645
adloquor,0.94437444
ennius,0.9499303
rhetoricus,0.9622287
cicero,0.98054516
librarius,0.94211733
expolio,0.9798038
chromatus,0.92139006
eusebius,0.95650214
litterarius,0.8581202
dissuo,0.8988999
laelius,0.9234362
negotiator,0.9782244
operator,0.9559233
destructor,0.91750234
interpolo,0.9317533
exosus,0.96715575
expergiscor,0.95173895
scedula,0.8281833
solamen,0.9861711
iucundissimus,0.85951513
consortium,0.90264934
recordor,0.9723148
lynx,0.9091512
insio,0.93199813
postergus,0.77909076
necessitudo,0.96870863
litura,0.85699934
erado,0.9454049
caprea,0.95763004
ceruus,0.98788166
praedor,0.9757612
exaspero,0.964726
xluii,0.9732255
uiperinus,0.8205273
praepedio,0.9148489
nongenti,0.9728779
maledictum,0.98719436
recrudesco,0.8890361
quotus,0.9603917
quorsum,0.9846633
horatianus,0.9183748
ovum,0.6205188
indiges,0.5879003
litteratura,0.9744137
canorus,0.96808743
rubor,0.99142253
discrepo,0.9806185
tenacitas,0.9416132
obtundo,0.9555851
uiror,0.9489716
praemorior,0.89001125
luculentus,0.9199811
tullius,0.9706688
ingigno,0.94845116
fr,0.8374098
septuplum,0.96149695
fortunatianus,0.942824
aurelius,0.8212453
novatianus,0.9113934
scismaticus,0.6740023
simplicior,0.9346025
lagoena,0.8706623
inbuo,0.9552349
munusculum,0.9674317
orientalis,0.96673393
sophistes,0.9238198
paco,0.97813517
castalius,0.94918644
fatidicus,0.92983085
mugio,0.97236687
cortina,0.93590534
musa,0.98915935
armentum,0.9808204
tergeminus,0.89533174
iuuencus,0.9697255
cretaeus,0.8709029
idus,0.96390945
mitesco,0.97632325
spartio,0.8849821
argiuis,0.59974635
freno,0.98589265
institutum,0.9822757
ultrix,0.96333325
uulnificus,0.60691935
credibilis,0.96496975
ferro,0.899637
cognitus,0.90404224
herculeus,0.9646646
adsimulo,0.8642488
porcus,0.9788363
catulus,0.98559344
picturatus,0.91100526
corium,0.97569156
echinus,0.9396968
propugno,0.8749411
tortus,0.8336326
euolo,0.9771358
angusto,0.9861704
sollertia,0.9760998
falleo,0.96088034
tenor,0.9546088
sagacus,0.9666816
lentesco,0.85634696
taurinus,0.93309736
discepto,0.9687458
quodsi,0.97310925
bello,0.98734933
birrus,0.8083297
castoreum,0.78999376
nequeo,0.9904247
nimium,0.9875854
adseuero,0.9314059
stoicus,0.98308325
extrinsecus,0.97018814
deligo,0.9763403
pauperies,0.9799861
uago,0.97347295
aetna,0.9670486
adcelero,0.9446032
dissolubilis,0.95875716
inpauidus,0.8384013
debilior,0.88924646
obrigesco,0.92478704
instrumentum,0.9744463
interuerto,0.8243006
lacona,0.92853695
argolicus,0.96324146
inlustro,0.9737532
siculus,0.97505045
trinacrium,0.95125854
deuius,0.97392
morigerus,0.89711523
rhodanus,0.9788158
quique,0.98121405
barbaricus,0.9867143
dexterior,0.7710831
philosophicus,0.9236218
inexplicabilis,0.9765441
orpheus,0.9742332
gallicus,0.9728877
rubico,0.76568735
amoenum,0.954138
utrus,0.9039495
repto,0.97681653
unius,0.9328363
mercator,0.9812218
rauco,0.6017213
indocilis,0.9517863
liberior,0.9489718
quercus,0.9782096
consenesco,0.96563846
uerona,0.96030354
benacus,0.68511397
indomo,0.84570277
robustus,0.9810053
hibeer,0.854059
manlius,0.9571089
itala,0.9503176
tantumnis,0.9543607
commentator,0.9006156
impulo,0.8237681
hectoreus,0.89006984
achillis,0.9883524
vltrix,0.84355855
orestis,0.95786846
alcides,0.9745308
priamus,0.9703001
pellaeus,0.6734646
perempo,0.87077564
indium,0.9839859
poro,0.878011
aemulatio,0.9785866
emollio,0.9205046
iuuencis,0.89210397
nascentia,0.8558178
iamia,0.92773056
cliens,0.97698915
aeolus,0.95171934
boreus,0.9549292
alpes,0.9844644
salictum,0.79241073
fulmino,0.96440417
ornus,0.9067046
mineruus,0.96760726
achilleos,0.87938344
pharus,0.78082085
pererro,0.9673706
bruma,0.98764724
imbrifer,0.9519268
ionium,0.9426159
turgidus,0.9810229
tartareo,0.9172351
pulndo,0.9474026
petulans,0.9505906
liberus,0.9686712
marus,0.97260016
neuter,0.97999513
quaestor,0.9682904
aceo,0.90879154
coniugo,0.89883196
adclino,0.9346925
opacus,0.9815494
uirgultum,0.96899223
summa,0.96518314
ulmus,0.97944427
lucus,0.9858386
mixo,0.88944834
palladium,0.8491365
intego,0.84292376
exurgo,0.930173
strato,0.9003788
cytherea,0.8997547
pastoralis,0.9443195
lanugo,0.96730906
citharaa,0.93139505
doto,0.97126997
panda,0.71090806
imperuius,0.74166036
secedo,0.98462766
secundo,0.902513
eos,0.8888575
cunabulum,0.95888764
danubus,0.7670684
parthicus,0.9764151
recipiendus,0.9628357
maceria,0.9614103
illustrus,0.9461168
sarmaticus,0.90403944
saxonum,0.7542856
scottum,0.5726375
sollers,0.9852992
stilicho,0.81948555
hymenaeus,0.927353
abluior,0.8188562
dionea,0.6723227
floreus,0.97744364
adnecto,0.9342244
undus,0.95548666
permulceo,0.957947
larius,0.46598762
quieto,0.92851746
eridanus,0.93094414
diffugio,0.9834771
olor,0.9492533
thalamum,0.93475926
inuerto,0.8860706
sido,0.9327846
niliacus,0.956927
maturus,0.98676074
complexo,0.9426272
liuesco,0.8380777
neu,0.97897995
proteruus,0.946128
infensus,0.9685023
aliger,0.9383222
ilicet,0.9871485
pyrous,0.8931092
plumo,0.9393548
nymphe,0.96051836
erectus,0.9647945
cliuus,0.9643372
cauerno,0.91559374
pumex,0.91164875
rimosus,0.8765038
uulcania,0.74833965
ubus,0.5257561
pascuum,0.98735225
caerulus,0.98414445
immitis,0.96408975
impulsus,0.9813149
ueo,0.97464955
glaucus,0.97956777
liquo,0.93967545
abrupo,0.7217248
deuexus,0.91962016
recuruo,0.89866066
deueho,0.93446535
despumo,0.891528
multifidus,0.8426612
adflatus,0.8830224
acrus,0.98078907
fedior,0.95422435
lacuna,0.9569057
medentum,0.8214614
phlegethon,0.90769887
sulphur,0.9733027
accensus,0.9830164
lanx,0.9061001
ascribo,0.9451222
colus,0.9430378
flamen,0.98295784
lachesa,0.89691633
circumfluus,0.96914506
eurus,0.98851633
anhelum,0.7893547
vnde,0.9285326
fortunatuss,0.76330954
uiuidus,0.95399845
labere,0.92997766
colubra,0.8117746
cristatus,0.9229414
ditesco,0.9125146
hiemis,0.9386321
sera,0.9710729
assiduo,0.97076297
peredo,0.9084425
transcurro,0.97645247
defunco,0.97314334
bustum,0.98534364
debilus,0.7690988
adductus,0.9575023
proauus,0.96725327
fatus,0.9774015
festinus,0.98412156
gaius,0.97388315
obnuo,0.8672342
conuexus,0.9494332
accipiter,0.97668403
tigris,0.9891627
pelusiaca,0.8266462
suppedito,0.9337958
fudeo,0.9380608
phaethonteus,0.80622894
parcas,0.8997425
proscindo,0.96212804
nubilus,0.9544801
pluuialis,0.92534924
corus,0.85805804
elaeo,0.8574959
cancrus,0.97488075
procurro,0.9728076
libya,0.97411495
garamo,0.89880157
domitor,0.96308285
hebenus,0.733455
eburnus,0.9323941
hiemps,0.97358763
flagrantis,0.616872
radia,0.9873718
rubesco,0.96000123
cometa,0.9610789
uens,0.9259324
magnes,0.81094635
decolor,0.9049843
morsus,0.99343103
eeo,0.5383545
alga,0.9273609
con,0.92365086
correpte,0.885722
mauors,0.9390652
delubrum,0.9774915
roseus,0.9858562
dotale,0.8728804
pronuba,0.9376791
lasciveo,0.78839916
saeue,0.8992933
calliope,0.968211
pierium,0.9118008
boreas,0.9721681
permessus,0.6089194
feminea,0.957732
ra,0.89135563
maritalis,0.9621678
thessala,0.937637
abnueo,0.9629551
tanaquil,0.94981056
claudium,0.97885764
maeonius,0.92766106
charybdo,0.8410753
scylla,0.95640165
sirenus,0.93187284
transueho,0.97057307
cyclops,0.8514635
claudia,0.9188775
penelope,0.835205
procus,0.91626596
laertia,0.7712014
tela,0.94295675
uenerabilus,0.873976
patruus,0.9887569
bellipotens,0.9652982
britannus,0.9726075
gaetula,0.85008097
cornelia,0.98692644
libycus,0.97980094
destinatio,0.9372814
australis,0.97013557
lucina,0.77031845
hispania,0.98457825
traianus,0.98732984
messis,0.99256325
gallium,0.98974836
illyrica,0.81697136
equitatus,0.9676113
aerarium,0.975279
contenior,0.9424346
flaccilla,0.8619725
duria,0.7890886
cantaber,0.8680417
pyrenaeus,0.9429278
ceraunium,0.888577
refluus,0.94964457
redoleo,0.9645523
uiola,0.9765678
theodositer,0.47374803
penas,0.9104538
praesagium,0.97839546
augurium,0.98368615
adopto,0.98783976
thermantia,0.8374516
aequoreus,0.9854728
galatea,0.7283741
triton,0.601608
commoior,0.94409394
triuia,0.58544123
laudator,0.9337386
aurata,0.88831395
iaculatus,0.9188436
progressus,0.95756406
ulixis,0.8992542
mantuus,0.9121336
helena,0.97195673
lucretium,0.97074836
tarquinium,0.9817482
nubilis,0.93001854
achelous,0.9234658
hesperis,0.97041684
augusto,0.98702824
nexesco,0.8784441
rostratus,0.9556811
stilico,0.9202201
ingruo,0.96364284
grandaeuus,0.9737113
suffragium,0.9701886
cristas,0.5264158
uictricius,0.9674002
uerres,0.9136979
desideo,0.77706367
geta,0.96852034
tremebundus,0.95565605
orphea,0.8630823
hymen,0.8923356
sonora,0.8918178
lyra,0.9819665
gryps,0.8648239
hyperboreus,0.9501925
cycnus,0.90035856
pygmaeus,0.84860873
grus,0.958169
remetior,0.87115324
phoenix,0.97791064
cinnama,0.9365001
helico,0.8606769
altisonus,0.8031143
phlegraeus,0.91429466
oliua,0.98794544
falx,0.9757989
inflecto,0.9814649
auspex,0.90020186
despondeo,0.9373808
pieris,0.9209516
aganippe,0.6494568
adfor,0.8950559
marius,0.9197194
repertor,0.9176588
laetum,0.96114117
elegantior,0.8173075
lympho,0.9709029
prodigiosus,0.91161376
tepor,0.9764596
liquefacio,0.96915114
concerno,0.7519326
indomio,0.9361782
proditor,0.9840919
auctus,0.98009306
porrecta,0.8870646
lucidior,0.9390695
adfatus,0.86610425
derigo,0.8293911
reporto,0.9827886
candesco,0.75487846
meroe,0.83477604
proluo,0.7729798
ursus,0.9740294
olybrius,0.80917645
fertilus,0.8742362
maro,0.9586085
uacatio,0.97265494
inanitas,0.90466964
ingras,0.7592454
latia,0.88530934
graias,0.91839564
thalium,0.86795497
aper,0.97100055
mars,0.9383476
inclemens,0.9320085
podex,0.74989986
resplendeo,0.98550993
fecunde,0.48382127
cunnus,0.93236744
lambio,0.91731334
ultrus,0.9057389
pegaseo,0.8561206
metueo,0.91068304
cinco,0.9498818
achiuus,0.9482684
xanthus,0.92693865
balis,0.65241575
soceo,0.9367295
thessalia,0.9799621
spuma,0.9784199
zmaragdus,0.9334061
persa,0.98480135
dedignaor,0.9536507
armenia,0.99006975
augesco,0.938792
uenenus,0.9748889
hiemes,0.9130825
vto,0.873438
attigo,0.93223965
depasco,0.9665042
uictura,0.94174397
harundineus,0.8888907
iacobus,0.9459699
bartholomaeus,0.8485252
transno,0.8399938
histr,0.9059367
geticus,0.9346682
thecla,0.898497
uitrum,0.97132033
insons,0.9828906
pecto,0.9409919
inuisus,0.8832291
titana,0.7488041
vndus,0.5663001
inhumanus,0.95448005
semifeo,0.863872
comprehensibilis,0.8796617
infinitus,0.97998214
lepus,0.9739427
nixus,0.9224445
ocior,0.9862229
aulaeum,0.86698246
perpetuitas,0.9614805
trabeatus,0.90788823
cumanus,0.9504304
etruria,0.9684136
immersus,0.84689546
portendo,0.9558198
transfuga,0.9662614
eutrope,0.6830619
quaenus,0.9753574
iocor,0.91818166
bacchor,0.97844666
curulis,0.96122134
quirinalis,0.9547336
eutropius,0.9489554
erus,0.8427469
uenum,0.91788834
ruga,0.9310957
summitto,0.9857992
aduolo,0.9707817
armenius,0.96924114
nefans,0.60959136
galo,0.94406456
paelex,0.8450321
lucinus,0.69280905
scapula,0.9689133
aggredior,0.9757353
aeratus,0.83502126
laio,0.78568566
lena,0.8591077
longaeua,0.96342576
dotalis,0.9491979
eous,0.97091705
proieco,0.9279912
rugosus,0.919263
uomio,0.87822926
brumalis,0.9710585
trabeus,0.93138134
macies,0.98342586
culina,0.9550853
rapax,0.9842792
scabies,0.9698787
despectus,0.97575605
uetula,0.8554917
uulpes,0.9493233
ingemsco,0.9491501
dispositum,0.95932794
inexpertus,0.93865895
exilium,0.96562797
obsero,0.9760598
sublao,0.9755278
subiectus,0.9444629
marmaricus,0.86382735
asperior,0.9766676
taetrus,0.7413774
xlix,0.9721916
institor,0.97031796
caupo,0.9255091
pactus,0.93450856
bithynus,0.82240057
lycia,0.9613049
phrygo,0.9027947
uergo,0.98051846
supeor,0.96430093
cyro,0.9598484
pactolus,0.9340155
hermus,0.8062521
antiochus,0.97875917
seruilius,0.9584768
isaurus,0.9521104
phaer,0.95468223
metellus,0.9846966
eutropium,0.86573505
cilicis,0.8646442
pompeianus,0.9237891
arabs,0.97864646
ineptio,0.8771292
litis,0.9300308
inausus,0.594468
aggero,0.89553225
amentia,0.976056
caucasius,0.88900197
dignissimus,0.9538243
defensor,0.97694576
reuersus,0.928872
fictus,0.92312413
socrus,0.9727598
pertempto,0.9378686
pensum,0.8369293
lana,0.9760427
illido,0.933224
inguen,0.97733754
phrygium,0.91860294
ah,0.95175475
praetorium,0.9827027
thebas,0.8760423
troia,0.9599235
cadmus,0.9276875
scyllum,0.81741726
cinctus,0.9180746
obscaenus,0.91333973
simulator,0.9472969
simius,0.55675334
nas,0.9047595
obstrepo,0.9682952
proclamo,0.9799385
barbaria,0.95824814
phoebe,0.92702675
delphus,0.89764076
uestalis,0.95555764
bipennis,0.97225803
penthesilea,0.65955806
babylonum,0.9591208
semirama,0.9116029
mollities,0.96402323
uelutum,0.74118644
testudo,0.9705155
gadis,0.90866494
carmanus,0.8947472
assueo,0.78545845
delphinus,0.9296479
lasciuio,0.9857283
degusto,0.97402465
mollus,0.9653707
trabea,0.96764106
pas,0.7234183
caucus,0.7315209
transcribo,0.9335749
detondeo,0.85312283
defenso,0.9435756
assurgo,0.97699594
erego,0.875296
saxo,0.9099441
tethys,0.9085444
mitus,0.9694225
britannia,0.9680125
suebus,0.9318329
germanicus,0.96468306
phoebi,0.97201043
arctous,0.5657749
tiberina,0.86667293
inrogo,0.97797465
impunitus,0.96402
teutonicus,0.9215621
transalpinus,0.9619616
conflico,0.6723889
parthia,0.9056077
inertia,0.96778566
ammisceo,0.7141434
piaculum,0.97202283
oronto,0.54007864
obtestor,0.94928986
fabius,0.9590455
seruator,0.9565607
camillus,0.9812555
chrysogo,0.67513084
narcissus,0.9783031
mucius,0.9497498
trano,0.92704755
cloelis,0.8913404
saevitia,0.917092
asseruo,0.7992421
adempo,0.76470786
tarquinius,0.9949025
auersor,0.9151844
auernus,0.9535124
decius,0.8853406
torquatus,0.9654778
fabricium,0.9127268
poenus,0.97252
sicanium,0.7248175
marcella,0.76548624
coruinus,0.8610226
flabellum,0.65433776
perosus,0.9224678
exicio,0.86083865
infecundus,0.9559792
inquino,0.98010087
magistratus,0.9846999
auspicium,0.9882586
piraticus,0.96359146
gildus,0.91565347
scythum,0.931435
ostensus,0.9721325
ignobilis,0.978368
minae,0.98263943
coniuras,0.9074251
procumbo,0.96416056
arce,0.85777104
tremeo,0.8715228
ero,0.83185625
uexatio,0.9593636
hesperius,0.9383295
sibyllum,0.8671615
puldo,0.92239255
orbus,0.9781833
gradiuus,0.58404136
trito,0.720422
augur,0.9239172
caurus,0.81591475
insequor,0.98441577
mugitus,0.98537815
bosphorus,0.9429414
stygius,0.948197
nereus,0.9312029
neptunes,0.95554113
tridens,0.9231533
nago,0.95421195
lymphatus,0.77896005
fatalis,0.9575551
nedum,0.96689546
recensitus,0.89881337
nero,0.98214257
togatus,0.9208229
uelutus,0.661546
incesto,0.92755336
tribunale,0.8869729
constantinus,0.8975687
foeteo,0.89351416
plausus,0.93515944
flor,0.93908215
ancyra,0.747974
discursus,0.9729009
medus,0.98425716
crista,0.97248495
implacabilis,0.91556966
hydrus,0.78439933
mollitia,0.8597615
etiamnum,0.85380757
hesperia,0.92068887
oriens,0.9845772
sparsum,0.9491062
musso,0.95027864
dignis,0.90613556
brutum,0.983377
romula,0.6864869
thrax,0.94497025
macetus,0.8930789
consuetus,0.97352076
riphaea,0.69168353
ostrogothis,0.7817355
aegis,0.8311646
hao,0.62471783
remugio,0.8869888
affigo,0.9585415
nysaeus,0.8986372
inhorreo,0.9612738
urna,0.98388785
segnior,0.9745377
flauesco,0.9333676
ingratum,0.9345638
raster,0.9385253
quaeno,0.6515827
argiuus,0.92194974
histrus,0.8979814
inultus,0.9663893
impaco,0.79949045
uastator,0.94899553
epirus,0.94398665
illyricus,0.9454782
excidium,0.9868902
palmatus,0.93030405
descisco,0.96344495
iona,0.9741323
aegeus,0.9154283
insideo,0.98106796
apollinea,0.83369035
lauor,0.5886026
arctos,0.73432755
sangarius,0.87998486
icarius,0.7546706
maeander,0.87022114
marsya,0.773164
arar,0.8712219
cereo,0.86944556
desperatio,0.9762396
perditio,0.974771
propugnaculum,0.9783442
obstipesco,0.97102165
orgium,0.89129853
buxus,0.9212931
indolesco,0.8631617
lachesae,0.9395667
henu,0.97249657
lens,0.87331384
maeandrus,0.65599537
passura,0.86275977
finitimus,0.96447396
lyaeus,0.9715334
lydia,0.93553567
ululatus,0.9832473
atta,0.7552848
maduere,0.92531824
sons,0.96267223
timentum,0.92157185
incassus,0.9726632
gnarus,0.9702032
ingluuiem,0.7352508
compio,0.8337744
chunus,0.8972846
sarmo,0.90546536
empedocles,0.94165015
aetnaeus,0.88577354
sura,0.94560313
liueo,0.8918613
hosio,0.76722944
accensa,0.748009
hispanus,0.97662556
uerna,0.96650493
penates,0.9605801
obleo,0.9766397
enodo,0.8877218
detorqueo,0.9244554
tragicus,0.9481886
armenio,0.85678756
adsideo,0.96796894
conditrix,0.89528894
moderator,0.9445065
pecten,0.9588556
praebueo,0.93332064
aiax,0.9559503
adsurgo,0.955738
anhela,0.49474636
glisco,0.9479286
lanus,0.9391577
restitua,0.835646
phrygius,0.90078413
cauea,0.9362214
irremeabilis,0.94152117
adripio,0.92875445
bubo,0.96097577
hiemo,0.96039045
luxuries,0.9397195
aduigilo,0.60480314
confudo,0.9736775
abrups,0.8743685
leues,0.8210491
improuisus,0.955533
follis,0.9507353
damma,0.94406235
fugacus,0.63521576
perstrepo,0.970149
strao,0.91209745
pamphylus,0.9190761
cilicus,0.83035845
magnanimitas,0.95395696
pao,0.8635794
eumenidus,0.83612156
saeptum,0.7259846
inteno,0.9416982
amoueo,0.9784984
proturbo,0.9516275
letus,0.86549294
mitior,0.9751253
aonium,0.90786
thyrsus,0.78455853
uenatus,0.9350029
galla,0.9057746
monstrosus,0.9404965
castratus,0.9340266
inuidiosus,0.9239036
mollesco,0.9419621
ignauia,0.9829597
coniuratus,0.8943558
caucasus,0.950737
phasis,0.8475392
uberrimus,0.9587393
gemi,0.9175461
sarcio,0.968838
protendo,0.970088
zenus,0.7624127
impassibilis,0.92752135
implumis,0.79321337
laconus,0.59742355
tolerantia,0.9720796
chelys,0.913834
ordio,0.53048897
uotus,0.9867515
lauriger,0.70132315
priuatus,0.97822356
germanium,0.97402996
intremo,0.96407104
hister,0.97262377
arctoa,0.83768237
perdomo,0.94750875
persuasio,0.9678886
omnimodus,0.97783273
clipeum,0.94258034
glans,0.94483864
baleo,0.661072
fuo,0.85373867
thula,0.91537124
scottus,0.88127136
tethyus,0.8648843
euphrates,0.95970005
orons,0.9283525
caspia,0.94490385
sequo,0.86490774
pascor,0.9740596
imbellis,0.95606136
gaetulus,0.8766443
tabum,0.9690655
rubueo,0.95901215
cadentum,0.7168625
inuentor,0.97887444
traieco,0.9353328
atla,0.9175373
impauidus,0.9563691
pelion,0.8996637
inlustris,0.9628204
dodo,0.7464795
dalmatia,0.9807329
bromium,0.9286042
uentum,0.94657356
hebrum,0.90247715
arcadus,0.65226007
permetior,0.6325583
orion,0.975865
hispanis,0.92380214
fortunate,0.95706534
arcadius,0.76232487
quocumque,0.9806258
auarities,0.7323838
gange,0.91564214
tanaim,0.9016628
nilis,0.98605096
bacchus,0.98518145
iactantus,0.60421824
gabinus,0.6493635
effulgeo,0.9734806
palatinus,0.97525
circumuallo,0.9661128
parma,0.9235014
ulpius,0.8084032
massyla,0.87870467
orcado,0.8827492
maniplis,0.5562231
tritona,0.5603254
gorgoneus,0.8622638
maurusius,0.93988276
bocchus,0.8892533
tanaio,0.954651
atrocior,0.9552382
irruo,0.9611174
mysia,0.94179547
plaustrum,0.9880072
adflictus,0.9498538
ruitura,0.70149386
phaethontus,0.8286088
quadriga,0.9838151
radium,0.9616003
concentus,0.9704742
collecio,0.9758883
oblatus,0.93060446
inferiae,0.8857375
incognitus,0.9892148
garganum,0.78860235
appenninus,0.9393735
caucasium,0.68336266
infremo,0.9795993
profanum,0.92083985
aurifer,0.83641577
apollineus,0.9515031
profugio,0.9751308
profestum,0.80258447
tusculanus,0.92344725
senecus,0.9670318
fortuitus,0.9709294
callinicus,0.92524964
enitor,0.97387034
uerendus,0.98010194
corniger,0.93180263
hammon,0.9364796
delphi,0.902625
rabida,0.85921335
progenitus,0.9157645
uagitus,0.9380841
dianus,0.9550818
uenatrix,0.8901576
praesumptus,0.5765728
exprobro,0.9783371
insuetus,0.9767613
booto,0.9462216
augusta,0.88666654
ascanius,0.9699203
primaeuus,0.9691136
eurotus,0.85302967
tiara,0.60765946
agnouo,0.8682803
semet,0.9824927
ambages,0.9824152
olympo,0.96600896
interius,0.9219862
dure,0.974219
secreo,0.86891174
altissimus,0.98286945
suspectus,0.9716042
anxius,0.9832976
excubie,0.81392246
circumstantia,0.9413515
tyranna,0.97498417
edictum,0.97145
caesarea,0.9708761
dacus,0.9437896
eneruo,0.93968296
ualles,0.9650507
aries,0.98582697
obsidium,0.9389448
peditus,0.84672004
promptior,0.98178583
equito,0.97118485
obico,0.8260989
torpesco,0.96876967
pyrrhus,0.9587744
pergama,0.8407646
delibo,0.94827515
decimo,0.96659887
productio,0.8698078
araxes,0.76340127
euphratis,0.96645534
adsuesco,0.9559541
repperio,0.9678618
torquo,0.89494
fabus,0.94638693
prorogo,0.9601941
curius,0.97018373
fabricius,0.9773806
serranus,0.84767044
salignus,0.83036554
alnus,0.9487021
serenis,0.47143722
micus,0.92689717
libyae,0.9748326
pleiades,0.5799873
incomito,0.80879796
francus,0.9573858
siluus,0.938963
adneo,0.95632297
drusus,0.9490857
graia,0.9298685
corinthum,0.9420673
praeiudico,0.9630143
plerosque,0.9747361
spartanus,0.84147334
diffusus,0.81982476
latius,0.9508137
quirinus,0.9709718
augmento,0.94066405
uetustae,0.8114258
solonis,0.8843738
cornus,0.870473
rudimentum,0.9603505
clipeo,0.64381945
squameus,0.9738868
rutilus,0.9844543
threicius,0.9564534
petitor,0.98011017
praetempto,0.59710467
python,0.9207245
massageta,0.88706017
bimember,0.71947634
suspensum,0.9337918
ignesco,0.86044544
patula,0.89239526
uerbera,0.88757765
arion,0.9048646
cyllarus,0.78557
pegasus,0.9694578
hinnitus,0.9537162
ausonius,0.80001605
lacertum,0.95909566
memphus,0.9578966
niloticus,0.63074327
thybridis,0.9250703
extremitas,0.95703894
smaragdus,0.9669276
amethystus,0.84912735
hiberus,0.9680265
textus,0.9542513
picturo,0.8061309
ambitiosus,0.95834035
inuius,0.9610715
sidonium,0.9311342
pampineus,0.95301425
adaequatio,0.9149748
erythraeus,0.95463973
satyro,0.79226613
permido,0.86969894
danuuis,0.9036592
linter,0.9549678
arctoos,0.9225546
deuerto,0.9158711
marium,0.9500766
onustus,0.96617293
particula,0.95741326
defessus,0.9651151
irriguus,0.97395736
circumfudo,0.9242648
thybrum,0.91619587
inoffensus,0.92263716
didio,0.96799505
caelicola,0.96637875
gryphus,0.7639633
riphaeus,0.9200415
tripodas,0.9384525
echo,0.94001967
tarpeia,0.9462841
gigantus,0.90454644
caelo,0.89743084
feliciter,0.9800619
fotus,0.9249284
praelarga,0.52442324
eualeo,0.75056577
adludens,0.89414454
pharium,0.8114344
eoa,0.9024255
hesperio,0.62616473
deterreo,0.98150283
creuisse,0.8585897
europa,0.9770632
abiuro,0.8629142
parento,0.9296812
refercio,0.977155
bellatrex,0.5717672
antenna,0.82841873
profo,0.8186934
iouo,0.8816616
alaricus,0.9294195
percenso,0.89172703
relliquia,0.78684795
uulgaris,0.95507336
umbro,0.9262554
helias,0.92676795
phaethon,0.95553994
germana,0.9481964
efflo,0.9595772
ticinus,0.9665903
lycaeus,0.8257545
ausonium,0.86175954
periurus,0.95422745
ionius,0.9750959
arboreus,0.97961044
aucueo,0.6731087
adempno,0.5077874
apis,0.9761872
mellis,0.9221337
praecludo,0.9280448
fortunatus,0.94591576
go,0.9119802
nocentum,0.8568392
sequentum,0.9035397
negatio,0.87675226
tulo,0.9403074
siculum,0.8786471
oppeto,0.89396274
sallustius,0.9328706
lico,0.9570693
clientum,0.94623494
morbum,0.9774771
lustralis,0.6925744
bitumen,0.95125175
purgandus,0.95906675
atauus,0.9526248
flammeus,0.9617046
amburo,0.93354034
candeo,0.9819159
moro,0.9514885
praelatus,0.9314623
libyam,0.97439766
anteeo,0.9741427
capacus,0.8069156
benefago,0.93741965
gargara,0.88777685
pomerium,0.93969405
dissensus,0.7646978
lamento,0.97283167
pharsalicus,0.9089879
desueo,0.8954416
aelia,0.8547752
refoueo,0.9738498
sider,0.95947146
consueo,0.8135254
agio,0.76231813
adeundus,0.9428956
flammao,0.79834616
ithacus,0.88201684
rhesus,0.77234447
retfero,0.8620316
praeclarus,0.97426987
accusatio,0.9761689
recusatio,0.89742756
homicida,0.98405135
consequentia,0.9051582
receptor,0.93054724
traicio,0.92752826
facundia,0.98775417
rauennus,0.9063259
oceanum,0.98494333
fanum,0.9844135
metaurus,0.8719071
lentus,0.953515
sollertus,0.9210446
proco,0.8306307
substringo,0.7201418
insignus,0.7799301
uulo,0.91618913
decentus,0.8397787
adsiduo,0.97225285
madefacio,0.882995
muluius,0.7943357
grato,0.82211536
eucherius,0.90034497
dura,0.70328426
uirido,0.981024
hinnio,0.81341213
perversus,0.91774845
exaggeratio,0.91723716
incurso,0.9198416
persoleo,0.9211048
euoco,0.9842246
indefessas,0.6250141
obstringo,0.97342795
eradico,0.9658015
requisitio,0.8933069
assentio,0.93977094
caua,0.8984393
uallus,0.96115625
reboo,0.9235406
inconfusus,0.79773086
allido,0.9118964
phalanx,0.9545155
gyrus,0.94050026
cocum,0.8300827
caterui,0.8952221
uestigo,0.9629922
theodor,0.92722017
amplissimus,0.97683007
macetum,0.9024256
pella,0.8297474
commisdo,0.63135135
creueo,0.91710556
possedo,0.41365084
tonsa,0.9212461
iuuenilis,0.91849434
praeruptus,0.9265358
diligentus,0.95973957
discussor,0.823768
supergredior,0.9805749
exquisitio,0.79078424
damnator,0.90679955
consulendus,0.9499576
socraticus,0.96199965
chrysippus,0.93381536
athena,0.95221794
honestum,0.9645256
tonitruum,0.9811876
grando,0.9867548
tracor,0.50772846
ancora,0.93879163
aethra,0.9814219
reuerso,0.9417894
sollicisco,0.87862
phoeben,0.75417304
rectus,0.97354746
indultum,0.96166724
reposco,0.9688298
adgredo,0.7449448
transmisdo,0.7493249
eoao,0.7027131
tute,0.93239504
oebalius,0.90724313
confesto,0.89684033
lacio,0.9618144
rever,0.9587335
deses,0.9289764
scythia,0.97382784
temo,0.9178728
sardinia,0.9812118
cyrnus,0.8728142
trifidus,0.82786286
sicania,0.9268535
inoffensa,0.71394783
instrepo,0.85602534
praetermeo,0.6280007
danuuius,0.78052765
ganges,0.72760826
praedurus,0.91166854
expugnatio,0.97723806
uisob,0.92893255
poleo,0.7941542
nn,0.8229542
obiceo,0.9454773
nuntia,0.97160095
aonius,0.810625
helicon,0.88030016
urania,0.7901061
notior,0.9691569
summergo,0.9183641
erao,0.57582444
eleus,0.74625
frondosus,0.967717
clium,0.88440204
amphitheatralis,0.9326765
uenabulum,0.9623151
lycaonium,0.4974211
perfossus,0.72686213
obuis,0.9279226
pardus,0.94438255
leaena,0.96759015
siquis,0.98300445
facetus,0.9669213
pulpitum,0.93376845
cothurnus,0.97005534
moderor,0.90817714
lembus,0.8286896
pandeo,0.92621267
inrumpo,0.97581196
inferno,0.92409843
raptor,0.97849035
ternus,0.9820634
perlustro,0.92119485
raptus,0.95920324
exardeo,0.9855536
significatio,0.9878273
unctio,0.9659014
hydra,0.94320834
tisipho,0.8445871
titanium,0.87654114
relanguesco,0.7614285
maia,0.9016906
modulo,0.8811239
inmanis,0.93921673
maestissimus,0.816579
tremefacio,0.9514554
latratus,0.97954273
ianitor,0.9453985
cocytus,0.54912025
profundae,0.95083076
laetissimus,0.95307326
inglorius,0.96627694
saturnum,0.97876763
vnicus,0.89598835
uitula,0.93775016
luno,0.93767875
praestantus,0.94318855
clarius,0.6729542
trisulcus,0.90715843
ionia,0.8540748
inexhaustus,0.943491
detracto,0.97356427
multiuagus,0.65778327
sulphureus,0.9519793
turriger,0.6464695
intermico,0.88043386
fecundo,0.9463655
orbita,0.9816226
caros,0.9756501
iden,0.7147533
opaco,0.8412656
uaesanus,0.9213696
conticueo,0.9882159
chor,0.94130605
nuptus,0.91848266
decretum,0.9804299
atropos,0.78314674
thema,0.72485745
sicanus,0.9154198
inludo,0.9566225
pythagoricus,0.9641793
praepens,0.9313748
cometes,0.9792168
deuenio,0.9808874
incandesco,0.89872956
inlucesco,0.9302608
biga,0.92854774
pluo,0.96755576
superao,0.9173784
allecto,0.88326895
lethes,0.9143648
soporo,0.94761634
crudele,0.91399974
stygium,0.8311198
uacca,0.97499466
argon,0.92947364
adstrictus,0.96217954
despexeo,0.6721987
lepor,0.9819629
molossus,0.9671632
nouercalis,0.7961159
antaeus,0.8456378
cerua,0.95260596
impositus,0.9754171
inspectio,0.9698315
tirynthus,0.954479
riguus,0.8863205
emorior,0.94889206
gorgonus,0.7812674
obtentus,0.9803867
consonus,0.95479435
dispareo,0.9205723
cristo,0.8575474
clementus,0.87489843
paluster,0.9709836
alpheus,0.9515661
pelta,0.86020315
arcto,0.89877987
tanain,0.8207035
baccus,0.9631519
herbosus,0.97289705
madido,0.9121374
ferrugo,0.95995706
uinctura,0.8401039
creusum,0.9101791
abies,0.9607095
accommodus,0.93497175
cupressus,0.9516528
praeuehor,0.666841
thymus,0.7307372
cereus,0.9453573
fagus,0.8230734
fuscus,0.9416862
ligustrum,0.90407157
delius,0.76765543
cephisus,0.8560256
frugiferus,0.9275274
uimen,0.9433062
parthenium,0.85934305
paphus,0.67046565
perterreo,0.99094045
fumidus,0.82884943
sicula,0.79581803
paed,0.58664155
remigo,0.93396044
peneo,0.45280206
proleo,0.58695513
attoneo,0.9328419
delis,0.94103396
vnguis,0.7305174
deterrimus,0.72890055
apolli,0.79944515
clipeius,0.9676258
fraxinus,0.9728137
abnuo,0.95130765
quesueo,0.8274365
phleger,0.90580404
pruinosus,0.9150937
titius,0.974105
sere,0.8775462
iom,0.9602164
ida,0.833822
incolus,0.9529709
seius,0.9509747
purior,0.93476987
elysis,0.6385169
lunaris,0.9700582
parca,0.8827319
exhortor,0.96404994
decuto,0.94012505
genialis,0.9642276
cratera,0.8897904
canor,0.94055593
cerastes,0.8540941
adiudico,0.96555394
peruigilis,0.95403445
thaumantidus,0.8919374
protea,0.746207
saturnium,0.91685426
grandesco,0.93315125
vndo,0.512532
dissuasor,0.8927902
oblimo,0.78889763
ingeniosus,0.933326
releuo,0.98543924
exorno,0.9712763
nouercus,0.8859822
indiscreta,0.9211985
questus,0.932544
auertor,0.92167795
mus,0.9606571
sedulitas,0.9633722
inusito,0.8968433
zelotypus,0.9479906
demuto,0.90798026
peracio,0.72808206
nigresco,0.9634478
incomptus,0.90984774
dryas,0.8139009
tartarea,0.827521
uinctus,0.96953726
piceus,0.957123
exheredo,0.9816644
tantanus,0.84104925
traduco,0.97989345
iniussus,0.92789304
gemisco,0.8558246
quatia,0.86656713
segnities,0.95452094
mobilitas,0.9813934
commiseo,0.7655495
gracilis,0.9728768
conscindo,0.91471463
aranea,0.9617367
proiicio,0.96518934
presso,0.85991365
sicubi,0.96364504
electra,0.827005
alumna,0.8922757
contremo,0.9765499
rescio,0.8408954
improbitas,0.96722174
maluo,0.8025813
nectaris,0.7962223
attempto,0.690638
minerua,0.95439184
uiolarius,0.6626301
insisto,0.97874486
exspiro,0.9716631
scitor,0.74575096
sublo,0.9756963
resigno,0.93901
furio,0.96502864
hyrcanus,0.96898985
mobilus,0.8313606
dryadus,0.8056208
trinacrius,0.9226666
flagranter,0.8180847
madesco,0.9483062
ulterius,0.8557005
accingo,0.9526315
indefimo,0.9260855
conloquium,0.93249404
inuenia,0.89783484
syrtis,0.9825872
noctiuagus,0.8800844
adueho,0.9761431
tergus,0.95034367
robor,0.92913276
cedrus,0.9841421
habilis,0.960794
cupredior,0.92835367
pernix,0.9396134
subeundus,0.94780254
reuiuesco,0.81148684
taxus,0.80370843
megaer,0.9321202
cadmis,0.89388895
phlegethons,0.8453382
inieco,0.94599706
texeo,0.49155208
soporifer,0.5688808
incoho,0.8889419
festa,0.57958597
uoluio,0.70743614
iuno,0.82689476
squalidus,0.9535639
deseruo,0.804986
dio,0.7935582
adimpleo,0.95841944
phoebeo,0.9664527
concusdo,0.91805506
ioc,0.66459405
tripoda,0.5507343
porrexeo,0.79749644
praestantia,0.95315135
erupo,0.5597478
indecor,0.9026766
invo,0.9544164
mugeo,0.8177159
hercula,0.97460765
horrisonus,0.94901
euripio,0.88104254
cerasta,0.9143131
simulare,0.9140664
tago,0.9366411
exhauso,0.94543195
theseus,0.95373607
oress,0.91452634
ulixes,0.94847697
uolantus,0.50819075
terrifico,0.9477127
senhonum,0.61664826
propositio,0.8804711
coarto,0.96732605
tacita,0.8489679
arula,0.8074242
niuea,0.8447014
elaio,0.7865542
exsecutor,0.93720394
exiguum,0.9832196
septenus,0.92985237
fertilitas,0.97310245
cyrus,0.88996166
pugnax,0.9584117
cebo,0.6939473
socras,0.9324062
opulentus,0.99069977
simplice,0.9515116
blanditia,0.9777509
praetumidus,0.8964083
exscindo,0.9211985
sciron,0.8808894
diomes,0.9602371
cinna,0.9411496
deieco,0.8673214
magnanimus,0.9656529
praepeo,0.96015465
pegaseus,0.6817571
seruandus,0.9566547
torro,0.98237693
obiectus,0.964389
inquisitio,0.96649694
cauendus,0.967228
cavo,0.8965014
defectio,0.97893333
perseus,0.9590335
medusa,0.8008441
arcadia,0.8211726
lisbyae,0.93846524
gango,0.9622458
orcus,0.94671017
scyllus,0.71437293
uincus,0.9724572
dacio,0.732148
hunus,0.9740422
famose,0.792174
uitandus,0.9686455
insperatus,0.96164954
loricus,0.9632713
autumnum,0.9454394
revero,0.8818351
agnitio,0.97994596
iniquis,0.8090807
patibulum,0.978246
messor,0.97009236
bucina,0.9704587
delpha,0.74506265
arethusa,0.86397016
consultum,0.96210885
auctior,0.93935645
infandus,0.9592986
auxilior,0.90101695
imposo,0.69973314
expertum,0.7522377
caspium,0.9783831
interiaceo,0.9130411
torridus,0.9820638
mansuesceo,0.7899717
thessalus,0.8772789
emathia,0.8150599
pannonia,0.9855788
sollem,0.76899487
seminex,0.9681015
percusdo,0.97157955
exitialis,0.97605515
admodum,0.97802377
elegans,0.9717611
uelocius,0.9774376
languesco,0.9517087
etiamnunc,0.88552606
eximium,0.9745245
xerxen,0.9099244
gyro,0.9793239
infeco,0.9156901
gelo,0.93955296
galli,0.9431018
semoueo,0.9388182
lacedaemoni,0.8314639
arco,0.91904926
corintho,0.9594319
nonnido,0.7707837
obstupesco,0.98256654
effreno,0.86566615
sortitus,0.9794583
thulens,0.900207
quantacum,0.9604597
thorax,0.96339595
alana,0.9124745
haemonius,0.8581786
thessalonicus,0.86975026
corroboro,0.9729227
longissimus,0.9742694
inualesco,0.9526528
infamis,0.9744214
nocentus,0.74934655
neronianus,0.9419919
aegre,0.94791406
funer,0.6155418
regificus,0.8862513
cc,0.6234066
mansuesco,0.95583415
circuitus,0.97889555
indago,0.9678334
domitum,0.9066359
ensiferus,0.4588978
impeto,0.96359634
transuerbero,0.92559004
hauseo,0.86043656
dilacero,0.967141
tepesco,0.9683634
fraco,0.9609719
uiduus,0.97881
orbatus,0.6089475
assiduus,0.9783968
persoluo,0.9697486
inhumatus,0.9471282
triuium,0.96019465
calcandus,0.864325
pyramis,0.9251278
aeacus,0.9349991
cerberus,0.9033582
rimosa,0.67217696
uicinis,0.860206
quaesitor,0.9294751
animaduersio,0.9625732
perspexo,0.78178746
exaequo,0.954775
piscosus,0.91775703
uicturus,0.6237936
les,0.9591789
proluuio,0.48620772
inustus,0.54709315
deformo,0.98175865
menippus,0.743458
uarrum,0.9772638
confingo,0.9777249
thracen,0.79166085
decerto,0.96999717
hebros,0.5860592
pierius,0.9236248
dedecoro,0.9447357
potentus,0.94344944
rimula,0.85478324
persis,0.9605083
sabaeum,0.8746389
patera,0.9468957
belum,0.82809216
refugum,0.49877235
euincio,0.7938899
turnus,0.9051495
hector,0.9860805
chunor,0.9079804
flabra,0.9727521
cimmerium,0.9530143
hibernum,0.94028676
nimbosus,0.89259505
rastra,0.9025103
peremptor,0.96897674
ruituro,0.82637817
hercle,0.840302
colchus,0.95874363
regentus,0.962386
delator,0.9764715
illyricum,0.9853158
naualis,0.9816103
remo,0.9443171
parrhasius,0.882079
ladon,0.91721314
exhibio,0.89808196
inspecueo,0.86223465
belga,0.8924571
albis,0.88411933
uenor,0.98312813
francium,0.9119787
sunnus,0.6825059
concio,0.89319986
garama,0.7640811
obtexo,0.9084866
memnon,0.79217875
porus,0.9344884
coniuror,0.9017458
peruigil,0.97091055
clauis,0.9831294
incresco,0.9417565
briareus,0.67195255
euito,0.97014415
locum,0.972146
tyrium,0.9513415
exsilio,0.95031464
terrigenus,0.9447708
armifer,0.7059074
theophrastus,0.95978415
peripateticus,0.97645
mor,0.54120207
romuleo,0.68157834
tyrrhenum,0.94540006
suspego,0.6667006
harenosus,0.8498746
surripio,0.95811105
effetus,0.87866217
semesus,0.7931231
nasamon,0.94288135
mazax,0.9488126
alea,0.9410165
iugurtha,0.8717282
libyas,0.95591444
concesso,0.9598451
noxa,0.9884948
annexus,0.7736734
reseruo,0.9832144
creuio,0.88650167
uenereo,0.519891
ultus,0.94892156
sidonia,0.9205458
supellex,0.9714334
tartarus,0.87538564
foedissimus,0.9555409
potentum,0.9599409
excubo,0.9714141
corruptus,0.9718556
insidiator,0.9804921
hebeto,0.9634263
circaeus,0.7742063
expensa,0.9081039
absentum,0.8983551
condono,0.94922006
anteuenio,0.8905324
expectans,0.9642949
admonio,0.91440535
affor,0.9723507
ueris,0.7560851
candelabrum,0.97449255
deturbo,0.94431984
praeconei,0.82249504
poenio,0.93449223
pannonius,0.9618753
potor,0.80541533
exseco,0.7859841
iuuenesco,0.93440557
ispanis,0.71282345
baetim,0.7794625
scotticus,0.8052255
spica,0.98417723
praeso,0.8296851
fulguro,0.96539307
pallado,0.87946475
funestum,0.89781404
desio,0.97169363
circumfluo,0.93559194
iuuenno,0.9740676
adrideo,0.8585593
elysium,0.8164623
libeo,0.9501606
largio,0.9703318
es,0.8083891
proscaenium,0.83730805
auentinus,0.94288385
pallanteus,0.92915
argenteus,0.9890161
rutilis,0.90400064
praecipuus,0.98707676
titan,0.9691029
miserandus,0.52187127
natio,0.95369655
sponsio,0.9695227
sectator,0.969985
conseruator,0.86469805
inmodicus,0.95779026
ursa,0.9400525
cancer,0.9661602
urnus,0.91271937
aquarius,0.93136245
adludo,0.91022307
dinumero,0.96959656
alamannus,0.9864176
immodicus,0.9727729
capitole,0.93353635
numidae,0.9795879
affulgeo,0.72755915
casurus,0.9600291
honoratus,0.87147176
senonus,0.837919
lingonicus,0.7830467
arator,0.98051715
transmiseo,0.89195955
hiberi,0.6151432
athenae,0.9803921
theba,0.7114963
assyrium,0.97404075
perso,0.93372416
macedo,0.9577973
sibylla,0.9749716
numus,0.9604869
uesto,0.49880245
uectus,0.8006768
adsentio,0.8922025
mactus,0.9423624
coago,0.96758497
celebr,0.930922
pallas,0.8888209
inutilis,0.9899086
rhodium,0.96457493
midus,0.7688781
nuda,0.8722793
progeneo,0.90248775
perodo,0.58354026
teno,0.9512002
maurusia,0.7501539
perquiro,0.97882056
alpe,0.89407665
ceruum,0.7822919
ramosus,0.86843765
sagax,0.96506065
eruus,0.57763356
quotiensque,0.8945068
fragosus,0.4912578
elephas,0.93955827
gementum,0.8998459
ceta,0.89286625
baccha,0.86528635
transtrum,0.9026761
arcanum,0.9078847
tonus,0.79453516
claris,0.80477977
iutus,0.7196833
subuerteo,0.95423406
sobolis,0.9694133
disfero,0.9194094
laetificus,0.86605656
irrigo,0.966903
solstitium,0.9726188
leucus,0.7516071
leucius,0.4706582
uo,0.8740024
cassia,0.8180505
romulidus,0.869176
letiferus,0.9011038
prenso,0.8325983
palumbes,0.8892009
alcyon,0.8750234
barcaeus,0.7195912
libellus,0.97783357
cominus,0.8830521
montosus,0.7534788
italicus,0.9788567
seiungo,0.90201133
maeotus,0.8933652
hellis,0.8755132
sidonii,0.65696806
distermino,0.9760494
interfundo,0.88543415
salutiferius,0.9209893
aequiparandus,0.89381516
musicus,0.9685432
eridanum,0.84916854
inseruio,0.9291647
caluus,0.96408236
beccus,0.70248234
phryges,0.91598344
proueneo,0.8165644
retinendus,0.97245175
colis,0.9522739
desectus,0.9025876
organum,0.98702884
amabilis,0.9668892
perseveravo,0.88365316
philomela,0.96424603
medicamentum,0.9467555
rapo,0.6998612
sodomus,0.8276369
decusso,0.8697352
transgressio,0.9599761
tinnitum,0.45853335
labellum,0.9421493
ioppe,0.8115002
tarsus,0.9752752
properus,0.9442235
frendeo,0.94047153
antemna,0.8791629
nisus,0.98049426
haut,0.9868456
fornix,0.95168847
capa,0.9525521
rogito,0.93411875
infio,0.8796844
antemnus,0.89655787
cetus,0.946012
urgueo,0.9601432
prouoluo,0.93245083
limosus,0.9157997
digestus,0.7325069
golgotha,0.97022223
plantor,0.8208983
uiceni,0.8784119
cono,0.8442598
firme,0.85043025
multigenus,0.7896492
optineo,0.9822458
putamen,0.8599499
insolio,0.92385036
illuuies,0.89623296
ruricola,0.93355334
tremisceo,0.7653074
hordeum,0.98533267
crementum,0.93655837
complaceo,0.96070725
domino,0.9357673
dinosco,0.95695055
emano,0.95486575
percrebresco,0.8241054
resoluta,0.59756446
illicet,0.8174619
assimilo,0.9661987
lucesco,0.9435891
conserto,0.74339896
infusus,0.9042109
clima,0.8686094
eminens,0.9727746
deuinco,0.98478657
inexstinctus,0.4916014
aeolius,0.86268294
salubrus,0.684683
conflagro,0.9815401
praerutilus,0.67200375
pulchrius,0.94809896
rosus,0.97388005
incogo,0.8742501
prasinus,0.92108744
carbunculus,0.979566
odorifer,0.97972476
amomum,0.9541738
ingenitus,0.9172882
defio,0.9540491
purpuro,0.90472466
concreo,0.8689501
intercedo,0.9820479
manceps,0.8070015
potabilis,0.90585196
uiresco,0.9356587
beo,0.9368899
medicabilis,0.8694433
insidiae,0.9729954
oblittero,0.93223345
assidue,0.900876
abunde,0.94146824
refluho,0.84479755
praeco,0.977376
flammaa,0.9633692
procellosis,0.8393593
plangor,0.8372091
dolentus,0.6498534
monosco,0.955252
mittendus,0.9354093
prophes,0.9403365
delictus,0.9806968
maturesco,0.93912464
assuesco,0.94124615
primaeuis,0.96779203
diluuio,0.9399159
irido,0.80426836
exscidio,0.928077
portendeo,0.9386331
duceno,0.9473686
strepito,0.8726473
pago,0.6864041
intestinus,0.95632386
sodomo,0.9627765
lira,0.72960675
impeo,0.9623291
adedo,0.7934746
circumfodio,0.79547393
caudex,0.9258697
istinc,0.90983343
citus,0.9695546
retrorsum,0.9819194
coeptus,0.9258352
suggestus,0.8921008
hier,0.66509324
rhodus,0.91922116
fuligo,0.93901837
pirum,0.93601024
persicus,0.9581431
melum,0.94918704
crispus,0.91526675
pix,0.97373736
captio,0.90860957
acclino,0.82237935
adno,0.7931659
audacius,0.937263
caelestinus,0.9385524
comma,0.88846487
metricus,0.92636764
scheda,0.77200866
corinthius,0.95971304
desuetudo,0.8571851
inaniter,0.97836065
conceo,0.773335
emolumentum,0.97884697
philosophor,0.9718593
acerrime,0.9688939
philosophandus,0.7716616
sanctissimus,0.9621277
perscribo,0.97042316
episcopatus,0.9748066
oriundus,0.98096156
ticinum,0.8964762
scolar,0.8674438
catechumenus,0.9660617
duodecim,0.9807681
quindecim,0.9893503
commilito,0.9808887
frugalitas,0.97377884
regenero,0.94896895
candidatus,0.96755934
stipendium,0.9810453
algor,0.9739171
paupeer,0.71994144
prŏfiteor,0.94956607
tribunatus,0.9552895
exspectatio,0.9425386
biennium,0.9851965
posteaquam,0.96110445
gallia,0.98411757
vangio,0.90970737
donatiuum,0.9678315
missio,0.9693271
constantus,0.9097167
adsto,0.97092813
retrudo,0.8943331
eradicatio,0.88488376
absolutus,0.9305919
tas,0.85389614
exsequor,0.9817008
hilare,0.9161983
diaconatus,0.94778115
arte,0.946849
altior,0.98644674
exorcista,0.8674372
humilior,0.9540993
hilarus,0.92462593
mediolanus,0.8453038
aduersor,0.97967
propheticus,0.96616447
discessus,0.9698894
auxentius,0.87318516
arrianor,0.9229444
grave,0.8674518
gallinarius,0.87845695
hellebus,0.94310653
hilarium,0.84518456
triduum,0.9835012
ericio,0.95066047
euentum,0.932019
substituo,0.98539937
occultior,0.9418812
seruulus,0.96028996
aliquantisper,0.9841617
inspecto,0.95030737
turonicus,0.9558954
rusticius,0.85516477
ferendus,0.9733355
evoco,0.95826
despicabilis,0.9500797
sanior,0.9087266
illuster,0.91967016
defodio,0.97385025
praecipue,0.9877038
animaduersus,0.89615786
fortuito,0.9565832
psalterium,0.9502392
praestiti,0.91871583
dein,0.9659214
generalis,0.9749752
considerate,0.9333372
receptaculum,0.9784041
camelus,0.9867693
consepelio,0.90754086
altare,0.97037137
derogo,0.9624784
accommodans,0.9001281
conualesco,0.97779554
percussus,0.7669249
absoluio,0.9257754
quingenti,0.98820674
exsequia,0.9591274
aggresto,0.9493054
audacus,0.9470049
apparatus,0.9784373
acclinis,0.91940856
prostro,0.9770113
impositio,0.89354086
convaleo,0.92449206
frequentissimus,0.9471831
cilicium,0.98679125
obstupefacio,0.949335
pagus,0.9478754
aedui,0.89213306
reicio,0.974668
resupinus,0.87707067
consterno,0.9645015
culter,0.9772765
tan,0.66046816
curatio,0.8762877
accesso,0.96723425
paralysis,0.9277954
perinde,0.9461508
proconsularis,0.9267844
dolendus,0.91541076
exactus,0.9361359
daemoniacum,0.7905104
irruptio,0.9120498
turbatio,0.97233593
parisius,0.9536761
arborius,0.95144176
praefectorius,0.8438207
quartanus,0.91291803
arborium,0.9120744
superduco,0.9729576
deuoluo,0.9622208
confragosus,0.9576626
deprauo,0.9676212
inconstantia,0.9611532
clientela,0.86556584
occubo,0.9798517
conviua,0.90038055
evodius,0.8176689
sellula,0.789382
ualentinianum,0.97170633
ualentinianus,0.72985744
praelatio,0.9144263
reprobatio,0.9383273
martina,0.98080945
uehiculum,0.97456855
praeuideo,0.9800411
diuersissimus,0.78419805
insectatio,0.9236977
uspia,0.9594274
tabernaculum,0.9816493
anatolius,0.58773756
solet,0.9480047
attrecto,0.9720653
illucesco,0.92776346
diabolis,0.9322604
renitor,0.95789486
fantasia,0.89660037
auf,0.3592901
helia,0.97944534
rufus,0.9609089
antichristus,0.9702865
assumptus,0.84719443
calceus,0.9408645
illino,0.92809886
purpuratus,0.9448985
stigma,0.9682467
foetor,0.9621779
indubius,0.86640275
congratulor,0.97347593
contumeliosus,0.9693167
relinquendus,0.96948713
efficax,0.9509454
quantulus,0.91786397
perseuerantia,0.9269581
adsolo,0.9567389
italis,0.96963173
elimino,0.9426456
ferrarius,0.8420527
moer,0.9379508
leuamen,0.95041436
obtrectator,0.8783708
ingemesco,0.95271415
circumlatro,0.84356916
agnovi,0.8776884
rescisco,0.87389445
nonnisi,0.7976519
hebdomas,0.95375276
flagrantia,0.9678135
praefectura,0.9414418
ninguidus,0.9035372
praeclar,0.8648875
gabinius,0.82153547
ianuarius,0.91701716
nauiger,0.86079663
cognio,0.85637784
assuefacio,0.8492914
cudo,0.8410488
profectus,0.95878625
alphabetum,0.60841376
acceptus,0.97334075
ulixum,0.79280066
graior,0.88328606
casti,0.82231426
capo,0.9601198
conduco,0.9794471
indeptus,0.93981194
uotiuus,0.9504452
instructio,0.95932186
officio,0.9666909
iux,0.8733174
strator,0.9416951
sphera,0.9018259
uegetus,0.85119444
tendentia,0.56763464
coherceo,0.9640555
frenus,0.92548585
incentiuus,0.9572086
dominandus,0.90004593
decennium,0.9201211
neptis,0.94241667
uinetum,0.9414283
fiscalis,0.984344
carpentum,0.95229876
attentus,0.8527724
conseruandus,0.8726067
decore,0.9909326
persisto,0.96186316
fungo,0.95251065
ruptus,0.902871
ilico,0.96921873
econtra,0.9062665
iniecio,0.9507983
molitio,0.9235455
allicio,0.9455658
refertus,0.9594145
gothus,0.99546516
praefatus,0.7406421
comitiuus,0.887174
largitio,0.96764857
penito,0.92296207
profecio,0.94549674
uoster,0.70865977
irrogo,0.96684265
attemptans,0.4830513
iugo,0.90646094
pauefacio,0.8985866
dissuadeo,0.9541386
temptandus,0.94166446
perurgeo,0.9196233
prcimat,0.83622307
properanter,0.93484473
auxiliar,0.89202654
quoquo,0.6498301
impos,0.8572738
tolerabilior,0.8999482
quantocus,0.8473137
conteno,0.9127404
salua,0.70326567
epio,0.8569015
fartus,0.72887313
dissocio,0.96528506
prouentus,0.9633604
licenter,0.9548576
grasso,0.82764673
placatus,0.9536904
inhibeo,0.9615729
opero,0.9581057
anterior,0.917686
frustror,0.9452812
praeripio,0.95951647
massilia,0.9549664
crepido,0.9451308
generaliter,0.9755191
uacillo,0.95119905
solari,0.80921113
exsupero,0.97852236
prolixior,0.963601
explendus,0.50744134
quocirca,0.9245319
constans,0.9503392
regero,0.8866104
quinquennium,0.9733248
proscribo,0.9644054
nocens,0.9804183
mentiar,0.8810881
satur,0.940696
honorabilis,0.9519741
studiosissimus,0.9610223
adiuuans,0.90345764
quaternio,0.9022495
xxii,0.96046835
serapeus,0.9114325
exactio,0.968957
oportunior,0.9350171
qualescum,0.9135481
exortum,0.94383
excursus,0.975279
dignanter,0.9252957
repetitio,0.9699939
naevus,0.8684702
onusti,0.81423575
ignobilior,0.9050059
facilitas,0.98227894
assiduitas,0.97077465
inmo,0.79643196
academicus,0.90394825
collego,0.8966067
conscriptio,0.929483
paradoxum,0.75007844
compositio,0.90584695
xv,0.8893605
coctura,0.9473504
pridie,0.6685535
piper,0.94059
uncia,0.93706393
tritus,0.8834017
scripulus,0.7811785
iii,0.95422095
crocio,0.72019124
dragma,0.94380605
dactilum,0.80972415
dactilis,0.76831377
tritura,0.81777334
cupella,0.5470168
prostituo,0.98134863
locatio,0.96412444
absinthium,0.97198975
camerinus,0.90891945
ponticus,0.97746
thebaicus,0.5480515
costus,0.85898256
roso,0.83247596
sutilis,0.8312837
sportellum,0.6478593
spanus,0.8438759
levus,0.94876647
indignitas,0.9558151
faba,0.8295841
lagona,0.69849706
liquamen,0.9280866
salsus,0.9818526
sinapio,0.9520494
acetum,0.95470715
dulx,0.97843015
frigo,0.946763
ostrea,0.96339774
nucleus,0.86419475
pineus,0.85617447
farina,0.95332325
vendo,0.78199106
superscribo,0.86485887
imberbis,0.8891419
apollen,0.8889373
inlaesus,0.96697515
pico,0.88805944
sapa,0.9032017
accuro,0.8134791
tuber,0.8654101
vexo,0.82119703
digestio,0.95681345
pestilentia,0.9878351
suavissimus,0.8034863
frico,0.8689686
ii,0.9812037
gingiber,0.9456819
semis,0.9279425
apium,0.9267403
unc,0.4763081
petroselinum,0.9705728
origanum,0.8424224
eruca,0.82339257
hysopum,0.92959416
creticus,0.9135171
adscriptus,0.9487529
tensa,0.5259288
lectisternis,0.79884243
feriae,0.9628696
anethum,0.81459194
plusculum,0.7962755
coriandrum,0.9351688
ruta,0.8135622
deceo,0.79180646
contemplator,0.8597443
ga,0.5855163
nitrum,0.58634645
passa,0.75998825
caseus,0.9617211
semuncia,0.5689507
scripulum,0.75482476
cribro,0.9418361
contempso,0.9555602
feniculum,0.9103146
locusta,0.95436543
claudus,0.97460735
quadrigarius,0.76382065
lucanus,0.8225298
mortarium,0.94771767
scillus,0.78664285
scilla,0.8968576
asso,0.93717766
porcinus,0.96186155
cerebellum,0.8983241
astula,0.8532853
tessella,0.86162674
caccabus,0.8740376
coagito,0.8548274
elixo,0.9516884
derisus,0.9710128
adips,0.94120264
fasianus,0.9283939
derisor,0.9399858
xxxi,0.7799244
tantundes,0.956323
undecim,0.979689
callum,0.8418498
porcellus,0.89348805
balineum,0.89100873
amulus,0.73363495
subinde,0.95029885
eneco,0.9453666
tabidus,0.96857524
esus,0.84097904
seta,0.868858
porrum,0.940449
depilo,0.8146672
argentarius,0.9282347
aspargo,0.7980387
brevius,0.920352
fasciculus,0.9447974
bulga,0.71395487
gravus,0.93991905
turpius,0.7964599
uitellus,0.8616424
cepa,0.74416685
farcio,0.86148274
confectio,0.91636443
rutus,0.960752
condimentum,0.89748347
pinguedine,0.95896226
perquam,0.9529462
minutatim,0.93231523
pinguedo,0.9612054
elixa,0.9290211
requietus,0.7752091
homus,0.9337374
gladiatorius,0.93729764
perpesto,0.83722454
sarpedo,0.8387337
minutum,0.83713704
insolens,0.96998173
mulsum,0.9568128
iusculum,0.8540326
deferueo,0.93056214
decoctor,0.726553
asparagus,0.93897164
callosus,0.9255533
cucurbita,0.90482926
aerumna,0.97034836
cumino,0.6594291
duracinus,0.93038535
puleius,0.90545285
cucumis,0.95002055
ructus,0.865522
grauitudo,0.6921561
tenerioris,0.9277747
elixus,0.89784324
malua,0.9400227
pasdo,0.95126927
criminator,0.929755
pugnus,0.87773114
conditura,0.8829895
diogenes,0.8743923
herculis,0.92742836
stilis,0.9579219
raphanus,0.8826245
lascivius,0.83387125
coctum,0.92952263
purgamentum,0.80750924
caulis,0.7542579
intubum,0.8858919
dispicio,0.9620259
lentulus,0.9392239
hostilius,0.9026966
uenustas,0.9583318
mimus,0.90555334
inflatio,0.94668305
ix,0.9582469
histrionicus,0.7727671
foeditas,0.9765819
carduus,0.9226511
elico,0.865969
constupro,0.90044856
deminuo,0.9613649
sala,0.90014106
macero,0.93962646
capparis,0.9093436
minutus,0.86849093
aridum,0.94010556
religiosior,0.9426141
gladiator,0.9509458
glandula,0.81077266
excauo,0.79046315
torr,0.87015307
postridie,0.8627424
malleo,0.9547857
mercurius,0.96982837
cauterio,0.91373324
fusilis,0.9244188
uiii,0.9440533
perunguo,0.82933396
exsicco,0.96511257
assus,0.923892
abundanter,0.91856134
urtica,0.8912745
medianus,0.86512864
coctus,0.95806414
ostreum,0.8445485
desertus,0.82767713
recentior,0.87761396
sumen,0.95430326
turdus,0.8105298
calefacio,0.9554274
bullio,0.8875276
trulla,0.8858646
asininus,0.9286996
argumento,0.86021334
expeditio,0.9831383
onager,0.95907706
dispargo,0.79166996
praesumpo,0.58041894
affirmatio,0.7651825
perscruto,0.6311941
fringo,0.6944981
subtiliter,0.937938
mullus,0.5843211
ascalonia,0.83962655
solea,0.79290915
hemina,0.9299041
praesepe,0.96763605
pisciculus,0.9288058
asinarius,0.9135457
xi,0.9424902
contempero,0.81694984
subtus,0.9635274
persica,0.92650795
durior,0.9542285
pirus,0.93371236
ouus,0.8020731
refrigesco,0.9449644
minutal,0.9061141
coco,0.8556123
capitatus,0.8766674
pasdeo,0.78775656
testiculus,0.9248197
tracio,0.87247145
spatula,0.86345184
trago,0.65974313
capito,0.843086
abhorreo,0.96200293
uolgo,0.9079331
uiuarium,0.9163488
enucleo,0.9069126
leporis,0.9344125
inmitto,0.9831333
staticulum,0.7907797
comburo,0.9771003
lio,0.9334398
acro,0.61909324
cicer,0.94712126
lenticula,0.91677415
pisum,0.84975696
legumen,0.9713092
damascenus,0.85854805
commisco,0.8070909
mutilus,0.91739994
oblongus,0.9164843
puls,0.88509727
simila,0.9636743
condiio,0.9130744
miscendus,0.91732025
defundo,0.8204573
locupletior,0.9370245
castanea,0.89824486
plasta,0.9495939
coqua,0.8320205
argilla,0.9381238
circinus,0.9321332
plumbea,0.93077976
praeparatio,0.9350811
ocimus,0.8868866
pisa,0.838029
iuscellum,0.9594605
uivus,0.9486617
angular,0.7053777
obsonium,0.88189477
angularis,0.9422574
furnus,0.87696874
deorsum,0.98032415
sepio,0.8376473
praescriptio,0.95423174
surculus,0.9550595
paullatim,0.9598453
primordialis,0.9594688
rutum,0.7936138
struthio,0.81783986
dactilus,0.7726729
uarronus,0.7797686
pastio,0.71732116
piscina,0.9793579
anas,0.8353903
olla,0.9587644
obduro,0.9461347
cantabrus,0.8458799
colocasia,0.8107985
perdix,0.97631764
induresco,0.83033425
columbus,0.8781296
palumbus,0.74907607
anser,0.97299
sapidus,0.84091794
consuo,0.9592373
tio,0.87134635
psittacus,0.94452393
sinapi,0.8178582
numidicus,0.8868363
laterculum,0.8763772
praelego,0.9357756
laxamentum,0.92884374
sportella,0.7848842
exorbito,0.94768804
litoralis,0.81732863
eiectus,0.81441444
craticula,0.9086993
allec,0.7359897
ficatum,0.7764524
perditis,0.86705804
circumcido,0.9908229
proscriptio,0.96011376
ostiensis,0.8057045
biduus,0.9783791
assa,0.9047935
conspersus,0.9256767
amula,0.6577079
clibanus,0.9757155
buccella,0.9535366
coxeo,0.76454014
tametsi,0.9719119
alleco,0.86750036
dimidius,0.9630279
cultellus,0.94514966
perna,0.95269156
inlatus,0.9731885
bilibris,0.77189887
oblino,0.6152335
laridum,0.8515619
leoninus,0.89830416
cornuo,0.8000059
palmula,0.6627915
afer,0.98387605
avellanus,0.9018663
coagulum,0.6503459
adspargo,0.825631
spongia,0.9292288
adspersus,0.7772343
fungus,0.9158933
boletus,0.78013587
adfigo,0.9549042
prohibo,0.9182831
secure,0.9471065
tabella,0.94813275
frixus,0.8684882
aprunus,0.7078055
pinguus,0.94290876
piso,0.9141685
uenatio,0.97625715
ceruina,0.9197437
uoracitas,0.91394186
iuniperus,0.855158
uitulina,0.8156428
caprinus,0.9377332
sufflo,0.93971944
laureatus,0.86304057
interaneus,0.9290221
coagulo,0.9449078
uesica,0.9161705
farcimen,0.8486426
uetustior,0.9313183
impinguo,0.95656335
conscio,0.9417621
particulatim,0.9655441
receo,0.78815556
involutus,0.84397143
leporinus,0.83754075
macedonis,0.97000843
uanissimus,0.9158118
dementis,0.7374127
mo,0.8822494
lacinia,0.76709753
surculum,0.71343625
coxo,0.56439674
damascena,0.7298356
pol,0.65698826
tegula,0.959743
induro,0.9407159
assoleo,0.9132129
nociuus,0.9656638
demo,0.9556384
roboreus,0.79671705
conchylium,0.9316364
sardus,0.9474299
sardo,0.82196665
seuerior,0.9130138
moderatio,0.976826
cordula,0.7290988
quotcumque,0.88003266
silurus,0.8875721
salso,0.7328565
aleus,0.75616425
aegrus,0.87516373
statiuus,0.9148364
ambulatorius,0.8750931
mixtio,0.88748974
cornutus,0.9359164
comoedus,0.84727734
fuscianus,0.9428325
perca,0.86011755
serpyllus,0.9011927
murena,0.88735074
pusio,0.76117194
graeculus,0.83939147
claudius,0.9697174
uenalicius,0.72415316
imprudens,0.9704292
mollissimus,0.8993418
anguilla,0.9516123
crocum,0.8834207
cariofilus,0.9554999
papauer,0.8822374
apo,0.91680574
saluia,0.8248717
iuncus,0.9053245
granatus,0.9309281
condus,0.7611952
caulus,0.8917533
uaporo,0.9585338
unguo,0.9337276
minutissimus,0.9142187
spissitudo,0.8988924
inuestigo,0.9537668
infereo,0.51565593
intingo,0.9015389
l,0.9463831
sicci,0.8372556
exsuco,0.879743
coercendus,0.9492169
caesarianus,0.8788746
mutabilitas,0.9777539
localis,0.9244261
motio,0.9037572
eruditio,0.9410672
paenitudo,0.89399105
magne,0.9731331
nuncupor,0.6836992
obnoxium,0.9662682
paucitas,0.983238
inordino,0.7976211
retributio,0.9723002
illecebrosus,0.9405768
inhabitatio,0.91421545
aggrauo,0.9164848
falsitas,0.95487577
exercitium,0.97839606
illustratio,0.88839734
coniuratio,0.98092604
despectio,0.95971173
exercitatio,0.969899
iudicaturus,0.9689629
aedificium,0.9901607
convenio,0.90863967
uernacula,0.7180916
inreuerentia,0.8669361
praeuaricatio,0.9497398
uenialis,0.94750714
malefactus,0.93044823
alveus,0.9240061
sanna,0.83367145
uisibiliter,0.8890861
sensibiliter,0.9494549
intelligibilis,0.84603286
usitas,0.83443445
quietior,0.86143637
cunctatio,0.9533432
rationabiliter,0.9556545
retentor,0.86617684
carthaginensis,0.8298666
sumptuosus,0.90749496
exsultatio,0.88586235
observantia,0.93105066
zizanium,0.9459775
gloriose,0.9656011
absconditus,0.9782342
ascensio,0.9488505
conturbatio,0.8820276
robustior,0.95164925
profico,0.9437454
tranquillum,0.96236086
firmamentum,0.9705826
praeordino,0.9251721
illuminatio,0.89481467
intellegendus,0.97383356
perdio,0.9151124
reprehensor,0.91618025
oporteo,0.98166955
efficacus,0.9349011
configo,0.9840922
intellectualis,0.93464506
uitiatae,0.8002612
flagrum,0.957035
viuo,0.8264168
oboedientia,0.9801514
excellentior,0.92645234
perturbatio,0.98569036
mutandus,0.91022366
praescientia,0.9699325
beneuolentia,0.93204606
cooperor,0.9543311
principor,0.9131317
provido,0.8277386
asseuero,0.93751156
patresfamilius,0.8727847
administrandus,0.93717945
indecenter,0.94851303
acceptabilis,0.97359014
uanius,0.82676554
aristidus,0.8691244
inuentio,0.96294796
petitio,0.98021626
impetratio,0.8095464
studiosior,0.9712182
pacatus,0.9187163
reciprocatio,0.89682186
distributio,0.98361653
difficulter,0.96897477
interfectio,0.94444287
execror,0.9792172
rumino,0.96756166
ruminor,0.7839693
servio,0.9007001
coheres,0.9860162
numerositas,0.91268724
obstino,0.9637865
aeginus,0.8411712
piraeus,0.86062574
aptius,0.94260716
correptio,0.9690894
denuntiatio,0.9640534
putrefacio,0.9683283
concremo,0.96394086
liberaliter,0.94803166
serviliter,0.905449
pluralitas,0.90750086
immergo,0.9638378
inoboedientia,0.9711514
nescis,0.86417866
dominator,0.9829121
attineo,0.9595598
forinsecus,0.9834062
ta,0.8122668
uosmetipsos,0.93126833
gnor,0.908774
adeptio,0.90077746
uosmetipes,0.51248306
inedium,0.9797152
incomparabiliter,0.9549127
tolerabilis,0.9613167
perceptio,0.966269
continuatio,0.7093221
substraho,0.7301027
ablatus,0.98181117
fenum,0.908697
congredior,0.98511237
tenebro,0.8062773
auersio,0.93965364
iubo,0.8340572
amissus,0.9372215
desertio,0.86057794
coaequo,0.9688464
instigo,0.9229235
permansio,0.8072485
nuntiatio,0.78418684
praeputium,0.9850272
praeputio,0.8955601
successio,0.97759104
insanabilis,0.96840143
gratuitus,0.9426378
additamentum,0.9273368
sibimet,0.96537876
expugnator,0.90283144
adulterinus,0.9700453
inuestigabilis,0.9497361
theologia,0.873558
litera,0.8996
indixo,0.93894774
elatio,0.95977116
pertinax,0.9771305
impossibilitas,0.9062987
insinuator,0.83051276
inseparabilis,0.8664626
putredo,0.9812807
synagoga,0.96227694
eva,0.90207386
sco,0.8865404
coniecturum,0.9585172
ubina,0.62474906
humidus,0.96026206
essentia,0.95923376
consempiternus,0.8500194
incarnatio,0.8703363
unio,0.974452
conceptio,0.9773046
relatio,0.94709814
capeo,0.9250088
detrunco,0.96317077
sabellius,0.97204304
adoptatio,0.7611711
genueo,0.9613309
intemporalis,0.88759834
passiuus,0.95193017
obseruantia,0.93613446
interpello,0.9836224
dimittendus,0.90882456
separatio,0.97519636
septentrio,0.98243177
adoptiuus,0.9730934
propitius,0.96826446
inseparabiliter,0.9290498
separabiliter,0.8959798
patrocino,0.88969654
ueraciter,0.8074926
mendaciter,0.95029914
enuntiatio,0.9544756
consequenter,0.92619747
substantialis,0.9358891
stillicidium,0.9717458
quispiam,0.9551934
adaequatus,0.8612566
uniuersum,0.93193537
impugnatio,0.9125954
ignoratus,0.7176405
expuldo,0.9792954
intellegibilis,0.9462689
sensibilis,0.93076295
dupliciter,0.9025073
antepono,0.97445035
potentatus,0.92459893
satrapa,0.9716689
favilla,0.96918845
felicis,0.6756631
orthodoxus,0.9112724
tradendus,0.93158495
milesius,0.9456854
austeritas,0.96451193
macedonianus,0.83878815
apollinarianus,0.818925
sabbatianus,0.8029804
innouatio,0.9330139
eunomianus,0.91824746
montanista,0.9513851
fryx,0.72330034
borborianus,0.9418413
messalianum,0.92378056
enthusiasta,0.9426944
donatista,0.9082788
audianus,0.8844904
hydroparastata,0.93965626
photinianus,0.9504565
paulianus,0.936636
marcellianus,0.88571715
cohortalinus,0.8050417
donatio,0.98117316
refragor,0.9507997
promulgo,0.96363056
qualitercum,0.9519617
procurator,0.982118
imio,0.94262075
dissimulandus,0.9440545
albina,0.8821708
avus,0.90509033
ineleganter,0.9406179
centimetrum,0.83062214
metrum,0.97611344
finalis,0.9021424
solutio,0.96959966
ue,0.94921416
iambicus,0.9468117
dactylicus,0.9087539
ionicus,0.88956463
carptim,0.92151207
iambus,0.91959333
spondeus,0.85934186
dactylus,0.8839542
iunctura,0.97384584
tredecimm,0.84873486
determino,0.9587984
dimeter,0.7839883
catalecticus,0.54726565
trimetro,0.9621267
decoraa,0.875938
tetrameter,0.903106
trifarius,0.823035
salveo,0.9618279
meles,0.9124058
pancratium,0.8744964
subulcus,0.89277023
sapphicum,0.86280376
xenocrates,0.89113516
bifarius,0.9537118
thracium,0.83124626
principaliter,0.96792436
garrulus,0.9848335
zenon,0.810094
luridus,0.62695265
comulo,0.60881996
pentameter,0.9629452
heroicus,0.9427973
hexameter,0.9282047
bucolicus,0.9388882
aeacides,0.8622252
hectora,0.94614816
properante,0.8137851
allego,0.9341372
nonnisus,0.9568619
alma,0.9394336
praeiudicao,0.82287204
agnatus,0.94135666
dulcisonus,0.94316125
uersifico,0.8708953
caecilis,0.8045952
alacritas,0.9644324
supplementum,0.9713338
atrus,0.8844748
panicum,0.8950302
semideus,0.8084869
infor,0.93445307
seres,0.8078149
elegiacus,0.8916123
elegia,0.80234367
aeolicus,0.8735421
poema,0.9683702
faunis,0.7848282
saturnis,0.9165877
isus,0.6879087
herous,0.8505676
dn,0.9666303
terentianus,0.81810015
separatim,0.980239
replicatio,0.9585204
fidicen,0.83185697
crimino,0.6564213
oda,0.9148207
ode,0.67674774
subnoto,0.81543475
edio,0.9233893
sabi,0.7000867
parcior,0.96568596
licinus,0.7850607
fugientus,0.4243286
aemulor,0.98083925
aelius,0.9456405
subscribo,0.9600957
inachus,0.8647026
tricolus,0.63749564
trimeter,0.9342536
asterium,0.7550792
candidum,0.74217534
optumus,0.74438435
arabum,0.9298586
inmeritus,0.8743682
uarus,0.8611356
duodecimus,0.99088895
quoquis,0.7807435
scelestis,0.9173119
seposio,0.76457345
caecubus,0.47947025
aristotelicus,0.87808573
pronomen,0.96716374
uirgilius,0.98187983
georgicus,0.9600775
elocutio,0.962218
cohaerentia,0.9124899
participium,0.9672253
interiectio,0.97573256
aduerbium,0.837862
communiterve,0.9651573
sibilus,0.8917511
advia,0.90382355
appellatiuus,0.93573606
pluraliter,0.98894095
pluralis,0.9668331
positiuus,0.9375665
superlatiuus,0.96740395
disertis,0.92402625
ablatiuus,0.92105687
nominatiuus,0.90035504
genetiuus,0.9569107
danaum,0.7845594
uelocior,0.96518594
uelocissimus,0.97006553
inaequaliter,0.8412931
siqui,0.8674769
datiuus,0.95282733
moto,0.8162527
ae,0.8941699
diphthongus,0.9285767
declinatio,0.9709082
vocatiuus,0.9334775
adsumo,0.9765438
uocatiuus,0.8283596
octavus,0.5402416
semiplenus,0.87778854
bipertitus,0.9572191
demonstratiuus,0.8902409
possessiuus,0.8300757
similior,0.8869444
mutuo,0.8975574
excudo,0.9312171
suppeto,0.9869555
mis,0.8418637
busm,0.8802427
j,0.53758365
adtribuo,0.8731333
indicatiuus,0.9514544
imperatiuus,0.9352019
coniunctiuus,0.9424976
prolao,0.9360274
renuntiatio,0.8683738
cantandus,0.91129756
meditatiuus,0.7884089
calesco,0.95530546
lectito,0.9407101
trigonus,0.9196309
rium,0.6451117
scus,0.34470648
neutralis,0.9160097
coniugatio,0.9462415
correpno,0.7227525
scriptitas,0.77368474
so,0.9111298
actiuus,0.8730427
mundialis,0.96875113
bo,0.88234246
accusatiuus,0.95811945
criminor,0.92449176
inperfectus,0.7874948
inmineo,0.9640382
infinitiuus,0.8767942
praeteritum,0.93857884
uirgili,0.8639306
horatius,0.94847125
anomalum,0.5938242
aduius,0.92524004
illac,0.9546493
er,0.8385936
agilis,0.9663149
agiliter,0.87170696
anomalus,0.92254317
accusativi,0.92162544
pedalis,0.8443249
benevens,0.88236296
beneventum,0.94235945
dativus,0.92768526
philippicus,0.88184714
licio,0.74750227
consonans,0.9562067
euphonia,0.8338505
dus,0.7899464
r,0.82079923
ko,0.7125046
usurpatio,0.93798864
latinitas,0.9372537
aba,0.593258
subtilior,0.9643933
iio,0.86210316
disiunctiuus,0.94159615
disiunctio,0.922193
asseueratio,0.84956825
disiunctus,0.885711
causalis,0.9076514
anchises,0.85110945
postpono,0.96587425
xxx,0.8002516
maronis,0.57730514
saluste,0.9732772
aduio,0.7218937
cla,0.93115216
destringo,0.96121037
interpositio,0.9295386
cipio,0.8419292
postposio,0.6550324
humanior,0.9398849
conseruatio,0.9224231
incolatus,0.942591
enormitas,0.95812213
patrocinium,0.9689122
gubernaculum,0.9316525
pestilens,0.96357816
semivocalis,0.86298484
muo,0.6959745
syllabum,0.9616467
malagma,0.87061983
aspiratio,0.93705934
elm,0.46418795
rt,0.9148573
propemodum,0.9092551
lancia,0.80965674
f,0.8828741
b,0.8607791
h,0.88450086
qies,0.7736651
ht,0.8674288
q,0.7535776
qum,0.5696115
yt,0.714916
z,0.7813936
nemorosus,0.92266107
tou,0.90560913
gramma,0.8621347
abusiuus,0.92342347
physica,0.84014404
atroia,0.9346907
diphthongo,0.86184967
eu,0.8521954
deprehensio,0.74870396
inflexio,0.9384364
le,0.697236
pronuntiatio,0.95878536
deriuatio,0.8500607
puta,0.9213075
quaepia,0.89247185
inuestigatio,0.95132124
uergilium,0.9384173
aonis,0.8636148
diphthongon,0.9671791
subsequor,0.98497576
conlisio,0.8871525
eleuatio,0.91535664
thesis,0.8645754
accentus,0.97062016
arieto,0.7344088
duplus,0.98881
molossum,0.8872819
dimidietas,0.84472746
duplius,0.9399042
paeo,0.62149215
nothus,0.907608
prus,0.8678509
uolvo,0.6556618
ducatus,0.96509045
syllao,0.80468285
deprehendio,0.909166
retrorsus,0.9761564
roem,0.70055246
mu,0.63990325
disyllabus,0.86673886
cem,0.5912303
arcades,0.8281663
p,0.9054072
mx,0.8379077
t,0.9149531
positura,0.9401947
distinctio,0.97759926
subdistinctio,0.93424153
plautus,0.93165076
manis,0.7955625
publius,0.97673565
pompilus,0.97513354
libertus,0.98561513
deriuatiuus,0.8949102
scholasticus,0.91918874
regulum,0.86339015
tuder,0.8013864
agnellus,0.82922745
mantum,0.48686698
didus,0.6423445
attestor,0.87787074
achilleus,0.8815919
agamemnon,0.9355607
on,0.70474124
synonymos,0.8909958
aeacido,0.89384
uitricus,0.9035193
atris,0.94709015
ia,0.51572627
adiectiuus,0.757391
qualiter,0.98292756
neutraliter,0.97259015
tunico,0.7752198
simillimus,0.9338026
ovidium,0.7376592
lea,0.7946129
domuncula,0.9562397
rana,0.95235413
betum,0.75114334
horatium,0.88702095
salustis,0.81085503
petronius,0.8656938
teter,0.96244097
inperterreo,0.90509874
converto,0.95228356
monoptotus,0.88036686
mula,0.9649905
regulis,0.80863476
indubitabiliter,0.89177597
tibeo,0.9142983
uulcanalium,0.7883343
analogia,0.80846596
proportio,0.90474683
mediocritas,0.9634665
mopsus,0.9442359
boeotus,0.88471705
cuias,0.93500656
optimas,0.980832
ella,0.53156453
cuius,0.83684546
praetor,0.9732719
defectiuus,0.9438047
uolum,0.69397473
volo,0.61811626
tondeo,0.9813287
k,0.6372397
lancino,0.8741242
hornus,0.82176894
indulgentus,0.8874601
indulgenter,0.658087
faciliter,0.86546534
difficiliter,0.9330875
mundior,0.91244346
terentius,0.7057214
duriter,0.9013102
lugubris,0.97467977
lugubriter,0.83343077
inhonestus,0.9773298
adiectio,0.9830146
iunctum,0.7979712
iulus,0.9336637
noctu,0.9798032
desursum,0.96639085
plenissimus,0.9691906
pudens,0.9298939
osus,0.6585528
allegatio,0.9397431
licentiaa,0.89241266
ingenuitas,0.98288906
tunicatus,0.84527326
regulariter,0.9284147
furibundus,0.97269344
moribundus,0.9209895
coniunctim,0.9350036
circumcirca,0.8286805
longitudo,0.9897888
confio,0.69508207
detractator,0.8056363
ficium,0.8534716
casualis,0.9044586
metaplasmus,0.8402503
schema,0.95535576
tropus,0.9223671
plinius,0.95210075
prosus,0.9419104
barbarismum,0.84505594
detractio,0.9403595
transmutatio,0.95191586
induperator,0.932501
pronuntior,0.85470456
achilis,0.594183
collisio,0.8453152
tenuior,0.8987545
suspensio,0.94280523
exclusio,0.8589405
ee,0.84664726
nullatenus,0.96381783
etymologia,0.84179354
salueo,0.9325066
scopa,0.8803741
lucilus,0.85360473
accidens,0.91008556
dardanus,0.9721628
planissimus,0.9499624
plinium,0.87489545
studo,0.56939733
metaplasma,0.6592648
additio,0.8265795
grammaticalis,0.78398764
subdivisio,0.856852
honoror,0.96934354
aquilinus,0.96933436
brevio,0.9193697
tripertitus,0.96949095
nus,0.8738264
aequinoctialis,0.96584505
isemerinus,0.85150003
solstitialis,0.9727996
demero,0.57552123
quaeuis,0.94850993
profatus,0.8917029
pronepos,0.96153563
fugium,0.9404411
seds,0.75207275
municeps,0.93905675
pependo,0.7870704
amicissimus,0.93345493
el,0.8496553
il,0.6736551
ul,0.543311
ir,0.45009455
lien,0.73784983
genitiuus,0.9312539
palladus,0.8265468
arm,0.7956497
far,0.9775616
bipes,0.89021194
norum,0.820277
afrus,0.9854984
arabus,0.9524718
fameum,0.95843357
alego,0.83022314
decurio,0.9657732
phoebo,0.56679285
corcodrillus,0.8980545
heri,0.9571276
consacro,0.6892516
uerisimilis,0.95605314
cis,0.81807
seculum,0.98317945
celestis,0.91840994
puellus,0.89945215
gabriel,0.96711254
johannes,0.8508719
enus,0.89682513
cealestia,0.8036733
hydria,0.89300907
centurio,0.97311115
qitulum,0.9444655
uartus,0.615759
eger,0.7883752
judo,0.5188543
comparis,0.7537256
y,0.67851096
tarta,0.9647458
elum,0.61730766
celis,0.6317302
ascitum,0.5784464
pontificalis,0.95271325
detractans,0.88657546
expedimentum,0.6933664
appellandus,0.9589411
exin,0.9843127
affluentis,0.73588264
primoris,0.96197844
concupio,0.66283804
copiosior,0.8493759
incircumscripio,0.9278163
congretto,0.8316908
glorifico,0.9804622
uultum,0.7228776
uasta,0.8429142
inhonoro,0.93016154
magnificentia,0.96628547
pinguesco,0.9550158
iocundior,0.85896134
obsigno,0.8993695
sermocinor,0.97815394
uio,0.9647545
irradio,0.95172596
sicca,0.9025232
pluuius,0.9492583
illapsus,0.89268154
cotidianum,0.87241614
inspico,0.905247
sinai,0.97360533
interfluo,0.9008747
densissimus,0.9410845
buccina,0.9086429
remuneratio,0.95669407
desiderabilis,0.97274804
inhabitabilis,0.9480617
idumaeus,0.88927925
inaquosus,0.93610245
iorda,0.9711124
dividuus,0.71814424
exsuscito,0.80609995
rixosus,0.7079142
spurcitia,0.9411876
baptismus,0.84015787
confestim,0.977292
onmis,0.8774303
circumstrepo,0.921316
confuto,0.9631681
remotio,0.88828367
latitudo,0.98649645
caedendus,0.9002976
proveceo,0.89094126
promptuarium,0.9244652
conclaue,0.96366185
providentia,0.9560037
trifaria,0.90978813
munificentia,0.9790537
provisio,0.9564151
temporarius,0.9179996
diuerto,0.9700617
magnificentior,0.8292345
gymnasium,0.9477205
inedia,0.884017
circumspico,0.8337296
firmior,0.9622042
evangelicus,0.9495666
desis,0.92072535
incuriosus,0.95373535
exsero,0.8923818
poso,0.8723241
proripio,0.9630433
flagrantus,0.77717334
haierusalem,0.9478957
athe,0.86894584
septum,0.9593593
propugnator,0.96385586
commeo,0.97552484
abditus,0.90752554
spinetum,0.9294019
adulo,0.91132134
pascuus,0.95913297
seligo,0.82715154
habitabilis,0.947502
secessus,0.97311187
lirinus,0.8023685
piissimus,0.95901626
scateo,0.9704487
renito,0.967538
praestantissimus,0.8993653
adscio,0.7641882
constrico,0.9649546
modestis,0.50794095
largissimus,0.9394522
aduenticius,0.91889495
intercessio,0.9516912
traha,0.9617006
tilia,0.84671515
capella,0.9518429
panthera,0.9064754
bucca,0.90435314
alithia,0.7463789
fluvii,0.84774977
balantum,0.9087082
coeptum,0.9418801
adaquo,0.8150177
relevo,0.9471513
fronesis,0.7601201
fronesus,0.8799398
fronedo,0.896186
inueno,0.9352604
crudeliter,0.97967064
eiicio,0.96908975
protoplastus,0.9574138
homlnus,0.6735709
ho,0.75291216
tis,0.7710814
helium,0.952957
deucalion,0.5369584
amodo,0.97235394
arrepo,0.8960825
pincernus,0.88938
dampno,0.9300808
babilo,0.8546609
ciclopis,0.86733836
ioua,0.94713765
sarra,0.9264649
sobolus,0.8921462
herilis,0.961512
daedalus,0.9735862
furiosus,0.9534992
nouerca,0.95763344
foco,0.7099169
dampnum,0.90277505
memphius,0.89143825
perhennis,0.9036985
orbo,0.97436213
chora,0.7546525
lus,0.72838855
obsitum,0.8147024
balaam,0.96886265
asella,0.9478459
iosuus,0.9532455
alcida,0.9098921
claua,0.9559307
ydra,0.7962632
cacus,0.9061966
deuasto,0.9577251
dalidus,0.7796376
abitto,0.8468398
cordus,0.9083463
citharista,0.9446192
pelles,0.9052351
tondo,0.7945886
bidentus,0.4451642
succus,0.9353173
cillenius,0.54267067
exorto,0.61379164
mamma,0.96955836
noverca,0.8859104
ididus,0.8892535
sophia,0.9583863
anneo,0.93860596
antenor,0.9627895
racemus,0.9701318
assecla,0.8596543
gorgo,0.78915906
effugium,0.9377126
heredi,0.97756124
cicada,0.9321445
frequeo,0.9076601
agon,0.98110634
olimpo,0.92133856
iosius,0.54181993
hasdrubalis,0.98947024
assirius,0.65937793
quadrupes,0.9835352
decrepitus,0.54853046
thus,0.93779576
uelitus,0.9657705
trivia,0.71552664
districtus,0.9046036
medeus,0.9206188
fedo,0.67679787
isthic,0.89926374
oloferno,0.89828265
assio,0.587077
thorus,0.83572197
tirannus,0.8685687
persido,0.9771491
napaeus,0.84400594
ennium,0.9354627
baratrum,0.9506538
babeo,0.4938788
talpa,0.8929129
quaena,0.7426094
zodiacus,0.9237555
prevaleo,0.8536844
millesies,0.89126015
fronesae,0.8525552
pernecessarius,0.89981204
adhortor,0.96089506
efflagito,0.9604521
fraudulentia,0.94752544
attentio,0.8866775
subsolanus,0.9322148
secretum,0.9635479
aliquandiu,0.9729826
seculaer,0.9045887
adspirans,0.91582346
jam,0.9749589
relator,0.9295443
accurate,0.9306277
commonitorium,0.9358105
secularis,0.96108854
mediterraneus,0.95188457
uincenti,0.8085274
ephesum,0.9178607
faustinus,0.92439395
consigno,0.95889103
quum,0.9637001
innocentius,0.88352406
joannes,0.97459185
chrysostomus,0.79795283
cujusmodi,0.7691246
quamplurimis,0.89162266
regulo,0.8724128
prauitas,0.9557166
hujusmodi,0.93706703
jdem,0.96375674
macedonius,0.9653909
priscillianus,0.95714825
jovinianus,0.8067441
pelagius,0.8660055
nestorius,0.9736382
consensio,0.95166636
portiuncula,0.88517576
commaculo,0.9442445
inscitia,0.9380765
duntaxat,0.84353215
probabilis,0.9768674
perseueranter,0.78209805
antefero,0.9600782
adfinitas,0.98142606
prophanus,0.899701
demolior,0.96002483
disturbo,0.9348976
levitus,0.9089677
oppleo,0.94959307
contritus,0.9337063
tabefactus,0.87524754
scitum,0.82114995
possider,0.8605669
rebaptizo,0.9627751
donor,0.8540808
invenueo,0.8794685
gratianus,0.80964506
oh,0.5417018
restauro,0.9748116
lacryma,0.94578135
perculto,0.8774721
errabundus,0.8818675
conspiratio,0.9631952
haeres,0.93796825
editio,0.9398442
recoleo,0.73399967
septemplex,0.8923303
septen,0.50568277
formula,0.9639134
praemonstro,0.93654597
uaniloquium,0.8497764
contraio,0.91458076
suscepo,0.92652035
agrippinus,0.93554896
consacerdos,0.8209603
rebaptizor,0.90077114
explodo,0.8509141
adinuentio,0.92068636
uerisimilitudo,0.60822636
iuuandus,0.8198101
fimus,0.92741233
magistrus,0.58053374
conscriptor,0.5928932
adsertor,0.9763263
cyprianum,0.69163024
chr,0.6692455
sept,0.9974634
numidia,0.9819639
aculeatus,0.72416186
helenus,0.929886
permagnus,0.6776349
deperdo,0.8996163
d.,0.6863333
homer,0.9468766
boo,0.84008473
conuerso,0.970227
deformitas,0.9678384
conto,0.4954283
concinno,0.94628984
machinor,0.97064984
involute,0.7323184
obscuritas,0.97788835
pertimesco,0.97714853
diffamo,0.9569381
cha,0.9529307
venero,0.56210583
severe,0.8791684
plotio,0.8970674
humanissimus,0.90731347
districtio,0.90427065
adserendus,0.9089323
coapostolus,0.8417634
perfunctorius,0.9171642
insinuatio,0.9084429
euangelizo,0.94503343
sanceo,0.9080461
pelagianus,0.92583215
persaepe,0.96597934
pertracto,0.93650943
allegoricus,0.970844
deuteronomium,0.96947324
scortum,0.98269427
meritorius,0.90706974
moysus,0.91651094
aedituus,0.85554516
hercules,0.962101
rodo,0.9482792
judaeus,0.9374475
ascisco,0.9590801
adminiculum,0.9509047
ualens,0.8088504
ejusmodi,0.8743377
praestantior,0.97382754
porphyrius,0.9284232
aedificator,0.8332431
adinuenio,0.8875541
admixtio,0.95136285
memoror,0.8970264
solitaris,0.8802519
judaicus,0.8446436
confito,0.91470325
solitarium,0.781813
dogmatizo,0.8722615
inaudito,0.9096567
adsumens,0.91045856
adsumptus,0.983981
conuertibilis,0.9534924
adseuerandus,0.8825338
jesus,0.9597352
prŏfitendus,0.8638823
distinctior,0.89067626
expresse,0.9486844
petrum,0.96379805
increo,0.81147194
passibilis,0.9699094
seculus,0.90198076
prop,0.67992437
lam,0.498558
singularitas,0.9805732
uniuscujus,0.66244
vero,0.94273186
effingo,0.90946585
quotiescum,0.90481526
actor,0.9841066
phantasia,0.83932936
putatiuus,0.82483053
fallaciter,0.94451565
patiendus,0.95731986
simulatorius,0.9050894
substantiuus,0.8677363
intolerandus,0.9404511
promiscuus,0.9722958
beate,0.9223149
theotocus,0.93490875
pepereo,0.94093937
sacrosanctus,0.95019114
stricte,0.9101649
adserens,0.9321313
converdo,0.9430623
assevero,0.41503924
uiseo,0.8158604
nis,0.6862671
candela,0.936524
tentor,0.80868304
adsertio,0.96505547
prosa,0.73764503
carmentum,0.92475975
adfligo,0.9585328
elaboro,0.94870406
cujus,0.9757987
facillimus,0.93240017
privatus,0.95383984
quj,0.97248065
testificor,0.9784507
origene,0.89076555
surreco,0.91856545
adverto,0.9079022
persuado,0.83412135
ammonius,0.8231435
adamantus,0.80367404
plotinus,0.9097063
condiscipulus,0.94640565
porphyrium,0.8412069
adverteo,0.86908704
uolusianus,0.9691862
gallienum,0.923094
numer,0.698011
genesis,0.9151988
s.,0.91231954
litteralis,0.9018548
lucubratio,0.8651507
exercitatior,0.7751726
eliseo,0.6685321
concerto,0.9574363
hermogenes,0.7209402
gnosticus,0.8502568
uetusta,0.95229656
novitius,0.7324643
consus,0.6380806
priscilla,0.9615496
maximillus,0.9224309
prosper,0.95840704
chronicon,0.9490851
cethegus,0.94914913
maximilla,0.78181946
barbatus,0.9333566
ecscl,0.9786143
extasis,0.92201877
apollonius,0.9489287
hieronymo,0.8977275
apologeticus,0.81870806
decrepeo,0.8615816
cujuspius,0.8725468
ebullio,0.9381322
dissera,0.8727871
relido,0.9029219
irrationalis,0.6824616
afflictio,0.8256912
efero,0.8974354
turbulentus,0.96457803
reuomo,0.83205867
uesanio,0.8279402
truncaueo,0.80504745
pertinacia,0.96089745
conquasso,0.87626666
exclamatio,0.9560412
timotheus,0.9719115
permutatio,0.97038674
transuerto,0.9104822
processus,0.9503473
maturitas,0.97567415
maturior,0.9161895
quippia,0.9692927
consolido,0.9181778
illibatus,0.91316426
triticeus,0.969172
zizania,0.96291196
demeto,0.93975353
plantaria,0.9502344
cinnamomum,0.8222013
induster,0.78925204
euidentia,0.86134833
immaculo,0.96450293
magn,0.49195385
celebritas,0.962646
nescii,0.6778155
pelagium,0.9060203
crudelissimus,0.95757
simonis,0.9715624
oppositio,0.9250521
favonius,0.94371146
inficior,0.73631805
apostasia,0.8737
homicidium,0.9772296
nouicius,0.8944955
sicmon,0.980444
irenaeus,0.88759804
saturninus,0.88301337
cerdon,0.8831751
priscillianista,0.8962782
cossensis,0.9155519
olybrium,0.97046846
gallaecia,0.99031085
simo,0.96416396
haer,0.9231469
samosatenus,0.8929069
austerus,0.9394416
praesenso,0.8467212
suprascriptus,0.8942143
obrepo,0.9235455
lupinus,0.8531679
jacto,0.5403049
novitium,0.84618264
sepes,0.7880812
infuco,0.8262822
justitia,0.9382175
quotiescus,0.93324554
pseudoapostolus,0.8742443
pseudopropheta,0.9760934
adstruo,0.9286473
comminiscor,0.9447788
facilior,0.95310307
ludifico,0.9450251
perpoto,0.69472927
conuenticulum,0.9669514
personalis,0.931617
eveco,0.8529399
protectio,0.8775694
scandalizo,0.9806179
juxta,0.94860256
paucissimus,0.96868587
adgredio,0.78353536
schismaticum,0.8437729
agabum,0.6286968
ueridica,0.88644356
adrogo,0.9298706
acerbior,0.9439598
comminatio,0.9598093
julianus,0.7992135
husjus,0.9553012
lirinensis,0.7091552
innuo,0.8988854
ann,0.9505255
sagacitas,0.94249105
intemperans,0.88031006
sixtus,0.93077314
diacon,0.9761487
hortatus,0.9336953
reiectio,0.88963044
hereticus,0.9254117
praedictio,0.8114905
pp,0.7981521
uiculus,0.9284598
proceritas,0.978255
imper,0.950407
aequiuocus,0.8508531
intellecturus,0.8644923
dialecticus,0.98577666
categoria,0.9142094
annianus,0.84878594
copiosissimus,0.9640542
recapitulatio,0.9318968
commonitorius,0.8346712
hjc,0.9680278
recapitulo,0.96960294
insolesco,0.941537
ephesus,0.98783326
bassus,0.9292238
fidelus,0.8708773
solemniter,0.8244728
cyrillus,0.9325742
consentaneus,0.9490202
iudicatus,0.9633485
constabilio,0.756648
confirmandus,0.9663621
subscriptio,0.9616422
depositio,0.92423964
du,0.51316524
eminentus,0.9288827
alexandrinam,0.90644294
gregorius,0.8859486
basilius,0.94168866
nyssenus,0.8747179
basilium,0.92301935
lecio,0.5984884
julius,0.95173377
mediolanendo,0.92244995
consiliarius,0.987084
judex,0.8861095
joanne,0.9474732
ch,0.7172737
constantinopolitanus,0.9736268
capreolus,0.9047606
inveco,0.9336827
explano,0.9700568
erroneus,0.78227377
antehac,0.9626207
anatolis,0.86736
sixtum,0.6066622
decessor,0.8856823
coelestinus,0.8341905
antiochenus,0.9232466
coenum,0.7292036
permixtio,0.9556391
perspicuitas,0.9323137
conniventia,0.9000838
adinventor,0.8668462
uenerandi,0.6255679
zelus,0.96708655
adclamans,0.87915397
censo,0.86211175
brevus,0.8572798
adminiculo,0.7726138
prolixitas,0.9427556
diocletianus,0.68092155
herculium,0.98098356
maximianus,0.6711745
galerius,0.98464316
diocletianum,0.97004366
theodora,0.9176862
naissus,0.8738232
magnifice,0.9733881
galerium,0.8971896
sarmata,0.9525304
tens,0.72064817
straio,0.9526076
sever,0.9568515
ueredus,0.87544054
bononius,0.9541148
eboracum,0.879062
maximinus,0.97314996
bithynia,0.98728937
praetorianus,0.9623842
maxentis,0.98137605
uulcanus,0.96736395
ravennam,0.97177637
licinium,0.901103
serdica,0.80841196
meridialis,0.9062216
maxente,0.92009234
ravenna,0.9209032
maxentius,0.97207737
herculius,0.97404945
deceptus,0.89784503
appia,0.89859223
tricensimus,0.92953205
miliarius,0.9809545
miliarium,0.9676258
temulentus,0.84087455
licinius,0.9662242
dacia,0.98445725
bassianus,0.977896
anastasia,0.8394101
stror,0.889466
cibalensis,0.9009331
xxxv,0.89967877
licinianus,0.876484
thracia,0.9410101
philippos,0.8877648
persequo,0.9479239
byzantis,0.9035668
processur,0.7889674
moesia,0.97999734
salsugo,0.94627875
efferuesco,0.9312902
occupandus,0.9563406
byzo,0.914451
byzantium,0.80006963
callipolis,0.91319454
maritimus,0.9721297
obsido,0.909828
chalcedona,0.8742628
chrysopolis,0.9458434
xxv,0.94409525
parricidium,0.9857286
liburnus,0.9606844
thessalonica,0.960298
xviiii,0.88231945
punitio,0.9438282
ariaricus,0.94273126
macedonia,0.99031436
millesimus,0.8506079
edicto,0.9861714
citra,0.97939247
cyprum,0.8165742
hannibalianus,0.84320223
constantianus,0.8836789
dalmatus,0.953021
suburbanus,0.9587277
nicomedia,0.9659881
constantinopolus,0.83230305
basianus,0.60163224
abalieno,0.89551514
iov,0.9104289
deglutisco,0.9023454
adultum,0.8851382
orosius,0.9109058
constantinopolum,0.7798959
glycerius,0.8611734
orestum,0.6860354
salonus,0.97501683
augustolus,0.9273364
orestus,0.8056496
scirum,0.9504199
augustulum,0.9259342
attila,0.93746996
notarius,0.96521175
ariagne,0.90070057
xiiii,0.7764471
isauria,0.9798488
genuculum,0.7810668
providentus,0.91223353
basiliscus,0.95949006
theodericus,0.97641003
eleganter,0.9664569
uorator,0.77910036
nequid,0.93893874
baptisterium,0.95905507
inclausus,0.87998974
odoaco,0.97786164
severinus,0.64278805
humillimus,0.9150346
exsulo,0.9571147
gratulabundus,0.88583255
rugus,0.91105384
odoacr,0.9074347
recompenso,0.86504793
defendendus,0.9654151
venio,0.9662608
fossatum,0.8478568
october,0.9502736
persecutus,0.9752706
procreator,0.9100778
seminalis,0.8351838
tufa,0.62662303
april,0.9955163
faventia,0.9029439
tufus,0.7528145
ravennus,0.9609699
longinus,0.9637785
cremona,0.9400079
wisigotha,0.95617163
adduus,0.91329587
c.,0.7316986
herulum,0.8728354
odoacer,0.925164
bedo,0.74821174
uivo,0.9495009
iul,0.99988556
lauretum,0.8815291
anastasiter,0.68336946
theodericum,0.849529
walamir,0.9608156
circensis,0.9698794
amphitheatrum,0.957852
recupero,0.9758247
opulentum,0.89197874
sublaio,0.9391605
amplecto,0.8537687
reuideo,0.69366664
arra,0.8412884
regresdo,0.9606321
iusiurandum,0.9848541
sigismo,0.9444648
gundebadus,0.9035641
anastasius,0.8498227
constantinopolim,0.9817495
symmachus,0.8685825
laurens,0.9447608
devotus,0.93261147
inviolabiliter,0.94685924
tricennalis,0.93303025
restauratio,0.9170749
recuperatio,0.9493085
ducenti,0.98458135
uinarius,0.93649566
wandalor,0.9815888
liberius,0.8572811
theodorus,0.9241156
basil,0.84467214
turingor,0.9450222
ravennae,0.9552264
intromitto,0.9653839
negotior,0.9558151
amphora,0.96356916
hypatium,0.92412925
prando,0.9404699
meridio,0.793786
lectum,0.9465859
capes,0.8390087
aduiuo,0.9244998
iustinus,0.94514215
praepositus,0.9582265
revelo,0.95107895
illiterao,0.86807245
interrasilis,0.84207416
intellectio,0.7068701
eutharicus,0.9608339
ravennas,0.9601259
ueronam,0.8947496
proastio,0.81437504
ueronensa,0.4927593
oratorium,0.9540098
referendare,0.9127894
boethius,0.8569646
domnus,0.6964989
boethium,0.8655333
boetius,0.76359487
misere,0.9759771
chorda,0.9754366
iniungo,0.9729467
ecclesius,0.7988154
campanus,0.92516255
theodus,0.6566502
agapis,0.63338995
incorporaliter,0.8832096
scolasticus,0.9134676
kalenditulum,0.9832195
indictio,0.9045242
alienigena,0.9775598
athalaricus,0.9455339
monimentum,0.94326746
superpono,0.98610914
iuuans,0.91843027
postremum,0.82576287
cassius,0.97196805
severus,0.89861137
quive,0.9563441
oblitus,0.7507486
perdico,0.8669045
daphnes,0.9226009
circumuolo,0.9370887
omerus,0.85539377
favonium,0.9183925
latior,0.9506383
conquesto,0.8640839
ledo,0.9522556
arundineus,0.72275573
arundo,0.9743111
emensus,0.8957386
admido,0.9005532
apparens,0.9601529
umbrifer,0.66278166
cio,0.7873891
conmo,0.7936833
adgressus,0.94863224
splen,0.9493313
uiuax,0.97070396
incutio,0.9752044
fesdo,0.9358337
praetermitta,0.88982916
cubo,0.96420157
senarius,0.9484638
fortus,0.9683176
danus,0.83601665
fulgentis,0.7532549
chio,0.5937309
tenera,0.78202915
uipera,0.9688442
nudatus,0.92265373
digeso,0.92263824
retulio,0.8891896
celeber,0.97686607
spinosus,0.9085572
cespes,0.979319
zezania,0.93680537
sollerter,0.94546354
centesima,0.93618083
indiscreet,0.90085155
arciteno,0.9016627
reo,0.8407864
senatorius,0.95964086
impropero,0.9379048
diomedes,0.8980446
gno,0.876444
tristus,0.8813619
lacrimosus,0.9537753
peculiaris,0.9748087
solomonis,0.89025146
pennatus,0.92571396
amminiculum,0.83907056
munimentum,0.97156876
retrocedo,0.93876654
prauissimus,0.84206784
stabilio,0.95015705
despiciendus,0.86414874
festuca,0.941379
importabilis,0.9054144
suspico,0.70353854
astutus,0.9767517
submittens,0.92160827
subligo,0.82935953
comprendens,0.7911577
relisus,0.74385875
olidus,0.87401414
fusco,0.9060476
capillatus,0.7776673
reteno,0.8015532
molniiscor,0.8988714
tristissimus,0.94393694
tribueo,0.87857056
caper,0.91406155
saetosus,0.6185839
tutemet,0.97704136
persolueo,0.8567693
simia,0.9487053
saevus,0.9706756
circis,0.8754545
apulus,0.97308016
falero,0.88374484
multimodo,0.9018959
radicitu,0.83232564
resido,0.920256
contorqueo,0.98386365
ubinus,0.8632953
qualemcus,0.94776475
clandesten,0.8567847
pertimeo,0.9552581
immanus,0.8158697
consocio,0.97599924
comprendere,0.91843355
culleus,0.925458
captor,0.76465005
parabola,0.9715172
poesis,0.7714264
pellicio,0.9091119
abusus,0.89771175
pergula,0.89019674
abrubo,0.5055599
cadus,0.93387717
cupide,0.9542149
salix,0.96967506
consiliator,0.92971617
cornix,0.9596657
uerberus,0.810488
reflo,0.86381406
successo,0.86300814
sus,0.941512
indultus,0.8685818
consumpo,0.9608076
aprus,0.94451404
sibemet,0.88605464
impudicis,0.9298643
affesco,0.947428
formica,0.96240354
exsaturo,0.8304757
uetulus,0.96673775
confeco,0.8302356
custodo,0.9614941
punosco,0.7781706
attrio,0.8614819
pyra,0.93787086
mendicitas,0.9201854
immediatus,0.8610376
uulpa,0.9242461
uaccula,0.74521244
subiego,0.890775
laniger,0.93711424
uittatus,0.7349826
ecus,0.6910176
arbogo,0.95840347
tullensis,0.8197076
byrdo,0.78769934
habundo,0.9565181
comparabilis,0.828204
arbogastes,0.88363415
primas,0.958074
mercatus,0.95215976
nouor,0.93537265
precludo,0.69430727
herculanus,0.91476244
fascia,0.9441974
circumuenio,0.977996
niuei,0.93745726
spico,0.82172513
augurio,0.69770044
pindarus,0.9226701
hiericho,0.96514165
sanctificus,0.88832575
uosmet,0.94161963
postus,0.62473077
rubro,0.52869105
coturnus,0.91270995
discido,0.7857051
praefulgeo,0.9423207
propello,0.9725512
eph,0.5493848
disicio,0.9396276
peremo,0.9453546
iuuenca,0.8204321
terdenus,0.65874237
annecto,0.88585794
tumulo,0.9434718
conseruatrix,0.87025994
uendeo,0.79256475
audaciter,0.9626391
trituro,0.9157555
decesso,0.9412848
exoletus,0.8732476
quini,0.98133564
adseruo,0.85316885
puluereus,0.80589706
frugifer,0.96485436
fidelitas,0.9461205
pacio,0.95594215
dicandus,0.6641321
cretio,0.7109774
conrogo,0.62755185
abnegatus,0.7878517
adficio,0.984875
abdeo,0.603605
orbitas,0.9612801
aspis,0.9812324
transuolo,0.95557094
modulamen,0.9725235
nabalis,0.7484235
succiduus,0.93232334
notio,0.92803615
plurifarius,0.89705116
indigena,0.9461079
etesia,0.92277575
effuto,0.5439468
substruo,0.8078899
progenio,0.925251
plausibilis,0.8763331
adspicio,0.9320836
pubeo,0.9454187
cymba,0.9229671
altrix,0.8652116
adpositus,0.95775557
adcresco,0.9674334
raptim,0.96968955
compertus,0.9539901
madium,0.6978147
mosis,0.9368897
promptim,0.67593545
accitus,0.94813025
progeno,0.7652072
eleazarus,0.890769
isacus,0.8427975
israhelitar,0.9047257
leuita,0.8822428
sephs,0.76806325
cohercens,0.8666154
sanctifix,0.8233367
coaxo,0.78948593
scinifes,0.62277794
papula,0.7603363
occo,0.78727114
denarro,0.81994605
posceo,0.8188348
pretto,0.6145662
ficus,0.9763899
contnio,0.7087481
cerasium,0.741686
cn.t,0.90745544
confinis,0.9707929
fugito,0.93887365
sate,0.9452488
adurgeo,0.8447631
inlaese,0.83675873
competio,0.7950379
magnificus,0.95182216
progenitor,0.8777907
exolesco,0.7825985
defedior,0.91805655
myrra,0.8337432
praegrauis,0.70391536
liquentia,0.8509636
astriger,0.9563749
insupero,0.7268227
elimo,0.8207537
inriguus,0.9281974
quiue,0.9573389
domin,0.62042785
inplicio,0.83626115
progenero,0.85823816
niuosus,0.8691185
polenta,0.9140733
disperdo,0.9807106
intueo,0.8816432
mello,0.7526348
theca,0.89511365
subsidium,0.96044934
dispello,0.8462762
elegantia,0.96100926
comitas,0.91215026
amplego,0.94085395
adoleo,0.919801
uegeo,0.72429657
iurgo,0.94015837
bidens,0.9486959
leuigo,0.91127336
subula,0.80781066
serua,0.92891264
taxatio,0.92245233
noxalis,0.93356943
taxo,0.9488481
conburo,0.95149845
debilitas,0.95687044
decumbo,0.9537752
uoleo,0.8494997
diuiduus,0.90860975
auerteo,0.8500469
prehendo,0.8355052
mensuro,0.94411004
isa,0.92409587
iuratio,0.806757
mendosus,0.8158115
enormis,0.94994366
dediticius,0.9482281
vxor,0.9187546
maleficus,0.969424
permixtum,0.8956021
sacellum,0.9562619
qu,0.8454456
vberes,0.90550333
recurso,0.89565676
amorreus,0.93514335
prouide,0.78421843
uespa,0.8153
bisseni,0.86618274
instillo,0.8715012
mirificus,0.9501572
phiala,0.7948513
ligurio,0.80258715
achatus,0.5497684
chrysolithus,0.94511175
berillus,0.9405583
lammina,0.9559111
conspicuo,0.943493
coest,0.52461725
furuus,0.96281934
canopus,0.83721405
profundissimus,0.87991714
proceo,0.9224254
prognatus,0.9179694
depropero,0.9101846
obprobrium,0.9627854
composta,0.63080066
praaecelsus,0.6531699
quaterdeni,0.8485429
tenerrimus,0.9217148
sescenti,0.9438498
obrizus,0.71489185
adsimilo,0.94995034
uiritim,0.97081417
arbo,0.9389001
geon,0.94321835
euphro,0.95762074
adiunctus,0.9238444
uestum,0.6295339
mellitus,0.94038546
perpello,0.8680037
adamus,0.8086758
tremesco,0.96413535
acto,0.51022476
paliurus,0.83455646
euello,0.96119726
amatus,0.65125674
caina,0.6947283
extum,0.9565643
statueo,0.78855443
torpidus,0.84606206
receptus,0.9018402
lamech,0.97017276
decies,0.97454727
proto,0.80643016
sexiens,0.8496332
scintillo,0.95187664
pertaesus,0.918435
cercius,0.5402735
probatissimus,0.960381
lectissimus,0.9643469
praepinguis,0.9341378
lineo,0.91305494
cultio,0.67535317
euoluio,0.8801646
transcursa,0.9052737
aradius,0.7758226
iunctim,0.8811043
senna,0.5016775
moleo,0.8476268
migratio,0.8628795
thara,0.92301995
effrenus,0.87247485
riualis,0.87420106
conprendeo,0.9076595
mambra,0.8871432
tristificus,0.8918195
nouies,0.87767345
inlustrans,0.78998005
trimus,0.90890527
coniungens,0.8691257
uerbex,0.67800844
metas,0.8344509
epicurum,0.5600976
extrudo,0.92989415
semianimis,0.92494524
delambo,0.7674139
textrinus,0.8979773
perluo,0.7506851
setius,0.61432266
bini,0.8104228
aliquantulus,0.8707384
delitigo,0.54071784
temetipse,0.76909375
posterx,0.6143083
diriguo,0.93175524
mendum,0.9489782
concresco,0.9505849
ammo,0.8765829
dummodo,0.975883
ueretrum,0.87231386
turgesco,0.9515924
philistino,0.63142204
diffindo,0.7868577
quadringenti,0.97921354
sestertium,0.92460716
obstipus,0.68952984
grauido,0.7029153
merita,0.5224828
esau,0.89397144
calcaria,0.87047815
raucisonus,0.96588326
anniversarium,0.841989
habundantus,0.5044339
carra,0.9639151
carrus,0.8416114
subpono,0.91573286
iampridem,0.91543734
benefacio,0.9484428
incepo,0.897701
celero,0.96606505
intuio,0.8214883
figuraliter,0.96891665
frustratus,0.92334443
aetheria,0.91866016
leuitus,0.89487433
dina,0.87246203
enito,0.6880526
inempo,0.7518799
tondio,0.5342719
praedicatum,0.840563
socerius,0.8198267
quaesitum,0.9255985
ducto,0.94311
condisco,0.88980144
basia,0.8500269
conminuo,0.6935868
terebinthus,0.6317159
danis,0.59322524
aser,0.96277606
sirus,0.68718255
maniplus,0.8506048
roseum,0.8252341
sabaea,0.9253593
camellus,0.8950118
consertum,0.7744612
nectareum,0.63011986
signanter,0.84066224
pistor,0.9626976
canistrum,0.9558167
auulsus,0.8689271
reuiresco,0.95675415
ephris,0.94653815
adlego,0.90271163
postrem,0.44638765
licito,0.74789315
ingrauo,0.92208385
noleo,0.93580556
testatus,0.63857865
sarcinula,0.90385365
symeon,0.82261145
fomentum,0.97503555
comoedia,0.93941104
menander,0.91473734
apollodorus,0.8409002
linteo,0.8856381
edor,0.8002645
scyphus,0.9744402
gratuita,0.78164893
tercentus,0.5808091
aesculapium,0.85272145
pensio,0.96511596
coxa,0.7606868
tutamen,0.9524043
abominatio,0.9782734
execratio,0.9560571
absconsus,0.98047185
bipatentis,0.97039187
insolentia,0.97628236
inportunus,0.81379145
aspexeo,0.8313645
purifico,0.96932024
bissenus,0.82668924
aspernatio,0.61289626
pollen,0.61250657
celere,0.91316587
fatio,0.82440877
necessarior,0.8465298
dispunctio,0.85718286
exhibitio,0.9643212
audentus,0.86627984
proflo,0.89503396
tessera,0.9436953
lepidus,0.9659953
uenustus,0.9242387
amber,0.8728842
ditior,0.96197414
plectendus,0.84529406
compostas,0.7423578
dumetum,0.9033739
occipio,0.72991043
capueo,0.9080989
reuolo,0.8698907
chananaeus,0.9498522
labasco,0.6077085
discribo,0.85247827
profitor,0.9535937
testatio,0.9322463
lixa,0.90159184
conueho,0.91709125
desco,0.67631274
galgala,0.903535
palor,0.964621
nimbum,0.8042604
condensus,0.9230928
conculco,0.972383
aggestum,0.9373466
acio,0.9082459
contermen,0.9272543
affinis,0.91769683
ocus,0.6818725
lautior,0.7981259
libanus,0.9776858
occumbo,0.97325885
denus,0.7894971
facetia,0.8472426
obsolesco,0.866468
suetus,0.8380829
promisdo,0.9470665
incoepo,0.8723615
ausus,0.9223253
offensa,0.9623237
contracio,0.71398693
extruxo,0.80413103
praegredior,0.83666265
laude,0.87648356
defugio,0.8127376
iudo,0.9697341
simeo,0.93432033
solymus,0.8847358
ierus,0.49533847
doctiloquus,0.8610672
ascha,0.7961031
arado,0.8834458
ascalon,0.8473129
azotum,0.92870224
egretto,0.9291015
dora,0.7473953
temnio,0.8880377
exturbo,0.94548017
pugnacus,0.5659369
sculptilis,0.9766449
oblitum,0.8463854
herimo,0.5839171
perfungor,0.9593426
suadus,0.90394497
congemo,0.9463339
satus,0.8344756
ammoneo,0.91483045
capulus,0.9159524
tacitum,0.8034866
subducto,0.78735125
coacio,0.8503213
debboro,0.8886573
deleco,0.697304
satrapes,0.8715631
madia,0.84175307
retexor,0.9529895
curtius,0.8337674
haedulus,0.63556683
corneus,0.8462577
peluis,0.9232066
cuneo,0.76591635
degredior,0.93256724
tur,0.8706156
uum,0.7278472
rius,0.84037846
tantopere,0.94716334
ed,0.61883795
serra,0.9327791
ria,0.53630483
quassa,0.62551224
protentus,0.9078536
dolum,0.9615488
aeq,0.6982591
undenus,0.7953037
alt,0.40689343
ma,0.8759202
pa,0.707531
inue,0.7533624
israhelio,0.9752842
bellantum,0.82553005
sicera,0.97618246
nazaraeus,0.64643914
pu,0.34653538
gio,0.7668565
discipula,0.91753834
turo,0.9278016
pauito,0.93688786
aet,0.64020383
hera,0.6828201
ueridico,0.8194623
renudo,0.76128113
cen,0.5985188
confluus,0.8803896
ulus,0.62126184
rimo,0.8313625
lenitum,0.8317797
oror,0.8933489
uafer,0.85920817
attraho,0.9723656
casso,0.8432525
rogatus,0.8122698
exiliens,0.9556383
ces,0.72313946
cer,0.5329873
ic,0.76870275
factitulum,0.7233042
micius,0.52143675
pergrandis,0.7623954
iudus,0.9323255
corroborao,0.82726926
uinosus,0.9078927
buteo,0.7636932
miluus,0.9735989
obuncus,0.8972883
cohibo,0.93226576
exaestuo,0.9717798
misco,0.87617
destillo,0.82525057
deturpo,0.9236915
testeus,0.8990995
licitus,0.7572613
locupletus,0.98026025
amita,0.9758737
matertera,0.9715768
priuignus,0.9694514
absonus,0.9036217
noueo,0.88337207
caecilius,0.88799417
loquela,0.9827457
iurandum,0.96548283
propensior,0.9418317
caballus,0.9544355
oleaster,0.9644823
inso,0.588209
december,0.9247788
blandiloquus,0.86577654
moecha,0.85122514
adsurrexo,0.8829283
trutina,0.8922736
uentriloquus,0.60726786
deformus,0.78929925
indigus,0.89216596
lucellum,0.9183568
uelutor,0.5391475
adscisco,0.9786262
contribulis,0.9078172
ambeo,0.907405
rubrica,0.6994846
percenseo,0.9295255
sexcenti,0.9713989
perdoceo,0.9459077
porgo,0.83946073
undena,0.7922528
superaddo,0.9372575
applico,0.97249055
lino,0.8297516
exprobo,0.7367252
abstemius,0.9020047
conspargo,0.5295417
carrum,0.57761353
quaternus,0.7506225
arietes,0.88389736
acutum,0.8206936
raguel,0.79073316
condideo,0.63401675
prophetalis,0.9084693
praesago,0.5517196
ignari,0.8447759
tenuere,0.7315193
lapidosus,0.9240838
coturnix,0.83132404
pepo,0.8401463
sectilis,0.89225364
necor,0.87429523
incassum,0.95608664
missilis,0.964
uetio,0.77545965
hyacinthinus,0.95627093
nodum,0.9182651
coro,0.68712467
ueritum,0.84851384
conuenientia,0.8213
decurdo,0.7197997
immodicum,0.913304
uirosus,0.8405758
inliberalis,0.8709877
uenumdo,0.9717897
seo,0.7209363
moabites,0.89551
impedeo,0.6512065
uibex,0.82670397
maledictio,0.9769855
condenso,0.9134314
conspicuum,0.8418993
abominor,0.96272403
octoni,0.86778
tercentum,0.83185506
converso,0.9199469
hilaro,0.89416647
sericus,0.890631
ueneranter,0.8946561
fecundis,0.91874874
permanendus,0.8584153
pluit,0.9590994
moderanter,0.9153892
exstirpo,0.88551253
suspensa,1.0
glaciemue,0.9749951
nauige,0.9553484
dulcifluus,0.8827163
frondesco,0.9713682
corymbus,0.92165375
subarundino,0.9955503
ambrosia,0.9268893
anhelio,0.8998119
cicuta,0.9218216
consecutio,0.9147853
somniger,0.9426083
collustro,0.91219044
stelli,0.9999999
musculus,0.9437181
plumeus,0.89224875
subtexo,0.9228387
decanto,0.9601016
insido,0.9793774
pinnigeer,0.9039471
membro,0.93744123
palmo,0.9251756
parituro,0.90495855
sortior,0.9660072
eburneus,0.9701617
fraglans,0.87095493
cruso,0.79329324
ser,0.5681485
cinnamon,0.7611469
dominanter,0.94446164
moderatus,0.94174856
pulcer,0.981002
pomarium,0.9547709
rosarium,0.9413222
circumscribo,0.97385645
circumscriptor,0.5759317
profano,0.96957165
obtunsis,0.8911082
scrutator,0.9811021
scintillaris,0.8790337
pelagi,0.9316435
defloro,0.720738
undifluus,0.9996301
incessanter,0.86281675
reuesto,0.8508774
dignatio,0.95702684
subuesto,0.98909163
oculo,0.89994466
morio,0.8938737
fluesco,0.996171
crystallus,0.952191
rosul,0.882192
stellaris,0.82048357
saporo,0.78884333
uuus,0.8084661
nutrimentum,0.9553063
adiego,0.52825236
medela,0.97154677
praeduco,0.91656727
suggestum,0.7452035
stello,0.84479284
uolubilis,0.958434
eructuo,0.8736244
incompositus,0.9369564
impatieo,0.8309467
ebrio,0.8121959
henm,0.75973177
hin,0.5510244
imparatus,0.8801247
israelita,0.7663457
ueliuolum,0.93648463
operarius,0.9848108
medietas,0.98053074
trisulca,0.74154735
plectibilis,0.37366092
uenantum,0.9240284
pirata,0.9403861
nouiter,0.8560466
humectus,0.8778703
decepio,0.7965499
distingo,0.8318223
praenotor,0.77794516
enato,0.8937677
adhereo,0.9538206
superfero,0.8610925
uomeo,0.86018157
uepres,0.97745377
uernao,0.90593445
polum,0.9339559
cypressus,0.79755837
distraco,0.8848927
satiabilis,0.6238455
insuperabile,0.5157826
factor,0.9879737
indultor,0.8962171
funesto,0.9090534
malefacio,0.94708884
tardius,0.71989197
impubes,0.9642625
deterius,0.93531245
praerogatiua,0.97124434
permodicus,0.94260395
expectatus,0.943048
consolator,0.9448141
seruia,0.45003355
elysius,0.8768401
tabitha,0.87633336
xenium,0.9066515
promissor,0.96922743
quiduo,0.87839854
ignitus,0.7727923
pulcrus,0.9685749
editor,0.79455096
cente,0.80556405
uorax,0.96233726
emundo,0.93281317
pospono,0.5712264
efficacia,0.87694764
surrogo,0.7659851
insontus,0.70782125
mithra,0.614298
ueso,0.93538964
persus,0.98737574
massylus,0.83369887
lauatio,0.9110623
imitabilis,0.81317556
mentitus,0.9376875
danaus,0.9740807
thebanus,0.9429717
codrus,0.881611
tripus,0.86982703
leonida,0.81677866
milleni,0.93197095
obtrunco,0.9746579
chelydrum,0.8651148
emundatio,0.9477199
exequia,0.96789885
extimesco,0.95398235
triumphalis,0.9777343
iustitium,0.9397929
incolomis,0.9108342
alcis,0.902617
constipo,0.9004974
poenum,0.9444045
iugulus,0.9259628
saguntum,0.913528
numantinus,0.9765377
audacer,0.8964617
ensifer,0.7545161
impollutus,0.936725
ninus,0.9665103
aemulator,0.95296323
alienum,0.8453393
confico,0.6870477
adfectans,0.8879465
gestatio,0.7823951
iniunctus,0.9510544
quiduus,0.8889057
pectino,0.8941277
ribi,0.8589124
heeus,0.40552324
lymphaticus,0.8339052
praessus,0.8629389
afflicto,0.96412575
ua,0.94856095
suspendium,0.9693264
interveneo,0.9502892
repagulum,0.954018
distentum,0.87807864
muro,0.6412513
palatum,0.9561738
cratis,0.97445637
bubulcus,0.9619698
bethsaidus,0.9718561
mitissimus,0.92695737
amoena,0.8990536
lamentabilis,0.92028165
iliacus,0.8364169
reproba,0.57110727
medicinalis,0.95125234
fluctiuagus,0.94487804
peplum,0.79618216
turibulum,0.9242894
sponso,0.9215212
atrides,0.88199997
ablutio,0.95317185
ditas,0.91854715
agamemno,0.9183118
moechus,0.96452343
pelasgus,0.95142305
perurgueo,0.8558538
cruo,0.8459401
faux,0.9757881
redhibeo,0.95007217
astrifer,0.8176632
diademalis,0.9412428
populo,0.9319678
euersor,0.82688856
repenso,0.9299241
capsa,0.8868767
estus,0.8276215
pulcre,0.87050974
amazo,0.91611135
undiuagus,0.8688994
phrygis,0.7071926
prŏfitens,0.8959737
unco,0.9523469
matronalis,0.9598553
superstis,0.82386816
percusseo,0.95232975
prosto,0.80158263
decennalis,0.9260347
athenaeus,0.69800144
patroclus,0.8493513
puneo,0.5918791
ico,0.8340345
cunctator,0.9299385
nefo,0.8420564
crudelus,0.9552412
callis,0.97748065
quoue,0.9032612
ton,0.97058046
adnuntio,0.97976863
adferens,0.92927206
puluinar,0.9314387
cecropium,0.9109459
diluuius,0.89283234
complicis,0.84205693
ilia,0.6000443
andromache,0.8741709
phryx,0.8781479
achillea,0.7906565
subio,0.8323909
crudelior,0.903741
mose,0.7571805
andromacha,0.9237384
cecropidus,0.8966645
summas,0.7803502
subsellium,0.96737844
ulcisco,0.9325645
confirmatio,0.9370582
russeus,0.8374783
auspicor,0.95194864
agape,0.8709155
transfreto,0.9722357
amplexa,0.7326506
melos,0.9729022
pilatus,0.97198486
museum,0.64682597
auditorius,0.8297241
pinniger,0.85942674
disrumpens,0.9185412
reiecio,0.89853716
myrrha,0.9568551
peneus,0.75129724
pharisaeus,0.98319507
diffudo,0.973388
periuro,0.87569827
hippolytus,0.95822316
iason,0.8995637
tantulus,0.77017736
paris,0.94857454
pulchri,0.9213194
romulea,0.94247025
quaecunicus,0.95088917
quicun,0.96375394
sueuus,0.9831879
mendicus,0.94970405
sciscito,0.8708095
necandus,0.88835955
cotscun,0.817617
triumphator,0.9519378
neoptolo,0.9433197
grassator,0.9562958
tincio,0.6328523
syllum,0.9726371
adulio,0.89441717
urbes,0.92277837
vrbis,0.8205092
caecile,0.9334847
sanctio,0.89391756
transadigo,0.94269073
palmifer,0.55344
praetextas,0.67932206
proludeo,0.55404407
thebus,0.9116976
sponsalia,0.9791963
cantao,0.90339136
proludo,0.7729495
annectens,0.8207768
uuifer,0.8112356
pan,0.86425716
afsum,0.94514656
cypr,0.9520739
subueho,0.94233596
blandifluus,0.8651694
ammotus,0.67910504
cythera,0.861025
sobol,0.807747
pauesco,0.9625051
saltantum,0.848975
fabianus,0.9183898
inhonorus,0.83403474
textura,0.940711
diona,0.83279383
hinnit,0.77758867
caralis,0.5648311
aeolia,0.9103993
eolus,0.74956167
ceo,0.8758363
pyrrhos,0.887586
persentio,0.9440257
memno,0.8454693
belligero,0.9547239
telamo,0.58447945
telamonius,0.89308035
crepundia,0.85909843
crystallinus,0.951851
prio,0.8486992
hecuua,0.88951564
ammitto,0.88386023
doricus,0.9351914
suborio,0.78369755
scrupulosus,0.9335999
praeiudicatus,0.9029591
hectoreum,0.4981312
ector,0.54676473
habenus,0.8246522
trous,0.78307736
petro,0.95293975
clothos,0.85035944
abydon,0.8315868
sestos,0.9037323
maleo,0.46896017
salamen,0.8080901
troiugena,0.90035415
aiacus,0.8791841
ilius,0.65317297
troes,0.8211691
quisue,0.8949251
tinctus,0.73669785
socerus,0.9130033
patrocel,0.73575443
nestoer,0.83279
antilochus,0.8029051
exhinc,0.9654985
graecius,0.85415703
baptizator,0.5656582
cythereus,0.85567516
nauicula,0.9611825
cerucha,0.86813414
elo,0.9532403
lacrimosa,0.91120195
mulgio,0.8286998
phoeo,0.97089535
fauo,0.6914488
obunca,0.82627904
illotus,0.72268325
adlectio,0.74105656
individuus,0.86908996
ammoueo,0.7593845
flosculus,0.9220597
flammiger,0.9687642
tyndarido,0.91877097
teloneum,0.9151163
praeposuo,0.82703614
immundo,0.89912105
sospis,0.8068404
troilus,0.6381912
manes,0.8775081
obsignatio,0.8666435
decoer,0.78305197
teucrus,0.82441413
pelidus,0.7839731
persae,0.9410191
chrysis,0.7412565
onuso,0.7671663
centaurus,0.93399024
fura,0.9466418
lacerus,0.90611273
generose,0.91083443
ubicun,0.9114926
orbatio,0.68395245
damascus,0.96519315
peleus,0.9141196
attento,0.8453505
mellifluus,0.88592803
cyther,0.68388367
amantus,0.83331466
ister,0.84959173
pharetro,0.499105
quodcun,0.64059114
desicco,0.9333751
uernalis,0.9219507
medeo,0.78154606
ignipotens,0.61560804
aetatula,0.89972645
persento,0.7015574
ferior,0.877399
exo,0.89521545
fulus,0.87150943
blattea,0.76750815
redio,0.87595254
medea,0.75305456
repudium,0.9778421
strix,0.81055504
agenor,0.91337514
feruesco,0.952893
ademptio,0.89521086
quodua,0.82815576
contrecto,0.9742132
pelasga,0.8779094
patrona,0.8978281
persepho,0.42948195
megaera,0.64163154
suffio,0.8121587
plutons,0.8635874
plumbeus,0.8916223
adsiduitas,0.92655015
urguo,0.9212699
commonefacio,0.78088665
mimicus,0.88632995
menandri,0.85595644
delectabilis,0.9543436
inauro,0.9503637
of,0.8735292
fus,0.8989727
colloquor,0.9685286
relligio,0.923998
elinguis,0.9613527
doctiloquaxs,0.9793136
salutar,0.93149084
spineus,0.96341497
conculum,1.0000001
simon,0.9766822
putr,0.9275372
discipulo,0.9894237
abessalon,0.9134688
puplicus,0.7919396
ansilum,0.725577
adultor,0.8167525
procrastino,0.71892154
uagatio,0.800617
dialuuio,0.86246586
uincomalus,0.7056365
abscido,0.9800574
tempe,0.8814776
meonius,0.8525477
cachinno,0.7136975
pigresco,0.77413374
bicornis,0.9575194
plastes,0.85371304
falsidicus,0.8263246
necteo,0.75947845
naco,0.92834055
progenis,0.7511339
cypridus,0.89241755
praeopto,0.933689
praecluis,0.7849431
fulso,0.941514
uixdus,0.9220737
allubesco,0.72663414
geso,0.9147065
temperatio,0.7639859
astrigeo,0.7954496
censio,0.7984546
decentia,0.8655434
propinquitas,0.97968423
hieremias,0.9368826
nexio,0.6155574
uendico,0.8593463
cunae,0.89892006
aestifer,0.9164938
ant,0.69840074
perlabor,0.89462125
boatus,0.87829167
crepus,0.83905023
glacio,0.77344954
lethaea,0.85051227
pindareus,0.8457808
threicium,0.8441655
organicus,0.9232873
cothurno,0.905027
scena,0.868202
melo,0.9065776
mador,0.87820023
conflictatio,0.87655604
mercurialis,0.9330391
perego,0.85501003
osir,0.888966
gemellus,0.91789395
circo,0.97241855
alipes,0.93101513
domis,0.8482241
libyis,0.92134285
conformo,0.9512232
transcurgo,0.8740279
morosus,0.90701264
obdormio,0.98710454
perstiti,0.919425
annoto,0.9659671
iugandus,0.7545415
intempto,0.83131015
modulatio,0.9701153
curso,0.81035763
disgrego,0.84856665
libellulus,0.45747632
normalis,0.67420226
sophismatum,0.6022998
intimatio,0.81267226
deceptio,0.9600178
sophisma,0.9588119
menda,0.9172083
garrio,0.9278668
indecens,0.9588913
decipula,0.840256
palliatus,0.7320242
blatero,0.6646506
iouialis,0.79010487
expaueo,0.69266444
siluanus,0.949402
umbilicus,0.9626887
imum,0.96212703
rhetor,0.96269155
tullianus,0.94394857
concolor,0.9659918
elatus,0.9315953
assimilis,0.7422365
israelis,0.9653007
fulgo,0.80798674
splendesco,0.96873194
contractus,0.97494656
intrico,0.7577981
abacus,0.93521434
docno,0.7012786
dius,0.92105335
immoderantia,0.65425205
cathedra,0.9756319
abolla,0.5625957
peculium,0.9864993
charismas,0.9622279
phoebeus,0.9182624
flora,0.80622137
charo,0.63299274
nicto,0.49293476
spicus,0.8479074
doctilocus,0.79064536
eurydicen,0.8124169
amphion,0.92460513
sensifico,0.76981246
potissimus,0.84229255
sceptrifer,0.75115526
nerea,0.66606855
multiformis,0.9736634
deler,0.78729534
des,0.7793376
inlectus,0.93141085
susurrus,0.949944
subulcio,0.9060106
flemen,0.518424
nuga,0.97328466
larus,0.8277236
castalis,0.79817045
nereia,0.63140696
dilucido,0.814982
frondeus,0.916444
carneada,0.8746171
nodosus,0.9229739
recepo,0.9721374
inclytus,0.9244269
urceus,0.9549823
toties,0.87165016
tyrrhenus,0.89409393
ploratus,0.9311507
inno,0.8975705
retinaculus,0.9013472
aetium,0.9616437
edomeo,0.51216185
rebecca,0.93771905
proculdubio,0.8258866
reniteo,0.97227144
namo,0.95278335
conclusio,0.9254817
parifico,0.88949704
propulso,0.97658265
sanguinolentus,0.90410465
character,0.9230076
enigma,0.960428
idololatria,0.9626252
iotus,0.83161473
alpha,0.8986037
cas,0.89081466
baculus,0.94182205
itus,0.76831585
pretiosior,0.9543789
fructifico,0.9747352
plasmator,0.87942314
stylus,0.8657812
perluceo,0.920856
botrium,0.768528
emmanuel,0.95573455
sabaoth,0.974694
osanna,0.8653364
moechor,0.98519236
paraclitus,0.96285236
alleluia,0.8399681
uergilia,0.8515043
uesperugo,0.68891835
praemico,0.59969515
sudus,0.83814645
adseuerans,0.9226932
quippiam,0.9667009
normula,0.8559613
uberus,0.944864
moyse,0.8634274
circumuoluo,0.928835
imo,0.69547427
ingo,0.91446567
mulctra,0.7015315
letiferum,0.5657147
nuncupatus,0.8749546
sinon,0.751672
levita,0.9484155
autumno,0.9718388
sina,0.85938364
imminuo,0.96174777
discrucio,0.9057342
piscor,0.97373736
sabbatizo,0.9367418
erepo,0.69502157
thamar,0.9416484
mirifico,0.9414794
detento,0.8617039
biuium,0.9517979
salutifeer,0.88911724
prophetes,0.8128308
fossor,0.9108464
circumcisus,0.8615064
incircumcisus,0.97709394
anania,0.951409
sodomita,0.961609
sarcophagus,0.95763826
solaris,0.7502023
solers,0.94562435
praefoco,0.7866123
calculo,0.9536996
occisio,0.97528857
stadium,0.9907309
carta,0.95157224
praemeditor,0.9118986
casia,0.8565594
dendo,0.8841601
incuruus,0.9527625
serer,0.8747287
excipo,0.9586332
substrao,0.8190994
supradictus,0.9484772
peruasor,0.7495898
contumax,0.9844798
perfutor,0.7642578
quaeui,0.3961078
ornor,0.8521919
iacobt,0.9516313
connexum,0.8031829
fraxineus,0.9499983
immissio,0.87754583
oblitero,0.915519
populeus,0.6993764
castaneus,0.9064053
despcio,0.74661434
morus,0.79491943
ferocitas,0.9742148
exsecutio,0.964599
torno,0.87648034
siliqua,0.89438576
pistacium,0.92616475
fluminea,0.83558923
uandalus,0.9385005
obaudio,0.97184765
recto,0.82800925
emeo,0.9526383
lesbius,0.92319345
minium,0.90994513
pannonis,0.9476652
parandus,0.912523
gauda,0.9519216
tyrocinium,0.7400015
astricio,0.83783305
praelo,0.87158626
dimidio,0.9311062
clama,0.79772913
adieco,0.9466778
districtum,0.86743456
adtento,0.83936083
irriguo,0.62311625
uixdum,0.9379264
transcursus,0.93463206
causor,0.89974385
morient,0.9205826
hesperium,0.8428409
transcurdo,0.7335335
quidue,0.8644614
praeostensus,0.814936
indiscrete,0.9194061
por,0.77357703
pictauus,0.87192535
uecors,0.90074825
faeteo,0.82583284
dicturio,0.9609715
gratans,0.7542494
fores,0.76316416
symphonia,0.8939541
excieo,0.8170693
erumna,0.8504839
singulto,0.8066437
egressus,0.9622927
undecumque,0.9608264
presdo,0.95619965
condendo,0.7671426
obstaculum,0.95639646
lactant,0.8572088
machabaeus,0.92362964
assidui,0.657883
convaluo,0.9266399
asco,0.81135905
parcissimus,0.8641461
fulcher,0.78049135
detrecto,0.94904053
contiguim,0.80341756
punitor,0.6883821
iuges,0.7991401
porrcio,0.9176395
nefor,0.9127078
comminuo,0.976706
accensi,0.9665022
perfudo,0.8640769
urguens,0.9507568
opulo,0.8496367
copio,0.746044
assueti,0.88767767
reualesco,0.9287708
paralyticus,0.97758317
lacrimaa,0.44115597
rogantus,0.5964203
debaccho,0.9463378
circumligo,0.9258702
cocus,0.71499896
saeuissimus,0.9483609
larua,0.96083367
obscurior,0.9636619
transcurto,0.8618748
iactatio,0.9220133
malachia,0.8856441
archiater,0.8430184
subiio,0.74517584
fugatus,0.5884449
gratifico,0.87183034
arrogo,0.96268296
suauium,0.8684348
grauius,0.9389699
ruitus,0.9469327
uilesceo,0.8770805
regimen,0.95415944
holocaustoma,0.8386771
mollitus,0.5947301
anticipo,0.96717954
infudo,0.8708935
nonsum,0.6797097
conuiuor,0.92971635
frendeno,0.8832644
caeremonia,0.9022278
transfodio,0.933851
legislator,0.90478337
expectatio,0.9715568
aspecto,0.9415499
comprensus,0.8573582
aeria,0.9101517
tuno,0.9303525
praeludo,0.90073407
nuntiavo,0.8087517
constiti,0.94310164
diffiteor,0.9284866
uitiatus,0.8578349
coemo,0.8267719
uoluiso,0.8747571
deo,0.75363857
incipiendus,0.7915579
mesopotamia,0.9893403
pamphylia,0.97115564
cyrene,0.9639568
dacor,0.7229034
scytha,0.96375585
arta,0.9477813
letaliter,0.86423874
herus,0.8393123
abo,0.7502651
ferrea,0.9121089
iusdo,0.9276198
rurestris,0.8197696
redo,0.7911311
cessor,0.7787565
sustentaculum,0.78822565
bersabees,0.966804
darius,0.98526835
hereditarius,0.9893426
gaudero,0.76140475
persensum,0.82558
exterminium,0.93835694
uastatio,0.9622596
extortum,0.81901836
gratatus,0.79319954
plebeus,0.86248755
tergeo,0.9527359
esuries,0.94075584
malens,0.8531158
tantae,0.76823103
bi,0.60825723
clementer,0.9674536
uinculus,0.9625735
densatus,0.84753734
uirginea,0.6911294
darium,0.97891617
assueor,0.59559083
medor,0.89582765
puluerea,0.6202353
ebdomas,0.93358123
breviatus,0.5747774
quoadus,0.9603778
ageno,0.7934152
explio,0.8968815
pellicius,0.94733155
profectio,0.9725827
convallatio,0.694068
succresco,0.9389888
suffodio,0.9599393
attracto,0.7417984
purpurea,0.91700697
sucinum,0.9206983
pergratus,0.7946109
depo,0.79606795
ebdomada,0.93781674
libatio,0.8755755
exsecratio,0.848506
atto,0.93808234
praelibao,0.53390586
lxx,0.93382645
illeco,0.9762434
lx,0.95154536
attreo,0.8833443
pinnaculum,0.7997977
taetra,0.9328189
quamprimum,0.919688
periio,0.6938888
cuna,0.93664706
benedicendus,0.7894473
insciens,0.48874736
infusio,0.9173119
exitiabilis,0.9463305
incuncto,0.85230255
cunctandus,0.8714301
profeta,0.8499812
sux,0.5745131
praeconia,0.82021815
perspectio,0.7510097
iiii,0.8697355
soter,0.8435105
philadelphus,0.8744743
philopator,0.83267915
ptolemaeus,0.96235013
lt,0.95948434
uicesimus,0.9738399
specularis,0.95862544
ampulla,0.8406276
tinnitus,0.9666203
impago,0.78559726
crusta,0.9369743
superuiuo,0.9787806
ccccxxx,0.86884177
auitianus,0.9644725
crepitaculum,0.9239516
porricio,0.8420728
distenscor,0.8001405
stupefaco,0.945157
porreco,0.8011885
appensis,0.699286
arbustum,0.9702625
senones,0.8891183
pomula,0.79933167
ferme,0.91454065
turonum,0.8546366
reclinis,0.82369614
castrum,0.9534487
praecelsus,0.9422538
subdivido,0.9004003
abscisio,0.8820974
etimperium,0.8339088
cae,0.8605888
caligula,0.9150722
xiii,0.8971034
galba,0.96287274
othos,0.93632144
uitellius,0.956505
uespasianus,0.96881795
consueta,0.5948612
proper,0.72786474
oblita,0.7987275
captura,0.9518435
instantus,0.45816267
esocis,0.8342658
reiicio,0.89277226
implo,0.82917464
cumeus,0.6398418
historicus,0.9504702
praecipuum,0.89803326
tyrrenus,0.95842415
obteco,0.54688954
butyrum,0.9405681
damasco,0.9520066
samaria,0.97468084
remoio,0.6690854
lyconter,0.51956457
uomitus,0.9706979
pernimius,0.7670617
adiecio,0.9319915
praedictum,0.84685516
subiunctus,0.87857985
reuero,0.8697427
hebraicus,0.9346831
exsul,0.95980376
aerium,0.9066995
alluo,0.9819242
turbao,0.7890607
praeceptio,0.96003497
collao,0.8285731
numerose,0.7599617
tutella,0.8300262
gravidus,0.79534286
intuo,0.8661291
instinctus,0.971601
diffusio,0.9079039
iacula,0.9524102
paritura,0.9408194
iuvencula,0.9105498
expectandus,0.83760273
presseri,0.83397454
depresto,0.83802956
ulterus,0.9434284
egresdo,0.9511175
tabulatum,0.9657481
puerperium,0.93330085
munero,0.9503942
incautior,0.9582348
zacharia,0.97449535
nectare,0.8529769
saba,0.9207443
clodus,0.9104778
transscribo,0.91255444
stilla,0.9479825
fistuca,0.83554053
abiunctus,0.92630315
simplicus,0.8764401
polla,0.7587711
maronum,0.9289273
repingo,0.82557946
mirabiliter,0.9594541
caecilium,0.92928535
chele,0.72054577
ballista,0.9062191
samaritanus,0.9645729
breuus,0.9674951
culex,0.93254757
rutulus,0.8084331
calaber,0.9166007
attro,0.8510304
epigramma,0.93829715
dubium,0.90141284
omnicreator,0.9116888
commutabilis,0.86891997
idest,0.92444474
traductio,0.78861594
suauus,0.79185295
saluatrix,0.75550914
clareo,0.9003708
claro,0.9665287
omniteno,0.7026725
cogniio,0.86053157
namquia,0.8628284
petrinus,0.742663
met,0.55804163
men,0.66254866
agathon,0.74717057
elao,0.9446406
deceptum,0.65728664
dispolio,0.8121517
aungo,0.8847637
productus,0.8769522
henus,0.5679958
ingenero,0.80695295
profugium,0.8397734
iesse,0.9806001
censendus,0.8858272
indemnis,0.92916083
nitesco,0.93617743
obeundus,0.9345677
aceruo,0.92414546
momentaneus,0.9418284
corrector,0.9480537
conflicto,0.8560895
exposuo,0.8426458
tepo,0.9209802
nestorianus,0.8922012
consanguinea,0.76552063
uteus,0.47755113
inculpo,0.90293646
attraco,0.5247999
adiectum,0.8324957
affsco,0.85027194
abiungo,0.74891824
perfida,0.8894453
repuldo,0.856181
exegeo,0.84845257
synodo,0.8632628
cataracta,0.9793775
aurelus,0.9816995
obliquis,0.58553797
suopte,0.9246487
delectus,0.8536065
infortunatus,0.89248466
lab,0.8856187
steteo,0.914472
unicornis,0.96514606
rhinoceros,0.96963215
connecto,0.896651
peremptus,0.9767171
nequidquam,0.83044
redempo,0.95220476
simeonis,0.89296794
extuleo,0.8195303
purgatus,0.85017693
exempio,0.75888234
longinque,0.72418875
plantator,0.72489154
edomio,0.7685019
scriptum,0.94467646
criuio,0.65199184
lotos,0.73228675
lignarius,0.9561727
phreneticus,0.767526
desuesco,0.7651755
abstuleo,0.8518133
luendus,0.8187648
querimonia,0.9655
ne+cdum,0.85673565
sufficientia,0.9260105
circumtego,0.830634
hieremius,0.88791394
inscrutabilis,0.9167812
capesco,0.6453966
situo,0.6556951
detractus,0.6917704
uiolabilis,0.59353787
effcio,0.9465952
hebetis,0.84287053
saupera,0.8613229
discretum,0.81821704
infecuo,0.8569441
intendio,0.9373741
insigniter,0.93855476
incentor,0.9448012
conticio,0.9619614
anguiculum,0.9889746
triste,0.90596217
uandalicus,0.90857583
perustus,0.8992263
arbitro,0.82015383
malui,0.9416588
blasphemus,0.93718326
excoquo,0.9611524
chelydrus,0.9041237
scythiaa,0.95436645
queus,0.5473175
partior,0.95992744
relico,0.97745323
incompertus,0.88069516
tenebresco,0.91912687
lamentatio,0.9740651
proposio,0.8772528
parsimonia,0.96261835
tenuitas,0.95297366
helim,0.80419993
quea,0.76916873
oppidulum,0.6776997
electus,0.9561594
mosen,0.9187327
dulcor,0.92325526
mosus,0.8303757
excidius,0.8957578
sparsim,0.94459796
iamnis,0.7414668
ela,0.5084761
intermedis,0.74968606
subsanno,0.97496635
capero,0.6075844
uoluissus,0.78084534
messalus,0.9518429
olus,0.9629721
consueuereo,0.87137926
secto,0.922354
exodum,0.96447384
instabilitas,0.9331264
interiego,0.7462826
brutesco,0.7468973
hereo,0.8671817
perdendus,0.9361156
curandus,0.94959754
ustus,0.74219394
obtectus,0.62441707
culpandus,0.9633662
resolubilis,0.92767745
triceni,0.908584
rhetora,0.59102166
aptissimus,0.9448577
pedestris,0.81499267
ausone,0.7527813
theopompus,0.87421703
prologus,0.9022694
grai,0.92674786
boiscus,0.54267967
laneus,0.94546974
marcellinus,0.972427
sagatus,0.6660363
adito,0.8423196
pergameus,0.7282288
exterus,0.82700944
genium,0.81725854
longinquum,0.90543216
arbuta,0.83585846
urgo,0.8971298
satius,0.80445004
libye,0.92875814
inuentrix,0.9274153
remordeo,0.89761364
inscientia,0.92352843
deliberatio,0.9652719
biduum,0.9858077
uernulum,0.86908144
claundo,0.6183258
brennus,0.9088904
allium,0.89415973
samni,0.64265364
fortuno,0.92550164
naue,0.96056867
dulcissimus,0.9631404
exuperanter,0.8504927
postliminium,0.96513766
deleuo,0.8246792
inuo,0.711365
centumcella,0.7914129
fumificus,0.6786762
messalla,0.56565565
uadosus,0.8655321
suspcio,0.9426898
mutinensis,0.8891283
isthmus,0.9358437
bimo,0.88328224
siluosus,0.8778445
litoreus,0.8734803
glarea,0.96185195
celeuma,0.91925347
deliciosus,0.9010642
conductor,0.9415895
pulsao,0.7772283
lassor,0.8670804
corsicus,0.9451323
corsus,0.7048724
perio,0.80247843
frutico,0.7938801
salina,0.97373396
decliuis,0.93459773
hieremia,0.942621
expendio,0.8198838
uictorinus,0.97061235
tolosus,0.94505686
rudeo,0.69836134
pisanus,0.91488713
emporium,0.86533904
cedendus,0.8447832
protadis,0.86378634
umbria,0.885476
cincinnatus,0.9859999
pisus,0.6647283
amidior,0.8879706
quaestura,0.89855015
scitto,0.9224049
lucillus,0.74416804
satira,0.8726105
censorius,0.8883928
lima,0.94147027
circumsisto,0.8104313
uillicus,0.8482311
procellosus,0.9633444
spititus,0.5278076
querna,0.77206
hadriacus,0.93646854
angustissimus,0.8920593
dalmaticus,0.9016125
passuer,0.81218797
consumpio,0.9603636
luxuriosus,0.9819413
namcus,0.8000612
gradio,0.94183064
elisaeus,0.96238756
distruo,0.84350455
magnale,0.9714337
lapido,0.97565526
coruo,0.7160886
fetidus,0.76972
appositus,0.86703384
pompo,0.84288824
getum,0.9168418
biblis,0.7999979
dauiticus,0.95608467
uerenter,0.5521486
duceni,0.73966455
indefinitus,0.90154254
labyrintheus,0.9676038
labrusca,0.9732934
saliunca,0.85510397
toxicum,0.91419184
vna,0.49987033
salutao,0.8916818
uinitor,0.85992455
typicus,0.8940047
frondea,0.92904085
pecualis,0.64343596
babylonis,0.9417378
imaginea,0.58227646
aulicus,0.9373674
semihomo,0.6639284
transplanto,0.9038988
architectus,0.962261
necnon,0.9141607
triplico,0.728012
arrus,0.77559114
uineus,0.96589684
serendus,0.73114264
floriger,0.9274696
irreparabilis,0.8565232
qaeque,0.5638204
fulsio,0.5575903
hebrea,0.8516343
thensauer,0.93173885
balatis,0.877391
condicionalis,0.90256834
lanius,0.7454017
obstrudo,0.77720743
offusco,0.91611385
quatenr,0.7758298
labefacio,0.60422385
famulariers,0.52673316
labio,0.7901958
discendo,0.9315052
cautio,0.96954775
denarius,0.96197736
uadus,0.7013656
grabatus,0.91241306
latens,0.6148846
lamentum,0.9729789
tibicen,0.8985047
adlatus,0.9468982
decute,0.8399796
dauido,0.7796696
mancus,0.9414254
recalescio,0.66325617
cophinus,0.8982346
genesar,0.7907601
hebraei,0.88431084
nutribo,0.801375
circumfulgeo,0.9454097
plano,0.8528112
ingredio,0.9595767
bethania,0.98483485
ficulneus,0.97568965
indeficiens,0.9388618
diminuo,0.93756235
vtio,0.89885
tyrus,0.9676329
propensus,0.95357734
naim,0.86377734
ecfero,0.6790622
delinio,0.89497036
traditor,0.9758696
feretrum,0.9330422
amisdo,0.8329118
mempheo,0.93580294
fluuidus,0.8094528
timeus,0.78452754
puteo,0.96209455
peritura,0.82665426
accusator,0.9882135
relambo,0.7375584
coccinus,0.9121562
coccineus,0.90218616
gemella,0.81503737
populatio,0.9526608
martha,0.98115695
inhonestas,0.8715755
indignior,0.9112678
lazo,0.9348101
saluificus,0.57693183
linteolum,0.59923136
taeterrimus,0.84028053
peter,0.8658372
duodena,0.81994426
praedicendus,0.8644157
caipha,0.94900066
colaphus,0.9622052
spuo,0.92126703
astrico,0.75606096
apostatum,0.8988296
elegio,0.6944864
caesura,0.85727483
coccum,0.92797863
clamides,0.8745846
solomo,0.57892454
saetiger,0.80692804
uenenosus,0.9112983
consistentia,0.8571218
mansor,0.6795753
sestertius,0.9654704
aromaticus,0.8519439
unctus,0.88431096
diuulgo,0.97360325
fauis,0.5750696
iudeus,0.93052155
vnanimis,0.50899667
uerbosus,0.786242
diuerse,0.89338726
primvs,0.96089953
fideicommissus,0.9718897
formosa,0.8240072
peplius,0.8843967
aemilia,0.83705324
conuitium,0.93737936
uiduitas,0.9621469
cauponus,0.86691815
uoluptuosus,0.9308982
mordo,0.8482084
concubina,0.97796166
profugius,0.80701786
capet,0.95448536
compactio,0.72223485
foetus,0.93150806
praerupta,0.6335052
sponsalis,0.48849347
comestus,0.93559664
stellifico,0.62239355
mersus,0.6336272
reptilis,0.98001397
portandus,0.9532088
tegimen,0.90198886
profestus,0.8649508
gnatus,0.85747045
quinquageni,0.9048222
humilus,0.9619769
uenaio,0.5163545
uenditio,0.9825425
tau,0.7777407
beatior,0.900264
psalmographus,0.8939396
salamon,0.90138876
iosia,0.96986645
eliseus,0.9104656
micheus,0.9066639
ioel,0.8363813
naus,0.9187553
sophonia,0.87228775
aggaeus,0.91379464
sectus,0.7957223
permissio,0.94621074
scriba,0.962945
pilor,0.97343165
capitus,0.66845006
diuine,0.8628205
indubitas,0.87942016
dissuasio,0.8562972
comprendeo,0.89551026
dulciter,0.95151496
scrinium,0.93258595
quauis,0.7739625
improprius,0.8243277
fato,0.91790307
circumroto,0.77722216
polis,0.75766385
firmissimus,0.9783907
uitreum,0.80042064
impensus,0.9059449
deso,0.4771527
progeniio,0.87456155
mio,0.8854083
achaemenius,0.92684335
palaestinus,0.8315285
nectars,0.88083684
phisons,0.9190685
ramentum,0.85890436
fulgesco,0.81456083
niliac,0.87891257
citatus,0.61203194
promptissimus,0.9750408
intermisceo,0.8473759
peraco,0.89774203
obtendo,0.94955975
cumulate,0.88800764
igo,0.85748196
euo,0.71999377
cunco,0.7552327
spirabilis,0.95012355
pinguissimus,0.94905394
culno,0.70400524
purgatio,0.9575945
amando,0.6549763
uolaticus,0.8874964
delendus,0.92183405
seth,0.9594717
eni,0.88315475
tacisco,0.8852658
insufficientia,0.86818504
discreuero,0.8916853
eripo,0.7808019
excidio,0.7228904
immixtus,0.85816944
paciferus,0.8457528
clauso,0.8700636
infodio,0.9417334
addisco,0.96825075
demidior,0.84531957
subsigno,0.66628003
tremisco,0.9308686
uligo,0.6116257
infindo,0.5865755
sis,0.98449576
elego,0.9564394
achates,0.9527683
pyrris,0.95414543
pyrrus,0.991561
transduco,0.96102977
parium,0.9186247
peteo,0.8757415
iniquissimus,0.93021953
agglomero,0.90439564
dissico,0.8829379
arcessendus,0.5196335
intestabilis,0.8944119
comprendo,0.8979815
bethlis,0.89326614
commemorandus,0.7404672
chebron,0.9231698
altrinsecus,0.96965486
saeptus,0.8364934
transmissus,0.9107429
pelex,0.6078586
exher,0.86168784
ismael,0.91141117
percunctatio,0.6319845
aristarchus,0.9098601
mercimonium,0.9442987
rcio,0.567667
concessum,0.92330474
aponus,0.88194305
chimaerus,0.8394309
trina,0.9388875
feruentus,0.91267943
detestabilis,0.9714941
tityrus,0.9663367
respublica,0.97636724
sophos,0.85460913
prolabor,0.942302
trophaeus,0.92838323
epier,0.869639
pecuarius,0.8980602
lydus,0.9077399
blatta,0.90353423
corinthus,0.9595613
sardinium,0.9741713
snaiscor,0.85230565
ianiculus,0.93532914
senon,0.60302526
tesqua,0.71924615
cacumino,0.6844895
pannoniaa,0.9061306
sirmus,0.7772039
maiorianus,0.9222563
aetio,0.9882582
mathesis,0.85533047
apluster,0.72652406
eryx,0.9080845
pugilis,0.8911437
bebrycium,0.8714076
aetolus,0.826549
equites,0.7136375
chimaera,0.8582967
pelida,0.81812394
gaudentius,0.6927619
sequanus,0.952959
atax,0.8832077
turonus,0.77715385
subactus,0.627898
coniecio,0.54528165
mado,0.5364752
refringo,0.8905997
assuo,0.8870708
alto,0.51938766
praesco,0.7609575
aggredor,0.6935606
aete,0.83196825
bagradum,0.9143699
matricida,0.89667547
sequestro,0.9718643
stiua,0.89760035
aetius,0.9122143
voluo,0.7271818
caesaris,0.8676556
inextinguibilis,0.95188886
marmaridus,0.7903285
nasamo,0.9278338
capua,0.92406166
baia,0.9392251
lucrinus,0.8468764
delpho,0.6955175
certatus,0.94992894
campana,0.92030954
textilis,0.91411626
crasso,0.82601166
falaricus,0.92192066
cons,0.7346484
ueru,0.7637397
pertranseo,0.97412455
probrosus,0.94577205
appennina,0.5749821
tributus,0.80211043
sigeo,0.8743825
xerxes,0.9670324
leucadium,0.88631195
burgundium,0.8434744
parcis,0.7643402
adustus,0.9341559
extergeo,0.92087597
commendatio,0.94112897
incorruptibilitas,0.9467753
noue,0.82601726
zetus,0.824069
fulue,0.94485545
pellitus,0.65988207
lugdunus,0.95217395
byrgo,0.8596817
trophaea,0.86481076
antipoda,0.8334148
rubrum,0.52703655
artaxo,0.9304672
cyrum,0.8774024
rapacitas,0.92878187
defungor,0.9266499
thermopyla,0.87420297
alpus,0.9447303
domitus,0.9389352
stupo,0.8547697
pindus,0.88363767
giga,0.8736626
patrocinans,0.70461607
hospitalis,0.9116736
depopulatus,0.94116706
thessalis,0.8699462
accubo,0.8651483
praepes,0.85219264
philocteta,0.89665157
aiacis,0.82010996
sirena,0.8383275
tauromenitanus,0.8597979
lipara,0.61356306
priapus,0.94851816
tyndaridus,0.8606403
lucta,0.8707456
pindo,0.7802795
rhythmus,0.9474822
orchestra,0.7930269
euripis,0.8707869
gallicanus,0.9379864
allia,0.97145116
silendus,0.82629794
trophaeum,0.8251313
mithridaticus,0.8660684
marsus,0.945654
pedo,0.8298676
tibullus,0.867416
sulpicia,0.7367566
thalia,0.8687167
lepos,0.88992697
septimius,0.90887713
martialis,0.9204147
tomus,0.77764434
bonifatium,0.55261105
sebastianus,0.9591902
cadurcus,0.5499619
quintianus,0.94505703
popularitas,0.84009904
traianum,0.9533022
ampelium,0.79542863
messala,0.8479204
uilicus,0.9482416
seuerianus,0.9646174
occidendus,0.9378239
columen,0.94634
exaratio,0.5966425
theta,0.8165303
rugatus,0.52927345
obueno,0.88087595
vestio,0.93863785
parior,0.85525674
sardonyx,0.9218868
onyx,0.7599865
crusto,0.92383194
promineo,0.9808979
tortilis,0.89109254
ommate,0.81333077
patricia,0.86547464
refudo,0.5875984
ruricius,0.85442424
hiberium,0.8635597
oscus,0.50904846
osco,0.5921708
mauricus,0.86971945
regemo,0.8797246
acidus,0.8199122
ceape,0.3622862
hendecasyllabus,0.8105107
iusso,0.95158106
sygamber,0.91454387
eius,0.76326346
loquacitas,0.9753958
aetola,0.85332644
phoebos,0.8637954
limbum,0.78320324
populosus,0.9639088
aracynthus,0.975093
lindia,0.72244275
cleobulus,0.8803657
chilon,0.8689435
tropicus,0.9232825
centrum,0.7679885
autumo,0.9744309
logicus,0.81422895
viuio,0.9536312
sidonius,0.8704618
laidus,0.82761574
sophus,0.85795116
nymphidius,0.7890818
simulatum,0.503109
gedeona,0.60423493
fis,0.81604815
barbitus,0.9116699
deriguis,0.90539193
ammon,0.90201783
miseo,0.8168782
caprasis,0.44378057
sextilis,0.93537986
crustatus,0.9639313
gazeticus,0.9914192
chium,0.92983574
contiguis,0.8644874
partir,0.9218708
adsentior,0.8244909
fineo,0.86683553
procopium,0.9067686
dignum,0.93185496
satraps,0.8294147
exta,0.9368394
turicrema,0.77617055
anthemius,0.90939295
fulseo,0.8531487
puerperis,0.9372133
peoriander,0.9241152
prienaeus,0.7472986
pittacus,0.88376725
epicura,0.59745574
academia,0.82802033
argumentosus,0.5800762
syllogismus,0.94814795
euclido,0.9261638
archyto,0.6690053
phaedo,0.9265013
patauinus,0.65555114
quintilianus,0.93034756
danubius,0.95677
daio,0.64488393
illyer,0.9493324
ualamer,0.69250685
calpurnius,0.90867937
excresco,0.9304911
umus,0.7136357
serdicus,0.8135084
uinolentia,0.9460547
hortamis,0.89401287
tiberinus,0.92886186
ricimers,0.8888469
ricimeo,0.89635134
geto,0.5774696
uallia,0.5630682
calpen,0.8280115
agrigento,0.80900407
uandalis,0.622058
elephantus,0.96481645
ostrogothus,0.87505555
laeua,0.8062396
dilectis,0.95162034
retinaculum,0.91996026
cytisus,0.87716925
serpyllum,0.6529762
crocus,0.91267097
quaarumdus,0.87692904
depopulo,0.97231245
hisce,0.8270732
cyclada,0.8849066
attalicus,0.7424833
cyprius,0.9463058
mummius,0.974162
anthemium,0.9442054
hercule,0.6868545
quantumuus,0.82165253
abydenus,0.62257296
alps,0.63750386
uoto,0.57954794
nouember,0.91219735
rectissimus,0.89302874
burgus,0.7013868
pieria,0.86275685
sagittifer,0.8509657
deciduus,0.5810039
conieco,0.86199045
odorus,0.7345824
vltimus,0.62756675
circumplecto,0.9122151
croto,0.78917366
saburra,0.78696895
recolligo,0.9536983
defluus,0.8215046
iocosus,0.87570786
nomas,0.84916836
vilus,0.95975494
abscondeo,0.8530208
suasus,0.8363576
lucullus,0.99356663
transporto,0.9238194
thermis,0.9382774
hiemalis,0.9793447
lycaonia,0.94029576
globum,0.9148621
leons,0.9049535
pontia,0.75693935
nor,0.8541598
apotheca,0.94324124
resultao,0.8429881
monitio,0.9473587
narbum,0.90732014
salubritas,0.943697
vrbes,0.93264365
brattea,0.80749875
barrio,0.43713975
plax,0.9330378
oppugnatio,0.95098585
theudoricus,0.9800912
publicola,0.96324116
mutius,0.8458146
scaeuus,0.88804394
inuens,0.90584064
bia,0.8321539
geometricus,0.9578974
musica,0.9640745
sophoclis,0.9265505
euripides,0.8832538
herodotus,0.94469583
tumultuosus,0.96179384
mantuanis,0.89527404
scripio,0.91033816
cornelus,0.9339616
massiliensis,0.932751
seneca,0.84902215
pollum,0.80074674
rhetorica,0.9367627
lucrifacio,0.93072176
latialiter,0.8753004
maeotida,0.85197437
innocentior,0.8428517
repandus,0.55762196
bifrons,0.90762943
circino,0.7628013
obiter,0.5003137
ultrum,0.84390426
tubicen,0.8226801
balearis,0.92022604
sordido,0.8632858
patentior,0.83926964
podium,0.8206042
plico,0.8779329
toro,0.592117
uoraginosus,0.8733359
bosphor,0.9548775
uillum,0.966179
tapeta,0.78912944
marcium,0.9258622
myro,0.76621157
intuendus,0.7976377
talus,0.90007603
fritillus,0.50754124
naupliades,0.5225578
salona,0.7065343
praxitelis,0.83372045
iulianum,0.95308197
gabalus,0.772307
calumniosus,0.96752965
rutenus,0.7124926
ferreolus,0.5492501
syager,0.8150948
albulus,0.7412175
tar,0.37356284
corycium,0.8537827
reflexus,0.6678833
tetradius,0.85350263
thaumastus,0.5669592
philager,0.5695051
eulalius,0.85736775
repetunda,0.9531961
pauimentum,0.97090876
rhene,0.96225375
iaciens,0.86950886
ueio,0.98150516
auruncus,0.5473847
mucus,0.5059929
samnes,0.87923384
marcius,0.9855675
ger,0.40159208
teuto,0.9534117
tigranus,0.9518423
mithrido,0.763323
scotus,0.7886468
actium,0.9517082
bibax,0.73784447
ptolomaidus,0.9564806
agrippina,0.93750954
collinus,0.95968753
umber,0.503421
colluctor,0.8916574
fronto,0.89007056
pugnator,0.97922015
theudus,0.75483114
praelibo,0.85133535
pyarrhe,0.51818115
herulus,0.89141566
litorius,0.9192964
ocrea,0.9689286
emathio,0.6000407
congredo,0.93454385
litorium,0.7728654
barbare,0.83634526
rugum,0.8530499
gepidus,0.84737813
scirus,0.7979547
toringus,0.90342337
messianus,0.8138494
tatus,0.56067836
hersilia,0.59251124
pallans,0.8035527
admissio,0.9184175
euandrus,0.9220538
macer,0.93746346
promptis,0.9268048
adulterus,0.8823167
cottus,0.7068778
pyreneus,0.60462654
belgicus,0.9240171
trebius,0.67719245
centuria,0.90080756
ugernus,0.67927337
cognitor,0.9651888
conlaudo,0.9587169
supplicatio,0.94794977
concimo,0.55322134
lacunar,0.89901716
aquitanicus,0.9353448
consultus,0.86142963
utilissimus,0.9225192
euodium,0.5937917
mamertus,0.7569333
mirantum,0.83236396
claudianus,0.8999126
geometra,0.77202976
episcopalis,0.95562476
molestissimus,0.9410852
quinquennalis,0.9617043
lemures,0.7736709
antiochius,0.7703915
paludicola,0.77823806
dupla,0.5917157
peruago,0.81195235
stupendo,0.46135145
occipitis,0.8507829
eoricus,0.56124574
inquilinus,0.95548403
arsax,0.8654881
persidus,0.8709559
expeditior,0.9353292
inconcinnitas,0.8997266
tyrannicus,0.97062427
declamatio,0.771604
leontio,0.9426367
liuium,0.85618556
gallicinus,0.78492624
scurra,0.8152945
calabris,0.90775913
lyricus,0.94381773
declamo,0.95544386
burdigalensus,0.8739661
opulento,0.3997215
meracus,0.9140326
incruentus,0.92298824
pulchrior,0.94766533
laura,0.83682626
caltha,0.89184946
abacum,0.82017994
extructio,0.8895987
turpior,0.8552639
gerulus,0.8514713
lebes,0.7918337
tibialis,0.68416595
carmino,0.72563803
sponda,0.77964365
competenter,0.8686915
consentium,0.5029843
pegasium,0.6964548
uenusina,0.78177434
iapyga,0.88780963
aufidus,0.64376944
peritior,0.8308566
domnulus,0.5033191
dictito,0.6909137
epistular,0.43318856
efficaciter,0.9183196
mantua,0.7760112
homericus,0.85370225
hice,0.92444533
pauperior,0.87862706
mussito,0.7911591
sinistrus,0.8937322
ueritus,0.8348341
elegi,0.8494712
sapphicus,0.76954675
conuocatio,0.7514832
petulantior,0.68497807
martyra,0.86248356
negator,0.7991622
iniugo,0.5377144
proma,0.8110391
obiectio,0.7472928
xanthos,0.79091585
irr,0.50956136
adtero,0.9456874
denomino,0.8170071
reuera,0.9648398
spadix,0.8697089
tenacus,0.8131491
exhibo,0.8770087
sec,0.5086185
elemosina,0.9478289
galerus,0.88966286
gloriosior,0.8275318
pacuvius,0.9604483
reuiuisco,0.9406668
incantatio,0.9621035
peculiariter,0.92418236
docuo,0.7798949
utrum,0.6229868
cruda,0.92692816
connubium,0.9582914
allecio,0.8185319
ulico,0.8993845
enimuo,0.9544209
eorus,0.84066415
nigror,0.90011406
armarium,0.9619984
praedieo,0.68216914
mathusalus,0.93173337
delegatio,0.9168462
iude,0.87718105
metallicus,0.9090687
demando,0.8891912
subdola,0.9304202
lenocinium,0.96564096
britannicus,0.93333507
caesium,0.7286974
nigidius,0.9441488
uerruca,0.87950826
raritas,0.9521892
uernaculum,0.86691236
ostensio,0.9509611
cylindrus,0.86186635
erueo,0.9411422
concateno,0.7881566
peritissimus,0.93126345
uictimus,0.84799486
pulcherrime,0.8902063
breuissimus,0.9402945
kalendarium,0.9004806
hoc,0.6298058
pudicitius,0.9325188
obtinendus,0.9285009
appetitio,0.8726119
sertorium,0.9407624
didium,0.9287731
inuitas,0.85880244
secura,0.8480519
vtilis,0.89347076
dehonestamentum,0.9207547
importo,0.9376756
castricius,0.76030874
periculosissimus,0.84830827
speciositas,0.92338717
incuria,0.96958363
formositas,0.94170713
exaltatio,0.9355857
professor,0.9338568
sincerior,0.8007672
habitudo,0.936302
sertorius,0.9786189
redarguo,0.9660958
satanus,0.9362376
quamobrem,0.89454603
germania,0.9421583
sinceo,0.7939413
cautissimus,0.9104979
nominandus,0.94663584
operositas,0.5920134
substrictus,0.78313655
cincinnus,0.8583591
structor,0.90863466
capillatura,0.89056176
adiutrix,0.90075016
quiobrem,0.91711485
amputatio,0.93653095
lubet,0.84855044
irritamentus,0.9012648
aesopus,0.81605756
apologus,0.6654643
complecto,0.54910016
pretiositas,0.91252816
possido,0.7602927
lunula,0.79780626
iucunde,0.9535234
aviculum,0.9351889
cassio,0.8289937
uictiem,0.9059119
honestissimus,0.86463547
denotatio,0.90069646
contino,0.521767
stupesco,0.88880455
spatha,0.9288417
taciturnitas,0.9699201
protelo,0.90456825
obstrepeo,0.83855426
oblectatio,0.95688176
abdicatio,0.93980783
ficio,0.9684344
attributus,0.9560399
novor,0.92647475
asporto,0.9778545
maliloquius,0.88917613
fraudium,0.9101639
deieceo,0.930044
interdictio,0.95143175
necessus,0.88397187
israhelita,0.90748763
aethiopia,0.93787175
aethiopius,0.91589224
timaeus,0.9571501
arcessitus,0.9466603
iuvenus,0.96717155
consualis,0.8800606
inscriptio,0.9452878
september,0.92967296
feretrium,0.92157817
capitolinus,0.9532476
hostiliter,0.9246267
suetonius,0.8852788
cerealis,0.8382144
floralis,0.82784104
legatarius,0.9733557
funebris,0.9595146
exequor,0.93982875
uenefica,0.9190995
messia,0.93837863
pavefaco,0.8077204
sacrificator,0.7678135
adorator,0.9624598
altercor,0.94573534
iosco,0.9263277
conscripio,0.91619253
scaenicus,0.92092377
supersedeo,0.96674967
dedicatio,0.9717089
minervus,0.67723966
pervenio,0.8489597
titulum,0.69005424
olympia,0.922099
gymnicus,0.86078346
insignissimus,0.7827939
propitio,0.9194906
idolothytus,0.96290433
concussio,0.9480841
incitamentum,0.92106545
mappa,0.7600543
amarior,0.94082403
pantomimus,0.95491767
scurrilitas,0.97151685
apparitor,0.9599163
auctrix,0.73906493
prodiga,0.8939899
depugnatio,0.882733
altilis,0.9268162
saepenumero,0.94128966
tergiuersatio,0.9239811
localiter,0.88823676
creberrimus,0.9495043
apulius,0.9289208
inmuto,0.95667565
spurco,0.84760606
gesticulatio,0.9458868
pilleus,0.8405926
minutio,0.7616617
tantisper,0.9306442
callus,0.7423825
attoniueo,0.89349794
effeminatus,0.94482446
linteum,0.87763107
communicandus,0.83213353
pulmentum,0.9581113
acceptissimus,0.91305345
delectamentum,0.91968924
interpreto,0.9545902
glorio,0.78602993
titia,0.8192564
ambulandum,0.93848395
catilina,0.94030356
iaculo,0.8776511
potatus,0.92926985
imaginor,0.919874
gratior,0.9486749
conveniens,0.8917769
novissimus,0.8200658
filiolus,0.9629745
rememoror,0.8690678
octauius,0.93180823
prosecutor,0.7985401
evertio,0.8636193
cupiro,0.8665471
urceolus,0.9540577
absentia,0.9791018
pomponius,0.87939847
fidenter,0.9376311
inibi,0.93503714
circumlocutio,0.8715187
ferramentum,0.9659233
neglegenter,0.97141683
adtendens,0.81380165
mirae,0.9097746
desub,0.8538935
mulgeo,0.80302364
argutia,0.8774792
constitutus,0.9437929
hilarianus,0.94075036
elanguesco,0.8970212
sallustium,0.853333
dinocras,0.9429363
cessatio,0.94724786
fiala,0.92743987
proximo,0.94656026
evello,0.93842673
lanista,0.8929555
uiridiarius,0.87438214
beatissimus,0.90584224
saio,0.71098197
sanctis,0.89234847
castigatus,0.63048726
nobilissimus,0.9781655
inridens,0.92474717
umbrus,0.76969266
obstetrix,0.9630916
profito,0.83499455
commissio,0.73964626
leopardus,0.8842304
subfossus,0.61197436
tracior,0.89890575
ferocissimus,0.95268625
comparatus,0.900514
reticulum,0.7634348
accersiior,0.8762759
adlocutus,0.90555793
auspico,0.8077696
reclamavo,0.76734257
plebes,0.867196
compunctus,0.8490903
honorifico,0.9646876
adsuo,0.8531597
ceaterum,0.87868845
usurpao,0.6931834
benedigo,0.5119193
breuiarium,0.7715585
condecet,0.95033455
litteratus,0.97114706
plerasque,0.90111166
conteo,0.69473445
manilium,0.9185533
credeo,0.87748915
praedicandus,0.93558097
uarronis,0.8041179
nosmetipse,0.96459335
protractus,0.78436935
mature,0.9798032
aquil,0.7139225
dubitavo,0.95301545
parasitus,0.83470273
solarium,0.96557796
articulatim,0.7954704
deserendus,0.900063
postulatio,0.94288146
ordinarius,0.9651543
retentio,0.9637281
nostratus,0.8493383
iracundia,0.9787442
ueneficium,0.82253605
haereditarius,0.7622074
paenula,0.89457077
carpus,0.8193487
herma,0.91232944
genuinus,0.89836216
inreuerens,0.8174698
arteria,0.90039635
exscribo,0.71028334
arretinus,0.7805239
conferendus,0.9504
commendabilus,0.9096006
commorior,0.891201
maccus,0.6994212
ubicus,0.97329205
eucharistia,0.9160321
plautes,0.8159678
sollicitior,0.911399
foemina,0.85719717
impudenter,0.9298858
immunitas,0.9635365
eruditissimus,0.9371785
inuestio,0.78314483
hariolus,0.90096843
antecessor,0.93555796
tantumdem,0.9146892
quarumdum,0.93122745
communitas,0.87824047
diligentior,0.8882844
pe,0.50415564
plutarchus,0.8681771
arcesilaum,0.93729115
conloquor,0.9092293
disiunco,0.8703102
destructio,0.9463749
protoplaso,0.8825543
occultum,0.80666566
pulcrum,0.83137745
condignum,0.87174374
carthaginiendo,0.8558595
iteratio,0.88639855
incontinens,0.8894698
importunitas,0.9379823
assentor,0.8446158
concretio,0.95831245
typi,0.82747
leuiticus,0.92052734
unusquis,0.95474124
circumduco,0.966702
commixtio,0.97078544
affinitas,0.940538
carthaginiensis,0.9921415
peditatus,0.8689562
immaculatus,0.92352855
circumvor,0.93494856
purificatio,0.9638045
exerco,0.8950498
obtusio,0.82468677
causatio,0.92653537
lanificium,0.9501691
temperantus,0.789932
acquisitio,0.85552
consulte,0.89433414
defetigo,0.7208911
flami,0.79853046
prouocatio,0.8998825
uestae,0.88199455
lunonus,0.7801535
achaia,0.98836195
perditrix,0.84051883
uniuirus,0.78636223
curiosior,0.9551683
postilel,0.53108126
benefactum,0.87745297
pauus,0.9071275
sadducaeus,0.8794473
partiarius,0.8834306
claritudo,0.9601762
inscripseo,0.6016204
disceptatio,0.97720873
inretitus,0.88514155
aristotelis,0.95606
refectio,0.9722206
incursio,0.9674787
compassio,0.9453261
favorabilis,0.9345681
haereticum,0.8991864
protenus,0.9235393
frivolus,0.68341494
lactus,0.78839785
laborandum,0.8813734
uituperatio,0.9374757
rhetorico,0.8589424
decessus,0.8749354
praefatio,0.94310474
ualer,0.6689849
finco,0.8310735
reformatio,0.89484125
delibatio,0.9527052
nicia,0.74718726
pyrrum,0.98757315
aptior,0.9447789
pellicia,0.8075459
despoliatio,0.62803316
pretiosissimus,0.96845484
inmisceo,0.8502845
utrumnis,0.9833489
diuerteo,0.8192831
pyrro,0.9401722
extractum,0.94941646
stramentum,0.9496777
machinatio,0.8912596
gloriosissimus,0.89624697
dominatus,0.9274058
luculenter,0.7940731
paracletus,0.8866949
patrocinor,0.9575883
dilapsus,0.8229519
reaedifico,0.94930184
subiacens,0.9635179
refico,0.96025294
denigro,0.89644176
menstruus,0.9603611
cultior,0.9353863
absceseo,0.92466116
funero,0.9225379
antesto,0.8108764
ris,0.6942983
cogitatus,0.6733821
ubiubi,0.8475205
principalitas,0.9123781
cornelis,0.9678384
exarsio,0.82938045
obsesdo,0.9106432
interfectus,0.90736836
conloco,0.97222865
adparo,0.8557317
ebris,0.8814962
concubinus,0.86420715
potator,0.9625748
cassium,0.83442354
adhortatio,0.9478748
calamitosus,0.86758435
corpulentia,0.95447725
eatenus,0.9515654
tolosanus,0.87449193
uenientius,0.8693204
inhabilis,0.8652334
direptio,0.9512354
cadendus,0.84387314
dispectio,0.82670426
imaginarius,0.9628676
distorqueo,0.8606656
iacueo,0.8640346
resurreco,0.901657
contionor,0.9134738
quieque,0.8236015
archon,0.8506775
tumultuo,0.7196111
inclaresco,0.85595965
remediator,0.6876457
significantia,0.9531933
septenarius,0.9557481
inconstans,0.95903444
promulgatio,0.8003305
cauillor,0.91605484
erraticus,0.924976
reliquia,0.94241047
redemptio,0.97470236
adpropinquo,0.9700657
intempestiuus,0.9656911
sciturus,0.7628819
aequinoctium,0.96914136
galata,0.9409432
inreprehensibilis,0.956337
expector,0.97073925
perspicax,0.8992928
acsi,0.8877275
abscessio,0.8497053
adfirmans,0.9485632
antichristum,0.8698321
apparentia,0.7674239
intellega,0.89130974
cibarius,0.96216613
conglobo,0.9416181
repromissus,0.928169
uigoro,0.7482586
aduocatio,0.9080074
sortiior,0.94965535
temporaneus,0.80363584
quantulum,0.85655767
mausoleum,0.87214226
uivifico,0.7013444
uiuificatio,0.78594905
ezechielis,0.8787264
circumposo,0.7515948
exaresco,0.90348244
teterrima,0.8659898
configuro,0.77342135
adfingo,0.804035
obloquor,0.9475709
dissolutio,0.9776655
decrementum,0.72041583
eructuao,0.8029041
redhibitio,0.94974315
argutus,0.86889714
evangelicum,0.778144
nonnunquam,0.9608403
porrectum,0.828088
quaternarius,0.9245473
tyros,0.9744866
sidon,0.96973515
transactio,0.91611093
corporalitas,0.89558077
degustatio,0.8954089
ualidior,0.9661428
superabundo,0.93759656
suapte,0.90702313
depostulo,0.72463375
manavo,0.81894684
pero,0.81277543
uersutia,0.97205245
erexo,0.61220455
problema,0.95612234
nuptura,0.8329637
necne,0.8303088
controversia,0.92388463
transo,0.9065866
adpetendus,0.8331811
ruminandus,0.82640064
hesios,0.8842612
ostentatio,0.97236294
resuscitatio,0.9326693
hesiodus,0.89104915
didascalicus,0.8845615
hesiodo,0.8440434
homin,0.6524791
conglorifico,0.95126855
smyrnaeus,0.90401876
abolio,0.8505825
perenno,0.8770023
omnifarius,0.94799626
detritus,0.80531335
avidus,0.96946824
placibilis,0.89681435
illuxo,0.90288746
conditorium,0.77304447
adamantinus,0.9765363
salinator,0.8948549
mon,0.6995842
genitura,0.5640787
hermippus,0.7935068
moralis,0.9603681
manumitto,0.9889846
inquilina,0.77022946
moralitas,0.8793553
callistratum,0.8247856
quecun,0.9355954
consepulo,0.86887455
prouidenter,0.84244704
conso,0.7277901
redintegratio,0.8897892
parilitas,0.9118062
resuscitatus,0.91493165
subtilissimus,0.93009
scienter,0.88525635
uasum,0.9473773
profutur,0.9524451
asiaticus,0.80645216
exheredavo,0.8704862
supercaelestis,0.95338637
praeceptiuus,0.80342996
subaudio,0.82512707
iudaismus,0.9565259
lit,0.9965885
primarius,0.92016304
arrabo,0.861243
mur,0.7470764
lium,0.92346704
fenero,0.96385497
peraequatio,0.8938207
irrationabilis,0.844992
dedecoratio,0.8736013
reconsigno,0.67231977
liiim,0.99379075
computresco,0.89199907
incerno,0.8524037
complano,0.8946433
distinco,0.8800415
liv,0.99495715
deuoratio,0.8867847
carthaginiens,0.90859425
circumpono,0.87854993
emortuus,0.76484555
lapidatio,0.8879802
transfiguratio,0.9040146
mutatorium,0.81319296
utrobique,0.93668157
na,0.59961236
luii,0.9818854
laete,0.91816914
excesso,0.80247384
detruncatio,0.85330254
interemptus,0.8745279
rescissio,0.8983847
munitio,0.971868
lviii,0.97717893
iocunditas,0.9233399
habilito,0.9258878
lix,0.91015655
creditura,0.8813579
deputao,0.86780155
caries,0.9081815
destinandus,0.8312359
decumo,0.55015033
lxi,0.9342847
macellum,0.9152676
corrodo,0.914608
rictum,0.7077368
edentulus,0.86710757
mena,0.64271724
oblatro,0.9092742
fulcimentum,0.8887587
lxius,0.9884017
obnoxiis,0.92579216
lxiii,0.97821796
collactanea,0.85469437
effluxo,0.8111513
resorbeo,0.86211824
apocryphus,0.8911026
oportuo,0.95532215
poo,0.6600303
tr,0.58948624
rn,0.8036032
nono,0.8276458
n.,0.8835919
calciatus,0.86354023
calceo,0.6305267
quatinus,0.93944955
conventum,0.8984256
basileus,0.79648715
hippocrao,0.93677485
marra,0.81888044
commodissimus,0.85408014
ontum,0.75025755
f.,0.8293644
sensualis,0.94917274
reminiscentia,0.82946455
pythagoras,0.9210696
consolo,0.925287
muliebriter,0.9055774
inclamo,0.9209633
meleo,0.762324
frustratio,0.9120419
accommodatus,0.9472869
perniciosissimus,0.85917866
constantis,0.86619055
praeuaricor,0.9080169
demonstrator,0.4948301
mortus,0.5337548
midas,0.7035383
orpheum,0.74596274
musaeus,0.7719976
apostata,0.9409026
indagator,0.9242778
aliorsum,0.8950914
examinator,0.8450558
hadrianus,0.95990884
epicurio,0.9232113
sophista,0.9280205
praefo,0.94253266
determinatio,0.77992415
pluresve,0.9199484
accerseo,0.6012552
critia,0.85451156
lineamentum,0.8696282
afflico,0.8003841
angor,0.9311186
ouk,0.9389632
uaticinor,0.9342482
effatum,0.84357566
methodicus,0.7906874
instructis,0.56881994
adfecto,0.955584
ornatior,0.82049215
elleborus,0.9069908
vniuersus,0.7068307
incorporalitas,0.84950244
elegantissimus,0.9100976
leuissimus,0.94846416
noctua,0.946418
aequi,0.5567417
profitebor,0.78014296
ou,0.380337
indissolubilis,0.9418352
charisma,0.953802
iamuo,0.92558825
allocutio,0.90051967
seriter,0.82175887
uniformis,0.9695782
examinatio,0.96102774
curiose,0.46364096
pupula,0.84046566
limax,0.8477429
masurius,0.8615842
statutum,0.8272106
abortiuus,0.9382049
concursus,0.9572804
conlo,0.90030515
accidentia,0.7480781
ecstasis,0.9010928
operatrix,0.86314875
saulis,0.9286928
oscillum,0.801492
inpassibilis,0.8794058
concreta,0.90660894
titulo,0.8246567
dialogus,0.8666191
nominatus,0.77001995
diuisibilis,0.89454126
sectio,0.9427345
archimedus,0.94225574
sapientialis,0.8457898
messenius,0.8699856
asclepias,0.93076605
lucusta,0.9311808
meditullium,0.9137187
protagora,0.8319074
emiseo,0.88500315
platum,0.75114036
subdiuido,0.90001154
utina,0.8475698
adultera,0.8518348
frumentarius,0.93254304
qve,0.70625156
odoror,0.9508664
sensualitas,0.87732315
temperatis,0.89881235
soliti,0.8502272
uniformitas,0.9160682
scaber,0.9156251
funco,0.879251
deuoco,0.7773311
johannus,0.80498
habetne,0.88805395
idea,0.9296506
adtempero,0.82891065
genealogia,0.9419809
structus,0.6798425
accessio,0.96507615
pedaneus,0.9193082
demento,0.88619184
custodito,0.82489187
umo,0.62394524
arbuscula,0.48644483
coalesco,0.93086517
textile,0.85845476
animatio,0.8682716
demulceo,0.9344237
commenticius,0.9083622
probabiliter,0.9375323
clinia,0.7880516
obtudo,0.8140453
ignauius,0.7903644
materialis,0.8762512
genimen,0.89405566
hermogenum,0.84740764
salutatio,0.9749999
adscribendus,0.9341621
dominatrix,0.94751716
scintillula,0.45576566
milesia,0.86396474
xui,0.90791184
adpendo,0.9207312
exorbitatio,0.63215303
amiseo,0.9690028
delicium,0.9153655
emaculo,0.79310095
obtulo,0.92888796
theriaca,0.9031351
composuo,0.85449934
admittendus,0.9488771
quicum,0.6088199
uegetas,0.669521
extorr,0.92745835
desii,0.903079
peremptorium,0.8811399
misertus,0.83607554
barbara,0.9719533
cubicularis,0.7823356
scitus,0.73367035
magdalena,0.8779088
euersio,0.94711846
elizabeth,0.9424404
agneo,0.6694274
indiscretus,0.80498177
lupanarium,0.95069647
septennium,0.94193226
cuiusmodi,0.9625714
mollior,0.9689169
inedii,0.7152524
defeco,0.7995029
pherecydes,0.9130631
contrarietas,0.9408447
exonero,0.938848
negotiosus,0.8533073
artior,0.9231081
tonsura,0.87725896
intercideo,0.91358185
retrogradus,0.8803509
geometria,0.942672
astrologia,0.8698199
nestor,0.94257057
stellio,0.6536168
fatigabilis,0.6933652
patrisfamilia,0.8582428
amplior,0.97615635
minutior,0.82630396
assimilatus,0.8490918
delicatissimus,0.8433112
liberalus,0.56406283
decorio,0.76166964
ciceronianus,0.87449
splendidissimus,0.9183222
coaequalis,0.918877
didon,0.8046998
mendacus,0.7151797
refingo,0.6846787
sumministro,0.84217584
iniectio,0.82652736
respexeo,0.7744688
ementior,0.7059251
samarium,0.9455316
uigilantior,0.84026706
audenter,0.93103546
seruius,0.9346011
sulpicium,0.90925
fornicarius,0.91961884
attributum,0.80427027
conuentio,0.9771457
debitrix,0.9550475
reuocatio,0.79213566
iterao,0.7536413
decessio,0.8265122
johan,0.62397593
ueternosus,0.7205187
promercalis,0.8513402
intercapedo,0.9296011
philumena,0.8466851
aedilis,0.81015825
aborsus,0.82566243
talio,0.9515295
ratiocinor,0.9634629
decurialis,0.84935224
idonee,0.93939817
morbosus,0.7653761
dilatatio,0.92965585
prouocatiuus,0.75650233
pubertas,0.97256017
attempero,0.43909425
caelius,0.8794985
labeo,0.8731928
inquilinatus,0.78574944
lorico,0.76566553
rationalitas,0.801624
balbus,0.8866057
calcitro,0.8970059
densitas,0.96695733
detraco,0.73366654
admiseo,0.9637377
dissolutrix,0.8242188
peremptrix,0.78642046
deminutio,0.913651
parmenides,0.79513204
uenundo,0.97264993
fatigatio,0.9675884
concalesco,0.85210055
minoro,0.9719982
probator,0.9453329
auxilio,0.9242735
defraudatio,0.88900894
trebatium,0.880741
sito,0.8638992
ualitudo,0.9624742
deliquium,0.859864
motatio,0.72718084
servius,0.8064533
concuto,0.8598398
coniectatio,0.5935009
interpretas,0.7069191
olympias,0.91643083
heraclis,0.80777276
seleuco,0.89656436
mulgo,0.820398
reformator,0.8176623
cuiue,0.9145727
perduellis,0.89588296
artemon,0.8478612
serapion,0.9155351
rhodius,0.90903974
amphilochus,0.88390446
mallum,0.7927146
hermiona,0.8364851
berytendo,0.8701386
habitaeo,0.8471408
praenuntiatio,0.49163094
iuuao,0.85233337
uxorius,0.9386129
gratiosus,0.9743186
frustratorius,0.84297585
ludibriosus,0.8305298
uocatorius,0.670437
interdiu,0.90493345
quingentesimus,0.97931993
atilium,0.945882
ingeniose,0.9239229
castimonia,0.91563
danieles,0.9250297
iurisiuro,0.9634639
somniator,0.91242504
inlicio,0.94440067
humiliatio,0.9139556
incubator,0.7436955
stipulor,0.9850261
conspuo,0.95188946
pleraque,0.8827433
scaturigo,0.9058174
tutissimus,0.97299683
ueruex,0.89342093
remansuer,0.93131757
argumentation,0.8219079
emendico,0.79328895
politia,0.85173583
sulpicus,0.85360605
indiuisibilis,0.9382459
coemeterium,0.88289547
stipulatio,0.9910525
iocunde,0.8377706
desido,0.88245916
nauigatio,0.9798018
eiuscemodi,0.91175634
defatigatio,0.81112134
elangueo,0.8354666
apoplexum,0.55049706
postremitas,0.77164865
conseptus,0.8927298
obsoletus,0.789566
expressio,0.92553926
conflagratio,0.9646684
impuritas,0.8396866
grossior,0.9278931
sentina,0.905192
cubitus,0.9848851
arium,0.3600764
appendix,0.7479983
romphaea,0.82179403
paradis,0.8867716
sponsalius,0.90952086
suasorius,0.8859496
insepultus,0.91485524
iniuriosus,0.9473523
immaturus,0.97101414
octogenarius,0.8844125
comitio,0.6684407
aruspex,0.97430784
transpono,0.9343785
inuitatorius,0.55071145
euelleo,0.83580595
affingo,0.73539746
perfacilis,0.91094357
samuelis,0.97609466
saul,0.89745176
saulus,0.9784418
vindico,0.79754245
consultor,0.86390954
nicander,0.6769785
mucium,0.8416384
beniuolus,0.93207383
postumius,0.97746134
libuio,0.9624151
paraclitum,0.90014833
ecclesiastes,0.94119376
aemula,0.9317239
accerso,0.96052647
publicatio,0.92452276
corripo,0.900967
laris,0.70894545
iuus,0.45204002
pidao,0.87130624
citulum,0.7902067
praesagio,0.9747218
improprie,0.921712
pontificius,0.8788512
tib,0.7489549
gabrielis,0.8849493
operimentum,0.9607634
intelligendus,0.8547987
notabilis,0.9411741
collocatus,0.9219387
portentuosus,0.7811689
subditus,0.94125444
voluntarius,0.8808914
garamantus,0.93753517
britonus,0.80950177
specio,0.52747715
colluctatio,0.899824
procrastinatio,0.8489996
desponsatio,0.83076453
tegumen,0.922492
profesdo,0.9197513
uic,0.611421
elimosinus,0.89301133
sollicitatio,0.87821627
coactio,0.8939393
ens,0.49830934
inaestimabilis,0.9835566
competitor,0.9141743
adnixus,0.7008607
prodita,0.87761366
titillo,0.8668488
compilo,0.86488056
fascinum,0.8613503
infelicior,0.8581395
eventum,0.9618143
lividus,0.93084407
dictatura,0.95481247
reiceo,0.86606157
conligo,0.9485991
grammaticum,0.9406785
uillus,0.8766118
consultatio,0.93717664
disciplinatus,0.8477552
iniquior,0.9620412
diuerticulum,0.8465973
incuto,0.87915355
situla,0.82931936
colaphizo,0.84541535
sanatio,0.85184497
ustio,0.87482893
conflatio,0.7969905
endo,0.43960822
capno,0.8783691
annuntiatio,0.89964074
disseminatio,0.7380514
praefinitio,0.823467
paossurus,0.9045479
perseveror,0.87137336
praevarico,0.8307181
pusillanimis,0.9484758
consiliosus,0.80232346
uictoriosus,0.8779839
stagnus,0.92123175
orsus,0.86548024
fugeo,0.84945923
amplitudo,0.97030824
diripiendus,0.92533946
clerus,0.96878374
nummarius,0.9095745
emptio,0.97811633
confisco,0.65159225
mammona,0.9534223
agitor,0.88207173
elimosina,0.9369682
febricito,0.97105443
redaco,0.95831686
tinus,0.77262354
tabernarius,0.80197954
onerosum,0.92186403
edocio,0.7407319
quoad,0.9104172
deducendus,0.91584283
clx,0.8128257
aduocatus,0.96277344
primitiae,0.9592054
defensaa,0.8237678
decursus,0.94987106
coebo,0.9340471
fabulo,0.7974765
passivus,0.7961
callimachus,0.84478337
concubinatus,0.57710767
tenes,0.84475815
tia,0.861411
iosephus,0.8963353
dissolsco,0.82706916
iu,0.8046622
stitia,0.52387583
iustititia,0.65542257
libera,0.9543938
pythagoreus,0.93297404
interdictum,0.9674545
eieco,0.9586675
aristoxenus,0.82844794
etipse,0.72616374
prohibitio,0.9053478
alexis,0.8961307
bucella,0.8339081
st,0.7642275
tirocinium,0.9052752
quaro,0.75621676
ethnicum,0.8524139
authenticus,0.8989855
symbolicus,0.5817967
ueneria,0.77739286
cler,0.8656261
irreprehensibilis,0.89579284
docibilis,0.94280386
allo,0.800096
tous,0.32758862
noluo,0.924906
impudentissimus,0.8346473
clearchus,0.8745646
alcus,0.7443721
educator,0.8697947
nauseo,0.8872013
pipio,0.5415111
mero,0.66666836
formatrix,0.78432953
necubi,0.85374236
praecessor,0.9253307
theophro,0.9238201
avena,0.86170125
supersemino,0.907593
evuldo,0.91463476
instructior,0.87955296
resumpo,0.7177993
peraeque,0.86074
dia,0.77457476
oeconomia,0.9273887
monarchia,0.967121
uocaliter,0.89054894
officialis,0.9155482
miliens,0.81857705
centiens,0.9249449
scabellum,0.92278093
loc,0.68433404
mancinus,0.94069564
dam,0.7985616
prolatio,0.9509613
prolor,0.9351087
individo,0.8876547
corollarium,0.8064681
permisco,0.84402317
vanus,0.83277184
uellico,0.8394282
adtentus,0.8698602
volor,0.8678446
malivolentia,0.7459305
deceptor,0.8888142
uenturus,0.8138652
evolvio,0.90560955
directio,0.8994607
uincto,0.9221419
intractabilis,0.92450905
timidior,0.8988253
anuus,0.5948502
glorificas,0.77397084
inaccessibilis,0.87226725
deambulo,0.97023916
infatuo,0.9227474
extendeo,0.90620697
lucilium,0.8738552
indubitanter,0.9121088
nathanael,0.9426545
nicodemus,0.8735646
coniceo,0.5642244
invado,0.9217135
memetipse,0.9030283
altercatio,0.9415622
nuncia,0.6637795
perverse,0.78904116
individuum,0.7750803
uersipellis,0.92402965
iniicio,0.8599206
devico,0.92677176
definitiuus,0.6871509
interemptio,0.8662962
laza,0.9839941
nicodemo,0.8463278
turbulentia,0.87710077
interpretator,0.75298846
ioann,0.8924434
novo,0.5842221
petilium,0.85777605
trogus,0.8366245
segregatim,0.95808804
obtrectatio,0.88405263
quaesiti,0.8160609
bactrianus,0.9360393
impubor,0.9378003
semiramis,0.48015833
parituris,0.7632562
adquisitus,0.9347827
conperior,0.78568816
ninia,0.84010446
internuntius,0.9615276
mes,0.8017487
enascor,0.730918
ariolus,0.9500042
admiro,0.8006805
intericio,0.9769312
ablego,0.8167671
transitio,0.8902359
antelucanus,0.8724828
caniculus,0.92317617
tergiuersor,0.89721066
inpressio,0.84166294
croesi,0.8033024
croesum,0.7755923
ademptus,0.60511005
caupona,0.95055443
cyer,0.85049975
adfirmatio,0.8330532
gygo,0.7419334
sollicitas,0.8181033
mantuanus,0.9450013
scurrilis,0.82271004
adulescentulus,0.9008689
insequo,0.91619414
coicio,0.54348934
admirabiliter,0.8702775
nobilus,0.962471
euagino,0.93771446
sonore,0.68558127
sagacissimus,0.9056443
invitus,0.93036544
hystaspis,0.939614
inopinans,0.8675902
laceratio,0.8664409
memorialis,0.94411564
nasica,0.96357214
popilius,0.7764573
strigosus,0.8020617
curatus,0.53636116
amazonus,0.9152005
immanitas,0.97458017
aestivus,0.8959567
feracus,0.8278642
inluuies,0.91792774
septemtrionalis,0.961449
submerdo,0.81047463
murinus,0.9015709
ignoratio,0.93146074
flagitatio,0.78544164
nesco,0.5522767
amazono,0.92197204
lampeto,0.4858528
orithyia,0.927572
caesa,0.79646105
adsecutus,0.9355562
deserta,0.9341782
asianus,0.94153506
proelio,0.96650374
fugitivus,0.88658357
septingenti,0.96514463
lxxx,0.95180297
festiuitas,0.9478147
prolixe,0.95354027
privignium,0.93127286
salaminus,0.84290695
eleusinus,0.8782302
xxxiii,0.93129003
auxiliaris,0.9349705
iactum,0.88620603
imperatorius,0.9447694
sustuleo,0.86370873
antus,0.6738586
char,0.7297111
lacedaemonius,0.95565283
superinduco,0.90513605
perferendus,0.8056573
leonidus,0.7251405
interfcio,0.90409756
themistocles,0.94648397
xerxe,0.82805634
aduno,0.979951
consector,0.82292354
artemisia,0.8592017
funiculus,0.96995026
mardonius,0.8098189
ccc,0.91057825
perdomeo,0.88909674
pausania,0.9276798
publicatus,0.8283634
cuma,0.9107294
logon,0.9126402
poieins,0.8496763
peculatus,0.9595457
coniectus,0.85456085
defunctum,0.80906284
artabanus,0.95702904
conpensatio,0.8222672
sublego,0.63567007
opulentior,0.923944
mutao,0.537594
convalesco,0.9600442
tarentini,0.85397744
brundisium,0.91997063
tarentinus,0.9789167
iin,0.6137476
decreveo,0.87773395
hortamentum,0.7980223
superuacaneus,0.9289097
inpliceo,0.8391129
spectatus,0.75183123
depraedor,0.9810241
privas,0.91159755
declinor,0.81297266
cavillatio,0.8891852
spiramentum,0.9099259
promuntorium,0.9425406
conlido,0.9414075
trinacria,0.9215207
sicanius,0.6514046
inploro,0.7618272
avarus,0.95830923
catinensis,0.9415718
syracusanus,0.95773864
lamponius,0.87767375
demostheno,0.853081
sicilis,0.8768315
impellens,0.9140421
eurymedon,0.8541248
tutior,0.95589685
cxxx,0.8731343
elis,0.64369637
laocedaemona,0.9387325
immodero,0.8349127
opprimendus,0.90882725
consumptus,0.8957449
conciliandus,0.63900924
enixe,0.8428814
sustino,0.78960395
posta,0.5803867
sestus,0.7170937
adiengo,0.8576405
contueor,0.97498214
adquiseo,0.8473554
hellespontus,0.9225398
conon,0.7688077
alcibiadus,0.9040464
conluuio,0.83375293
experiundus,0.71102005
pavo,0.8017388
inprudentia,0.94481796
tector,0.87147605
pollicitus,0.84588337
recipero,0.9266784
ismenia,0.90925705
securiter,0.92822224
demigro,0.92065454
saevissimus,0.9250473
promoo,0.8557044
conprehendo,0.9326032
poteo,0.8706982
triremis,0.88510776
gellus,0.9212682
atrocissimus,0.93262565
caudus,0.7107141
inpensus,0.7472451
speciosior,0.5579844
restitutur,0.64811504
athen,0.8488189
habo,0.83467054
ror,0.8998641
artissimus,0.9317725
speculo,0.83585525
vulneraio,0.9481769
dicedo,0.53635985
segnitia,0.9119217
uersificator,0.83869493
macedonus,0.9413729
europus,0.8395126
edessa,0.9772318
oppidanus,0.98275816
argeus,0.8291999
macedon,0.95457345
illyrius,0.8679364
induratus,0.7365918
uicto,0.9225196
amyno,0.8877039
olympio,0.7692464
fulvius,0.90819776
dehonesto,0.93097353
perdicca,0.64793366
appetitus,0.9273418
perdiccus,0.9127495
compulsus,0.96062654
residuus,0.982347
pactio,0.9789151
segnus,0.86113995
iracundus,0.97741807
inbecillus,0.8689485
conpello,0.9645771
auxiliarius,0.95555675
confertissimus,0.7580932
violano,0.654813
hospitaliter,0.7382365
opulentissimus,0.94324803
susceptor,0.9240287
aurarius,0.8103099
inviolatus,0.8767514
contrahendus,0.9139291
peruium,0.89330494
demisdo,0.87032986
olympiadus,0.86782813
clxx,0.76393837
obpugnatio,0.9185699
laevus,0.89638406
inclementia,0.85391074
byzantius,0.7908755
inrito,0.90078366
infestissimus,0.9338828
domuo,0.89646214
uetustissimus,0.96462953
antipater,0.9574502
absolutio,0.96352
roscius,0.8075551
olympiade,0.87106085
suspitio,0.9210016
foeed,0.8567903
olympiades,0.8266767
auunculus,0.9786342
peruinco,0.86215025
apollinus,0.9438095
picus,0.92987454
larissaeas,0.870288
sollertius,0.88590336
magnificentus,0.94786507
ariaratus,0.9763829
ochus,0.9004897
bius,0.6138168
procreatio,0.8799164
sceleror,0.83098286
sceleratus,0.88319176
exacerbo,0.93876576
prouocator,0.8218981
interuentus,0.94261396
uulneraio,0.91117585
articulo,0.8110983
remisero,0.8669444
excelsior,0.8713772
tripudio,0.90439487
xxxii,0.9336109
sexagenarius,0.89232534
furtivus,0.9256624
potiundus,0.78658855
proiecio,0.92994285
ccccm,0.79320157
circumveco,0.78123647
internecio,0.9312569
cl,0.94366324
amplexae,0.47636855
moriturus,0.61610585
adparatus,0.90540814
apollonias,0.7536589
inrigo,0.9531977
tyr,0.96191674
karthagina,0.85892534
cilicius,0.97286975
colonia,0.9431461
perfugio,0.7811905
euphras,0.94323504
armenii,0.94534034
relicus,0.7537986
xxxiv,0.7465339
octingenti,0.9092748
transcurrero,0.63416773
exporto,0.9475088
indecorus,0.9474554
expiro,0.95900804
parmenium,0.78055483
iudicatum,0.9727441
bruttius,0.87696254
aetolum,0.9177805
repeteo,0.7759542
lucana,0.9545418
complectens,0.7958792
hyrcania,0.63594204
implessum,0.8411648
macedonicus,0.9779831
invidiosus,0.89611125
incunabulum,0.94466007
discriptio,0.7613707
seneo,0.82274276
rarior,0.95541894
bessus,0.8736602
sogdianus,0.8092414
adsentans,0.82301426
pigo,0.53109235
reddideo,0.96508485
terribilus,0.85477245
consobrinus,0.97570235
inedius,0.9549316
profueo,0.84406835
inclutus,0.81322265
confutatus,0.8725269
india,0.9769552
kalens,0.7918163
nicaea,0.9538572
acesi,0.8209202
fugaveo,0.8435678
traiectus,0.849362
frigidius,0.79844844
vulneraior,0.95721817
ptolomeus,0.9848523
libamenta,0.89494
navigabilis,0.82558745
exauctoro,0.8705327
hispanius,0.9264952
incommodus,0.9759308
intermissum,0.8536676
crucior,0.7674179
intemperies,0.9347397
criminatio,0.9510815
iolla,0.9488995
supermitto,0.7877048
tristior,0.92683274
eminentia,0.96394134
iunius,0.9650583
conscisco,0.9384828
vergo,0.91475403
koo,0.8943932
uxoria,0.8837795
meleager,0.85809374
pergamus,0.9550066
conmilito,0.8585787
lustratio,0.8836234
manipulus,0.9613738
cilicia,0.98098725
antigonus,0.8987641
carius,0.843228
cassander,0.94669557
lysimacus,0.92084247
paphlagonia,0.95990515
stipator,0.9154849
soleus,0.82281494
iupiter,0.9231577
coniuncte,0.874709
lucetius,0.45336166
philoxenus,0.7568449
depreco,0.9379872
adrogantia,0.9571786
gregatim,0.9690138
eume,0.96567833
eumenus,0.9433291
pitho,0.749811
antigonum,0.8306562
eumenes,0.94634104
antigo,0.8442506
uescus,0.8038062
parno,0.848408
reddeo,0.91172284
obstrico,0.80545735
interempio,0.94262457
transtuleo,0.8841915
privignus,0.9006752
cassandrum,0.84592307
nonen,0.85321546
demetrius,0.9070792
demetrium,0.95364875
indignatus,0.86950237
apollonia,0.9077225
xiv,0.96355635
ferocus,0.91329503
seleucus,0.9695542
anchora,0.9625476
sculptura,0.94877684
procacitas,0.9065255
proeliator,0.9419147
profligatus,0.94948906
didico,0.8684383
adquisio,0.922506
iuven,0.85806614
heracleus,0.842271
conlatio,0.92691827
facinorosus,0.91232044
mithridas,0.9053918
conlocatus,0.7298961
nefandis,0.88612974
adfuio,0.9386934
comprehensus,0.96986866
pupillar,0.9612382
infestior,0.8727375
admidior,0.9358628
hellespontum,0.9760147
nicomes,0.9748785
alexandr,0.5680492
iuvenilis,0.9701389
ptolomes,0.8947332
arsinoaa,0.67153025
erepio,0.6662226
epirota,0.94298875
bimus,0.82390195
samnitium,0.8686484
loquacior,0.4701113
cineus,0.93117857
appium,0.98153806
sidonum,0.6397992
adtributus,0.9316835
uticus,0.8923749
iniecto,0.86381775
adpulsus,0.8712455
cyprium,0.8646218
confluens,0.959504
auspicatus,0.94963825
karthago,0.9075929
lxxii,0.8522397
malchus,0.93760777
siciliensus,0.87867486
quietae,0.59148973
vulnero,0.93672866
hamilcor,0.9372205
saphus,0.80668783
adria,0.8319596
adriaticus,0.97675794
liguris,0.95818853
perusinus,0.78583056
achaeus,0.9431383
atrocus,0.8752921
chalcidensis,0.8835987
samnito,0.8757537
velo,0.79217684
uiolaio,0.8646336
locrus,0.8970244
armum,0.971896
obseque,0.8340888
clandestinus,0.9709778
croton,0.60677594
metapontum,0.66898453
comus,0.69738805
brixius,0.7761661
uincentia,0.6296202
tuscio,0.8705602
poenor,0.9270233
delinimenio,0.8863106
quibuscum,0.8172747
locupletissimus,0.80847
ornatissimus,0.7630177
syracudo,0.6703875
syracusus,0.92777395
sordidissimus,0.78120923
perditissimus,0.8095782
revello,0.8376597
rodanus,0.8587984
reverto,0.9219741
syracusa,0.9273428
defensa,0.44958133
donao,0.89193505
propediem,0.91486615
pertaedet,0.8393106
obsessor,0.8529162
portens,0.8380213
deleto,0.8867861
inconsulte,0.9674092
committendus,0.9035729
numidus,0.91590923
conpesco,0.65107733
siciliensis,0.88549864
hiero,0.9441355
percussio,0.91072106
ostentus,0.82313824
rheuma,0.76144236
sanctissimum,0.7770177
inaudio,0.876639
sedecim,0.9784595
samothracia,0.56583863
ferociter,0.95332044
scurriliter,0.40813547
amfractus,0.8704573
uecordia,0.85510653
inparo,0.86087644
adseueratio,0.93012744
sauceo,0.8547921
incensum,0.94599247
confertus,0.6422235
pugio,0.94555825
pervigilia,0.8128613
uerrius,0.9184432
atilis,0.75999993
milo,0.9234395
taro,0.74655944
corcyra,0.9279845
sexagesimus,0.9858685
procucurro,0.6135831
probatus,0.9208882
pyro,0.66081095
profectura,0.84511554
spoliatus,0.8462465
pigner,0.8518707
adfluo,0.8223187
impotens,0.9601785
uastissimus,0.9356649
interficiendus,0.9195974
parricidalis,0.8975351
sororia,0.83570486
implorans,0.7902428
milum,0.8809699
inlibo,0.88896114
honorificus,0.9614302
acrior,0.9480871
effudeo,0.87728184
sanguinarius,0.9619596
industris,0.82510716
macedones,0.9297979
adstrugo,0.45137724
inio,0.89924085
oblectamentum,0.9097636
proteruior,0.89444196
attalis,0.9537021
arrogatio,0.7572809
uoraio,0.5506552
bactrus,0.852334
concitor,0.88456106
phoenicen,0.909619
adrogatio,0.96409255
adpetitus,0.90128195
adpropinquans,0.96832407
nabis,0.97074425
deducio,0.8748126
relo,0.8927281
rogatio,0.87754583
titio,0.986586
perrogo,0.60517764
derivo,0.9241282
adsentatio,0.9375476
acilius,0.96502584
comitium,0.83770895
liuius,0.9411907
libertinus,0.97281265
uoluptaria,0.8209363
quesior,0.7803068
multerosque,0.5808556
neglegens,0.8063517
perse,0.958226
scordiscus,0.9332064
tectosagus,0.9049744
histror,0.86455953
inveceo,0.8114501
colchi,0.86713386
dax,0.8995521
prusia,0.98602355
rexeo,0.8911591
tortuosa,0.6671379
masinissa,0.9919376
numidar,0.9901576
perseum,0.92704344
clodium,0.84871894
imitas,0.9066297
octavius,0.6677216
tempestiuus,0.9536115
extemplus,0.85283583
pultor,0.7548903
popilium,0.7999148
paritur,0.5561112
nicomeda,0.88380015
augor,0.7654706
antiochens,0.88754094
seleucia,0.9744787
inertius,0.73864156
adsueti,0.6494733
trypho,0.8582696
intercepo,0.8311845
opobalsamum,0.62980336
ardentis,0.7755635
opacitas,0.94312644
immobilitas,0.800947
incrusto,0.8453628
perpaucus,0.90104425
aeraria,0.58113945
aristonicus,0.9632466
inconsulo,0.5849953
aquilius,0.89485705
aristonicum,0.98911476
diutinus,0.98195
diogenum,0.81722385
disserendo,0.85979074
subscriptor,0.7456255
pernocto,0.9739294
arroganter,0.9425887
inexpugnabilis,0.9724438
hereditaris,0.9336611
comparatiuus,0.9395083
nicomedo,0.9396058
falcatus,0.9463054
iuuene,0.9450149
cappadox,0.97733843
laodicen,0.5384335
tigranis,0.94868225
tigrana,0.9899988
mallus,0.93196964
livium,0.70393246
impugnans,0.6598023
cimbrus,0.7946969
cappadocus,0.9258176
sabino,0.94789016
conparor,0.6687491
convena,0.60631734
subiecta,0.86639315
diffidenter,0.71281195
adiumentum,0.9418408
possessus,0.50273806
xenophon,0.8929408
divism,0.55196035
cista,0.8524401
conpositum,0.8632688
arsacis,0.73471576
praebitio,0.9013593
antiochensis,0.8470266
demetris,0.9528725
nasis,0.8491368
tryphaenus,0.83906615
oppius,0.8293675
captiuae,0.6270371
consobrina,0.9646532
contenio,0.8690834
recuperandus,0.9325459
inplicitus,0.86676574
tranquillis,0.7274629
lucullum,0.97089076
florentissimus,0.8773706
opulentis,0.76177055
uicinalis,0.5188002
sagittare,0.8290881
obpugno,0.9595465
cibarium,0.985626
proiectus,0.93332446
defecor,0.8637811
manlium,0.9699135
theodotus,0.76684326
perendie,0.83149856
theodos,0.7161523
darus,0.62945724
circumiacens,0.8596758
arsacus,0.6126082
mardus,0.9422308
bactra,0.75851244
caucaso,0.57955104
indiligens,0.49942484
armene,0.9210005
caspius,0.97434723
undecies,0.9858208
armenium,0.9402973
iaso,0.9112356
pelia,0.77674717
cognominor,0.8990098
aegialeus,0.6112071
recollego,0.8521545
orodus,0.9812086
labienus,0.5640261
uentidius,0.94154614
pacor,0.9103248
pacum,0.80098575
insolentus,0.7653726
anto,0.78927356
recollicio,0.7580623
saturne,0.8929278
lavinia,0.83427536
dehortor,0.9152961
amulius,0.95636165
pernicitas,0.8992231
industrius,0.90433764
exiguitas,0.9448775
reuorto,0.94890106
simus,0.7132243
invitor,0.90883684
mansuefactus,0.85976136
comanus,0.8583486
precarius,0.9696148
trogum,0.69816774
hiberia,0.9377483
inriguo,0.56942683
immortuus,0.48007956
exploratio,0.87580013
lusitanus,0.971205
salamina,0.7853065
deteco,0.93772006
summeo,0.60412204
gaditanus,0.95653796
intromidior,0.94608253
summatis,0.72741306
auceps,0.9506126
naso,0.8949408
archanus,0.91566944
consilum,0.6841159
inlustrus,0.6535124
ineruditus,0.8528786
blaesus,0.8069951
complaco,0.80109006
iniurus,0.602081
ferocia,0.9349432
ludicus,0.59393847
avo,0.8169117
lucrosus,0.76578563
praevalidus,0.7804077
vito,0.86514753
auditorium,0.95033866
manumissor,0.6851824
proneps,0.9089806
iniungendus,0.86460745
duumuiratus,0.91412205
decurionatus,0.9470875
cogendus,0.93870735
angarius,0.8529004
praestatio,0.95034117
curator,0.9803418
aquilianus,0.9329418
interpositum,0.87140596
litigiosus,0.95624244
functio,0.91946304
procuratio,0.91019315
praes,0.7833162
satisdo,0.99006796
satisdatio,0.9788867
iudicatio,0.9290556
contesto,0.8971461
dominumves,0.9402036
emancipo,0.9851049
limenarcha,0.80251515
stationarius,0.9540601
agno,0.8458744
nuntiator,0.9384084
notorius,0.9099604
refrico,0.91398543
beniuolentia,0.96990573
quadruplius,0.95269877
simplis,0.89918065
compromitto,0.81177974
stipulo,0.9124912
fideiubeo,0.9695033
manumiseo,0.94458616
inieo,0.9299654
usufructuarius,0.9720353
usufructus,0.9413675
rescriptio,0.86235356
rescriptum,0.945962
exhibiio,0.82871616
creditrix,0.86019814
chirographarius,0.9657422
suaseo,0.78149164
aquilia,0.9826574
enthymema,0.9559378
intestatus,0.98998666
ligamen,0.9239638
redego,0.8538732
circulator,0.92344546
regundus,0.95005214
phes,0.53147244
usucapio,0.9811828
herciscundus,0.9399108
infitiatio,0.93464875
duplo,0.7857361
fideiussor,0.9888451
violo,0.91138387
sustulo,0.89454234
traxeo,0.7806589
habitor,0.911817
iureiurandum,0.9353073
fenebr,0.94350624
pecuniarius,0.97515094
litigator,0.96988356
heredis,0.8445111
tititer,0.9075066
solvo,0.96678555
commodatum,0.94582367
commodatus,0.84201926
convino,0.9753055
exercitor,0.9020489
contributio,0.8016672
fulio,0.6136882
uelleianus,0.968251
indemnitas,0.9712251
sophisticus,0.92157745
sacculus,0.9792097
deposo,0.92349535
deposuo,0.88173676
simplus,0.9500105
fiduciarius,0.92885447
comparaveo,0.8857374
commissorius,0.8209378
manumissio,0.9722258
interposiio,0.8927672
traiecticius,0.7896338
collocavo,0.88314575
pupillaris,0.9285691
colleco,0.7475499
contestatio,0.9364536
resarcio,0.8013178
fieo,0.63539433
uendidio,0.9786618
uenditus,0.7816624
evictio,0.98034185
lucratiuus,0.94910455
comparator,0.8863515
testator,0.990551
mandator,0.924127
conductio,0.9789456
locator,0.96668833
neps,0.92381775
priuigna,0.9325004
incivilis,0.8894395
liberta,0.92084223
libers,0.9606379
donator,0.9553492
fideicommissum,0.98420626
denuntiavo,0.89894557
emancipatus,0.9535893
emancipatio,0.96795136
relegatio,0.92197657
deportatio,0.95422554
euidens,0.9723195
ualetudinarius,0.84622055
iunianus,0.76747835
codicillus,0.95749456
expressi,0.9080236
condemnatio,0.95646024
uindicatio,0.95347273
condictio,0.9783453
triplius,0.91506404
fullo,0.92479765
sarcinator,0.9197667
contrectatio,0.8963423
rat,0.88320225
carbonianum,0.95882684
uariaio,0.94456375
exsolvio,0.94439864
obreptio,0.9173324
adhibo,0.8996732
adnoto,0.9682256
signavo,0.84203666
tueo,0.66392916
larvalis,0.8154383
substitutio,0.9604597
silanianus,0.95931816
obtrecto,0.8325131
manumidior,0.977358
substituio,0.9193782
pilleatus,0.83804363
iurisperitus,0.82108384
legatarium,0.9688512
luitio,0.8172647
fataliter,0.97562927
legatariter,0.9609466
adscripso,0.94659364
quodnam,0.91848147
ususfructus,0.99112093
usufructuarium,0.9640173
deperio,0.5222344
alluuio,0.9161897
fructuarius,0.9727866
aucupium,0.95202875
fructuarium,0.9559935
usumfructus,0.9585921
legor,0.97316265
usuarius,0.93195635
excepno,0.83447504
palis,0.833679
cessio,0.9304495
aratorius,0.8724941
corbis,0.8058177
cupa,0.89528066
focaria,0.822693
sutor,0.9416677
stercoro,0.94563055
adiunctio,0.9319827
tignarius,0.94747674
pascualis,0.88805115
culcita,0.8579093
uestiarium,0.94001234
conficiendus,0.9291664
balneator,0.6852625
scamnum,0.8617737
miliare,0.77969265
nassa,0.73360175
fuscina,0.8173981
navicula,0.5084813
suppellectilis,0.94186914
escipio,0.73847413
mulio,0.9425877
cellararius,0.80507153
cubicularius,0.9722931
lecticarius,0.8788492
annualis,0.87866616
phasianus,0.8640262
bombycinus,0.9001014
uirilitas,0.9439471
stragulus,0.9539776
pyxis,0.5603294
comploro,0.8021914
legatum,0.9470396
carruca,0.8547658
rescitto,0.8347179
ueer,0.875839
falcidia,0.9897806
dodrans,0.95854294
percepeo,0.8028718
detecio,0.70473444
fideicommissor,0.94251275
fideicommissarius,0.95883
successeo,0.91755986
se,0.6331669
fideicommitto,0.7224504
aestimata,0.9129989
fideicommisse,0.87128514
comparao,0.5437117
fideicommisso,0.9099237
trebellianum,0.9619018
fideicommissarium,0.96703774
pegasianum,0.95391095
plenm,0.6876682
tic,0.74158907
pegasianus,0.8278439
substitutus,0.8651607
archiuus,0.88065064
affatim,0.86777914
scripso,0.8881016
subieceo,0.9506639
legatarior,0.75827986
libertatium,0.5626405
cuiusve,0.9170792
quaeseo,0.91342723
praetorius,0.9100262
adolavio,0.9108918
proo,0.9234179
intesto,0.97803116
consanguinitas,0.9582411
praecesso,0.91679597
impedo,0.83892447
libertina,0.90202224
pythagoraeus,0.82087976
abago,0.8062607
quiritius,0.8995074
pronepio,0.9727857
abauus,0.8911783
abauia,0.987501
abnepos,0.9143231
abneptis,0.852623
avunculus,0.9696991
amitinus,0.9208298
consobro,0.96322846
avia,0.91519254
atauia,0.9542583
adnepos,0.96172136
amitina,0.6257879
sobrinus,0.87160915
sobrina,0.62755555
propatruus,0.7571442
proavus,0.871029
proavunculus,0.78276044
promaterterus,0.42726523
tritauus,0.78049004
tritauia,0.7494826
trinepos,0.9354254
trineptae,0.9438162
proamita,0.68421376
promatertera,0.65173984
abpatruus,0.730723
abamita,0.43372044
abauunculus,0.7037566
abmatertera,0.45206106
abavius,0.4677108
sororisve,0.564084
vinxo,0.8547901
emancipavo,0.95623666
fideicommissa,0.9115297
orfitianus,0.9500729
fufius,0.884902
caninis,0.96433693
descriptio,0.9646716
amasius,0.95379525
licitatio,0.8632201
auctorita,0.8159985
aurigatio,0.73843837
autus,0.5903324
uicennius,0.8127557
duplum,0.9342122
quadruplus,0.9587114
rapuo,0.60594386
expilo,0.87255645
feco,0.8884444
incendiarius,0.84792966
evaso,0.96362233
illatio,0.80191576
pulsatio,0.86312133
sollicitator,0.74949735
interpellator,0.52827334
hus,0.51803505
apello,0.83679384
ciuiliter,0.9368739
pretiumve,0.8141036
proposo,0.6234565
appellator,0.9281827
ingesseo,0.9056398
consiliove,0.9081508
iudicati,0.96137214
compromissum,0.94785887
neglixio,0.8905569
instauratio,0.96148264
utrubi,0.9222871
clus,0.94135946
ducentus,0.9613508
precarium,0.52358925
conueniendus,0.88522744
incluseo,0.5655389
stipulus,0.8438048
proprietarius,0.9149417
stipulatus,0.9443563
novatio,0.83093274
interposio,0.90866315
satisdor,0.8860462
conciliatrix,0.7918844
decessi,0.9006734
donano,0.86358833
latrunculus,0.9414186
fiscis,0.935821
intuleo,0.8738649
perduellio,0.9201161
calumnio,0.8174258
aedilicius,0.9287705
calumniosa,0.87861985
aelium,0.850618
commentariendo,0.6654837
recitatio,0.836923
exsolvito,0.48148498
hespania,0.96025574
pomifer,0.94895005
evidentioris,0.8678646
iureiuro,0.97962266
centumvir,0.6646866
decollatio,0.76030827
abactor,0.8561939
triplus,0.87652475
uiolator,0.9161119
furca,0.9482616
concitator,0.941215
terminalis,0.7880884
uiripoto,0.86732304
probavi,0.9434243
imprudenter,0.70227736
multatus,0.9043074
obfero,0.9465387
pompeia,0.8922241
testamentarium,0.91898644
amovo,0.67092055
subscripseo,0.39762452
prodideo,0.6694813
convico,0.8708932
obsedo,0.81539893
eripuo,0.73364216
advoco,0.8426024
celavo,0.77450395
subtraxeo,0.9152325
postulao,0.64951295
dinumeratio,0.91973555
moratorius,0.8043601
achiuis,0.9576626
nium,0.50797147
supradico,0.8751213
uetitum,0.8623724
cerimonia,0.85655236
noticia,0.935997
januaria,0.916488
simulachrum,0.67406934
caco,0.8366643
trigemina,0.57337695
gellius,0.86872417
nicostro,0.8269919
olfactus,0.89837074
qus,0.7483567
incomodus,0.7732341
reas,0.91995347
adapto,0.7994286
mansito,0.8787136
jouem,0.904878
uenere,0.7889652
ueient,0.95100474
quintilis,0.85310996
tatius,0.9135435
junonus,0.8204849
tricesimus,0.9893857
quadrage,0.9544115
lutatio,0.96217185
septim,0.8240831
quadringentesimus,0.9858831
ato,0.8189763
pelopi,0.9131038
interiectus,0.8976288
octingentesimus,0.94111633
ducentesimus,0.9267005
annotatus,0.7951081
trecentesimus,0.9601171
octogesimus,0.9913312
sexcentesimos,0.9926573
pansa,0.9229295
uon,0.6930996
matron,0.79093564
computatio,0.9800237
januarius,0.95028967
februarius,0.9207934
intercalo,0.8890462
octies,0.95932287
gratificor,0.8434818
cumulatus,0.72457075
transaco,0.7815945
stiuus,0.72482747
autumnalis,0.8882326
trecenteni,0.81721646
sexageni,0.7783773
intercalatio,0.7004509
fid,0.5963386
cnus,0.5554852
tricies,0.9773613
menstrualis,0.89750844
profluuium,0.96481365
monstrificus,0.595337
herb,0.709121
diodorus,0.8356804
asphaltis,0.8572087
octogesimum,0.91336614
nonagesimus,0.9639697
amatorius,0.89407647
majus,0.9092517
plenilunium,0.91878533
gravida,0.9274941
ostentum,0.6110615
papirius,0.9663054
lua,0.70128137
antonia,0.8395829
densior,0.9460231
uentriculus,0.84546137
pr,0.65016097
consimiliter,0.9457239
pugil,0.85266894
plancus,0.82273495
armentarius,0.8752489
dignosco,0.74744356
discrepantia,0.82779056
offendiculum,0.98077846
stimo,0.7167614
sallustianus,0.8715613
fonteius,0.73504025
iro,0.6339885
aspixio,0.8725092
sergius,0.9527192
quinquagies,0.92168456
cinea,0.9748905
corvinum,0.85963285
asis,0.71175337
atys,0.8878747
quadragies,0.95102566
curio,0.935624
induciae,0.92886436
posidonius,0.8821788
janus,0.7699291
cx,0.7399906
adjudico,0.7563213
janitor,0.8425329
sibyllinus,0.90584695
debuo,0.90540934
sulla,0.85049665
aglaum,0.80382335
li,0.8421163
dan,0.95696735
liguria,0.93720317
procaciter,0.9147384
terr,0.8243131
juno,0.9379368
sextius,0.7229723
tiburtus,0.857525
eiecto,0.8359951
parthenope,0.86787117
arpus,0.80268466
patauis,0.8345084
sago,0.8054693
salentinus,0.81321275
ancona,0.88032246
gabius,0.9147199
heraclidus,0.7957515
tarentum,0.9773674
achus,0.9039319
her,0.85869575
aricius,0.6062945
metapontus,0.87013316
superfuerum,0.8086692
licinianum,0.8219876
palinur,0.6641952
misenus,0.88434434
caieta,0.647427
cosconius,0.6379753
laureo,0.7684288
ans,0.81807244
erythrea,0.86443764
apenninus,0.9447026
promontorium,0.9672928
am,0.68969494
formis,0.42290846
arctissimus,0.58839816
gades,0.9227426
tabefacio,0.93525064
brus,0.5933143
uulgatus,0.81579345
familis,0.6317106
annuum,0.9616554
fucinus,0.8099416
galum,0.670424
calabria,0.9389671
uaticanus,0.8861179
spector,0.82551944
perexiguus,0.9221333
urina,0.95113873
reginus,0.7762108
granus,0.6473141
ptus,0.7475806
zoroastres,0.9539437
curalis,0.7634106
interseco,0.9483809
carthaginiensium,0.96895885
inuolo,0.88027376
roruleo,0.44771373
pinnula,0.81056577
tolus,0.6600235
narbonensis,0.9603605
euaporo,0.94998765
citissimus,0.79271185
cendo,0.6647673
corsica,0.8951185
sardonius,0.8268461
san,0.44030342
tartessus,0.8938968
permeo,0.96953744
aristus,0.74362046
conjugo,0.6234266
sardinius,0.9391105
imprudentia,0.96185225
edulium,0.92994833
strictim,0.96233934
uoconia,0.86295986
los,0.79408085
arbitratum,0.749328
pachynus,0.7985765
arbustus,0.8181623
messanus,0.93489313
gion,0.8473519
pachynos,0.8908727
iberus,0.79258704
cretensis,0.87796426
crater,0.92769194
peruagor,0.92340076
confinius,0.94707215
archimedes,0.91641486
frumentor,0.7026998
demerdo,0.9464059
catina,0.77540183
agrigentinus,0.9077474
agrigentum,0.8666166
uasco,0.7872324
uocamen,0.9014114
uolutabrum,0.84955686
gracilitas,0.84286183
uiteus,0.89773214
uagabundus,0.8369995
uen,0.62657976
annulus,0.8866861
ulixe,0.9317565
ubertus,0.6904765
menelaum,0.87044996
ips,0.6013101
eminentis,0.77605194
ols,0.51375836
angulosus,0.8561523
ph,0.53694564
merulus,0.8040427
asbestus,0.8798936
jouus,0.9128142
inflamo,0.7313644
parnassus,0.9066179
pessundo,0.709122
archesila,0.8960623
thyr,0.8175777
erymanthus,0.9048878
merula,0.8615613
cyllenis,0.6142204
candidissimus,0.9100943
imclytus,0.861713
aeapropter,0.93336266
dispesco,0.63426197
isthmon,0.8058862
inus,0.75363004
acilium,0.92254746
merite,0.7866031
apprime,0.8787353
mult,0.7970438
salamis,0.9154467
coos,0.75803673
bn,0.65773803
solertus,0.8330343
clanculo,0.9172324
impatiente,0.8363301
theb,0.47063357
magnesius,0.92865884
illustrior,0.6911293
sagittarius,0.9848002
melib,0.7816349
partitio,0.88251865
pelagonium,0.88517785
aquilonius,0.7851882
abscissus,0.5535778
orsum,0.4648944
ualenter,0.8652729
arrectus,0.9111656
servao,0.748463
humens,0.9494261
litter,0.58761376
script,0.7185466
emathius,0.8239486
dispereo,0.93838215
su,0.5742628
uigesimus,0.94977933
affluenter,0.9653821
cjus,0.84900475
qujs,0.8715004
colludium,0.68806815
romans,0.47263473
glos,0.70604086
conjux,0.95436954
obprobro,0.83857
ambracius,0.65183663
chalcedonia,0.62697726
muraena,0.6198496
form,0.56252843
bessor,0.88581604
thynus,0.78139687
hibericus,0.9496161
septentrionalis,0.9777535
convolo,0.90758544
carambis,0.8349292
advento,0.82330537
compluo,0.723418
sustollo,0.9560838
uigiles,0.90027076
dyrrachium,0.8990284
propontidis,0.91170895
utrin,0.9340483
propontis,0.75145376
clar,0.7151744
alimus,0.77995574
carbasus,0.8647997
absolvio,0.940899
son,0.9234295
jouis,0.80525744
religiosissimus,0.90571725
gentiliter,0.917186
gortyna,0.8612025
lethus,0.8919099
uespero,0.57401204
gnosius,0.7784073
quun,0.7746333
sortita,0.7731489
multifarius,0.9391638
advenio,0.6506686
ortygometra,0.9205281
comitialis,0.8545808
icarus,0.8614626
melus,0.7887658
stus,0.7912501
arcio,0.9387348
stichus,0.9440332
cyclas,0.8074844
icus,0.7389147
ridicule,0.87806445
hellesponto,0.89091814
ellespontus,0.89007354
quor,0.7819263
patentissimus,0.859179
propontidem,0.95849705
coarcto,0.9193748
caus,0.8358233
ceter,0.6735577
aquatilis,0.8991715
puteolus,0.7370831
hippo,0.69002974
flavianus,0.9211946
hdo,0.53944606
bellua,0.9367324
phoca,0.8610056
istrus,0.8685796
fiber,0.8318686
rauracus,0.9047668
persenso,0.93142307
testiculum,0.8912284
linio,0.9558438
hypanis,0.54088044
sallustus,0.69660085
neuer,0.6277692
borysthe,0.8722869
cartilago,0.9035038
agathyrsus,0.8562593
immanissimus,0.9251285
albanis,0.89537686
jasonus,0.7381662
notabiliter,0.86639965
agnio,0.78213114
lycium,0.74396205
junius,0.9265598
ultimo,0.82794
essedo,0.6098592
corrogo,0.9059205
incingo,0.8033796
georgius,0.93118346
sauromatus,0.8541491
avaritus,0.5877439
chalcedonius,0.83308476
aquaticus,0.94008374
globosus,0.8361407
conco,0.8345887
austus,0.5756803
liuia,0.68840283
averdo,0.9243317
epulo,0.9163468
primitiuus,0.9563961
pontificium,0.8867575
panther,0.805735
iuror,0.6017335
excrementum,0.7859221
exsequo,0.88296235
bosphorum,0.958271
advolo,0.88069004
congelo,0.9511255
rubeus,0.933025
oxus,0.90286267
hippopos,0.7943498
equinus,0.95520455
fer,0.52510864
sagitto,0.95151937
olfacio,0.9054842
clunis,0.9207155
centesimum,0.77127826
uillosus,0.78337926
hercynius,0.8943744
bison,0.93830633
minucius,0.94769764
augurinus,0.9268205
sevus,0.5545105
danubium,0.9688438
uistula,0.7914682
jubo,0.4924444
bubalis,0.9502566
urus,0.6009774
gangauia,0.8688749
somnulentus,0.90653193
medialis,0.84849286
lacrymo,0.66860676
oper,0.735994
pannonicus,0.94328225
transpadanus,0.86471283
itinerarium,0.9122838
drauus,0.5907122
sauus,0.6214626
inclyo,0.68019587
gagates,0.8804689
hibernis,0.881581
aluearium,0.9114553
hibernia,0.90468466
uimineus,0.89735234
tibere,0.9098963
ratiocino,0.66607314
thyle,0.9405904
hebus,0.6447027
usurarius,0.80948234
orcas,0.88023376
iunceus,0.7851338
compereo,0.5756647
gemmeus,0.84028816
not,0.5508961
cujuscus,0.8545716
lusitanium,0.9736863
pt,0.8361082
tarraconendo,0.95702803
pyropus,0.7942411
balear,0.91226065
lusitania,0.9833061
hispanias,0.94915414
balearicus,0.61389154
euxinus,0.9407581
vehemente,0.8242895
adaugeo,0.87825954
aexcursus,0.76840925
quus,0.52688
hippopotamus,0.88345456
juba,0.6238313
submoneo,0.79228216
usitatior,0.9012971
ueneficus,0.9302633
adorior,0.9425236
neceo,0.7914987
dimicatio,0.943934
expugnabilis,0.8077605
elephans,0.93861806
septuagesimus,0.98550814
numidium,0.8721287
purpurarius,0.80661607
cohaero,0.90670496
profundior,0.9336539
trigesimus,0.9437294
corpulentus,0.89104915
posticus,0.65254384
mercurium,0.78981256
cro,0.67944413
cyrenensis,0.9284308
byzacenus,0.8518754
amplius,0.95103955
nuncupao,0.91674936
leptus,0.8981909
nicus,0.73615694
dolabellum,0.8552378
bestus,0.8887843
crispis,0.87057245
igno,0.7630217
repatrio,0.8687086
septus,0.94051015
quantulumcumm,0.58254135
gingiua,0.90256023
capsula,0.9286721
herbaticus,0.60162616
corniculum,0.68873787
jaculum,0.6093565
dipsas,0.6231506
cenchros,0.96385616
neon,0.7581272
priuatio,0.84748554
utr,0.6128461
servilium,0.9236928
nasamones,0.82201505
adpositio,0.7790235
cornum,0.842978
intemperantia,0.95203316
arbusto,0.86072725
nimietas,0.9728919
mustela,0.9103823
pergameni,0.8335533
apella,0.885505
exundatio,0.93359804
latifundium,0.89211076
uiscum,0.87869734
cynocephalis,0.938882
inquio,0.8707007
adsensio,0.8415506
stuo,0.6208456
dissonus,0.9558022
inclyet,0.941661
inextricabilis,0.9337184
invius,0.88451517
pabulor,0.6956197
cercina,0.5714731
dracontium,0.79557216
cepha,0.6808856
lycao,0.8876518
cynocephalus,0.93061954
agriophagus,0.9131503
uit,0.30997628
macrobius,0.85570204
adgno,0.70018625
fistul,0.51383084
detro,0.77182776
percio,0.5838691
iubatus,0.54989135
tarao,0.79912156
ceruinus,0.8219505
ursinus,0.87425464
incommoditas,0.91367537
tenuiter,0.9115431
saliendus,0.8949864
arietinus,0.8928718
ethiop,0.86348236
inculpabilis,0.9024956
fucatus,0.8920839
suaviter,0.9426861
nubilosus,0.8428496
introrsus,0.92745304
tina,0.59147817
saginatus,0.83504176
justissimus,0.7263863
ditio,0.9239327
evalesco,0.64355975
serratus,0.87402725
obtusior,0.76675385
scaevitas,0.8476981
scaurus,0.92572767
ist,0.79399776
pelusium,0.9596677
papyrius,0.8847943
spurium,0.6222951
heracleoticon,0.56291133
canopicon,0.65693444
aue,0.8770063
iridis,0.93144786
casio,0.85147053
cilicinus,0.8648518
suillus,0.93535465
sabo,0.68210936
deruptus,0.79303026
arabis,0.95557237
hypo,0.75472915
sextio,0.8150568
apronius,0.7269941
sinistr,0.77641976
polycras,0.8555862
luxurus,0.77558184
revico,0.4907816
pessime,0.91373944
quadra,0.9229944
joppus,0.86466753
pelusio,0.88105613
casius,0.8014794
judus,0.7269081
jorda,0.79710245
amidie,0.37938416
circumsedeo,0.9170511
tiberias,0.92303336
hierosolymus,0.9120837
hiericus,0.8619031
obscurissimus,0.97019315
malleolus,0.86417925
essenus,0.82304275
uictito,0.9381564
inmanitas,0.9514955
conflictio,0.5645505
balista,0.8204707
philadelphius,0.9094918
carthaginiensus,0.9977679
contabesco,0.95548856
seleucius,0.95875275
titis,0.8570434
parallelus,0.8162637
perpendiculum,0.91825897
pigre,0.85589576
ulua,0.8333299
choaspes,0.8694192
tenaciter,0.9150163
concinnitas,0.9230038
tecolithus,0.8425006
renium,0.9159603
aetites,0.92169535
scientus,0.85128194
persides,0.9719238
insomnium,0.66165006
arctior,0.6286849
cydnus,0.9487292
pamphilis,0.7191019
issicus,0.8270347
amanus,0.51295316
assiduum,0.8490833
heliopolis,0.84244275
chelidonia,0.9487951
pamphylis,0.9362198
uesuvius,0.8935758
lycius,0.8936228
ciconia,0.9079459
telmessus,0.88887495
pell,0.86792976
quintius,0.99029994
apamia,0.95275927
uall,0.95275706
miletus,0.96844137
cadmo,0.8477305
pri,0.7973919
tantalum,0.8325873
smyrna,0.96944463
smyrnus,0.9087671
tyberinus,0.9073208
teus,0.49067527
ajaco,0.84009993
antium,0.7219237
concursio,0.91135955
machinator,0.762085
inlusus,0.91785103
hamatus,0.75923777
pauxillum,0.9259886
corax,0.90719026
edeo,0.8617897
adveno,0.9329619
gerons,0.8147876
educandus,0.91798824
impensis,0.6631323
esco,0.5930271
hyla,0.76773715
cursitatio,0.75081706
aco,0.6997666
inproprie,0.86447245
paphlago,0.8787876
transveco,0.84102273
pisidia,0.9026529
opportune,0.8927348
praevolo,0.8621504
meliio,0.8471669
mazaca,0.8068114
invineo,0.95030636
stratus,0.9492961
scythar,0.6264626
agrigenten,0.8902821
saltatio,0.8902032
ilias,0.8406196
plotium,0.83134025
salernitanus,0.8668988
fragrantia,0.94918334
jucundus,0.81907856
permeabilis,0.5623489
affluentus,0.8209915
circumsideo,0.9225696
nitas,0.5353141
nuncupatio,0.9440528
crassianus,0.90302026
hujus,0.87318957
impuro,0.83276737
art,0.6744269
iaxars,0.907545
bacter,0.880757
pers,0.7374146
advertio,0.8926759
justus,0.89860475
geno,0.8272697
impenetrabilis,0.92814505
depecto,0.88424504
praepetus,0.82156885
monoceros,0.9311095
gangeticus,0.6355171
ebenus,0.95609456
receseo,0.8620912
acca,0.87841797
sect,0.36454472
prasius,0.68644434
maleus,0.6854198
horatia,0.8524013
archelai,0.93618083
flexibilis,0.8864334
buxeus,0.79578316
gymnosophistas,0.9244703
nulus,0.6174753
cubitalis,0.8600857
flexibilitas,0.7536512
tricornis,0.76426256
interimus,0.8179302
accus,0.83994555
ualo,0.7608881
clauicula,0.75320786
tata,0.41219217
obliuiosus,0.91494405
tylus,0.90421396
corylus,0.83062357
frequentus,0.9186373
summo,0.7990401
cuprum,0.88004
hircinus,0.91316867
lychnis,0.8489357
contumaciter,0.8412707
chrysoprasus,0.839264
intercurro,0.9076718
indicio,0.76824224
fulgentus,0.53497195
taprobanis,0.84810233
nostrs,0.79791045
ancor,0.57957494
nauigandus,0.8468652
annius,0.96050006
displicuo,0.9569315
judico,0.83402807
euiscero,0.9209109
uulgaio,0.9130902
quadringenties,0.9551388
lolle,0.88792765
flavis,0.7912552
uulturnus,0.95150024
flauior,0.8632176
subrogo,0.9480281
armenicus,0.6001626
belus,0.84650606
prominentia,0.9033439
quindeciens,0.5757348
adanus,0.84932446
nandus,0.9435148
suspendeo,0.4583572
ignobiliter,0.90907675
canarius,0.7526685
heliogabalis,0.67585003
imperialis,0.982277
posiio,0.745994
memmius,0.7707845
saturninum,0.9699346
mauricius,0.80687684
brundisinum,0.8615457
illyricianus,0.8999162
thracicus,0.8098935
fuluium,0.8596377
aureliane,0.7692739
ducalis,0.7034254
aurelianus,0.95173967
decreuis,0.88320935
cocceius,0.90701354
hadrianum,0.9107939
antoninus,0.7619145
suggestio,0.8546562
aurelianum,0.9261886
actutus,0.8301614
euclidis,0.55620044
ualerianum,0.9854122
prensus,0.8174907
effrenatus,0.93528366
connectens,0.9420986
aequabilis,0.7861842
hebetescio,0.8535639
concatenatio,0.87728494
etiamna,0.90685284
corruptibilitas,0.9104522
interminatus,0.9097048
clusus,0.7700023
inconcinna,0.88964987
inefficax,0.9511111
cogitamen,0.61819845
trebatus,0.6809259
copulatus,0.9094117
refector,0.670877
detero,0.84099364
libramentum,0.86634445
definito,0.86406565
exhibitus,0.82242477
annuntiatus,0.6971319
ludicer,0.87994576
demano,0.764822
nidifico,0.88935363
osee,0.92518544
serius,0.9651017
sabellianus,0.904071
bethlehem,0.9589354
parmenido,0.5514417
incunctanter,0.95969266
descensio,0.9147418
blasphemum,0.8833633
quinimmo,0.9492148
calumniose,0.82814026
praedestinatio,0.95551354
praedestino,0.95098704
praeterio,0.9545907
gradatim,0.9747625
inuisibilitas,0.6824902
subuersio,0.9465943
lia,0.89631456
rachel,0.98594636
haesitatio,0.90249765
grauissime,0.9393111
tumultuarius,0.8698172
manasses,0.90498763
frigidissimus,0.90707374
uenustissimus,0.4969257
pertinaciter,0.96860003
resuscitare,0.84039694
confoedero,0.8216951
effusior,0.8606359
detraxo,0.782099
confibulo,0.7921866
receptio,0.8621483
agrarius,0.9050422
incarno,0.6313342
sequela,0.8454391
collocaro,0.6983688
sociao,0.52095103
interfeguo,0.92866015
aggrego,0.9237784
accendeo,0.81095517
pilleo,0.82469726
gubernatio,0.7616595
consecrator,0.72517866
comissatio,0.45101392
incontaminatus,0.94476557
nequissimus,0.97568524
ratiocinatio,0.95155257
aequatio,0.7820282
nicanor,0.93771756
quadratus,0.9018121
octonarius,0.8962273
duodenarius,0.8730914
memoratus,0.6801113
rhythmi,0.81255233
ismaricus,0.8406302
harmonicus,0.8594644
rhythmicus,0.86750984
aristotelum,0.9174306
carmin,0.88392293
dorus,0.8074315
lydius,0.8779894
gravis,0.8532503
hypodorius,0.92081153
hypolydium,0.8154956
dorius,0.86696714
hypate,0.8693484
meses,0.8077009
diedo,0.8796947
semitonium,0.9332832
tonum,0.9433985
diatessaron,0.95512486
incanto,0.9433324
paupera,0.7040801
similo,0.9348905
xanthippa,0.80585366
urbus,0.54133284
pugillum,0.90545946
descriptus,0.89812833
pustula,0.88841283
apposeo,0.7331724
diabulus,0.9458819
transeundus,0.94029063
undeuicesimus,0.92388046
funditor,0.9274035
seductor,0.94501114
serro,0.87258345
sinagoga,0.9359109
proclivus,0.93645895
praeconio,0.51967436
isum,0.94144726
plasma,0.8479358
conuersor,0.8888668
uulgar,0.85908437
incrasso,0.9532938
sanesco,0.8125153
cruciatio,0.9112165
amus,0.9429131
nugax,0.5521446
desipio,0.9501369
discredo,0.7922053
malitiosus,0.9340912
breuium,0.80036265
iuveni,0.7994251
defamo,0.6895641
demorior,0.82732725
xxxviii,0.92388505
absconsum,0.95315385
aeramen,0.7827443
refugo,0.90189695
perseco,0.937606
sterelus,0.8080441
sou,0.9035443
babylonus,0.66433924
nerus,0.95056576
seducendus,0.745347
celao,0.91272676
persida,0.95272994
lugo,0.6657189
incredula,0.8423941
nicaeensis,0.4939103
pauido,0.8657212
singularius,0.6425993
paruolus,0.8880772
fascinatio,0.78571
testifico,0.64323026
inquid,0.93843293
indius,0.9818887
saltuatim,0.78290075
iuvor,0.66283786
ciclopa,0.7498057
adulisceo,0.88246524
sigillum,0.9348181
praesentanea,0.8080294
extunc,0.82574594
casinus,0.7499948
citharoedus,0.9398105
daph,0.56566143
mucianus,0.8219451
semelis,0.85203105
dionisiter,0.91723925
finctus,0.786638
inmaturus,0.9327267
extrico,0.89678293
antisthe,0.9675135
damnabilis,0.93874943
bifurcus,0.82454515
aedicula,0.84298515
consuleo,0.6481774
multiformiter,0.6024159
ascius,0.8550589
resedes,0.84371775
quantoce,0.97341096
breuius,0.80440795
inrio,0.8209028
ubinam,0.911967
scripteo,0.7613903
inrido,0.906477
insatiabiliter,0.9067682
ebriacus,0.7994362
blasphemium,0.8752061
pulex,0.9688282
serapidus,0.90980995
bellor,0.6907245
doma,0.67667794
ballo,0.66494155
protoplaustus,0.9143747
cananaeus,0.9031686
transmuto,0.87351006
inprobe,0.8098588
inmaculatus,0.9713088
omisdo,0.6595179
nouella,0.94885206
nativus,0.8890778
pauso,0.90104663
complens,0.92109895
traiectum,0.6814063
theocritus,0.92369926
tityris,0.964594
hoes,0.61988497
eurota,0.54681826
antechristus,0.73987734
catecuminus,0.8221205
loo,0.9610166
uenandus,0.67449903
propalao,0.7702473
milis,0.8208617
presto,0.9058951
gazo,0.615557
annaeus,0.93190366
scrutatio,0.8556174
indisciplinatus,0.9514619
iocundo,0.8859035
indigno,0.79904044
propugnatio,0.6682763
siricus,0.85863495
pomptinus,0.82206553
inaur,0.8903541
reciproco,0.9003365
inmaniter,0.928071
adrogans,0.9294455
revolo,0.74661636
adcommodo,0.92326945
clamandus,0.85658395
inuidis,0.8322766
suspiciosus,0.9400104
susus,0.7645761
exhilaro,0.92869014
mouio,0.623199
mango,0.85067654
aureolus,0.87271154
charybdis,0.87123924
florius,0.52066207
infixus,0.82618034
quassatus,0.85973215
fagum,0.89726985
uertus,0.8672955
inventus,0.8062663
mene,0.8206716
affabilis,0.9287579
arao,0.8633932
salluss,0.74093324
dissix,0.9307769
lauro,0.63952434
aspr,0.7618384
licentior,0.9533554
pedica,0.89243114
appropero,0.71831745
pontinus,0.7833015
pulla,0.60427904
palames,0.77402323
muscus,0.9350815
conpleo,0.8749983
uiolatus,0.7460486
arctum,0.74613273
carinus,0.8890933
spretor,0.88438404
grauedo,0.9062437
contigi,0.90840226
hortamen,0.8434112
sortio,0.816765
libyes,0.88304204
obso,0.8295573
hispanicus,0.79012555
infreno,0.7882014
farrago,0.86107814
fiscella,0.94519323
cona,0.72618514
ruricolus,0.6160534
subverto,0.9537581
ruralis,0.9483237
simillo,0.9277505
adonae,0.9731626
uiburnum,0.9234913
montiuagus,0.8620863
cymbia,0.7617881
triuialis,0.812671
inperitus,0.8858062
clueo,0.8396498
tenaculum,0.5069009
tractabilis,0.9503982
impeditus,0.8684584
hisco,0.8237524
vts,0.7095452
reotrorsus,0.9169692
v,0.85425603
proximitas,0.8346921
compressio,0.6173315
pressior,0.87300473
litterulus,0.7719748
palatus,0.7411274
ausonia,0.97227466
gamma,0.8754674
hectorea,0.6760355
xxi,0.9198544
caesia,0.57876337
compedio,0.79328936
matus,0.38896385
xxiii,0.927611
propalam,0.90496427
eio,0.50431335
graio,0.8764851
gra,0.77351016
cadis,0.7173322
correptus,0.828009
scriptito,0.7130714
uiolus,0.7466191
obedo,0.92835295
uv,0.5597322
nubae,0.9120817
colligendus,0.9422688
praegrauo,0.8450353
pamphilus,0.89997864
elatior,0.734377
ammianus,0.73756206
temptamentum,0.90317076
quadrus,0.6193734
inchoans,0.9047959
exlex,0.72495294
postmodo,0.86799896
nostratis,0.7855103
abscitto,0.8162707
insterno,0.8571764
eruditor,0.87340003
tuccus,0.83328056
optavo,0.8882835
profeco,0.8754543
inberbis,0.9099277
caton,0.8553554
succino,0.6823911
bacchicus,0.78029704
progressio,0.8835587
ben,0.8438041
delphex,0.78460026
semipis,0.65671915
infandum,0.34518096
bes,0.8783793
finxo,0.78922415
exquisitissimus,0.80395424
iamdudum,0.96058255
lineola,0.7335707
perscripo,0.8148431
vrbs,0.9357249
ion,0.5391476
diomeden,0.95419693
epodus,0.8772286
demus,0.7328237
sappho,0.8569187
poetria,0.86027235
maris,0.7832994
phaselus,0.83145905
teanus,0.83646065
acephalus,0.7654574
atella,0.8877746
labilis,0.96070594
epitritus,0.80764323
horo,0.7055948
toma,0.6257557
miseranter,0.42354023
pierido,0.9199368
consitum,0.84939754
horas,0.92138624
praemissis,0.89665425
priapo,0.78063977
lectica,0.9649135
adortus,0.874792
pentametrum,0.8567152
runo,0.52355236
tussis,0.95786715
ebulum,0.78447056
axungia,0.89703995
bobus,0.64035225
expurgo,0.9355599
hirudo,0.5263936
cimex,0.5636262
uiridissimus,0.71702176
potiono,0.82135636
lumbricus,0.96456337
pot,0.5459335
sulfur,0.7122754
soletus,0.6449054
anisum,0.8635955
contrio,0.9009932
confrico,0.9286281
messana,0.8256703
aquor,0.8794967
austerior,0.86830556
indigestio,0.9354636
caldus,0.9347725
gummus,0.83669335
acrimonia,0.7992654
ueterrimus,0.75911486
spleneticus,0.8235532
calidissimus,0.9080266
humecto,0.9311626
porcia,0.8556616
hyssopum,0.96188414
indigestus,0.7464119
drachma,0.8295804
tribunicius,0.84640956
collectio,0.89878315
supporto,0.8770168
ceresia,0.860404
flegmo,0.7916577
opportuna,0.7420887
praenestinus,0.91218853
concumbo,0.9543449
commixo,0.621648
pellicula,0.84604025
imploratio,0.565396
tortum,0.49902648
puscus,0.8503588
congrui,0.78979605
commedo,0.67236793
uinolentus,0.94120824
modificatio,0.8320242
flegmaticus,0.8497836
nicolaus,0.66254973
coctio,0.888667
resina,0.8230888
podagra,0.91871524
gargilius,0.9404391
decemuir,0.91034806
hyems,0.9572998
planicies,0.89516723
phaetontaeus,0.87575054
obsito,0.85498524
duodecies,0.86192256
equs,0.80816734
errabilis,0.65273464
igniferus,0.8040469
peregeo,0.83703613
summoneo,0.56974226
papilio,0.9631136
primaevus,0.72385615
albico,0.8284873
uiriditas,0.9512297
inviso,0.9289372
inusitatum,0.8426616
constructio,0.9191007
primigenius,0.7910654
inclinatio,0.8662029
intepeo,0.87826383
moderaminus,0.88823545
nauitas,0.6622775
pluvia,0.9667538
locustus,0.90185994
dissoluio,0.7112238
inruptio,0.92053276
inpulsor,0.8490606
commonitio,0.90851426
inservio,0.9307625
delicatior,0.9306321
iamdiu,0.9113579
effusio,0.9661816
arbitrarius,0.9033581
superciliosus,0.8203237
explicabilis,0.8322642
comprehensio,0.9248582
uniqualibet,0.67024255
annonarius,0.9594118
obscenitas,0.95859665
augustissimus,0.9347875
alienatio,0.93700695
mortifera,0.8500714
imminutio,0.7934021
proteco,0.90474194
inuitissimus,0.7205946
agellulum,0.5664992
acor,0.5521592
credino,0.9591014
comprobao,0.88206923
summitas,0.9890631
execrabilis,0.97476244
hocco,0.90380603
uenerator,0.75078917
aius,0.6415217
prudentissimus,0.95627064
solubilis,0.82428503
audientia,0.9652921
infaustis,0.869001
missa,0.6745246
agitatio,0.94492257
circumscriptio,0.93005633
muttio,0.8586798
opinatio,0.9343127
abnegatio,0.82226276
insitum,0.85313046
aueo,0.75792694
circumlo,0.88238347
pugillator,0.86116755
membratim,0.9663694
premio,0.5105237
uicien,0.7395245
adficiendus,0.6927742
adsco,0.83205855
adfixus,0.9227052
acerbissimus,0.9552788
conclamatio,0.7324504
testo,0.79348004
comprobatio,0.9109746
inanissimus,0.6566945
opiferus,0.55955404
cruciamentum,0.80144924
inmoderatus,0.95972955
inmensitas,0.87445223
imaginatio,0.94368756
conlocutio,0.7938112
scierum,0.45577362
evolo,0.7973884
tabificus,0.4955697
commortuus,0.80066097
dubitabilis,0.90167534
largitum,0.4996744
inmensis,0.92930627
dialis,0.7125073
plusquam,0.8972471
fremor,0.8487085
adlaturus,0.865417
sospitator,0.9268601
adprobatio,0.84767985
adsensus,0.90931416
unanimiter,0.8254982
disso,0.6371728
inleco,0.7128443
uictae,0.6061243
simillimum,0.87806964
maleuolentia,0.78662413
longinquitas,0.9254473
procliuior,0.9073621
fictio,0.9611422
enthymemo,0.8550495
dissolutus,0.90016353
pileus,0.8960397
forfex,0.9094752
candelaber,0.738879
feminen,0.78310096
adsumptio,0.93929905
auiditas,0.9687242
uitiositas,0.726023
redargueo,0.67559636
prolato,0.59154767
formonsus,0.86694854
uilissima,0.8579436
inhumanitas,0.8983727
uaticinatio,0.92425907
fundator,0.8519788
abrogatus,0.6259382
prohibuo,0.8754584
anticipatio,0.9261359
rennuo,0.9646236
inreuocabilis,0.90011823
animoser,0.85357213
lucilianus,0.5694226
conprehendio,0.9026701
utrumne,0.90546
eorpor,0.79946613
immersio,0.81057996
iocularis,0.8870721
peregrino,0.8445595
festinanter,0.9513101
astipulatio,0.913497
democrio,0.85645413
metrodorum,0.83588874
scisco,0.6634625
digladio,0.8769789
luculentissimus,0.85626817
inductio,0.87522626
enthymematum,0.8647468
set,0.63290495
adsensum,0.93324083
politicus,0.80623245
praematurus,0.91919744
inenodabilis,0.55749935
supervolo,0.6008138
inemendabilis,0.9055035
invigilo,0.92378825
famus,0.87468475
evito,0.9419153
excavo,0.7445535
artificiosus,0.86168957
superlectilis,0.93314004
pauperrimus,0.8263214
exquiseo,0.85920846
provenio,0.96050245
subucula,0.7510353
laena,0.83785033
uniformiter,0.92055726
erudis,0.7946249
geometres,0.9138881
bardus,0.8810394
nutricis,0.81452054
nutricius,0.92937165
milium,0.87697846
adcommodatus,0.89084184
tribula,0.53050506
uannus,0.842636
bura,0.685145
abiudico,0.84173274
cottidianus,0.9409677
quadragenarium,0.7379745
perconto,0.8611681
triangulus,0.8989427
cubus,0.8507581
marpesia,0.7394629
optinens,0.92144215
flexio,0.79181266
mechanicus,0.9458027
elementarius,0.75496686
solidissimus,0.8425988
passibilitas,0.9184377
tarantinus,0.44077605
allus,0.7743708
insensibilis,0.95493686
obstructio,0.7582906
proletarius,0.873186
inlibao,0.8972108
fermentum,0.9626212
glutinum,0.9067285
mardo,0.9222517
inrisio,0.85711485
manifestavi,0.8256764
diiunco,0.7132734
experientissimus,0.85713184
inuictissimus,0.8684604
unguentarius,0.8568653
aurifex,0.9399895
lanarius,0.87954533
prŏfessus,0.93949616
inmergo,0.91223437
ineptissimus,0.7471169
avaris,0.7092359
uulturius,0.86919963
angustius,0.9093473
calamistrum,0.7691896
botulus,0.89321226
scabillum,0.5810566
crispitudo,0.70872056
obvia,0.8734406
rennuens,0.84548503
percelebro,0.46849823
uoluntaria,0.81722474
pascior,0.7185458
scarabeus,0.857994
inligo,0.9150957
dissimulator,0.6055856
terminatum,0.89331114
heiulor,0.9404956
flabilis,0.6436901
paritas,0.85781395
expresdo,0.8851556
sorex,0.8574225
orca,0.69123274
opino,0.6309456
contradictio,0.9310436
apertissime,0.9445931
absimilis,0.9314302
impulsio,0.8102393
guttatim,0.93594146
foliola,0.78097093
bubon,0.9352702
decubo,0.6756756
araneus,0.88165224
indubitabilis,0.9467226
inplico,0.8803416
extinctio,0.56572914
sciolus,0.8028811
restricte,0.9165611
commendaticius,0.92546713
conservator,0.9185777
iamduduam,0.82965016
benivolentia,0.90058255
iniunctum,0.5412448
caeligenus,0.5935349
niveus,0.9238372
pompilium,0.986949
tullum,0.743013
genethliacus,0.9068574
destinus,0.71123314
supputatio,0.9745735
uixio,0.9128552
iurisdictio,0.9251428
opinabilis,0.8810059
praemo,0.81176174
oportunitas,0.9578752
fractus,0.8651555
acerra,0.8526652
infortunium,0.97469115
abrogo,0.9463146
personaliter,0.9337667
honorificentia,0.9020559
adstipulor,0.85823417
uulgaritas,0.8503538
numerabilis,0.89737
apollus,0.8747341
invito,0.95147365
indignanter,0.81535995
subolus,0.48742113
insignitus,0.5800786
complexio,0.8832765
septimana,0.97809756
heiulo,0.78745925
iunono,0.860888
theologus,0.91891813
sadduceus,0.8726152
coercitus,0.71161157
circumcludo,0.95497364
ossea,0.84120697
subactio,0.63817036
gurgulio,0.8317423
parvolus,0.7307389
cumulatio,0.72163194
macilentus,0.9420363
aquilus,0.7860835
inscripo,0.84473205
provideo,0.65557754
certissio,0.8346833
procudo,0.6791843
conlabor,0.8540486
veneror,0.77065516
praesidor,0.8021165
conspixio,0.9014994
spontaneus,0.9566349
tutelar,0.7946549
uenerium,0.81541735
iuvenalis,0.9017178
lenitudo,0.81129104
subcresco,0.9045902
dissidentia,0.7909615
coaceruo,0.953987
mnaseus,0.7382103
conticisco,0.75471926
sabina,0.9020104
adcommodans,0.8278376
novenarius,0.8926333
potentissio,0.84713274
nouenarius,0.83124095
cornificium,0.9117129
iaculator,0.7937126
aeres,0.6549083
mania,0.7855138
delusio,0.6828459
praestabilis,0.82357436
benignior,0.46524033
figuratio,0.8470175
tatio,0.7956091
pulsio,0.69438064
opitulatio,0.9099556
furcula,0.9608593
caudina,0.9427027
anticus,0.8752317
lateranus,0.9118633
fascino,0.8602399
putatio,0.8809969
nenia,0.8944819
apes,0.7046085
obliquitas,0.73497653
uicia,0.83959556
alla,0.5172998
pollus,0.43279237
acco,0.69059324
cotidie,0.9034326
subico,0.9473721
suasio,0.85828197
inculpatus,0.7839816
areta,0.7576276
subrectus,0.84053206
interemptor,0.8660641
procreatrix,0.91230655
triga,0.77885115
apollinarius,0.5836462
mineruo,0.51636076
meretricius,0.9550649
clods,0.5979362
plebisve,0.7906673
rixor,0.9144445
defo,0.42938754
disceptator,0.90596765
coemptio,0.91078544
delenio,0.86851007
metuendus,0.8423689
dioscor,0.85659695
inpatientia,0.8595061
salax,0.78669393
pelagis,0.60146046
maco,0.8237171
indistinctus,0.8517632
meretricula,0.82552695
mela,0.7963317
modulatrix,0.8011111
retulo,0.83965147
castimonius,0.9270222
catamitus,0.83871526
aeacum,0.79503214
thetim,0.8765629
phaethons,0.9026664
anchisa,0.927253
lstus,0.64068794
ignominiose,0.8863492
inprobus,0.76722735
inplio,0.81081885
invidus,0.8226502
omiso,0.60261494
collocao,0.8293364
existimavi,0.8503486
enervo,0.656892
animositer,0.92432564
uetere,0.68105346
extuo,0.52680504
platus,0.8719551
regnator,0.78122777
maceratio,0.8135494
cavea,0.8887362
inrisor,0.738223
intermissio,0.9752649
culpatio,0.6226608
infamius,0.76826537
immaniter,0.8975018
aventinus,0.95336944
cuncto,0.8234272
ingurgito,0.717779
ethon,0.7255552
circumuentio,0.92843986
eido,0.49800432
improvidus,0.8658174
pyrra,0.81185865
obluctor,0.7709093
divasto,0.5062261
immoderatior,0.86516047
nana,0.69046247
convello,0.8706214
instigator,0.83164424
pinum,0.9052836
horridior,0.80006313
moio,0.68883777
ti,0.6670788
interemo,0.95154744
repugnantia,0.9356878
indagatio,0.77199817
correpo,0.7345536
retractio,0.8060061
hu,0.48526353
ephe,0.6847397
praedicabilis,0.7624255
uenatorius,0.7964926
murrinus,0.9437761
taediosus,0.8497143
sanctuarium,0.9610493
clodius,0.88947177
tarto,0.87378734
apertissimus,0.8696191
uiolata,0.8850045
subplico,0.7497314
novissime,0.8870528
delibutum,0.7860112
conquisitio,0.83674735
obstinatiter,0.8477572
allico,0.93506885
diffusis,0.7452866
suscriptio,0.8850595
delatio,0.912813
cistula,0.7265606
aegresco,0.72808653
territorium,0.9325362
cerber,0.73195964
heraclio,0.7647743
occupao,0.8321264
uilitum,0.7934357
luso,0.9111063
pernosco,0.6440588
dedecet,0.8564159
eloio,0.8160223
bilinguis,0.91224545
convenientia,0.8876663
optino,0.7953093
furius,0.9147966
nudius,0.9631125
simplicissimus,0.9219082
gesno,0.92431754
recondeo,0.78031677
spo,0.6274217
optatior,0.7792209
uiliter,0.8607966
admono,0.83722687
obumbratio,0.9627268
conmemoro,0.80134505
eviro,0.7246806
inrigatio,0.7865928
colligatio,0.83568513
oria,0.5105801
actuarius,0.9204145
mydia,0.58510876
camarus,0.8043268
cre,0.350358
pollio,0.9049852
equo,0.51479334
scelerosus,0.9172616
piacular,0.5019517
adstrico,0.94142485
mauretania,0.8083452
tractum,0.89545333
excogitatio,0.870831
exaudo,0.8307092
mineruius,0.7342287
leandrus,0.750342
arulum,0.8862913
cultrix,0.9505061
iniuriosior,0.8082941
transfretatio,0.52397674
obliio,0.8545954
fremebundus,0.82640827
pilumnus,0.8578832
cloacina,0.8817434
acinax,0.8142457
occipitium,0.89609164
construco,0.8739426
laxitas,0.8111707
reppereo,0.887403
maercurium,0.8457214
commigro,0.8489101
fabricatio,0.9211204
lascivire,0.83029705
prostror,0.95222694
gypsum,0.7924527
runcina,0.655257
conlisus,0.8196883
coctilia,0.8402467
adquisitio,0.9283004
feracissimus,0.775656
decoloro,0.8993727
lanugi,0.81693685
chartula,0.90760386
basis,0.9477494
oo,0.52701545
pessulus,0.75592643
inligatus,0.92664707
eleutherius,0.8708367
salutariter,0.91058546
messorius,0.8643694
abicor,0.90435815
puellula,0.9562261
anubus,0.86588144
talarius,0.77747977
remedo,0.66990423
concessio,0.9377548
immolatio,0.93531954
difficilleo,0.83858484
uspiam,0.9257594
seiunctum,0.893495
titillatio,0.8019649
miserabiliter,0.87446004
perceo,0.8999019
sancitum,0.75883055
gratuitas,0.69353384
sacratissimus,0.81712025
inpunitas,0.8157848
liberor,0.76951885
transverto,0.61589634
evigilo,0.7747965
reverentia,0.9613616
amplificatio,0.8659442
ancillor,0.8078888
suspectio,0.68871605
attributio,0.8590678
sublimio,0.43547273
infelicus,0.8103386
foedis,0.4098866
rapum,0.78519416
liquidius,0.90203434
garrula,0.7644962
execro,0.6873292
scrofa,0.8955389
attactus,0.7133243
terentio,0.81104165
nigerrimus,0.91656214
innocentissimus,0.83977133
zelotypi,0.83929217
benignissimus,0.76584065
longo,0.6253828
aruina,0.94194907
libum,0.47686857
comprehenso,0.9593823
inreo,0.9663102
cerasum,0.85675204
alternatio,0.82028246
moderatissimus,0.95190287
bria,0.61291957
quassatio,0.74259365
excitatio,0.74041605
hinedius,0.8570093
anniuersarius,0.82228947
vidi,0.77705985
honorifice,0.97649336
derisio,0.93422514
hilarior,0.52736396
uindemio,0.8724593
lippus,0.8346963
poanderosus,0.8059055
populariter,0.7965647
parentalis,0.7705105
coniunctissimus,0.7637768
motor,0.6043935
ambulatio,0.9342797
rusticulus,0.68541265
spoliatio,0.70992696
celebrior,0.84174556
adnuntiatio,0.9299847
inmoderatio,0.81095517
cerneo,0.73213094
transileo,0.85292804
adventus,0.8428396
considerator,0.6815392
adcio,0.67417884
conservo,0.83076507
quisquamne,0.5661684
fautrix,0.55497545
cosmus,0.9339995
arcticus,0.86959165
antarcticus,0.93586504
oblicus,0.90224624
arenosus,0.961577
misterium,0.95176744
carcinus,0.8528185
molorchus,0.8220939
arcturus,0.9342439
capricornus,0.9357132
septemtrio,0.86511487
argo,0.8800531
planeta,0.9384406
aparctias,0.8395398
libs,0.59960485
apulia,0.9420798
serenior,0.8075177
bithyni,0.63767993
dalmo,0.90389454
panno,0.64745986
garamans,0.9147185
spania,0.8450322
thermodon,0.8832761
spanius,0.7836646
eufrates,0.9312286
brittannia,0.9149755
chius,0.79064137
menix,0.5593148
columpna,0.93860805
tuscum,0.84768015
seston,0.8212093
syrticus,0.8961929
adro,0.6253679
apposio,0.82406783
ephesia,0.708717
cxl,0.84316754
columpnas,0.8702909
colossus,0.8700557
nigellus,0.9350972
limpidus,0.92450047
phaeton,0.86990094
adono,0.8402852
ioab,0.8268243
arbax,0.9360435
pseudo,0.74407506
xersis,0.91143787
molestior,0.901825
polydorus,0.77258027
cecropss,0.81823707
pisistro,0.93161774
dion,0.73862755
habilior,0.76286215
ammonis,0.7712672
pseudophilippus,0.9843954
ostia,0.9217467
repurgo,0.8938564
furfur,0.94768703
samnitum,0.93773514
apuleius,0.938436
agro,0.8172311
lutas,0.9695728
sylla,0.96361405
sallustio,0.8144394
curiatius,0.8512805
calpurnium,0.9522746
tripudium,0.870491
telesinus,0.9207688
cossus,0.727841
uiridomarus,0.9108893
aemilianus,0.9485961
tridentinus,0.86312366
isauricus,0.9503404
uirginius,0.8828813
stolus,0.68568236
coriolanus,0.94663846
uulscum,0.9516723
quinctus,0.72275436
allobroga,0.8709607
fabricio,0.74210465
flaminium,0.7372065
lucretia,0.9520611
lucilis,0.74981105
laodicia,0.9433424
aemilianum,0.966428
bellus,0.8561401
exposceo,0.4686771
mago,0.6882236
hasdrubal,0.99445456
magnificentissimus,0.93870115
sabinor,0.9340273
pompes,0.86073196
crixus,0.9357846
minturnus,0.9227515
octavianus,0.9800459
syriacus,0.947726
mamertinus,0.9400819
fertilissimus,0.78196675
duillus,0.92969894
incoo,0.6295163
uiriatus,0.8210422
cimbr,0.8750459
dalmata,0.9639809
milesium,0.78841585
uariatio,0.93494534
utier,0.8609424
decas,0.5409772
uestirier,0.91020876
aenum,0.9038625
uiridus,0.7797359
zoilis,0.78807175
peregrus,0.83849025
telemachus,0.8921765
eloquentus,0.92865586
defendier,0.8900081
claudio,0.89799184
balneus,0.856289
nonius,0.76275694
urba,0.8984761
insidens,0.79217714
vrba,0.81275344
magalis,0.88205576
herodus,0.96284974
iniungens,0.514645
insultus,0.7110307
speculare,0.8833956
popiliis,0.7455485
adora,0.68837994
murra,0.8708457
adtentior,0.8851806
exsculpo,0.8652102
intexor,0.8090657
contentum,0.797843
constantina,0.83808446
aethiops,0.9486297
complo,0.62229276
aonia,0.86634386
bellantus,0.8286169
consocius,0.60664696
putavi,0.93708634
aethiop,0.8399746
liqeo,0.8267865
latialis,0.80826825
scrupea,0.88863397
rythma,0.49916503
adaperio,0.91829383
coloco,0.6549589
normo,0.575733
consumtus,0.8407033
praesolidus,0.77212274
deauro,0.9363192
laetabundus,0.8196197
coiunx,0.81267875
cygnum,0.82635397
medelliferus,0.54707044
plecteo,0.8416704
dilucidus,0.84890556
stygao,0.77692324
persendo,0.8520427
fatiferus,0.7972189
helle,0.7552037
adgressio,0.81124175
miratio,0.86843705
anteferendus,0.8450168
ueterasco,0.77572215
loquo,0.97589946
byblus,0.85471
charito,0.799369
saeuis,0.85927427
byblius,0.7087598
inlittero,0.8307608
suffulcio,0.9486659
clypeum,0.93046373
praemineo,0.94040716
placentinus,0.8468339
suaso,0.8187457
macio,0.5274077
prandio,0.9065821
sisyphus,0.90801513
aprina,0.81648874
orpheuo,0.7752186
tyranicus,0.62878996
vendio,0.8211165
mathia,0.83052367
inopinabilis,0.9490245
neronis,0.79853284
deripio,0.917318
aristo,0.9193529
detere,0.80476797
avuldo,0.81593907
bus,0.762161
narseus,0.975559
superstitiosum,0.7781396
accomodo,0.85889184
moliior,0.9501573
ualeria,0.96227974
exustio,0.874309
secretarius,0.8453305
uicennalia,0.91571087
agredior,0.77422535
laxior,0.96932757
ian,0.54619515
saltator,0.7859485
susum,0.77057576
sublaueo,0.92632014
scutarius,0.9386867
impediueo,0.89707655
constantium,0.9594555
candidianus,0.8148322
gynaeceum,0.81990135
obsorbeo,0.9362595
suauissimus,0.83089876
christia,0.6518793
causidicus,0.9358388
relegato,0.78706056
adsessor,0.9466355
adunao,0.8759038
invenio,0.90415657
provo,0.67722833
subterfugio,0.87139994
repetio,0.8886976
susco,0.65730417
censitor,0.8757095
nanco,0.9136163
heredito,0.9691041
impe,0.79894865
utensilium,0.94508284
pestiferus,0.9416219
aspere,0.9321816
intempestus,0.98646164
dementissimus,0.8074045
nomus,0.64952207
naro,0.48271465
degravo,0.60224056
albesco,0.92759705
nicomedius,0.8917935
subnigo,0.9067517
detruncor,0.6065242
bar,0.7092008
umt,0.683993
nicaeus,0.9586228
clibanarius,0.8633431
saevior,0.6348495
felicissimus,0.93546474
cius,0.79808486
eloquentissimus,0.7754849
heraclia,0.71786124
lacon,0.5943567
dicatio,0.77357227
detrago,0.9114801
quantocius,0.93934655
programmas,0.85898
evergo,0.9394863
sotericus,0.62851185
severianus,0.89208025
candidianum,0.8593995
ablabius,0.8754091
ilo,0.5426772
acc,0.6048879
curialis,0.92803663
opulus,0.6463693
comm,0.37285486
praeterfluo,0.8333721
tulle,0.776728
commaneo,0.94254434
atio,0.7010077
esto,0.5101314
col,0.6398542
uitum,0.5191835
augs,0.9047064
ibo,0.46852282
ciuito,0.79784346
onstantinopolus,0.918532
uieo,0.8572178
ator,0.664378
fl,0.39850268
alamans,0.6998901
tra,0.7850851
ntus,0.45818365
concesdo,0.74456567
const,0.97396624
descripo,0.8075348
sces,0.49258304
secreti,0.60695994
levamentum,0.79536474
homullus,0.8201883
frequente,0.5140844
subortus,0.58990526
dromon,0.8164471
suborior,0.81514686
anona,0.5197592
latrocinor,0.91059947
kalitulum,0.97879416
antemnas,0.9884933
fidenates,0.9916668
semibarbor,0.8951752
caelium,0.8389928
icueo,0.9456878
uiminalis,0.96846676
lxxxiii,0.8284999
suessus,0.8910414
pometia,0.8912815
pudicissimus,0.6727189
collatinus,0.9268178
insolentior,0.9554103
compugnans,0.70821893
arruns,0.8507715
puluillus,0.77971756
tusculum,0.93116724
inuria,0.7873124
larcius,0.8526808
eiulor,0.8235578
coriolus,0.9775594
uirginium,0.80360335
cxuii,0.82990766
uirgini,0.9883015
fidenus,0.8541864
uei,0.401842
praeneste,0.95058596
quadriennium,0.9624846
genucium,0.92912596
sollertior,0.8368039
anienes,0.9635521
protus,0.86944336
ualerium,0.9284608
reputatio,0.8244082
samnitas,0.9867318
picenus,0.9471482
papirium,0.9498509
ueturio,0.93748754
samnis,0.9657283
samnitus,0.9163248
brittium,0.8599762
suscebo,0.97490907
interieco,0.95984346
tarentus,0.9109431
petio,0.85377705
arimi,0.91329634
beneventus,0.8637309
samnium,0.9082902
sallentinus,0.97750133
afr,0.96561825
hierons,1.0000002
obpresdo,0.74768686
obprimeo,0.80634785
florus,0.8665337
atilius,0.9434253
improbatus,0.8138462
uulneratus,0.94906956
obtino,0.90664756
sardinienses,0.99782026
bulcus,0.599756
dccc,0.8720609
decreo,0.94806385
saguntinus,0.8726416
ti.,0.8046228
arimen,0.88243407
tuscius,0.9072596
aemiliter,0.87981987
scipionus,0.9979103
brittius,0.89632565
decebo,0.91502416
agrigentus,0.93705934
xxvi,0.7794975
magon,0.9948969
minusne,0.96785206
carthalo,0.98688346
dispertio,0.94721866
livio,0.74676436
picenum,0.834069
perfuga,0.93930614
nabido,0.99152607
glabrio,0.95393705
glabrius,0.7855999
eumenia,0.9968508
donaio,0.9935987
asiage,0.9981555
quintis,0.94716716
libyssa,0.9083767
nicomedensium,0.98584294
anicius,0.916193
gentius,0.8774386
ariopagita,0.9260702
excebo,0.9962311
censorinus,0.8146957
septingentesimus,0.9667011
internicio,0.9752188
pseudopersis,0.99628085
tremellium,0.99715126
celtiberia,0.95447385
mancinum,0.95653725
numantinae,0.97280985
numantina,0.97508323
cappadoxs,0.96390927
laonginus,0.80241567
domitius,0.8870619
arvernor,0.8967706
domitium,0.95633686
porcium,0.6927044
scordisco,0.9933737
adherbalis,0.9780828
micipsus,0.9851806
flagitiosissimus,0.9306272
correctum,0.9426622
symposium,0.78084505
silanus,0.9673368
tugurinus,0.9618296
ambronis,0.9648219
lutatis,0.99351937
sexcentesimus,0.98956376
pelignum,0.992051
uettius,0.9573723
hierius,0.9063107
herennius,0.9217925
cluenter,0.95848185
sexies,0.94520915
cxx,0.9145643
archelaum,0.9930947
norbanus,0.9781401
mutor,0.9534153
cccc,0.95657635
carinas,0.9986222
marianus,0.97617984
ariminum,0.97579587
funestis,0.99363756
civile,0.7906372
trango,0.8496268
xxiv,0.9269633
exarsero,0.9893874
hirtuleius,1.0000002
rhodopa,0.8368529
scribonius,0.9656742
danubes,0.90022755
conquestio,0.9158082
cosconus,0.9853958
cotta,0.9313381
cotscor,0.9495254
chalcedo,0.7623319
cyzicum,0.95749646
oenomao,0.99531114
aufidius,0.7861174
sinopen,0.9702178
fugatum,0.94031805
nisibin,0.91817236
hnisibi,1.0000001
uscudama,0.8674109
parthenopolim,0.59320474
appio,0.93390375
berenice,0.9984012
tigra,0.93457526
artacen,0.99616075
deiotaro,0.9944273
aristarchum,0.9515947
certator,0.92632663
spatiosior,0.99433744
aristobulus,0.8847458
arvernus,0.8563465
titurius,0.9509628
aurunculeius,0.9596167
surenus,0.891758
dubietas,0.89030546
petreius,0.97762096
subactura,0.99445117
pomponium,0.8011215
nilum,0.70595634
casca,0.92283857
perusius,0.9451325
inrumpens,0.95117486
surena,0.9656513
liberalissimus,0.9270326
cantabria,0.92316836
aquitania,0.91786546
socordia,0.9278257
pudenter,0.8509644
sceleratis,0.9419546
mogontiacus,0.9496051
tranquille,0.92380786
plautis,0.98581326
orchadis,0.8712587
tautus,0.57108957
plautius,0.79375875
blattinus,0.99538887
polemoniacus,0.9210996
polemon,0.99434835
cottia,0.94954526
cottio,0.9770096
nomentanus,0.96021867
antiquis,0.9562793
otho,0.87735844
aurelia,0.57405674
germanicianus,0.99759555
betriacus,0.9903944
sepulio,0.99573785
placidis,0.94727373
causidica,0.9004551
coercitor,0.9638133
moderatis,0.9969796
ciuilitas,0.9681375
cattus,0.8696413
sarmatia,0.94992137
transitoris,0.9034307
isium,0.9930979
uespillo,0.85600704
prosperrimus,0.9560321
domitianum,0.9144156
petronium,0.90604305
parthenio,0.9979553
danubis,0.9596586
taifalis,0.79008985
uictoael,0.9619891
sauromata,0.9761332
osdroenum,0.99877584
colchor,0.99919325
carduenus,0.9850441
marcomedus,0.9954735
madenus,0.620673
salutor,0.9930934
inmunitas,0.8308803
pluriumve,0.51628983
sexagenarium,0.96565276
boionius,0.98060703
aequissimus,0.9534121
lorium,0.85927933
solentinus,0.98632294
galeria,0.97124493
uenetia,0.90820444
altinus,0.855826
apoplexin,0.9840803
chaeronensis,0.9813589
altaris,0.8468358
marcomannic,1.0000002
carnuntum,0.97667706
quadus,0.93164015
uandal,0.94645154
xviii,0.9168538
septuagenarius,0.95257384
tripolitanus,0.87825227
pescennium,0.9943073
cyzicus,0.89514947
caracalla,0.95019025
osdroena,0.9574613
opilius,0.9239725
macrinus,0.98041034
diadumenus,0.9987948
inpudice,0.99526846
obscenissimus,0.94796324
ulpianus,0.89919734
balbinus,0.93203187
gordianus,0.76730144
proconsulatus,0.94355625
gordianum,0.9585953
tranquillina,0.9999999
euphrano,0.7810533
civilis,0.9002054
hostilianus,1.0000002
interamnus,0.87485796
gallienus,0.9627911
mursa,0.99328583
quas,0.79045117
mogontiacum,0.9569422
strenuissimus,0.9519067
burdigalus,0.9458038
desereo,0.9414852
ripendo,0.9948902
strenue,0.94245255
catalaunus,0.9900408
zenobia,0.894542
odenatho,0.98250204
monetarius,0.9259243
moesium,0.5032756
heracleo,0.8877454
strata,0.8548054
florianus,0.9066042
sirmium,0.8018197
numerianus,0.99595404
coche,0.8545527
lecticula,0.9669267
inpulsus,0.5558114
anullinus,0.7354524
margus,0.9600341
uiminacius,0.989613
bacauda,0.90984046
aelianus,0.9287361
carause,0.98745584
armoricus,0.9284477
quinquegentianus,0.9864778
carausio,0.96736395
asclepiodotus,0.9780478
constantius,0.9557105
lingonae,0.9615367
quinquegentiani,0.9047088
insecundus,0.9968582
hormisda,0.5657529
basterna,0.9325883
ingrauesco,0.9803359
viridus,0.645044
narses,0.8555251
ostiatim,0.9121107
exoptatus,0.99752045
resumor,0.99664533
caesus,0.9504061
alamanna,0.9378664
molitus,0.8880197
cibala,0.9789825
dardania,0.91067994
moesius,0.86014724
aliquantum,0.89431304
docilitas,0.93186224
inprosperus,0.9446025
prauior,0.8564085
magnentius,0.9801992
magnentio,0.9660443
uetranio,0.9661373
vetranio,0.99401
nepotianus,0.97749394
magnentianus,0.96137935
argentoro,0.95652145
deditus,0.9805937
repressor,0.9924591
iovianus,0.82348657
cruditas,0.8660116
martesis,0.9999998
iovianum,0.824996
centesimus,0.9353328
oceana,0.9435276
conterminus,0.9071209
favo,0.72638327
esperium,0.54611874
belligerator,0.91687804
arimaspa,0.8823802
borealis,0.8918562
pachyni,0.62433493
ausonis,0.5218749
cerastus,0.76205397
absolvito,0.97265446
spumesco,0.90161425
tenedus,0.8682055
sisennus,0.6814183
caramba,0.74166894
maeotidus,0.94425136
diffuse,0.8343114
tyria,0.86986905
curvo,0.9017612
prorepio,0.7829624
neapolus,0.93920606
surrigo,0.7988155
humanitus,0.7935009
inpendo,0.8886303
syenen,0.7943691
suspecto,0.92611814
notia,0.8210952
pallenido,0.88644063
tritonido,0.9272781
diviso,0.83623266
verso,0.7686528
basternus,0.6273627
halanus,0.9361488
moesus,0.8732282
lychnitus,0.6647754
britus,0.71708345
alex,0.8029271
crotons,0.8860284
aesarus,0.6558484
sybaer,0.8834888
hadria,0.88074625
hyllus,0.48265943
pisani,0.76699483
gymnesia,0.56562674
involveo,0.89369047
hadriaca,0.9140634
calauria,0.592024
suniadus,0.96022594
dionaeus,0.7990337
aradus,0.8678917
praeiaceo,0.7631531
abano,0.6476135
scyrus,0.86739075
peparethus,0.87442964
thasus,0.60335416
sporado,0.8050101
caunus,0.7374763
less,0.9162732
ganx,0.86410254
vicinus,0.6843181
vagus,0.92401445
ogyra,0.88695204
relinquor,0.5332223
tentus,0.9054053
thermodons,0.6121449
sindus,0.8995324
lapdo,0.6007328
euxinor,0.65743995
camarita,0.83105326
arienus,0.4343681
helex,0.84157705
cadusus,0.49418744
araxa,0.5498243
inexpers,0.8089714
phrurus,0.8726433
permixscor,0.5449344
balas,0.68063295
macronis,0.8817428
phylir,0.9027058
rheba,0.5906677
rhebo,0.4909266
syra,0.68976253
calchedon,0.7929399
plautia,0.7928433
amazonidus,0.54019463
cayster,0.93936664
pisidus,0.8635222
lacedaemonia,0.7900714
pyrao,0.65891826
pinarus,0.5664226
anchialis,0.5741888
indifferentia,0.8957875
berytus,0.84252536
bostrenus,0.62593997
tripolus,0.9315791
orontis,0.76888597
apamena,0.8918214
odorum,0.8465295
pinso,0.72807395
maca,0.5304952
assyrio,0.7430565
stagnis,0.5246623
matienus,0.9174617
nitescio,0.9183837
hyrcano,0.8399765
nequicquam,0.84481174
sollicitandus,0.8744794
complendus,0.8659902
oritas,0.93476856
aribo,0.86833847
prelum,0.87499917
sapphir,0.860914
colidus,0.65225065
ualvae,0.9273461
nursia,0.8722781
sospita,0.72682726
inserio,0.87118965
histrius,0.8898454
extabesco,0.9140518
anagnius,0.8129604
terracina,0.55755746
cassinus,0.73434347
formia,0.70952
pisaurus,0.76183784
aesum,0.71156037
theophrass,0.8428092
inviolo,0.79621637
amiternus,0.8584721
lunensis,0.83923626
praenestis,0.5476139
equuleus,0.79183316
eon,0.6045267
ardea,0.83856153
nepus,0.61036664
ferentinus,0.6109661
eiecno,0.61331606
fregella,0.8331335
biceps,0.9325787
catinum,0.9163115
allobroges,0.8967988
iugurthinus,0.8679427
intumesceo,0.87992984
nuceria,0.7460396
stips,0.91498685
teutonus,0.8206914
scaturiens,0.93588245
expiatio,0.85219884
piratus,0.9359369
ancilis,0.8323762
supersedo,0.85129
pandectes,0.76661634
ingedior,0.7926008
eus,0.76176155
antistus,0.6345103
quadrimanus,0.80265373
demereo,0.8697289
lucanae,0.76924783
spoletinus,0.8912632
metellum,0.5687081
silus,0.94014394
bovianus,0.879681
syllanus,0.76395684
intentius,0.8086842
pabulator,0.7109793
interruptus,0.62056756
praelabo,0.6247324
tubici,0.9071179
disieco,0.85070074
spoletus,0.887347
confabulor,0.8934392
everdo,0.84296995
gallaecus,0.9514542
pervago,0.7763527
eufras,0.8296548
coorior,0.8097279
dissipatum,0.5982181
fracno,0.81756186
fulsero,0.9367578
phaleratus,0.81482714
voco,0.83961093
livia,0.7773424
consistorianus,0.92099005
discetto,0.87316847
decanus,0.9374219
refrago,0.7956703
adordo,0.832533
revigo,0.96055484
praeuaricatrix,0.84164107
suggesior,0.91282415
scisdo,0.9267125
commotio,0.9454876
cocina,0.8504702
pistillum,0.8108805
dcccc,0.7863864
xc,0.8925805
celsinus,0.8153247
theodosus,0.77076054
condeceo,0.8216465
conmuto,0.751357
proferendo,0.789947
nulli,0.5597897
lexis,0.8523754
conglutino,0.9689183
denominatio,0.8896615
inceptio,0.92267424
pelignus,0.6573612
commiseror,0.6337781
liquens,0.85465497
inconsequens,0.84023744
collus,0.7916737
danaio,0.9048976
metaphora,0.8452289
parenthesus,0.8013998
conpono,0.7486443
tanus,0.5538699
ironia,0.8019989
urbanitas,0.96809125
icon,0.60010463
eclipsis,0.9313428
comprehendens,0.88943434
secutor,0.8255249
transformatio,0.8888724
diaeresis,0.7954696
appositio,0.89934397
ablatio,0.8174424
extensio,0.9192832
mercennarium,0.9143046
coëmendus,0.86119187
prosperior,0.84728855
depango,0.67934215
evaleo,0.8133826
cremonus,0.7414955
xuii,0.9346844
ecloga,0.9386958
alexim,0.54995424
hierium,0.7097325
pertinacissimus,0.8928019
neapolis,0.82000124
daphnido,0.9430509
melidior,0.9192969
distichon,0.8461859
sinceriter,0.85999054
aeneidus,0.92611235
properte,0.87129736
eros,0.8980808
recitandus,0.7522003
ferventus,0.7110029
octobr,0.9712159
lucretio,0.8938197
neapolim,0.870363
pernego,0.7940974
subripo,0.9088421
maleuolus,0.8839549
eruditior,0.8665432
opilio,0.8463995
honoratissimus,0.77039814
excellentus,0.92891955
silvanus,0.85908425
mesus,0.49081475
ader,0.4121318
cremonensis,0.8626566
conscripso,0.8752868
consideravo,0.8899913
circumspectus,0.8768494
daphno,0.8416878
corydon,0.8571533
reservo,0.8454796
fago,0.7474854
patrifamilias,0.86721504
unanimitas,0.9007005
garrulitas,0.89479905
uisco,0.57836664
eno,0.49827743
breve,0.7852347
uentosa,0.7297905
johannis,0.66694343
elisabeth,0.972062
effeo,0.6346114
autor,0.804742
malesuadus,0.6791494
exorabilis,0.88206804
gravido,0.78420126
gerontum,0.64087796
judaea,0.8391397
procurror,0.7986164
tiberianus,0.8577152
seclum,0.94498914
jordanum,0.9092014
theologicus,0.86660993
pavidus,0.872132
solide,0.7550391
subamarus,0.7309702
nubilo,0.6276142
abstergeo,0.9546521
reboco,0.8002088
promte,0.69724643
sumso,0.45936856
praetura,0.90724754
barcinum,0.8728573
boius,0.843011
comitabilis,0.6654825
praeverto,0.72981036
jugalis,0.76160717
experio,0.8157003
infirmis,0.8155502
fulica,0.59165835
locao,0.6316246
coeles,0.5193138
aequiparo,0.8647002
salutiferum,0.8259426
aperto,0.6927002
violentus,0.8479698
appula,0.9238157
massicus,0.7855989
sarnum,0.737378
capena,0.47018772
montosa,0.82479644
appulus,0.6522823
odus,0.66368854
redono,0.5175329
hoedus,0.48420304
hermia,0.8749403
adjuro,0.5398684
requiis,0.9130134
commotus,0.82954013
jugum,0.91551805
herodum,0.67591137
jamdudus,0.5212683
immarcescibilis,0.88117623
funda,0.8086434
littoreus,0.74504495
strictus,0.84781826
jejunus,0.7527598
uerane,0.75454134
salutifes,0.5876725
contemtor,0.8122917
calcaro,0.65563715
foenus,0.73185337
niceo,0.7821263
hydruntum,0.8636566
raphael,0.92963445
tobia,0.9565098
nicetus,0.570441
maces,0.82461935
redemo,0.85698354
crocodillus,0.87514555
elegantus,0.8313423
uiventus,0.86834466
adlegatio,0.859933
manufactus,0.96159846
sumtus,0.6144702
moestus,0.9459225
proprus,0.7947773
promio,0.80392843
superundo,0.5146465
uivificus,0.717507
praesumor,0.53970146
compotus,0.51888025
lacrymi,0.7809634
contremesco,0.9510625
adrianus,0.88278854
lacerna,0.8686477
tintinnabulum,0.9080306
crebesco,0.84400225
speravo,0.5217791
pessulum,0.81044734
jungo,0.815072
andrea,0.96171844
matthaes,0.8278894
serapio,0.8441448
abscissum,0.66336715
quei,0.8675635
resoluio,0.8668741
bel,0.7477356
diuinum,0.80545646
rheda,0.5324025
tutamentum,0.7409003
igniculus,0.91980463
vigilis,0.9286392
catenula,0.6212848
nucerinus,0.85590434
cundus,0.4397063
sabinum,0.89327854
restrico,0.80528057
chi,0.5347354
hellade,0.83242935
intermedius,0.8255015
nacio,0.83706594
lacrymabilis,0.77602583
punior,0.6019608
pertendio,0.8703773
iniectus,0.5724164
potenter,0.7890941
praemissus,0.7373305
heris,0.9342374
incuro,0.6806972
scalpellum,0.7951864
moerens,0.57093155
uasus,0.8565299
quosve,0.9183932
depressus,0.8742876
aggriteor,0.7909421
compendiosus,0.9486532
permultus,0.80152434
iael,0.8980911
trigesimum,0.79650664
malaleel,0.9568068
subscripo,0.9027975
chus,0.8385167
charra,0.7731973
uacua,0.7989733
adquiescens,0.95836544
moab,0.9354522
geminatio,0.925385
iunxo,0.84895045
nachor,0.9155311
cethura,0.9228015
itis,0.88211226
coronarius,0.8701008
rube,0.9527166
isachar,0.9492518
zabulons,0.9387586
dinus,0.9227204
gad,0.95926106
rumx,0.61735106
direpo,0.85308313
betel,0.94141793
sperma,0.90956235
zaro,0.93651
lueo,0.6065659
absolvo,0.8663119
annonaria,0.88890874
exploror,0.86858237
cxluui,0.79680526
praediuis,0.94583666
sciniphes,0.54827523
anniculus,0.87540793
impatio,0.84667164
amalecita,0.94779146
crassa,0.85676396
pulsavo,0.80958813
obio,0.61070037
extorseo,0.8309482
consuluo,0.8779753
subripeo,0.8718017
orphanus,0.85691214
trucidatio,0.7632089
abiud,0.9169251
accersitus,0.90896297
exodo,0.5908032
dc,0.48275545
fara,0.85520077
amorraeor,0.9470104
iearichum,0.9154683
delectabiliter,0.9183084
geth,0.903255
supplo,0.8236758
evico,0.88290215
peruicacia,0.78485966
aod,0.775038
madianeo,0.9003548
divulgo,0.88567185
thola,0.9359259
iair,0.8647424
israelitus,0.9096904
ammonitus,0.89916945
urguio,0.8334275
dormieo,0.8909564
heli,0.95257556
xviiim,0.9006352
nequisco,0.81222713
detorquo,0.8934749
lama,0.5441525
goliath,0.85234034
praetergredior,0.93759847
reiectus,0.84787273
abimelech,0.95858884
doec,0.9601731
diploidis,0.8976887
samuelus,0.92051375
annotatio,0.90828615
amiceus,0.74457276
annon,0.78394306
nathan,0.97613084
miheus,0.80010873
aggressus,0.9033283
parthenus,0.45191193
roboam,0.98031545
achia,0.8857312
bethel,0.907634
speraveo,0.8768251
nabath,0.9516007
zamber,0.82281923
iosaphat,0.96893656
achab,0.9769962
elium,0.68492424
bahalm,0.8921715
michea,0.8305385
ochozia,0.9228353
ior,0.9016624
praemunio,0.8527217
gotholis,0.88804674
praerepo,0.8475766
ioachas,0.9421129
civila,0.7905689
ozia,0.9477285
uiiii,0.8342924
zacharius,0.8115397
azaria,0.9603772
ninivita,0.81729186
assur,0.96575856
salmanassars,0.94634193
rebellio,0.9372226
achaz,0.925015
cohortatus,0.5802618
adprobans,0.6609696
abductio,0.84417355
assulto,0.82474136
ioachim,0.91853875
nimirus,0.78079164
sedechia,0.9251539
nabuzardas,0.96344614
annania,0.79650676
misael,0.88050735
spectao,0.6530144
innocenter,0.96362364
testum,0.7378471
confusus,0.60110337
azarius,0.8862392
ezechielus,0.93461746
deviho,0.80086464
praetereundus,0.8900686
uocitatu,0.9088542
balhthasar,0.9130956
balthasarm,0.9225804
pensitatio,0.8136748
artaxerso,0.9762038
neemia,0.905105
absumpo,0.8801042
cclx,0.8051457
consultis,0.7854433
eiulatus,0.88173217
delinitus,0.83371603
penetravo,0.8413329
moabitis,0.9569589
opperio,0.72615445
egredio,0.90942514
parto,0.90742797
onia,0.89616984
nequivo,0.8354695
foes,0.87427104
theus,0.79117703
mnesitheus,0.8199314
elefantus,0.9736386
alcimus,0.92247355
adversum,0.6280658
abstemium,0.7933576
alexandra,0.8588126
mitridaticus,0.9320121
aristobulum,0.79273915
hyrcanum,0.89886045
pontificatus,0.83332783
tetrarches,0.94790846
consaluto,0.81419647
pathmus,0.8879107
adrianum,0.9201573
pavimentum,0.9525829
exstinco,0.8535693
arrium,0.6427246
arriano,0.91244555
nicaenus,0.9346456
sirmiensis,0.8177928
treveror,0.95379937
quidlibet,0.88191485
singidunus,0.85733396
caesareum,0.943315
laodicius,0.93551254
arelas,0.92298305
mediolanensis,0.8798827
assentior,0.8990039
arbitio,0.8385279
lollianum,0.9844064
arelatensis,0.9325908
factiosus,0.9310853
nicaenas,0.6113132
aquitanus,0.9544663
evectio,0.896125
instructissio,0.82525384
eudoxius,0.872493
leontis,0.76096344
theodulus,0.8604199
lato,0.92711884
conscripo,0.92900634
tungrus,0.8554604
reuersio,0.93538845
ariminensis,0.6368923
ariminus,0.8584893
pacto,0.6420809
multipliciter,0.8863443
imparilitas,0.52477413
coaluo,0.6049037
salvianus,0.7795495
cordubendo,0.51359797
caesaraugustus,0.8944411
zoa,0.43602526
ithacium,0.86195755
ydacium,0.7702749
damasus,0.847888
alueolus,0.8189316
burdigalum,0.8406661
delfinus,0.81788695
macedonium,0.884385
gregorium,0.75059956
burdigalensis,0.92374426
competentia,0.8027751
santus,0.84423
girus,0.9735693
editus,0.6941813
coclea,0.8961084
eulogia,0.9657016
colliculum,0.8707021
corrigia,0.8929177
israhel,0.9280398
giro,0.90435946
singulatim,0.9381064
redeundus,0.9075297
splendidior,0.57285845
magdalus,0.8227939
praepositum,0.82754683
belsephon,0.8976031
pedetemptim,0.93336385
collapdo,0.80420566
thebeus,0.8689565
astute,0.89884293
ramesses,0.71367496
thebaida,0.80988634
pomare,0.84432006
ierusolimus,0.48575354
chanaan,0.9538193
iericus,0.8656565
canticus,0.730371
egredo,0.9677243
epilogus,0.8865371
amorreor,0.92844796
commonitus,0.8038789
idumeus,0.8775361
monticulus,0.8923443
tumba,0.8716827
pomarius,0.89501446
antiphona,0.9336159
getha,0.77305865
sculbo,0.8011777
coperculum,0.51317495
revertendo,0.9113456
coelens,0.829432
hierapolis,0.8582593
quintusdecimus,0.9378224
triduana,0.8761351
perintro,0.7798569
spurcissimus,0.9226142
comprobatus,0.9034553
triduanum,0.8668915
helpidium,0.8440417
casuve,0.56549585
oporteatne,0.5187293
hur,0.7200032
debeatne,0.7492079
thaarso,0.644509
tharsum,0.9181596
perexio,0.8594284
diaconitto,0.8368752
nunquid,0.8605714
apotacteo,0.814397
atus,0.62831026
interlocutio,0.6591865
cantum,0.78923696
maturius,0.59160984
ymnus,0.87660366
cereum,0.8100928
iudicialis,0.917296
ymnae,0.79128623
syon,0.90732944
ospitium,0.7214022
superfiuus,0.66957504
ponderatio,0.8530129
cicindela,0.8920034
extimo,0.8835674
musiuum,0.8054318
oliuetum,0.98336005
hornatus,0.8375745
quadragesima,0.88400203
processio,0.86030114
uenerum,0.888615
septimanis,0.78181076
martirus,0.71694005
responsorius,0.88776517
prandido,0.5378215
biduanus,0.76350725
permoo,0.5967673
levo,0.8205077
gnauus,0.5298722
matheus,0.77683294
faco,0.67788064
cathecuminum,0.89411575
quecum,0.8262534
ladior,0.9047028
gessemanus,0.8602929
epoto,0.9002681
iuuenior,0.84817445
condecor,0.65195096
celum,0.89803624
candelis,0.58029234
martiris,0.884093
symbolon,0.75459874
probauerit,0.84448004
simbolum,0.7998044
simbolus,0.8610969
cnim,0.6288769
absid,0.93062025
misterius,0.4669995
extimeo,0.8975286
mistus,0.581754
grecus,0.85688376
grece,0.5597956
quecus,0.8946077
tertus,0.47437364
encenium,0.844342
egypueo,0.89456
exquilinus,0.88214016
sobrium,0.75135815
ruffus,0.7203626
adiuo,0.81612325
mamercus,0.8617298
tertullus,0.97212243
omissus,0.6510195
mallium,0.8956605
hippocratus,0.73204476
erravo,0.5234812
rocus,0.7096511
aeternio,0.9216682
quintilius,0.77788633
curtio,0.8856083
taus,0.60403097
fideno,0.70168436
sillum,0.67002404
muso,0.80589175
philo,0.81438017
moenium,0.59549534
senatusconsulo,0.7510736
finite,0.45991814
braccus,0.6704998
domitio,0.90414274
papo,0.93397945
laevino,0.6199516
senatusconsultus,0.8569062
imbuio,0.86771
blasio,0.82586294
atinius,0.8712947
calatinus,0.8978225
cento,0.8168835
falco,0.9556133
alc,0.92815924
matho,0.74240637
urbicus,0.9159246
crispinus,0.9610898
ibid,0.95753443
quisco,0.8877204
petilius,0.9236571
simulatque,0.94759613
numicius,0.57948273
incognio,0.6189962
congredio,0.9377839
temperantia,0.9399421
cicerus,0.6439515
jan,0.9843122
au,0.4480561
proueo,0.5707287
aspersio,0.8962626
naviter,0.89828205
inpigre,0.9439876
uictitao,0.6282152
dialogum,0.8112189
oeconomicus,0.6753023
aera,0.7868409
ms,0.86178964
oct.,0.934226
methodus,0.7888144
lamia,0.8623785
silium,0.40275162
fil,0.91264653
fusio,0.79466057
joan,0.9306241
galienus,0.7880115
caius,0.7746856
orfo,0.4800792
aviola,0.9618317
apronianus,0.93262863
dom,0.4656088
trajanus,0.7453918
priscianus,0.79213977
senecio,0.7593715
orfeo,0.90423775
apronianum,0.88986915
ambibulus,0.92711776
titianus,0.90870094
gallicanum,0.97362554
catullinus,0.93284893
pontianus,0.9469942
als,0.41506118
uerianus,0.95887107
sabinianus,0.9209587
baro,0.6603726
polycarpus,0.8229703
erennianus,0.92761767
byrrum,0.6800551
septimianus,0.6915756
mucianum,0.94769925
cilo,0.9715477
gentianum,0.9756683
senatusconsultum,0.8946229
clementinus,0.84920144
cornelianus,0.96593225
arrianum,0.8804274
assis,0.8173232
romania,0.93441224
lucillum,0.8923922
marinianum,0.91540986
tiberianum,0.9115271
kalinctio,0.9408145
asclepiodoueo,0.95126396
cohorto,0.79137576
obsessis,0.79432124
carnuntus,0.90025246
novpensis,1.0000001
maxentio,0.8653231
junior,0.9661642
probianus,0.9015883
chalcedonensis,0.7613355
octob,0.997044
novemb,0.95911264
symmacus,0.9761041
pacatianum,0.9705107
dalmatio,0.93228453
sio,0.51430684
januar,1.0
felicianus,0.9556505
polemius,0.93790466
acyndinus,0.9752189
junus,0.9383321
probinus,0.9762534
terraemotus,0.97082675
amantio,0.9454224
limenium,0.9653607
febr,0.9999256
portorium,0.85855806
sergium,0.8499054
pansus,0.84060663
expansus,0.8951758
junt,1.0
lucas,0.8724516
datianum,0.9531416
hypatio,0.9659027
constantinopulus,0.8047749
florentium,0.9090425
crotoniensae,0.91818273
phoenicius,0.8562738
aposto,0.9660337
uarronianum,0.876453
milliarium,0.88255066
nob,0.97340906
alamannicus,0.92365277
jovinus,0.9701636
ambianus,0.95180714
nicaenum,0.7177377
percrebesco,0.78617626
arintheus,0.8315206
equitius,0.86650276
pato,0.83085
gratianum,0.8580225
merobauda,0.96142524
hadrianopolus,0.8622231
dioecesis,0.8838073
subjectum,0.73973864
syagrium,0.9080583
eucherium,0.91920686
athanaricus,0.9577905
ricomer,0.9318862
clearcus,0.95251536
arcadium,0.94668627
bautonus,0.870689
honorium,0.9849292
cynegius,0.9456675
timasius,0.9803283
neoterium,0.8012532
tatianus,0.97627485
uienna,0.9555452
eugenius,0.93307877
eugenium,0.8587
abundantio,0.96022075
caesarium,0.9016378
eutychianus,0.97512996
gaudentio,0.8789729
fravitus,0.96635234
rumoridus,0.9698039
aristaeneo,0.93675745
hemo,0.52406394
heraclianus,0.94737947
melitus,0.6906483
lucianus,0.88877094
bracarendo,0.91684335
monaxius,0.9150726
eustathius,0.9084706
marinianus,0.92905706
castinus,0.9403997
theod,0.9999999
ualentin,0.9344003
ardabura,0.9698849
aspo,0.93636584
anatolium,0.90177274
dioscorus,0.9256083
paterius,0.93710786
callepium,0.9002783
ardabur,0.9291116
postumianum,0.9698446
asturius,0.85607696
avienus,0.972595
marcianus,0.9092373
uaranis,0.9081566
majorianus,0.9671017
uivacissimus,0.7961527
apollonium,0.9022429
uivianus,0.97124285
wandalus,0.93767077
cdxc,0.8375294
theodosis,0.8900723
xxxvi,0.79855835
siricius,0.9442096
arbogass,0.8649508
ualentianus,0.91088593
conseo,0.94250554
regnantus,0.81805944
xxxvii,0.8885835
toleo,0.44198796
eudoxia,0.9106326
eulogium,0.86131877
wandalis,0.98515105
placidium,0.9598878
baeticus,0.98578805
narbona,0.9757615
placidius,0.92550147
barcinonus,0.62521183
lusitanius,0.9603572
theophilum,0.8587017
placidia,0.9508287
wallia,0.86916256
dissolvo,0.7298708
xxxix,0.8776406
zosimus,0.9068542
eulalus,0.82540715
gundericus,0.982299
theodoricus,0.9711276
uandalum,0.9203268
hermericus,0.9834366
biterrum,0.8197781
bonifaciter,0.8987684
bonifacus,0.8771518
cccus,0.5972911
balearica,0.9242747
spartarius,0.9058365
hispalis,0.9627963
enauigo,0.925538
depraedatio,0.96219164
lucensis,0.9540969
syagrius,0.880198
juvenalis,0.7470791
adiiciens,0.8028457
joannus,0.8831932
burgundio,0.9465989
andevotus,0.89806324
panormum,0.92488337
xliii,0.8880694
tarraconensis,0.97355044
conquaero,0.70902634
asturicendo,0.94473547
turibius,0.8902029
emeritensis,0.8233148
uitus,0.480528
depraedo,0.9257096
uasconia,0.90717757
theodoris,0.7814546
caesaraugustanus,0.95308554
pulcheria,0.94984585
hunno,0.97120064
catalaunicus,0.90701073
eufronius,0.8988383
hunnus,0.95487744
attilus,0.58046025
fredericus,0.87785155
theudorix,0.6740299
justinianus,0.73647
distortus,0.507499
arelao,0.93120545
effugo,0.9474815
plagatus,0.8488789
jerusalis,0.43313062
portucalis,0.6720828
arelo,0.9412634
bracarensum,0.9376722
maldrus,0.92605895
eulalia,0.84323704
asturicus,0.8684368
franta,0.9602642
maldra,0.95940566
erulus,0.9137709
lucendo,0.94636464
aliquans,0.9296526
frumarius,0.8851037
auregensis,0.974757
inobedio,0.90009415
aegidius,0.8645038
armoricanus,0.9357785
theudericio,0.9630081
remismundus,0.98814905
remismo,0.92552173
uandalos,0.9360219
aquilium,0.803508
marcellinum,0.9098069
cantabris,0.8689826
ajux,0.9199666
theudericus,0.962039
inopportunitas,0.82920164
euricus,0.9714254
interficiscor,0.8605331
lusidium,0.9715537
aspar,0.8851986
degrado,0.90966684
xlvs,0.88005584
simplicius,0.94451296
insigneo,0.84025097
ccclxv,0.90252006
siluia,0.8541
laurentia,0.8550407
transiliuo,0.85870874
rastrum,0.8455704
stator,0.8470069
interregnum,0.69460624
hostilium,0.8954252
curiatia,0.8913387
duumuir,0.8185891
sororium,0.7842521
captiua,0.85519654
tullis,0.8241552
quiritium,0.8418406
protogenus,0.7802905
regillum,0.9238293
sextodecimus,0.94626355
spuris,0.907503
seruilium,0.9197805
obsidendus,0.9135889
protogene,0.7502305
aducio,0.6152043
clusis,0.6425286
veius,0.9151115
nequiter,0.955526
luceria,0.8466373
apula,0.8389167
utros,0.9180298
gutus,0.61172175
tipho,0.49649155
aduersum,0.91075385
duellius,0.87610286
fabrefacio,0.9626821
duellium,0.8456161
aego,0.5371842
paullum,0.6751916
consultissimus,0.6473746
captiosus,0.8630886
oppium,0.7554273
canusis,0.80480504
syphacus,0.91942286
mulcto,0.7798504
affusum,0.73382396
hebetas,0.8617617
pleo,0.49936965
reliqueo,0.87881666
flagitiosum,0.78881943
fuluis,0.922452
liuus,0.5829827
anniversarius,0.6678849
ipsus,0.8599625
teutona,0.57306015
inuiolo,0.8100831
carbonarius,0.79348487
sucronendo,0.8585013
quaestorium,0.65308833
inconcinnus,0.69898486
nicomedis,0.93516946
septimi,0.8312716
prasento,0.7358744
octauianus,0.97033125
collicio,0.94906706
antonianus,0.8220629
mutinus,0.84592164
mausoleus,0.8009542
sabulo,0.8453797
trifolium,0.73968273
apertio,0.9587811
pastino,0.7549137
fontanus,0.88570756
ligatura,0.84002185
lutosus,0.94624543
laetamen,0.81145144
insitio,0.8011769
biennis,0.5840972
aliquatenus,0.859258
erectior,0.7734238
occuro,0.7362783
cerrus,0.51306516
farnus,0.72323686
filix,0.8888538
tiburtinus,0.8109722
columbinus,0.8371953
latericius,0.5799141
sesquipedalis,0.544662
cameras,0.8511009
asser,0.764496
pertica,0.9344424
tudo,0.5187035
ascia,0.8871653
uiscosus,0.7296638
rutrum,0.7629746
lavor,0.8611808
superfusio,0.83156234
lardum,0.93502975
agilitas,0.9298315
seuus,0.7722717
minutim,0.8065841
superadicio,0.7121788
tubus,0.6935282
names,0.7454742
obpono,0.5979481
excipiendus,0.8866659
granarium,0.8360612
amurca,0.8650933
natalicius,0.8958955
cippus,0.9035151
pittacium,0.8440075
palmus,0.9039948
olearis,0.73967767
nanus,0.89451313
clsuentio,0.944216
iuo,0.49802202
rancor,0.91464144
nitidior,0.917166
cors,0.7818516
turricula,0.7816269
spartea,0.7917285
eruum,0.7125183
mulsa,0.89956
parcitas,0.9586524
perticus,0.84904057
arbutum,0.7336414
inlaeso,0.65157235
sterilesco,0.8324892
conspergo,0.9243358
lupinum,0.8261945
incubatio,0.7048104
calendae,0.90463024
Martius,0.80272275
hara,0.81235105
repositio,0.86791915
congestio,0.85741866
diuiso,0.64875364
seuum,0.55309874
menstruo,0.8862791
quahecun,0.922384
sufficienter,0.8674958
quernus,0.87448025
disiunctum,0.8250317
caluaria,0.8929298
asina,0.9549664
durabilitas,0.88803434
coigo,0.6507176
pometum,0.7742645
calidior,0.8610264
amygdalus,0.9007824
glandiferus,0.6218627
amabiliter,0.75943565
coquina,0.86039764
plumbeum,0.8480359
miliaris,0.7499467
libamentum,0.8144468
dialectica,0.83232015
xxxx,0.8885215
stupa,0.80340064
cauter,0.6579349
scoria,0.94143486
cerotum,0.75644535
xxxxi,0.82619923
dolabra,0.8801152
sarculus,0.51127607
sextans,0.8250557
gelicidium,0.8675778
setinus,0.5544948
fodiio,0.77592325
argillosus,0.9039618
teneritudo,0.8980975
nasturtium,0.9011787
pilosus,0.939058
teda,0.7389382
spissior,0.7796663
pediculus,0.911563
centumuiralis,0.6160623
consopio,0.8278401
mordacitas,0.79397273
amaresco,0.8412012
condiendus,0.8599107
redicus,0.736557
uirulentus,0.6256228
contempno,0.949194
feracior,0.6827191
tortura,0.77277184
pluuiosus,0.5744975
sagaciter,0.9299456
damnificus,0.71269286
radicatus,0.8846486
conualeo,0.700076
curto,0.85381025
quadrageni,0.77183604
obprimo,0.7736369
radico,0.9338645
clementior,0.9048684
expandeo,0.86033106
fex,0.8030789
fenerator,0.9451884
ao,0.6632049
manubrium,0.884938
plantula,0.7185555
adiuuandus,0.47811732
discretus,0.85617137
infudeo,0.9058428
fossio,0.81572497
melio,0.6461396
unumques,0.9184388
ualentior,0.82162726
nota,0.6283218
tempere,0.4280111
cannetum,0.6107256
porrego,0.832277
grossus,0.873519
seminandus,0.8901391
cribellum,0.7186638
porrus,0.8809437
conuorto,0.87512875
scalprum,0.7381489
orbiculatus,0.8777789
imagino,0.5758289
tufe,0.79971576
auellanus,0.9151871
pinetum,0.7311719
lagena,0.83671427
methymnaeus,0.783369
excisio,0.75274473
amfor,0.79711986
libuo,0.90981853
quantumcumque,0.6186135
constrictio,0.8316556
effotto,0.5438081
bido,0.8344074
germinatio,0.89862645
taena,0.9003947
qualicus,0.87263954
deiectio,0.91485935
clauos,0.82362235
uirgula,0.9269353
exsistumo,0.80207866
tepens,0.863589
gracilus,0.7779472
uoluntarium,0.7086774
refulso,0.874952
paenuria,0.8744406
neapolitanus,0.8609853
graciter,0.5409488
cedro,0.9529344
decoctus,0.65619254
festivus,0.7852957
deposio,0.8609083
durabilis,0.8594404
inmensum,0.85740495
repero,0.8769255
inuersus,0.74410826
serotinus,0.9685624
bon,0.458133
porrecio,0.8502084
neruosus,0.6000434
utilus,0.8842305
hiberno,0.8302342
transuersus,0.86973333
mansueo,0.8616421
scutulatus,0.86329854
guttatus,0.7963133
replo,0.64283913
decen,0.533116
subduho,0.7768707
lignor,0.5067779
aegroueo,0.6955454
atriplix,0.77621603
significans,0.73844093
mellifico,0.9160924
recondio,0.9195114
resego,0.8134993
pinguioris,0.8970113
modium,0.77167386
confractus,0.90001243
stagneus,0.8202392
solidatus,0.889393
adiecto,0.53181905
ames,0.6023498
laesio,0.9336636
purgor,0.8288933
pugnatura,0.8704901
eductio,0.7167878
rectior,0.88480026
maio,0.7235209
prouinio,0.78041244
canicula,0.9128438
quartusdecimus,0.95916724
utillimus,0.9154411
canicularis,0.8566016
carix,0.6517924
un,0.5956917
tcio,0.6898751
proligo,0.7976096
subpetio,0.68950266
arietis,0.8378879
adpensus,0.88921356
accommodum,0.88910145
carectum,0.9276591
crabro,0.83578396
siluaticus,0.62935215
philemo,0.82127476
quinquagenarius,0.94246095
quadragenarius,0.8560004
improvido,0.7332156
qualix,0.91463554
uicius,0.7834629
faenero,0.88725924
acutulus,0.73920965
apodicticus,0.8374777
fossatus,0.7899314
pica,0.9345949
columbo,0.53941303
propagatio,0.8542595
adgestus,0.81056577
eunus,0.8373358
aunus,0.666266
benefice,0.52385235
inlotus,0.7606133
adleuo,0.61068517
tit,0.6056378
recepticius,0.74108475
uesicus,0.8613039
pollinus,0.7894935
hpoto,0.9124467
aloe,0.88608086
condeo,0.91123915
celticus,0.7663826
metreta,0.8883772
exoluo,0.69704264
conpenso,0.9203737
permixtus,0.8239273
adhaeresco,0.78747916
murium,0.8632382
calentum,0.80202484
subrupo,0.34675348
uesperasco,0.8127189
insolubilis,0.8772693
aegyptia,0.8208674
lotium,0.8953333
translao,0.89160836
unicuus,0.8661743
castanetum,0.8862382
luto,0.7395696
uerteo,0.68177104
emptus,0.85366523
congelasco,0.58302647
conspersio,0.7834729
humesco,0.5466331
anniculum,0.86939144
carpinus,0.7294518
canister,0.72411996
oleaginus,0.64827883
rancidus,0.64447343
cretum,0.74353033
tepuo,0.77735746
paululus,0.68212765
structio,0.8172263
redico,0.75966805
sorbo,0.71440905
minutia,0.8911549
acquisio,0.90408754
animans,0.773539
justum,0.66860247
uehementia,0.8699591
iacturus,0.8987182
abundantior,0.91973805
sportula,0.9391779
admirao,0.8477303
coenobium,0.88675785
anachoreticus,0.9212664
intinguo,0.92632514
desolatio,0.9170363
quaudo,0.766001
saluis,0.6840899
excommunico,0.93775237
jejuno,0.79964453
abba,0.86253726
poemen,0.9587996
quer,0.35610908
plicio,0.7914003
innueo,0.7828398
mattus,0.56125635
coniventia,0.63649
expergefacio,0.9606544
alleluis,0.92924
moderatrix,0.8973112
recuperavio,0.593348
mia,0.53114533
patrator,0.6097697
hebesco,0.84642166
nepa,0.70416313
horriferus,0.8025991
auso,0.58623564
deuictus,0.71112096
defetior,0.5787863
callisto,0.80214053
arctophylax,0.47101313
acutor,0.4843986
camenalis,0.6041292
alatus,0.8086522
caelifer,0.7647468
uergilias,0.7735146
astralis,0.7910621
cygneus,0.8753811
laomedontiada,0.9056976
ephebis,0.8906841
pauidum,0.8712283
gubernaclum,0.66167927
vltra,0.84474504
reparabilis,0.90883815
belle,0.64965165
scandeo,0.8250656
signiferus,0.9070871
indice,0.5057918
vo,0.5203426
perterrito,0.8275938
let,0.8341936
ieceo,0.8616466
uirgine,0.42823535
uiolentissimus,0.7870331
antidotus,0.807991
conuero,0.6478305
constrinxo,0.5944608
igniferum,0.8462973
theorema,0.707407
sanguinea,0.79943854
sturnus,0.8577231
ulula,0.8040902
graculus,0.63276535
coreo,0.77008367
proprio,0.5811168
uespertinum,0.80194825
circumuolito,0.8764727
intolerantia,0.8359245
pluuus,0.7749521
phar,0.94020665
adriacus,0.6530545
austerum,0.5253011
aec,0.55365855
inefficaciter,0.8628481
expetio,0.74974495
uidesneo,0.9808489
convexum,0.864345
laxe,0.86651427
stannum,0.935768
solertia,0.79953897
turbidum,0.67731
celta,0.84783864
subsilio,0.87443787
nauigabilis,0.8132728
tetendo,0.4454578
adfectandus,0.87014604
sideralis,0.7092284
fauonium,0.5212207
nuncupatum,0.69778067
herculaneus,0.81577444
octauianum,0.5770271
distino,0.6954038
putao,0.83143145
steto,0.7631723
inhospitalis,0.8496002
praefluo,0.46190345
hibeo,0.8318168
sarnus,0.80171824
sellus,0.8336408
uuo,0.56399995
uulscos,0.6304058
pyreneo,0.8093379
bergo,0.6495128
praefertilis,0.7277423
luctificus,0.88631064
largifluus,0.7542941
tinnulus,0.7654964
phormio,0.81044644
quadringentesimum,0.8919966
probrose,0.8414614
repedo,0.94483554
profeio,0.5337475
discussio,0.81688386
praeparuus,0.54721355
uno,0.517614
circumvallo,0.80208725
iterus,0.81003654
submidior,0.48776472
conprendo,0.80782163
profeo,0.88035816
tune,0.8972883
inmersum,0.8976299
zebedeus,0.84904814
abscondite,0.9404289
praecelsae,0.8430104
soluor,0.8395118
laqueo,0.8832104
adplaudo,0.8443045
multifluus,0.8462442
solomona,0.91183484
adolatio,0.7623131
inpubus,0.78764886
auita,0.5911827
itiner,0.89244217
altithronus,0.9414371
concesdeo,0.6056249
hilo,0.8521359
demulco,0.9036256
samaritus,0.768652
putealis,0.84476596
ueridicus,0.96650076
credentia,0.70013756
sophismas,0.87531364
conglomero,0.8853746
samarita,0.7791318
abitus,0.8685212
lucifluus,0.889893
pharisaea,0.47716027
aggressor,0.70041203
pertenuis,0.84010625
percepo,0.6163627
colludo,0.6311072
conmendo,0.9193388
conmotus,0.8637081
pur,0.63055086
praesentus,0.83096087
crebresco,0.8872466
prodiio,0.5936164
dimerdo,0.9170274
sidonis,0.94789135
uener,0.85280114
praefulgidus,0.85146606
proiectum,0.9706007
puteola,0.69512653
undiso,0.9252688
haeso,0.85992336
prebeo,0.8832197
efferus,0.9235574
conmoueo,0.76669633
silenter,0.8445362
equis,0.5591048
praemio,0.57808393
praelargo,0.8733037
sculptum,0.6734177
sociabilis,0.8403533
melissus,0.77172637
temnite,0.9019723
celebratio,0.89177716
peruolito,0.6568723
danihel,0.82098067
breuiaris,0.8514082
conluceo,0.6570546
melancholis,0.86975497
allum,0.61086667
colapho,0.7824416
tullianum,0.77575547
parisus,0.5496514
tesus,0.5795991
arimathia,0.9047421
mattheus,0.95341164
iordanum,0.80366254
methodos,0.7894205
empiricus,0.55898046
carnarius,0.51342744
opium,0.6172462
asa,0.8251718
uectum,0.7344117
insequendus,0.8318275
uelium,0.75783587
austrinus,0.87074554
andronicus,0.9615307
odyssea,0.84128475
adtracto,0.76621777
estis,0.8365341
inceptus,0.8323069
sequus,0.64185745
inspexo,0.87127256
secreio,0.88192755
deuolo,0.7449151
imprecatio,0.9153214
medendus,0.79349583
cite,0.87834656
adtollens,0.79402804
propatulus,0.9107115
diastol,0.86197495
secludo,0.77975297
lutesco,0.8681979
noctesco,0.7770366
fenuculum,0.79508185
lendo,0.72923815
papirus,0.6307965
pruritus,0.8410792
phrenesis,0.8725679
floccus,0.83350635
sapo,0.815699
chelidonius,0.92534363
obstruso,0.7698693
fello,0.88798416
mingo,0.93395215
adeps,0.9156692
mansus,0.57637125
proserpio,0.86839044
ouinus,0.9199021
similago,0.94724894
crinita,0.7897057
tosto,0.61611974
coclear,0.8916665
nicolaum,0.60779685
antigona,0.7878704
tullia,0.8481238
quoscun,0.842315
myricus,0.88364995
hydrops,0.9277416
scopulosus,0.90939015
iaccheus,0.794354
purgatorium,0.54097515
obscaenum,0.7251079
mamilla,0.9207877
quascun,0.91464466
commando,0.77068615
infrenus,0.8014846
obtingo,0.813645
telephus,0.75290054
efficiendus,0.8741228
brundusium,0.86307675
ouos,0.90409416
tremula,0.5309442
coralis,0.7596337
mosella,0.93515855
primaevos,0.9647236
ascitus,0.81497586
subtemen,0.81723094
placito,0.6434664
persedeo,0.8089808
panegyricus,0.8770257
rependeo,0.68493575
threnus,0.8497195
aphrodisia,0.829516
praetoria,0.5291677
iuve,0.91794366
koinon,0.60264134
grammatice,0.80458295
ammonium,0.7591905
anastasio,0.6843948
dyo,0.5768661
maura,0.838743
fino,0.56345457
praetexta,0.782086
mellita,0.8561727
sanxo,0.8082442
zaleucus,0.7975638
dynamum,0.90873027
cephalis,0.6421726
pasipha,0.9646603
helius,0.8650571
februum,0.8734842
cumulatius,0.8200481
mai,0.63078386
elus,0.6357828
amazona,0.8519841
aeus,0.33238292
trutinus,0.7716111
amussis,0.7217307
molum,0.90815985
convuldo,0.8184992
deunx,0.5229541
dexto,0.8047819
triens,0.8086504
quincunx,0.9151666
septunx,0.82091105
tetragonus,0.8627874
sindon,0.97149724
cremandus,0.52606803
crustus,0.7651248
adoptiua,0.5021877
pugillar,0.95233214
circumloquor,0.80263376
dubitanter,0.751554
tenellus,0.90482986
irrequietus,0.89581335
reverenter,0.8964
antidotum,0.91477406
salutifera,0.8800468
alienior,0.79350173
intercus,0.88330764
protesila,0.9264034
obarmo,0.48941183
myss,0.48522747
pantheus,0.8519371
chrestus,0.7662132
reminisco,0.61288226
adulte,0.90166724
nasona,0.8386165
beneuentus,0.87955225
achilla,0.8407234
eunis,0.52860594
petulo,0.7953341
decepo,0.84164786
papia,0.8846245
pellex,0.7772503
lubens,0.81435686
britto,0.75664353
ferra,0.7132592
elucto,0.8805425
santonicus,0.8765331
byzantia,0.64070606
allino,0.5339824
kat,0.89510584
blavia,0.600847
rixus,0.92884135
raeda,0.8877791
ascraeus,0.7976297
anicium,0.71211016
lemma,0.59285057
avne,0.82539815
strena,0.40853235
drama,0.44466838
concinnatio,0.432778
suessa,0.3946526
sao,0.64484125
auctio,0.82146156
calydonius,0.55227846
sepius,0.88386065
medulum,0.48471603
lacticolor,0.80899036
dimensio,0.90439695
annumeratus,0.78591406
implicitm,0.8868094
medullo,0.42735913
superabilis,0.6871112
torrentior,0.88318896
philon,0.91111296
phormius,0.8420515
quoqui,0.7701964
paupero,0.8370943
postfero,0.6123198
paulina,0.7004261
salutiger,0.9006906
tremulum,0.8305757
nemoralis,0.8920046
euryalus,0.89837766
incustodio,0.77525985
abaco,0.4414987
rhamnusia,0.8206382
santonus,0.85196453
aginnus,0.73991925
arela,0.79521316
menela,0.92606217
illacrimo,0.8568909
achivus,0.8780974
trieteridus,0.64224017
procula,0.647132
progenitis,0.86198103
charis,0.62537086
semidea,0.7430733
interdictus,0.8657572
quorumve,0.7426786
aequanimis,0.5425283
diogenis,0.73389834
drepanius,0.9354773
severis,0.77040684
pallio,0.7864275
tabulatus,0.853445
chilo,0.8267882
uiriliter,0.9435297
barbes,0.47130418
salmo,0.8756429
defraudo,0.9620892
gobius,0.7826401
congestus,0.836147
gauranus,0.79907227
proteruia,0.75593716
paganicus,0.8137758
attondeo,0.70743746
uaporifer,0.6320832
leucadus,0.44459808
iocans,0.72635996
naumachia,0.63313776
pelorus,0.58613014
simulamen,0.8492828
resonantia,0.9176049
enervano,0.7207713
speculatio,0.90114784
lesura,0.7643508
mura,0.78673816
axona,0.7954389
cathedralis,0.77002597
infestum,0.79030836
salutiferus,0.796211
pictus,0.5193186
ueronens,0.8628518
maron,0.7763653
edomiio,0.93966776
imitatrix,0.9037012
praepolleo,0.91757554
irritamentum,0.8404901
nubs,0.8957772
tri,0.57586247
car,0.39091456
auricomus,0.74509716
libani,0.9690603
ablatibi,0.8570345
eta,0.3455519
iota,0.6859366
zeta,0.6452234
seps,0.5606824
rumigerulus,0.5654998
alexandrinum,0.87745744
perpetrao,0.8798708
victito,0.6015781
relaio,0.79936194
citerior,0.9521343
paterfamilias,0.9144145
medullitus,0.94697046
incitatio,0.6907868
aduerso,0.64772266
contumaciaa,0.9015576
iconium,0.9359846
contermino,0.8915036
superor,0.8012109
circumspecto,0.83607703
cautela,0.9662353
uerticosus,0.5371505
impediens,0.6800622
adcurro,0.8007657
digriteor,0.83503956
nebridius,0.80296063
saracenis,0.98050547
optor,0.69957066
discursao,0.8154624
sagulum,0.700811
conductus,0.57793397
adfligens,0.91073674
districo,0.8608947
adepio,0.8429936
adsimulatus,0.7820215
subditicius,0.530165
uolucriter,0.75907826
colligor,0.5782565
spoletius,0.9135473
ima,0.58217466
uelarium,0.8321628
serium,0.61208624
primat,0.8132675
antiochensus,0.83501804
crumena,0.8409762
profecor,0.9432933
contermina,0.81856525
suffragatio,0.66344005
thalassio,0.8049589
recalcitro,0.95202327
superscando,0.55813366
baiolus,0.69887304
praecentor,0.4853091
epigonus,0.7303524
detortus,0.4933393
successorius,0.8369291
commagena,0.82979465
euphratensis,0.82497156
hierapolus,0.86651754
samoso,0.8630378
octavianum,0.95322025
ascalo,0.88885355
exuvia,0.7522195
nisibe,0.8732084
ursicinus,0.9597666
palamve,0.3881542
praedoceo,0.69649065
adminicula,0.8588909
zenonis,0.83767366
sputamen,0.88733256
pectoralis,0.7110039
textrinum,0.6316153
uicensimus,0.8900604
evitor,0.8481161
cabillona,0.8612293
agilo,0.77062017
arripo,0.90102017
excellenter,0.8284136
adcrescens,0.84315073
temperanter,0.78884864
effusus,0.77318585
exsequendus,0.9307203
noricum,0.9303769
apodemius,0.8868791
oppignero,0.83443296
histria,0.57117236
pola,0.61306787
pentadius,0.9269554
differeo,0.4934855
domitia,0.5219304
transcurra,0.7742073
inspero,0.8403659
apodemus,0.61763126
intemperanter,0.5719915
infinitas,0.8347534
gorgonius,0.7640558
detesto,0.8072938
perspicacitas,0.8712788
scientissimus,0.56448084
apparitio,0.869054
lubeo,0.5958386
auho,0.812616
inconposio,0.890715
superfudo,0.8221763
discursionus,0.750944
innexi,0.71964854
lampadium,0.4947283
aedesio,0.32816166
proscriptus,0.672934
cremonendo,0.910627
florenter,0.83549225
questio,0.79419726
indamnatus,0.55453223
lacesseo,0.57766503
exulcero,0.9077139
optempero,0.8923068
cornutum,0.8417415
bonitus,0.78134793
poemenius,0.83656794
leonte,0.5042878
nymphaeus,0.571444
uarium,0.7485156
leontium,0.92365587
aegrotum,0.91828066
detumesco,0.4367181
prospero,0.97036666
amanter,0.92249006
cautissime,0.71232504
adsignatus,0.7894106
lollianus,0.8799174
laumellus,0.536261
rudens,0.68790615
reliquo,0.89975435
celtus,0.74506855
adluuio,0.85632
fervidus,0.8840476
uiennensis,0.8892412
celsitudo,0.92198086
genua,0.85467017
celtae,0.85968673
lugdunensis,0.8753277
parisio,0.87117505
adventicius,0.6729363
uangio,0.6949986
trevir,0.6975136
bituriga,0.8409864
augustudunus,0.9433975
rotomagus,0.8786124
picto,0.79292667
lemannus,0.8301765
praeterlabor,0.8560679
advenus,0.9745251
statura,0.9719373
domiio,0.56486803
cosss,0.870113
strategium,0.86217093
confirmor,0.90837204
barbaer,0.89518476
retium,0.66525453
senonae,0.9250318
tapete,0.918121
simonidem,0.8401222
clitella,0.6285404
egressur,0.77082145
igio,0.93792707
amentum,0.6725359
menophilus,0.626979
poenaliter,0.5445794
latissimus,0.9570149
repentinum,0.8515142
pra,0.43267557
torium,0.64151037
cassianus,0.9482749
perspectus,0.49067968
obeliscus,0.92426234
gratanter,0.95655054
exsequeo,0.80914867
clivosus,0.85179466
conpagino,0.9133344
subverdo,0.8273735
interstitio,0.86288834
circumdao,0.60716605
adgrauatus,0.91697365
oppositum,0.86104447
trucidao,0.86042017
inpavidus,0.7699076
pensatio,0.66740835
obnigo,0.7630456
disiecio,0.7753568
opitulo,0.727784
adclamatio,0.8427034
adroganter,0.93353957
praestrico,0.8388039
acerrimum,0.5930767
menus,0.67325044
mensus,0.92415166
quinquage,0.7878869
ratiocinium,0.84654605
capitatio,0.955601
praefectianus,0.57395375
praesidalis,0.71657
praedator,0.7577203
concurso,0.66575235
initialis,0.8666816
adulator,0.9466741
erectio,0.84824383
effigiao,0.7654568
pensilis,0.824813
precatiuus,0.47659236
sospitas,0.93541694
nundinor,0.86987245
reapse,0.8895208
benevolentia,0.85800755
inpetus,0.9101373
siquus,0.92768395
obtestatio,0.8068639
neptunum,0.6013872
condictus,0.81507784
perplexitas,0.8580669
ignauissimus,0.69035625
obsecundo,0.8276789
umbratilis,0.8982215
fasciola,0.8437175
artemius,0.95056885
laeuigatus,0.83499527
caaesa,0.961782
quadi,0.60081244
subregulus,0.8832604
obsidor,0.85606074
praemino,0.89303297
iuravio,0.6666541
infimitas,0.82468534
sarmao,0.52198875
latibulum,0.97643644
raeticus,0.86284804
pragmaticus,0.7872931
quadruplex,0.82557935
continio,0.9162747
procopus,0.95960987
conmunio,0.7396394
brittannus,0.8573852
bonna,0.6555698
auxiliarium,0.89319813
florentio,0.78749806
magontiacum,0.93755746
sodalitas,0.8291079
rebellium,0.5658063
burgundius,0.74944186
agilus,0.5318581
praeposo,0.9439532
conludium,0.5931106
syngrapha,0.78243685
nummatus,0.71245825
uenundata,0.8232789
lentitudo,0.5017089
concertatio,0.9664496
ursicinum,0.74405557
quaesitus,0.5915645
amidus,0.8935044
iovinianus,0.9171804
cassianum,0.8636374
exarseo,0.9491798
remissior,0.9383482
circumio,0.8256155
ductao,0.6424768
retrogradior,0.8912786
meabilis,0.5974348
firmitudo,0.78603464
dextrorsus,0.8353997
busan,0.5186952
consternatio,0.7444095
obsesso,0.9421848
obequito,0.7436931
iaculans,0.81026787
commendabilis,0.9384219
confodior,0.8919264
tinum,0.55235445
luem,0.8635429
planarius,0.40144518
exurgeo,0.92631364
occultas,0.6182218
sagus,0.91557074
transcensus,0.7211264
serviturus,0.94702375
locano,0.8710533
impensior,0.7329774
superveneo,0.7494152
ilus,0.49980843
terribilior,0.6282224
hemon,0.90736246
vocitas,0.54021806
numerarius,0.6999939
alexandres,0.85275936
inrationabiliter,0.52839947
reflao,0.74193424
inicus,0.5107401
superbius,0.86157894
censualis,0.91000944
exquisitor,0.5371663
adtenuo,0.8968568
percuncto,0.9189216
involuo,0.7777989
adgrauo,0.9251856
innocentio,0.71272093
agrimensor,0.8127706
obvius,0.7942711
concaleo,0.8614319
scythopola,0.9320173
adipiscendus,0.81561196
inpetro,0.80425733
brittannius,0.77861595
batauus,0.7886934
semenstris,0.73978364
inhaisio,0.8850066
rotundo,0.6140051
meno,0.65957445
celebrus,0.93803596
alamannia,0.8094672
decentium,0.73677063
promico,0.7456814
adsenteo,0.5935077
permutao,0.5239001
superaso,0.41294852
recturus,0.4610613
demissus,0.6063898
componens,0.9217212
flavius,0.7719739
circumcurso,0.80493855
aptatus,0.7197155
oppugnator,0.8635881
excindo,0.7902814
repugnanter,0.8510932
obiecio,0.51229787
adsignans,0.77359056
conclamatus,0.77747154
clanculum,0.96182895
into,0.81649864
nebridium,0.81693494
uiminea,0.85075116
angustae,0.8540267
recter,0.6476031
firmiter,0.9360639
terma,0.68297386
diuersorium,0.9433371
expeditissimus,0.86921
adposio,0.77789325
exsugo,0.5051266
adoraio,0.8138111
digredo,0.83168936
fraudulentum,0.8377464
germanianus,0.8352043
iouius,0.5401201
iovinum,0.8163871
externum,0.8447981
sirmius,0.8290901
hvoco,0.5051756
confidentus,0.64225614
philippopolim,0.94337285
patefaco,0.73366284
invectiua,0.6112651
inconsummatus,0.5977393
suspeco,0.6649691
tonsilis,0.49678084
tapes,0.5582667
pugnaio,0.8667682
attenuo,0.92400384
pugnaculum,0.777466
adminiculus,0.90421534
symmachum,0.8576828
mamertinum,0.8875002
adprobatus,0.82741106
convoco,0.92595774
uibrata,0.5627298
andrus,0.7112427
hermis,0.6958199
inualeo,0.32899237
clarissimatus,0.73601234
stirpitus,0.6592342
capitaliter,0.83100486
perlator,0.73750263
inexpleta,0.8688619
perplexe,0.7755511
subniger,0.7016393
aruspicina,0.61262083
philippopolis,0.86189604
chalcedonum,0.92423844
delmatia,0.8773036
saaturninus,0.9152196
cyrinus,0.8956338
iubilo,0.93472475
dolenter,0.8877869
graculum,0.77182126
suffragator,0.7738395
adponens,0.73405653
bosporanus,0.5581576
circumluo,0.8369545
proconedo,0.5298871
devexitas,0.5283125
codro,0.51067525
uocitas,0.7578338
exempo,0.8005265
intervolo,0.42423856
iveo,0.6162251
sinope,0.805486
tius,0.596068
trapezuntum,0.4832636
armonium,0.62081677
relicueo,0.8764771
perpessa,0.88510466
linealis,0.76445144
theophanius,0.7892738
iazygo,0.46950266
theodosia,0.7592211
uisula,0.49233168
nervius,0.6743023
tyra,0.86711854
peucinus,0.8095806
anchialus,0.7981523
nee,0.68258095
speratus,0.79341686
iovis,0.8076979
pyla,0.5226873
plancio,0.5352114
thalassis,0.87037027
uincentius,0.93012995
epiphania,0.7901356
artemium,0.89511865
diuarico,0.74861366
devio,0.63938063
caes,0.5701114
praeparandus,0.9583472
incultior,0.6329315
concedendus,0.81103647
nicomedium,0.8669802
invectiuus,0.8954888
gallicinium,0.8491913
supplicis,0.7750818
hierapolitanus,0.6506221
deformiter,0.8274343
memphim,0.5934283
reuerbero,0.8560115
pigrescio,0.6034231
maligno,0.9287218
fodina,0.63868153
incolas,0.79976517
augustamnicus,0.87814605
inmurmuror,0.45920932
herodianus,0.827086
maledicus,0.9213038
aditio,0.9231528
conloquens,0.88394594
infitiandus,0.87553924
pentapoleus,0.7948182
alypium,0.5269603
cecilius,0.70986134
adegeo,0.6946036
continencia,0.8859952
expeditionalis,0.758515
didici,0.5504853
uisum,0.846251
dionis,0.6969139
almo,0.5648086
constantianum,0.58637875
lignea,0.68854403
iliceus,0.73889863
gibbus,0.8761315
explicatio,0.797472
discussus,0.64956737
rhodo,0.7985879
iusticia,0.9520567
canneus,0.7967143
haesero,0.7968343
contempnus,0.7599583
prosperioris,0.8550348
postremo,0.7419934
prohibitorium,0.7895675
nubecula,0.8290771
arcesseo,0.77217555
consiliarium,0.9258075
conspcio,0.62558115
constancia,0.8023393
ammodo,0.57044196
milicia,0.8396616
insidiatrix,0.8845348
subiturus,0.77171576
descriptor,0.702173
alexandren,0.4850943
superatus,0.6819874
maceo,0.72015744
teredona,0.6370586
sacus,0.8892423
excesseo,0.8579189
marsis,0.6900116
utcun,0.91907775
dareo,0.5092523
abundantus,0.8950834
improvisus,0.74888176
pliraeque,0.8493116
tocho,0.8494507
halanor,0.825683
assentatio,0.83048856
saga,0.9285631
arabium,0.56324786
abomino,0.89648724
adsidue,0.618646
concepo,0.808605
eviscero,0.65267444
inanesco,0.8384994
brittannicus,0.91887915
apparatio,0.7138932
ordinatim,0.552295
pusaeus,0.8272155
adfluens,0.78204226
occupavo,0.8345103
phylarchus,0.7844467
obtcio,0.64424706
desertoer,0.86880195
admoo,0.86046845
eminentior,0.96695995
dirempo,0.846864
protestor,0.9108634
revoluo,0.6177391
eneruus,0.8585155
nuncio,0.9477766
conseco,0.8656236
conno,0.5397428
adsueta,0.78718835
inpago,0.7576616
obstinatior,0.89149964
coctilis,0.8818458
progredio,0.8686172
transnato,0.88957983
narseum,0.5609975
inportunum,0.8382404
trahendus,0.67232966
tortio,0.78276944
finisse,0.7944294
constipatio,0.82628953
subsidiarius,0.75296444
vexillatio,0.91999257
argutum,0.5800596
columellum,0.635751
paupertina,0.6445776
denuncio,0.8436112
suffossis,0.81962204
connumero,0.8755454
uenereus,0.84379596
lucubro,0.7427803
exhorto,0.7684678
gubernatrix,0.71437395
mordacius,0.47806454
perdeo,0.59932303
patientior,0.8273483
salare,0.8524692
fundandus,0.65245515
impleveo,0.8222317
examinate,0.8635218
evoluo,0.8669231
iusdeo,0.94916284
conplio,0.8494619
praeveneo,0.6376418
corripueo,0.74046695
uitalianus,0.93220633
emerso,0.78812623
rum,0.7453721
colluuio,0.81061214
bissextus,0.6400155
adiunxo,0.48965073
stipao,0.6474422
confessus,0.82774323
perendinus,0.7437053
percunctor,0.9329743
morigeer,0.46015608
delmo,0.7809233
iouianus,0.8888573
furenter,0.80535406
indignissimus,0.9011343
propinquior,0.9547757
aequitus,0.55513495
perspicaciter,0.8643065
summatus,0.4802202
evecior,0.8477139
clanculus,0.55665684
rumusculus,0.7584943
plautianus,0.78853613
procopius,0.7706286
pellectus,0.8835762
pollicitum,0.87869763
anastasianus,0.6340513
coio,0.8147315
adtentum,0.7109643
mamaea,0.8769516
constantinopoleus,0.9280476
attentissimus,0.8413538
caesarius,0.8445114
pollico,0.8542588
ripensis,0.8174014
secundior,0.78228545
chalcedonus,0.7734134
circumvenio,0.6930816
discedendus,0.53957945
alisus,0.50090307
protervia,0.78862363
crebra,0.78351945
constantinianus,0.9280522
haemimontum,0.8811864
inclementior,0.7302902
supplitium,0.76552016
ferocius,0.77836776
secius,0.8747649
parisia,0.6847489
caute,0.8444231
latrocinalis,0.9016453
pistoriensis,0.8779006
orfio,0.8789809
nauicularius,0.8523172
calcarius,0.7382622
arcte,0.8667254
parietina,0.77517325
iocandus,0.82622635
suburo,0.54146093
tympanizo,0.8342483
cursualis,0.551184
philippopolum,0.6338745
marcianopolus,0.8133557
nicopolis,0.7877316
odyssus,0.810143
marcianopolis,0.9121965
tolerabilus,0.8571686
improperium,0.9335493
diminutio,0.92617255
avitianus,0.88210446
pannonium,0.8007396
efficacissimus,0.7843331
bononiae,0.8762989
dulcitium,0.5057603
audentior,0.5896968
indistanter,0.55851346
inveniendo,0.60154986
maenianus,0.89337647
inuerecundus,0.8695512
hierosolymum,0.8716957
extolleo,0.6475856
arctoas,0.8547789
treverus,0.6496632
pudo,0.74105215
pactor,0.895314
conciv,0.9222553
praedatio,0.86508673
studui,0.8302556
lazus,0.56232965
praesidialis,0.82278425
organarius,0.66871524
nundinatio,0.65427643
frontinus,0.87136173
ampelius,0.85404
pertinacus,0.79906756
uictorin,0.8848798
anteponendus,0.82905376
postesto,0.61445475
phalari,0.83650124
abienus,0.7107039
modesti,0.55870533
simplicium,0.5468744
clementissimus,0.7583251
damnatorius,0.8118871
refixis,0.56820095
mansura,0.5665989
pollicendus,0.6004782
caeno,0.7857419
adipisco,0.7173262
manipulatim,0.8943234
conpirio,0.87798834
atfero,0.87581193
radiolus,0.8141642
terseo,0.79171705
conexa,0.73798954
tractaio,0.7239097
profuse,0.57458246
inlucescens,0.95516944
deferuesco,0.43442833
reviso,0.576866
transito,0.82677597
rusticianus,0.6641049
palladius,0.93873286
tripolis,0.8366988
pancratus,0.62760305
tripolitanum,0.66808605
innodo,0.80951416
remigius,0.89949536
monstraio,0.60461235
cladus,0.7729621
regaliter,0.9239039
privo,0.8342677
fidicula,0.894222
inmensi,0.88092625
harenarius,0.63736606
interrogor,0.8028855
manm,0.44592667
cogitas,0.6034125
pasiphilus,0.8746783
scrutinium,0.93348634
indefensis,0.8329835
laquearius,0.79853266
perhorreo,0.79625016
patriciatus,0.88420737
honorabiliter,0.6853098
eliodorus,0.38353497
inflexibilis,0.9130793
informatio,0.7630641
areopagites,0.83767915
proverbialiter,0.89065814
constellatio,0.61377525
alternatim,0.8987614
sitifensis,0.85967714
gildo,0.8341721
praecepta,0.63498956
convecto,0.8542571
tipo,0.61586535
temerator,0.50320756
marcomannus,0.7356408
opitergius,0.56471795
transgresdo,0.7658564
moesiacus,0.577608
suffulgeo,0.9047068
uteruis,0.82130766
posterula,0.84776205
semo,0.6344502
tenacissimus,0.8345546
flatilis,0.83476746
urbicius,0.5778798
gothia,0.7554199
basilia,0.7653919
tisia,0.80747676
inresolubilis,0.6343044
inmatura,0.70509493
inesco,0.87689936
sebastianum,0.48128328
bregitio,0.64485025
sabarius,0.9102182
neglectus,0.79856396
inciviliter,0.5604316
eliceo,0.82063633
obambulo,0.90322906
rapiditas,0.57384956
permutabilis,0.87328935
cyrenaeus,0.90871435
versor,0.6165082
herbesco,0.82187414
equitor,0.83693516
alatheus,0.68911445
praevo,0.8117677
dano,0.5163031
absterreo,0.76110965
deservo,0.5354754
uictuer,0.4884788
aspernanter,0.8382927
extoro,0.71205395
euerro,0.7471438
turmatim,0.8771679
fritigernus,0.7958897
praefuo,0.8611321
habsolbeo,0.8869471
moturus,0.50294554
succenseo,0.8722291
fabricensis,0.89205074
richomer,0.69868916
comporto,0.86475885
resistendus,0.5804237
direpio,0.64360845
regis,0.6738811
conceptor,0.5603428
inieceo,0.51061463
exorsus,0.6910641
tardandus,0.6230398
conpetenter,0.9289603
eenso,0.75266844
inrationabilis,0.84253925
constro,0.53912383
implero,0.7585833
spolior,0.67627084
fugator,0.7350956
inexpedibilis,0.83067274
adaero,0.8252176
contradictor,0.6405054
publicao,0.7461168
magnatius,0.7752758
quesitus,0.81915724
obsedior,0.92266977
seraphin,0.90990114
miscellus,0.752519
deliberandus,0.8422489
discumbens,0.9025945
demoueo,0.719124
essau,0.6233792
horto,0.66619855
constito,0.7908328
hpareo,0.77199286
moses,0.90426594
superausum,0.90598625
superauo,0.91310847
stromateus,0.5722225
zacheus,0.5742582
alleuo,0.8394819
somnolentus,0.900844
inpius,0.7622837
agnes,0.9194654
protasio,0.90151924
semicinctium,0.79383445
deversorium,0.84639037
laurentis,0.9227858
flammesco,0.7210457
praeemineo,0.897133
sustentatio,0.8968594
recenter,0.856132
fructifeer,0.83664346
iaciendus,0.8296695
pulcerrimus,0.92418325
hie,0.51916337
infego,0.83126974
miseret,0.9289998
interfeco,0.81812155
subremigo,0.59819597
inreparabilis,0.54348654
honestae,0.5112493
addido,0.80884683
inlabo,0.79388046
lucubratiuncula,0.45880073
contemtus,0.53055006
litorea,0.6481716
fuluum,0.9252051
stipus,0.85767543
helles,0.825141
neptuna,0.56149364
tristities,0.7921305
nequior,0.94076455
elucubro,0.7801872
dolon,0.6737914
scola,0.90907687
themistus,0.74054676
fridus,0.5461711
fovo,0.61146176
punctus,0.7419301
burdo,0.7941421
uestiuio,0.89016557
buxea,0.6291854
baiae,0.8085667
ospes,0.85284865
conrodo,0.6220876
addugo,0.85277945
caballinus,0.7637258
paestanus,0.8898037
moriens,0.8244566
caballa,0.6166742
athla,0.696818
limpha,0.88270587
ligio,0.7156045
cretus,0.889359
argius,0.48995572
thersis,0.8627408
latrina,0.91723675
culus,0.7420714
tritonum,0.6218444
feditas,0.7573546
lauinis,0.58955127
amaracinus,0.9287498
fugitus,0.89904976
lautor,0.6870047
uiuesco,0.83636063
nullifico,0.5963379
trungo,0.49222982
ungulum,0.80968344
currendus,0.9542128
aua,0.7862357
aromo,0.8572253
subsecundarius,0.5749269
subporto,0.81147873
reflexio,0.9113148
abstulo,0.7744891
equitandus,0.9271828
resumptio,0.8316231
aequisonus,0.70957506
conciliatio,0.69841295
depictio,0.77156353
triplicitas,0.68828773
imbecillis,0.91819566
uentilabrum,0.86351395
vro,0.4980168
peccamen,0.7440078
falsiloquus,0.80986917
filippus,0.86557484
uaporiferus,0.90935135
algesco,0.6296411
triplice,0.8793533
depositor,0.75516784
clinicus,0.7051234
hisus,0.72924435
styga,0.86775637
genealogus,0.8482548
presdeo,0.8912238
titium,0.9723275
oleagina,0.8953797
ingratissimus,0.80245066
fermentor,0.833045
grunnitus,0.77898234
christicolar,0.94323593
loior,0.9393346
florens,0.939322
placetne,0.85591376
modifico,0.92266834
puerper,0.94153
cofinus,0.84471226
resudo,0.88378453
sculptor,0.8889376
carybda,0.8972863
taenara,0.84884095
fator,0.90204453
mensurabilis,0.8335707
nostras,0.6611341
tabifluus,0.5950125
utpos,0.78584623
manicheus,0.7344794
fantasma,0.9428084
grabattus,0.85980856
dignusne,0.8338742
adsimulans,0.82359135
illaqueo,0.91048455
sanctiloquus,0.8028711
symeonis,0.5500717
gluten,0.9534084
abundus,0.70678276
curtus,0.8264758
soporus,0.48806876
repromisdo,0.84564316
dissicus,0.6962538
inbeo,0.77719986
strofius,0.5771554
plumiger,0.7946985
repudiao,0.8473409
quadrifluus,0.57967156
inopertus,0.7745812
sarcofagus,0.888288
capuae,0.8662441
prehenso,0.52426904
sitienter,0.8790754
caltus,0.8076457
inbesco,0.88922656
sentia,0.93441916
griphus,0.48384422
intempero,0.8301648
obaseruantia,0.83818406
mansuefacio,0.6896344
diecula,0.895903
praenuntus,0.87100005
nineuitus,0.8864082
congregatim,0.64879614
bestialis,0.586391
obsequentum,0.50722563
infulatus,0.8912109
exheredatio,0.94417715
primoplo,0.99867725
noxialis,0.8815605
silesco,0.95908827
lymfa,0.9075594
ulcerosus,0.7939078
extrorsum,0.8704684
ethicus,0.92589486
insuesco,0.89168155
peccaminus,0.8276066
cruciamen,0.8608004
uernans,0.83311605
integra,0.7337078
experta,0.87697685
iessea,0.8487628
servianus,0.85994864
signator,0.8006562
farao,0.8385454
inbecillis,0.9538107
conuecto,0.9143532
fumeus,0.84767485
inaestuo,0.836524
empo,0.7329643
ubeer,0.50028855
nuba,0.91888785
isagoga,0.47521228
galileus,0.5493461
adieo,0.9721616
psaltria,0.8717985
sepulcralis,0.88611066
blasfemo,0.6525195
oliuiferus,0.9283409
stefanus,0.8843305
uiuis,0.77649915
aruus,0.5738664
mixtim,0.8680846
maceries,0.7588939
brucus,0.8888853
fos,0.51906246
cauernosus,0.73235404
palestra,0.8503802
tyrio,0.96740615
maevi,0.6324021
falsificatus,0.80220354
obiectao,0.6555917
praenobilis,0.92625606
insubiectus,0.5068901
rectum,0.6365289
promouo,0.6613066
euuas,0.9068717
sigillo,0.5526655
umbriferus,0.5206763
torio,0.64769894
infernalis,0.82694024
intuitum,0.4697813
ueniabilis,0.89446557
proditrix,0.7359724
agathum,0.8297107
obsoleo,0.70118684
praemicao,0.81206036
orarius,0.8810356
uasconus,0.90161276
laurentium,0.85042983
laurentius,0.7863226
praestantis,0.6399593
obtemperanter,0.9000517
subnotao,0.7542649
laurenter,0.9281671
langor,0.86087155
struma,0.75919676
purulentus,0.83708155
zoe,0.74567616
furcifer,0.90282786
strofas,0.51480293
nexeo,0.9186622
obdo,0.68380165
uascus,0.66838014
eulalium,0.6773529
vrb,0.7915734
asum,0.8367901
eulalis,0.8851936
oido,0.6006202
cypriane,0.8487998
corduba,0.7889118
urbis,0.8736001
caecilianus,0.77319396
urbum,0.62933517
incruentum,0.7913293
indomabilis,0.79444927
resulco,0.55924284
exsibilo,0.7578603
gomorreus,0.91553074
carceralis,0.8708544
praefultus,0.66920054
gregalis,0.6860887
maccabeus,0.8683417
coheer,0.79493296
adoptivus,0.7582707
babylonicus,0.80918914
pyrenea,0.7176974
cunctipotens,0.8854023
scholaris,0.76816297
uolupe,0.798932
infantissimus,0.7085571
balbutio,0.8695987
inperterritus,0.73504895
consecraro,0.7945974
potesneo,0.89521605
gorgona,0.73575515
expresseo,0.8021567
conflatilis,0.87461233
natatilis,0.70795417
sanco,0.6468661
morticinus,0.95832354
mauortus,0.6054399
resolueo,0.7824048
chirurgus,0.761234
sfera,0.7261895
uerbositas,0.7915555
scaturriens,0.856781
soi,0.72658837
ha,0.68925834
obcalleo,0.7707341
ratihabitio,0.91111165
inbio,0.83097494
plebis,0.86064726
redemptrix,0.81897146
potesse,0.8511525
edacitas,0.80664575
aristum,0.70381206
conludo,0.70031244
restagno,0.5772944
indelebilis,0.8247519
hereds,0.9550119
scisma,0.9292625
rimose,0.85485774
cryptus,0.9241648
donatrix,0.8058939
parius,0.89465827
permixtim,0.83407533
falanxs,0.64849067
piceo,0.7565638
dominusve,0.9263655
adcumulatus,0.5211895
ostiendo,0.8271861
candidior,0.937561
executor,0.83406305
conpescio,0.7886394
agnis,0.9116765
ag,0.7133615
calentia,0.7471626
proteruitas,0.81243145
caharisma,0.5987126
viueo,0.58332205
commiseritum,0.5804637
sordidulus,0.4564235
semideo,0.69680125
frygius,0.75299835
frygia,0.7485857
celsa,0.6148803
orichalcum,0.6390269
laba,0.78744316
nazareus,0.8978816
uerdo,0.7489973
interfor,0.5943806
lassesco,0.9308369
fideive,0.8647109
solisco,0.77463704
uiuaciter,0.52177477
siluicolus,0.84829575
aurifluus,0.5799655
pamphili,0.8302777
stilicum,0.4976212
pamphil,0.8917375
fantasmo,0.9277248
quadriuium,0.7457871
utio,0.6447574
fasceolum,0.8693963
uerinus,0.57084817
pomifeer,0.9508831
motabilis,0.7667372
phison,0.94378316
evilo,0.9395635
bdellium,0.90681833
perizoma,0.9479446
malleator,0.8383328
cainas,0.97639585
malalehel,0.8939016
iafeth,0.98970115
prohibio,0.80846614
ingredor,0.9187057
condemnor,0.78947866
ham,0.43584973
gomer,0.88277954
madaum,0.9029491
mosoch,0.8924967
thardo,0.9649789
sabas,0.9183562
sennaar,0.9360841
eveus,0.61345834
amatheus,0.7582297
eber,0.83035004
iectan,0.9233414
iobab,0.94037664
babels,0.8756001
reu,0.60236526
tho,0.9127604
chaldeus,0.95776546
benedicus,0.9475425
hebron,0.88255537
adama,0.70417243
tertiodecimus,0.94687575
seir,0.68178064
amalechita,0.8094168
triennis,0.90806544
exstito,0.88693845
adflictio,0.9409811
falcidius,0.9336059
empticius,0.75015175
ismahel,0.56437033
subcinericius,0.9257039
ablacto,0.89532757
ablactatio,0.69669634
philisthinus,0.88815856
herens,0.82752955
quania,0.78473234
siclus,0.96156394
ephro,0.89239407
maeuio,0.92963314
adpendens,0.6053207
statuliber,0.9515375
manumissus,0.93708825
sexagenarus,0.9340018
exsolvo,0.5717627
paruipendo,0.95625854
centuplum,0.9071969
pacifice,0.9562924
bersabeus,0.9092089
faretra,0.9352708
hedus,0.8904762
publicianus,0.836758
subplanto,0.9510101
chanaun,0.8529606
haran,0.7564598
occubitus,0.9672904
innigo,0.9157765
lippa,0.85138834
decortico,0.6788488
institorius,0.9630984
galaad,0.96749705
interveno,0.947183
percustto,0.83000183
emarcesco,0.9003078
stipulator,0.9340278
symeo,0.8351821
emendor,0.76506716
sobal,0.92456245
eser,0.79125416
acha,0.8158728
zo,0.59534895
bosra,0.90431774
polymitus,0.88557196
stacte,0.83407897
ismahelita,0.86861557
hira,0.9604778
theristrum,0.9088065
retentus,0.8791905
usucapus,0.90446687
pincerna,0.94463205
pasceo,0.92213035
traiecticia,0.93167627
uredo,0.880362
aegyptum,0.9161509
digressio,0.51670814
genuflecto,0.6340966
ephraim,0.92976177
obstupefactis,0.9333172
ueniio,0.9308398
amigdala,0.79738975
resaluto,0.88966405
uterinus,0.9343145
revertor,0.98163974
subuectio,0.80080616
heber,0.96048313
bela,0.7670491
naamans,0.91544306
ehus,0.5588535
usum,0.53047115
nepthalim,0.8937356
adplicitus,0.6279253
zabulon,0.94872427
planco,0.84749186
inpraesentia,0.91534317
noemo,0.869624
vetula,0.7963606
booz,0.9479908
pulenta,0.8303753
discoperio,0.74924785
isais,0.8680239
aminadab,0.91355985
salma,0.883353
uocifero,0.8987691
deserto,0.6187201
adpropio,0.9124477
impeditior,0.81632
fideiussorius,0.93687475
musus,0.57376873
iathamar,0.84419703
fineess,0.87995243
praecepio,0.8875046
fideiussio,0.9083973
inmixtus,0.9004806
fideiubo,0.92203015
uehementissimus,0.91905105
quartamdecimus,0.9836634
superliminare,0.93978155
obseruabilis,0.8004844
introduxeo,0.88853455
castrametor,0.94901013
etha,0.84161466
phiahiroth,0.96650255
murmuror,0.88648516
man,0.62438875
iosue,0.9533209
israhelum,0.8779433
egressio,0.8899454
zelotes,0.87256634
longeuus,0.90066475
adustio,0.9059926
fodo,0.76451236
coieo,0.9627452
legaet,0.888421
praecursum,0.853469
ultroneus,0.9248745
rubricatus,0.89349127
thymiama,0.86737716
propitiatoris,0.88193905
productilis,0.7208127
ductilis,0.879552
emunctorium,0.8347366
emungo,0.785431
plumarius,0.91630024
sagum,0.9326421
superfuio,0.76891553
exercitoria,0.90986127
quadrum,0.927855
paxillus,0.82186234
coherens,0.89412373
quadrangulum,0.920661
topazius,0.94239295
amethistus,0.8490081
tintinabulum,0.86138767
celator,0.7555136
feminal,0.9283865
suavis,0.91102207
pectusculum,0.8837126
deposito,0.6156669
sicl,0.8753958
lavo,0.9053625
intellegens,0.8149768
tos,0.77033293
nun,0.8921809
deductio,0.8932674
fornico,0.75851965
dextrale,0.883287
carpentarius,0.94572
polymitarius,0.9277683
opertorium,0.74607384
coaptao,0.7901232
propitiatorium,0.85150087
sculpio,0.57253397
ascella,0.8888127
imponens,0.95242965
intellexeo,0.82096565
inmunditia,0.9639362
praepondero,0.8983631
sue,0.48198622
comedeo,0.89603037
adstringens,0.7347784
balteum,0.86157405
immolatus,0.79503584
alioquin,0.912128
elevo,0.9588997
abominabilis,0.970973
strutio,0.89870226
mergulus,0.6674753
uespertilio,0.90319926
lacerta,0.56538665
ceco,0.6944442
subrufus,0.8622343
facultatium,0.8038206
conbustio,0.8758874
lepras,0.86407655
cedrinus,0.9606152
redhibitoria,0.91671824
uallicula,0.8686261
ablo,0.81335163
adhisio,0.84511894
tetigeo,0.97436553
inopportunus,0.6482408
emissarium,0.82904357
requietio,0.92382014
initiano,0.72159594
mortici,0.92318213
effeco,0.8786759
pelicatus,0.67568076
contraxeo,0.91970205
adtondeo,0.89395535
statera,0.9663893
materterus,0.88372505
albugo,0.9377494
occubuo,0.75728124
pigneraticius,0.9413706
alienigenus,0.9283272
pigneraticium,0.9304212
expletio,0.90531254
decima,0.89466465
propitiatio,0.95192015
possessiuncula,0.8950566
superabundantia,0.8632729
conter,0.4206125
praevaricor,0.94563013
aestimavo,0.9173745
cadesbarna,0.9216133
enacim,0.95603395
israhelus,0.9194758
procera,0.8748765
inveno,0.900706
hermon,0.9080845
prolongo,0.95782816
extentus,0.6822083
muratus,0.9709589
mandavo,0.7939559
mono,0.7768459
abira,0.889888
montuosus,0.9621744
campestr,0.9157692
temporiuus,0.6365715
adherens,0.9196764
habitao,0.54607505
praedixeo,0.8622856
belial,0.97287226
herodius,0.7382535
nycticorax,0.870016
upupa,0.873689
torcularis,0.9350894
uesperus,0.9112681
infcio,0.66716295
incantator,0.9588591
succisio,0.5317904
uicinior,0.92076695
perspixio,0.94833505
comesatio,0.93154114
adprehendens,0.9681073
accersio,0.9066621
adprehendeo,0.9000908
timuo,0.8088406
cartallus,0.70839405
perverto,0.8019756
orcinus,0.912363
maledicte,0.8318466
increpatio,0.9386352
uastavio,0.8709921
caesor,0.84794956
praecesseo,0.89968115
amantissimus,0.9272232
rinoceros,0.90176934
contradixo,0.8947284
raub,0.7396493
alveix,0.6378907
accinco,0.91748023
acceptilatio,0.91127783
evagino,0.91079104
achans,0.8395682
achor,0.838182
libanum,0.8770863
aiebuseus,0.7901361
initus,0.79895115
gabaonitas,0.902512
dabirs,0.93157446
speluncus,0.8018687
subneruo,0.8077392
di,0.5451621
odolla,0.54820883
galilea,0.92458344
sidonio,0.9215965
publicius,0.8009727
rubenita,0.81905353
cariatharbes,0.9095388
sicelegs,0.9553013
azotus,0.5667723
noa,0.40169758
scil,0.82525057
bethsan,0.8908291
silum,0.87587446
rama,0.8876507
ies,0.4309044
thabor,0.90500224
roob,0.8614967
amon,0.9744311
orma,0.63690513
adamum,0.7480172
lecus,0.59457743
confugium,0.75504875
extrucior,0.8617499
amolus,0.842308
har,0.3715676
barac,0.75879633
nepthali,0.9094916
thabo,0.7566261
aber,0.8926725
atramentarium,0.9021967
psalla,0.97653186
clypeus,0.94485605
reppertus,0.9069733
conca,0.8486151
gedeono,0.5599518
israelitae,0.962892
braca,0.797406
complodo,0.7296858
praeoccupo,0.966169
cannabis,0.77112406
inauris,0.8236042
catinus,0.77462834
berus,0.6940144
thebis,0.5474555
armigeer,0.90917003
galaadis,0.91616833
tob,0.7613646
eiecio,0.8590238
humiliatus,0.9002663
increbesco,0.57750416
manues,0.77083856
invisere,0.79465246
conporto,0.65741014
castrameto,0.9477774
philisthina,0.8191174
micha,0.8010156
extruens,0.61178696
abudo,0.8661947
beniamin,0.9503269
concetto,0.84600663
fenenna,0.82537097
exemplaris,0.8358246
seruae,0.6122284
helum,0.8306619
famelicus,0.9499833
samuhel,0.8883194
samuhelis,0.86994076
grandeuus,0.8890424
demolo,0.9335823
capsella,0.85284925
abinadab,0.90437216
eleaza,0.8762429
iohel,0.87750846
gluttio,0.8320352
stater,0.9201504
quaeen,0.72670245
incalueo,0.9257837
iuuentas,0.92514426
uomeris,0.86037916
malogranatum,0.934163
inluminatus,0.8779189
retractatio,0.8619875
agog,0.7366606
carmelus,0.9501474
ariolo,0.95228934
idolatria,0.9476396
nomenculator,0.9157418
quandocumque,0.91062695
falanga,0.6706495
limpidissimus,0.82333636
requisio,0.84815955
causatiuus,0.84329444
retus,0.58483
nobe,0.88097113
investigor,0.9001925
sterquilinium,0.9510305
striga,0.88346684
nabal,0.91350126
pedisequus,0.7966913
fugia,0.803763
cenus,0.5951852
gelboe,0.8653716
incircumcisor,0.80575883
amgustia,0.8424434
ascalonus,0.93133986
sepelo,0.83638453
asael,0.946515
vter,0.87169516
rechab,0.97577274
haius,0.57675
peruis,0.5197087
siba,0.89600444
uria,0.93478227
musito,0.76324284
ionadab,0.9752464
thecuus,0.95975584
cedron,0.95174956
arachites,0.95109034
audieo,0.74986994
cecideo,0.9546056
rogel,0.80589813
ptisana,0.90505534
frixum,0.87549907
armigeo,0.8924639
chudo,0.889669
adporto,0.89681596
adloquens,0.82234454
satan,0.94590414
berzellai,0.94755286
securo,0.6998222
cantrix,0.81880516
feletheus,0.8287147
messio,0.88454056
contritio,0.96236813
auricularis,0.60114574
centuplico,0.55012023
semeus,0.88643336
salomonis,0.9369861
laboriose,0.85561
mentula,0.90183955
pedico,0.8521342
inspego,0.81700015
tensus,0.67593867
salomo,0.7457944
abiegnus,0.934844
latomus,0.8905446
biblius,0.7211966
clamnis,0.6498966
ostiolum,0.64788705
utensilis,0.90605164
capitellum,0.90404
grossitudo,0.85981774
luter,0.71073925
batus,0.5920871
basium,0.61074525
cans,0.67778975
aurichalcum,0.8872613
hau,0.8324523
cumaeus,0.80157185
excreo,0.7360606
dileco,0.9265357
attulo,0.5349343
sycomorus,0.8554156
tibo,0.44096377
depravo,0.81554496
dereliqeo,0.8812891
hieroboam,0.9846149
pugnavo,0.9248786
armamentarium,0.85831845
octauusdecimus,0.9423846
pathicus,0.8037216
ananus,0.7661058
somer,0.89533216
pugillus,0.92243576
abdia,0.8603005
hiezabelm,0.9377978
contenebro,0.8932508
iuniper,0.47366154
namsi,0.67168295
heliseum,0.91974044
heliseus,0.95076925
lanterna,0.91601336
uerpa,0.7798178
humilias,0.95173407
sedecia,0.48775995
confraco,0.7024337
beelzebub,0.9817061
proieceo,0.6881286
helise,0.9198181
eheu,0.65830934
obturo,0.91350996
fructifer,0.92469084
fundibalarius,0.95884323
giezi,0.8278229
ustulo,0.80775213
mutatorius,0.9095092
portarius,0.89110184
sagulus,0.84498847
suos,0.77894044
exeundus,0.84136295
camara,0.8228225
quina,0.535253
taedet,0.94213426
excubitus,0.7738061
sir,0.77879864
cementarius,0.9028422
amasia,0.7208681
derelico,0.90314513
iaoas,0.8597925
sellum,0.6394897
eliachim,0.9543866
edeno,0.841843
camus,0.7782193
ezechea,0.8984111
horologium,0.8707343
babylonior,0.9197885
ualentus,0.5993336
chaldeum,0.83566725
malelehel,0.95351595
magog,0.9415848
rubrico,0.708551
aias,0.4318265
ethan,0.81591517
habitantis,0.44362956
abium,0.8645196
iechoniae,0.92714214
zorobabel,0.91318214
attus,0.68404704
ezer,0.7439815
renus,0.48867446
lecha,0.48078507
plantatio,0.9457998
ieuo,0.8818292
gog,0.9379626
michael,0.7728626
saronm,0.8458991
agareni,0.920822
itureus,0.85288525
tydeus,0.91207397
aggium,0.6870074
barachia,0.52338696
acacis,0.5364747
andria,0.753951
glycerium,0.87997526
chremis,0.5622509
ammius,0.5374983
amal,0.7675413
ananius,0.9511087
melech,0.8806678
ostiarius,0.9584625
pythonissa,0.8749056
nominatissio,0.82722664
techna,0.63833034
auxiliao,0.91965705
nogo,0.49259534
nablum,0.72469497
corinthia,0.6841935
melodia,0.9387405
bucinus,0.73629934
confitemino,0.9079404
firmissio,0.81214523
andr,0.53772134
hanon,0.91289747
decaluo,0.95356596
insipienter,0.8307116
hiesus,0.88638157
gamul,0.8434664
bennus,0.7527631
isaias,0.7467445
hosus,0.8082479
selemia,0.83567977
invens,0.8386137
remulus,0.8111062
gothonihel,0.9359012
ficetum,0.8712201
agarenus,0.8487942
sensatus,0.9240037
moria,0.88256836
clo,0.90804654
statuarius,0.80442333
lemnis,0.8065987
erugo,0.9096575
fluxo,0.8726381
ephyreus,0.8327235
tharsa,0.89250326
iaddus,0.73900956
uegetatio,0.75521827
remulceo,0.80117446
bellicosissimus,0.88682276
extruendus,0.8120437
aethiopss,0.88290817
sepho,0.8570325
calles,0.52912486
corroborandus,0.8702527
uenatoria,0.7300973
pigmentarius,0.7964574
ingluvies,0.8702094
iustificatio,0.95107037
sceo,0.59195745
magnarius,0.80019647
detrahendus,0.8579036
laetas,0.57689136
iuridicus,0.87608
effrico,0.37518397
larissa,0.8592812
levis,0.641907
dicaculus,0.80095506
coangusto,0.89516854
exauditio,0.8616591
hortatio,0.8448864
commixtim,0.83590615
pertento,0.826961
mitrido,0.9318714
excussum,0.6939894
gaze,0.5082619
don,0.87252116
mitridas,0.8905246
aggeus,0.83658576
coinquinatio,0.9165336
ezra,0.8090241
ezro,0.8599928
semimortuus,0.81413716
interruptio,0.8444411
absono,0.64470357
stabularius,0.90409946
hai,0.59723
sabaim,0.54062325
loqueo,0.93809605
stao,0.72483104
sanctificatus,0.85573757
inpinguo,0.94315445
consumptio,0.8527667
celitus,0.7901231
pollicor,0.66818523
mantica,0.71912146
ducentum,0.8548683
zerum,0.49122292
made,0.8934053
ema,0.59185535
concaptiuus,0.9059963
decimatio,0.8354927
rages,0.9283208
gabelus,0.83639
tobus,0.8333406
elemosyna,0.9590785
angiportum,0.8133476
lacrimatio,0.908397
inpertio,0.8954685
rafahel,0.9459071
evenio,0.9040237
aemulo,0.7799377
pisco,0.6978542
inremediabilis,0.8325397
seniculus,0.79798055
seueritudo,0.55260015
aedificavo,0.7097892
subiugavo,0.9254619
ragau,0.9295458
tigrins,0.7579481
scrupulose,0.7402868
hinus,0.6810947
opinatus,0.8316538
lybia,0.92414594
intextus,0.94095325
tibicina,0.7907161
chara,0.62374175
obdulco,0.74242157
quadrifariamm,0.87165684
magnas,0.9514321
unianimis,0.9176553
praecipitium,0.96242446
argutulus,0.84313416
probor,0.824914
adlido,0.83796346
sandalium,0.89036775
incomparabilis,0.8617853
terrendus,0.79911083
inluceo,0.83994895
nigredo,0.9115634
obunco,0.63316447
distinxo,0.56263775
iudiths,0.8710414
concutto,0.74068284
evsasio,0.84605616
angustio,0.9262376
invinio,0.8528637
intrandus,0.79099905
milus,0.58383244
ineptior,0.89521706
incinero,0.6543425
crumen,0.5816189
asuerus,0.8896079
uasthus,0.8992438
susan,0.963576
uasthis,0.9384923
hester,0.91883814
myrtinus,0.94079685
arcarius,0.93676156
amans,0.5377224
ueredarius,0.70124185
pressis,0.78564453
quintamdecimus,0.88472986
ulueo,0.63181496
sustinuo,0.8547909
sabeus,0.52855563
themanis,0.91740847
baldad,0.90704226
suitis,0.8946868
obtenebro,0.94820833
susurr,0.8191939
regressio,0.87777853
hypocrita,0.94734645
sigillaio,0.8266977
inpunctus,0.6384784
meminor,0.90995693
antecello,0.9497375
destruco,0.7886301
ingressio,0.8316458
cantatrix,0.83370245
nitior,0.90934503
commovo,0.8451004
uacuefacio,0.8334899
adiuratio,0.7921313
effultus,0.8080585
botrus,0.9556129
obtenebresco,0.78916705
adrepo,0.7948318
circumsepio,0.8249479
sublevor,0.6705858
perspicacior,0.7946092
inlibatus,0.5362091
labia,0.89011824
antistiter,0.8076601
cantatio,0.5848053
cauma,0.8507484
subsannatio,0.93730783
cucurreo,0.44566754
severiter,0.79606044
uiolentum,0.78289324
herbula,0.6574527
letheus,0.83563334
momentarius,0.9027554
behemoth,0.9225597
sagena,0.9286112
conpactum,0.7876401
torax,0.85300934
examussim,0.8148023
debilitatio,0.8400682
orditus,0.82383895
erudo,0.8791007
pertrago,0.72484434
deruo,0.77201164
magniloquus,0.9615656
exaltor,0.9440876
salvor,0.8621952
papius,0.6662788
iubilis,0.7572074
multiplicatio,0.9019692
elongo,0.95826244
pinguido,0.8756964
aleph,0.88206345
beth,0.908868
derelictum,0.9480026
sado,0.7675817
redargutio,0.8930918
areola,0.7694552
deiecio,0.8694596
parabula,0.8114562
obliviscor,0.7544863
reduxeo,0.8138172
fluctuatio,0.8742236
balnearis,0.73102707
tympanistria,0.9595006
audacissimus,0.7461802
commoratio,0.750365
sorbillo,0.61949253
tropeum,0.8002118
saevissime,0.42802602
carnosus,0.62715346
uaccinus,0.81509686
inmissio,0.8432473
cerbeo,0.870787
tripliciter,0.78436345
palestina,0.8454325
iubilum,0.8482852
adrebo,0.8144585
ainus,0.61864316
adbreuio,0.52434963
pascui,0.92801714
plasmatio,0.86180234
deiudico,0.6291546
redembo,0.88350874
absortus,0.8560579
alleluias,0.8259245
phe,0.7689338
mineus,0.4058437
postumianus,0.69644564
onustum,0.8960221
obstinor,0.5327219
causaria,0.7978806
antecapio,0.6941403
pulvereus,0.8434937
largis,0.77623487
surrectio,0.7737776
adlisus,0.755194
otio,0.61782885
tendicula,0.65352196
maleficio,0.9611562
fiducialiter,0.9555438
inlaqueatus,0.5535588
anicula,0.8951928
attonio,0.6485461
advesperasco,0.9124293
conscendeo,0.61210215
semiuiuus,0.9160842
suptilis,0.81573105
sanguino,0.8077997
insaturabilis,0.89048344
fatuitas,0.89390224
astutior,0.93818456
conterminum,0.72803205
uertio,0.5775038
ualefacio,0.82548594
amicalis,0.84923446
exploraio,0.5046273
pigredo,0.6531984
angiportus,0.7751186
tumentia,0.8617924
dulcoro,0.8820102
stultis,0.8036832
lepusculus,0.88415396
defraudor,0.8521598
plantaior,0.8976541
amplexo,0.77906376
importuna,0.76095116
miscueo,0.8722154
tristiti,0.69618183
murenula,0.9471706
reclinatorium,0.9361962
distillans,0.9616383
temerarium,0.88252366
covenio,0.685546
concupiscibilis,0.66380495
ingemuo,0.8217412
lamentor,0.90960944
placatio,0.75315154
simeon,0.9396704
macchabeus,0.9555772
iaonathas,0.97203666
salomus,0.5310025
oppilo,0.8810216
loricatus,0.94292796
contro,0.7664482
matuti,0.8589258
praestolo,0.7286799
contreo,0.8986652
glosso,0.4573085
necquicquam,0.5338055
elefant,0.97117186
quisve,0.639098
elefans,0.8716682
iactandus,0.7857345
fundibulum,0.804441
cataplasma,0.61198103
succo,0.86668754
uelpotius,0.52631176
parsum,0.50552326
ellaed,0.8244735
loquentia,0.68733466
centesimob,0.97362256
ptolomaida,0.87281954
coelesyria,0.9170816
salernum,0.87727535
lyddus,0.8790479
intraho,0.63984054
ascalona,0.92083526
increbresco,0.749421
tenella,0.5744043
rose,0.83383113
eleuther,0.74706525
dexterum,0.6020862
ptolomensis,0.68161345
eiengo,0.78164464
spartiata,0.83837855
gauia,0.6727863
scortor,0.8274994
gannio,0.58713895
investo,0.67641604
pamphilia,0.88842225
faselida,0.89898944
succuba,0.79301095
irreverenter,0.91234154
exerro,0.80951786
inluminatio,0.93673664
architectum,0.73575675
foenicus,0.5625173
prospcio,0.708703
uictualis,0.9088855
hircanus,0.749025
luminosus,0.73595715
uisitator,0.7806706
prouisor,0.8120091
adio,0.8383557
didragma,0.9508553
cooniuga,0.791752
tarsensis,0.8998071
lacedemona,0.87599045
taureus,0.8747274
protestatio,0.87470865
adulescentus,0.83832526
conuocans,0.9316622
execratus,0.85130656
orfanus,0.9478613
uocatus,0.7137992
perurguens,0.5391728
uolenter,0.77758884
adpropians,0.6101744
provoluo,0.90347993
circumsepo,0.83657634
caerea,0.69755435
lacruma,0.7485019
insensatus,0.9674108
consensur,0.6074141
adrepio,0.78506553
hieronimus,0.8998618
circumseptus,0.87416124
sosipater,0.92300844
scytar,0.87666774
naulum,0.8450775
tallus,0.7964109
futilis,0.8122669
annueo,0.79893315
opipare,0.8333229
prospicuus,0.8976749
arcersio,0.7749485
incontamino,0.6650133
cohercendus,0.8454025
averta,0.9758274
vomer,0.7545139
dominao,0.61456335
torqu,0.8718292
discriminalis,0.86232376
olfactoriolum,0.9378744
linteamen,0.94825023
pectorale,0.99776196
salvo,0.8791695
absconsio,0.90126574
conculcatio,0.7927203
emmanuhel,0.9600199
uepris,0.86572194
breviculum,0.5543151
adbreuiatio,0.88577676
commino,0.70674145
cinctorium,0.47158274
caligosus,0.79795456
ericium,0.8205158
restito,0.8015286
effloresco,0.6764113
ramusculus,0.8755001
flacceo,0.83433473
mempheus,0.8866442
gallinacius,0.74826723
tyris,0.953197
dissipatio,0.80447316
salvator,0.85262597
antemurale,0.841332
posueo,0.82715726
absorio,0.9612418
onuseo,0.8564281
intempestae,0.88519585
menstruatus,0.97926426
migma,0.79279125
septempliciter,0.9158621
fraudulens,0.9102061
saron,0.8901547
innisus,0.7790775
isaius,0.8923007
saluatio,0.8405336
cataplasmo,0.82876253
odoramentum,0.77306086
imputribilis,0.9049885
caena,0.82586205
consilio,0.96574897
portor,0.9529265
comparor,0.8186064
crustatum,0.73638445
eligio,0.8584092
contorquero,0.8157203
uiaticulum,0.852392
aporior,0.83429766
libaneus,0.89063835
unxo,0.94474816
adnuntior,0.89461666
redempio,0.89259624
pauperculum,0.7685207
inlusio,0.88772506
disponsatio,0.7789911
moecho,0.926617
osculus,0.8272786
placenta,0.8475567
subplantans,0.8916502
adtonsus,0.8294966
habio,0.71139646
uastaio,0.83182883
ordeo,0.6445069
lineus,0.93623686
contenebresco,0.9568358
visito,0.75129056
geometer,0.894667
desperabilis,0.7708199
conburendus,0.88298345
cido,0.61646485
mentiendus,0.8778721
compulso,0.77097344
alligor,0.83714783
iuuenculus,0.8168126
uictimo,0.8913915
aequabiliter,0.909579
ionhadab,0.9791142
sublimiter,0.61491024
hiericuntinus,0.6225108
trias,0.7880397
pavido,0.52316964
eligans,0.7745561
inpudenter,0.5672438
inligans,0.6085765
potatio,0.9253408
breviter,0.80462414
suffossio,0.81179535
adulterina,0.80222034
prorupi,0.8890585
mussitatio,0.5587983
transabeo,0.80058783
precipio,0.9687073
miseriter,0.4418924
sapiencia,0.9557009
sciencia,0.94731426
annuncio,0.93645376
magnatus,0.9135319
notifico,0.96255183
intelligencia,0.83384573
servicium,0.95085806
recommendo,0.8579802
habundanter,0.9056498
pandus,0.92350465
amicicia,0.8889582
constancies,0.78904295
paciencia,0.9528835
hobservo,0.69719887
tercius,0.93628645
pacienter,0.9084536
blandicius,0.8260785
nocumentum,0.94885886
amicicies,0.77810675
cogitacio,0.94582444
ecaiam,0.9695345
peticio,0.9299348
edifico,0.928844
leto,0.94585013
perdicio,0.9607275
sapiencies,0.9301798
divicius,0.96648663
dampnosus,0.83959407
pena,0.9676199
illesus,0.9099444
presens,0.92762965
ecciam,0.8613809
gracia,0.904596
retribucio,0.8742809
preciosum,0.96068716
diuiciis,0.9444643
generacio,0.9086698
eternus,0.9710678
affectuose,0.9150437
prudencia,0.9257426
quesisco,0.9546733
pecio,0.9006022
praecipimus,0.9464006
coaduno,0.8868612
uilipendo,0.9446356
leticia,0.8950562
inicium,0.90729165
indie,0.8274588
racio,0.85332686
legittimus,0.8424502
etas,0.9289437
seriatim,0.9078157
contempnor,0.7491304
avaricium,0.95633453
cars,0.72576356
doctrinor,0.6363296
condempno,0.9607881
sompnus,0.9362515
stulticia,0.88044167
nocencia,0.78146446
cecus,0.90012956
disciplino,0.7798161
discrecio,0.79955024
queri,0.952364
lesio,0.94295776
iuvamen,0.90557706
pacior,0.80400705
discooperio,0.8698654
divicies,0.8327344
camisia,0.94225866
egometipse,0.9473939
delicies,0.9145795
coherco,0.65569234
delectandus,0.6656826
sempiternalis,0.83719605
negociator,0.96980965
iacinctus,0.8309409
ualor,0.82912254
egror,0.87462074
eternalis,0.85344195
mollicies,0.8221162
conversacio,0.83588123
letifico,0.8799722
abhominabilis,0.7369256
prepono,0.82598084
precium,0.9627613
quesu,0.92584777
gencis,0.86481714
sencio,0.86962235
divicio,0.96689767
sepcies,0.78721005
premitto,0.5677429
obstupeo,0.6368641
pors,0.7564554
fustigo,0.9237243
concupiscencia,0.92806876
margarite,0.8572136
abstinencia,0.8648215
tristicius,0.9410093
pecia,0.76852334
equalis,0.8576899
tristicia,0.96163875
sompnio,0.88471556
filo,0.6938979
graciosus,0.8052844
avaricia,0.8561303
angustiosus,0.834681
melancolia,0.8818223
pocio,0.73985565
malicium,0.92836905
quero,0.9091105
dyabolus,0.90821815
preterio,0.7991687
substancia,0.9214969
habundancia,0.88251114
racionabilis,0.9280308
malicia,0.92501384
insufficio,0.8301396
multocio,0.94546646
blandicium,0.8676758
dim,0.5866164
in+quantum,0.8746426
evacuo,0.8998885
subitaneus,0.9051603
multociens,0.85232884
comestabulum,0.83759284
preciosus,0.9529989
silvester,0.89571846
assessor,0.8777373
fortunis,0.87182045
forcius,0.8657553
dominacio,0.7907078
preposeo,0.8964989
heremes,0.90532696
uulpecula,0.9350813
percucio,0.8678647
heremita,0.9494716
hospicium,0.88782346
hospito,0.9371568
compacio,0.83025104
preparo,0.9714276
exsufflo,0.6534699
pocium,0.46716312
flebotomarius,0.9213686
stacio,0.8403599
ordinacio,0.8143728
proficuus,0.8931812
annihilo,0.91446
deterus,0.6673479
precipuus,0.8798881
forcus,0.94895107
habundao,0.9022791
potencia,0.94539106
pacus,0.8321545
cignus,0.8569329
utquid,0.9145165
consilior,0.966331
alce,0.81888556
presento,0.9227629
astutissimus,0.8879096
sepe,0.94324315
parvus,0.8483716
lesus,0.86037314
licencia,0.9062909
prmecipis,0.7949205
scolus,0.94857323
tollero,0.9314039
amenus,0.8234651
foresta,0.8971406
peniteo,0.9606866
refocillo,0.8606174
anuncio,0.8725413
hylaris,0.7126521
ledor,0.76901484
adinvix,0.9145627
precipo,0.71528673
nullomodo,0.97373927
insimul,0.9634639
fenix,0.7743174
arrogancia,0.8923278
avaricius,0.81341475
hylaritas,0.7619828
sapientis,0.87735164
cocodrillus,0.92118156
subintro,0.9312383
quociens,0.9322628
lucro,0.8768774
negocium,0.9534921
depositarius,0.8449691
insecutio,0.8830406
penitet,0.91647387
tribulacio,0.9082499
inquisitor,0.87908673
cuso,0.66064763
inimicicia,0.8448912
turpissimum,0.8079962
falsifico,0.90322614
sentencia,0.8164811
iubilatio,0.65968347
predico,0.78432345
provincia,0.89624953
celus,0.89057195
prevideo,0.78327864
stratigotus,0.92869896
preiudico,0.7494472
deforis,0.88066447
spa,0.9128877
recia,0.77727354
reacia,0.66399235
gattus,0.9141058
habitacio,0.9059901
abhomino,0.83035886
discrecius,0.8006041
uituperium,0.76013124
elemosen,0.9371065
peregrinacione,0.8950011
corrupcio,0.89864624
delectacio,0.904927
presumo,0.926221
convivo,0.7031171
altero,0.88103634
rethoricus,0.910511
prescio,0.7693491
commutacio,0.8323968
illese,0.62131846
comestabulus,0.90116215
syllogizo,0.91249174
binarius,0.8085015
pronuncio,0.8905275
infestacio,0.79828215
noctuo,0.79730546
uicinor,0.7986835
dolabro,0.84145606
linguis,0.89257467
prelium,0.787064
famulitium,0.73038685
ivo,0.6584868
dampnacio,0.80040365
dyabolum,0.9078162
poco,0.82717216
baccalarius,0.8067732
preso,0.89424586
uituperius,0.8379504
oracio,0.78878164
forcior,0.8937192
dirruptus,0.81068933
comestio,0.92708373
renuncio,0.8802127
contempnio,0.83133924
sompnis,0.90077966
uilipendeo,0.833142
prodicio,0.87482345
uisitacio,0.7880659
cicius,0.84290504
scabiosus,0.82364327
uulpus,0.85854363
vulpa,0.8461329
permiso,0.8997061
previsio,0.8178056
pregno,0.92247105
idaea,0.52337825
prosileo,0.63386625
sompnia,0.5816001
sompnius,0.88388
prefero,0.91626155
rectrix,0.8775483
septemdecim,0.7718859
plage,0.6398485
circumcingo,0.82633346
nuncium,0.94769365
intollo,0.7093269
pelo,0.6236382
insaciabilis,0.9375993
miserrimi,0.76609206
ponderositas,0.8407546
preceptus,0.8804204
gatta,0.60183007
evo,0.54052114
gato,0.7801368
gatto,0.6202818
pretero,0.82057405
benefactor,0.87822044
fimbrio,0.7847872
iuratorius,0.8255518
toc,0.8945917
certifico,0.81923985
calumpniator,0.4919798
deteris,0.7940891
quere,0.8470682
paramentum,0.65858537
lautum,0.54152685
accidentaliter,0.8960386
prevido,0.8464787
abactus,0.7699843
consternor,0.7883358
amplis,0.8356447
prouidencia,0.79296434
palacium,0.9231641
leena,0.7395309
consolacio,0.7581483
passula,0.7632379
quera,0.7898544
danihelis,0.9006961
abdenago,0.83576626
corpulentior,0.8842696
decuplus,0.79209685
lanium,0.7220467
revixo,0.87745804
uerene,0.60277134
recordao,0.5491108
uxorculum,0.87778807
inripio,0.6164127
expergesco,0.6986352
devasto,0.81956506
ulciscior,0.86307216
dilator,0.88747406
depopulatio,0.9164237
suffarcinatus,0.60113955
enoto,0.805823
scissio,0.7701568
bosforum,0.7353543
decalvo,0.7184263
excorio,0.8336241
balac,0.8782706
anulo,0.47955602
diluvium,0.7860733
iosedech,0.97055113
myrtetum,0.4637436
consolatorius,0.8702181
sofonia,0.87524503
hel,0.73564965
saccinus,0.9902046
uivae,0.8471198
suadelis,0.60823864
beneplacitum,0.91898644
receptibilis,0.8258105
ueteresco,0.7748694
sustinentia,0.9133005
beneplaceo,0.90054333
susurrium,0.8420708
rusticatio,0.901808
ominor,0.6601216
multiuolus,0.92611957
scelestior,0.92606294
exhonoro,0.9214252
molesto,0.8019585
datio,0.91644424
suadela,0.79116166
semiviuus,0.91756505
denudatio,0.6138871
erugino,0.9386729
fremeo,0.83156276
ignoranter,0.92357254
circumspectio,0.8279826
exoratio,0.7756047
truculentia,0.73724693
blandities,0.6886027
cavillo,0.62552476
suffarcino,0.52106595
laruus,0.4680044
deuirgino,0.84052885
contemptio,0.8354522
minoratio,0.89074624
inflammatio,0.77188504
romphea,0.85937035
adnullo,0.63577336
brachialis,0.6062466
infrunitus,0.7707583
detentio,0.79177225
elucido,0.75899684
trama,0.709707
roratio,0.61414164
insenso,0.82061803
canitia,0.8272605
obcaeco,0.8660732
uiritas,0.78272897
hospitor,0.9222553
longeuitas,0.86006325
dormiendus,0.9132988
cholera,0.9133499
praecelleo,0.83553785
otiositas,0.8721951
datus,0.76251733
exauditor,0.8418369
transvectus,0.7967548
coopereo,0.81443375
dolositas,0.913338
condoleo,0.92492604
epulatio,0.7630457
uacuitas,0.89555115
confirmao,0.86475617
oppressio,0.8321594
detractatio,0.7622772
ev,0.41550392
gelum,0.606764
cristallus,0.839118
superualeo,0.547047
femoralis,0.9276068
contereo,0.53481364
auricalcum,0.7493075
militariter,0.5444731
sirach,0.9696767
ciuitatula,0.63474566
incidendus,0.7335264
azor,0.88333553
achim,0.897108
elius,0.7651049
bimatus,0.9527222
capharnaum,0.8683152
galilaea,0.9613805
zebedaeus,0.943563
divus,0.71745306
decapolis,0.84029704
evanuo,0.9044552
racha,0.68934345
angario,0.8800356
supersubstantialis,0.9639197
erugum,0.9848995
exsecrabilis,0.86833036
bartholomeus,0.9318743
thaddeus,0.9160348
cananeus,0.75741905
scarioto,0.91568196
novercalis,0.87879145
patron,0.65965384
herodias,0.8630103
herodis,0.8626518
sapidissimus,0.7730443
phylacterium,0.94108844
recubitus,0.88235736
rabbi,0.9730302
parapsis,0.9102015
hypocrisis,0.91942453
pseudochristus,0.9713396
subreptio,0.8757459
suffarcinor,0.9281996
prophetizo,0.92483497
acheldemach,0.93238366
calvaria,0.94025815
sabacthani,0.95842546
pilao,0.83322024
parasceue,0.9419236
corrado,0.8636535
ceruical,0.8470983
suscipo,0.60334015
gravo,0.65875804
decapoleus,0.91141725
adcurrens,0.9180522
incomitatus,0.8316005
praecogito,0.76290333
significantis,0.80329347
geminao,0.59969753
salome,0.97130096
magdalenus,0.9285334
gabrihel,0.948511
pugillaris,0.77660733
chlamidus,0.8636893
timoratus,0.911366
iturea,0.9535929
lysania,0.76202023
iohanna,0.899438
menna,0.8020883
seruch,0.89977205
dorium,0.7659756
insimulatio,0.60870326
maculata,0.5916646
puplico,0.82598525
centuplus,0.8688371
erubuo,0.7062942
passive,0.5011487
supererogo,0.8992326
trilinguis,0.81610405
uilicatio,0.90094066
chlamides,0.9302273
venior,0.852352
sudarium,0.95033145
lintea,0.66733557
adficiens,0.8453319
manico,0.55356157
agonia,0.9448555
succlamo,0.83269954
superscriptio,0.89737296
subsecuo,0.7709887
emmaus,0.9068097
cephas,0.958781
festo,0.7103784
sychar,0.89585996
coutor,0.6675271
adorabilis,0.82132924
probaticus,0.8927757
temeraris,0.46209368
mithr,0.7224155
ignorabilis,0.6726051
teletus,0.624591
quadriduanus,0.85667324
instita,0.9040748
pisticus,0.99800116
lazar,0.60542494
bethsaida,0.9990558
saluifico,0.6993024
philippe,0.5296987
ostiaria,0.97085917
malefactor,0.93316257
ihesus,0.7981584
crucifiga,0.8739232
inconsutilis,0.8535219
sacrator,0.7362563
pulmentarium,0.9222375
connumeratus,0.8223719
apostolatus,0.9489061
contamen,0.7447245
conlaudans,0.6962615
barnabas,0.9709978
saffira,0.87722844
gamaliel,0.7962001
timoro,0.9451319
candax,0.94205105
ih,0.9879862
dorcas,0.5951677
coriarium,0.5850018
barnabus,0.94184643
barnaba,0.54445434
lystra,0.6380093
attalia,0.8584604
sila,0.6871371
seminiuerbius,0.75969636
scenofactorius,0.9048119
sceua,0.69396037
erastus,0.9396384
ualedico,0.8915651
sopater,0.8408713
beroensis,0.6088703
trophimus,0.9058223
eutychus,0.87510794
transnauigo,0.9338566
miletum,0.92727685
abstractus,0.70687777
uera,0.666312
innumero,0.5268053
accersiens,0.8312993
nauclerius,0.81758964
dysenteria,0.94624025
impaenitens,0.9424782
causo,0.7765789
oboeditio,0.97164917
conplanto,0.9999998
condelector,0.81443125
legislatio,0.9214984
compunctio,0.8576995
cernendus,0.847572
improperans,0.99999994
phoebis,0.93517494
ephaenetus,0.97768205
stachys,0.99999994
aristobolus,0.8462398
herodio,0.93367684
tryfena,0.9868897
tryfosa,0.9859552
asyncritus,1.0
flegontum,1.0000001
hermen,0.9999997
patrobas,1.0
filologus,1.0000001
rufa,0.8235853
persuasibilis,0.8673711
comparans,0.75987136
superaedifico,0.9419508
pedagogus,0.8889737
consparsio,0.82784915
concubitor,0.88940275
ministratio,0.89101595
citharizo,0.94493544
miserabilior,0.805543
osea,0.8070173
nahus,0.88721806
malachim,0.55493736
canentum,0.6186612
superextendo,0.7743467
coetaneus,0.8751615
subintroduco,0.82318723
reprehensibilis,0.88411576
iudaizo,0.92559546
anacletus,0.9180182
telesphorum,0.89285547
conuiuifico,0.84201807
paternitas,0.7889782
superabundanter,0.9386565
stultiloquium,0.9640846
cooperator,0.91370875
desiderantus,0.92636204
expoliatio,0.92582434
honero,0.73779833
laodicensis,0.9176793
passo,0.5969729
supercresco,0.8599694
inlustratio,0.63011837
plagiarius,0.8863068
deformatio,0.7465607
elnaiscor,0.8955502
cauteriatus,0.7770089
adulescentior,0.7956226
renouatio,0.81395704
differentior,0.93263817
administratorius,0.9556854
subiecio,0.9503362
discretor,0.72186446
inchoatio,0.854402
longanimiter,0.91086924
inutilitas,0.96307206
introductio,0.8259728
interpellor,0.73588157
uetero,0.7304288
propalo,0.864024
subtractio,0.7684356
melota,0.892771
consummator,0.8444631
accensibilis,0.8000885
beneficientia,0.72972023
celerius,0.531634
inmarcescibilis,0.9436375
praecognosco,0.77854186
discolus,0.8892542
compatiens,0.75391436
accusor,0.92214376
appetitor,0.8765147
subinfero,0.69359523
caliginosus,0.872386
incessabilis,0.81735677
advocatus,0.76036966
profuerum,0.7663847
w,0.60899365
patmus,0.8980757
inunguo,0.7466674
cristallum,0.9188716
commentarium,0.80309033
scorpium,0.86078984
eufro,0.9065157
amarico,0.8749235
caracter,0.916559
miscite,0.5757671
spatio,0.8481338
idolatra,0.80030394
sardinus,0.8726926
brabium,0.81527746
inexterminabilis,0.5189902
incoinquinatus,0.92738485
respectio,0.8760475
carthaginens,0.9283379
vigilo,0.59300476
flagellatio,0.7139728
emanatio,0.8905596
doctrix,0.66319436
uenditum,0.734642
infestatio,0.8390144
fragilior,0.81148815
inquinatio,0.838861
deploratio,0.7971204
affeo,0.71318567
tremebuo,0.4929575
exterminatio,0.82593787
uexator,0.74401426
memoratio,0.66278964
inhospitalitas,0.9187975
eustochia,0.87419057
bethlemiticus,0.8902037
paula,0.87972987
caelsum,0.57219166
masum,0.717141
ssus,0.44661492
reminiscio,0.9171368
lat,0.50033975
reg,0.88462317
irtus,0.63350713
stm,0.8452423
uin,0.7185498
heraclius,0.91243476
tigrida,0.62026066
lebs,0.56612784
nectarium,0.5028099
sisinnius,0.90715337
damaso,0.82407033
lucilla,0.6961484
osio,0.7529387
gigo,0.7886699
andreus,0.8368604
agatha,0.91649115
contendendus,0.78966415
duodeni,0.7058526
fu,0.6174091
perpo,0.5759484
culum,0.5796032
uigilius,0.8826082
rnis,0.55209255
ides,0.47885248
simmachus,0.5951772
gina,0.5990182
diogeni,0.84091884
vnius,0.8050306
inden,0.99999994
uirguncula,0.84368145
nuncopor,0.7605268
admonitor,0.6368944
cerna,0.61053103
cupiendus,0.745224
consularius,0.83445835
trever,0.82310176
vocano,0.7311955
transmidior,0.7983438
palmata,0.5709046
abstinentus,0.48000404
frugalis,0.78269136
substantiola,0.8499814
medelus,0.75892675
transmeabilis,0.779735
nepotulus,0.78646106
uerecundo,0.87115943
laborifer,0.7790481
aspera,0.77307403
emendao,0.8457459
pappus,0.829048
scutica,0.85041016
trevericus,0.8394306
duplice,0.46681905
conreo,0.8746694
quadruplico,0.8042884
arctoo,0.8695884
haeduo,0.6231922
lucane,0.68413806
atropus,0.4775733
devota,0.7823484
contextio,0.8930253
jupiter,0.7767794
praelio,0.854368
prasentia,0.5581632
perlo,0.8286921
xix,0.88917357
scamander,0.7666944
reservao,0.87098527
irus,0.7640454
punentia,0.411927
conpraehendo,0.8946525
ar,0.42459226
concordao,0.8585843
abusio,0.9221581
efficientia,0.8751678
canthus,0.75181943
remotissimus,0.6350008
tenebricosus,0.8233151
vox,0.8244476
prodio,0.6059032
univocus,0.94896674
aequivoca,0.9094235
aequivocum,0.93482375
aequivocus,0.83537734
grandaesco,0.52541006
audibilis,0.9565774
differenter,0.7701452
impudentus,0.5799235
ueratio,0.5815133
scissus,0.79738766
moesis,0.61038554
uisno,0.89325315
sonuo,0.7812235
persius,0.8539855
satiricus,0.88595694
assensio,0.8511565
auicula,0.58365446
itane,0.8417255
perpar,0.70169705
conformatio,0.84529877
macellarius,0.4964325
improbabilis,0.83111066
epitomo,0.8286623
xxiiii,0.9181516
aduersarium,0.64006376
gneus,0.87759805
inexercito,0.9079685
iunium,0.829708
censuo,0.79759777
baiularus,0.8578067
triarius,0.85049474
exercitatus,0.7675816
moriundus,0.67332625
conmoror,0.78966117
matricula,0.9478376
huus,0.6891898
promotio,0.82217383
perennitas,0.930243
uexillatio,0.764727
testimonialis,0.76309013
prouisio,0.9045242
electissimus,0.8440512
cxxxiis,0.78532577
augustalis,0.8941208
adoptas,0.7976121
metator,0.8220625
bucinator,0.9287739
mensor,0.8404302
munifex,0.7396934
supernumerarius,0.91629773
primiscrinius,0.91956604
quaestuosus,0.76385987
loricor,0.7785949
abbreuio,0.6502846
exigio,0.82115835
quantolibo,0.90133584
eso,0.62495065
erogatio,0.9147816
adhic,0.7813799
indego,0.7847069
eueno,0.870304
inpugno,0.87691206
lapidus,0.60150653
preuenio,0.7839104
autens,0.52295446
ostensor,0.8614477
pedio,0.6083077
deificus,0.8564933
ambro,0.7936903
criminosissimus,0.78618
euinio,0.6935755
peruinio,0.92377293
prognostica,0.86782783
xliiii,0.9625066
consitutio,0.48144013
complementum,0.7844075
cohortalis,0.8205086
periclitas,0.5538317
cylindrum,0.807876
inpugnatio,0.8686149
absidus,0.7769137
colligio,0.7804119
adnotatio,0.880421
missurus,0.61515707
clausura,0.5602099
rauenna,0.9041508
liburne,0.8420974
aresceo,0.85729456
scafa,0.78086376
caecias,0.88534105
libonotus,0.8759402
adtestatio,0.62067676
imparo,0.54974025
bipin,0.78523195
adolescentulus,0.9039215
euagrius,0.84709644
adorto,0.7838167
nescioquid,0.8298231
immus,0.6595632
lyrica,0.81790274
transmido,0.8704216
delico,0.8632625
prohibemino,0.88636875
uiolatio,0.7768223
inspector,0.8832225
praov,0.7767609
conuincendus,0.83533156
recusavi,0.90492564
rninus,0.7727893
perspexi,0.8947115
pateficio,0.7872679
provior,0.8314675
promiso,0.86977017
malac,0.770459
psal,0.9393531
bu,0.6269163
exodus,0.7564467
luc,0.7817513
regen,0.88994503
jo,0.7712676
judaei,0.6118468
joun,0.90250254
xxviii,0.78520966
scripts,0.6136423
cxxxius,0.99416035
adolescentula,0.8186117
haereditaris,0.8624252
hyssopus,0.8472109
aeternalis,0.846669
xlium,0.7244277
regs,0.84461176
xxui,0.9434945
ciii,0.99999994
iocundum,0.85059863
demeter,0.69023067
macharius,0.81780034
uentilatus,0.7701484
fuldensis,0.8399149
lu,0.5107185
cccxx,0.7695815
nequicqua,0.9113046
pharmacum,0.6984416
impurissimus,0.5229474
caelicus,0.84135187
quouum,0.40763924
laudus,0.5248164
tectos,0.8191382
immistus,0.56523705
peruersus,0.7124754
transgressus,0.56589943
absolo,0.701987
inuisa,0.8000012
uirtutium,0.6146722
obicus,0.70665103
satyra,0.77246684
bas,0.75249183
uernum,0.813926
neapole,0.71386814
indefectus,0.8915492
adgaudeo,0.40502846
sicio,0.6598326
beneuentum,0.7235972
uernis,0.7924848
pinianus,0.8036317
decachordum,0.75191987
eunome,0.82040787
puerus,0.7361561
