Token,PRT
diuus,1.0295396825766965
emo,1.0157628600539945
cano,1.014559346936248
deus,1.0618264661063874
supplico,1.035201136614865
cuma,1.0487841180984352
tono,1.0181764334971304
prae,1.0324893004542721
quot,1.0069574419660992
ibo,2.148818734865797
de,1.014106396809157
hic,1.0069073422507633
cum,1.0108358740472663
omnis,1.0125823674482952
uero,1.0341752390678847
nex,1.0111505379273302
fortis,1.0180778861729909
sano,1.0280510885240044
res,1.0147633249404893
ubi,1.0138142115863507
paco,1.0225170881023926
oro,1.026420332221377
nemo,1.0101803091736943
uoster,1.1660414081501054
mulier,1.0243251031821623
mustela,1.0887913241510108
posthac,1.0222306873881255
numquam,1.0638536026424472
credo,1.0113102293583733
nam,1.0081183215349496
incertior,1.1881626052925351
nullus,1.0068278214565647
nosco,1.0178233578383522
bestia,1.0363437753337914
quin,1.0124823336871172
in,1.0101515400473235
dies,1.023492002138587
muto,1.0080822798938034
locus,1.0221591901206237
is,1.0210469159448874
ego,1.0131023479251928
capitalis,1.0180323569563718
meus,1.0336321342155617
non,1.0065410829299501
hercle,1.1040525716256153
usquam,1.0154709489286486
quisquam,1.0178779462536787
nuto,1.018970017206931
neque,1.0068588185701817
nicto,1.214112499314325
tu,1.0096960142165678
magnus,1.0088924755883275
praeda,1.0137533200190167
ago,1.0198108332094322
possum,1.0164771755130608
dico,1.034909119531112
ex,1.0097033669686148
ager,1.0162423443597974
hostis,1.0101815256633502
qui,1.0076508889279951
circa,1.0511684441754476
thyatira,1.1194634331446989
sum,1.0070397637829778
hortor,1.0148776228323655
perpello,1.1030016155277906
livium,1.1437846328373837
ut,1.0102355407571835
quinque,1.0165054438415693
mille,1.0250879045705978
miles,1.0095989193212251
sui,1.006836099251385
mitto,1.0290218830398008
ingens,1.0078635412265669
intra,1.0323600750757385
paucus,1.019495898977564
auerto,1.0329913880523773
inter,1.0098284409218843
seditio,1.0106934411135424
orior,1.0151249676140761
quidam,1.0157415205110307
ad,1.0099587744434178
antiochus,1.0329403814460512
multitudo,1.0185333405860733
animus,1.0066882070488028
auoco,1.0789281366069938
grauis,1.0404546015507703
hiberna,1.0795961717524856
nauis,1.024074380402385
tributum,1.0240291883319672
quod,1.009443229762795
toga,1.0141381502290592
quingenti,1.0307138576855417
tunica,1.0270886632347151
etiam,1.018794287028372
inopia,1.0122858679725188
frumentum,1.0254004752462516
propter,1.0190007762211513
quoque,1.0204406650922428
et,1.0178163185820521
praesidium,1.0160350639923674
romanus,1.0499275849041418
excedo,1.0249536998995954
tum,1.0257205109302603
libero,1.0358021000760744
metus,1.0066063050650418
factio,1.0133806564389645
plebs,1.0596330055041847
contio,1.013596530338873
traho,1.0089654661854182
senatus,1.0186760745294308
optimas,1.0208768048725931
societas,1.0528078929266051
persto,1.0307704708859167
censeo,1.026076075555705
defectio,1.0202046196303887
auctor,1.0190907121194184
plus,1.0086766599542665
apud,1.0081604238581876
ualeo,1.0211229188657471
rhodium,1.2374247234379918
quo,1.0072934624692103
magis,1.0095469769671366
cesso,1.0417357676243222
prior,1.0143106832860656
aestas,1.0133871447845029
mature,1.0161554338631664
aequinoctium,1.0512300931777505
uernus,1.0520566637183708
idem,1.0287947209044692
classis,1.0113466850837056
praefectus,1.0300482011164556
sex,1.0130543875855005
triginta,1.0174432538746885
iam,1.0091435881500868
liuius,1.046990071788758
ab,1.0105693093624424
canis,1.0109807839594962
suus,1.0141191469782274
septem,1.0206491261903212
eumenes,1.1788668717588957
rex,1.0172540484849888
adduco,1.0140890497382
hellespontum,1.0383136325290927
peto,1.0091454091422332
transeo,1.015276209426086
exercitus,1.0472656089068553
terra,1.0326779233697232
uenio,1.0216545097211516
opinor,1.019415616295857
praeparo,1.028250444923884
opus,1.0197488473041645
portus,1.0112851751914331
uoco,1.024041251661749
primum,1.0093031319938777
adverto,1.1630039595834119
inde,1.0253238342523054
ile,1.0829285931488302
sacrificium,1.0599848153143816
que,1.0082915390843012
,1.0541586926665254
facio,1.01183866757695
legatio,1.0143195751726155
finitimus,1.0130470471178858
dardanus,1.0458012278920954
trado,1.0165156676329208
fides,1.040809608800333
ciuitas,1.038233507139442
benigne,1.0181739000668235
fauces,1.021903613138355
nauigo,1.0108505519750164
decem,1.0152767623829704
statio,1.014849383579335
contra,1.0162179685278736
relinquo,1.0066298595800325
ceterus,1.0120979651404094
europa,1.0410584518530162
oppugnandus,1.0499052456600835
subeo,1.0082852976143184
armo,1.0091195516696603
murus,1.0243870212195647
fanaticus,1.2239047991303145
gallus,1.0099886878148123
sollemnis,1.0401785088755342
habitus,1.015865757523831
ante,1.0166067669982073
porta,1.0251655125734074
occurro,1.0107274167653162
iussus,1.021272907123617
mater,1.010686621903129
famulus,1.0324350396445767
dea,1.0175205108679277
memoro,1.025036548189111
precor,1.0184793001315502
parco,1.0127148188445712
moenia,1.010351619757615
urbs,1.0090544282737055
ne,1.0103866068677099
ecastor,1.6488938243789995
miser,1.0062318759742366
uiolo,1.018272218769422
mox,1.0163028581082714
uniuersus,1.0353295408970884
magistratus,1.0306173636118923
dedo,1.0161186921823826
procedo,1.0316024643772155
traicio,1.068449154269411
tempto,1.0201832171228042
per,1.0175992608989743
colloquium,1.012732852517282
nihil,1.0042473302969863
respondeo,1.0321423583875482
oppugnatio,1.0232035574360363
expedio,1.0255084688781717
dum,1.0087529552106707
gero,1.0138972907528947
regius,1.013735433745324
praeficio,1.019529725560011
autem,1.0274724857471185
exul,1.0206823462920056
audio,1.0162181531888712
prŏfectus,1.025320951821964
domus,1.0325963138934209
popularis,1.0214878033722485
superbe,1.019597323495767
contemptim,1.0433091147614058
contionor,1.0603408796879679
praecipuus,1.0166363362248247
certamen,1.0148765791798304
aduersus,1.0214667201391958
sumo,1.0101312262601596
alius,1.0162160603681627
nox,1.011482228328698
agito,1.0090660199873935
quam,1.0045467173773508
uerbum,1.0335773075007841
magnifico,1.1044909219546362
homo,1.0156042800961438
ille,1.0094636981022183
patria,1.010191561814805
usus,1.0137538713183012
licet,1.020593619294586
restituo,1.0106511878447282
quisnam,1.0082924480426865
modo,1.0102696073000057
mirabundus,1.0859144910792013
percunctao,1.1507645383066865
do,1.0096090654108367
communiter,1.0370329803395246
aut,1.0152929212778983
tego,1.0114842407153188
silentium,1.01375736289436
internuntius,1.1852774567609257
regia,1.0159401297603528
totus,1.011113669783097
maior,1.0225509908231238
pars,1.0162288020865828
pretium,1.0137852963687048
tantus,1.004390297081259
meritum,1.0224322788263747
paciscor,1.0358522385097948
redeo,1.0056416386982368
magnitudo,1.0142245320448087
aspernor,1.0125656224847632
efficio,1.0224979564931105
ibi,1.0178123050145886
exploro,1.0153881647583924
offero,1.028600324547212
ultro,1.0097499774002363
citer,1.0314004746704903
nuntium,1.0733277427434715
curso,1.0876609606638348
coram,1.0684409890896494
nuntio,1.025952967599701
manus,1.024539346427181
scribo,1.0190244192206535
polliceor,1.0084932468129362
signum,1.0287069748402617
imprimo,1.106139572485889
pignus,1.0192790532862168
uelut,1.0320814040112674
auctoro,1.1719416049909805
proditor,1.023986875168226
ratus,1.0349609592114535
enim,1.018475034024107
sub,1.0157308818231072
uiuo,1.0171181256215953
semet,1.0354327345835634
ipse,1.013289950723469
indicium,1.017200328710872
testor,1.027628688362826
ratio,1.0167964711428852
simulo,1.0086220837838717
proditio,1.0128228470864256
compositus,1.0109754229537216
apparatus,1.0149221335412717
remex,1.018733723665796
socius,1.02032138767274
naualis,1.017785939750663
frequens,1.0116062184913472
habeo,1.0078868518746802
simulatio,1.0109015321555883
reficio,1.0181472071283588
propinquus,1.0145851158040537
ephesus,1.0950148259456627
salum,1.0938155978560526
si,1.0099230874342433
exeo,1.0255801847035313
cogo,1.007694102197378
neglegentia,1.0211059523922554
extemplo,1.0341692467656198
commeatus,1.021966795065189
accersendus,1.2254529815441575
samus,1.208716072885426
maneo,1.0134174452339098
paro,1.006253904154305
accipio,1.0109661631685731
augio,1.0568301073458983
error,1.0124623537464246
subduco,1.0199885265687267
accerso,1.017105053286537
sed,1.0058036949695714
occulo,1.021484382729568
forte,1.021062575474097
privatus,1.013625985949586
causa,1.030357729800532
pro,1.021857616630173
speculator,1.0434733501009221
deprehendo,1.0158484117196287
deduco,1.017544085225877
percuncto,1.0406349149639105
quis,1.0039435558448606
incertus,1.0063246422561056
an,1.0153232129116319
erga,1.04088838869425
haud,1.0251214142521754
sincerus,1.0234341878129145
aperio,1.0135525644416483
instructus,1.0202654821028327
sto,1.014863134671457
remigium,1.0301073343655764
perpaucus,1.0448889135518609
detego,1.0295191501167116
intente,1.1021484029597661
administro,1.0261240843702035
uus,1.034037115026134
spes,1.010746658470107
uanus,1.0213841991579182
praeoccupo,1.0335116631863537
satis,1.0085025219752377
comparo,1.0108542672027534
magnesium,1.5801340982275638
raptim,1.052135835842082
tam,1.0065374597258212
absumo,1.0118664954129148
conspicio,1.0103454136015542
prŏficiscens,1.0441813019454371
nolo,1.0405049332955432
post,1.0097714913585811
sol,1.0119364379162037
occasus,1.0194048385652223
proficiscor,1.0177035185203944
septuaginta,1.0463975311398581
uentus,1.0545390227213558
lux,1.0226031580397381
interdiu,1.0234826365237006
ob,1.0279111945666797
proximus,1.0152351079840554
hinc,1.0296412197320095
archipirata,1.0876116040317543
atque,1.0193025234171669
qua,1.0154913551184506
iter,1.016867528298822
tergum,1.0103773578656086
duco,1.007722549929886
interim,1.026077330630922
diuido,1.0090410162043513
uterque,1.008759748352647
teneo,1.0344810023774198
primo,1.0283302973759068
turbo,1.0118452582418762
parumper,1.0130913362211027
deinde,1.0158548086848564
uetus,1.011448628753275
celeriter,1.0183285860097524
colligo,1.012047596811509
melior,1.0072016058826492
arceo,1.0163168948801902
mare,1.0179813962457194
duo,1.0080223171597413
agmen,1.0113179104465015
promunturium,1.2426209728937023
cornu,1.0387851898889988
obiectum,1.0765181039049572
altus,1.0166493965142167
facile,1.008829140686108
telum,1.009749005039592
anceps,1.0190340128972317
summoueo,1.0763942661394668
inceptum,1.036772731244555
uisus,1.0324376445414094
repens,1.011487899620599
consilium,1.0166221674224327
conscendo,1.016906666359564
iubeo,1.0105705876605842
pariter,1.0414170389202029
nauta,1.020357006624785
trepidatio,1.0314931835145202
fuga,1.0137911772963009
fio,1.0126761861549747
simul,1.0178873330870097
unus,1.0079614531953114
uia,1.0287877814183095
salus,1.0240551904744377
uis,1.0273097255776744
erumpo,1.0118092547300885
postquam,1.0232401267930487
uideo,1.0123648482872205
sequor,1.010196853684049
princeps,1.019583753621855
concito,1.0127751577547384
remus,1.0237668031183327
ostium,1.0342071779354058
tendo,1.0158219020782575
supero,1.0120377068921493
tres,1.0091531787825645
circumsisto,1.044996430041171
rostrum,1.016156541693801
ingo,1.1227887580156697
supprimo,1.046024093470966
obruo,1.0081652098124814
propugnator,1.0462714563334934
impigre,1.030595901835361
pugno,1.012221434540096
interficio,1.0208146893202632
reliquus,1.0106436995215513
deprendo,1.0372157005616547
molior,1.0136999080872358
tantum,1.0235077991973953
rhodia,1.1668201704772079
coeo,1.012646785719287
effugio,1.0103273431695807
terror,1.0133300379542387
flamma,1.0113379062072574
mico,1.0218134290269967
confercio,1.0896771227646385
contus,1.057592104893228
binus,1.0127313242150255
prora,1.02628471121563
promineo,1.0291268532034497
trulla,1.1158654037692046
ferreus,1.0222007918435556
multum,1.0099791420952586
conceptus,1.065893302004339
ignis,1.0205993311349293
porto,1.0204211766569178
erythraeus,1.062524489458711
triremis,1.019232240105352
procul,1.0118852922734864
fugio,1.0070585026408758
cursus,1.0130712098916794
confidenter,1.0680070533264583
pernego,1.030877888411747
tempus,1.0142697212979632
seleucus,1.0426498389777104
prodo,1.0150556276840592
una,1.0802905626755883
custos,1.0224765199703665
recipio,1.0191247594439126
ora,1.0261609255525765
aliquot,1.022982324895418
obsidio,1.022328732131262
tolero,1.0284629920537744
regio,1.0152223911716425
tutor,1.0335974290572982
fessus,1.0139999944396019
philota,1.0595450058950917
permitto,1.0184043702260444
condicio,1.0354588078225044
distineo,1.1193537148227424
uter,1.011208801170352
armatus,1.0137512373382427
inermis,1.0121442473700093
emitto,1.0315979607617827
parum,1.008176235854797
conuenio,1.01309837144888
interuenio,1.0532248026256894
nuntius,1.0466860774514017
clades,1.0115518127689151
metuo,1.006245635929818
successus,1.013261432578729
inflo,1.0228664437244444
opprimo,1.0109108516692258
custodia,1.027248271389413
adiungo,1.084769749480058
ualidus,1.1206102260962496
castra,1.0136201681777026
depopulatus,1.108545981964043
maritimus,1.0351135078013187
impono,1.0126469079628864
moror,1.0091745459103845
adsequor,1.0294864893987021
intendo,1.0208427646137386
pauor,1.024629011144659
luctus,1.0148782367466243
praeter,1.0181996674947538
iactura,1.016024972926738
flos,1.013222329835405
robur,1.020099228712277
iuuentus,1.0240673794332904
amitto,1.0145073223543573
multus,1.007338701494267
nobilis,1.0124596653742286
auctoritas,1.0733667467240247
maximus,1.0099974432831158
fraus,1.0112350096300255
capio,1.0112276955046182
ciuis,1.0152469650091955
potissimum,1.0317134179683705
foro,1.025401916682965
ira,1.0171178789706539
uirtus,1.0112486629472097
bellicus,1.013901212229992
haudquaquam,1.027088977622825
cautior,1.0285161425666742
quominus,1.0552423617148383
dux,1.0108716255958534
applico,1.0373673751820796
posterus,1.0510857299516922
corycus,1.1701079453749283
iouis,1.0528371610021887
adiuro,1.0983712078955485
uxor,1.0120842888801378
satin,1.0442442139395254
uolo,1.010719257529421
expecto,1.0074285868007118
ortus,1.0173890822464524
status,1.0303427330144719
caelum,1.0380120219016047
noto,1.0154019919101762
gubernator,1.042971073451273
tempestas,1.0097224481635438
medius,1.0218747948145441
aquilo,1.0710419072867705
septentrio,1.0195543224882275
uersus,1.0367180192953003
exaspero,1.0589219320061833
fluctus,1.01178875218026
iacto,1.01066920897975
coepio,1.0095757724190242
coniungo,1.0190585859120866
insula,1.0168098436737871
praeteruehor,1.0281011723830222
aberro,1.0203821399601791
postremus,1.0258663956005898
opportunis,1.0859309383482412
adorior,1.0389050278900642
spargo,1.0122261980580856
occasio,1.0181818711462127
paulus,1.104629309690958
increbresco,1.0653632618428774
uoluo,1.0252402503516829
quia,1.0463116507987151
peruenio,1.0078925434694246
exiguus,1.0103726725804756
primus,1.0103536276479588
tenebra,1.0159648614028491
desero,1.0262611067768819
iactatus,1.0382461002067553
decurro,1.063037293582574
agrestis,1.0086882429901518
cognosco,1.0206065951981556
decerno,1.02908235030869
dilato,1.0397393849348617
ita,1.0122241827180798
placeo,1.0101412005924817
unde,1.0107096371070787
traiecio,1.3293647561312267
frustra,1.0101134067543127
uacuus,1.038207807949932
eo,1.0103459612004926
expectatus,1.054114846460728
appareo,1.020338079868509
detracto,1.0231283051750526
pugna,1.0105899451420024
intersum,1.0623883096110616
timor,1.0209067472688038
confessio,1.0687085997798018
exprimo,1.0511880709578214
frons,1.014082491106266
acies,1.0089447753426382
steto,1.120281658032901
ancora,1.070534126927712
expono,1.0113716813305735
late,1.0117478105865076
depopulo,1.080671539470445
andronicus,1.0827666581089381
macedo,1.0745816826565504
appropinquo,1.0407118608236858
eruptio,1.3898714412392752
exuo,1.0139565450544887
insidia,1.0131758877751096
fermes,1.075400797492657
pono,1.0162605038835408
extra,1.0194780572888613
macedonis,1.2191791702319767
suspicio,1.0072553632340495
deterreo,1.0167663996393819
italius,1.0244689021177356
fretum,1.0218882390138835
tuo,1.0335301904653893
praetor,1.0493567214007222
infestus,1.0070206025107304
latrocinium,1.0250563385754705
lacedaemonius,1.038593172252456
claudo,1.0134671541378701
italicus,1.0297231211631002
aemilius,1.04821200838009
regillum,1.052971960502857
succedo,1.0113046819783993
imperium,1.010282687029509
quattuor,1.0345743296658843
asia,1.0109608023178587
reduco,1.020287818776545
atheniensis,1.018078565744382
aegaeus,1.1648500992543376
intempestus,1.0164991618549135
aemilis,1.1582302949434788
aio,1.0368392390240575
onerarius,1.0365950345902064
excursio,1.0624097704218847
creber,1.0223927765897312
illic,1.018142016997297
obuius,1.0320155051920594
rite,1.0743306603376084
aduoco,1.0155186466059374
c.,1.142039514589423
rogo,1.019267783053374
sententia,1.0352291145353936
fidelior,1.028949180242811
alter,1.0111242119696955
suadeo,1.0262794377893771
saburra,1.1781398705151278
grauo,1.0340809002409845
minor,1.0170157141059362
claustrum,1.0151861469325822
flumen,1.0134233218944884
modus,1.0220794837045089
longus,1.0104264647020187
angustus,1.009241688285548
uadosus,1.0965007586586957
inutilis,1.0133797994938785
quaero,1.0179514399061436
tandem,1.0118621014423177
demergo,1.0326214182386648
freno,1.0469892223966315
mas,1.0306414221231026
liber,1.0333733980824356
ops,1.0128423520942904
ferendus,1.0176376528726587
praebeo,1.0178415121592184
nihilum,1.0359776058326697
minus,1.0099739741058216
siue,1.0548729321091088
abscedo,1.0204713267489238
dubius,1.0225400843717272
moles,1.013021356318927
obstruo,1.0342972038825256
sin,1.0196993879572847
attineo,1.10018001223514
tutus,1.0062400232709128
opulentissimus,1.0442918579211198
fruor,1.0101769030182448
quietus,1.031748187068906
aestiuo,1.0347378046275875
obieco,1.050866626529177
inops,1.0146002709637865
adsiduo,1.1620777297184826
impedio,1.0281357614437079
agendus,1.0208429509593409
displico,1.0347946054446877
ostendo,1.0087021308550657
omitto,1.0217602222666804
praesentia,1.0966681901423108
mittendus,1.0298558594802882
lycia,1.1099068145429594
caput,1.0308621797345316
gens,1.0247440402284276
incumbo,1.0330460254039724
bellum,1.0101445456870628
cura,1.0149649288971079
cilicium,1.2708165586242848
intercludo,1.0274220856099745
moueo,1.012271392638709
tamen,1.0136445420261029
eueho,1.0281019914049156
infero,1.0138695349150186
rhodus,1.03602865693585
adeo,1.021363431094074
communico,1.0350288949300956
miletus,1.0906100895833288
cous,1.3331345748533865
imperatum,1.0573099751314468
enixe,1.0658509118857522
consulo,1.0129827002388694
approbo,1.066836100042846
cunctus,1.0183414425700938
secundus,1.0309957821096483
fero,1.0107054967285178
spero,1.0151427186850475
subito,1.0078088713911393
aliquis,1.013910893506461
circumago,1.0336260845248446
peruinco,1.0717718901176136
quidem,1.0189825805236108
aspero,1.0511774012738024
spatium,1.0132713464298544
disto,1.0448139514651338
insuper,1.0721642843585661
inmineo,1.1388424304812408
rupes,1.0102300051609763
oppidanus,1.074403587848285
equidem,1.0182605999824719
phrygio,1.1549950811625391
palla,1.0203417410551112
refero,1.0113727787550912
quamquam,1.021888487983874
iniquus,1.0147919276903072
difficilis,1.0115628520218425
exitus,1.0120050471118869
expeditus,1.0190435448580206
iuuenis,1.037786907859169
missilis,1.0376959525059661
leuis,1.0247125579939713
lacesso,1.0106201394236654
consero,1.0108797872919881
sustineo,1.0151775469845616
effundo,1.0210748175834403
incedo,1.0205139706180675
auxiliaris,1.057632173794145
circumuenio,1.0200631936121531
periculum,1.0166974514110079
solus,1.013557524191827
turba,1.015382388193174
quisque,1.0164575302587155
proelium,1.0131184988575466
educo,1.0213466431567795
solum,1.0175862379131726
l.s,1.0384496876768303
tumultuarius,1.0281028734299527
cado,1.0129819662912054
fudo,1.0330624368198738
fugatus,1.077708480943299
compello,1.0216049897670318
incruentus,1.037976187176553
uictoria,1.0087422804581292
sinus,1.0241695905822297
latus,1.0172906255847511
contingo,1.0170000551623135
ample,1.0291248962576698
dimitto,1.0244384376418911
graecia,1.0154497445701949
transmitto,1.0392771971878116
scipio,1.008279238008651
thessalia,1.0474420130905777
italia,1.0203422995435125
aemiliter,1.0435141736223017
lycium,1.6108596485669324
profectus,1.061278038867946
repello,1.0178471932361992
irrio,1.2063581453400891
reuerto,1.0428358404706095
turpis,1.0088765804497306
summus,1.0130739015125143
statuo,1.0543826168689243
hostiliter,1.046702663907272
potestas,1.0371163825312213
ii,1.1006463401241404
insisto,1.0161918704485615
uicina,1.0429465655441548
cognatus,1.0124820281775002
innoxius,1.0159614776493169
pereo,1.0124208077706958
sino,1.015983257111852
exilium,1.0132475412741921
pello,1.0133009667456505
mens,1.0111126338575478
seruitus,1.0146580733405033
amicus,1.0054167877452076
conuoco,1.031206613602139
lex,1.0170445056267716
nunc,1.0084564509546161
oportet,1.0333541763059255
istic,1.0286743025605058
prex,1.0239450654472333
necessitudo,1.034074271673337
commemorandus,1.0662988193897243
obsesdo,1.169255927361965
casus,1.098689925561556
misero,1.0112265983949327
abstineo,1.0243806414395193
lego,1.015293904345138
principium,1.034080262875018
sermo,1.0185176348742941
tribunus,1.0160826916051586
secretus,1.028986918780447
auris,1.0184247708406835
aemilium,1.129669996110139
abduco,1.017505823731227
tot,1.0062002536429233
impune,1.0147791605984537
conor,1.0140921758449581
percontor,1.013634620870974
num,1.0102503229212714
nanciscor,1.0182453970766046
filius,1.0611272787346937
hibernum,1.125805859805457
aeolis,1.155617529342609
contineo,1.0206842091654766
perlicio,1.159527890167438
finis,1.022324807488608
regnum,1.018703723032736
oppugno,1.0154231942743386
accedo,1.0111533412350582
arx,1.0140682095190143
pergamus,1.0786093377036905
attalus,1.0500903615626687
eques,1.0106600156852994
armatura,1.0305077849723963
experior,1.009788447920908
obsideo,1.009451064726418
caicus,1.1689893559722901
amnis,1.013357274599917
statiuus,1.1805509739261817
mixtus,1.0212482893687456
uarius,1.0296632736966491
merces,1.0192861747156856
conduco,1.0310064261777991
admixtus,1.0389627375303163
pervastao,1.3671242349291712
passum,1.0301003771603463
taceo,1.0093217122958191
quando,1.0156045874929032
memini,1.0120416750464512
domesticus,1.010853231808672
praesto,1.0122298012617323
pedes,1.0242101681265405
priusquam,1.0252549110098506
sentio,1.012080869872821
rursus,1.026365074892425
discrimen,1.0126277160791888
rego,1.013081487066364
copia,1.0101366391355746
consul,1.0189113512380947
macedonia,1.0344910168711676
urgeo,1.0256225042534024
pax,1.021539240161654
tumulus,1.0152445075719068
equitatus,1.008242033626305
campus,1.0114419213013426
descendo,1.0205497892561708
missus,1.0273876703799196
caduceator,1.0671265952548492
accio,1.0210324375218292
adhibeo,1.0186377278593497
honestus,1.024785664839847
inquam,1.0063454068634428
includo,1.0176807392766691
iste,1.009653662019102
sine,1.0104157545017034
populus,1.0448373108922997
pango,1.0424674016432212
resto,1.0091838336088597
ergo,1.0322985868452998
exhaurio,1.0126637778626835
penis,1.0710826599331758
instauro,1.0490239332194846
nouus,1.0255493406542893
integro,1.034133358153365
impetus,1.0143977691638415
prolato,1.3858261472629274
remitto,1.0174516454401628
hiemps,1.0499608984250226
dium,1.0297425241053748
perficio,1.0212304484548222
uinco,1.0108298446485935
responsum,1.0247630682026412
aduentus,1.0272207860718565
numquis,1.0803118485380692
seruus,1.0474364546021713
delinquo,1.0559718951571941
nequiquam,1.0252284720069849
evasto,1.1778069680878585
opulentus,1.017144517963552
thebis,1.1272421429002397
carmen,1.0134323206630855
homus,1.0402511947667799
nobilito,1.0187463430167134
ullus,1.0069356851443818
pario,1.0261959490951706
circumveco,1.0870954611352015
achaia,1.0836261590200431
centum,1.0104051662314018
praepono,1.0224950899292875
egredior,1.0308621797345316
ueteranus,1.0210219362615924
graecus,1.0247564333682346
imperator,1.01584908831791
discipulus,1.0816219853003939
biduum,1.0207043907306121
quies,1.0122649796484686
equus,1.0194556941096247
uiso,1.0224197549161536
radix,1.048766613331973
fere,1.023132610354137
collis,1.0218706869353045
populatio,1.2242883062962504
iaculor,1.0473154903501454
excurro,1.038636765472808
semel,1.0127368261247365
contemptus,1.012915181505519
sterno,1.0137772102046658
infreno,1.3671439535074366
arma,1.0068235919789053
ordo,1.0399204818494465
dilapdo,1.2684545014244886
lusus,1.0136978256259173
lasciuio,1.0342424341057288
uescor,1.0297507405553794
umbra,1.015746993680073
somnus,1.0110111234498773
alo,1.0130176251445888
pergamo,1.1880507861980825
contemplor,1.0197516984904684
aegre,1.0133643747301575
quippe,1.0257251515060364
sescenti,1.0640784255723605
cerno,1.0080517525196013
opperior,1.0257129857614995
consido,1.012662555387287
ancilla,1.0392057416291651
responso,1.0897636158614847
amentia,1.0178722648333998
audacia,1.0131733791684163
paullisper,1.0188180441848111
solitus,1.0155110859793965
eludo,1.0132323041138622
paucitas,1.0365749882871684
aliquamdiu,1.0282249855025638
spectaculum,1.0119463258563945
dilabor,1.0139930079684791
quantum,1.0094887835789692
accelero,1.0370330444405929
turma,1.0117263953648248
effusus,1.125059967331635
habena,1.0268717813122392
clamor,1.0118198724485303
pedio,1.064235561134874
tollo,1.012347866174126
improuisus,1.0266870324677868
inuado,1.0177881625304932
terreo,1.0075724608654093
uinculum,1.0383804024237022
abrumpo,1.0142509583783414
tumultus,1.01350382676285
multo,1.0123525087096072
numerus,1.0110491417673082
ordino,1.0459873121508407
semisomnus,1.5101771143017522
prope,1.0182802531920614
caedes,1.0119515750883494
passim,1.03592016336418
quoad,1.1027199637396008
decore,1.0269823482144589
specto,1.04406797549879
uir,1.0235756759038857
femina,1.0132657163177587
compono,1.0160557389967673
passus,1.0317026958535704
longe,1.0170019046187306
hora,1.016470031696347
inteno,1.0414178792952813
utrimque,1.0187826563245295
confero,1.026707514946948
abeo,1.0226241012153814
coepo,1.0553500943776675
quiesco,1.0170528906159968
conspectus,1.0494698859753795
pridie,1.0763413001794286
incurro,1.0771707082680215
incutio,1.0410463072558014
caedo,1.0078866096805852
restito,1.078005135959776
trepido,1.0121960298679957
uix,1.0119859405916347
seruo,1.052229868217385
eloquor,1.0372274353232693
colonia,1.0332877966630105
expugno,1.017201130456836
capo,1.0537106000401708
sardus,1.0223986955001692
os,1.0262911775146455
permaneo,1.073129196004585
retro,1.0350467103773988
immineo,1.0147398178790172
appello,1.00976784486044
templum,1.0259515873517704
egregie,1.0253806715695493
exorno,1.0153651817926312
diripio,1.0229388507868669
scala,1.041917884240234
intro,1.0617424020927517
impunis,1.130242368755941
m.,1.1476240616120554
frater,1.0276538664756882
decedo,1.0127716118043328
celebro,1.0509784710987773
exsequia,1.0422554373232478
fama,1.014677464997344
syrius,1.0406473081591356
tredecim,1.033300779162933
biduus,1.0179112332402804
rhodos,1.0902228537062193
syriacus,1.1163962339130418
missa,1.3225758593163812
carius,1.300750862471925
daedalus,1.0372730944085042
castellum,1.030166917189818
eximo,1.0666421853492158
confestim,1.0272392142801863
addo,1.0133725767285973
apertus,1.0835327297653012
maturo,1.023158941368265
praegredior,1.1067518580420515
consequor,1.0220681514578644
bonus,1.0113293713346037
confinius,1.0354501165969587
pamphylia,1.1071670008956473
phaselus,1.130494759105362
penitus,1.0470660652922195
obuio,1.1645469736675698
eligo,1.0292828646640215
prouideo,1.0572377506590716
annus,1.0202800008294952
insolitus,1.0150154038114527
odor,1.0317877175608352
ingruo,1.0184078939101788
morbus,1.0109694528096598
uulgus,1.0241431450074503
pestilentia,1.0205203644020413
sido,1.0516303947546652
nugae,1.0449907673012353
tarde,1.0213314723103843
etesia,1.0943454956296539
favoniae,1.160209309382492
forma,1.0217963151370015
adsum,1.0155202448015712
specula,1.027099226780614
tamquam,1.0700240297885957
sidus,1.0115599244616784
extemplus,1.9786256459462637
sinister,1.0264372245695452
hannibal,1.0697484615510178
dexter,1.0296382497860292
apollonius,1.1072872781147491
purpuratus,1.0383076564317186
praesum,1.048448220373142
praetorium,1.0374084279491806
concurro,1.0155129914925476
deinceps,1.0312405245201524
sic,1.0093401718352897
explico,1.0104531803389074
festino,1.020318285094313
praeproperus,1.0536013491851917
hannibalis,1.0563951064545054
extremus,1.0093600894641177
relico,1.0677086720858586
tristis,1.0068689700865883
admodum,1.020607153976533
momentum,1.042071778734059
demo,1.0200385101075353
quaeque,1.0292671414146501
venio,1.0557670936163948
lacero,1.0087431902293684
detergeo,1.0470931851631609
discursus,1.044812715201434
puppis,1.0163243443771641
exterreo,1.017787792066514
ictus,1.01087381827739
itaque,1.0244231122558982
inclino,1.0501746283279723
ni,1.037537572915652
dispergo,1.0410539944945292
mos,1.009763165226412
capesso,1.023160563702558
insequor,1.0240270007119328
aeger,1.0078968424825363
celere,1.0363983837656525
subsisto,1.0340427871374795
cibus,1.0210402670043435
mutilo,1.1094673104496495
uiginti,1.0209763918755983
turris,1.0202233553161666
praetoria,1.1056703279785758
exsurgo,1.0408723088784329
egregius,1.0091767919394417
consurgo,1.031138798456354
uox,1.0220857725871682
uulnero,1.0229125310994451
puto,1.0065635473777728
concursus,1.0293724142543266
pertraho,1.0334929455789839
laetus,1.0077754548776858
accuso,1.0134555223070607
submergo,1.0782070156524055
satus,1.6791142573650586
aduerto,1.017042594361812
audeo,1.0062239098561652
cupio,1.0100063813135873
rostratus,1.0621884764195548
quantus,1.0042972858881556
laetitia,1.0134284028122171
affero,1.0205494167790592
profectio,1.0176041368893765
ionia,1.2351247675658659
prohibeo,1.029583277283943
contraho,1.0336004218873793
prusia,1.0530139271961683
bithynia,1.031793999571224
legatus,1.0212766371900128
littera,1.016430865658129
increpo,1.0243636916256218
tollendus,1.0368816598100399
orbis,1.0316995871163983
nisi,1.0356755604888286
philippus,1.041015365653103
tertius,1.0155663487642508
incendium,1.0119033574469265
gradus,1.0453410614178098
uoluntarius,1.0398406883177012
motus,1.0127327302529319
africanus,1.0166377531267858
talis,1.0155904474345638
consuetudo,1.0208230123656905
perpetuus,1.0163957665846912
augo,1.0358981603643804
honor,1.0097597011096802
maiestas,1.0327787454075887
exemplum,1.0109854139647847
promereo,1.0434040418030401
amicitia,1.0084859722952146
regulus,1.0131582666055692
hispania,1.0185401424225826
masinissa,1.0145043777262526
patrius,1.0157110194357497
loco,1.0110217853497676
syphaca,1.1010204964234522
expuldo,1.0198375514585216
africus,1.0174307901873316
quiuis,1.0782266949991286
uel,1.0346847110758621
t.,1.2486615223397162
quinctio,1.1038785926831234
stipendium,1.0191915607141064
obses,1.0247287682866257
reddo,1.0165733188840438
patior,1.0072443573248961
dignitas,1.0254268604470502
furor,1.0171419280002285
aetolus,1.1123654298487489
confirmor,1.1451322642475568
roma,1.0131963242046387
edoceo,1.0248269172269129
quanto,1.01303444622986
certus,1.0139085038071087
sanctus,1.0652390687097337
firmus,1.083698534025448
certe,1.0116858858580713
familiaris,1.0181149550283228
fro,1.5234392508156929
decido,1.0228600828702925
mensis,1.0321896029815665
terrestris,1.0415063848479502
umquam,1.0396958279713184
feliciter,1.0165693151136468
tunc,1.0149668937633667
fiducia,1.026465170381113
fretus,1.0118848040345076
fortuna,1.004885343800889
oppidum,1.0156535889153102
colophonium,1.140504978131029
absum,1.0118282935560932
colopho,1.251124539689862
ferme,1.0452799709316598
mariue,1.1770304865001386
subicio,1.0390431685695625
oculus,1.012342001979644
dubito,1.0084018986105425
socia,1.0431608217790422
gerendus,1.0228110071751308
igitur,1.0187259295169988
munitio,1.0342143819845713
deducio,1.091875695551723
uinea,1.050953256265673
agger,1.0221134819522562
iniungo,1.0433397386864673
testudo,1.027765924040763
arietis,1.1004716283740004
admoueo,1.0144147587858936
malus,1.0068776715492933
orator,1.0262874735081524
imploro,1.0163385048791131
segnis,1.0175381606771354
diu,1.0057630554181078
mora,1.0192012194536686
offendo,1.0083097185633878
bis,1.018535442962203
provoco,1.1600924217421353
existimo,1.0097171004947774
adiuuo,1.0263144694223765
legio,1.0268335064489786
auxilium,1.017558464886315
alligo,1.016862474469668
insto,1.013808085343208
iterum,1.0188374095616572
possessio,1.0255929115490838
eripio,1.0125409949497928
petendus,1.0352691038690995
consumo,1.0110879550824068
horreum,1.0261085829939112
bene,1.0067288005818154
amo,1.012006268000324
filia,1.035193854938364
uos,1.0332933969170843
ambo,1.0177217303024215
auersus,1.0329549451627245
uinum,1.0259179606405284
retineo,1.0141535985577528
teius,1.168262524156861
uasum,1.0468971695265181
teus,1.1842096774455393
utor,1.0167057074531076
quindecim,1.04097615837277
piraticus,1.0716106732760717
celox,1.202119147483009
chius,1.2860649296134388
genus,1.0123548299933154
uerto,1.0150195795766437
celeritas,1.0134482372437463
leuior,1.0104783758785407
fabrefacio,1.3022969872670418
nauigium,1.0133456452911895
propior,1.0239637512832187
perfugio,1.1049220525297825
abstracio,1.1721367189718752
ignarus,1.0091517826665
meta,1.0530871621307778
acutus,1.0208992925661209
cacumen,1.0160090983633363
fundus,1.0226816993719035
continens,1.0733397595128045
arta,1.172250722454751
semita,1.0660761734248556
aditus,1.0115084509638146
exedo,1.0488867982694121
saxum,1.0080819770337883
audo,1.031226452803081
supersto,1.1668484924778642
pirata,1.0358909967987016
tero,1.0272571399636212
constituo,1.0242860173662995
infula,1.0300753952434423
uelamentum,1.083971742279458
iratus,1.0218861227738616
salto,1.0747958461920768
purgo,1.0180557697083976
factum,1.0589120404266041
dictum,1.0444458693653285
hostilis,1.0083057190217426
iuvo,1.0181331815387529
arguo,1.0209225267485926
promitto,1.0108993393538221
revoco,1.0835013103629105
paruus,1.0241475212493987
consulto,1.0995193424962917
persecutus,1.0189907499400834
nauticus,1.0526984989090402
iacio,1.017063063766493
circumsedeo,1.0792881563207537
dissimilis,1.0183823632066715
natura,1.0129005658634385
occupo,1.0058095439587427
deni,1.0403340187572716
sicut,1.0442527934351784
littus,1.1488217555841111
uanum,1.0433170300951764
accipiendus,1.0270278013219882
aptius,1.0778218885802076
uitium,1.007227607034641
arto,1.1834242327627313
implicitus,1.0555934533285465
frango,1.0068984589856653
traduco,1.0234060946564945
divido,1.0807575834682357
percello,1.015688513768435
tubici,1.2038279758643384
palo,1.0480253936588064
cogendus,1.0658797584689241
secus,1.1100192419824688
repentinus,1.010934242577951
curro,1.0108942837637778
reuoco,1.0244725930089087
repeto,1.01134766052383
tuba,1.0344786423020291
obstrepo,1.0200843429922408
excipio,1.0450000099658967
instruo,1.0300061479100973
quique,1.0387455715968008
laeuus,1.0397837188463996
amplector,1.014647825517414
circueo,1.0651548692511772
aequo,1.01255083359798
celerrimus,1.13026071923323
octoginta,1.029129252050365
agilitas,1.0641001571932929
ars,1.008813672162567
guberno,1.0242737606688213
scientia,1.0239732506987733
declino,1.0296895627512126
ferio,1.0221912007268388
obliquo,1.0406372386655303
infundo,1.0349955644499609
soleo,1.007210373562956
namque,1.0213360110819345
rumpo,1.0090801610249145
antiocheus,1.0945876771252585
integer,1.0257027642507848
ceterum,1.0439839062901943
praetorius,1.092855285923206
uelum,1.0325371487337167
quadraginta,1.0307234194339088
incendo,1.0235976581470663
demerdo,1.250958394630276
uulneratus,1.150125780748279
memorabilis,1.0208938258533453
percutio,1.0429145384281429
sidonia,1.135070500386651
excutio,1.012250871355956
uncus,1.0354245550144836
dens,1.0178188502331937
inicio,1.022964298597099
inieco,1.0330804390889403
divello,1.9464365019957186
inhibeo,1.0291105665911595
tractus,1.015198985697539
ancoralis,1.198243332326299
debilito,1.0290954798404894
igo,1.0718601520658453
cohaereo,1.0201456873572516
pulsus,1.0215230062261138
longinquo,1.0401545189565828
tueor,1.0120993694202007
diffido,1.0188342541305615
prauus,1.0196058125959837
postea,1.0096139258852903
doceo,1.0138514607382814
hiems,1.0086368794065297
ultimus,1.0130205611483207
extraho,1.02545888801396
cappadocia,1.1268346676696577
quicumque,1.0227071343891925
contrahendus,1.120859605473455
dimico,1.014515910950632
intentus,1.0179237087014945
concedo,1.043371272826912
quasso,1.0307766771854463
scaurus,1.023045827435971
spolium,1.0187512300061943
decoro,1.0169839035288286
praeverto,1.0687730042512118
officium,1.031530347826055
demos,1.0177881625304932
intimo,1.484985088381896
oblongus,1.0457557275223381
artior,1.1055613295612368
cuneus,1.020578470810262
ducenti,1.0184310766505662
latitudo,1.038035399292311
pateo,1.0245089403238095
lingua,1.0263232590962745
notus,1.012324654135411
distinguo,1.0250548981101706
uerro,1.0321518831592287
tutissimus,1.0250343562629454
meridies,1.0243107192550474
uergo,1.046606809288324
obstino,1.0235147925174877
adortus,1.0200061380755723
infrequens,1.046263887591409
aedificium,1.014777073700525
aliquantus,1.0453349390215636
aries,1.091929561850111
quatio,1.0114615560934033
dein,1.0409228747937973
defendo,1.0138177648412985
strages,1.011706872305989
ruina,1.0109071969375154
alium,1.0253238342523054
ascensus,1.034322709832659
receptus,1.0319857963380692
obicio,1.0190436686508921
incautus,1.0197380005454497
furo,1.0119372313857546
desperatio,1.0248290456647486
rabies,1.0132183524171683
dirimo,1.049293323148037
undique,1.0083333528662726
munio,1.0212630847457875
stro,1.0471018115370823
superuenio,1.0406584751972354
q.,1.1679616043048267
antonius,1.0253481475704933
castigo,1.0154518342357506
pertinacia,1.0150744818025874
pernicies,1.0170270578938396
absisto,1.0360753622264767
liuii,1.0893775466315376
delibero,1.017027304500735
retulo,1.0841331973310906
pactum,1.0168645699537087
pronuntio,1.0264443835762938
sublao,1.0609511329429844
indignus,1.011398020176338
facinus,1.0121247081816052
fidus,1.0155351820270564
semper,1.0114082024589255
diripiendus,1.0719402782906935
discurro,1.0289138423160316
resisto,1.0192189895360841
dicendus,1.0481402356970089
captus,1.0709613683923072
arbitrium,1.0286377852291797
auaritia,1.0138871195630497
potentior,1.0275819862303215
praeco,1.0293258061056634
forum,1.0464488311385032
consto,1.0294028570853566
appeto,1.0307842135067795
hiberno,1.0616989977493057
transgredior,1.0452081433854852
maronitus,1.1311530729015635
laes,1.0727293734355166
utique,1.033554194147979
refercio,1.0271531168219334
labor,1.0156435669097816
obsidendus,1.6048477121768465
bellus,1.0833690749476146
blandior,1.0160184507592576
impedimentum,1.142955632814374
thracia,1.0343011572224172
fedior,1.0238560202471527
longitudo,1.0219229092528668
ingredior,1.0199368737905619
defero,1.0141999463678484
augeo,1.0119989427138885
ancilis,1.1048060717257973
religiosus,1.0944882783556362
incido,1.0168601940997897
p.,1.0990684406137934
religio,1.054511979747999
salius,1.139892426033131
adferens,1.1132019660896122
mandatum,1.0644331263921454
cunctatio,1.0196932523577937
attingo,1.0242207350717492
mando,1.0355738524949991
praeterquam,1.0398110427911722
satietas,1.0212110541614712
gloria,1.032937710415944
placabilis,1.0404113072407217
uictor,1.0108734528298067
molestus,1.0111973430147938
oreus,1.3332673211462438
hospitium,1.0122467794139518
priuatim,1.0296927857805658
scipionus,1.051533437793795
liberalior,1.044004824874288
colo,1.0077344137141897
adolesco,1.0555930548319956
cultus,1.0444890449283262
impetro,1.0107165784060657
alexandria,1.045625245557038
troas,1.084603547177481
disceptatio,1.0282440169312108
cedo,1.0091857761556478
uindico,1.0081396448620392
impensus,1.3670811234089155
dimidius,1.0361595703485669
oratio,1.037270080271936
memor,1.0286133156531263
humanus,1.0161655890677326
modero,1.0281003533624338
alienus,1.0101356660300993
finio,1.034038198458325
immensus,1.0150092016353918
singulus,1.0267213379407603
acquiro,1.0790906605863946
aliqui,1.0144862809080397
abstraho,1.0330387104059777
dummodo,1.1343256295470139
temperantia,1.0244447555875547
cupiditas,1.0089324583230623
concordia,1.0213917853080008
impensa,1.017130704978238
aequum,1.0270889147451876
culpa,1.0159560636905478
excito,1.0088002058342018
debeo,1.026688037723767
aliter,1.050323870210514
co,1.3191378514723526
taurus,1.0146186172892366
mons,1.0248166507685812
impero,1.0120342271516776
reddeo,1.0514038162766144
aurum,1.014383846684842
pondus,1.0356479420118694
nomen,1.0153506797079177
excepto,1.1085552843615503
ignoro,1.0141177983874907
miror,1.0066760054659938
cerna,1.172557052829036
tenendus,1.040860878950003
obsisto,1.02101305074857
sollicitus,1.028047560788343
euentus,1.0369178676071265
concessus,1.0558074894470955
transitus,1.0638625073858132
frenum,1.022252051317282
iugum,1.0256847673620146
accepto,1.1132929729735468
aequus,1.0199249069665621
patio,1.1555830639452738
munificentia,1.0403511141355337
donum,1.0503695716917618
egeo,1.0119258177512314
munus,1.0480392728873726
gratus,1.007241878004929
priuo,1.0121101763994171
gratia,1.0231122702615942
beneficium,1.0425802512973206
desidero,1.0139262123595996
publicus,1.0654913409699867
fidelis,1.101780281164771
nuntia,1.0402255890836312
recuso,1.0127205039669858
alea,1.0166779208601238
ro,1.0709924065656218
perinde,1.0405079017299856
mentio,1.0238825134811191
propono,1.0200528983368677
exsequendus,1.0658847695369138
sacrifico,1.0489168979918473
praeses,1.13671988884585
oriundus,1.080841273702569
praefero,1.0114432018080226
aufero,1.0214672176685922
sextus,1.0309884961182803
desum,1.0111376794758329
contendo,1.0102225230779014
remissus,1.0470381626985366
cibarius,1.1205588068062469
aegrus,1.0280660816706702
corpus,1.0150940122143697
saluber,1.0143694339483924
gaudium,1.0173679827860425
satio,1.0188194053054564
complexus,1.0184527766518776
renuntio,1.0372122378958482
sexaginta,1.0170163922600575
duodecim,1.0291805774280791
interdum,1.0146624916274942
subsidium,1.039981592122698
phrygis,1.085498835839
munimentum,1.0230852553768301
fossa,1.009183287268923
cubo,1.024101197499924
duplex,1.0187237644968319
uallum,1.0195382754911673
circumdo,1.0637000192803845
interior,1.043014516222686
labrum,1.0137337799094293
continuus,1.0231040970166079
quintus,1.030902275814823
hyrcanus,1.407491648447895
uestigium,1.0247870419524467
citra,1.0457522076014243
aps,1.1515489462059156
sagittarius,1.032373097799985
tumultuose,1.163088374791235
incompositus,1.0848258630225989
facilis,1.0067882470192202
cresco,1.0135594836126813
fiteor,1.1136011180870602
ripa,1.013351888360586
tergo,1.0353664071156163
neuter,1.0131760101464855
metor,1.075648665111996
delecto,1.012320256184867
aduenio,1.0424558071099455
aliquanto,1.0145467083985873
paucior,1.0149898587018242
occido,1.011585114231614
fermis,1.083493263370333
promoueo,1.0634180593912956
pes,1.0159699678372163
pellis,1.0186634569192934
habendus,1.02096682372164
differo,1.015001218748066
aeque,1.0176881470489183
contemno,1.007152086471451
conclamo,1.0232259605374205
ardor,1.0187699742107625
par,1.2783637155109309
pecus,1.0147687875728624
trucido,1.0245571780063498
domitius,1.0929961846930647
exploror,1.1051080801153192
tertio,1.0338527097135857
profero,1.0178317556749896
coebo,1.0853986933719915
propero,1.0116457456011132
comedo,1.0580493106308149
prandium,1.030416961880775
aedis,1.0500467216895664
corona,1.0134937859138682
derideo,1.0438785465405676
ebrius,1.0160926607403735
ultra,1.0261732274564381
tergiuersor,1.0412305738399352
minuo,1.0124187916556815
progredior,1.0277277713620914
armum,1.0608086486311497
latinus,1.036152019213619
quini,1.1067752216424578
hastatus,1.0587954941091415
triarius,1.1225439273209503
iustus,1.0304639220658198
immisceo,1.0424072942345435
oppono,1.0160815839355433
octingenti,1.038101298374081
cretensis,1.054760456089222
expleo,1.0411440534603864
macedonus,1.0338934210542532
thrax,1.0395414105720564
uoluntas,1.0255316625844386
elephantus,1.0274500850757158
quinquaginta,1.0281227823976762
indicus,1.0985652504784267
dissimilitudo,1.0249939012517815
prandeo,1.040717283612124
hodie,1.0817469591934477
huc,1.0172031039907474
interpono,1.0415428517010323
introrsus,1.0512638187686367
species,1.0098093557207939
eminens,1.0338038475962168
frontalia,1.8675818371461108
crista,1.0460405285139482
imposo,1.2416129852529922
rector,1.082197439501059
quaterni,1.056423044346969
loricatus,1.1220323739323208
cataphractus,1.0472677008247446
ala,1.0194717385071947
medo,1.0345490664821024
lectus,1.0185737819314853
misceo,1.0085630268933052
grex,1.0265362663612245
sedecim,1.0227369348669375
oppositus,1.0338225764668851
paulum,1.0489067334043765
produco,1.0140102904672657
cohors,1.0123140258203427
ducentus,1.0605571807558223
funditor,1.0489111271051101
elymaeus,1.1184371493679348
similis,1.0113537570672384
septingenti,1.0307698375942485
tegumentum,1.1142669092160118
syrus,1.0933586016242784
plerusque,1.012359106070118
lydus,1.1308561765878915
nego,1.0057645024674093
falco,1.107278362381664
quadriga,1.0400223362951406
camelus,1.0261417201086938
insideo,1.021167295385256
arabs,1.0734631701364432
gladius,1.028486634842045
tenuis,1.0134405849791035
altitudo,1.031587494765116
tarentinus,1.022122075274054
careo,1.0170304487491328
totidem,1.0139857151758835
elephant,1.0293769616167654
modicum,1.0322142430073107
interuallum,1.013535664916628
magister,1.0252636198899192
nebula,1.0161092764004527
matutinus,1.0456558100898596
leuo,1.0306849835486929
nubes,1.035053798414069
caligo,1.0154343796463983
umor,1.037503118282243
auster,1.025195895016208
perfundo,1.0222501204298355
obscuritas,1.027098032082978
modicus,1.0113187029463613
adimo,1.0175060705703576
pilum,1.0164971294640899
hebeto,1.0498990039823932
conspicor,1.0381185131577058
nedum,1.0542078418430862
arcus,1.0440830496167368
fundo,1.014725640517279
iaculus,1.0362791873259443
amentum,1.1192081789135675
quadrigaes,1.0743281149335064
perturbo,1.0106675651333636
cuspis,1.0300000773549138
temo,1.1395327955313121
exsto,1.040809608800333
quidquid,1.0091382466110366
transfigo,1.022365675085683
bini,1.0432795955184266
emineo,1.0143038151769626
falx,1.022608518413726
inferior,1.0190145781530144
deuexus,1.2011116206858583
abscido,1.0635158721535611
prolabor,1.0241545233143086
item,1.026454494273477
axis,1.0198939061378987
rota,1.0563551312307748
diversus,1.0399140360368313
deligo,1.0204399823637738
medium,1.07217086209812
eumenis,1.1126290827430712
iaculator,1.117911379027914
procella,1.016583236051139
uulnus,1.0285505073287495
coniectus,1.1147734046410576
dissonus,1.0871656232767217
consterno,1.029185186230309
effreno,1.1326314848596117
uelox,1.0702473038752571
cretendo,1.0691538709091546
circumsto,1.0168224154060945
multiplex,1.0269134532499644
uerus,1.014304857651821
exigo,1.0149373601696328
amoueo,1.0516030393487654
inanis,1.0152408828736206
ludibrium,1.0118755886121584
subsidiarius,1.1679823384018349
consternatio,1.030166094874638
nudo,1.0184618649613564
usque,1.0285994416684272
dissipo,1.043222054016033
grauitas,1.0574809145967046
armor,1.0311437416889422
impeditus,1.1171479367954242
intercurro,1.2341092912293452
praelongus,1.0630793928289797
hasta,1.0108146801153435
uito,1.0172518897164475
belua,1.0169296575227216
transuerto,1.0227799553559889
pilus,1.019667781113081
incesso,1.0259433059421759
neruus,1.0225513647627253
prosterno,1.0194444819153472
circumeo,1.0477953924326378
paueo,1.0493841569738895
donec,1.0238654551803588
lepidus,1.0439764355704582
pontifex,1.1021016322087798
minae,1.0298144540948793
exinde,1.0822925237043977
caecus,1.0221874639768398
ruo,1.0168435538724683
pareo,1.0133457677035755
ferrum,1.0114786304453016
redigo,1.0191946564440315
coaco,1.1310538613898766
consisto,1.0286159013007405
acriter,1.0247422876873946
obsto,1.035402509163259
fugo,1.0154179089644808
aceruus,1.0569000789656788
cumulo,1.017771862370528
fortissimus,1.0182592403545199
pergo,1.0188961907729046
adipiscor,1.0164341293793664
pestis,1.0169360064721322
intermisceo,1.1111080499427268
solutus,1.0109225469882825
super,1.0678810195869657
incursus,1.036484053134862
edo,1.0148700717477348
pertinaciter,1.0271369555041208
reto,1.075780884907996
perrumpo,1.0176962957229523
grauior,1.0261742944722048
caesum,1.0250371744554518
quadringenti,1.022964859960127
trecenti,1.0213077221362874
floreus,1.066127591912684
asto,1.0592600945360258
spolio,1.0167238219257544
captiuus,1.0192998605247325
congrego,1.0326110585761192
quartus,1.0181301540392824
uigilia,1.0305374720885618
coniunx,1.0307989698164173
timo,1.0696392014500542
lydia,1.0252448239308138
sperno,1.014504623111275
consensus,1.0922721422496715
perueho,1.0775753024487627
pedester,1.0405371352608297
syria,1.0831402230502856
dicio,1.0407551155895132
sanus,1.022916397888077
peregrinus,1.0143683300109978
placatus,1.1744360546456794
inuenio,1.0157721464175193
edendus,1.0804070191228357
piaculum,1.0443609591687948
expio,1.0291098722121708
uenia,1.0258379178613832
ignosco,1.0093317313699717
decet,1.0095932691920595
dominus,1.1117410991947618
mortalis,1.0184270582332822
antequam,1.0218574921526837
decretum,1.0599066002895832
loquor,1.0215896868326293
immortalis,1.0910362675633638
noster,1.0196881084272427
effero,1.0110984967327903
adverdo,1.0308471682605156
testis,1.0304569600430824
communis,1.022998792380626
mars,1.0200282773465987
talentum,1.0142851736353817
euboicus,1.096034284519703
praesens,1.0146087997750315
dudum,1.059310389417362
pater,1.0189579492880445
debitum,1.0281126388082797
arbitratus,1.0240796937017498
liqueo,1.0687149309535724
nos,1.011711997036
deposco,1.0295936394675467
concitor,1.0794135637116344
uester,1.0371390784547254
deterior,1.0102084716604254
serius,1.0375803075396182
scio,1.0143169382520674
difficile,1.0243642545255656
fastigium,1.0143396284821111
detraho,1.009288316818484
imus,1.199488438387254
praecipito,1.0114214336354035
triumphus,1.0105211624873258
proconsul,1.1071726999553757
prouincia,1.0434472610655017
minucius,1.048100948245208
mx,1.0986825867175
decreo,1.070472378697204
triumpho,1.01285390870728
militaris,1.023280755543162
argentum,1.0472369766207683
infcio,1.269816627125271
signo,1.0306616194774048
atticus,1.0472582218886697
uas,1.0330946886796275
argenteus,1.0299661847368553
caelo,1.023708957743825
suppellectilis,1.44902765165537
uestis,1.0405565606565896
magnificus,1.020582692473809
aureus,1.0173161632642567
carcer,1.0101092712592241
noctu,1.013770410575658
tiberus,1.0473670111669224
comprehendo,1.0252134362155207
currus,1.0191806638943754
alioqui,1.021895459192866
ductus,1.0531507552369046
lusitanus,1.0769630636017553
gallium,1.0265385903359767
placentinus,1.1128248007693164
cremonensis,1.0819209385667443
introduco,1.0420185123754642
cena,1.0241456457125555
tuus,1.0356540153931872
ceno,1.0298156551202393
ulciscor,1.015320017765602
queror,1.0048115581847097
colonus,1.0231467116291686
taedium,1.0157772509148204
accola,1.0764208546685665
laelius,1.076642730172176
familia,1.0192526119796514
conscribo,1.2631233414990717
triumuir,1.1483093984940278
creo,1.0521926491834057
deducendus,1.071471128098258
atilis,1.1072788008569834
ualerius,1.0378577832083615
f.,1.1036563862017428
flaccus,1.0506989372026179
tappus,1.6092175315264263
comitium,1.065720647704871
absens,1.0289811126713986
supplementum,1.0613146278168646
cremona,1.0567452350864126
placentia,1.046642001826001
novus,1.024911748580051
supplicatio,1.0696108329392287
prosperus,1.0284041104740786
laeto,1.019729571223732
euenio,1.01562450719963
uiceni,1.1898859647604811
hostia,1.0662360679941878
comitia,1.0679643589546421
contentio,1.019640885851527
sicilia,1.0566396796754634
manlius,1.0592160904324162
uello,1.0430987536383174
centuria,1.0361950237586202
deiectus,1.0204527060899264
iaceo,1.0086474306484912
collega,1.0318743399029164
fabius,1.0167992442194644
pictor,1.020963903606475
flamen,1.0389419561742683
quirinalis,1.1088880026300474
inauguro,1.0761224479061968
sempronius,1.1554731545519286
.,1.2743049442273748
plaute,1.0948784793203632
nobilior,1.0568432887315133
manlium,1.0342182071842134
rumor,1.0114809477231994
celebris,1.1115604174038822
paene,1.009859744644869
adulescens,1.0475835455385454
euoco,1.020880345686798
deleo,1.030213728064412
abnueo,1.0253661953151691
conducendus,1.1505455437216079
a.,1.1841714795438192
claudius,1.0558724747527193
cornelius,1.0467086064268467
subtexo,1.2492952745867556
fabula,1.017271750732642
interrogo,1.0157802644373108
certior,1.0594290561080348
opinio,1.0155270679241277
praetermitto,1.0224139603749458
confitendus,1.1534618742341922
seu,1.0692774793189854
supplex,1.0144208310271283
exprobro,1.0232823782637785
insolentia,1.016006329594944
oblittero,1.1785017689240453
maleficium,1.0307376674013273
memoria,1.016863707106293
misericordia,1.0824985968090157
odium,1.007795310799664
irrito,1.0415942587830187
senator,1.0130410524815774
adhuc,1.0119011602967836
unicus,1.032129404980168
pendeo,1.0225820910678174
perdomo,1.119618375012004
ferox,1.0105833708198697
accendo,1.0110258673938262
consultum,1.135899940805595
m,1.0608638534060202
deuinco,1.0296987895164915
decimus,1.0253108007832767
terenter,1.0822435134602344
uarro,1.1076185774365084
custodio,1.0323416532464595
denuntio,1.0371431817785617
obtineo,1.0375720298375577
sortior,1.0704525715924929
sortitus,1.035443917797291
duceno,1.1160370942352373
octo,1.0169427869910828
orno,1.0139153665637293
commodum,1.0196424970484412
annuo,1.038286837016872
subrogo,1.0761564780777555
censor,1.0329398726773467
nescio,1.005612163093244
ipsus,1.2803740350479278
sors,1.0127108454098115
spientia,1.3157628667748626
urbanus,1.0311372140969646
sardinia,1.050535774487306
citerior,1.071816327404145
diues,1.027665448821915
siculus,1.0141139978328935
siculum,1.2187851330614077
deporto,1.0401180202885187
iusdo,1.0948215353589457
prorogo,1.1272076831077502
iunius,1.26953076849095
etruria,1.0232094233343512
bruttius,1.2250748273986207
apulia,1.0441156683791428
licinius,1.0496511051444442
fabium,1.0288593887990378
qualis,1.010571439861142
metellus,1.029342478454459
sacer,1.0667426269367326
certatus,1.0512789696408178
pignero,1.3246877979166893
abdico,1.0406128403160861
ius,1.0516883401817252
dilectus,1.2546124567197179
perfectus,1.0260415621903936
temere,1.0084300226375411
uulgo,1.0339266168676697
recens,1.0124924156079094
adfero,1.0117686775719819
desino,1.0127766250518244
uictus,1.022504686749602
ineo,1.023681224267199
militia,1.0246939074037258
galli,1.0321785534551728
bello,1.0261840232477202
aurelius,1.0987718106867461
cotta,1.1324350827476273
triduum,1.0259358402405419
immolo,1.027783679223391
breuiter,1.0224192564584138
iniuria,1.005960797114584
gratulor,1.009396161805018
expello,1.0132921539087436
mereo,1.0176301841106283
malo,1.0065038255591807
uerecundia,1.0117876538528248
tribuo,1.0163442307593284
propensior,1.0666876903015132
prout,1.068380026358596
praemium,1.0074714785115653
optio,1.0366259701830987
libenter,1.0141115458773031
datum,1.0268996879371781
facultas,1.0488284398951273
amplissimus,1.028889485801054
immoderatus,1.017514771726226
modeste,1.0271309187220958
narro,1.0097558116034298
indulgentia,1.1057361308749756
modestia,1.0136496864052216
uicis,1.0518985530671818
mutuus,1.0186004972420974
inexplicabilis,1.0386876931611062
facilitas,1.011306327897976
absurdus,1.0426746569431997
accommodatus,1.0365793433286132
optimus,1.009283338045708
expromo,1.063488906122212
perseuero,1.0324091819913284
necessitas,1.0323161178669917
difficilior,1.0381636725608216
postulo,1.019089783587891
proprie,1.0272989689913643
pertineo,1.0247779655966853
stipendiarius,1.071634767147756
obligo,1.037043749430165
subieco,1.0263796421561855
obnoxius,1.0139343621781063
dis,1.016383082252727
affecto,1.0301167583661601
dissimulo,1.009480826549395
decipio,1.0120839225568203
neue,1.0484842576274576
inaequaliter,1.606429080616768
nimium,1.0080476338884463
deprimo,1.0163689820805255
extollo,1.019271312714877
quilibet,1.0486575331232004
nimis,1.02251951855352
obtinendus,1.072093578755273
benevolentia,1.0239221309219282
hereditas,1.0599122919182111
incolo,1.0168356037338968
constans,1.0159182906294264
uita,1.0202381210103468
perduco,1.017048513141138
dumtaxat,1.0600517224276054
bonum,1.025164760865693
boeotus,1.25778720466709
intermorior,1.138491033268591
ingressus,1.032743525384099
studium,1.011622382753981
colendus,1.0262509371140216
adicio,1.0565564348918468
etenim,1.0345643773552886
matrimonium,1.112293526086849
deficio,1.0145249291332288
amplifico,1.0376803562592776
glorior,1.0270833186662964
potior,1.0114431408314406
uetustissimus,1.067198751615535
dignus,1.0081709651341508
adiuvi,1.3521612056509407
suppedito,1.0260633367159901
posteaquam,1.0239057586740674
adsiduus,1.1823970361591627
expeditio,1.021647852865117
equester,1.016700347171701
incolumis,1.0095525050804923
confugio,1.0119052494449732
syphax,1.0179451400343684
carthaginiendo,1.1411081767778737
fideliter,1.0833626389152384
adiicio,1.0578064855054257
praepotens,1.0818210365926397
peloponnesus,1.295947414426242
boeotium,1.316039472674785
quoniam,1.0860086830380407
tute,1.05217377670773
stabilis,1.017808167985871
dignior,1.0350149750432398
possideo,1.0171483412668507
serua,1.1436850643961318
prudentia,1.0158044962680852
aequitas,1.0201761451872502
munificus,1.03586566927162
propensus,1.02905741774501
breuis,1.0212239214469359
collaudo,1.0442069077720184
initium,1.021333772778594
actio,1.0217769615739585
molestior,1.049096351790488
potentissimus,1.0502873776389015
disiungo,1.035574363861716
libertas,1.0160154358233455
subiectum,1.0820490521728352
utcumque,1.0319197827860505
perplexus,1.017141743003353
deliberatio,1.0623184166169612
honus,1.0148164806929674
institutum,1.0680243224018162
deformo,1.0271206060502913
benignitas,1.014292899980654
gloriosus,1.041212803357854
aer,1.018858941260262
exsoluo,1.032185729270096
phrygium,1.0280378596401099
multiplico,1.0474388741722267
dito,1.0604601125298225
titulus,1.0754017625413743
honesto,1.0189408071459645
probabilis,1.0288487890163511
uicus,1.0243974667172804
iuxta,1.0970753708605834
pridem,1.0211095569438513
intueor,1.0119166626155136
arduus,1.0278460161049396
quasi,1.0250002886728264
commendatio,1.0229279984293804
humanitas,1.0173845167919344
doctrina,1.0590643110211593
seruitium,1.0830423330666379
suscipio,1.0214476900035976
patrocinium,1.0320935943105596
clientela,1.044264492974631
antiquo,1.032094229229871
graeca,1.0938245833600369
illinc,1.0211262127885936
quondam,1.0077843536240154
profeco,1.0989786645507926
certo,1.017210319789297
pius,1.044992003986328
parens,1.0176750600576447
conditor,1.0498687821716466
uincio,1.0239379412612504
massiliensis,1.1000741853674247
insero,1.01861793715918
ingenium,1.0074441338677076
indomitus,1.0150532325855905
circumfudo,1.064582800847848
umbilicus,1.0379921776352532
sonus,1.0265591297054253
uestio,1.0218755417052268
contagio,1.0210785462029812
terminus,1.0293393839246585
cardo,1.0828407354573528
longinquus,1.0236922175376226
barbarus,1.0210324996601066
gaudeo,1.019908476292646
opto,1.00759581856422
magus,1.0882598017689298
pyrrho,1.0512343087582725
enumero,1.067455824300446
carthago,1.0307970698386897
induco,1.0171940998045124
iudicium,1.0327784911027804
comprobo,1.0241436451474943
magnificentior,1.0342161670742163
apto,1.0195622532369941
conscriptus,1.066972744052961
clementia,1.012812208307863
poena,1.0450376332036766
confirmo,1.0231634339989106
seruandus,1.0564465266233438
foedus,1.0136225565180794
capitolium,1.0275313236230006
auditus,1.0538830917794282
maius,1.127630434485999
discepto,1.0243880845239648
attribuo,1.0380034162042515
uectigal,1.0535626436879053
pendo,1.0251710877733622
uectigalis,1.0332211710247547
ee,1.0320431842105393
rufus,1.029050600950576
ap.,1.2991504562106677
neronis,1.075112325587267
cornelis,1.108510971190318
brutum,1.028490606937125
lentulus,1.1303061030556139
phrygia,1.03766277093028
mysia,1.151179633446947
nominatim,1.0510389784661631
supra,1.024461332746155
ptolemaeus,1.0158078789760143
trans,1.0338934847677843
pisidia,1.1461718918711383
argon,1.0934897235319192
germanitas,1.171270215268833
fraternus,1.046525398888715
caritas,1.0437323642638154
extraordinarius,1.060538409271023
actus,1.0570845395264319
cilicia,1.0605744108821107
impensius,1.0280088832745469
arrogantia,1.0266867811540994
turbandus,1.690336752215459
liguris,1.0546949445577196
comes,1.0172821133098346
uulneraio,1.0702662840797308
lictor,1.013705543025467
massilia,1.0633274082182862
exspiro,1.0400272361258545
brutus,1.0322845497535735
ulterior,1.05437870731705
successor,1.0547235882747077
persea,1.183430076103372
fusus,1.040050317528351
tranquillus,1.0308282936942348
kalitulum,1.027265191000472
ianuarius,1.2748603689866644
bononius,1.0629426666485045
atilius,1.0694739214784086
triumvir,1.111994137665183
pol,1.288679948468828
iugerum,1.0578279616957338
colona,1.052396594285981
quinquageni,1.110146383657204
galla,1.07407088494888
tuscus,1.0409842967086593
censura,1.1284174594475782
clarus,1.0098404151265248
quinctius,1.0815114716289163
porcius,1.0717473108285267
catus,1.016536239017027
claudus,1.1588103714852191
marcellus,1.0207184251509764
congiarium,1.059012836254497
distribuo,1.0241228897461694
fauor,1.0517699624334196
gracchus,1.010051560309994
rutilus,1.067277571358677
pecunia,1.0113677793960205
aerarium,1.0146844609035808
testimonium,1.032611439909706
tenor,1.0743039685918212
candidus,1.0209181159000063
eleuo,1.0724362315522185
o,1.0453793605877428
malum,1.0148897784729267
inuidia,1.0114599096685146
desisto,1.0189786196415638
petitio,1.0679734006306418
indignor,1.0121501092736418
competitor,1.1363173861501106
periurium,1.0309821605573193
irrogo,1.0865920528572917
reus,1.0261633105925212
suffragium,1.0260116315698804
negotium,1.0308270903057297
apollo,1.0280454819554512
februarius,1.1801193285962226
aurea,1.0422052597981688
translao,1.3310441076331703
nequaquam,1.0388752427024552
publica,1.0698997028973265
cognomen,1.0183219106160741
asiaticus,1.0233033492701562
dissero,1.0244770971833197
celo,1.009970630140839
probus,1.0545135041924496
difficultas,1.0350793416938189
interpretor,1.0254377658909941
debello,1.043748207898628
praefloro,1.980700665758085
uere,1.031970688645344
aestimo,1.0091580348685267
quotus,1.0255892752752664
martius,1.029622831618422
recordatio,1.0251076969401018
aestimatio,1.0229057954729335
simulacrum,1.0166667696833716
eburneus,1.045949881335437
nummus,1.019911638381206
purpuras,1.277732344832954
denarius,1.0349733453224272
centurio,1.0235619374813465
triplex,1.0244485714142655
edicto,1.0354990066386007
consulatus,1.0127755245786112
materia,1.0248883324712783
cogito,1.0080560528909872
otiosus,1.0096231001583529
creta,1.0260650937785245
litus,1.0157834009797095
quaequi,1.0250840213472816
conquiro,1.0310026880573977
magnopere,1.0169535743666747
aenus,1.26648370313044
ei,1.029033370011764
hortus,1.0118453802920364
superbus,1.0170458620127136
immodicus,1.012687249962667
desiderium,1.0210281499989533
exulo,1.027841797107732
indico,1.0165917366340842
recupero,1.0289092990444029
perspicio,1.0189824567455807
coniuras,1.1176059811834
seni,1.107084151961494
adiutor,1.035837465074044
adsumo,1.084507355446992
aptus,1.0222155525501413
adieco,1.038518082188762
quadrifariamm,1.114082668292249
obuersor,1.0248443831987792
pudet,1.0184388044652415
profiteor,1.0190428639977647
dimisdo,1.1325452399656075
impotens,1.0188745956239786
dominatio,1.0375074811260419
legitimus,1.0521423020918341
intercipio,1.0114274091188982
arce,1.0872062031064522
athenaeus,1.2667131960264209
sufficio,1.0165481264538807
animaduerto,1.0203275308336919
regredior,1.0191073640720714
praemitto,1.0518679522400292
opportune,1.0638711424308354
ios,1.046895732349579
iens,1.0312666406164088
constito,1.0751211442212518
ualles,1.031807706041234
euado,1.03519985912035
angustia,1.0505538646290138
later,1.0285721992965557
circumfundo,1.0211446094277148
callis,1.0389048348919905
breuior,1.0315289525304812
macedon,1.161140598148926
effudo,1.031761384713327
sequo,1.074351367992144
tuto,1.0205663026813352
opprimendus,1.022944588908026
altior,1.022334961784652
inuius,1.0425452665872676
ignotus,1.0115139395943975
indutiae,1.0232829399759604
sepelio,1.0219088416909563
excuso,1.021855002609269
paternus,1.0095330050823799
cras,1.0311675712699282
transcendo,1.0638564359537122
deditio,1.0425785667945147
circumiectus,1.0727121576358258
fulvis,1.6665992168067965
athenus,1.080276442125049
excio,1.0305745675629157
nuper,1.0131099339050444
repudio,1.0172607715657174
facilior,1.0348576680380703
apollonia,1.0679778195505474
epirota,1.0509515445976199
incipio,1.0123076733707679
contribuo,1.0983556040390317
opportunus,1.057983456648587
fluo,1.0093797649668088
persuadeo,1.0147452802583081
epirus,1.0290132995358614
incola,1.0519399065825183
saepio,1.032853071354718
circuitus,1.1287720057920054
distantia,1.1025480709895914
iungo,1.0171849724359578
foris,1.0221218261902294
intromitto,1.0304498715347676
prohibendus,1.1262257457113416
planus,1.0237679276072307
nondum,1.0102803144022676
committo,1.0271934908963494
periculosus,1.0132288773457454
conuerto,1.033039664530276
scelestus,1.0567712611300637
capto,1.0090719676716198
e,1.0293235326454004
aesculapium,1.1287496787440947
asser,1.0470989360633156
falcatus,1.239199412294514
pinna,1.1070902154400044
terribilis,1.0337510409314423
sonitus,1.0162682603524977
collecta,1.0245502330017202
plumbum,1.0777880991935163
robustus,1.0222271372007106
nocturnus,1.0064354168563794
diurnus,1.0212043409238611
solvo,1.0720058948383233
nicodo,1.1919298500377318
fallo,1.0174338135289847
brachium,1.0295072732522088
penetro,1.0177287065136165
audendus,1.1729013431878987
conatus,1.0173563229333733
effectus,1.0515739057585796
exterior,1.0480169484590565
perseus,1.026713735248103
recipiendus,1.0364341096285694
ardeo,1.01353664458385
fax,1.0088325377587262
stuppa,1.0376125854224267
pix,1.0671970545053526
malleolus,1.2134331840664105
colluceo,1.0883548952667323
perfero,1.0120983314738923
atrox,1.0131202118654252
diuersus,1.0284114860627427
foueo,1.0601867679121357
destituo,1.0153621707324911
segnior,1.0256517851564415
quodsi,1.0295357655518835
intus,1.0281729362529957
recedo,1.012278172173889
dispono,1.0233135230144377
lembus,1.0229107224502814
inueho,1.0201115097583655
uasto,1.034413457449019
saluus,1.06496014560002
diruo,1.0191524323089698
instar,1.073863746194288
cuniculus,1.0280274657558883
occultus,1.0595219209654945
contego,1.0272094653161008
instituo,1.020208962277747
fodio,1.029686086957856
egero,1.0405916056468472
humus,1.0134216690768116
cumulus,1.0200196571800446
index,1.0491504754572176
pavo,1.0476478494833483
subruo,1.430202466050924
inferus,1.0181200213148878
suspendo,1.037777856541569
fulcio,1.0305091775067747
ferramentum,1.0972469247299086
segnus,1.0727169587992988
excogito,1.01654184393966
dolium,1.0256106544273935
pertudo,1.5619769232215879
fistula,1.0468622864371024
operculum,1.0587563392353754
perforo,1.0404158236174017
pluma,1.0710687106917034
completus,1.0923079126685773
foramen,1.0376248425600685
scintilla,1.0384075241209858
indo,1.051318890986584
follis,1.0652247301908815
fabrilis,1.0469844527587502
flo,1.0135002144832916
fumus,1.0300376400635463
acrus,1.0210087633885103
foedo,1.0187556221506695
aduro,1.0987385658689448
compleo,1.0327127575100772
duro,1.0350121017187197
occurso,1.1028025956840002
concilium,1.0952428607920965
tolerandus,1.0556909611943395
electio,1.104307864193932
misereo,1.047693514656436
miseria,1.0111441391309672
insanio,1.0106565454123337
largus,1.0122584445896246
relatus,1.0353972055188547
saepe,1.0116848487596755
imitor,1.0104039492030576
opimus,1.0323792598864563
tradendus,1.0329028610985482
dimidium,1.0208381059957905
numero,1.009191239608583
mutabilis,1.0370471468682656
iurgium,1.0151619445936984
deprecor,1.0286126850093387
legat,1.166054374951609
proficio,1.022114665082187
euinco,1.0561913375798264
genitus,1.025223272079216
pensio,1.084026792698262
formula,1.0393359139738052
quincte,1.079429397945823
traieco,1.119329219727428
aliquando,1.0138171522093582
auello,1.0442131469454188
aeneus,1.042699605697192
marmoreus,1.0277741089778163
tabula,1.0261628084779273
pingo,1.035458168756833
ornatus,1.0209989460909517
pyrrhus,1.0265640291259701
aueho,1.0606930927179365
praeterea,1.0213772971028798
mediterraneus,1.10878481735786
argus,1.0548172216483405
miro,1.0264875909300462
deprecator,1.1915410410896328
crimen,1.0085595103767215
audiio,1.291325799760026
eloquentia,1.0093506770720435
similitudo,1.0324349125767747
tranquillo,1.0192119928791552
tranquillitas,1.0167073093872565
coorior,1.0391480049909678
scopulus,1.0107627952747011
conseruo,1.0269414249995348
dolus,1.0399181613476998
fugitiuus,1.0623178112317784
compareo,1.0436720459739797
neu,1.0156028045942889
scriba,1.033321717313376
ordior,1.0450859355183366
lustro,1.0127461183746556
adhortor,1.0236673580923776
emoueo,1.3045856953713038
falsus,1.0105472744456743
adsentio,1.6565129336084246
gnarus,1.0377204068242118
opera,1.0227573223866728
subsequor,1.0532544244968118
commendo,1.0126724575228698
iuuene,1.0301822251428525
uado,1.0981839908737419
comen,1.4165760825053544
fanum,1.0295326066826158
augustus,1.0350878351136241
oraculum,1.0116663643625952
inconditus,1.0158823657638063
uates,1.0366020798009592
desco,1.3595490539922919
antiquus,1.0134559508434584
antiochia,1.033484732965262
fons,1.0268873686094422
celaenus,1.2614947027228296
perendie,1.0429662106796949
migro,1.0212959096337944
soror,1.0135553810839424
apollen,1.0428297473844748
tibia,1.0355420209110504
cantus,1.0188428542730363
carus,1.0278032610049406
iona,1.1993587012864648
ico,1.0591980350951977
discutio,1.0286837003588483
constantia,1.0218410613903146
edico,1.0340292761432173
processus,1.124670880301553
triticum,1.037337100848
indus,1.0329455963541683
tyrannus,1.0165698694799745
infidus,1.0158402926105519
importunus,1.048314314539233
pacatus,1.126507961596759
cohibeo,1.0175211279837937
uestitus,1.015085905159755
comitatus,1.02204137846673
privo,1.0752167805743893
locuples,1.0366370510826808
summitto,1.0449567270660114
infringo,1.0292147971907957
extenuo,1.031578043835446
conficio,1.0175627233186928
ludificatio,1.178011980642571
erubesco,1.0273652734065664
frustro,1.0236268860007816
impudentia,1.0324471112283902
tyrannis,1.0192679069007322
denuntiatio,1.0536393958215449
conterreo,1.024176905556807
pertinax,1.0109528829833336
paulatim,1.0175285334325719
illiberalis,1.0598474779277618
adiectio,1.226794777579128
cavillatio,1.144298422529532
lacrima,1.0130682124216734
palus,1.013309596130327
refertus,1.0687750468032973
mors,1.008445418782269
fames,1.0133188376910858
exspecto,1.017401051335248
deuerto,1.1665678488806148
fluuius,1.053800876470651
plenus,1.0307861767682451
uber,1.0256575537541688
fertilis,1.0260554300090532
frux,1.0118879775962912
fecunditas,1.0444314999771842
situs,1.0247760251552795
munitus,1.0383045720212796
praedo,1.0205709588188465
hordeum,1.0298704627844462
metropolitanus,1.5312887449307575
ras,1.0378007740136101
regula,1.0406492446225544
secessio,1.0756320451004395
cupido,1.0151623745744218
ubertas,1.0148623979963607
chersoneso,1.1530395847543973
accensi,1.0333755621682856
lente,1.0411478654819772
speculor,1.0347927545332585
byzantium,1.575703318899199
bithynium,1.0881048074584516
aeolidus,1.2749025103865184
cis,1.1938925748196019
sedes,1.1377655865503828
suboles,1.0598028894338565
audax,1.0107518952634258
superior,1.1095425915491468
pervenio,1.0618952189949513
praetereo,1.0082630592183608
mitus,1.0256621310572327
natio,1.0317829585129823
peruagor,1.0595243297807064
procerus,1.0282762837444588
promisdo,1.0594266477260097
rutilo,1.0336260208442662
coma,1.0133791261808989
uastus,1.0270989752650912
scutum,1.032824395149574
ululatus,1.0453196333447
tripudium,1.1575200509117363
horrendus,1.0183149880780322
crepitus,1.109973049245993
industria,1.0197736407620226
insuetus,1.0182117174589593
timeo,1.0147899635014201
gallicus,1.0198025266608945
uanitas,1.0548682893459487
egomet,1.113725532889597
congressus,1.0238277789697974
olim,1.0087424017608662
feruidus,1.0866959350309675
sudor,1.0195724146891652
lassitudo,1.0323342846988333
membrum,1.0370211858778287
labo,1.018952255805044
mollis,1.0069659636441772
puluis,1.085534374704793
expers,1.0159609239463394
congredior,1.023774174812758
scando,1.0209114686368133
detrudo,1.0343333589390789
degener,1.024971858998385
semen,1.0421275750971923
indoles,1.0249803752111777
proprietas,1.0310915232670794
aegyptus,1.0452600431705468
babylonia,1.1670406152312387
parthus,1.0358416220588145
aegyptius,1.0200306959806553
degenero,1.0271812274072938
massile,1.0852226812436645
spartanus,1.056946687468914
durus,1.0132860339733032
horridus,1.0066921937686812
disciplina,1.0277196501179409
generose,1.067206762048461
gigno,1.1139589872897302
insitum,1.1536881685049316
phrygo,1.1204364523633312
onero,1.0155936442828721
uereor,1.0104587792391309
feritas,1.0183870612545527
siluestris,1.049408508887707
mitesco,1.0206473876277253
mulceo,1.0287054610208304
auus,1.032288424206812
extorreo,1.0944162398137331
asperrimus,1.0671177715341524
illyricus,1.0634897150832556
paeonia,1.2454457041436056
ferocissimus,1.0549737564744195
emendo,1.0143072492198877
uberrimus,1.0337281745804356
mitissimus,1.0854227090254482
clemens,1.0528169440538258
Hercules,1.0361390289593333
cauendus,1.0444454792409719
fugiendus,1.0129862476675713
amoenitas,1.046170592265733
uoluptas,1.0092806058132298
extinguo,1.008461421572682
uigor,1.0289427435110654
specimen,1.0236703561524012
heri,1.0562626876436547
amica,1.0543420649605109
iio,1.019309830960908
persuasus,1.1865497893277102
regulum,1.0900602173036336
lignum,1.0284730164632643
spina,1.0540850437203741
alimentum,1.0245620583362016
fimus,1.0520967101283558
bubulus,1.0540149808046975
pons,1.0177287682504257
nusquam,1.017847872499648
gemino,1.032236026277781
aqua,1.0202235414357024
piscis,1.0219467502974675
insignis,1.01668716235219
uaticinor,1.0438538011262923
egon,1.1410186961568969
omen,1.0187823470009247
celeber,1.031997603498302
emporium,1.1700620835582485
cilix,1.0821277775405618
commercium,1.0166746555730954
mutus,1.0230807634327093
campester,1.0335467446099262
demigro,1.0360275053517416
olympus,1.011647575634712
depono,1.0129903455902762
editissimus,1.0781834568158928
conueho,1.0377951247948498
quamuis,1.025204916129455
fatigo,1.0096483758392816
deturbo,1.0275304425783731
gelidus,1.0065129433966293
sedeo,1.0199046942124725
frigus,1.0153977515435941
uertex,1.04314577427877
circumicio,1.2586594837649496
minimus,1.007470934024084
asperitas,1.0223508477444434
comminus,1.031053756927889
praecipio,1.0400514780728454
sagitta,1.0229293705538174
glans,1.046513061128251
lapis,1.0171962583277816
progressus,1.1199245747819222
meridianus,1.040809608800333
terrenus,1.0391382862992586
placide,1.0152548288884662
accliuis,1.085291197727005
hibernus,1.0228383193697002
lito,1.299324417311577
trifaria,1.0711266981579948
ascendo,1.040364145706899
praerumpo,1.0322111946929389
iniquitas,1.1039587832618656
sensis,1.022146299255994
infimus,1.0176787638889495
erigo,1.03632969202929
planities,1.0173513259354727
edictum,1.0241113246013864
ubique,1.0261260926799443
fido,1.033776583650532
claudeo,1.033791234657545
uin,1.049184461413591
noctua,1.070655868308152
ueles,1.244866928503101
lenus,1.032997557522052
uarietas,1.014261075552681
amplitudo,1.0224200041452056
male,1.0076116733705782
adiuvo,1.0297205931462872
configo,1.0286121804948654
occaeco,1.095824386099349
quemadmodum,1.0519701817915503
fera,1.0256196828414208
nudus,1.0181439323966472
sanguis,1.0228196745857305
caro,1.056478791510118
plaga,1.0274534828675241
candor,1.0192453671772468
ater,1.0143859932976533
maculo,1.0514145564487725
cutis,1.0307371608001765
gloriose,1.3346367956464846
aculeus,1.0253425077805731
uro,1.0192246860002783
scruto,1.023426571293672
euello,1.0371913341452135
pudor,1.0088131262233437
perimo,1.0271818562970452
procumbo,1.0188970570730478
parma,1.0530081772309763
eminus,1.0496861086652953
cinco,1.035790333595884
transfero,1.014340671030587
stringo,1.0151430258024652
supersum,1.0074178190744845
puer,1.01070720158617
imbellis,1.01360467485833
permisceo,1.035935834675241
obliquus,1.0435122913865287
flecto,1.0135502376619956
integrus,1.0500433042622934
respiro,1.026631872063624
conquiesco,1.0280965102832533
ostento,1.016476744417826
edideo,1.0549679850861378
capiendus,1.063146152229771
praecedo,1.0309354698745756
colligendus,1.0476119351167088
densior,1.0643967948092465
intercido,1.0198213095718087
conicio,1.0278576027829054
ploratus,1.064938649228058
significo,1.0192770716887576
antesignanus,1.155710986284022
transuerbero,1.1496131266217082
conserto,1.151438933549439
haereo,1.0071971918668838
irrumpo,1.0190651471694079
praeceps,1.0121327680054093
debilitas,1.0482940744123628
exanimo,1.0170285991888972
direptio,1.100791060775718
protinus,1.0185412554590243
persequor,1.0146449414368657
iniquissimus,1.0503324841423873
ignari,1.1083190371905383
cecido,1.0295381663054912
conuallis,1.0796393843670076
delabor,1.0230957991228455
silua,1.0350477959262692
uepres,1.022342562064602
aetas,1.012157131435089
concremo,1.0698723439423443
uendo,1.0195048200561003
curo,1.0259806360802357
aequissimus,1.0318382296277613
laudo,1.017133603207449
dono,1.0119256956816656
singularis,1.024986261499789
eximius,1.0132072158122305
libido,1.0095271127077952
avaritia,1.0413854935136615
abhorreo,1.0136945182049386
stuprum,1.0212214349896869
lenio,1.0120493672495703
indignitas,1.0336642306013166
reditus,1.0500463930898236
gratuitus,1.0479946249817913
conscium,1.0415095529661658
necessarius,1.021986965128258
immo,1.059213950508444
falsum,1.02345042011742
constitutum,1.0442429790237273
penso,1.0327055107982415
iugulo,1.0195655370987757
praecido,1.027213616230905
refugio,1.0190374790441592
complector,1.022476893855503
abicio,1.0197923606214594
muliebris,1.0102693031242795
ultio,1.0307750939386695
pudicitia,1.01278530664658
confiteor,1.0483922037417814
sanctitas,1.0431732752110228
matronalis,1.1141417075441238
decus,1.0149368689809413
colloquor,1.0201812940429038
transigo,1.0188190959595358
condono,1.0336307332282526
frustratio,1.1272898599375332
periclitor,1.019032341727674
cautum,1.046227872319064
insidio,1.0330424633050517
inio,1.0743980835397955
ratis,1.0171410646820516
oppositum,1.2406133284982301
antea,1.0221265588036577
ueniens,1.0716897353477204
constanter,1.0497034471086601
praegravo,1.2741062670078314
sensum,1.0325020722702758
confundo,1.0276033226617578
conseruandus,1.0414515600590808
pauidus,1.0676377376222244
profligatus,1.0394536250548159
chlamys,1.0194899516786093
foras,1.0976754337813264
pallium,1.0449860809421831
luo,1.0284802038960121
auspicium,1.0216013817168041
inaequalis,1.0636859244787011
cappadox,1.261121282269541
auctus,1.0165221345950801
etsi,1.0557000619618804
vico,1.051537128554008
coniego,1.0738267679926552
procurror,1.1467758494589846
destino,1.0195217953172728
pacifico,1.210167992410021
uestimentum,1.063909394667636
uirilis,1.018710279721235
inhaereo,1.0258711002250993
standus,1.2224948396036304
laevus,1.0741666096307783
praelatus,1.1734439286091976
traiicio,1.0928654658698411
recenseo,1.0391890057114088
auidissimus,1.1621857594627178
rapio,1.0070908439230981
coacervo,1.2517253995889959
sauceo,1.1130583207319487
autumnus,1.0241448954997416
propinquitas,1.0428179503349817
curulis,1.1142618769276176
mitis,1.013946556512122
substructio,1.1347455255842693
silex,1.0254552526904483
martes,1.009822545098045
campanus,1.1528523606610637
perconto,1.1441479668362988
cranium,1.7026736005465697
insperatus,1.0199597541476937
adfulgeo,1.0869124200350293
descisco,1.0375554748296625
comperio,1.0227715380190017
tormentum,1.0220469819999722
machina,1.0201221163543226
faciendus,1.0320233770554084
plerumque,1.0084934286772238
coercendus,1.0359564959446503
acco,1.0635401427510247
globosus,1.500769339007147
harena,1.056162281648798
fuo,1.2138737390765793
exerceo,1.0375562448183153
introeo,1.050720388973847
ualidior,1.0430508293754446
simplex,1.0221642967366225
habenus,1.0858307161419922
fluxus,1.0376125212496932
uoluto,1.0215954098276006
libro,1.030535762975772
circulus,1.0365946503087378
or,1.0382072939791187
crebro,1.0184920368388628
audacter,1.035635923319854
cottidie,1.0376971078021484
ueneo,1.0713491328422615
sama,1.8677949515522916
lacedaemonium,1.1936171155817283
achaicus,1.171605977578668
conuentus,1.0547945412177493
indicio,1.0708042908720679
opportunitas,1.039426062301815
labefacto,1.0350984361188622
faueo,1.0223825588424562
laconicus,1.0916183761180371
habito,1.0373803321107775
receptaculum,1.078815744732731
merx,1.0289968271830758
inopinatus,1.0222386598286766
peruado,1.0520340358759241
domicilium,1.0855151300498578
tutela,1.0179059219981157
quincs,1.0572825233392253
la,1.1639042939863544
adfinis,1.135751377834781
exposco,1.0402857031600914
oboedio,1.02977570672719
impedeo,1.0896147033807821
incursio,1.0276637492221568
altercatio,1.0379654629280592
ambitiosus,1.0140668610637489
dissideo,1.0149598325607045
controuersia,1.0378972695988355
praeceptum,1.0394044896714807
illibatus,1.1352443112149286
nouo,1.0175650068405908
continuo,1.0167640580805581
abfuturus,1.3020610903024434
illustris,1.018321786998498
advocatus,1.1426121983808581
alieno,1.0350403248419004
ferocus,1.037844942753168
perdo,1.0103463262667813
domi,1.0100231633491712
legaet,1.248161000503811
protego,1.0431355266607012
uinclum,1.0298075008452205
uociferor,1.0370241985680757
olympia,1.1166549635828875
sacrao,1.2726907090374593
irritus,1.0854079624456396
noxius,1.0162142753220171
punio,1.0586278033210084
inclamo,1.0373089447376864
damno,1.0162224004103362
supplicium,1.0077965820896122
externus,1.0233471040479363
milito,1.0199064302457908
prendo,1.0372103142026123
lycurgus,1.1151444059182385
abrogo,1.0423675287031031
adsuesco,1.0719352101233033
adscriptus,1.1049024053857586
tyranna,1.0506215601776658
porticus,1.024250936478212
amynta,1.1098535094257944
regno,1.023077082563459
eneruo,1.0479460534286327
damnum,1.029710228407128
inimicus,1.0395153245523705
marcius,1.0424903323734782
pulcher,1.0158391854693696
herculus,1.021753937389586
decemuir,1.0865979643179215
auratus,1.1025464045009759
inscribo,1.0147765826669657
auro,1.0176025938493851
aedilis,1.0468156486348643
sulpicius,1.1043790299573355
galba,1.069056244557056
frumentarius,1.0881307779246876
annona,1.0236666085801158
comprimo,1.018286062776646
separatim,1.040999023544691
caecile,1.8775489466355242
condemno,1.0424767940519999
ludo,1.0144057425618056
ter,1.0229605561926578
plebes,1.1017448282293112
quinquiens,1.0453457509613107
salinator,1.0497454820761254
idus,1.0290752806995636
deque,1.0366171953035301
pisa,1.0788448117441005
plane,1.0246178100186263
excido,1.0171673965457617
intellego,1.0247131838644779
ligur,1.0132571488759192
obtingo,1.0445318338722054
claudio,1.1645815716519075
iurisdictio,1.1289708617966885
hispanius,1.0978085988774058
decretus,1.242470880403368
terni,1.0336325163036688
proficisco,1.0729235181078214
collegium,1.075638734420926
compitum,1.030289267013617
tenebrae,1.0369194056934343
oboro,1.100141199472238
aventinus,1.4213648111982145
pluo,1.0987205770877435
natis,1.0291908052368126
heres,1.0264771027642268
formianus,1.34710553087415
fundanus,1.1256438385832623
municeps,1.18522386716395
arpinas,1.1883055860196943
promulgo,1.0637729945138121
latio,1.0462107789814177
rogatio,1.077177831699824
intercedo,1.0473640034672378
impertio,1.04148362668771
addeceo,1.8220416964915316
excludo,1.0440626476819022
tribus,1.1282552168270539
cornelia,1.033326108704852
ualerium,1.0966534231526919
plebiscitus,1.3200194337844935
lustrum,1.053820601679408
condo,1.0183132574582276
cendo,1.576349703281381
tolerabilus,1.0622467169040362
immanis,1.0116908883625508
populor,1.0226814500152512
domo,1.0137577916860605
luendus,1.156096914914099
noxa,1.0196352467024246
displiceo,1.0191268642622742
at,1.0096628977764532
occludo,1.0481782163668887
benignus,1.0149234228751611
laetior,1.0444960677971757
adueho,1.029394267224538
octauus,1.0403244068856845
decessus,1.2658328740343876
redimo,1.0219314371227577
uallis,1.0498493360134173
recte,1.0128786126162588
transfuga,1.0453270581702656
armamentum,1.0631609738193406
actuarius,1.0609346956528227
moneo,1.0125843842148474
sarpedonium,1.1646786671615867
aedes,1.0289867925599883
exactio,1.0474632012815386
heus,1.0461773768192975
modius,1.0374164464470412
quinquennium,1.0680785808469753
triennium,1.0401031249250248
quinus,1.0540253108571314
quadrageni,1.184407309443446
arco,1.1571596685973795
poenus,1.0520269112757121
saluo,1.1842263114376987
iuro,1.0286362716133766
iusiurandum,1.0357553554752181
concido,1.0199545455208663
cremo,1.021441782099203
ecquis,1.023784732763405
ianitor,1.0825676079835511
athena,1.0945715378789815
despondeo,1.0244226118428617
immunitas,1.0501961244337124
notio,1.0692890648133666
milesium,1.391193824130886
origo,1.0211293202824578
reicio,1.028535626159057
uago,1.1349101777207087
iumentum,1.0317404462999449
horreo,1.012209342734244
plaustrum,1.021368840658102
pretiosus,1.0264728321952359
salio,1.0297769076621732
caenum,1.0282091685267492
scindo,1.034881031233303
sarcina,1.02418884732103
onus,1.0270479201644431
inordinatus,1.0916790363104028
lateo,1.0115865170886098
fors,1.024709991932887
incommodus,1.0173672424699907
alibi,1.0382954474143578
uindex,1.0258538501461871
apertum,1.1012660030886514
saltus,1.0182225935689726
calo,1.0441891655301394
minucium,1.1919498348825806
strenuus,1.0118290258329403
latebra,1.0101239889106348
insidior,1.031034748072358
confertus,1.1455823371326819
mitior,1.0139393256656002
numida,1.0154349327755867
solio,1.0177169766557768
flaminius,1.018287669694724
apn.,1.2658140595372358
culleus,1.0646298192011896
furius,1.0791531988661993
tarentum,1.0197668844252537
gallia,1.0253886305502105
tarentus,1.0366015033710276
carthaginiensis,1.0223911566893453
pulso,1.0184056684226255
claudium,1.0562270446547175
fetialis,1.0587572746422789
carthagi,1.0114976568307619
glisco,1.0666819934927958
praedico,1.0324232224728018
biennium,1.0389282525150818
substituo,1.0379957097307149
priuatus,1.0252843588978282
uendito,1.0301229567961177
itidem,1.082723474294022
mane,1.0450889952492886
consularis,1.038538460867066
reporto,1.0412297983880603
inimicitia,1.0152247256350715
suborno,1.0330971696753277
ornamentum,1.0155289120270439
conuello,1.041749416076451
ablatus,1.035003162588902
paries,1.01836486954117
postis,1.0283729702660176
adoro,1.0410847445847473
criminosus,1.108458166235928
spons,1.0315009205736687
syracusanus,1.0390395006431905
campana,1.1089246497483751
mt,1.2002518228540686
gestus,1.0227506511516022
criminor,1.0575021775994586
figo,1.014027573555188
scin,1.2488810684811549
separo,1.02191624889873
callidus,1.0152790970964554
malitia,1.0501401838037758
insimulo,1.040202822368667
absumpo,1.1571014089737
portorium,1.035356247878263
immunis,1.0248041309758193
contentus,1.0142117792256773
infrequentia,1.1677595870317363
ualetudo,1.0076372115505197
bellona,1.1830374485023596
commemoro,1.0151222650833294
contradico,1.1242702339064468
inchoo,1.0268806433868838
sibylla,1.0562541756664634
fatalis,1.0106019982880765
diuortium,1.0276969868596508
desumo,1.095237855873463
biuium,1.0670144769810666
mercennarius,1.0522422091521002
recessus,1.0268030268664323
angulus,1.0111877744349203
peragro,1.0216196710618217
quomodo,1.0387785008743782
temeritas,1.0097287074387105
uitio,1.023902384306379
millies,1.1766509230177085
rescisco,1.0534761124525591
attonitus,1.0173536085086705
cruento,1.0335741874561675
auis,1.0258012880283554
examen,1.0865154208144971
crepo,1.0253126805900914
latrunculus,1.050888480100461
thraca,1.140746537841095
ferus,1.0133463185596787
delitesco,1.0272941254558763
thracius,1.0203102184787072
ignominia,1.0197417813894325
polluo,1.033066062668132
obliuio,1.0300475054715772
pectus,1.0140579736073911
aduersor,1.0338674265887782
dispenso,1.104589455121866
cohonesto,1.4697852075474342
aduersarius,1.0259618765620537
triumphalis,1.0311158574075536
cito,1.0113276643773594
inuideo,1.0066268397088145
iniustus,1.0133433194614738
omnino,1.0374050922905784
totiens,1.037545529245612
fraudo,1.0204699612108408
accusatio,1.0224565798259122
imprudenter,1.0711475560343675
paullum,1.1913630169237837
immanitas,1.0375604797763347
infestissimus,2.074401648174165
remotus,1.0227274583760708
infamia,1.0177708127569076
utinam,1.0094586568614596
agedus,1.0345800076724556
subigo,1.014514070524903
quotiens,1.0278834218636081
macto,1.0237214507917707
impotentius,1.2533592314243451
dominor,1.028727853387719
ideo,1.0220845272577241
reor,1.0401727047614087
animadverteo,1.0635854508302984
uagor,1.015700196913866
argumentor,1.0442821077757214
felicitas,1.0130271060512268
atquus,1.0083792308167592
peccatum,1.0482627659822399
mitigo,1.018213447733647
implacabilis,1.017749573981713
confido,1.0241939117135093
crux,1.098532809381115
incipiendus,1.1756525814411156
calumnia,1.028118372116823
uotum,1.0496703469410829
nuncupatus,1.102663868055877
aequior,1.0270024024090936
nempe,1.0747364969268518
reperio,1.013863346734504
mn,1.0303310269658668
deicio,1.0175920395813158
fingo,1.0071035996541904
corrumpo,1.0097016047290284
quaeso,1.023720326404969
longior,1.0123821364192256
defensio,1.0298783019583704
necubi,1.0471667099521624
latro,1.0122390231370595
morior,1.013192469365922
infeliciter,1.03112061030344
nouissimus,1.0369736902449826
serus,1.0213235140138124
adnisi,1.8118769559476684
senium,1.0152054359173208
perduellis,1.0635836303419635
laureus,1.0470481604124282
inhonoro,1.1676924531025474
malignitas,1.032945850741277
clarior,1.045535321900084
incuso,1.0258305791407678
ingratus,1.0073008407494506
uictrix,1.0201309863670738
potentus,1.089691207038469
nedus,1.1003202804380368
adfecto,1.0646992734474514
frequentia,1.0194327744176892
exordior,1.0249856352956594
fastidium,1.010719257529421
luxuria,1.0271566384217024
argumentum,1.0204459407521278
dictator,1.0165951861865536
columen,1.0419586508532623
domina,1.0395264028995579
nutus,1.0131802931632679
intactus,1.015967691468567
cliens,1.0159979003262996
quiris,1.232189664722696
carthaginiens,1.0456827266058226
lis,1.0305109498286997
supersedeo,1.0752425529340406
iunonis,1.023505364045867
minerua,1.048163547644002
praesideo,1.0385136465571985
saluto,1.0140091873114434
septemdecim,1.0692483122447844
senectus,1.0061013561654293
anteeo,1.0278737238128999
caussa,1.073437345643783
posco,1.0155416365197072
reposco,1.0225783514593785
uiator,1.0417536853339586
seruilis,1.0436586717109002
celebratus,1.1388024652173192
carthaginiensus,1.02246449347766
speciosus,1.0172801394693307
illucesco,1.0898436094230601
prospicio,1.0192949063432717
literninus,1.0543015824249051
adsuetus,1.1134493149823073
humilitas,1.0460568336304095
cur,1.0048829362688292
excusatio,1.021814486995375
superbia,1.0183746980637107
decresco,1.0372680281038704
uilla,1.0170924129047403
morbum,1.0310261309554098
ueto,1.0227783342284638
adscribo,1.0277385998872852
tristior,1.0378190060027812
conuicium,1.0143964811651607
deformis,1.0150103683755953
loculus,1.0506459037611475
compingo,1.0884535361471304
indignatio,1.0285105939763786
domitor,1.0196776967748404
nobilissimus,1.0183498489581486
poenum,1.041410703828645
consors,1.0709963719244122
palma,1.0201866290565988
uenerabilis,1.1088021112769082
inuiolatus,1.0327119946935155
accusator,1.04633944942685
praecipue,1.0143778975482445
senior,1.0590872423009794
simultas,1.0134186695325764
uexo,1.020359985325786
probrum,1.0187151663647256
splendeo,1.0304563904272037
rus,1.011428994463105
monumentum,1.0193467418507993
aedifico,1.0353702408419019
funus,1.0144569592985904
despicatus,1.1439821836461543
ducto,1.08015445037605
iuuenta,1.0150026310959117
assidue,1.0751334767723342
defloresco,1.0601666696787642
punicus,1.0147787923217249
perpetro,1.0912676168471287
periculose,1.0264271142125747
crevere,1.1846037527808917
uivus,1.1048340824249483
adlatro,1.232874747358359
mortuus,1.033991230570543
uelitus,1.1136613630197896
coago,1.0514382119576133
mummius,1.048095710140828
nobilitas,1.0236882199574227
purpureus,1.0118783959415858
exorior,1.0226147514773993
conquestus,1.1049262003495124
conteno,1.046206342633934
sepultus,1.086536037922903
accessio,1.0426326031746782
intercessio,1.0885342556223396
refereo,1.4023591293766424
mulsum,1.0425965782988835
prosequor,1.0325103963602338
recepo,1.0257666049983667
delicio,1.1205474308322834
quaestio,1.0497637420639114
quaestor,1.0162842045771878
peculatus,1.0586483776581816
accensus,1.029442966053486
absoluo,1.0345277596044218
commodus,1.016566420099314
summa,1.0263981029896512
mendacium,1.0288027960607606
scriptor,1.0189584443765296
similior,1.0474632012815386
quadragiens,1.0948933414543784
requiro,1.0874842846056936
lucius,1.066821989845069
inspecto,1.0884459097291161
promo,1.0224706624722568
clauis,1.0486757552812211
sepulcrum,1.0171620313950231
elor,1.1094300405478663
utrobique,1.042625346164932
statua,1.011285967639989
superimpono,1.2659797800496924
poeta,1.0126075470490992
discrepo,1.032473796783809
nebulo,1.0295504229589305
nugator,1.0564700099436748
serendus,1.1037698746085671
capno,1.0870333371603946
adlatus,1.135721700656533
ciuiliter,1.0694987374888363
dissoluo,1.020782764867418
laus,1.0083222627861814
moderatio,1.0228180533322913
reprehensio,1.0292850116510104
comitio,1.0293247956776401
curia,1.069448424908948
cella,1.0266255271125209
imago,1.0135442370690348
laudatio,1.0421291286777175
ciuilis,1.0336830817887435
fateor,1.008836298830097
nasica,1.0183159770062757
collocatus,1.0256735431414061
desponso,1.0659986147343041
epula,1.0197808310903145
sponsalia,1.128391199993651
aemilia,1.13085831087924
muliebriter,1.035078958535309
indignabundus,1.181940724924644
concors,1.0192392370402699
uario,1.0208653750434762
decor,1.0130976373335894
proprius,1.0412002674553795
clarissimus,1.0242067917521434
etiamna,1.0863020480385757
hispanus,1.0131236990779346
respublica,1.0179739224371742
superiacio,1.2331649100338509
stirpes,1.0110149007829736
diuinus,1.0292655628016913
sero,1.024394714589429
hispanis,1.1325936364138376
splendor,1.0219301921693758
officio,1.0585072457632652
exsisto,1.0371626730101935
dica,1.0157958243379415
quaesio,1.0460776396971407
prosum,1.0078321795103995
noceo,1.0074806743890445
iudicatum,1.0729858925628588
sumptus,1.0133000487346535
uexatio,1.0389528292878252
contumelia,1.008386382577481
fur,1.0245997260359305
proicio,1.033112373986175
recito,1.0295413252088756
iudico,1.019258928045268
aegritudo,1.0215492544558324
secedo,1.0176558622974123
devico,1.1085198335411437
propago,1.0226790811331214
plurimus,1.0115482753797251
incluseo,2.1999260843793293
possessus,1.0729453380495337
redaco,1.1141140367397233
locupletus,1.0698217233313527
calamitas,1.0076898049135974
nascor,1.0058950555051824
continendus,1.1829164165419745
acuo,1.0184708916061522
ditior,1.116817455385125
fortior,1.0424005584913576
neglegenter,1.07860732673345
asperior,1.022121514835619
exercitatus,1.1724761739234228
montanus,1.0449453374251165
asper,1.015975812614252
securus,1.008662833432513
laboriosus,1.0139477820895504
parsimonia,1.0172262319119836
astringo,1.0287052087180248
lixa,1.0831539989896202
extendo,1.0339713485710615
uicinus,1.0295889638222917
incurso,1.1067046227757102
profugio,1.0109064050824612
appenninus,1.1570947055029466
apuanus,1.0693083518108568
pisanus,1.0547808803764243
bononiensis,1.094973732586017
otium,1.0077754548776858
bononia,1.0992948537256226
ballista,1.0567514253079668
deuro,1.5338930503480175
nimus,1.4821831109100772
stulte,1.0124678527340203
concredo,1.128020131306388
diana,1.025590905325858
uoueo,1.0736338078498597
arimi,1.0457172704120112
confligo,1.012187419439166
iuno,1.031449680572563
regina,1.0345495768372406
insons,1.0148191815957952
census,1.028138029660147
terentio,1.2165327992656085
livio,1.1711868975074222
probo,1.0204912516066433
immergo,1.065857818671947
conquisitio,1.1836468213244737
alienigena,1.0726309558957885
intercessur,1.149845478438396
decreio,1.2063466954205435
notis,1.3227392562622347
furtim,1.0150494250164201
subter,1.0516197820065452
atfero,1.1278632345789528
syracusar,1.076329975670136
fas,1.0135623615257963
ualo,1.1256434609658952
superbissimus,1.0538658797835736
cognitor,1.0911387304191669
sacro,1.0690752506626435
odi,1.0160184507592576
diligo,1.0361998875925662
improbo,1.0195675198180176
uultus,1.0484205716502528
adstipulor,1.1767341121547767
tribunatus,1.1027940419783333
obliuiscor,1.0254717372087847
posteritas,1.0202268295586987
castigatio,1.0505182769793502
ludus,1.019224624081847
iosco,1.0435162505800002
secerno,1.035344427632905
necesse,1.0221137933019724
impendo,1.0317439359764915
octodecim,1.2003108161872533
circo,1.0544661821895747
sp,1.4023781191373292
sulla,1.05903195486942
calpurnius,1.0439025786432365
pisus,1.0405151938256325
lucullus,1.040482283407799
aurelus,1.0902516884809508
crispinus,1.1289641764232625
nonus,1.0365928569989846
serer,1.037942923463444
conflagro,1.0536950481115475
infensus,1.030639332786803
iudex,1.132527121032561
severe,1.0410310623114563
aspicio,1.0107619427513783
aeratus,1.0552111678232727
stragulus,1.0375182600739148
plagula,1.1604881056515466
textilis,1.2098759858826302
supellex,1.013786031480923
abacus,1.1977824924392604
conuiualis,1.1502407473554812
oblectamentum,1.0412988827578469
epulae,1.010107203524378
apparo,1.044655148065523
coquus,1.040135817905605
uilissimus,1.0236985262823906
mancipium,1.0191683433391006
ministerium,1.0600783134855807
futurus,1.0208381681104168
carpentum,1.075379842576212
donor,1.0995800912566975
indulgeo,1.045635151137426
conciliandus,1.0366977760563898
adnitor,1.0812125355367435
soluo,1.016620257744487
semis,1.0958686213030668
demiror,1.0544133641858031
ambulo,1.0637290193295403
celtibeer,1.0405277777708866
consultatio,1.0275505181845375
cethegus,1.1318917197624117
instabilis,1.0286043605838144
procido,1.0845394642003154
repono,1.0123809757134277
plebeius,1.0281507570602413
furio,1.4686270050566619
luscus,1.0606556748994707
coniuratio,1.0301928524191137
sullus,1.077634204261498
ignobilis,1.011331139260681
eruditissimus,1.0467829915832918
sacrificulus,1.1608870316534674
quaestus,1.0154681830925423
prŏfitendus,1.2176852331818693
imbuo,1.0256794373942246
antistes,1.039673728718242
illicio,1.2172687560147988
tenerus,1.037082084079774
exstinguo,1.036216079368794
corruptela,1.0555407215660733
promiscuus,1.0399385305498854
ingenuus,1.0236591135178617
testamentum,1.0945635398448097
officina,1.0223291059083244
uenena,1.0228320835803455
indidem,1.0551509091023439
tympanum,1.0351948130478403
cymbalum,1.0919127902428496
strepitus,1.0061953656354852
exaudio,1.1057835750312972
lab,1.081695627135543
ueluti,1.1343173467660235
capacus,1.1571063568233635
patientus,1.1257987585975509
pupillus,1.0626646754338172
uitricus,1.0935227227472284
rutilis,1.1427604601389005
uinculo,1.0585227397120605
exilis,1.0310182742978449
prodeo,1.0119381469290905
flagitium,1.0090283327201777
bacchanalis,1.0428179503349817
convaleo,1.1104672685762593
initio,1.0268195547453882
exsolvio,1.0859951858738683
castimonia,1.0699574956135942
pus,1.126151283055558
lauo,1.0374813046136249
sacrarium,1.0482957774349944
scortum,1.0295945240538587
libertinus,1.0479831035591614
ancillula,1.1967175964724783
manumitto,1.133912558266283
uicinitas,1.0670407398630526
damnosus,1.028392826658551
appetitus,1.0508697202024142
malignus,1.024446382002021
patronum,1.0616988633760438
amor,1.0163213891917426
iocus,1.0076519782926077
detestor,1.0233621475676904
admiror,1.0103232059225604
perturbatio,1.0207287959661988
exsecratio,1.0510749964963573
forsitan,1.01989279014321
perditus,1.0482869348777075
coacio,1.1092120471161453
silendus,1.2067298653057368
enuntio,1.0342354846884632
uictima,1.0467813587841994
sacerdos,1.055776727209798
symphonia,1.0456124728488283
obsecro,1.0284113599834153
infandus,1.0469276124741593
exclamo,1.0311993880125245
concubitus,1.0274206384880522
uenenum,1.0174131441027061
iurgo,1.0487778897437756
amita,1.0480526941891326
eiicio,1.0859108361981844
arbiter,1.023024804602156
socrus,1.0445994709639081
percunctor,1.028299539793307
anus,1.0274889093318396
miseror,1.0339007481617948
propitius,1.03891590023068
obscenus,1.0916778997577088
uiciniae,1.1918691374799122
arcesso,1.021388365308358
uestibulum,1.0141355755533668
sulpicia,1.1536179625706433
lucus,1.011122566642859
tremor,1.0549628771284956
hisco,1.0326509094590948
impudens,1.0444435286235598
puella,1.0222111305215873
infitior,1.0440240551196782
coarguo,1.1148947475690032
arcanus,1.0265323721568502
amator,1.0372415430384474
seria,1.0148448408897177
cauillor,1.1053344399053207
gravissimus,1.677646609196569
attollo,1.0154764191822037
perfidia,1.0167495160093414
merita,1.0605710586735984
ablego,1.0314168338437584
dego,1.0587517958539265
sacrum,1.0753032675736307
admitto,1.033731359248354
sisto,1.0140878851151198
matrona,1.0142678817653463
solitas,1.0954949533573415
monitus,1.0389501270726718
immuto,1.0286723473354498
minium,1.0678099262974325
licentia,1.143713210020863
dedecus,1.0153552883763741
pigrus,1.069612128583612
nefas,1.0136865559836947
iactatio,1.0225210765410893
crinis,1.0186764456403432
tiberim,1.0317508519506708
demitto,1.0149151957532483
viuus,1.0621529703434147
calx,1.0406652529961928
insum,1.0158210409994188
illigo,1.054934154080025
abdo,1.0121087720896365
specus,1.0310391834092894
abripio,1.0167561091850008
coniuro,1.030729435194328
socio,1.032821915463842
perago,1.0336465263959993
aduoluo,1.1065608246103558
genu,1.0255321640815667
cenaculum,1.0520951266868768
obsero,1.0353090324042558
uerso,1.0180419937370926
arcessitus,1.0691219172651631
inquiro,1.0185136776059913
coetus,1.0447434240453537
importo,1.0696660028918927
inuestigo,1.0557478269569973
invito,1.0449729333258924
conciliabulum,1.0824272200133873
divinus,1.046869994485237
coio,1.167709113950781
conclaue,1.0308936609120598
operio,1.0417954094652822
caueo,1.0442230257891199
aduocatus,1.0673650946015447
precatio,1.0452091201218077
praefor,1.0462708690995857
adloquor,1.0781654419296787
admoneo,1.0110892956269038
ueneror,1.017915247587996
furialis,1.082119122773048
stimulus,1.0176324062101891
scelus,1.00695224441766
quatenus,1.0827292738617984
proloquor,1.0405668222049151
offundo,1.0502476660820068
atrocitas,1.0171809638461302
persono,1.0652312230572574
concessum,1.2037486850199686
qualecum,1.0769387986712042
ilico,1.090629019030279
quapropter,1.0403098926510992
graius,1.0311019158323884
hice,1.0372939373215928
simillimus,1.026763940235605
stupro,1.052347151790137
incrementum,1.0341613421326836
uexillum,1.0259085505750445
ubicumque,1.0295676080366238
pudeo,1.0095084640993097
sacramentum,1.1489418906681876
committendus,1.052828241664553
liberor,1.2007751509663478
effemino,1.096391554371355
necdum,1.0307120846656075
impius,1.0379017641752004
serpo,1.03597517495325
praecaueo,1.0961459242379983
legitime,1.1708733561521705
unusquisque,1.0207835101626186
gurges,1.0135634637096151
fallacior,1.1227788395085374
hecuba,1.0415588875795159
ingero,1.0182809948374663
quisquis,1.0127533322125601
numen,1.0217497682563481
praetendo,1.042747108833316
uindicandus,1.0385001470421016
immixtus,1.264922206815624
innumerabilis,1.0209400462700113
haruspex,1.034149485409847
denique,1.0179237704619641
comburo,1.0492861699959304
prudentissimus,1.0262916169748173
dissolvo,1.1412074522737299
ritus,1.0715649526574558
superstitio,1.0109325978693018
demolior,1.0533426387761216
nefarius,1.0198221154547533
contamino,1.0421106802080715
patefacio,1.0358559479234866
impunitus,1.0508721556601173
exsequor,1.0178788108231942
munius,1.0931399687862615
socer,1.0202257128353043
nomino,1.0456474682063877
laxior,1.0602613390162996
iuvaro,1.0654173178983486
hospes,1.0120883184541314
pala,1.013133365511795
faliscus,1.4949060953193745
perpetior,1.0202217422830344
tricesimus,1.022119958065414
solitudo,1.013198221040807
praeeo,1.027915917964825
nefandus,1.0552582248479323
iureiuro,1.0426162750448096
adulterinus,1.0643966597522272
subiectio,1.1392255281013381
adficio,1.24536518117503
neco,1.014127729003317
idoneus,1.0252770907512239
exactor,1.0429278936260813
uetustus,1.0219472482945937
ara,1.0224889829556079
consecro,1.0613220130483296
sacrus,1.103439566990554
uidua,1.0634310685972348
coniunctum,1.0217955061309376
adseruo,1.1049952624851924
conscisco,1.0432869265151656
centenus,1.0294879423459813
emereo,1.031337896111303
inuitus,1.0141409088246653
inuito,1.0291418146155271
adsigno,1.133515257363498
datio,1.327584786645541
deminutio,1.0454306259436064
nubo,1.0148889189736234
quive,1.0414682396315744
censo,1.1363236201502662
impunitas,1.0623112865685995
nupta,1.0201482306095133
hispaniendo,1.1631605445936715
maenium,1.167011715667381
undecim,1.0539349959707622
oblitero,1.0762285490756658
gesno,1.146263670591415
tristitia,1.0216517723119067
incautior,1.0403978228636523
icior,1.0818151072370803
luna,1.0267257362441207
discetto,1.0350177845315292
celtibeo,1.08962029394105
coactus,1.079762788623822
auco,1.0490657169900124
infirmior,1.0502820519080682
artifex,1.011527905378592
athleta,1.0629035411458176
uenatio,1.020357006624785
leo,1.0377720791873553
panthera,1.0789528382068765
saeculum,1.0674818372311263
ludicrus,1.031958755150347
sacr,1.05601642774579
picenus,1.0303093240227372
caelestis,1.0244226118428617
multifariam,1.0990693766083026
orio,1.0231681762629503
complures,1.0348039239269469
adflo,1.2681748155380066
tango,1.0176119756048
procuro,1.0409254581142249
umbria,1.0530358701691338
prodigium,1.0293540988957455
abominor,1.0554909832083028
uiuus,1.0591423349150926
transalpinus,1.0697027632877791
uenetia,1.1318981343925016
alpes,1.019577061762226
damnatio,1.0749491380751413
uotus,1.0774064539777988
afranus,1.1343684258425233
marcellinus,1.430000960595061
scribendus,1.0201718028192668
libo,1.0418252976416873
perseum,1.0256054506220766
inchoatus,1.0628630045065774
ango,1.015848534737431
saevio,1.0805946962207047
despero,1.0163547591590698
uiduus,1.1341535566143346
optineo,1.213111880780049
iuppiter,1.0207299758926602
lamia,1.1396448798969558
dedio,1.0960639287698932
permulceo,1.0295645121530557
thessalis,1.226922532946289
magnes,1.0924235603108103
sedo,1.0236122094126083
quandoque,1.0509241586670217
uectigalia,1.0340070984841332
fructus,1.020421673168322
metallum,1.0347062796741084
intermitto,1.0203014073981815
recolo,1.0592164916691236
stirps,1.0150632429440338
procreo,1.0858662767427616
adtineo,1.096709769239599
thessalum,1.1237745693162786
querella,1.1224575596479796
neglego,1.0149344744428792
purgandus,1.0624837125820024
adfirmo,1.0432055128196598
thessalicus,1.0378192627959357
tempe,1.3178627129461435
disceptator,1.0586943388063492
audiendus,1.033359840927335
acerbior,1.017885418653
antiquitus,1.0328402908537342
abutor,1.018169142195197
reddideo,1.0909488629425108
eu,1.144832750597742
thebas,1.0444995792670158
quaestuosus,1.0531147931189937
negotiatio,1.0401071872545764
adhaereo,1.0439978086097939
ingemisco,1.0539618769363794
tenax,1.0234787030165604
acerbe,1.0249781835252443
leniter,1.0231205060298507
acerbitas,1.0145102669995554
postulatio,1.0330539766062499
quesior,1.050546036454862
petra,1.0624251097145452
frequento,1.0225499313290711
ridiculus,1.0178412651573099
mercator,1.0206678161123028
respuo,1.0179425459921843
uiolaio,1.0360990363791631
accido,1.009661500249689
falso,1.0165172689682667
insolenter,1.0258960040895895
diutinus,1.0251580581873128
sitis,1.027552783819446
auide,1.0241988511075057
merus,1.0356843194338472
haurio,1.0174418964285745
insectatio,1.147436708501482
elao,1.0999422729509274
minaciter,1.181878444694197
concinno,1.059392597052013
fremitus,1.010945268355603
diuturnus,1.0176296285872544
praesertim,1.096253861865036
exsequo,1.1120971102750365
grauiter,1.0688361908103823
offenso,1.0456855943066372
thessalonicen,1.2659879955669484
praeiudicium,1.0693241635786772
chersonesum,1.1494978916436958
didio,1.0610373531945938
appendix,1.1334830932333073
mecastor,1.1043544589226506
adsentator,1.0997478157403042
exsulo,1.1099174614952514
sileo,1.012618303765163
deflecto,1.017320974854662
disserendo,1.063167980532813
i,1.077170293313733
decius,1.0263218150680846
solacium,1.0376441593699972
caecilis,1.3368887619598886
delego,1.0873547398451242
merito,1.0229934902915345
impudentissimus,1.0638944847385075
refello,1.038270002174664
disertissimus,1.0455017022445499
planissimus,1.1746956574769638
impetraveo,1.3073814788268021
insector,1.0235873538530151
respectus,1.0684798428526294
cognitio,1.0319295573370126
reseruo,1.0984558503626063
macedonicus,1.0912635709402276
ouo,1.0217540618418475
pastor,1.049725186648083
pascuum,1.027437312096432
subuenio,1.0352774087507306
institor,1.2188223205578397
tagus,1.053679628992981
delendus,1.0617329952774786
quadro,1.0424452491838934
uadum,1.026368716669599
quieto,1.0443800725111774
inico,1.1452472509675635
communio,1.1269296583150545
fabulor,1.06549228831544
acerrime,1.0218734877584763
cuneo,1.260330603966809
laboro,1.0122843410190412
ua,1.1725548401877322
propere,1.0780713585760413
retino,1.0718359111069315
urgor,1.0672009239244449
signifer,1.0862853785228794
renouo,1.0265260912443108
monstrum,1.012567089174767
bibo,1.0226941050188538
petulantia,1.0252412527764938
torreo,1.055250193662366
prouincialis,1.104422649871917
cruentus,1.014566893397708
arbitro,1.0932142613721294
laudatus,1.1951480619574104
phalera,1.0373450541036155
catella,1.0692702555495603
fibula,1.0722138934686738
permultus,1.0223469229319877
pisum,1.066747510467051
macer,1.077306415467499
securis,1.0144248792283383
patricius,1.1200291709868047
candidatus,1.0474067667337106
artus,1.0116417805510287
gratiosus,1.0271799067413225
licinus,1.239498237596127
uolito,1.024276074410681
clamito,1.0239895001076649
tribunal,1.107939538991613
tacitus,1.03083418400482
spectator,1.0235162286575485
coerceo,1.0278031350747012
nequeo,1.065796337880215
aliquotiens,1.0797748804230844
appius,1.0340491603705346
claudianus,1.1087382143973523
respicio,1.0380585208243231
flauus,1.0542950233541848
uarrum,1.0467650963832569
itero,1.0277205944420615
discedo,1.0092605091800195
deploro,1.0186984653718023
uenumdo,1.1004083992802476
recitandus,1.1464519726038611
habitao,1.2234937827378094
crudeliter,1.0467739785958472
euidens,1.0416802719149738
quaerendus,1.014927045306953
remoueo,1.0273511814294627
color,1.0190946738729467
honoratior,1.1153337435535244
minister,1.0492546710369102
emano,1.073857491338107
ueneno,1.0169325546063082
digredior,1.0233849945888231
rebello,1.0483912210472903
immatura,1.0628916895826046
demetrium,1.1067942052941249
depreco,1.0424170741704653
hister,1.0859487919306958
sollicitandus,1.0915567284038572
alcibias,1.0235960344263548
exsul,1.0278293921971742
arcadia,1.0360760020542163
cogitatio,1.0211234782096381
evoco,1.0660834218441666
saeuio,1.0237743622301017
crudelitas,1.010067066819137
abrogatus,1.0591115786228242
respondo,1.0372280765747246
arbitror,1.011660813074901
nimirum,1.0351037367029103
reprehendo,1.0149353954177198
quonam,1.0106637295125913
excieo,1.0471191954193728
alcibiades,1.1211828182766284
exsilium,1.0329316052561424
consenesco,1.0134335449976943
lycurgum,1.0518557519756446
sparta,1.0732564716653576
agnosco,1.0203219461388606
amolior,1.0423400702372967
diruio,1.1881058938060731
muer,1.0645440273421285
compes,1.0377189305465895
uinctus,1.0368450700743619
seruio,1.021326995753302
obseruo,1.010697946713765
precarius,1.0175224239295486
quantumlibet,1.139976617768186
insculpo,1.0533669102139487
aeternus,1.0624818958632958
molliter,1.0139685560776863
tenere,1.0153970140921516
invitus,1.6696652979707614
gemitus,1.0153554727239826
obstringo,1.0435960249934826
sancio,1.0187316204710382
alcibiadi,1.0330196282901254
vt,1.0484637488498887
progredio,1.0907343836893717
ueneficium,1.0182044874462106
iuventus,1.2029128801724336
uarus,1.046099490219342
profligo,1.0261154863829984
passuer,1.1039892936066373
subinde,1.0120368522168341
designo,1.0895638956021982
tolerabilis,1.0333221628151579
praetura,1.1977776181745152
crimino,1.0812211061283767
extorqueo,1.0169277466893902
aedilitas,1.064376536639344
quotienscumque,1.0390032732176187
pernicitas,1.0400510267496788
onustum,1.1365145214161505
reliquo,1.2539304687055064
apollinus,1.0511565894270434
rusticus,1.0133347507072776
proueho,1.029130830245224
uersatilis,1.1085200532706503
peritus,1.0353701130505684
uigo,1.5170957498716855
uigeo,1.0496404666382295
nimius,1.009423005186335
mero,1.3402004307566167
asperus,1.043672110898423
acerbus,1.011740428028775
inuictus,1.0147721633863158
rigidus,1.0292798336388147
innocentia,1.0253712086903324
contemptor,1.0267944803392535
diuitia,1.0311014088731227
patientia,1.024288206093145
octogesims,1.163973334898506
nonagesimus,1.1215239855442454
premo,1.0120681098530684
laedo,1.0087108640314704
minitabundus,1.1568027808692642
refragor,1.040018790393814
suffrago,1.0494533429947437
priscus,1.0195143608267483
secundum,1.042053202848445
municipium,1.0820152065776287
libet,1.014617696889209
plurumus,1.2241583299300998
pessumo,1.1992337068896688
autumo,1.0532654670045627
reliquiae,1.0290097651935075
citas,1.1941046707489331
praelo,1.2437441814916466
exspectatio,1.0373476196959586
cor,1.0578120879057828
expeto,1.0120267793665254
cato,1.0191497702006922
senatorius,1.0271096647834423
grauissimus,1.0242664443106477
obsequium,1.018586026274895
epulor,1.0697995527393804
incalesco,1.022038888027234
conuiuium,1.0196485080972493
tabernaculum,1.064197892969851
interpres,1.0287850056500585
gladiatorius,1.070756452218595
uixdum,1.0215822221529418
famosus,1.0361684654707497
depereo,1.0308328539288039
iactans,1.0397087142667865
infra,1.0350391115990627
accubo,1.0453638582047016
attraho,1.0447972296197727
iussum,1.137072197089073
saeuus,1.0264521078797861
poculum,1.0156210642314998
dius,1.0777567351219997
daps,1.0208281056395325
procax,1.0303443782101889
recubo,1.02924661982388
cruor,1.0117414652411247
mensa,1.0290583014101604
respergo,1.0426416745789246
sponsio,1.0485838643789829
doleo,1.0087834644137679
ueno,1.0718115342991885
amens,1.0188443392044213
recognosco,1.038794194467794
uehiculum,1.0297841133308954
inaedifico,1.3151931981156222
demolo,1.2552668228802935
lacus,1.0207314042283422
detergo,1.1953546424861916
cloaca,1.0586538553762543
atrium,1.0555899997017684
taberna,1.021428411831078
basilica,1.0543355716439982
porcia,1.1120735951642888
locatio,1.0658097438798837
publicanus,1.0815231145917552
imminuo,1.0218041563390783
potentia,1.017732348998174
pisaurus,1.2244284079497418
pupus,1.2627183536839335
iulius,1.045414666049865
propemodum,1.0120432012679301
sicinius,1.2739068778999858
sardinium,1.070715861056478
prohibo,1.095290695822163
augur,1.033028596796772
litigium,1.327207441822199
crassus,1.058636420397365
coopto,1.0383923563621122
seruilius,1.1146126918583033
geminus,1.011900916169579
gladiator,1.0269599689094122
funebris,1.0240963840713035
epulum,1.0408696612455532
triclinium,1.019095292899718
defunctus,1.0378283790352583
iniecio,1.086118219309544
area,1.0329445788069862
uulcanus,1.0491910882755016
transmarinus,1.0679211241843178
querimonia,1.03796186682249
levo,1.1496960817502402
deflo,1.202781797672869
quero,1.1741907010360837
iuvenis,1.013348460783551
demetrius,1.0337705959672066
abigo,1.0194541454493264
dilucidus,1.042742766620678
liquidus,1.0279401024434478
disco,1.007302292227139
tirocinium,1.0467787463162466
commentarius,1.0481124067810756
dos,1.040053412319425
satisfacio,1.0269519226560968
pietas,1.0214016101616492
necne,1.0696958065811872
consigno,1.0683988723528461
discordia,1.0126594992117086
residuus,1.0551479892510502
immemor,1.0128213185125379
attenuo,1.0332719508184405
deuius,1.0477164795930538
sibimed,1.1458217485737343
incredibilis,1.020602435422801
theatrum,1.0148221280516403
pristinus,1.0156982292073926
collo,1.1435127124096762
obstupesco,1.0382951261283044
thesaurus,1.0290306560337117
superimposio,1.1706360231961155
remedium,1.014744789255517
consentio,1.036721478662054
ambigo,1.0507602020975977
avidus,1.0178483047586784
impauidus,1.0530627052887207
congero,1.0154643109473052
flamininum,1.1077165724071005
gratificor,1.040642596128254
custodiendus,1.0446306259938636
inexpiabilis,1.0460358327346828
sane,1.0315823569899212
leuitas,1.0244550771515815
inexploratus,1.1294291504892964
uestigo,1.0588380599448493
complego,1.457103965639296
elabor,1.1093714262212038
posticus,1.0610526528820772
occultissimus,1.1048904719060337
occursus,1.0365792152386366
obsaepio,1.1881236471165941
uenenus,1.0502942814444431
suspicor,1.009954457822709
exsecror,1.0276204427990534
hospitalis,1.0278720864977198
uiolataa,1.7586851322209778
inuoco,1.0684009134751595
polybius,1.1377904322395078
december,1.1968908205926776
congruo,1.0578302961167907
paelex,1.1834075378217173
solium,1.0236358170667919
perse,1.0350444754310122
inflatus,1.2334579298259183
concilio,1.012816243680318
constitutio,1.0676138231460686
maereo,1.0146269623256932
gemo,1.0151415516405546
frequentior,1.0740097593626878
movo,1.0531742244875015
aduorsus,1.390875157359535
raptum,1.0168757871033662
egestas,1.013580792803663
incultus,1.0140047747121574
gesio,1.0952460782639442
saalue,1.0877671631200523
praeopto,1.0611762744356141
alpis,1.031387730092804
peruius,1.0932108421244546
lenitas,1.0212538842088195
iniussus,1.1547112880402166
impello,1.0254698568186968
mutinus,1.0533115570967624
boium,1.6029468542584935
saturnis,1.0518601704170847
hibero,1.2953255616859105
ulterus,1.0886516486108466
peropportunus,1.0390761167183875
laevinus,1.0250719334372302
ister,1.1185363969337683
fabus,1.0362165273697967
rebellio,1.078149575470816
bellor,1.2355363577870448
uer,1.060094188380299
procellosus,1.11647914512751
parilis,1.0856698791995072
profanus,1.0281973848810047
for,1.025651032735435
cero,1.0248018774456087
adfigo,1.1780147929284914
columna,1.028436765592383
euerto,1.0191347883623194
culmen,1.0412434982079013
foes,1.0900599340072945
mulus,1.0319021382862685
caieta,1.0828241021137033
sacrificatus,1.4971293269465442
terentium,1.1266413298185423
pharnacus,1.120966398634626
macedonius,1.085751029499017
obscurus,1.0112587812683314
emathia,1.0442128869783718
fidior,1.0449340131140425
penates,1.0259568574093043
dolor,1.0106122254253678
propalam,1.054007100964941
nescioquid,1.0712332528178812
uelitas,1.338420921378895
gener,1.0310057292380415
uiduitas,1.1237345255737239
archus,1.7702622353807524
nuptia,1.0255293431666008
enitor,1.0304687322455723
partus,1.0137962006426529
liberi,1.0126845603960144
athenae,1.023855145493942
thessalonicus,1.090809980838089
caerimonia,1.0241980382925604
quotannis,1.0310064895360058
sopio,1.0173812469645567
redo,1.220492072323318
thessalonica,1.0636605682639777
euboea,1.3789421955564227
logus,1.1572729325161364
retraho,1.0166793378780017
reuertor,1.0378075146391947
hortatio,1.1160324913805777
reuoluo,1.0357148810008123
diluo,1.021428909323157
iuuo,1.0552982498515544
semianimis,1.0445382069935905
complexo,1.0296770500049468
poto,1.0193948662703247
dirus,1.0124866719435752
suspectus,1.0235116704877807
suspigo,1.28153190932887
arcessendus,1.7308550419054036
consociatio,1.1714507095958921
senus,1.0279925060513342
stimulo,1.0206877486438053
dextera,1.0534066595892113
exta,1.068951144139551
posterior,1.0282098616907924
insigne,1.0238909491146115
cingo,1.118198609697857
fortunatus,1.0333599045751194
maturus,1.015836110089859
lustratio,1.0458207851415446
rudis,1.0128750047920319
proin,1.0987580663731182
prudens,1.0483816562504726
sodalis,1.0725075308531327
festus,1.0541457106303291
inuitatio,1.0769766828595175
hilaritas,1.0142788577421635
commemoratio,1.0676019342455527
iocosus,1.038261392199197
excipiendus,1.0412303799768583
conuiua,1.0730978965837843
mulco,1.0450251352186688
io,1.054311586821256
resideo,1.0414690800892883
simplicitas,1.0264400504813322
intestinus,1.0343049192997322
praecurro,1.0287727041301409
succingo,1.0282825230689459
ianua,1.0354709502201451
fenestra,1.0219492402879524
paulisper,1.057178792423345
convenio,1.082675403160233
salveo,1.0200372697619418
quaenus,1.030686059967746
maestitia,1.020012773554547
lucrum,1.0226717252006672
admiratio,1.0075395440817647
manifestus,1.0266001480923699
enimvo,1.134484099372414
lysimachus,1.02673227093584
inambulo,1.06418513500236
ternus,1.1110666228082346
miserrimus,1.016537594047603
parricidium,1.0247223842491502
confico,1.3835820235779068
admidior,1.1352216505776314
deflagro,1.0690725938545653
icio,1.1078928607370784
puerilis,1.013324774411756
surdus,1.0201169680959896
funditus,1.0368637811401993
sociabilis,1.0923834435946864
consortio,1.0476166450572888
salutao,1.049429120285472
unanimitas,1.3171753942839233
uecors,1.0465892465509068
sanitas,1.035137393485166
uectis,1.0968705953223323
spiro,1.012642935061011
improbus,1.010621843993368
crivio,1.2042621876949489
superstes,1.0233824351723297
ambiguus,1.0155933368927372
insatiabilis,1.0352426569030828
comminiscor,1.0212924281062485
resero,1.0343818247081702
maestus,1.0118086445231564
aperiendus,1.0672499389950818
iugulum,1.0268038438213332
demetris,1.0934899373433185
subdio,1.1319286048783423
uilis,1.0327942582377163
uidio,1.061391372100665
sanctior,1.0265322465378464
comploratio,1.1059442303308666
hesternus,1.0271551291617018
funestum,1.0792770474365652
ecce,1.065397832730439
iuven,1.0509534537661918
limen,1.0337491937513232
manifesto,1.081236854073701
furia,1.0157337105854292
discerno,1.0315009839926659
dispicio,1.0401427823563503
insidiator,1.0498716728782909
perfugium,1.0471503702178466
iustitia,1.048135390085393
lustralis,1.0781198530994662
morio,1.0869390378034436
eundus,1.1030156112469984
euito,1.0309305286386625
conviua,1.0516420624330234
adulescentia,1.0558954673798773
men,1.203631927107778
primoris,1.0220333468429006
clandesten,1.0866065501252913
coquo,1.0277146137519395
sinceo,1.195554819512526
infego,1.1485622174242662
statim,1.0162753397727502
superstus,1.047143246253314
scelero,1.0151090597423047
petio,1.25877450647176
senex,1.0175319893455577
orbo,1.0242980867479012
propello,1.0272458184065607
successeo,1.094653381624388
monstro,1.0126381064991614
fletus,1.0143726231143626
percussor,1.0307152507769122
obsum,1.0173148061572432
criminatio,1.0472053391117702
meretrix,1.0294656432153768
oporteo,1.0269635520471674
indicatura,1.3635076666959514
scilicet,1.0629316896677299
diadema,1.0194703756429866
probitas,1.012392582891178
exsecrabilis,1.1898187097629336
sapio,1.0182067738493978
timuo,1.5741915846342038
circumdatus,1.0458617273520896
placo,1.021245305479105
dandus,1.0229314287473747
transilio,1.035000863980478
aequalis,1.0148416487537757
largior,1.0175614889867992
armos,1.0569030751029675
crapula,1.0473776036381373
sopeo,1.0945345479507214
tempero,1.0120975988071916
suspicax,1.0897734551440614
aperte,1.0248951568416995
conuinco,1.0231527640655471
lubet,1.0188949532038267
perperam,1.0459547067605197
clam,1.0190082032232242
suspcio,1.0521279840742346
rixa,1.0298628766007265
repleo,1.0439793588828388
obicus,1.1151822090014791
coepi,1.0329034334223597
retinendus,1.025602315825084
innocens,1.01883097497778
exitium,1.0214587597347689
patronus,1.0161410322847295
meditor,1.0183007106405622
securitas,1.0130378105139497
pensum,1.0270895435219076
lana,1.032087880071911
spiritus,1.0706457562974372
diiudico,1.0336802795416993
reuinco,1.3084351451278204
rescribo,1.1289340932226337
a.us,1.3475759928455777
perseuerantia,1.0812752503232441
illis,1.4097617073753193
creandus,1.055875132808715
hiemo,1.08775362221118
deliqeo,1.0431954586232857
nerus,1.1774417776678587
nero,1.23514668181089
apulius,1.2996720765908112
duumuir,1.1619232064318343
servo,1.0522113903536718
ingigno,1.0317268050635813
aurata,1.0772855937428987
penus,1.0543482933188473
mineruus,1.0646103628271302
barium,1.4142001160544586
peregre,1.0589441218974984
iunona,1.0303951920341534
lacrimo,1.0440053446013353
libiten,1.3475012033544052
anxius,1.0416513621572194
decrevo,1.2181451555520189
feriae,1.080505129161432
corsus,1.1432354680404486
demorior,1.0832019727619242
exonero,1.019969303435046
suppilo,1.2491753739380713
despolio,1.0600253336285217
perseco,1.3104616957141964
ambitus,1.0498810020855924
ponticus,1.0422483798051554
scripturus,1.1148456293922604
apellis,1.0468790091262064
particeps,1.037861699610428
circumspicio,1.0146629825506461
averto,1.0648180693180846
haeem,1.395218811269251
uulgatus,1.0898943724898793
hadriaticus,1.0699235834281258
difficillimus,1.0113427833420239
persevero,1.0593637660708408
antigo,1.122418886259293
dido,1.081665918143115
plerosque,1.0267679618737817
coniuratus,1.128599791436744
insinuo,1.040648470036322
elico,1.0509620780279025
sensus,1.0243461169496724
infestior,1.1282980115659649
interiacens,1.2725415658438677
septimus,1.0369860604833787
deligendus,1.037865359225958
opacus,1.024129016253024
densitas,1.0805194644603067
arbor,1.0199473527427032
immitto,1.0185142959271365
ramus,1.0169990687883081
rarus,1.0218268093766645
vulgano,1.2254404502188483
gravus,1.067101006866834
brumalis,1.0759009247613964
conflicto,1.0323443211948138
penuria,1.024301463724248
transcurro,1.1551783091194496
populo,1.1690273952472057
rapiendus,1.0960039974854359
socialis,1.0874872451840238
obleo,1.0232096105449795
immeritus,1.029884497518966
dissimulanter,1.0624933345661483
exspectandus,1.0570511720345803
praemeditor,1.0670426400700421
deprecatio,1.0981972176307313
excrucio,1.0322773090500765
corruptus,1.022024194681254
disserto,1.5277366640969479
occidendus,1.1888084377173584
epoto,1.1249652916098196
cubiculum,1.0094745703470527
conqueror,1.0185216540063895
torqueo,1.0137511148278755
intromidior,1.8351977135636397
thyrsus,1.0540667655400437
alexander,1.050354118227895
tapete,1.105429117683627
explicandus,1.0430667820240445
tardus,1.0139914145762667
segnities,1.0744545053755976
subitarius,1.0774503910066386
lucretius,1.1828243454081808
summum,1.017615185192419
principalis,1.0459638360649075
hastas,1.0798998448754176
caesar,1.013976277600007
consector,1.0301970274804912
abditus,1.0763784517672281
compositum,1.0953351739932897
exsatio,1.0904407463544117
ecfero,1.1705643112046478
deiero,1.047959668719834
exiguum,1.0137757400068812
trepidus,1.0099976256903198
clementer,1.0273196646120333
exopto,1.0438133406798131
etruscus,1.0365092188020117
tarquiniensis,1.1386468052263738
siccitas,1.046039745881143
cultor,1.019211621377933
alte,1.0389247784054056
lapideus,1.0334511835657199
arca,1.1117867024547328
plumbo,1.052135835842082
deuincio,1.026450600689488
numa,1.0401612901925839
pompilius,1.0990255305774352
pompilium,1.1118011430390593
tabes,1.0141033932102188
fascis,1.0239907500835563
candela,1.074390102392663
involuo,1.1672405972142987
septeni,1.073061108370805
sapientia,1.0162450528577518
pythagoricus,1.0384219210477745
pythagora,1.0236432493314402
auditor,1.0590457928989612
numus,1.0549732257694124
legens,1.0144731534507394
studiosus,1.0167838384298737
decuria,1.1756782031422726
pleraque,1.0469001745455961
tun,1.1227461547593665
a,1.0143025887386958
motur,1.1109479508018694
sinistrus,1.3041979911396213
solo,1.0228491698244297
effusior,1.0714379409957393
uulgaio,1.024700416257426
fluctuo,1.0237553709547553
inuo,1.3261466076235888
bipartio,1.09454540187899
ducentum,1.2836517950541673
auxiliarius,1.16331894637125
donatus,1.4409838107205342
saucius,1.0196546431582887
deueho,1.0689960970707577
cuncto,1.0909315539484945
imber,1.0123683913898445
diffundo,1.0246482851638188
palatus,1.1141004238002838
populabundus,1.37866650144028
erycinus,1.0923385647323531
collinus,1.1917816782388595
dedico,1.0436051131700126
f,1.1626980067855173
depugno,1.0395787061925799
credeo,1.0558005794147907
corsicus,1.1022560052370447
cordo,1.5273903437617327
cera,1.0401184716698302
piso,1.042755534125176
molliculus,1.0949434326755838
mancinus,1.1588988219821148
perniciosus,1.013028941085913
impense,1.463611358043216
hostilium,1.0710315144906903
obuenio,1.0493618408485654
nosmet,1.0346069312036874
perpetuo,1.0333089252118035
tiro,1.0768304839551628
licio,1.7427037102169403
diuino,1.1038669718266536
porro,1.0614868647357814
relatio,1.0627991756681732
interrumpo,1.0295317222026945
transporto,1.1411783431258784
adductus,1.0346540826590211
missio,1.064592528442282
servilus,1.3204388425180713
inspicio,1.0158626204728105
aesculapio,1.0497932352562798
inauro,1.0310904460009516
corono,1.0448187013476162
declaro,1.0476759154291568
infamis,1.015261709882762
so,1.4900916442967802
ioco,1.0493363753710032
tardior,1.0634691543719352
ror,1.0714120770093778
samnis,1.0451005182266373
capet,1.0580657920892484
manlianus,1.0538747505112267
pertimeo,1.0718260506916022
ferociter,1.0464314695071788
iubo,1.269104477792584
mano,1.0549787981986172
impressio,1.0635493119316943
acclamo,1.0539134789445221
segniter,1.0328679505453653
duplico,1.0220757477712554
effrenatus,1.1137758833217113
circumspico,1.0672238015896385
letum,1.0406828111336057
neapolim,1.620932865432711
uireo,1.0368956299524927
adigo,1.0220696458056757
aes,1.0194993682673317
relego,1.0211536215367456
semestris,1.1405829794877185
supeor,1.0228022775575427
confingo,1.0295168126270389
corcyra,1.115859985950335
uiridis,1.0410793179662399
colus,1.06215404625024
scintillo,1.0565643528958855
praetextatus,1.1539821742760965
prouoco,1.0237484368160021
cloelius,1.2892571916256303
adsimulo,1.2750960090776364
auguro,1.0393364290626863
cumanus,1.0332092722209956
latine,1.0120780003666525
pisani,1.2487165410498462
popilius,1.0191207974564647
deserendus,1.062202598814213
dimittendus,1.0543277532669788
annalis,1.0422520704219604
alternus,1.0188475565706046
scaevola,1.2712564264795585
mucius,1.0569702596199781
nix,1.0304393655321886
intolerabilis,1.0329296338137048
fulmen,1.0119444947417804
albus,1.0187564882117965
capuus,1.138301012116165
tripes,1.5455584260914392
dia,1.066557424926023
sella,1.0192353980021371
fuluus,1.0729302423977665
succurro,1.019115968825913
implico,1.0208930803970484
reconciliatio,1.059206460842632
tatus,1.604718770845437
romulus,1.019310636035694
albanus,1.026204611200258
prouerbium,1.0503322868751912
uenatus,1.0588684662086647
confudo,1.0762409070457237
interpello,1.0254781932672359
quesueo,1.0749140134319914
annuum,1.033575779313312
mundus,1.0458111368070664
praeualidus,1.2325046755528495
rabiosus,1.0808774831450483
hircus,1.1025771991258884
alus,3.667674132758825
risus,1.0121723973396082
natus,1.0210694111334753
sciscitor,1.0193066106744821
percunctatio,1.0872135303430215
uae,1.1067985862292993
quater,1.0306376866490183
nobilus,1.0230044687957471
elicio,1.035474337360812
superao,1.2447125067921536
introitus,1.0424730370681787
lampas,1.0672369040770127
exuro,1.0271739952305015
eieco,1.057743662651134
attributus,1.1026658247859813
con,1.1011976954238103
ingratum,1.0180026446976227
praedium,1.0306999269789496
inservo,1.6712029059450706
iouus,1.0670864824392532
polio,1.0230903088611152
adfixus,1.0677960621700453
pila,1.0276309543424613
tibeo,1.0485146618922794
fornix,1.0251147747767455
argentarius,1.195291451578246
hercula,1.044523574942839
medicus,1.0091682328011724
adducendus,1.0784813439978853
sacellum,1.0426723889338565
dedicatio,1.0481119484348305
scaenicus,1.0694557192578786
larus,1.1761308450276005
ualua,1.0914963658459784
duellum,1.0409127999666457
patro,1.0402720285322413
antehac,1.0363098480226114
contundo,1.0344476433925007
lar,1.024426677712934
animadverto,1.0400585058698355
maeror,1.0161604806667313
paenitentia,1.0764348746037207
destitutus,1.0338518177952218
patruus,1.0109530657358088
honoro,1.0482520901041579
incorruptus,1.0216682592031017
ueritas,1.0365107556762396
suspeco,1.5716666355965871
exitialis,1.05711977415469
nodus,1.0306357239531476
oblo,1.0440928610221822
tortor,1.0494841973873141
chaerea,1.050254043397839
persequo,1.0619641824481234
redintegro,1.0353509447077753
infelicitas,1.0166741627014038
potens,1.0290031383670322
flagrans,1.019642868863837
studeo,1.0155324773116732
antigonum,1.239129853553089
paenito,1.0791732598498942
orbitas,1.058119577262169
optabilis,1.037412405108626
infelix,1.0140344379237831
illacrimo,1.063238591800221
suppeto,1.0403788550014437
identidem,1.0204470579576908
interempio,1.8764227613178923
exstinctus,1.0531198170908154
assum,1.114783997018953
curatio,1.0331289783682438
dilatio,1.030708791930484
subtraho,1.0239847502271084
sollicito,1.0115331502705185
bastarnus,1.1055402026755876
dardania,1.7836899037030358
euentum,1.0411387554428384
accommodo,1.024647534214432
sublo,1.0275170383000407
reliquia,1.0570675558092604
delphus,1.0360406847450978
creberrimus,1.136115087647066
grando,1.0455658160156909
fragor,1.0177023455805039
tonitrus,1.0534213431454655
fulgur,1.0248727431953772
praestringo,1.0700986943968998
praealtus,1.0486868986395312
improvidus,1.1304249863490998
naufragium,1.0138234010898899
dissensio,1.021985097496379
firmo,1.0260163375265918
iunus,1.032300365327608
neus,1.6369507231195506
curuus,1.0324866317565093
fonteius,1.1269043763722153
capitus,1.0650829213863764
caepio,1.0704080424334732
lanx,1.039045356467799
integumentum,1.1500217944043596
iovum,1.080675437607691
appono,1.0229808902532525
olea,1.0399194505140583
praegusto,1.0878337441592179
mus,1.052822625862832
uerdeo,1.138753923176334
praedor,1.0481256989965686
cupidus,1.0083935950490839
pergratus,1.0433751660628638
ancona,1.11972007425283
manipulus,1.0378391646519884
aelius,1.2150598563355246
inualidus,1.1659485418638036
mercor,1.033567119669662
tepor,1.0394387487145034
perluceo,1.070504618035062
frustror,1.0487683834503392
obscurum,1.035789054646754
incidens,1.1263821871566961
remaneo,1.0182689432334966
atrociter,1.0267416961184805
liberalus,1.0945381897052888
scapha,1.022551427086019
submoueo,1.025042623004906
fugium,1.0227664876833116
pabulum,1.0127282676243508
proico,1.1834953584892989
cipio,1.1182735151022636
alacritas,1.0227763390016413
adhortatio,1.0644458227717033
citor,1.2195507673904595
atus,1.947728592501231
mergo,1.0147099906429182
fortitudo,1.0426610490351391
conitor,1.3105518807665455
arripio,1.0157219651754186
sabellum,1.1208626756799513
temulentus,1.0252505879516731
sumnis,1.0274241619224618
miserus,1.0218051520558897
novellus,1.3637846475446096
impleo,1.0266259668590778
allo,1.044968963071159
arimin,1.3444609275531045
tumultuor,1.0231697986265296
ariminum,1.0917560432672635
adfectus,1.0339542710537515
barbatus,1.028170352831875
tremulus,1.0252784691849028
titanus,1.1503430380664228
cygnus,1.0545961621918722
papirius,1.041747540201642
turdus,1.049531598520453
sardo,1.0155076437802184
miserabilis,1.0147843165007238
praeclarus,1.0134876635426173
dehonesto,1.0902135730589646
odiosus,1.0156234005287565
usurpo,1.015104391889991
ispanis,1.3182307225283807
tantumdem,1.0379108176543406
interrogatio,1.0347846488956807
hercule,1.136941895406894
prudenter,1.0634033654378516
fortiter,1.0194461544369642
nequior,1.072439384974766
inconsulte,1.2645751584919571
dedolo,1.4371737768032842
assulatim,1.1519218968971425
uiscus,1.05192025171525
uiritim,1.0207637602075061
migratio,1.1263796159938877
truncus,1.019104640295378
quadrupes,1.033733843302952
anguis,1.01948301325086
lupus,1.0147848075417676
apollus,1.143611081535278
iunctus,1.090723179750322
inscendo,1.2901115762589
uetulus,1.102715977423829
olens,1.0687893448864978
edentulus,1.1767189259584907
nouember,1.1331280306749079
quiue,1.112256950919783
iurandum,1.0378426315049756
perseueranter,1.1374647466402272
lora,1.0302416268384775
diffugio,1.0196024045460663
obiecto,1.0652836423253198
nuncupo,1.0449025145971196
catena,1.0116791142539874
minitor,1.0212242944165675
obsequenter,2.0025049788947142
ungula,1.0328371116737594
celer,1.0115135126987715
inflecto,1.0459150613445567
praeterfluo,1.2443178527015708
alueus,1.0268151556381904
miraculum,1.0458847424542759
uirga,1.0678161788648313
mino,1.024238180387407
exscidio,1.0971949004277546
denuo,1.09093127019907
campestr,1.250785859450368
bos,1.0315320602394178
campania,1.0508197628987295
uacca,1.0501357140693215
syracusa,1.0446100075301608
alendus,1.026168017940736
dus,1.6251264936959717
capillus,1.0185421211557162
limes,1.040951808715019
mutinensis,1.0903773890733854
demuto,1.212659957814404
laena,1.0971294644491993
maes,1.4125082108296907
acer,1.0099915454856963
diffluo,1.0451268202115966
olla,1.055362707772841
extum,1.0741830468348534
iecur,1.0351561068364588
inenarrabilis,1.0567793154851608
litatio,1.202904427939087
continuatio,1.0650977970274904
efficacis,1.1028086848434613
traditio,1.1020622493919587
nouitas,1.015767595463185
licinium,1.1667718882878808
reieco,1.0683709097624423
ingrauesco,1.0912760636617425
cumus,1.3168178956207048
elaeo,1.288448859483624
sextilis,1.148553017769311
tusculum,1.1386909329075543
gabius,1.0495962075137033
instauratio,1.0912433418557232
scripno,1.0638261472887873
alpus,1.091918191212674
derepo,1.5704430638643616
exactus,1.1116645619059717
occipio,1.0709924065656218
opportuna,1.140329242805167
collecio,1.0961814474805693
ingenitus,1.0801136998655234
animo,1.0158760914759908
inanimus,1.0950285482413684
expectaio,1.1181111954832008
auspico,1.246269559204953
iamnis,1.035282391743666
dorsum,1.038289407269826
inmemor,1.136601217923287
ambiguitas,1.0514765638185788
omino,1.1941804011304031
traiectus,1.0454655439818645
occulto,1.019822735365577
eventum,1.061052518672374
pullarius,1.0942983855050672
ordinarius,1.1255831964809424
ca,1.1253271821337074
subnixus,1.051105156087764
reuenio,1.5053687684282373
platea,1.0973064178746998
bifarius,1.0604713066466556
circumsido,1.3327291896106768
erro,1.0103333665750833
familiariter,1.0318608855155338
arrido,1.1213520268826935
ludifico,1.123481608406912
esca,1.0419870599505936
simpliciter,1.03459595746254
marmor,1.0136068794124213
penetralis,1.022218417546811
lumbus,1.0665268466721955
magnificentia,1.0257606470285483
olympius,1.1144434380904649
athen,1.0695009191711995
incoho,1.028024316135497
delum,1.4045834861217854
laqueo,1.231472710682655
perbreuis,1.1247269754887492
uolnus,1.17852486580289
tenus,1.066248739657085
iuvenus,1.0171524112664625
atilium,1.132605869978223
corsica,1.0645852327297907
philus,1.4357351828808007
longinquum,1.1577662362254366
quartanus,1.1067352850860483
aegrotus,1.0553408668742725
crus,1.0163705213816112
bracchium,1.0257515534185786
insepultus,1.0349898180324157
cadauer,1.0462198475146565
uoltur,1.151788486107936
paetus,1.043478087802043
curio,1.0809818077556241
uti,1.49382634815046
concipio,1.010868336591384
feria,1.1537071295390746
biceps,1.127137633980656
serenus,1.02172245194154
saturnum,1.0914607905712326
effulgeo,1.0404300827210955
macula,1.0349597461546685
sparsum,1.0671409850200828
faber,1.016124907924897
dolopus,1.0754251999706164
tumultuosus,1.0910277535106294
reconcilio,1.047874840747185
interdico,1.0445536848978796
maxumus,1.1776489776619494
inviolatus,1.0762135680064948
mediocris,1.0097549607779317
inesco,1.1503823187478637
seruulus,1.05638606021556
maternus,1.0188546100983424
depulsus,1.0343179911370501
usurpatio,1.1668721898786878
insoleo,1.219041595834749
temptatio,1.3011385377894564
interfluo,1.0961478579036423
dissentio,1.0205532657223217
infirmus,1.0513868828312494
execrabilis,1.0471272340262725
coniunctio,1.030894737767031
cerritus,1.149816320972333
inligo,1.1628484645046064
interdictio,1.851500063235136
cieo,1.0193739932163317
offensio,1.0379757376527055
internecio,1.0324166151398313
eupolemus,2.1385009858111514
salutatio,1.0254812019436033
dextra,1.0167148262226025
exardeo,1.0260962826399245
memmius,1.2553788779255723
geso,1.093005726398071
ueternus,1.0618940764010831
domes,1.0673634648677357
vigilis,1.081237272166996
pando,1.0173399132231202
exaequo,1.0266635979956054
eicio,1.030913868153854
cornelus,1.7241176047436517
germanus,1.0163697209444646
patavinus,1.2173572578649756
exarsio,1.1179851284636801
glarea,1.1105139434989535
scaena,1.027019754005705
dam,1.1777757138712281
saturnus,1.0200198432252665
senaculum,1.3608727318505254
perfacilis,1.0705970436791206
stipes,1.0356676967446983
magalis,1.082876799419616
circumduco,1.034397513285397
ianus,1.0417538147059444
regendus,1.042046665847632
diligens,1.0305548167390366
seuerus,1.0110228210891692
sabinus,1.0371702388830035
adpeto,1.2391437646766517
n.,1.179041097806163
centus,1.7710368217217927
indices,1.079806918051131
praenestinus,1.121953887934453
honorifice,1.1138192134759701
instrumentum,1.0326085163594054
suspiro,1.0262580935224295
comitor,1.014946324446764
etiamsi,1.0418529230873175
modestus,1.0140717645546318
timidus,1.0114217994793027
expectatio,1.0240182503252622
pullus,1.0172369019474952
enascor,1.098425932757976
remeo,1.0319079774064452
lapido,1.0852920401966244
cooperio,1.084691831425918
aratrum,1.0159350236259228
existens,1.1220101626315304
emergo,1.027124316073006
lacinia,1.127086295392905
tegula,1.0399202240154077
asporto,1.0502386590771515
censorius,1.1039585653368975
sacrilegium,1.0342854078060202
accersitus,1.0545404809603116
foede,1.0369119075657809
tectum,1.0093140615004073
putrefacio,1.1357077852081128
sarcio,1.038427577092522
redemptor,1.088297568911922
uaco,1.046881752743404
cassius,1.037580115033419
parrum,1.2723006937843637
apuleius,1.1321115386437322
munatius,1.2457999994356586
pollicendus,1.732766210946517
promissum,1.0145919263663812
infamo,1.0429432590099483
commendabilis,1.1213147036771725
mutatio,1.0193945565748492
faenus,1.0464840783274234
solutio,1.0466709280770339
parasitus,1.0565907692803762
formido,1.028947097761963
ulixes,1.0432064858166907
concieo,1.0390315213840364
corinthus,1.0420632997633479
renovo,1.0422258481852384
lutas,1.0580521131097824
cerco,1.4730638332320398
sulco,1.078306736364178
euoluo,1.0405183559165765
stultus,1.0142415158643903
comitas,1.0119704361502044
moneta,1.102938820455087
anima,1.0486830967612568
carystus,1.1135399927747271
struo,1.023453791506779
comminor,1.1085304539002763
peruicax,1.046747071179881
condignus,1.2072812724064115
meretricius,1.0518624126254466
collicio,1.279598661033973
saeveo,1.1762109095610127
distraho,1.016233480285615
emptor,1.0164447828039895
recipero,1.169907142910438
uincendus,1.057716054967239
ferocia,1.0217327809457968
lenior,1.1288136245518814
condio,1.0294908482528426
aerarius,1.200216876118281
popilium,1.1163683024420183
irascor,1.010596276051568
administratio,1.0366931637834234
audin,1.0391173048430034
indicandus,1.058582515876956
fatum,1.0100952838062083
hereditaris,1.1585277406058228
iamia,1.037529167570584
floreo,1.0113450999975164
inuetero,1.0274325930957566
contubernium,1.0225309854531497
admirandus,1.037269054186888
gratulatio,1.0243195997188577
auspex,1.084602916126565
intento,1.0672992301574407
fuls,1.2022941974662353
apologus,1.0504506605100128
frumentor,1.0571778598035237
armamentarium,1.0453499194797455
perennis,1.0340653487356977
subiego,1.1587518654994897
cupidior,1.1058551498029827
amplus,1.0122058007448127
denudo,1.0386542552269447
beniuolentia,1.0312144097466056
impar,1.0161945171266578
thebanus,1.0202397340952711
libere,1.0473067950777153
adfligo,1.1395817136202884
debitor,1.0275109341201691
fungor,1.0254434067288807
ferocium,1.126695427463158
pervicacius,1.1351734133183755
intemperans,1.0431474606149598
conspiratio,1.0404424710379696
praxum,1.6852421616706716
evander,1.0332351063358722
maceria,1.068396627127309
exto,1.015748162117059
fundamentum,1.036128086682606
labes,1.0482253686141985
satelles,1.015998084907327
deuoluo,1.076822190171783
umerus,1.0384418460246454
decliuis,1.1560064223436484
calor,1.0165812649217751
praecordia,1.0222690558991239
uicio,1.0599136980947006
inconsultus,1.0302472573865573
compos,1.028916429474749
corinthum,1.3084543295499886
immaturus,1.0285055498553324
festinatio,1.0228686263887075
uisendum,1.0710967463006236
congruentia,1.1437648269267557
delator,1.0453596895750998
exter,1.0444798113000342
notitia,1.0383778959876497
comparatio,1.0316432524316201
conscius,1.033953697564826
efficacia,1.1636391884107828
experimentum,1.0184909239099884
grassor,1.0189130220108373
occupandus,1.187010086944168
recognitio,1.1597199343868398
postumus,1.0890438484290144
quidni,1.0108828936437995
ao,1.4539560232713165
gaudo,1.156873454760845
aemil,1.1828853909718318
imum,1.0575275076842627
obsecratio,1.0709277343413384
intereo,1.014679981057777
portendo,1.020248109810535
saturnius,1.1122674955296399
asinus,1.0112757268620236
obsequor,1.0148951810733107
aungo,1.1470171716043307
incito,1.0150085261554473
scilla,1.1515943167420863
iuratus,1.091608858620092
plebiscio,1.388078136780817
padus,1.0294837098588134
ino,1.7052893069359263
fallax,1.0186039604405228
disertus,1.0598456032608736
delictum,1.050497359670838
satius,1.0164047566427439
acerbissimus,1.0353314576201778
carnifex,1.0125337230283669
stratum,1.0290379143791615
postulatum,1.0750858705533048
carthaginiensium,1.1104505841621617
numidia,1.0259749265890359
observo,1.0438084051096617
annius,1.1162017083647386
aecus,1.1461506720918604
inclementer,1.0598433268885683
fremo,1.015037019908554
proripio,1.0247558074448953
usura,1.0464357119578862
panis,1.034142855962897
puniceus,1.0481212463942207
luteus,1.0609722673501862
questus,1.019274718551782
haesito,1.0260044158534325
uolgo,1.1338566159212045
aua,1.1399594221254055
pennatus,1.057184121711032
explo,1.0847910018013234
coemo,1.097090723140685
calabria,1.0759332849147143
papa,1.3030973892950417
duodecimus,1.048632822791085
caniniter,1.1786454975471605
sicilis,1.2324184841734294
optumus,1.138057553346821
deliramentum,1.161690694158205
papus,1.8793932786762575
laqueus,1.0242150451510814
dependeo,1.0852049217229136
domis,1.4704469559545585
cassium,1.0545457836814205
potio,1.0236551161962035
percipio,1.0179773813762474
insania,1.0269432479304854
adfinitas,1.2093063419613663
consocio,1.037301184438395
pueritia,1.012033128291237
inertia,1.0199675051789572
coelus,1.1917992875864092
alienum,1.1639833485296063
iuvao,1.384046799434014
inmodicus,1.1053763874429752
nauo,1.0647217061322154
adulatio,1.0192965783741308
uentosus,1.0559323507085268
aura,1.008817493753674
fautor,1.0479866385141656
ominor,1.0590332918613232
propagatio,1.077092702481127
faustus,1.0306952412804564
felix,1.010777653769281
seco,1.0165012558418383
aequaliter,1.037976444047498
partio,1.0196367959129968
subueho,1.0341336768689766
caninis,1.093432638879701
intentior,2.5455774177401564
subsellium,1.0542915119660263
uacatio,1.0942985282568936
parvom,1.267043046434638
tugurium,1.0597265085559322
locustus,1.2577266693844469
gregarius,1.0672391444308957
acrior,1.0268869286389184
adsignatus,1.1174562847564593
annuus,1.0278106279776535
ciuicus,1.0815946511104366
commilito,1.0173099946251893
appellatio,1.092030770957159
locum,1.11207993456332
vbi,1.0922599111528932
satur,1.044418951468418
crepito,1.044219776148851
kalendae,1.0432956849206756
nerua,1.4402246642573668
insanus,1.0140943825201563
liceo,1.0104149025637
undecimus,1.0379081208568035
tutior,1.017169123272981
obeo,1.0147379152663318
retento,1.2983969952677261
adspicio,1.0296889307870387
elius,1.6594057431691958
contributus,1.5359539701294351
epio,2.3350512540422192
acarnanis,1.0401068003646805
pollicitatio,1.0310842992902283
corrigo,1.0138083916536067
liberalitas,1.0117464072821163
boeotum,1.2257443175716007
dormio,1.0139369971098604
adiuo,1.0854408268006297
stipo,1.0228032752205825
resoluo,1.091875624491515
cunctor,1.0121866866434766
interfector,1.0543933517197759
pigeo,1.017092597883672
nestor,1.0574187302201365
conuicior,1.0578344314022403
fato,1.0550775859114336
propulso,1.0408367284013804
amphipolis,1.0906570244734513
pervasto,1.2558854885524033
foedero,1.0733844642570838
euphranor,1.0458756145305081
leuissimus,1.016692276050003
persoluo,1.0340736343155417
qualiacum,1.773676055670954
marcus,1.085765925936664
detorqueo,1.0371398478254714
insanabilis,1.0577098534393756
expostulatio,1.405096136081436
adsensum,1.1112612762390268
gravo,1.05193265134465
circum,1.0145702678680173
accurate,1.0764558706575715
secuturus,1.0861407198669586
parandus,1.036134933577238
refico,1.0764069041596365
compaciscor,1.2048229352475435
furca,1.075159727446
excello,1.013142848585012
mutandus,1.044106181437267
instruco,1.027138401827018
paratior,1.0944682865310702
instructior,1.0809001849174327
adprobo,1.2082479269492208
astus,1.0563256672373325
uersutia,1.316879187995918
calliditas,1.016906912908078
properus,1.0277325560311326
utilis,1.0226782707285964
honestum,1.018367527550563
probabiliter,1.1815831192913833
superuehor,1.2942036360814422
neapolis,1.0415256524769703
inscitia,1.0175448257993207
praebo,1.3029790827058374
desitum,1.1873261973425806
transueho,1.1094209435504636
timendus,1.0143110512231066
ceruix,1.0231350437322548
progenies,1.0219264573274296
sicubi,1.018861168729302
concedendus,1.101569984577431
samothracia,1.510863497307236
superss,1.0381100341630765
admirabiliter,1.064285924532017
turpus,1.031244708077664
praeclarior,1.1013278125641262
pella,1.2935146384157723
itanus,1.0133220814576769
regaliter,1.1041407079795695
incolus,1.0446076010117316
susus,1.1347820596492535
lycus,1.1775403683322996
uicesimus,1.0508337162393402
medito,1.0403085380098682
adoptio,1.0450013117627874
naturalis,1.0196364241020301
cohortatus,1.078913010904746
eruditus,1.0170193514886257
subago,1.0998894158919617
pauper,1.03980092503099
sepono,1.0557692196356827
praeparandus,1.1235925137301277
incognitus,1.0156725267418043
aperuo,1.7390982015486969
ruber,1.035093518758106
india,1.0798655080451744
succlamo,1.0763687838209426
uociferatio,1.0273748989524243
pollicor,1.1099496238743605
angusto,1.0184299020330032
elleborus,1.1062801973778391
incolas,1.088121532861178
difficulter,1.0331331136421942
inconsulo,1.3028317608231412
uenum,1.215673868253865
praetergredior,1.0839629179231545
firmior,1.0171522262657735
ossa,1.1155560786285028
salubritas,1.0299965994649145
abnuo,1.0301058164218746
requies,1.064000482494573
refeco,1.1317034369425283
creticus,1.0599191219532536
nauigatio,1.0208494109822803
infirmitas,1.033451820156443
obsidium,1.041531471699725
creusa,1.043420524402709
pontus,1.0107561578096762
iuuandus,1.0679491312148022
uastatio,1.1419142898078127
proinde,1.0641519927174046
iaculatus,1.085958703031046
dubitatio,1.0401847000019964
oborior,1.0584517517633591
tentorium,1.0242670071037194
succido,1.0439526599044893
suffodio,1.0835707993668262
phalanx,1.0469822966353404
accurro,1.0196913930997982
pronus,1.01610607630515
insolens,1.0131867789433304
conspcio,1.2643362444519737
loricus,1.0379886455638296
thorax,1.028488841557746
galea,1.0274789670224347
seminarium,1.076298213074151
subtractus,1.3343078525197232
naufragus,1.0371981950993094
nato,1.023787106770461
pedestris,1.3477723682988612
alacer,1.0240557530353824
phalanga,1.3744062263888333
navo,1.1423931838333938
numidus,1.0830974289662632
serenitas,1.063093673650729
mollior,1.0225201417479781
uoltus,1.2088101288295305
moderor,1.0577661366366333
moer,1.1777862144415217
fastidio,1.0091412815694691
desperatus,1.1017946076920915
iunior,1.034535095705751
arietes,1.0712912581025855
urgueo,1.1158304486302937
extruo,1.0328363486734777
lentus,1.0169098098620737
corruo,1.0368359711014663
defensor,1.0618952189949513
aridus,1.0597315288715485
sarmentum,1.0841685767699987
saepes,1.071869054388173
fumo,1.017594693557945
uirgultum,1.0414814931611793
impubes,1.0967416008861155
spica,1.0325944708376906
deseco,1.439038130717223
purior,1.0460484853472796
stramentum,1.0749209693064905
taeda,1.0302166380700337
carpo,1.0120494282992691
demeto,1.098349348239495
seges,1.0156736335197405
longinquitas,1.0530235767041571
equites,1.110079320322871
offensus,1.0164764364928822
meto,1.0282651287772566
onustus,1.0216980613868387
ducendus,1.0775205592989945
pompeius,1.0217757792257027
denso,1.0194137580501783
hisce,1.1124330647424792
spiculum,1.0213245709679337
hastile,1.0487153480518725
infigo,1.0232022469785824
crassitudo,1.202795249561208
digitum,1.068412888216488
nisus,1.0434676389567596
roto,1.0326312696443305
emico,1.0350424320599048
circumsideo,1.10061514784344
adiecio,1.198484886583657
numidar,1.074575006477022
recreo,1.0243242901668148
gnor,1.098465415709824
aegroto,1.0178889387468935
fortuitus,1.022593621699356
actum,1.0700871596041526
anteuenio,1.1336072415333427
expectans,1.0355315386490798
circiter,1.0495403964317713
sepultura,1.0258561083053346
timotheus,1.121530133255611
opportunum,1.2991353663503726
decursus,1.1435546458311607
inexpugnabilis,1.0656022595024717
flexus,1.0267881962188585
illyricum,1.1165498819907753
ingresdo,1.0462171726072105
infesto,1.0190543768481017
censuo,1.1297790073776441
titinium,1.4643389995840168
amplio,1.0507235475908323
prouentum,1.2627998057163443
conubium,1.2037004937282394
carteia,1.1254587609232225
oceanus,1.0097368506895457
crudele,1.0151112094255708
auare,1.1052515009342176
lucretium,1.1060512625778172
inexploro,1.1781952208601283
manubia,1.0316254270841692
fleo,1.0129830672131002
excidium,1.0388259046916593
ero,1.5939396680179083
diligenter,1.0172618201276034
alpinus,1.0690758637740754
carnus,1.489346123595406
regresdo,1.0783966324787775
rapina,1.0279559741260127
iniuris,1.210694675927396
torqu,1.1476567977798253
agaso,1.1068066180338612
sagulum,1.0651204493700368
ausculto,1.0460240282535702
sedulus,1.0829165005123085
gula,1.0354126693084975
uenter,1.0350948598518606
blasio,1.3233783204126093
sterilis,1.0146628598198135
aro,1.0263321744907403
pollico,1.0633139972010808
anniuersarius,1.0766137126106632
diuae,1.3876687242255454
recido,1.031924035327674
recordor,1.0684137046858988
ignauus,1.0131791918126367
uerber,1.1284787868629191
mola,1.0246910285140411
ignauius,1.1047103367871247
pollicitum,1.610329936297907
naviter,1.1320896904172342
interea,1.0087719398458102
lectica,1.0259162040818672
relicus,1.1404231889633851
benefactus,1.0811116496802589
hortensius,1.0659056946407877
propterea,1.0668285700350872
lubentior,1.1417062644072467
molitus,1.1862420601217663
compilo,1.0721544179005624
lucretum,1.170586934654153
uersor,1.0184127776530687
afor,1.150437458205722
ululo,1.0820634284683823
obiengo,1.1443267544543216
ueritus,1.1898615765615395
febr,1.001647798970436
figulus,1.0841931685917736
ambitio,1.007099367859243
italis,1.042115858659926
intercalo,1.0917835382350662
torquatus,1.0628005221889774
nescius,1.0196577417020243
portendeo,1.0654368714395532
uetustas,1.0127766861892953
suscipiendus,1.0446056497887124
affulgeo,1.0691407894423244
aeditus,1.1481305428903392
primigenius,1.0964479452077176
amburo,1.0519478874597663
ado,1.2659951603492734
quicum,1.041368428762428
pulto,1.398357698911467
approbatio,1.084756563639935
adiuvao,1.4132832935672641
censendus,1.2643274786814689
missum,1.2640121823378703
decreveo,1.271520223557919
patiens,1.035312354597167
sapienter,1.03292448266092
medicina,1.0251560536650095
sublimis,1.0207004164516027
querendus,1.2190215779372504
rutilius,1.085515902632347
dissuadeo,1.0221610583888507
audientia,1.2868163804086128
floccus,1.1380523810744807
cio,1.0449272446774918
perduellio,1.0615700822435723
october,1.195681093287581
obsigno,1.0323316168023544
tabella,1.048282546404666
tabularium,1.086765904815379
anulus,1.0201673984552175
defuerum,1.8340948786700146
octavius,1.0569852424659034
circumfero,1.0210856927998835
aegis,1.0804907942429265
fidissimus,1.047327716278161
postulatus,1.1597463895348354
octavis,1.1217767720377956
bruma,1.0187593338515821
cephalus,1.7787595917079932
intermissio,1.0527058968214678
laxamentum,1.2170419073558454
sublimo,1.0277380962298908
celerior,1.0487932968611935
ericio,1.0896147741470092
circumuallo,1.191907748934618
iniunctus,1.0898920360106035
pubes,1.0225637049230107
accitus,1.0334547484838712
dyrrachium,1.0629452930762902
epidamnus,1.123525546567348
stratus,1.1217511957525244
ualidissimus,1.0315470916673686
inachus,1.1402739830303426
emetior,1.024969416875238
stror,1.068593766669692
mobilis,1.0823136790701602
obsessis,1.221279944886239
philostratus,1.191212194924878
dc,1.35029829803598
depopulatio,1.2162888537554908
actium,1.03726899005664
leuco,1.5496092083120128
formo,1.0180832609896902
quaerito,1.120761292875732
menstruum,1.0606900750540627
posiio,1.1091406970856559
insido,1.0261565320869641
iuve,1.0943038814772683
percurro,1.0220340317051257
poso,1.0580436389926158
sollicio,1.0453156604550407
prospectus,1.0512132311937574
promptus,1.0232602847404502
temerarius,1.0210551184955208
anfractus,1.0282633011503384
iugis,1.1970512833227724
repurgo,1.035431328710931
optabilior,1.0448986099545912
stridor,1.0218502102723463
procliuis,1.0396978897571276
defigo,1.0181902748999454
tignum,1.0870613695488076
asso,1.216182786505148
triceni,1.4056191703309173
solidum,1.4142332563833555
clunis,1.136558483977726
subsido,1.0251192845997439
prouoluo,1.033886412613782
cauus,1.0370766350019398
adsuetudo,1.0990674326214893
peritior,1.1560190872645022
adpropinquo,1.0578217588555572
exilio,1.0617930673785954
intrepidus,1.0131973032159678
despicio,1.0165656809493608
uertigo,1.0455662721377594
suapte,1.0215221354548798
angustissimus,1.0682424775418553
furtum,1.0191744107110043
perexiguus,1.1399733644986818
caeco,1.1152045214357205
stultitia,1.0139799545567316
segnitia,1.0645120784747921
subsum,1.0418151406447858
tutum,1.0360690919564477
iustior,1.0233845576143692
igna,1.0424008175567936
recuperandus,1.078358232458827
disiecio,1.287731774535553
decusso,1.110567753160447
perdifficilis,1.0467943560060777
pluuia,1.0485787525192254
proruo,1.092408053854887
uorago,1.0408612664010934
cauo,1.090250271503069
erus,1.24719982081351
circensis,1.071093464007139
humillimus,1.06158271041476
effusio,1.0747912329632054
curriculum,1.048779004286017
inductio,1.0733770475441626
elegantior,1.026022486708419
suppetiae,1.0978318019266546
nitor,1.0159706445974306
procurro,1.0382074224717743
propugno,1.0594956923532386
lubrico,1.0539189739784556
deuersor,1.3108805828714019
obtempero,1.0126450743119932
gaza,1.0287948470778114
nicia,1.1444966193204396
urinator,1.2085052839821195
extractum,1.0594171481036885
demens,1.0146602211140956
uagus,1.0238395251525518
fertilissimus,1.1448773590570869
tectus,1.0272229873588972
obuerto,1.0549405884376177
ceruus,1.038260107140479
euripus,1.1675670649974415
regero,1.0944068876361206
transfodio,1.0996729929112414
bellicosus,1.05484222430585
perfossus,1.2325779295940156
insignio,1.0530525262892556
aliunde,1.0472061888545914
meliboea,1.0806783612290807
oppugnator,1.137266741981854
cydo,1.455047907032855
tracto,1.0154133611837592
abscessus,1.1570519328042654
aptissimus,1.0397900986012254
indigno,1.3101930567299964
torquis,1.04186974491939
patera,1.0912762766083386
prŏfitens,1.1094243182256422
incommodum,1.0125450281613289
iuvor,1.150191619580168
considero,1.0362929492096369
sementis,1.051063341397417
pugnus,1.0702141925402624
cautus,1.0439215453000863
numidicus,1.0599297019852405
onesimus,1.2138111217873795
python,1.0844833802815446
perlego,1.0266662366762902
transfugio,1.038361829377259
taro,1.3389892002737163
seuerior,1.035802867464503
uiolenter,1.0956854764211221
attributum,1.1013991731833204
lanienus,1.2738399451383478
coniunctus,1.0199139324577275
balbus,1.0605622089449436
carbo,1.0589144464694933
octaviter,1.2751136468312805
referendus,1.047353934337491
martialis,1.0868241259800613
nasicus,1.3239784024709946
ursus,1.0459938986864739
aprilis,1.1346903451857135
ritis,1.3142547291645483
cleopatra,1.0199482208312365
sordidatus,1.0560706030477665
barba,1.0188796075970261
miserabilus,1.0887023006967813
nilus,1.0213888005797678
scelestis,1.0686236467693038
rapax,1.0481160735654687
alexandrinus,1.1056338956350924
uesper,1.0632443866527126
emolumentum,1.030723672727668
intericio,1.042971462474958
aemilus,1.108363920797626
credulitas,1.0255846986224564
ponendus,1.0333945937842026
denego,1.0460555292023868
uiaticum,1.0719374017573746
loquacitas,1.0495469621333435
castrensis,1.0320294079997028
pecto,1.0543266931569881
metrodorus,1.0571406895818196
subico,1.0525721559759222
paeniteo,1.090925311495254
ficio,1.0767599217621437
occultior,1.067594665162538
intimus,1.0395152601440656
quidve,1.017531804206767
aemulatio,1.0182942210286066
promptis,1.1786291027647795
sordidus,1.0227713509686422
deposeo,1.2241061684831998
protraho,1.0469373467515812
desudo,1.0745922821222864
ambages,1.0156744328608613
excindo,1.0693038537209631
opitulor,1.0669569338938478
mediocriter,1.027456377300494
ueho,1.0119535893429756
revocao,1.234923029372859
vito,1.050559916742774
antenor,1.0520469659524185
athus,1.0620518448331657
placidus,1.0064710389392555
interiego,1.6460559282906935
artissimus,1.080208835539952
inhabilis,1.1139445645589856
eno,1.141781710508129
accessus,1.0425359377277819
commodior,1.0139105871341196
adipio,1.142206601456589
eveco,1.2332265486728267
delus,1.0479816633991448
speculum,1.0472094571090638
cyclas,1.2261739640509162
ignobilitas,1.0423123541965005
impiger,1.0322470135239414
simillimum,1.0279504315779955
uirgo,1.0399809474620811
uiolentia,1.0410181432166135
intemperantia,1.0280935492418422
lissus,1.5327783961882848
uiolator,1.1492815045125346
appium,1.2328795490645132
to,1.078403702816669
inclinatio,1.052343389333815
munitissimus,1.0677168260764696
oreo,1.1858974386160896
confluens,1.1574287764810078
oriuo,1.0970326163076962
scordo,1.5132098170038146
oriens,1.0369238918045625
ualiio,1.6412878010069083
conglobo,1.058131923265768
quandoquidem,1.0520905743191742
aduento,1.0162328031751944
euanesco,1.0288381263600792
secundo,1.0422408691569383
coeptum,1.0661356540226228
mina,1.0355164547908484
athenagora,1.116542376919542
siccus,1.0137007655737948
cibarium,1.0399302796376624
riuus,1.0167015178030465
latex,1.039978691156216
uena,1.029571462121776
permano,1.0704222476523366
unda,1.009658097592005
diduco,1.0215137388084434
turbidus,1.0301495855937857
contemplo,1.0359120400548323
descensus,1.0878811457976698
inicus,1.0733309014110566
pao,1.0721590770386578
pilo,1.058603889998988
secretum,1.0602792966085086
uigilo,1.0358464825756282
uigilao,1.0746199518428883
galeatus,1.1061321337829713
innitor,1.0540733879959192
margo,1.0408012149245138
fulgeo,1.0090163777662493
aestiuus,1.069828818114863
aestus,1.020023130035376
languor,1.057042713943176
advoco,1.0861725738125914
s,1.0865641150386969
salutaris,1.044402177248897
aceo,1.0888887013918411
lorica,1.0370033023960852
mucro,1.0153429372390943
iniquior,1.0514695785633577
distringo,1.073377665599658
coenus,1.2111629714772159
iaculum,1.039978884553478
accerseo,1.2750863182119077
detineo,1.047074560522371
stabilio,1.033468881079983
ligusticus,1.2605264284893187
mentior,1.0129656973910657
sere,1.0827919550826222
circumactum,1.6856641121636928
solstitium,1.042137932388189
incresco,1.0479397695674013
nigo,1.132354064745764
flagrantus,1.1254864696157114
admonitio,1.0270718751892027
conticeo,1.0189730497032827
permunio,1.8417694810968843
senesco,1.0278690637757064
obscuro,1.016628081309324
september,1.2296620243009222
discessus,1.0304399984178463
intempestiuus,1.0199133744381643
hodiernus,1.0796096492706986
crastinus,1.0284207529779499
madeo,1.0161086609959444
areo,1.0577374607995325
torrens,1.0564924298383322
iners,1.0120927143896292
fortus,1.0877759789971233
mansuer,1.1159589993281849
polleo,1.0460668126124217
aquor,1.1795594408888521
samnitium,1.062726468611175
silus,1.3273037268060082
firmanus,1.66528029094634
uestinus,1.0831140707082263
cremonendo,1.234514027745708
iuveni,1.0456262882408724
munium,1.0352344803368143
edissero,1.0566650350092546
evidentus,1.2243475417947258
disicio,1.0516837913336279
carptim,1.104667203289531
strues,1.0903516655675771
catervatim,1.0982153330540427
induo,1.0222643842543455
abiicio,1.0786961632936065
alis,1.0150739904811643
suppliciter,1.0235483243173331
nandus,1.050964184739297
obtero,1.1376356659005677
elido,1.026382656124453
neo,1.1204878604246873
nepos,1.0119187377650907
sospis,1.150049227944198
fallacia,1.0398818081723233
emathius,1.164900163710213
caduceum,1.1315044566619545
solon,1.0693551750846575
delo,1.0402693194505226
praepedo,1.3759596204476925
ingemuo,1.0858755538042888
ferocius,1.0950140397828876
strymo,1.5483761410094097
uidulus,1.367779039800007
octauius,1.0802865281949092
facillimus,1.0459129748269687
effugium,1.0554193389940374
adfor,1.2078963162120537
orbus,1.0250302855677935
murmur,1.0104402179058518
incerno,1.0520185333970669
plaudo,1.0133893483924543
augurium,1.0211322413439357
tabellarius,1.085585369316215
laureatus,1.2053242792089087
reueho,1.0454081519475609
forus,1.182876800846285
laetum,1.0266350759796248
da,1.026338704173683
iuravo,1.4621150450197875
superus,1.0201519524649483
stolidus,1.0168524285925984
sumptuosus,1.0342179521700237
mirus,1.0171467379426133
sestertium,1.049768537058098
allao,1.1794481572528555
miseratio,1.067795858288505
inviolo,1.1960084045295036
homicida,1.0414463882071325
praefatio,1.0766972459636566
purus,1.0182713535314691
cruentum,1.1685151725322442
delpho,1.3375962802593677
incestus,1.021933864790577
seuoco,1.0900983220031144
nefor,1.0517362043600509
sanctissimus,1.061950805795517
conscindo,1.1522794193196384
abalieno,1.0777977926533129
mercatura,1.0427615615328927
setius,1.0481412179210412
somnium,1.0180370517754709
incolumitas,1.0239916250684962
ion,1.2766426184799953
octauio,1.1003901392618043
octave,1.1243925982316227
macedonicio,1.868365921943245
avus,1.2109622540050309
amictus,1.0173869846000994
miserabilior,1.1895409099101513
exoro,1.0193832837876216
porrigo,1.012025375288163
percontatio,1.1404212509737333
prospera,1.0685753221575862
flatus,1.0346918579673825
quadriennium,1.0460369414565407
incluo,1.0713708887940658
uicensimus,1.2990567035557783
superfundo,1.1570752339569519
tredecimm,1.2153805196070584
persa,1.0622903678281048
inmensus,1.188700539673158
rubrus,1.0950700745750286
distraco,1.3381000356673203
del,2.751518916633511
navigo,1.0449467692520416
trux,1.0121804579229567
accusatorius,1.0959105693096212
moderatus,1.0570921990284228
volgus,1.6330021623835587
uenalis,1.0238631432932244
adsentatio,1.1021354428649293
clamo,1.0451839860213659
exequor,1.0260543004894382
memphus,1.0641513177432342
conterritu,1.2421298791950404
repugno,1.010394578183009
cyprus,1.0771953294613785
reducio,2.2308988477184144
cyprum,1.6095571755278315
nilis,1.0253194479516976
praestituo,1.0687224876140118
arabia,1.047401535565651
consideraio,1.054161739517267
circumscribo,1.028416844462736
obstupefacio,1.0368343691861515
uiolentus,1.057795414269708
infitia,1.113096573302971
papinus,1.500907895790364
gratulo,1.2035211489379316
lunensis,1.1425483137056633
musca,1.0205043490553172
puteolus,1.2324043615255025
gratior,1.034769459145173
rubor,1.0221337823507544
dominium,1.0530472385749894
prouenio,1.0510529376291402
iovus,1.0931101263813718
grates,1.039516741537097
acio,1.1268031842643695
hannus,1.018706011678567
cassus,1.0913526588149092
focus,1.027146136579474
capra,1.0195085991711685
domitium,1.0915524672984147
monosco,1.092760614384484
pestilens,1.0327419996611946
tractatio,1.0454532311984104
spondeo,1.015595980453979
monitio,1.0656871389409592
gestio,1.0174100591857356
monitor,1.0899601520324438
tempestiuus,1.0447654791063294
crevo,1.0478386490406533
necdus,1.0362519846777258
uentura,1.15774929864496
queo,1.0288393882013627
erepio,1.3126923202111171
detestabilis,1.127920861944452
peteo,1.2003272185663483
utilitas,1.0212709799333215
partitio,1.0468099008460352
lugeo,1.021199741163863
consuesco,1.0206051672117489
pomponius,1.093707925919827
fligo,1.1535399924354273
uidelicet,1.0722377403652272
parcus,1.0175815472511247
suado,1.1583401696870208
persaepe,1.0158027741708844
deuersorius,1.1706053117459663
squalor,1.0277372777876776
glorio,1.1093830899052266
messanus,1.0945566844799772
adiutus,1.0284008324686305
interfectus,1.074010653162529
periturus,1.1493548055832836
segrego,1.0448665279134333
fortasse,1.0212815484856563
aspernas,1.0738597595742354
imperitus,1.013593652231717
deprauo,1.0521715331717312
furiosus,1.0288159184601062
appellandus,1.0430146459080185
iracundus,1.0190167444094498
uenero,1.021910584553713
cunctator,1.0749842650138808
inanus,1.1692983846995824
tumidus,1.0127789482809058
insolentior,1.2913879227957477
plecto,1.0471161237891646
uelio,1.1236769488782798
funestus,1.012978847025499
penas,1.026535449832053
supplix,1.0465701828339622
lenis,1.0232318266926075
copiosus,1.0439670810808557
caunius,1.4421330193924295
fraco,1.0355261697678149
ascisco,1.0436184211426645
antinous,1.2577574077561482
conscientia,1.040659830749964
oppeto,1.045430300226618
circumeundus,1.17312786530537
nequam,1.0615154755790048
granum,1.0255561111403166
trophonium,1.5411838108795135
sciscito,1.0525234233164342
troia,1.0314047863402132
amoenus,1.0165695614986068
isthmus,1.0509701757459853
scateo,1.063696984482917
reuello,1.0419866069459993
liberalis,1.0095742536305272
nessus,1.212284926427818
termino,1.0329227656214088
confinis,1.0379038188516467
sal,1.0305692499589363
animal,1.0156859927038882
indigeo,1.0299089011663598
contenior,1.0737502078416228
celeberrimus,1.022038140897752
frugifer,1.051864391052528
frigidus,1.025363061980587
exhibeo,1.0313806921774313
adulor,1.0259505207990949
elo,1.0894662560727693
imprudens,1.022650967080596
legendus,1.0168130482034816
humiliter,1.1147498502844513
deliro,1.0308189833406018
commemini,1.1462403329704336
ludicrum,1.066718956013685
opulentia,1.0219093396511374
aereus,1.0595045912011287
luus,1.6228155821564356
subdo,1.0876206994172615
succendo,1.051799568464926
uilitas,1.016876403437443
ebur,1.0268390998059822
iuuero,1.2341335298074314
decima,1.132363847436235
exco,1.118128632521696
salueo,1.1375151840761586
obtrectatio,1.0379412539124133
parcior,1.0175276694579936
auiditas,1.016644652879736
prenso,1.0884687186863284
imperiosus,1.0478203905208856
demonstro,1.027499544040316
horridior,1.069204292057196
liocentia,1.103707718118112
pecco,1.0191220974802004
seditiosus,1.0243827054773087
temerarium,1.244315176370524
instigo,1.0362949335113898
seueritas,1.009524500646221
servus,1.0420022034736975
documentum,1.1173440573539033
obtrecto,1.039390773808012
nocens,1.0687705531990146
integrior,1.2052140550990595
togatus,1.0185228288356085
abscisus,1.1988598223134974
intentius,1.0802116175369973
locupleto,1.0594265139273296
licentiaa,1.046148869239061
parno,1.1810291582398196
superuacaneus,1.0626701947935469
incuto,1.12079783050217
discerpo,1.0328285279855867
pyrrhos,1.1052044664520713
curius,1.0404898332608137
moscus,1.332657838527828
progno,1.1080711079643772
laureo,1.334021075146554
prognatus,1.0523013440644904
furtiuus,1.0313902028966833
aueo,1.063748241163718
praeripio,1.0236813491894003
negaio,1.0776422336794416
profanum,1.1172653330156346
suspico,1.2298702513486102
maledico,1.0314082103389088
prouocatio,1.0962133917171453
cicatrix,1.0302887608531421
adaperio,1.070659762849714
uelo,1.0467809016013663
tumor,1.030686123286584
inguen,1.0946176002613948
rideo,1.0079605448336004
nito,1.0467173570730124
milliens,1.1396564921068069
generatim,1.107097593979346
mirabiliter,1.037652951644585
filum,1.1039044499666373
turmatim,1.0512255482928754
peditus,1.0873193635624574
purpura,1.0202596499101653
quattuordecim,1.0446414884140744
prouentus,1.0737016246111746
des,2.0181697900460414
expiro,1.0263448572201823
fabia,1.0559474370647193
consolor,1.026988571846221
miserabiliter,1.0610406412481022
defleo,1.0144481263426057
sen,1.1213598965504172
concubina,1.0584020057712038
doto,1.0880599266403994
quadruplex,1.1530466375484387
occupor,1.130941859470436
praefulgeo,1.0524289423579725
phoebe,1.0242099805496012
dianus,1.0324537189517096
sibyllinus,1.106001389389353
castus,1.0122486726964384
almus,1.0203701626854274
nitidus,1.0123228216513738
lucinus,1.1962522996739922
genitalis,1.0541641240214377
prospero,1.152159218291633
iugandus,1.8505275650825375
proles,1.0494889241779193
ferax,1.0382782267621942
marito,1.1137029099486835
undenus,1.2438054068993576
uerax,1.0752010007821815
tellus,1.0105291359258932
spiceus,1.0563131638271703
cerer,1.24870891992572
nutrio,1.0241422697635487
fetus,1.0445783984690589
bicornis,1.14197592712794
tenueo,1.0349840716786798
sospes,1.0275729232355275
docilis,1.0343302980956164
iuuentaa,1.3108508802675767
romula,1.271116382969245
anchisa,1.0304011406799738
medus,1.0547707344465755
scytha,1.037620157860708
adparo,1.2232135038932423
beatus,1.0452959267129702
decorus,1.0483642304254541
camena,1.0634681432099222
palatinus,1.0848473279876014
latium,1.016132846954145
aeuum,1.0568655913196148
algidus,1.3545012912686856
phoebi,1.0318094193755902
chorus,1.0420623288976432
phryx,1.0467989932839634
aenean,1.122385471593851
herba,1.0139753583649926
palatium,1.0402372630548653
phoeo,1.0214966349556434
euandris,1.1082188126985695
fictilis,1.0367865062400743
opprobrium,1.1558956360317043
casa,1.0352618851186954
tarpeius,1.0591834575313117
aduena,1.0528436358752933
remo,1.0507555954661203
praetexo,1.082960258962112
niteo,1.0128460819775968
bucina,1.0794848908805839
pratum,1.0101603591613628
sinuosus,1.0478140427258054
uela,1.0974059702904233
pulpitum,1.1567203920760745
oleo,1.0490929405464542
crocus,1.050293097928476
tremo,1.01556364388285
pendulus,1.0740120969961848
faenum,1.0566625060761878
curto,1.1950766354306706
asellus,1.0180676927109913
macrus,1.127095835838593
sagino,1.0285090176832368
porcus,1.0205415948225258
calamus,1.0301718511084659
exo,1.0618493827466793
ouum,1.0605747461041275
arator,1.0579679784829854
lico,1.0557283617014597
radio,1.022539959727913
sudis,1.1376215492325035
tatio,1.1040480670951454
luceo,1.0251133341472056
suburbanus,1.1305557030568345
alumnus,1.0642470376290882
altrix,1.0575619718798164
lupa,1.0357235766716346
profugus,1.0201241012388842
uecto,1.069069937059692
abiegnus,1.125712720228932
decim,1.940051481182541
uenus,1.0611648640737226
resurgo,1.048023560580629
uictricia,1.6740928363678889
iulus,1.03912374078244
tremula,1.1511906920051156
cortina,1.112682212050345
pio,1.0722380144736527
longaeuus,1.0857917848745204
priamus,1.0206756400038133
cinis,1.0301976600685006
nutrix,1.0163569141215816
lac,1.0223805651594837
ennius,1.0870167156229316
hirsutus,1.024574259364242
folium,1.0276556289897938
hedera,1.037997186795945
tumefacio,1.6015638744841425
superbio,1.066734555644366
surgo,1.0440069687516937
canto,1.0259360284501722
sudo,1.0265787904833938
lyra,1.0256847046561892
archyta,1.1165503278397662
babylonius,1.0744234038258382
proauus,1.0416271102424892
cono,1.1415100424646882
stella,1.0136164938298695
animosus,1.0195528354865693
loo,1.0954739948582533
hesperio,1.094000543569835
troicus,1.1719251505925736
arrius,1.1891990896510036
bustum,1.0222790222173586
heu,1.015614116884741
aquila,1.0186590655694816
auarus,1.0358079834164196
lento,1.016379264700234
libyae,1.0304849352867231
antrum,1.0130126095109169
fibra,1.0344827883875762
cornix,1.0360744024863489
magicus,1.0368735854956992
astrum,1.0173359034120002
trames,1.0490849373302222
zona,1.043985270520126
tingo,1.0179812727108017
atrides,1.169512022041222
atroia,1.0942003238013844
ultor,1.0131364245482748
exuuia,1.1059143408289591
hactenus,1.0474902109282347
historia,1.0266619645334072
nebulosus,1.1422007693093237
roro,1.072208274526776
intepeo,1.1244525091985156
asa,1.944119874994829
iuuencus,1.0878720460556182
excolo,1.0232561033052692
pertica,1.0284829149712988
bulla,1.0963868255432296
collum,1.0218083259161777
dicto,1.0342745684053747
elegi,1.168569703585388
blandus,1.0095312434374093
mentum,1.0326521171096257
ansa,1.0912704560979554
gutta,1.013665977283589
excubius,1.163326770794987
rima,1.0461643949138995
sat,1.0190415641761665
luctor,1.0215918018450403
tremefacio,1.0521314810656086
hiatus,1.017135206490278
octipes,1.311247982195331
cancrus,1.0479139803429183
sycophanta,1.0475280790978725
laetor,1.0420287380583908
eburnus,1.0609294626632508
tiberinus,1.1021924261165459
uada,1.1060966919254136
liueo,1.056364576018988
uua,1.0283191412367767
racemus,1.048434592384352
lactens,1.1222296128347649
tumeo,1.0130917644495658
dulcis,1.0137824784484113
cerasus,1.172443153626721
autumnalis,1.1920137739514276
pruna,1.071478244775565
rubeo,1.0200132696685933
pirus,1.0743603805429354
mendax,1.0425902936385412
figura,1.0177449435524926
gramen,1.0151773627015557
corbis,1.129840178530902
messor,1.0409395374359278
sobrius,1.0389731606906714
litis,1.0879691883725948
impostus,1.3405627062765606
mitra,1.0415295319515816
plectrum,1.049305660923965
uenor,1.0301922198370086
harundo,1.0257326768533077
aucupium,1.0496935956501188
auriga,1.037028044581062
alterno,1.01989936214709
baculum,1.043005308646519
curuo,1.0625641254292129
rosa,1.049681511446837
caeruleus,1.0121256851231084
cucumis,1.4561677200319472
tumido,1.114295475714423
cucurbita,1.077013740045599
iuncus,1.0774791076941177
brassica,1.1032035363606325
hio,1.0284346221426472
decenter,1.055601356905631
langueo,1.0118137092629909
tas,1.1389816737445055
caducus,1.0294562311243987
sator,1.0913637337026112
uadimonium,1.084390574138539
acernus,1.1490960496864462
dolo,1.0387256349629421
caelator,1.1272958437875793
osca,1.2268645732113617
arethusa,1.0601875718573208
absus,1.091478116363458
obliior,1.0440304220462135
litura,1.0935632795864472
bactrum,1.1522361313989677
geta,1.0605631475455268
britannia,1.0240896328450622
decolor,1.1063328679765632
auia,1.070747226684232
lumen,1.028593387683303
niger,1.0156411690359408
stygius,1.0080610195627533
uitta,1.0954621211156632
comito,1.0236522431405444
noxia,1.0348554977401494
texo,1.0263681515645504
lacerna,1.1133452791171181
querula,1.0573514886803022
raucus,1.01315685938582
funis,1.0169842734078252
pasco,1.0174808935959265
tener,1.010116021864272
lacertus,1.0152104118571563
attero,1.0345503423708922
ploro,1.0227712886185376
macies,1.025391262681238
tenuo,1.0584810005832075
amarus,1.0127496030123375
osculor,1.096501761948526
tyrius,1.0222157393972606
uellus,1.0763761038214485
discus,1.0539395643140168
araxes,1.2158802923032224
edisco,1.0349316551087318
gelu,1.0330880091350478
putr,1.0663041054817126
assideo,1.014398259830866
pallidus,1.0246002891953117
peiero,1.0636566570406039
papilla,1.0291389106787383
barbarum,1.031385510919931
tardo,1.026505364778244
scythiaa,1.144781349713747
glacies,1.0278875152516216
necto,1.0198722686762578
apero,1.076151093850495
uentilo,1.1028034655598065
ostrum,1.0391966011765064
crystallus,1.2346313119869552
aquosus,1.122582083534234
assuetus,1.0291374587164894
catula,1.1428239793085926
torus,1.019760624046323
lucerna,1.0436174473770592
merum,1.0343226460662154
agna,1.0681841218324168
succinctus,1.2067973964528367
caleo,1.038448787809089
odoro,1.017776493044697
carbasa,1.0272593414064743
linum,1.0375928847660851
plumbea,1.0485159724605766
subdolus,1.074187861173971
uotiuus,1.121231597272322
nemus,1.0093877811322662
natiuus,1.071223950668017
siluanus,1.0947874575528171
tatius,1.0566959821442912
praecingo,1.0326336848563453
suggero,1.0206522307811172
tubicen,1.0448105029473778
tarpeia,1.0840423423025263
urna,1.0172516430006264
proludo,1.6358422392487684
iuba,1.0537497135152887
facies,1.0890297808843428
regalis,1.0223707214637805
oblitas,1.5216983665693966
causor,1.0351811441871475
lilium,1.033213535397254
nymphe,1.0213554722994453
capitolis,1.1190852234759805
nubilum,1.015316085305787
rubus,1.085975081345134
formosus,1.008658952371734
uesta,1.1492422989701272
dextrus,1.0454116044116712
colloco,1.0178205174249697
scylla,1.0252797223096455
stamen,1.0382385186296343
ausonia,1.0157588626650185
uirgineus,1.0338021913341908
ministro,1.036410548209458
palladus,1.2502918328534038
spinosus,1.0784812746704155
lubricus,1.0288933979096628
perfidus,1.0155441568676826
musa,1.0189414878698513
inhumanus,1.0198660070033505
aula,1.0341535651117557
humilis,1.0221258738174226
rependo,1.0513988086639863
hymenaeus,1.0726182006586635
murmuro,1.0327307475939935
mollio,1.0279334893870313
accumbo,1.0177545748925962
iliacus,1.0350608865478181
fauilla,1.0823584362163812
abscindo,1.0376808697084956
paganus,1.0719062403026063
ferculum,1.0371308077912946
cumque,1.079124115235104
flammo,1.052679145933509
immundus,1.1058711132611136
excubia,1.0331812124909305
ligo,1.0303686770972265
pacio,1.1102177896726524
uocalis,1.0371342699134232
ensis,1.0164254466955724
cubile,1.0267189503061451
uigil,1.095973354152008
obduco,1.0132619833431464
lena,1.0565716721648368
cerberus,1.0592655117072998
ieiunus,1.0298580720755095
hippolytus,1.0404664742414529
pessimus,1.0156749862516052
penelopen,1.0805245445361404
maritus,1.0131796813015106
lasciuus,1.0398998555303465
uolucris,1.0490987134339684
nidus,1.036570889458061
nouerca,1.0278348075020132
eruo,1.0354007838753818
unguis,1.0341242429700244
gena,1.021938595663569
strix,1.3042927915758868
ceu,1.0422415813689339
pererro,1.0201847679989726
concha,1.021030138410882
coa,1.415838963872731
textura,1.1054554846905578
attalicus,1.2051950947747272
puter,1.0272890932595897
recurro,1.0927111496916193
merco,1.1832222556043122
amplexus,1.0272851933413771
isidus,1.1634546384051452
iola,1.1177384412463027
tundo,1.032180077513714
natalis,1.014861231596312
cathedra,1.0944340165309139
quidlibet,1.1266233992980736
morsus,1.0210484694481485
medeus,1.0445565464094166
sequax,1.0764704440580712
fastus,1.048293615907215
thaio,1.108402144288225
astutus,1.022894569625867
comicus,1.0206817874312903
moecha,1.1072546852300977
geo,1.4144496603787966
canticum,1.0702522195470692
somnio,1.0257947651818056
sera,1.051257033954407
ueso,1.129460552699458
uerno,1.183344602129217
rugio,1.1428195420783709
odoratum,1.1307329349275854
uictura,1.1075475053666874
paestus,1.1726681873342841
columba,1.0284401699132681
guttur,1.044644025179476
rugosus,1.0618887667324286
tussis,1.0862623796512274
concresco,1.047018037160705
sputo,1.0821517184653782
algeo,1.1235080160330706
pergula,1.1343705734119727
curtus,1.0634003997350312
expergiscor,1.0188603024901848
pollex,1.0678213440844337
amphora,1.512282301801582
scaber,1.1144461771341465
syracusus,1.028180371537451
iuuenca,1.0935133145606297
corymbus,1.1098442586458843
blo,1.1314737800833639
tus,1.0758479383512505
laneus,1.1224390862017035
lympha,1.0299749738396355
calliope,1.0418865025922004
actia,1.319741879212095
pelagus,1.0122447639919905
carina,1.0197386203540175
operosus,1.0251579329044391
aequor,1.0096092476777843
pineus,1.1156332269160922
teucrum,1.04440536300883
quirinus,1.0514083627030768
feminea,1.1600483041849914
turpiter,1.025665517033733
uelis,1.0426584570929227
nereus,1.0272351889495726
radia,1.0572468114906635
linquo,1.0134081406607127
assisto,1.1057955278110223
sinuo,1.0800694062965104
auidus,1.0377114208515397
doricus,1.1023310351370803
rogus,1.022374708760719
serpens,1.0179127772164238
seruator,1.082551891102244
hectoreus,1.0643247467574737
remigo,1.0625785943045836
lauriger,1.0526332432569787
pharetra,1.0206724731761334
phoebum,1.026894031066312
sceptrum,1.017547726389021
idalius,1.076832211842781
triton,1.0334219012402135
marinus,1.032074039178323
fugax,1.0215756906477007
actius,1.938726537573971
cithara,1.0690789974657093
exio,1.0410503769562802
blanditia,1.0099990849503224
paludosus,1.525829957776244
fusco,1.0542997273259194
eous,1.0594601653600455
tropaeum,1.0196290499072123
gaus,1.0694229295551494
radius,1.0305003792846108
luridus,1.0603305594999768
cynthia,1.0182863099944817
fulcrum,1.1044180696189803
humo,1.0963057253252706
digitus,1.0251832406665653
adedo,1.2435904069024049
lethaeus,1.1291443293314296
fragilis,1.0336097825529136
iamne,1.0255791189229169
triuium,1.0667975692309453
tepidus,1.0246518521884376
auditurus,1.2084500957304596
findo,1.05834305114033
nardus,1.0802178770827424
hyacinthus,1.0556489136998461
candesco,1.1779268739885824
lamina,1.055574458660922
noma,1.2470976567398415
uersutus,1.0555787091565445
saliua,1.059219300334587
igneus,1.0424641629208156
testa,1.0277348224688596
quasillum,1.7959444954640595
garrulus,1.023704522785141
codex,1.100835842338873
uincula,1.1830655621572825
conflo,1.0294374706242568
sono,1.0182087512874618
uipera,1.0559126128229706
sibilo,1.044803736110772
gemina,1.040757181578742
sorto,1.0951706513971846
adultero,1.0398675640927821
cresdo,1.2071696477839904
ligneus,1.0165173921481176
elysia,1.0574069340093792
numerosus,1.0309574526135605
rotundus,1.0237869818224468
chloridos,1.0984323332623185
deliciae,1.0293130495974399
praegnans,1.0266934410083877
contorqueo,1.0376861325922768
pomifer,1.2200261178362657
incubo,1.0150338879738152
aruum,1.0433558299438335
herculeus,1.0217137408954644
palleo,1.0180109837219853
uector,1.0628331090328438
tiburtinus,1.1668135162237987
uaga,1.235474124120361
stagnum,1.02620210043011
uectus,1.2725715847381667
annosus,1.0392009782746179
draco,1.0260556810137498
utina,1.1088212378071385
demisdo,1.104866678481087
corripio,1.0178487987694484
canistrum,1.078466508122496
agricola,1.0175360007025682
detondeo,1.1069994163205126
impurus,1.044375651675916
sericum,1.1125641538129152
sagina,1.0602128967547804
erado,1.4574843468179088
lectum,1.0413364984953977
phyllus,1.0531367402959442
lectulus,1.019655138924021
cyathus,1.0399710842543015
uitrum,1.0688562105244381
tibicen,1.030875544748068
crotalistria,1.0797206779196777
rosus,1.08366255529986
concreo,1.1866790362057995
trunco,1.027375842643099
suppleo,1.0487320644403395
supinus,1.0242690706836073
talus,1.0288087894227775
subsilio,1.0917617268679902
resupino,1.0457283509842261
furibundus,1.0192818399206796
fulmino,1.0619144418251554
phyllidus,1.0291815244388665
uultum,1.825340738758991
peruerto,1.0245070009010806
saucio,1.0911009787069934
lasso,1.0246107390428156
genius,1.038576263182992
spatior,1.0356376493914465
querela,1.0238641430269202
sulpur,1.7916443830850957
amphitryonias,1.08630584622764
stabulum,1.0328084363548076
stagno,1.0574032019297093
uelifico,1.4291975759921751
caco,1.0694494474752312
cacus,1.1031270095300214
raptor,1.0292156811262543
cauda,1.0125342730019664
fura,1.0395673690714688
implacidus,1.7690009896661811
reticeo,1.0256555472780344
alcides,1.0241710910813164
clauus,1.0280063006777695
quaesiti,1.1778192883274605
mugitus,1.0615947343250536
feto,1.2765642275805391
rido,1.029594144945253
umbrosus,1.0216135123316974
retego,1.056235955176434
defessus,1.0307203165954586
hospita,1.0597117156358302
libycus,1.0135351138546478
peruro,1.0851538926589188
sidonium,1.1291738917520013
fascia,1.0447836963780717
alm,1.090929354894316
uerendus,1.0650011127870982
pallada,1.0845581133883573
gorgon,1.1594275651477672
concutio,1.016568514363352
deuoueo,1.0528622680973159
inultus,1.0168841693108224
feretrum,1.1015377997182274
trinus,1.0891788163582594
ductor,1.018692651080552
horror,1.0287339720350086
ious,1.1359257049019875
suesco,1.0448990004175307
como,1.0337244803902335
lupinus,1.066743983468447
pyropus,1.2642454483944394
balteum,1.0962267859308419
heuc,1.1020550102098232
latius,1.072393867803925
rhenus,1.0197153780483639
belgicus,1.1599974528368615
uo,1.810201368148052
gaesum,1.1253451469016984
uirgatus,1.1972613418659852
iaculans,1.233596963465574
braca,1.2069264036876208
urgo,1.0550218538325877
infernus,1.0928842601157425
adamas,1.0441197621127878
fuscus,1.0626369448843276
portitor,1.0480748891936043
herbosus,1.17437357632574
coniugium,1.0291164372873338
immitis,1.0155683159597741
parca,1.0593206228702339
aeacus,1.0703598294540706
eumenidus,1.4322113564011691
sisyphis,1.1096868721837354
ixio,1.1489537717960785
liquor,1.024213544523199
tacio,1.027408809992137
laxo,1.013888344996797
auitus,1.0466945665166862
fultus,1.0429770385130026
praetexta,1.1537596524777902
achillus,1.0249721094732118
austerus,1.1269814368522686
turpior,1.0439636381511932
turrita,1.268577652179344
carbasus,1.1445156698120602
generosus,1.0235164784214488
leuamen,1.090250271503069
series,1.023675415418512
cumba,1.742966772377101
femineus,1.051325478958847
inuro,1.0745574560914717
osculum,1.0156896205812138
caelebs,1.0436908744010067
detrago,1.063230236542709
lugubris,1.0236208904075321
caterua,1.0193022757056558
peroro,1.0440000823888844
olor,1.127781656430921
torro,1.0309782959033689
trabs,1.0452022830058851
citreus,1.1677950264558514
credulus,1.0378675421668084
facundus,1.0247300200680074
dure,1.0193030188405503
uolubilis,1.071360010707715
pindus,1.2590458091056875
aemulor,1.0286819343165272
daedalea,1.0968166706665496
uitreus,1.067964494918561
ferueo,1.0396658041420517
profundo,1.0441490040009742
pindarus,1.0425147540627073
apollinaris,1.1787028828774901
centaurum,1.0808694054437957
flebilis,1.016675333272452
sponsa,1.0348562637266114
cycnus,1.0957111659739727
anto,1.1233231887157322
apis,1.016344169190381
matinus,2.1097578028721613
thyma,1.1243388721907805
uuidus,1.2105142018032584
concino,1.0576497090602415
cliuus,1.055942386078079
pulcer,1.0645322067131606
laudandus,1.0276445504301326
uitulus,1.0570488410509968
niueus,1.0506822238529914
tibur,1.3846702625648315
aeolius,1.0670562131739327
mordeo,1.03547599898509
inuidus,1.0313377059144921
ales,1.0550953683374968
ganymedes,1.1574819582573652
inscium,1.0799420390719376
nimbus,1.020047440684856
ouile,1.058082607709619
uiuidus,1.043289067445155
reluctor,1.0376104035539415
caprea,1.05135934243919
pascuus,1.0443757816999482
drusus,1.0254471673219494
uindelicus,1.2431732498228851
amazonia,1.2803494117619227
obarmo,1.9935347898058096
progenero,1.1430285185248017
rectus,1.033636846655291
roboro,1.0557550020445274
defecor,1.954816667076415
metaurus,1.0801589011300028
afer,1.0522202992426581
italus,1.0396535631642292
eurus,1.023335930931539
equito,1.042250386979474
sector,1.0171464296116086
ilium,1.0903857512457678
ilex,1.025580999713731
tonsa,1.0647902262692939
bipennis,1.0750169144624468
hydra,1.0242990873311641
creuo,1.088935134844288
herculis,1.0479372167703025
submitto,1.0240670668922593
merso,1.031545442628563
pulcrus,1.0600995471018844
interimo,1.0270012708035936
sagacis,1.5596471117244965
ors,1.584114829048196
dimoueo,1.0324002242366324
perambulo,1.0660307883671785
faustitas,1.6094484738496049
nauita,1.0747847607387084
culpo,1.0450872375293176
maculosus,1.0727247779289446
puerpera,1.200195840366637
germanium,1.0352285396313974
parturio,1.039027145713305
uitis,1.0824388827015758
uiduo,1.1402039278456002
defudo,1.1802433590094104
castor,1.0344785147306932
hesperia,1.088910468788192
achillis,1.021282232340695
tremendus,1.0995163160432027
pugnax,1.0533684974859054
mordax,1.0586462400274814
pinus,1.0234930635857544
impulsus,1.037888152149215
cupressus,1.0324843443122642
chorea,1.0258071210287019
achiuus,1.195134695438337
aluus,1.0219727712971705
doctor,1.03864242385822
lynca,1.0746317910640877
latona,1.0833998570294807
effudeo,1.065677188259294
tullus,1.0387889203384166
ancus,1.0550945720966454
splendidus,1.0108342296586765
facundia,1.0225314216989747
pudicus,1.0250649188222212
theseus,1.0634589754287536
tripodas,1.0859923740068933
parrhasius,1.0469392413635332
scopo,1.186097982294939
sollers,1.0768091277220257
delicia,1.0155600169054033
reiectus,1.1357998180116968
retrorsum,1.0656610103367852
lucror,1.0801239915131173
pierido,1.1816541071019688
charta,1.0213260631421823
mauors,1.319049903189415
taciturnitas,1.0466295960231458
beo,1.0751879776344297
aufidus,1.482839821333227
chorda,1.0857841957107126
maeonius,1.0690467758175901
homerus,1.0110212370180025
ceus,1.2900281500402528
minax,1.0141345947279703
siquis,1.0200867618921845
adulter,1.0335474449892723
helena,1.0263182364070405
lacaenus,1.225729093759726
teucer,1.0644798613687803
cydonius,1.7277158216446011
dirigo,1.0275512733950636
ilius,1.190911679884336
hector,1.0219386579121899
inertius,1.0388007550449327
inornatus,1.0788215718839453
liuidus,1.0452365997184745
calleo,1.0363144568854386
pauperies,1.0370458007108836
peis,1.0882948862993955
crudelis,1.0114044831582856
hispidus,1.0792971130251479
henu,1.0142686788953277
cadus,1.2156885790437755
religo,1.025985969178866
agnus,1.0465877449315664
cursito,1.1929793673472304
maecena,1.0457533809057626
telephus,1.0884747918206037
phaethon,1.0780557719771438
pegasus,1.30008570520818
bellerophons,1.4319641836885018
disparo,1.1783387919559625
mercatus,1.0703054072725349
condisco,1.1258681125265761
amandus,1.0923335863219226
atrus,1.203995747567891
uerum,1.0584024731614492
linteus,1.0395419258646437
rigeo,1.035981891884699
strepo,1.0324675700308252
turgidus,1.0727191536312006
flebiliter,1.0796152071081615
cecropia,1.061731651460332
barbara,1.0396080807930588
pinguis,1.020439237570122
ouis,1.0423488127522158
nigrus,1.051908050237634
nardum,1.2613987188137337
onyx,1.210562503495015
eluio,1.161399742455983
tinguo,1.2241469862235075
desipio,1.0272806015401479
tremulo,1.083821327665002
docno,1.2276784845328552
psallo,1.19498589604305
excubo,1.0333888014790629
supremus,1.0598601990568333
transuolo,1.0576423081735968
quercus,1.0191486558339147
ruga,1.0906795716727566
turpo,1.27025772642467
uetula,1.1637340280826902
lycen,1.1997359856808703
aeterno,1.0441237259172231
habitabilis,1.2534002442369507
nubs,1.1081567397083836
daunus,1.0730004407834433
apulus,1.0827305316075866
ferratus,1.0419772880817393
cantaber,1.1134455462983837
domabilis,1.2953034601304598
scythes,1.0935300640961882
rapidus,1.0093809188009621
tigris,1.0233077807535345
britannus,1.0137217131960372
tyrrhenum,1.1440175206922196
euagor,1.0884536067626114
itala,1.0733565147717532
porrectus,1.0453544788348508
procudo,1.2969405136597534
inimico,1.2773815393676964
profundum,1.0633580054735898
adprecor,2.0710597536930977
remisceo,1.3055450438367855
anchisen,1.453356619773556
portentum,1.0177648855676829
fulgor,1.011144261012046
praegrauo,1.1588599981557393
sapiens,1.0217195897243019
anteferendus,1.1764794650632102
semoueo,1.028157687955187
uolumen,1.017616913440292
dictito,1.052290717770068
antiquissimus,1.0331828667638028
trutina,1.191795393166654
nux,1.031765445594922
doctior,1.0407444629627343
ungo,1.075899406848909
poema,1.030055663547888
abhinc,1.0612196360487944
equina,1.7296437765275814
demus,1.7905275195211092
criticus,1.189434396735106
leuiter,1.0177066669513646
pythagorea,1.083497741681887
accius,1.0533452841101296
plautus,1.0408559066866112
exemplar,1.0419678399589802
antefero,1.028198456110366
ioues,1.0382452006918164
plagosus,1.3827560824783562
concinnus,1.143000406588699
reprendo,1.202161182394889
crocum,1.2054601605468036
perio,1.061177012761601
aesopus,1.033831750038883
perdendus,1.0831446285156152
impugno,1.044699316716786
nugor,1.0581311891710115
infans,1.0133875120518292
cupide,1.0212881383995926
recludo,1.0306051448507725
expendo,1.037171200654404
seueo,1.1967430348233687
scrinium,1.0560166936232696
indoceo,1.0244120407317152
doctus,1.0283652170256643
detrimentum,1.0337768384471056
incogito,1.1446218644999933
siliqua,1.0951497767919358
piger,1.0379338694241933
figuro,1.0466765437422438
obscaenus,1.141821729737264
solor,1.0211894850914462
amabiliter,1.1001287193701341
uertus,1.3889504646884774
lacesseo,1.1949290419857916
describo,1.013088093931628
fustis,1.0221212657520677
defluo,1.0251255483086257
uirus,1.0283916289496515
munditia,1.0972638606016056
acumen,1.0208969319329675
sophoclis,1.0270372948025555
tragicus,1.0176674055583808
inscitus,1.0550262325685051
comoedia,1.0286235952558973
atto,1.2976308583581875
leno,1.1383329868463405
insidiosus,1.0176819738978884
edax,1.0558835057725755
adstrictus,1.0765245970223187
soccus,1.0911769105593763
discordo,1.0333357189816346
pugilis,1.0802612090386379
aulaeum,1.055261875427238
retorqueo,1.0345631014318806
essedum,1.1686493117825947
pilentus,1.5284801834917885
naue,1.2514559353992396
democritus,1.0517748417092034
elephans,1.2362597834918962
attentior,1.0472712963281432
fabella,1.0342202473022593
mugio,1.0378509777275358
diuitiae,1.0336572252677112
actor,1.0509839355693813
extentus,1.1788392886189616
inaniter,1.152763167351408
athe,1.0411027045113415
lector,1.0401284666421078
calcar,1.027359359761956
helicona,1.1207751439496458
uinetum,1.0349255263559018
lamentor,1.0352511530033004
tenuus,1.028192343831624
rescio,1.1992355070355627
aedituus,1.0511122682086707
nomisma,1.132941325510104
philippos,1.5747056182205088
atramentum,1.0762745994894867
prodigus,1.0626296086460973
nequus,1.0548131099189508
subtilis,1.0260367932534042
uidendus,1.1164720867936901
dedecoro,1.0930850571717106
uergilius,1.0207004785494742
repo,1.0513621754751452
sedulitas,1.0303803840013719
libentior,1.011198927637856
cereus,1.0279943327157604
rubeus,1.1785064875676436
capsa,1.1671802625033019
piper,1.0802256668409822
amicio,1.0314068787811592
ineptio,1.0287594566684577
uerna,1.0863225163715184
litterulus,1.9922375340698868
argilla,1.0571088505026511
udus,1.0625812189335007
indoctus,1.01558977118077
plenior,1.0522777817013025
extrudo,1.0564041528483852
mango,1.174550094718191
uitiosus,1.0345347767426603
mancus,1.0522292742759565
epistula,1.0509475946156996
aerumna,1.0329972395063498
lassus,1.0344166463407265
sterto,1.0381388761575112
assis,1.1542660061444936
uehemens,1.0226505307327611
grandis,1.013651523696133
quantumuis,1.0389501270726718
dinosco,1.1219097725194558
paupertas,1.028841533338648
expurgo,1.0570457108892137
cicuta,1.0466166028923103
extorquo,1.0489743480086562
iambus,1.0962674719667034
renuo,1.0628060429599462
inuisus,1.0372012088181184
acidus,1.1757915781552133
sponsus,1.042773098055956
humane,1.056373156289898
calidus,1.039392383632392
lutulentus,1.1412648210481433
sus,1.0301898792899746
bacchus,1.0147479807821533
insenesco,1.200578376929384
conecto,1.0588215544186377
rhetor,1.0171170773559202
mirabilis,1.0636668397683915
molimen,1.1101863463858563
pungo,1.0277858199606094
callimachus,1.087360377712387
obturo,1.0740328611285772
patulus,1.0226803279118217
uestae,1.0497833164253465
uocabulum,1.0212433162290318
informis,1.0227689816700114
adscisco,1.0393290247090992
genitor,1.015328251452
luxurio,1.0364472353402396
compesco,1.0282900229632341
satyrus,1.0202032548059972
delirus,1.0586942719994588
tragoedus,1.0735324078861288
sessor,1.0653456051709966
amabilis,1.0221849728253518
lagoena,1.4248502852126785
puteus,1.0296859605658124
elleborum,1.0812746928264274
bilis,1.0686024106269572
nuga,1.0335724045819867
modulor,1.0431671133194937
quocirca,1.0429857268771543
libra,1.0609855522656875
mancipo,1.1069421540604534
uilicus,1.617814573470227
aricinus,1.1504439269863913
arus,1.3613280067743392
holus,1.0772358600568115
permuto,1.060561136260597
calaber,1.2551291531245334
lucanus,1.1062819481204824
orcus,1.0146437755366167
exorabilis,1.2170626548874914
gemmo,1.023426071853748
tyrrhena,1.0917481573692702
sigillum,1.0732296959607626
gaetulus,1.0400285255626633
murex,1.0363145849099913
herodus,1.1308463437068068
palmo,1.4084643444919906
inueno,1.142725122873552
hilaris,1.0342854078060202
inmundus,1.213616197679525
saga,1.0684423499442763
lemures,1.098770875198997
thessala,1.0668625576697381
grate,1.0448973084135664
fa,1.6485961809896914
potus,1.1363186175521274
no,1.0500455387314547
po,1.0784581197941538
iactus,1.057601771821053
peruigilo,1.074909399188674
lens,1.1152711675436537
grandus,1.0257377565251384
uenefica,1.114393027285373
uipereus,1.0715835005219247
iason,1.0586779045653627
pronuba,1.114623281182276
hymen,1.177658897320585
infaustus,1.0349442320475852
sanguinolentus,1.110384365947054
uillus,1.313831522560539
spectabilis,1.0429997323061915
urbes,1.1161227736541204
messis,1.0186082276281099
grauidus,1.0946310983451102
concauus,1.0446894939102802
caerulus,1.0249097450208642
abundo,1.0343956000187924
uiuum,1.0600262712790727
argolicus,1.4200424085884331
refreno,1.0477196856044595
pasdo,1.068713365172432
discingo,1.7168693106475226
acus,1.0938238702194067
thalamus,1.0221773748883065
proco,1.2016766672592485
ascribo,1.048447696213176
imputo,1.0320017932007477
phrixea,1.080194647577915
nurus,1.0302733864656968
phasis,1.23701415451278
redux,1.0280948092573792
redimio,1.059228261414447
praeradio,1.1663613671495217
ingeniosus,1.0290648027075642
dotalis,1.0552036019232296
grato,1.1602544822957488
medeo,1.0943848285526068
deseruio,1.064038474100824
obuia,1.0788965673884963
gemellus,1.0406902993430158
nonne,1.03338752845367
peius,1.0366000943227829
exspes,1.1604344867531506
moriturus,1.7152546302946443
abiectus,1.0597477280809635
didon,1.7728639388562666
dedignor,1.050756911642421
innascor,1.0276381929554677
progenuor,1.719139803809295
duritia,1.1097099194632294
robus,1.0535004561949262
uincus,1.1613631626605334
aequoreus,1.0281489928473568
phrygius,1.0832093160612621
decepo,1.078758447765217
saeuitia,1.0200718765359857
ascanius,1.0368450059965295
commereo,1.0800509806855096
faio,1.028305275186566
procus,1.0347378046275875
iarba,1.15899337088091
grauida,1.062173412945826
teucra,1.1058394783631782
rabidus,1.0215645561789337
patrium,1.1973529398750578
simoentum,1.1005571724447962
abstrudo,1.0499423687501321
pygmalio,1.0893832762307838
ilion,1.1093324756951075
afrus,1.02702208017011
plango,1.0417094419993809
lanio,1.0178347196504183
gremium,1.029005284187213
anno,1.0804628909535436
penelope,1.034492802915904
ulixe,1.078637353379344
attamen,1.1281715336607636
prio,1.024228113304776
spatiosus,1.0325861453920675
tepefacio,1.1165677162281382
altarium,1.0423047778717884
nympha,1.012811413465564
ladior,1.058692401409948
pergama,1.0471424619695637
celsus,1.0236257618216973
aeacides,1.2590076382965727
lacer,1.0566589123500214
rhesus,1.059671555944405
ismarius,1.7223221658787293
lacertum,1.029243462728701
reseco,1.0413938968163687
ruinosus,1.3423596261316137
moro,1.065635356813976
pylum,1.361311327494735
utiliter,1.0560464727482208
etiamnunc,1.0966013834372903
uanesco,1.054690369663681
icarius,1.1816005117644046
ulixum,1.057660510540157
samius,1.0795860290998645
luxuriosus,1.0675455504947253
polybus,1.1732648708026616
medontus,1.5876089178242931
irus,1.3285982617498895
telemachus,1.041040170466039
longaeua,1.1772130084677974
perbene,1.1345997964955743
erudio,1.0199936115188182
iuuenalis,1.1434025154395178
graias,1.1159705050205388
anhelo,1.0314067519663148
aduncus,1.0314977496337514
inexpertus,1.0372925905234338
aduertio,1.210896003870891
scythia,1.094127538268863
niuosus,1.1116171273365971
pelasgus,1.636873423711285
solidus,1.0270450909045943
praetento,1.5845732535752082
naris,1.0182514534643774
adflatus,1.3617116325216412
succumbo,1.014626716881485
numquid,1.0615185651050432
peruigil,1.6050056935497434
picea,1.061847702607484
delubrum,1.025308607684038
barbaricus,1.0297664153775161
misereor,1.1325113725574905
dedigno,1.1076848318390091
uenenatus,1.0594279188151585
medicamen,1.0379849850788099
seds,1.485929025815437
terrigenus,1.1423612917388535
squama,1.1600245623067327
flammeum,1.0458216978310497
medico,1.2406379149801643
uirginitas,1.066931692894245
dilacero,1.0672553703049192
extimesco,1.0340313155159526
uomo,1.0953639222572575
trinacria,1.097551491426164
funereus,1.170679806134515
flebilus,1.1860133801398582
frequenter,1.026927470363207
pompa,1.0151567848534289
abscitto,1.084038279750255
sertum,1.0177461783294983
inferiae,1.0468856068966141
hecas,1.4159380225988463
utilus,1.0550983542513936
sucus,1.1018291231288209
flammaa,1.0862221515506743
graia,1.110259667843596
nuptus,1.0353038574923852
auctio,1.083783590511948
vido,1.022580345913809
demophoon,1.030300529212823
rhodopeia,1.054059547157924
pago,1.1749707626748593
thesea,1.077577240361309
canus,1.020028029282216
naufrago,1.05894652808618
demereo,1.0530868316253401
sponsor,1.085469058027884
simulare,1.085077463327609
iugalis,1.027347658495591
toruus,1.0348802652101754
cretto,1.213699340080731
despcio,1.5502999653665765
praeconium,1.0386368297722959
threicius,1.0489790702077273
subiicio,1.092348735054704
latissimus,1.056324536597645
rhodope,1.1972370775774233
glacialis,1.0738532298294754
haemus,1.1369460559688493
hebrus,1.2072736274158473
tisipho,1.0357455722554887
afsum,1.0530054674990348
allecto,1.0483376997366287
colubra,1.1020691990962848
calco,1.023079578065144
adsto,1.0409662116906007
suppono,1.036705207026938
proieco,1.0771281079628385
impliceo,1.13746158480929
inuidiosus,1.021358954256833
nuncia,1.4729029554075306
telamo,1.0871676662860084
sor,1.1140100985371975
lebes,1.1705974707828857
superuacuus,1.0444342307806997
tenaciter,1.2205263451188233
mollus,1.0268515436727308
compenso,1.0441646653301464
aquosa,1.0812509300591042
fulso,1.0599724260350694
nubifer,1.0909591492852089
deserta,1.049199552408991
deuoro,1.0699809010517336
canesco,1.1463383103695102
pulcherrimus,1.0099492292892944
famula,1.0428165891541386
exagito,1.0223466737385634
puta,1.062651819586504
felicus,1.0149795427720316
quare,1.0295629958087134
clipeus,1.033411398201726
acuta,1.163707148546342
uibro,1.0511918910208053
fabris,1.1874772975836276
phoenix,1.0482207841817603
teucrus,1.0994348242496406
soliio,1.16482510907641
comminuo,1.075988349948183
peleus,1.0649484509252465
clare,1.0639216062783567
neptunium,1.1102381405997221
ma,1.2345641728894463
miscendus,1.0539206953261728
medulla,1.0236286347287094
nequitia,1.0239218809600097
graue,1.049674090307723
peus,1.0140653900257313
libamen,1.1373214022666278
pomarium,1.0463579826662432
delegeo,1.1505978580926546
adulterium,1.0244199846824409
delis,1.0349915419509792
rete,1.0409006587674139
tremulum,1.1209634027566244
gramineus,1.0702008120459543
idaeus,1.0215062752386037
semideus,1.1065978289934264
dryas,1.0793380796920429
faunus,1.0704874052656046
attono,1.012825292814243
pasipha,1.0409988297678274
uterus,1.059405641747054
philemon,1.2102335517982237
maccus,1.6881105700703267
titus,1.0325645379916328
minoia,1.0970138225754522
cerealis,1.1619551539704078
gnosia,1.1559253415644097
uestus,1.2902541499551796
uerecundus,1.0227128699110373
phaedra,1.1928952226003984
compio,1.6363108273674802
rigor,1.028533671461136
recuruo,1.1073045253501954
uenabulum,1.0842715756085013
corneus,1.0421365082484693
incingo,1.0660895864652529
durabilis,1.1837673346089754
reparo,1.0347218504636793
imito,1.018238104786926
aurora,1.0445131051492458
amandum,1.0972808687616131
cinyra,1.1957458594171062
atalantus,1.0484511687827167
latebrosus,1.1070495256581174
aper,1.0206691200858915
isthmon,1.0598075757357537
heros,1.1188660311724588
claua,1.0535762729916183
perfringo,1.0521294356527378
priuignus,1.0645430816821506
iunctura,1.1089980978650293
elegantia,1.0281948013370221
infortunium,1.1452210622943908
praequam,1.3404032295176689
uallo,1.1049351510139824
dotale,1.2450678633769157
agilis,1.0336147495055168
insomnium,1.058491551924093
ineptia,1.037446083890878
incogitantia,1.4133481801638965
excors,1.0722785155336496
desidia,1.0159345314710992
dispendium,1.0476487653646045
multiloquium,1.1659753629804774
idcirco,1.0427683019423322
callide,1.0294808039922503
oeno,1.1653976450615546
dolendus,1.1401041295742886
reuerentia,1.0305495626409371
adulescentulus,1.0709651967921887
requiesco,1.04368892660119
stramen,1.1200417328171741
fenum,1.2175564782684896
catulus,1.0653316020197925
distentus,1.0733061132367194
fluuialis,1.2234578263612133
cortex,1.0192791152112615
xanthus,1.1683883871614733
decentus,1.1207368858705469
attoneo,1.0551632522886314
reuorto,1.1557590739386951
abies,1.1684914083521578
secta,1.0432893918292532
parce,1.0455329762725587
ocellus,1.0195577302167205
ulmus,1.0288986982333
suscito,1.0824238679099876
ephebus,1.0841492403944786
exsulatus,1.0394802232093485
cla,1.057054102428528
fuleo,1.0695892165986225
tremeo,1.8214089057573888
madidus,1.0215244367820782
querulus,1.0669844832295692
iden,1.3353166367709328
armentum,1.046277198210881
dissimulandus,1.1007061302709642
ultrix,1.0305485498089084
tyndaer,1.1346874289857267
iniustitia,1.037038813569191
hectora,1.0966220267003142
deiphobo,1.140733895100884
magistra,1.0340568083539028
rudimentum,1.0314377591241137
lacaena,2.023253915278162
temero,1.1015449597826694
reparabilis,1.1594620999960814
andromache,1.047684420558105
leuus,1.2037314117118825
arista,1.059513356377889
assiduus,1.020421673168322
rigo,1.0287662065229695
musso,1.0465252683288804
negito,1.11279453820384
iom,1.1443316717081091
flaueo,1.0858497611543139
diriguo,1.2681768286055042
proteruus,1.0380722015491126
conspicuus,1.0185752660786445
medendus,1.2064225118116714
repertor,1.137550354109435
fecundus,1.0415145961328813
danaus,1.086191771463584
orestus,1.0867333825272985
excesseo,1.070866829272247
cohibio,1.7124132079383012
paridus,1.0727049559711979
atreus,1.2493563034601742
neptis,1.0535773315930723
inscius,1.0296890571798114
menelaus,1.0380545387092774
praepeto,1.746507810100821
genero,1.0225337898970914
pelopi,1.1770202471254683
aegisthus,1.0882777320109236
aspectus,1.0302685148419515
metreta,1.2085936479089374
tumesco,1.0361705772847802
flendus,1.0455258091425528
hippodamia,1.530657971913878
pollucus,1.053078833457008
leda,1.0397683175386894
offirmo,1.261929089178283
orestis,1.0432001289355628
perfruor,1.0321113088524876
liberior,1.0388516988167633
stupeo,1.0249740506572713
oblio,1.0166301758274308
scyrium,1.4184168449986339
praemorior,1.1929182085453283
tantalum,1.08071407245271
infitiandus,1.1313317890362098
frego,1.188440098417469
ambio,1.0266048594492814
laio,1.253264481491187
atlo,1.0774002269723035
cuna,1.0269826625374867
adnumero,1.0454531660521793
paruolus,1.1636648541324621
paedagogus,1.0455811940648996
operor,1.1077239592979244
aucupor,1.0406891373724232
suspensum,1.2076977231336246
monile,1.0502268252910043
tegmen,1.0254749338877602
dedeceo,1.0889728075106158
crudus,1.0231688626469135
diomes,1.068583149086799
efferus,1.190221256140092
equa,1.119398376322784
busira,1.0633526137589477
antaeus,1.0751089497422355
calathus,1.057265133499667
torques,1.0786901987884003
inuoluo,1.0443483473463984
affigo,1.0397093585899448
geryo,1.0761479875900446
digero,1.049155920935297
redundo,1.0317570700616574
peculium,1.1366502696740368
mensura,1.0322606685199989
costa,1.057307243214465
lernaeus,1.1535681493050145
colum,1.0874875271447055
qualiter,1.088321501224727
alcida,1.0444323452243656
languida,1.040212045025467
limosus,1.12091854139889
occubo,1.021385194056427
inficio,1.0313824674983767
decumbo,1.0388156131289197
acceptus,1.0926638243575122
tydeus,1.1736808415526778
nedior,1.1705029791034733
arundo,1.0703655656149187
illino,1.1030698570794384
pulchrus,1.0217045322368385
pruina,1.0234319403036425
theseas,1.1029182287086503
uosmet,1.0785799366785231
postridie,1.0156080303493211
munis,1.305991392882567
puellaris,1.0862647005940937
frutex,1.023515479366579
metior,1.0106152692561987
tento,1.0523631260270947
languesco,1.016282234607281
plangor,1.140736609776076
uelamen,1.078211103908277
torpeo,1.0153563330137072
ogygium,1.104222172142973
profusus,1.0366635693417479
aeolus,1.0283152965217501
periurum,1.2636952347093302
illac,1.068748630398777
phoca,1.2096954940666775
traha,1.0880412979542338
androgeus,1.1676033865838622
aegeus,1.1799803857249038
aethra,1.2107662340502168
ih,1.000329304859086
paratus,1.0385979300366552
officiosus,1.031832835515405
uolucer,1.0672241410282572
inhumatus,1.0985513674683298
cecropius,1.1720051347652332
saxeus,1.057125768937726
surripio,1.028472953416053
impuldo,1.0885610235157817
articulus,1.327241145227361
relabor,1.0671856500649355
oblniiscor,1.051905741881818
libellus,1.0707913056720382
truculentus,1.0375434118233033
experio,1.040010602677672
acanthius,1.8585369911895382
pigritia,1.0353085851876074
zephyrus,1.0516557080124327
infestum,1.122081602111522
praesentio,1.074506184719562
anilis,1.0701393752959238
tacisco,1.0554330163782826
suffero,1.1000917856980337
anhelitus,1.0263625005482897
uiuax,1.0731658515947857
lucifer,1.0335112811875895
refoueo,1.0604619223410794
carissimus,1.0174068508919312
albeo,1.0504363227275504
oliua,1.0656712314775552
uagitus,1.1223633964793152
reuelo,1.1723531970932555
quassus,1.7993074626916894
irruo,1.0529658144805696
pudibundus,1.0478813856265028
expedite,1.0571597406592503
exquiro,1.0195619434398047
atra,1.104330761268182
estis,1.06200881854132
reformido,1.032691716899739
imperfectus,1.0429549940595162
boreas,1.0194044049831263
exsanguis,1.0250890945965359
succiduus,1.2847903215801715
grandaeuus,1.074829310500461
periclum,1.0350374513766307
uorto,1.3854837329771108
pampineus,1.0389131982076207
saturo,1.0755503317674577
formose,1.028603414634894
ledaeus,1.1618587533956939
sanguineus,1.053932347673966
dispar,1.0099784124935436
cursor,1.044072913523971
lien,1.2405731482112743
praemoneo,1.0517881610438278
reluceo,1.0413160744931431
affusus,1.1586832825571343
languidus,1.0211465982932701
apte,1.0477800146201433
uens,1.0949174218260431
neptunus,1.0123318008865467
subitus,1.0214923435333707
lacrimosus,1.118532593734818
quocumque,1.0260837315622888
rea,1.0856107279244254
crepusculum,1.0357309297425163
praecinctus,1.167902008038838
gracilis,1.0259845888421377
populeus,1.0372155723143606
sopor,1.0159008815159465
credibilis,1.0261798806497886
patruelis,1.030181213032739
hisces,1.3462318071073738
dinumero,1.050060917394811
cogno,1.0946924509735538
iunonius,1.109714250109849
caespes,1.0286188022867084
stupefacio,1.073369218902827
exiguis,1.2997384287815728
crucio,1.0187576017211237
sons,1.0235365223718582
consanguinea,1.2639988500071497
sculpo,1.1102964791606513
depello,1.0219047957824754
litera,1.1823970361591627
sapphus,1.0636255031504516
lyricus,1.0542974084613677
elegia,1.0456885923743064
barbitus,1.1716531878584855
phaon,1.1119727642092674
aetna,1.0217815665353518
pegasis,1.1267396173661133
blandis,1.2330676604185526
grande,1.100497759413572
turtur,1.02714362120004
lasciuia,1.0810046532150535
crebrus,1.016532728272794
mobilitas,1.1554675840315154
sicanus,1.0975216230629257
accumulo,1.066667209201665
lucidus,1.0218125577605655
gemma,1.0257392616227503
arabum,1.0445715045658088
uiolabilis,1.121331491317596
lanugo,1.0718296113762098
exululo,1.1439679090346868
exstruo,1.0283809127310164
candidior,1.0712382459502485
consuo,1.0503162427246644
sicca,1.4766099787871518
enyo,1.088011944955359
tophus,1.1318681237130706
ticio,1.197106716583407
ismarium,1.2142543241285593
sappho,1.1983389323428277
perlucidus,1.0853399227029525
expando,1.1014027884557247
lotos,1.191407094948462
naia,1.1035336300783467
excelsus,1.035285138798744
deucalion,2.0031286467945937
pyrrha,1.0974408573861358
illaesus,1.0635316479159054
desilio,1.0251976491091277
penna,1.0167226512430467
poetria,1.1201485197531713
salubrus,1.0483427437395179
aeole,1.2969097351004948
amatus,1.0621037499370103
famelicus,1.0701539829506006
resina,1.1576273946439464
mel,1.0532689715614134
uoro,1.068309546872441
indebitus,1.3048498069310688
cytherea,1.0375401394603712
nimirus,1.0415714967823573
remoror,1.0267036822736633
nemorosa,1.1253489210855288
ida,1.0612114467420652
capella,1.025229975610388
pallas,1.0498614240811093
aetherius,1.1294593361164293
conualesco,1.0445936174078347
pinetum,1.2492669949353847
gargara,1.0662238031955542
innumerus,1.0394858263840001
robor,1.1312561920088637
antenna,1.2898135333578218
genetrix,1.076189682003097
propositum,1.0520901784629748
cassandras,1.179487958227668
flagro,1.0207554381282444
oebalis,1.136108932869063
lacedaemon,1.101375674491189
attoniueo,1.1843275464602743
intumesco,1.0317072003835293
reminiscor,1.057367148730889
palaestra,1.02834536169929
apago,1.0608517118873364
istiusmodi,1.0654787549688254
cruciatus,1.0167335571811178
rogi,1.2523973242622226
obeundus,1.0719356895424905
canorus,1.0411576217999725
densus,1.0219348607601983
philosophor,1.0235564422155925
anchisis,1.1116507141288212
soceo,1.1220075363534254
pomum,1.0207914600458106
arte,1.0748449416630086
ebrietas,1.0274164858999513
recumbo,1.0564622264045533
reflecto,1.0429913030677238
petulantior,1.080187136454781
pura,1.0799450282422234
tortilis,1.2797685965291006
resupinus,1.0656611457148517
districtus,1.1024899642308152
cresia,1.4661580695027054
currendus,1.3522673581193434
actutus,1.0855081768569428
commoditas,1.0224943421326727
gressus,1.0524195017967808
adoleo,1.1003282906586958
cinnama,1.082330366559293
ilias,1.1159908446958124
palpo,1.0510229127186732
ilioneus,1.0546298389329347
egson,1.0458585978980115
uectum,1.243808542097525
supercilium,1.0180307508439892
tor,1.0645741542464775
delinitus,1.267324530840263
tantummodo,1.0614274987985786
succenseo,1.0603234561106822
obumbro,1.0699684134748086
primordium,1.0942549906764178
laomedons,1.1286314512444824
acceptissimus,1.2187560929755745
amplego,1.0984601655362152
palladius,1.3870502417075685
bibulus,1.036661711738348
proscindo,1.105121765368616
libeo,1.0349093110474668
rusticitas,1.0443842333314948
coipio,1.0227780848246852
uberior,1.029270172365105
centaurus,1.033177076831926
audacus,1.0791733986828298
ast,1.018464770781601
forsan,1.0287322688990714
abydenus,1.2276880072005094
adeundus,1.0546324907361753
labellum,1.0178017463959714
uigilantia,1.0386074457358274
aerius,1.0322538092210083
moderatior,1.088014485056125
agio,1.1233990831729814
latmius,1.3116797806895264
dimoo,2.0527273870708593
alcyon,1.148607746091193
ceycus,1.2445964386617403
uido,1.2625284981454759
alga,1.097065686232006
breuus,1.1555985850591437
tithonum,1.0507252585162952
praeuius,1.2679172914727255
natator,1.111081265438844
delphi,1.5494652349621056
attrio,1.147091046829319
parrhasus,1.165343976259157
ursa,1.021860604099011
polus,1.02898338461931
calesco,1.0687779063893328
uicinia,1.065440051495077
inuitas,1.204610042227224
tactus,1.0383441566800746
digno,1.0312904124850368
interitus,1.0262353691316877
uoto,1.1800581531810692
pernocto,1.0296412197320095
patienter,1.0531330382983468
rogito,1.1036104311254524
uenandus,1.044075447528712
genialis,1.0332712508124196
hamus,1.0440616081142151
susurro,1.041340764369163
sicco,1.0702943459751306
adneo,1.0635534920518197
obrepo,1.03098950981526
uapulo,1.0393970843481217
tractabilis,1.040159226568463
supo,1.1531468916468963
thrimo,1.3620646220995205
patientior,1.0572626683196646
iamdus,1.026539532490901
hellis,1.3119928380517911
tyros,1.057887125773385
calyx,1.4685074547435586
medusa,1.0741812586627437
seduco,1.063617950967064
instillo,1.1343057664139071
desertor,1.0609703887021167
dormito,1.0469723655148955
puluinus,1.0639782151410198
delphinum,1.0785578869614914
illido,1.0534586491565092
inuiso,1.055761247107502
iaciens,1.1288967953187823
spondo,1.0757206681064566
dolosus,1.0724110048394344
dolum,1.0427370634709614
paridio,1.1249258418094492
pudens,1.0508860445670918
sereo,1.067327000875188
actaeon,1.6606711570958654
periurus,1.1179729852106546
animosa,1.4452610442770355
febris,1.0406063859176515
macero,1.0352360134331513
effingo,1.0171763385894346
adsideo,1.190152359105992
saliens,1.0585624784214278
contrecto,1.0497122479013377
postmodo,1.240031427226237
scriptum,1.1078065382788882
testificor,1.035145951725689
grauus,1.0581571500499491
ignorantia,1.0211723920952036
anxio,1.0336865846189145
pauo,1.0909531193366528
pharetro,1.2623983499115197
flagito,1.0156832256962307
uersiculus,1.0368875554205772
effigies,1.016467198831317
consuetus,1.05463646846604
apparens,1.061295091018309
medeor,1.0149355796128885
cubitus,1.1261568768622345
secreo,1.131307529757044
excreo,1.3339671921604417
commentum,1.0628492685395345
laudator,1.0663038343987972
persepho,1.0514834832666677
andron,1.207955454615098
sublimus,1.0187416416533606
balteus,1.0451003880220842
exulto,1.0344703502306363
thalamum,1.1044576936992543
stillo,1.0576799804315646
unguentum,1.0254312476667262
spissus,1.0660351912259005
salutifer,1.1082381387282
praeterio,1.1203701601393496
pigo,1.252446034357653
superpono,1.044008073176824
uio,1.4493368399628603
ingemo,1.0218991938082367
subluceo,1.1385554694748636
contrarius,1.0321901745152284
libens,1.0135878348309897
cinna,1.0681283565996456
dulcus,1.048875257221826
pylius,1.1744312863290594
nestoer,1.080569641001992
demodocus,1.5703729468389223
tra,1.5209629456240763
hilarus,1.154100136107357
gratis,1.0322790874590688
bimus,1.2241787848615027
plumo,1.0530695134306531
supernus,1.056630695794038
admido,1.118643269940808
persimilis,1.0885933021196508
uicissum,1.0423637077450347
prŏfessus,1.043610760902317
pannus,1.0255747304378433
pluuius,1.0957636937674793
enato,1.0560559120178332
urceus,1.0713794409038426
prŏfiteor,1.0646085388285218
turgeo,1.0411740335023236
delphinus,1.071953154390958
nasus,1.0451637363689559
spector,1.0567568168503458
umerium,1.2088195352290307
potenter,1.0981888789859482
cinctus,1.1256355310597135
pudenter,1.1342791555073524
adquiro,1.0724914876838625
renascor,1.0407480138140972
norma,1.3260491279187407
emiseo,1.1339242072297704
grammaticus,1.0156082147887167
archilochus,1.1088417574238139
cothurnus,1.0840947379467172
chremis,1.1459394567618846
ampulla,1.096421791176065
dulcia,1.011703577864112
adrideo,1.1470668128245847
nugo,1.1933899977038724
absonus,1.1253742842575534
agellus,1.027304441612391
assyrius,1.0643414918263343
inexorabilis,1.019573653904506
ixion,1.2745978956376296
persona,1.049830153346942
materies,1.0334684991128438
imitator,1.0418225157693397
ineptus,1.017190584514796
dehinc,1.0481854199079068
antiphaten,1.0695951490719882
cyclops,1.0371878716420957
charybdis,1.059728985239025
meleager,1.0982994482060642
troianus,1.0281856015053468
nitesco,1.7423830013238284
cantor,1.0485396287816267
apricus,1.0296959456328523
senilis,1.0171598730170124
cadmus,1.098477210803424
incredulus,1.0753216693915233
productus,1.1006893046091042
consilior,1.3006053547319192
orichalco,1.180913274766833
aemulus,1.019784984170955
sedile,1.0367878517243754
utpote,1.0276799271218497
luxuries,1.0228442434400142
eloquium,1.1564642881367055
sagax,1.0437644416299188
sortilegus,1.2329417934328415
nuba,1.1800396440950034
tragoedia,1.0220551383637229
pythias,1.136980651450284
emungo,1.147066106995133
simo,1.4117333838208534
fictus,1.033569602934987
inno,1.1515486300474753
forensis,1.024240869144825
ignominiosus,1.0577826759659386
frico,1.1321596688308586
cicer,1.169035215190782
syllaba,1.0169731155097952
citus,1.07286554175719
trimetrus,1.1009764223327143
ignorao,1.3604722578975221
plautinus,1.0826325060725888
peruncio,1.1300175666738488
faex,1.038417936144154
insterno,1.0495969954773505
intempto,1.5431647337727883
lima,1.262241827584064
pompilus,1.0709874840921114
fortunate,1.07151992029328
helicon,1.0586829817560799
balneum,1.0293453835401836
anticyra,1.1930626755534954
tonsor,1.0864631427126765
cos,1.164837078348223
exsors,1.0970797469340263
socraticus,1.0427397854209988
conuenientia,1.136236812081705
ualde,1.0558484864027509
oblecto,1.019791802734918
uncia,1.1128553602495332
triens,1.1210494657292835
ehus,1.0288615971145885
uerbero,1.1080304192272934
aerugo,1.1333873774549543
lino,1.6581655274029155
cedrus,1.0875555544319506
iucundus,1.0062948851703781
punctum,1.0343958551205974
delectandus,1.8048121393003997
incuria,1.036073122835611
librarius,1.0479043588000316
citharoedus,1.0399287326061963
oberro,1.0432997722269055
pictura,1.014027818709609
poesis,1.264295179771839
absto,1.7960025567844549
argutum,1.2739105536021889
aulus,1.0586638757389317
discors,1.1070359387130835
papauer,1.2230634264347426
membrana,1.0904549212506305
orpheus,1.0370050971262652
amphion,1.1536209768871708
negotiosus,1.0533954157012602
complico,1.1380290678334464
exacuo,1.073318610178732
pierius,1.173039936122341
laudabilis,1.0522195073353062
pythius,1.2732457901163643
scabies,1.029961885086538
fenus,1.0856755698639444
unctus,1.1293169379743262
pulchre,1.042092620759942
pallesco,1.1460376175839813
ros,1.038362279235584
conductum,1.0556760150187596
derisor,1.0800007132534923
uulpes,1.0873216185556107
lembo,1.1349161659714884
sodes,1.0610203093254624
torno,1.0952914108767298
incus,1.0733620770840242
insumo,1.0424925348130982
riualis,1.0481110972214387
incomptus,1.174591046016674
adlino,1.6390617071384093
aristarchus,1.1535840129354866
derisus,1.0528557269229761
uesanus,1.0561715235221296
ructo,1.2141278752485738
uelutor,1.2328120568157603
auceps,1.0936931672469157
deieco,1.0492892543706585
empedocles,1.0830472970613239
insilio,1.0415630259508943
factito,1.034433165114482
mouo,1.2202417439638924
cauea,1.0805373493227874
smaragdus,1.069169133025054
beryllus,1.1344966806746386
margarita,1.0357344464654976
perpolio,1.0455235287127027
anellus,1.1512676338553554
lapillus,1.0397701218523994
debilis,1.0200195331499344
tuber,1.1172482948980762
germanicus,1.1042396147393982
auersor,1.0158365406418695
pagina,1.0826061686656367
nefastus,1.069898270099378
honoror,1.075860287581954
aether,1.0065657817997227
iubar,1.0352497476237137
festum,1.0612846179791458
concolor,1.152266598792076
biformis,1.1507811142630613
mirandus,1.0220777402655918
rigesco,1.0981972895161507
chea,1.0988637121321978
massa,1.0908923979231893
globus,1.0248323009397158
letifer,1.1140598089090303
libum,1.480496777620281
far,1.0728046904818953
clusus,1.4832898852372605
palmes,1.1083291411765366
concentus,1.0279206414063797
hirundo,1.0537874399224214
nascentia,1.1384812216804152
delibo,1.0502432611771186
carica,1.2613970117222626
mellum,1.0700680492522185
sapor,1.0266970851161743
ocior,1.0192719319562575
vernus,1.0543332526217695
tabesco,1.0365517406702895
stipus,1.1913065070685382
stips,1.0962073035463944
martigenus,1.0930779354468811
ulua,1.1452700790865809
stipula,1.077773213148317
suffundo,1.0442718378194575
sitio,1.0189270690946581
clauiger,1.1887410517866952
alloquor,1.03326323262929
caelit,1.07188713340552
rado,1.0266743412803443
contabesco,1.0757316349256076
oebalius,1.0630807400599238
armilla,1.0304504411434394
fontanus,1.2545815904243538
obdo,1.0634142173550871
caesareus,1.0421273161675553
clausus,1.0340703838030063
coronis,1.5047431040969796
exsero,1.0610664766633522
fuco,1.0268876200213393
occiduus,1.0488556511379847
culter,1.0297648984383891
praeuideo,1.1292209364302634
agonia,1.259870258388351
mica,1.0781404992348944
crocio,1.2219976261051517
laurus,1.0115848702568815
porca,1.0621151132596942
sata,1.0443636896034456
caper,1.072923037804622
rodo,1.0537601045543683
fauus,1.0918837964760535
proteus,1.0697893886828873
dae,1.2575634794535273
persus,1.0446755731631487
cerua,1.099375388252686
lyaeus,1.0292810965638148
silenus,1.050801400340659
naco,1.0647836036225404
pecten,1.105313540150424
sura,1.1631107908212697
priapus,1.0559979495889422
irrideo,1.0277079406430194
lotus,1.0998989341141683
taciturnus,1.057612905674146
traco,1.0882703904230844
rudens,1.1817252699154805
silenum,1.1170603148875051
innocuus,1.0269582087807254
anser,1.0354425757988888
cristatus,1.2276328496476812
tithonus,1.1498766864458172
pontificalis,1.0942235886706237
turnus,1.0258224251298984
euander,1.047001767405096
natum,1.0983279208685117
uiriliter,1.0538403276266177
prehendo,1.051070848041683
pulndo,1.0897050085645021
aonium,1.0641413957217334
doco,1.03404540015353
naias,1.1705813808021683
chor,1.075546332615008
euersus,1.1162789459806324
praescius,1.0700740552892753
ausonium,1.0506830134480936
incustodo,1.1838283940163703
tirynthus,1.0686648963038314
mulciber,1.1271171888499267
spelunca,1.0197583926427114
inueniendus,1.0511072633728136
squalidus,1.0300322015219747
praestruo,1.1285790654743002
obex,1.0595938555842126
rapidum,1.14345075322494
aetnaeus,1.0883916805052014
euandr,1.0410226648633345
ruricola,1.1054963487527563
euandri,1.1668115686517926
gratissimus,1.0241090741170857
augusto,1.029656385680737
coreo,1.5595253311078678
auxilias,1.2355996897084347
quernus,1.2981464375751801
titan,1.0397217297494536
ausoniae,1.0692118556395849
scortea,1.187446704663717
adsisto,1.1115698441085933
latia,1.0489418184591877
sacratus,1.1094950444030376
colis,1.617988381340013
capricornus,1.1830734876130056
coronor,1.1513471143675043
praesepe,1.0706819007821167
pagus,1.0351152321319521
utilior,1.0431992856816414
formica,1.0341260914907195
pinguus,1.068334785079114
lolium,1.0909968202374867
auena,1.09435349047761
triticeus,1.106310982077228
sarculum,1.0715316913057662
iampridem,1.034532225045014
iuturnus,1.0525912408621738
actiacus,1.0313748590230707
aeneado,1.2136803752355965
perenno,1.1556117982333425
lamento,1.0328970107137443
bellator,1.0549761446535588
habilis,1.0626150037761395
februum,1.1157655165524811
piamen,1.191114937952351
purgamen,1.9813001776970849
torridus,1.0260128237414978
intonsus,1.0537106662195714
feralis,1.0189088141492224
phocus,1.2156068373653182
ah,1.0501133659677768
flumineus,1.1093885917281026
contermen,1.059152498256496
sacratum,1.128053351388768
prouidus,1.045463524404906
adoperio,1.0802367952619314
hesperias,1.098047644457313
gemmeus,1.0982848529438625
lepor,1.0246572966423164
lea,1.2076530399972243
loquax,1.0260542377384214
accipiter,1.0542208916531626
obstipesco,1.0497962569241421
destringo,1.2153138732047783
abio,1.3715140758025424
nectaris,1.186986320365726
callisto,1.124566621453106
chorum,1.5750525847869548
estus,1.2296372400631865
lycao,1.0837976628721424
deciens,1.1026095172174297
implo,1.2054353895811831
arcto,1.2883809835664233
ueio,1.0777241959617436
gentilis,1.0925760164775822
inhonestus,1.0240882576061854
simia,1.066905706768713
pluuialis,1.2579920494906311
prosilio,1.014220730690171
latratus,1.0387541896044687
fulmineus,1.0426148495974268
cunctandus,1.0782007793896062
coruus,1.02099006097807
crater,1.054245071089148
affor,1.0369035123549508
cratera,1.037813549178287
aerium,1.4379448683762137
peruolo,1.05638546157286
ficus,1.0393638582830727
densissimus,1.053224405915508
longum,1.069896427936226
fatidicus,1.0379212197189749
monimentum,1.0359657713955484
panus,1.2749905803750492
arcades,1.1713195246893062
pan,1.0511897175332892
nectars,1.171701302075331
deteco,1.1177903467517305
umbraculum,1.0575541055793156
hesperus,1.0266634095189326
roscidus,1.0349704722290405
tofus,1.6201793115702703
laqueatus,1.0867312707577121
pumex,1.0430254099030247
teres,1.0342193547496237
relaxo,1.0403445339611657
fungo,1.0558790534657365
fuluo,1.4543642632357623
sponda,1.1067152083812957
haedus,1.0292764869025532
infit,1.2338905516325103
cornipes,1.0877702662924842
pastoralis,1.088878383384619
strido,1.0211379592147765
indolesco,1.3296876831546502
uestalis,1.0898467244541514
linter,1.1032068007743456
circus,1.0747883411085841
limo,1.1056456265876111
rumen,1.6267007806938496
exseco,1.052270521802047
resumo,1.0419532798313123
lucina,1.1071373375065743
aquarius,1.0846837667400684
dio,1.0861197661930235
palaestina,1.5545518168156105
canna,1.0379049104018174
salix,1.0406274275515046
insono,1.047171089087603
armipotens,1.0339954364761061
romulea,1.1303205718188307
intercideo,1.52946030628924
atla,1.0324699844771488
proculus,1.0525460722161402
trabea,1.1640326116428683
neglectus,1.0728866046297176
primitia,1.0559307557004705
cereo,1.1185184997524584
admonio,1.0347866912490875
fornax,1.0640469095502008
styx,1.104908444988985
porrego,1.3740863123452822
spardo,1.0551343192531075
uiola,1.0629782255417257
parentalis,1.138083261009866
castro,1.1264293776411785
uobeus,1.7444009785238797
lucifus,1.1878902881288969
licium,1.5039417341909316
faba,1.0394012055585349
us,1.4114421670763584
nao,1.5243480967654652
naidus,1.1778551755948348
mercurius,1.0130967196909724
manes,1.041491772960324
ko,1.182793908376071
iaso,1.0437163263201128
patella,1.0965758671445864
raster,1.1291738917520013
pisto,1.6543016515194393
transieo,1.1346843593177238
defodio,1.0555762518345884
testum,1.286785290938048
construo,1.0386700093700114
lacto,1.0681510700282209
iudicandus,1.0448714084214419
lesco,1.177904792930275
uomer,1.1372568743944187
lauro,1.0958427096339645
dardanium,1.059632470101153
lanigeo,1.1300396394508012
tarquine,1.1884857284373764
tarquinius,1.013921371551982
recondo,1.0235683070677588
gabinus,1.2427444974060626
altar,1.1958405498985256
intellectus,1.046222261467264
ardea,1.054181213283681
collatia,1.07509503321717
quamprimum,1.1519076607224181
praenuntus,1.1910627640180576
placitus,1.1730589644547502
fatus,1.1526043803898607
collatinus,1.0742539595356533
uagina,1.051037003142859
interimus,1.1566165654149005
tarquinium,1.030640662363468
faxum,1.0487588117703768
praenuntio,1.0553070119489634
gradiue,1.099832886815365
cassis,1.0344182407939535
uentum,1.1153334469681961
picus,1.2224616141284053
amulius,1.0764747954342453
ferinus,1.1065229469472047
romuleus,1.0782154693682653
arctus,1.0999513593963661
cynosurus,1.7698179717600733
sidonius,1.128536932622699
percenseo,1.0513293000205914
maniplus,1.1098787663085974
indocilis,1.057924548634865
adusque,1.1582382909463755
initus,1.0991615438746003
praenosco,1.094927140020824
consummo,1.0320104266342733
elementum,1.0322041455349116
lituus,1.0831273564995778
nata,1.1084709092733824
salium,1.1657343413397414
uallus,1.3193562171885438
lorum,1.0669606658634092
meriio,1.4153055517359772
lapidosus,1.1343332988965258
haustus,1.0228622655074093
repuerasceo,1.1411580840354127
muscus,1.193087534532744
releuo,1.118401287374834
donarium,1.1112087977302145
caedendus,1.2123204918762494
cepa,1.2614356120861374
cynthius,1.0903472012810782
dehisco,1.0266429287994938
ancile,1.466970077325999
impexus,1.1208833438492043
troius,1.0725965311663372
dignissimus,1.033352330543825
croceus,1.0366836831289858
gigantus,1.2578577422220303
pelion,1.031793365021247
caesa,1.1445851626368604
baccus,1.0400182746283626
bacche,1.1116792203012793
turpe,1.106560459687935
inquino,1.0275648673743627
transformo,1.0777717591845504
eio,1.6084842352454367
litteraris,1.1689376363043373
susfero,1.0591628623910296
eiengo,1.1254525700666878
caelius,1.146330007878056
anna,1.1013662029942044
perennus,1.1744161595118994
desuper,1.102975800521535
ebibo,1.0358936831242205
calix,1.0935644200682946
titubo,1.0355140899885156
aenea,1.0413995852828677
maurus,1.0247573096621942
mustum,1.0275605877494942
sororia,1.371701901463247
germana,1.0632094837293082
nago,1.0620022976731898
melitis,1.3312084419285348
bato,1.3555046012393857
perosus,1.0728188221806991
piscosus,1.1140996099937903
abfesco,1.1072973632973633
moderator,1.069810194508846
achates,1.0617129727542531
tartareo,1.0694709899927948
lauinis,1.0542369890720698
exaco,1.0643183324553471
squaleo,1.0236634856241718
exsilio,1.0732802276396967
damma,1.2041729002644452
corniger,1.5584776441642931
numicius,1.5191667717039659
sidon,1.2068813435178027
numicus,1.0746706833650461
defectus,1.1176622672896503
heic,1.1069671325321555
gradiuus,1.6417818461406881
elusus,1.163403245962137
se,1.2216548699398857
sacrilegus,1.0335641907053854
ausus,1.1165096084340678
albo,1.1225086276225764
scorpius,1.1295242748991188
sithonus,1.1430235345904092
scythicus,1.0399442031279869
acte,1.227664110974665
uitisator,1.1502253698317397
gango,1.0709504302577486
heber,1.440258417338026
rhoodopen,1.2306645047976006
floridus,1.0181703780017342
tinnitus,1.1018550292168103
inuens,1.1392113719494557
nixus,1.0362772670921627
crabro,1.1721524422718685
simus,1.2604440384176172
claudico,1.0446408379633918
limus,1.1613681470245316
linio,1.078511155635828
opertus,1.0753521337103715
uinosus,1.1938990317565796
studiosior,1.035094412820223
d,1.391775481805945
commentor,1.0537188063492382
miluus,1.1270902327001233
briareus,1.1022864215330264
exsertus,1.0779678719978947
tela,1.040193664367796
planta,1.0286260548232173
epeus,1.0921304347712877
phoebeo,1.1785567393266543
mereor,1.0555266429437848
capueo,1.3983024558365644
clipeum,1.1214737567690636
hereo,1.109889339298534
ouus,1.171438031467617
sceleratus,1.0510859933521248
delphicus,1.0284861304512143
helles,1.5070732810674796
nitidissimus,1.1826894337149774
clauso,1.2420475775757072
reco,1.338760869362257
obiurgo,1.0149052497093307
myrtus,1.0579817220040464
adoptiuus,1.2177415333503516
iliado,1.148786829075566
nasco,1.0986048153854293
electrum,1.0762377312274405
atlantide,2.3127490701633295
tri,1.741841213652238
anchises,1.0560342418329451
agrippa,1.1257649157737113
remulus,1.0782066691914685
numitor,1.0396863567478196
laousus,1.13176733613246
spuma,1.1106025263846624
cirx,1.079660297179798
telegonus,1.079581444127666
atridus,1.114414789980984
suasor,1.0700318779547953
liuor,1.0594329363021069
decerto,1.028171613035678
dilecta,1.1081508109304523
tritum,1.11764625942063
liquo,1.0876777429392295
efero,1.2447272823317033
rubesco,1.0756135636990065
taco,1.096614070350642
semustus,1.0721588714875938
merope,1.194850748846347
litigiosus,1.038527210709178
scitor,1.1151147582345082
helico,1.105791737877279
alumna,1.0909985229408472
assiduo,1.033872459728823
rhea,1.2529306302681948
fertilitas,1.0489391296149335
resono,1.0095232249931554
uagio,1.0805519638523085
turriger,1.107023447783669
mentiar,1.0615589320868555
dindymum,1.1485024616122257
cybelens,1.1372289685506045
edomo,1.4165644806327808
paean,1.0790717825300546
procer,1.0221679710406733
adytum,1.062340749085906
capax,1.0388328516117862
sigeas,1.1904546872387909
candeo,1.0371898593725406
brons,1.2488509483537518
afra,1.1816749972847955
irroro,1.109636230251084
conamen,1.0343251329633518
influo,1.056563421359839
concelebro,1.0721809344182265
moretus,1.2066413397753837
siquus,1.3780242096114
caseus,1.0341730716313897
magnanimus,1.0425591306174242
orion,1.0732092374766469
eheu,1.051014089935127
pacificus,1.176057221663849
micus,1.210033404050534
docendus,1.0309262842815292
cereor,1.126545026169995
aspergo,1.0240987595239286
uimen,1.038682805944084
laxus,1.0538382093687064
caltha,1.7098761632246726
uiolarius,1.250997757971252
uelociter,1.1548752668855053
ministra,1.4267267023129735
gnao,1.8507874377530844
leontinus,1.0396605211583716
cyane,1.1777369377970277
caminus,1.0791182154057402
himerus,1.2554684987874636
uigilis,1.33808722905219
conticueo,1.4906539236958856
typhoeus,1.0511426275107243
structura,1.0749635329547655
syrtis,1.027620946341139
zanclaeas,1.049030295682424
charybdi,1.0957529587953339
immotus,1.0263837863671168
quus,1.8427384605989432
potis,1.2196787917622107
sco,1.0577439960860762
inuigilo,1.0861518298609767
soporifer,1.0886899374794905
oblito,1.2199730659709194
gusto,1.0182981147858539
ieiunium,1.0463749502920607
mystus,1.2967463424602943
pallor,1.0227941716174949
liquefacio,1.0794007855455703
aliger,1.1618184437082424
libys,1.3477477911704658
hesperius,1.0725193235742172
rhodanus,1.0289869818906878
pas,1.1285799005716217
sempiternus,1.0713996244242507
proserpina,1.0395410885144487
siquidem,1.041021179175079
inferno,1.2188116953272972
tartara,1.0203140656179326
surreco,1.1507167075097136
perplaceo,1.1359994658968575
fecundis,1.1868338338009772
bidens,1.0721816881368653
malua,1.116945713089454
fungus,1.0785133742422155
calfacio,1.1565389866913216
fabulo,1.458150396929554
roseus,1.0143314721474161
fabalis,1.7289368592185146
hocco,1.0282124453104597
satura,1.0851489093349287
balo,1.116595211793628
milium,1.8842685202499823
fiscella,1.1438086503736198
siluicola,1.718468023457396
oua,1.2148546784011076
uetitus,1.096919720135753
semicaper,1.0912342567565634
faunum,1.231024800827785
salax,1.128207266295583
palis,1.1476531865042046
perluo,1.2750878687405256
excoquo,1.1027237326464727
cessatura,1.7561649209919141
numitus,1.048967920639349
nemorosus,1.1291944115658388
amoenum,1.1015485036873855
stiua,1.2229079482963772
fundamen,1.0798112269444091
faustulus,1.1303019909484033
accus,1.5363230366736658
uulgar,1.1647228141873451
etrusco,1.2658687854901027
mezentus,1.202175826394775
rutulus,1.0318768785059191
mezenter,1.0677014694977458
hosticus,1.0284299570182254
tyrrhenus,1.1240941935523638
uindemia,1.0619793744321298
mezentius,1.1069622390000797
culmus,1.0342675547966107
nescioqui,1.136263899700689
obscenae,1.1138163296237804
sidis,1.1645878771135085
sidereus,1.0192860508638881
tithonia,1.0627186599262992
praetextus,1.1033546626969122
chaos,1.0577490643230758
lunaris,1.1209167440236472
thema,1.0974742390912713
consedo,1.1279726557722822
fidis,1.066116413558625
thalis,1.0590642441675677
urania,1.136319002365805
seligo,1.0642268526662007
titanidus,1.2560553900044074
pleiada,1.150406535283708
maia,1.1358910966837579
nonacre,1.068957546295836
gnatus,1.0327297940402465
inuentor,1.0379299524774388
pieridus,1.084829300165758
minusue,1.2152753149519604
dictaeus,1.1250899953111235
nutricis,1.2197343009849935
praestes,1.2295340582485452
destruo,1.0373565993690985
fabrico,1.0156061244794912
lo,1.0702014264490782
exosus,1.0526031940326694
hyperio,1.2124245722206082
lampadum,1.143738783978019
hyado,1.1008907408386819
gra,1.0857252427642492
tethyus,1.143435322925164
olympos,1.0714244614607957
oceanum,1.1115068796997611
lepus,1.041637263573364
leaena,1.045045379500693
libyca,1.0402264920333826
confinium,1.0243007758198528
efflo,1.0576522427209094
chlorum,1.085679785209397
flora,1.1103282960978522
charitis,1.5099733730779632
narcissus,1.0326022879813583
tartareus,1.0239741256538073
stygia,1.111014236255258
decerpo,1.0207664928601414
sceo,1.454915416623632
uicius,1.677876300194878
cytisus,1.123982586768034
depasco,1.0499148382778365
licesco,1.0614566436890867
festa,1.1830319427204703
delictus,1.065663447147248
dionens,1.3175709572367067
obliuium,1.1247661851247313
nigresco,1.0737843630413262
subio,1.1019036606939665
liberus,1.024991959992532
sutilis,1.203420490593579
formosa,1.067967622098249
floer,1.0761174781626717
tetricus,1.069987929706837
uersicolor,1.0515322514835144
albesco,1.054364063321109
hebes,1.0208528273736182
naso,1.133568944894475
chiron,1.1164220866263712
echidnus,1.0858059094340673
iustissimus,1.0330797393423805
lucesco,1.0799357132079903
concrepo,1.0728189593834834
stygium,1.0350371959582678
silentum,1.1894550569445075
oriona,1.2644349630419245
exsuscito,1.0365414300776021
spumo,1.0252353009079116
presdo,1.0682271738544244
lubenter,1.0469777884059983
fagus,1.1007677324693168
circumspecto,1.0699318395167545
coarto,1.0590625728305247
praeuenio,1.0602881416163203
giganteus,1.1114255888386404
funerum,1.025458323910346
merio,1.168997501219011
stellans,1.1336365785089813
pauculus,1.0302149932822275
pharia,1.0493891454140527
roboreus,1.1471116739895486
scirpea,1.2176748045227794
tirynthe,1.0452372509112766
stramineus,1.1357087077687242
arcadus,1.1086727130855134
euandrus,1.1741265232585611
alatus,1.2799521502263176
laeo,1.0735034203604064
laete,1.0545346480286861
suffio,1.1541479310081992
abluo,1.0253475209241052
phoeben,1.374173311517647
lynceus,1.0890575628676462
pollux,1.0659086066135675
nausea,1.0485146618922794
hyo,1.492957375490008
praeceptor,1.0245102541304751
mycenus,1.678346784177106
ueter,1.0510492502670346
nemoralis,1.2021771185295407
apollinea,1.2888202257591876
lor,1.118481364928364
adiaceo,1.0688485157837084
nacio,1.0877279518301628
remotior,1.0667380825806272
canities,1.0295490330144883
nenia,1.1152069677037508
exsorbeo,1.2060345086621018
infantia,1.0289562481194514
proseco,1.1998979845949873
lardum,1.0763067749806836
ostrea,1.0705809892993052
pygmaeus,1.1953848776960385
edeo,1.1285521152697182
appositus,1.1952058734668212
madesco,1.131352539937033
bellonum,1.06129354690339
buxus,1.0782645312543582
fidio,1.1606772561796257
sabinum,1.5376798664507814
refulgeo,1.0268646163424406
textus,1.1621116981587933
intonsis,1.5796758584910369
fulcimen,1.5862579656978613
uolubilitas,1.041506902090424
conuexus,1.1429849105724776
immensis,1.0598792143665134
tholus,1.0791865185564367
impatiens,1.0228303999302555
scamnum,1.0712459751373504
furnus,1.1025309716066278
pistor,1.0447532478660582
rubicundus,1.2738115105158516
cybel,1.1743203105871693
molo,1.1080337122693358
cottidianus,1.057149748749798
coctus,1.1978431247674242
rudo,1.0575479726126527
conuolo,1.0685547685067711
exsupero,1.0353858316212896
solidae,1.1205361299289565
tenuere,1.0873751773921168
praetereundus,1.0530211312641695
priam,1.5411628579480798
adro,1.0974642602612437
prouolo,1.1072117181708943
paullatim,1.0431832641161516
callaicus,1.087842843260509
exsulto,1.0800039808420048
auritus,1.1445139521187697
titho,1.1946098915871837
racemifer,1.113553739841699
distinctus,1.0374856672739665
semelis,1.0849462461550121
athama,1.0642136214671902
cas,1.8689099684237707
tumulo,1.1077576769517268
lapsus,1.0620090202189305
palaemon,1.1615258197142948
dendo,1.09974478802933
arcada,1.1724801889250305
instimulo,1.353513551540111
uellico,1.0839424683798728
resigno,1.0834525404235866
lenocinium,1.0288811568947211
didius,1.0924349414760113
ingemino,1.0481184962763754
seruius,1.2324882873981402
concubuio,1.6065675274911795
fenestella,1.2916118140965178
tullium,1.0342650044170074
exstimulo,1.050423958348725
instinctus,1.0634429321920449
abscondite,1.1694229222761638
tanaquil,1.0477052259940458
corusco,1.0567391780581015
flammeus,1.154737912557794
stola,1.0802499410045738
tritonius,1.0685001894705333
uirago,1.0922048035039682
pinso,1.1545290821353908
uindicta,1.0391279885461413
allicio,1.0271646249963724
admisceo,1.0285473545026094
perdoceo,1.0663550037414424
terebro,1.2372684926558732
inuentrix,1.1058622932112914
agenoreus,1.6697661660783363
etruscum,1.206295520406602
summanus,1.1937115541352283
galatea,1.0607382926714846
afflo,1.029962011546329
depromo,1.0313551409136827
glaucus,1.0656723145238272
dictynna,1.4009532070785429
uirbius,1.4088273227528352
clymenus,1.1720051347652332
litigo,1.0306846036366228
luculentus,1.0787906332060047
tullius,1.0277889681197776
pieris,1.0659194420008657
assentio,1.092769369033958
anneo,1.0314990180073789
glossema,1.3009151650156725
galerum,1.10616064935416
antistita,1.152898467764956
eluctor,1.1109681813724084
obiaceo,1.1335965182136285
cicero,1.0133813909644775
proculco,1.1296779829625987
emathium,1.0465073166617889
deo,1.26069199880793
ascer,1.5373238118285635
instita,1.2922562826169774
plax,1.0376661724255254
uenator,1.0470403843962348
frendo,1.0417042029059926
sapientus,1.031287559802936
iudaeus,1.0364834128030402
memphiticus,1.0782348718403536
appio,1.1106501685019379
fertilus,1.1132722882842423
apes,1.1061632749026606
olentia,1.3450693944090826
cultissimus,1.5826230471926324
scena,1.1176791691187962
ludius,1.6228055360973581
timidissimus,1.110339171589237
nouellus,1.0604610509497032
scisco,1.1371814084315728
linea,1.0141959612706297
sollicisco,1.211016098503851
uolatilis,1.2255968416139742
uelocius,1.0362540328274035
indium,1.0364144536967095
pulcherrime,1.127054797925445
euphrates,1.1054702711592668
armenius,1.0408998838068662
rarissimus,1.0613137550235736
mo,1.311993453645945
baia,1.0720219234830162
sulphur,1.0353768860347186
cicada,1.05275722270194
blande,1.016986061160101
tectior,1.1237834515857321
ibidem,1.044004694942607
myrrha,1.1412115664864007
labs,1.0489095532379296
tenerrimus,1.0967477666889234
laetissimus,1.0387449284676342
resido,1.1184413247182616
lacerus,1.1801228150388632
allium,1.068368460554169
continio,1.1263923963013287
amantum,1.0980786913756608
praeteritum,1.1934293869079986
tulo,1.0279183111697874
lusor,1.1137597647731423
peraro,1.4457543609050028
teneraa,1.110842028207092
declamo,1.05165168681455
mireo,1.6406462754669968
mimus,1.0253594273364626
comptus,1.1180952492659866
adonus,1.2467111237272595
mundities,1.108765692084062
rubigo,1.0368223229415539
tonsura,1.1198775539764754
sordes,1.0166072598045561
mollissimus,1.068075725001894
exanimis,1.028812827095504
ferula,1.0384444170450995
perscribo,1.0224920987493906
procurator,1.050013271290909
proteruior,1.3656228391516918
preco,1.3564900953322852
simulator,1.1629861428487949
deprendeo,1.049476450794782
amantus,1.0410890729995905
iuuans,1.3133260287346744
phalar,1.0924776229576623
perillus,1.4917273637265869
fortassis,1.038159175715816
tenero,1.349749265398947
improbitas,1.0201182706624645
palladia,1.2910617690111919
daphno,1.5464904419696082
palliolum,1.0685050891063306
pylas,1.0256626326819702
myrice,2.044500240859671
oleum,1.030185894058685
hirtus,1.133315103612187
hama,1.168253331606427
casso,1.0728673941590645
amycla,1.1941716461732832
peruagus,1.567516417740877
auolo,1.0426442664377027
renideo,1.0633633972429093
secto,1.1999657831412163
infirmo,1.0859108361981844
parus,2.1696515857540937
clarius,1.4388500462601015
liquesco,1.0476481765836132
nireus,1.1390187130822527
adamo,1.027396981768577
homer,1.0301957623068032
hyle,1.1594623403850661
moleo,1.4069012662703098
astruo,1.2141523896863
odrysius,1.069061217415463
uxoria,1.0532497959696152
les,1.067058792102709
obduro,1.1593955160850322
trano,1.0356054303370645
nas,1.0776254135704417
contentum,1.0624107122955122
cedendus,1.182454037333971
calculus,1.042690792494463
distentum,1.0928076633771042
perfungor,1.0377055158685193
caniculus,1.23506139339957
maritalis,1.0430012884881916
amaryllus,1.1000700738959297
castanea,1.0534930471107586
qualiacus,1.1163008566735262
astitero,1.1512058583732423
tunicatus,1.1133143233339835
desio,1.05351004846762
morosus,1.026189421228544
taedeo,1.0228418114449507
combibo,1.1037287024121396
sorbeo,1.0489698881930165
stupor,1.0238612063147445
aonius,1.1121029339200483
conueniendus,1.4326704780772728
tyndar,1.0934443974030361
urtica,1.062458750065069
hymets,1.505342699949054
culpandus,1.3902599198205654
threicios,1.0385682267460468
fluito,1.030693215045654
comprendeo,1.084707189724528
sulcus,1.0267282495772458
leporis,1.0429149274096545
baca,1.152394025349732
fel,1.0506323501673651
blandio,1.0498674682193434
dedecet,1.1559646858265271
maledictum,1.041490285932799
pelasgo,1.8049698053106333
innuo,1.1444812388534407
mene,1.2266909959320182
barbaria,1.0906997089532895
prensis,1.2331117969728917
notissimus,1.0248689868142593
neptunis,1.3301805413195043
tacendus,1.0575139759353587
tantalus,1.7374283243668673
mysterium,1.127832830934207
cista,1.0621415389680071
uesanio,1.1363270065493911
mysticus,1.1605764110433818
coalesco,1.0240288758142473
menda,1.1197242591875005
rauus,1.138849001441107
proximitas,1.134097130515006
peraco,1.0715644051287783
bio,1.23980618569378
belligero,1.0353979084083633
platanus,1.0870946158634072
uico,1.0677660924190984
odoratus,1.0455580620014118
fo,1.0580456407403311
helenis,1.4115299232582508
senecta,1.031481768393302
rosea,1.1003217958762435
harmonia,1.0624144798067225
contero,1.0960731660740815
quisue,1.1231989515427268
prostituo,1.0373197836971562
pentheus,1.087574236989987
idalia,1.1762313603346828
aiacus,1.0605532252805527
tegimen,1.1130922900658473
effodio,1.0366054102975601
mol,1.0387070495645156
insuo,1.184942768643839
admoo,1.139043381535039
elego,1.1429049453487699
laxe,1.1130688805419195
alpe,1.267180088164447
rapo,1.1725391060903945
paphia,1.0806922834527188
grus,1.0411706735841328
amygdalum,1.1069086320937616
tepo,1.1041760972678625
caucasea,1.2631386524711898
laesus,1.0330791668231731
redoleo,1.024913313866116
toxicum,1.0135713015303478
collido,1.0448630139758983
crinitus,1.0845470359737623
mutilus,1.130429784854565
scapula,1.0362122393760893
rictus,1.03618011255228
lacuna,1.061726410605964
distorqueo,1.0476939726367864
cachinnus,1.0298234934598118
inamabilis,1.3163808490198006
incessus,1.0132032385126535
extensus,1.1637303149196672
umbrum,1.211413349607572
canor,1.0948646893357363
niliacus,1.0717211580597479
eutychus,1.1473282647384342
proxuo,1.1106174508675442
uafrus,1.478241615600275
uarronus,1.084692041810632
tessera,1.0357818925899918
reticulum,1.145332470163678
mouendus,1.0552482024782446
facesso,1.0279623355331988
gyrus,1.0526237329872359
contiguus,1.1053514807085147
deuolo,1.1385084936783971
tenuissimus,1.0512609203906778
boo,1.345893021453629
these,1.1117540651691413
aconitum,1.1113024970566794
monendus,1.0755120652347974
comis,1.0580720645200594
aiax,1.1231746638301912
hilar,1.0243793905115737
nemesis,1.0442451238793509
eoe,1.071367331156611
corinna,1.1942790095121814
insidiae,1.0158988515168228
conuenienter,1.095543382717802
compar,1.07491601065407
uafer,1.1488986957904435
sistrum,1.1758007249124276
myricus,1.1906375098006152
impulsa,1.169574881003196
cydonium,1.3646792024330785
cornum,1.2357157240794343
euolo,1.0327484840146726
utrum,1.0480930256326257
praesumo,1.0797712667535517
capa,1.0703829793369684
madefactus,1.1257656711716844
longissimus,1.0306909355410243
uterum,1.038362279235584
phoebeus,1.0868626384489828
tripus,1.120319436173465
ammon,1.226767058895102
gaius,1.1398928132711519
sexagesimus,1.0558163928913011
quantuscumque,1.0642813335691466
felicissimus,1.0199772406411287
n,1.3485150851377337
nt,1.2422200096802618
kai,1.0776483250418365
sectilis,1.197673643309583
uulo,1.2220642954733798
sublineo,1.8642436515192662
perduro,1.0806779435679137
misere,1.0424451196401165
palea,1.0392376701058463
madefacio,1.2904566051575141
as,1.1127261951488494
farina,1.0545944386369965
mellis,1.105647302458292
afficio,1.0174182034070367
frigo,1.048101799442115
cerussa,1.200185365695929
nitrum,1.1786604022905776
cubus,1.2977119583735068
masculus,1.0457310885735358
affundo,1.194070166038881
cremor,1.5220033104982857
toties,1.0901930286767045
tepeo,1.0561661379503804
nodo,1.0650729819850275
mortifer,1.040925651863774
salutar,1.0544032915913912
philomela,1.1183063872089847
helene,1.4493509881713162
vnde,1.19690977669434
assertor,1.0979228276924022
subo,1.1612100349071424
percoqueo,1.1194859172259688
sanabilis,1.0823775691055988
serior,1.5407311844862481
impatieo,1.0518164492646
aggredior,1.0212554383419412
paluster,1.047327847038292
affluo,1.037755710366401
cupidineus,1.1070092040853439
desidiosus,1.0409599466701809
tondeo,1.021331783183861
auctarium,1.234417836780675
dempo,1.379974675977037
flor,1.0499158238306858
riguus,1.121055608239509
adopto,1.0282546672765307
frondosus,1.0545346480286861
dedisco,1.045637497223428
sabbatum,1.175421130516796
tristissimus,1.0334792579619598
cingulum,1.0727593480786557
rebellis,1.082844789038708
cesseo,1.0810998065811885
recanto,1.3298721327404088
deme,1.1005864842739912
petulans,1.031401742804902
dentatus,1.109276145309403
finco,1.1014218051793272
stomachus,1.024211918847955
zoilis,1.0423076270749976
perflo,1.1261679890484477
altissimus,1.0356736424914443
pharetratus,1.08500827213574
gyro,1.0856434640568764
sustento,1.0273972334300725
bipertitus,1.1558044583427312
thersis,1.0614126583518158
agamemno,1.09378393582817
explendus,1.1072816509550238
diffidentia,1.0571878522443827
eryx,1.079737632989695
nubilis,1.0681437254606099
palinurus,1.0424808749444188
trieterica,1.0777759826139635
singultus,1.0342848977114838
deuenio,1.0555731303880598
contagium,1.0611721129810854
nonnumquam,1.024391962476365
recalesco,1.2152443292708368
mercimonium,1.2951338732935826
esurio,1.0309278046442463
fineo,1.320317781926163
effluo,1.0351631963715149
deso,1.6792381199461233
euanidus,1.21645314903016
emorior,1.0355930290925244
refrico,1.0984546277362475
pusillus,1.019354421633634
charybdo,1.136914698409424
tibullus,1.4369672253725214
sirena,1.1433100256101691
medicinus,1.0352489171739334
eruca,1.1443486872933708
ruta,1.6444069027935444
restinguo,1.0328571408343559
fesdo,1.1040920241648062
certissimus,1.0309054430946847
cancer,1.0414820103789295
rapidissimus,1.2301087624452784
scitus,1.1700445395079349
indefessas,1.1976056760795677
determino,1.1212190836689864
cretaeus,1.1366617439284534
incunabulum,1.0380636590824297
pecu,1.2775003986188522
nutrico,1.0603751924066054
cynosura,1.140317229355032
comprendo,1.0637332008624136
dexterius,1.225430604357326
arcturus,1.1238558699026135
consanguineus,1.0473925773117099
deformus,1.1020277917360475
rarior,1.0194927394663547
abscondo,1.0404726687963306
rica,1.4810484384969824
oblitum,1.1599514979615897
effor,1.0443075885395177
armus,1.069905024751877
contigo,1.0974193936634773
haedo,1.2016630682417224
patula,1.0465715538315241
cornus,1.3354735234260469
compago,1.1020933789588994
pernox,1.102785488405356
sonipes,1.0524947008951078
superemineo,1.1451719715311333
sordeo,1.0296486130762033
lupor,1.1252904240808648
insignus,2.0960400507530754
adsurgo,1.062855665146683
gorgono,1.0817355206500052
pierium,1.051017645367394
musaeus,1.0890661875884404
pernicus,1.1950335622959762
boreus,1.0507655326787193
hao,1.6496300498805836
nodum,1.0747430374177698
ulna,1.0314692120517728
poples,1.0314827830605127
pleiades,1.1267829026177132
uetusta,1.3528692764657642
immoueo,1.1441279142680945
illapdo,1.3748244103786147
mercurialis,1.284471916730971
dexterus,1.1061972622942777
interluceo,1.2218616395880113
ambeo,1.1618358223921668
innato,1.0703555956604998
prospecto,1.0790264640101361
instantia,1.2208331990169716
belligeo,1.5060475419074753
fugito,1.0493585591454828
armiger,1.0550428190190009
excidius,1.088035794146304
capricor,1.1021491269964
pernix,1.0336694528208703
eridanus,1.0816325846437358
interiaceo,1.064997732536852
directus,1.1208879119169957
turibulum,1.1352051357678254
nubigenus,1.0840553006468516
nor,1.2109599814529255
lacteus,1.0328673146737484
flagrantia,1.31217518177385
intorqueo,1.048919652301085
nio,1.3227351890965828
hiemes,1.1930766745099468
sider,1.059741971280396
spira,1.3130363808215102
lanificium,1.0835397976324797
palladium,1.0568645260999718
aestifer,1.4069416164902806
saturnium,1.070031468482408
duplus,1.0456308500070988
titanium,1.224250069833238
concludo,1.0280937382439757
imbrifer,1.0922555023363367
solari,1.2228599934079971
subiaceo,1.0844397790426648
defugio,1.051549387336367
sirius,1.0730684520849476
deflexeo,1.295593840691656
argo,1.636879811815394
latonis,1.0265177377497237
cygnum,1.1920240217777291
peculiaris,1.070679235982528
flexilis,1.2235767670581814
uenerandus,1.3299972713884067
exurgo,1.114713557784068
seta,1.2677574817281902
circumroto,1.105139163600187
citatus,1.1617675979522906
duodenus,1.1816972199235094
intono,1.0350853445475081
permoueo,1.020872953488539
putresco,1.0543537266277039
cludo,1.1168205778315468
saeuissimus,1.0758813302203267
poenio,1.0215564698453832
effugeo,1.1389762610993936
belliger,1.1496753615414181
attigero,1.6535330570285633
gleba,1.0216017549621974
glomero,1.0362532647703255
attigeo,1.1799704269191558
concretus,1.0900906016908174
commisceo,1.0519920812859558
inconstantia,1.021147592728953
pestiferus,1.089395089298469
aestuo,1.0167193240542804
autumno,1.0235811713761653
scorpio,1.0666467288883024
sereno,1.1712191929756515
quidue,1.1151306936685625
tonitruum,1.0514716873098708
pharius,1.0317625268330446
tyrium,1.08771963037329
circumpono,1.1368965164399611
adspiro,1.0557499528986907
dissocio,1.0515570327431978
circumfluus,1.1067693076378633
congeries,1.0763614639199968
ardentus,1.1399108588547349
temperies,1.077628182276562
onerosus,1.1042667972173124
fabricator,1.1503267902154437
tepesco,1.1430540618707432
trio,1.1263151138975438
efferuesco,1.0626974558867786
capacius,1.7428530647412181
opifex,1.0226742187252367
ill,1.428844104954858
fragum,1.12913703395935
inaro,1.2238566767536097
tenebrosus,1.0705928080087506
iov,1.0295628694468864
feruor,1.067278114515298
saevus,1.077043747172933
peior,1.0445953734677687
insulto,1.029724448376896
astraeum,1.0276575174044733
omnipotens,1.087173584011412
notabilis,1.069334523266315
caelicola,1.040435631618219
supeo,1.0310336075633149
caesaries,1.0544718155386303
anguipes,1.273506063479251
immedicabilis,1.0826169968873791
silvanus,1.127591858538073
supereus,1.0697369343074443
confremuo,1.0461036647513184
perhorreo,1.203290678278699
olympo,1.0527043775988245
inhospitus,1.0305925465351664
experientia,1.0588276353421096
hortamen,1.5983354736926343
tridens,1.1505911508561462
intremo,1.0619658629559465
exspatio,1.5333799455824841
arbustum,1.0350711677071331
mersus,1.1871169223295042
amans,1.1964894679331115
inspiro,1.0659587898534126
desolo,1.071209587371574
nubilus,1.048218753945921
sollertia,1.0390053322575759
durities,1.0662328154234118
septemfluus,1.3800934144307033
uapor,1.0614349527541944
diluvius,1.2622427772384226
perdomeo,1.2177747679184319
decentia,1.2027067830441531
daphnes,1.0435744087524517
peneia,1.1421846728919025
delius,1.1241464650782704
gestamen,1.1175170219823698
pestifer,1.030710438295416
faco,1.309151268581445
adsero,1.1086213578503978
apollineus,1.0701986957739273
innuptus,1.0566395465798089
sentis,1.0991577272669502
locuio,1.2435130730253787
expallesco,1.08790188531352
torpor,1.0448775904637042
adspergo,1.26447584619945
cautes,1.0398137494865145
recondio,1.068419828246257
vagus,1.0523972544308384
addico,1.0224485416751352
pascor,1.0399604476712674
arboreus,1.0806118179550968
inachida,1.114960393397781
lambo,1.0450035248249454
iuvenca,1.1469786692880641
tune,1.2246034907282937
levus,1.027425294460083
suspirium,1.0204356998151234
remugio,1.173745545428202
praecludo,1.0638695233492161
stello,1.1260270997413466
somnifer,1.1263125430409389
dulcedo,1.0144896548421318
luctisonus,2.474611625790204
liniger,1.24833364819677
reprimo,1.0415543612734748
phaethons,1.0696387240828573
coruscus,1.078696510069194
grado,1.5057104435026158
aethiopus,1.0675760513264765
perquiro,1.072535161880915
requievo,1.8289316318467002
castalius,1.137285552544736
compages,1.0563075107867648
urnus,1.3669771990617297
squamosus,1.1925546933570292
nexus,1.0467094553637226
lancea,1.0535135546522665
praestans,1.0469138280017045
leto,1.238451973418322
molaris,1.1424798459806909
curvamen,1.0740116844718872
labefacio,1.1424126311064529
circumfluo,1.1331019341639579
halitus,1.0568219856457493
inhio,1.0326618419773819
utut,1.1484112673595972
impeo,1.0560918093728782
proturbo,1.0781575432847978
retardo,1.0451943390406802
ima,1.7845958714107635
flagello,1.0551205168961129
robora,1.1042532784915002
perempo,1.1041516079292821
presdeo,1.1247701816449953
conus,1.4698663321099936
obitus,1.059218096618993
infeco,1.23936189898795
crocalis,1.3262413758266867
rana,1.0483454295270933
pseca,1.4840713611794152
nuda,1.1190557390905476
purpurea,1.0781813781444516
melampus,1.1266026702093612
pamphagus,1.5183242737621885
ualens,1.1581460237866614
agre,2.091178287823546
napus,1.1681840260602576
harpyia,1.0467534713621744
alces,1.5264475908514405
uillum,1.0349328680996677
tho,1.4939734703576488
cyprius,1.0583154121592486
melanchaes,1.5867365400566138
compendium,1.0387451857192052
anticipo,1.0470939693730985
hortatus,1.0496604961038183
certatim,1.0179286495627489
violentus,1.5876610506060562
ioua,1.0332958152273828
uenere,1.1162153727031539
typhoea,1.184834650709564
saevitia,1.053805642225248
femur,1.0520668894475482
genetiuus,1.1637935226432514
implicsco,1.5796470042361903
resonabilis,1.1832059835868163
echo,1.0790064084836581
nymphaa,1.16596960970648
deludo,1.034996394493325
breuissimus,1.0327400925139034
circumlino,1.61292337131158
repuldo,1.1922327431204642
orto,1.2050488865597946
despectus,1.0361681454996778
rhamnusia,1.0409332081524427
pasta,1.088164230841175
inmotus,1.2237489284949445
parium,1.1071132280411402
inexpleo,1.0809270661631984
arrideo,1.0542644154365397
flavae,1.1861710231984406
resonus,1.2223596329981123
adsono,1.2441838657156004
praesagus,1.0677301445289733
bacchicus,1.0748851578446963
semeleia,1.1246057445250666
mauortia,1.0566357533677508
venior,1.1317587089387753
pentheum,1.3021892362331955
moderamen,1.112162500778908
spumeus,1.0535431927681034
confabulor,1.1077314194262702
linus,1.08075646954254
addisco,1.0943658398919751
regimen,1.0985325216637685
antemna,1.078360589059984
hortator,1.0675665408578678
excusdo,1.0551852849303216
senso,1.0297477067739549
lynx,1.1202813588102747
resilio,1.06811285217921
pavidus,1.048702893050059
foetidus,1.0849009239613034
penthea,1.0883082288976527
uomitus,1.0694124999880483
avulsus,1.520934817581733
adsimilo,1.4277861982160773
fraxineus,1.437256635629165
aerata,1.5201450375655015
exsaturo,1.319576419613764
reuincio,1.0935092519846445
strato,1.1558019103519306
calcitro,1.324371371780683
ardesco,1.0754698028416216
ganx,1.330156285206826
limbus,1.140308006297339
dissimulator,1.174727899985079
exhalo,1.0671248304990362
acerbo,1.0301203635663454
penetrabilis,1.0657670895969715
metio,1.2731395077945307
phorba,1.1097940428171114
phorbo,1.2157448709227021
infligo,1.073614639315368
moribundus,1.036246864338953
caestus,1.1314804189033636
adhibendus,1.0280187098589506
adstans,1.0498563654536937
repagulum,1.1311311853916124
cinyphius,1.1989104540401305
marmaridus,1.0962843776161961
corythus,1.0775124624911419
ditissimus,1.070466094984602
singulto,1.1483758941774662
celadon,1.1126771202719044
astreus,1.2459922596039017
palaestinus,1.6964387479943714
aue,1.708108334844381
cadentum,1.1901648545445311
percusdo,1.066993508321323
dissilio,1.0486528793642185
confodio,1.015789981631615
amatorius,1.056662905380604
plenissimus,1.0389151282226574
ementior,1.1154019623694802
concerno,1.24607230839926
astyago,1.0648993090589094
etiamnum,1.0525154337039246
socerius,1.1932329760769007
induresco,1.1650446387526203
submisdo,1.6271673018165906
acrisionea,1.555470053345344
opsonium,1.156213237792311
detrecto,1.0169888352709033
tritonia,1.0898729197382624
praepeo,1.2629307022277036
uetitum,1.0706259427762044
pyreneus,1.540522086745602
threicio,1.1560379656805089
uictae,1.1850919234379866
novio,1.1451778340602232
parituro,1.125689532154773
turpius,1.1595775783145403
feles,1.1662879077792843
ibis,1.2619029871823386
aonis,1.1891026667819584
praetempto,1.0732230365699065
subiungo,1.1861700168332587
ausonius,1.0237047726409467
pelorus,1.127142631792094
lilybaeus,1.0676313512652194
sicula,1.0576495090349163
molio,1.1592766295410866
cayster,1.5192025380506575
uirgineum,1.4459208269212738
uocandus,1.0783895622335957
exhortor,1.0533897938472958
ferrugo,1.0761731833308648
invo,1.0581731009389659
contortum,1.6453858197166014
tergus,1.0487403900561414
pruinosus,1.0518024038738831
polenta,1.080478477650735
nocor,1.2614606514232172
sicania,1.0622525009497277
lacruma,1.1877193229612704
tribulus,1.1563461613482229
cauerno,1.0996881296562608
desuetus,1.189131069446501
interritus,1.1249003479992024
opax,1.0965866899214738
vilus,1.0345231666200294
discidium,1.062224321135206
avernalis,1.5385614832506487
acherons,1.099457591739829
sirenis,1.1439069924292564
deperdo,1.167807951001283
uirginei,1.1652937117735171
eleus,1.2537475561690654
perspicuus,1.0383554671369708
uelocior,1.0614456302243591
cauerna,1.0789978035728343
tritonida,1.1957988706022153
garrulitas,1.0632698577998652
idmon,1.0990463372068153
admirabilis,1.0227457880631248
dumetum,1.100265366660336
era,1.6730996621832188
lanus,1.1083505944532843
dispereo,1.0478552720456962
falleo,1.2801959284234938
infico,1.2659363160059918
mavorta,1.5104289105533661
neutiquus,1.071964592462864
ciconia,1.0681021081518882
ledo,1.4637799184579425
nycteidus,1.167849490314081
danaes,1.1565062201821075
luso,1.1614971926288213
deoidus,1.1953922876850458
iuvencus,1.0962706238279132
aloida,1.8670019963989148
colubris,1.2306972748882523
nexilis,1.0789896151561071
intertextus,1.1871314540994955
aranea,1.0502351089133057
niobe,1.7305117254404228
mantum,1.4214845167192793
thebaides,1.529042409077056
intexo,1.0357917404435752
paritura,1.2233517539817849
postpono,1.0707994384709918
tcio,1.4095771709410212
amphio,1.0974824233031435
avitus,1.0694666950545213
incuruo,1.0913533687368657
aduolo,1.0402764146944639
adleuo,1.1963992817275448
pium,1.5599577384000267
pulmo,1.0472567837202573
neruosus,1.1767808286725407
internodium,1.0724103878966524
exitiabilis,1.0475295834167657
eiaculor,1.5519623648652898
profectura,1.27228776493078
revocabilis,1.217706532947367
subleuo,1.0184114176186974
relanguesco,1.353263103079378
collabor,1.0415568184061585
congelo,1.1690983487752393
divus,1.1932693844389632
erraticus,1.0592955412294716
stagnus,1.1067141863139933
corporeus,1.0599959993990253
pylus,1.3366547572051313
proc,1.8428342001107423
bubo,1.1135994919338255
itys,1.5628602778794447
repeteo,1.1251017655091977
divitus,1.1842640949048007
vinco,1.0194559418957092
lenimen,1.105242690765219
praedator,1.1579248503540989
barbare,1.1018621934058828
incenatus,1.3009948601400065
quandocumque,1.0753324213069597
commoueo,1.0145640097772306
accingo,1.0299565738033547
forceps,1.1034770161134377
palpito,1.0911638523669176
lugo,1.0483498185266529
refringo,1.0917505018135305
terea,1.584434830485505
exaestuo,1.03620980739543
tereo,1.4762092890617617
cervae,1.2116490427214717
resolvo,1.0803869122441156
dilanio,1.0604868581472813
dubium,1.2232170712446782
induro,1.1072096722036338
agitas,1.1928802101182698
ciconus,1.582149188608484
perpedior,1.13798977714829
gesto,1.014372991096342
servano,1.2537181377208495
charybs,1.1447689298278032
sorbo,1.1651511169805828
medea,1.379871846370927
triformis,1.1813591433429225
praefigo,1.133674190273313
pulvereus,1.9147452315731113
insuetum,1.7765020418868736
gravidus,1.2072447858231263
auxilio,1.1691918804756598
achivus,1.0600114030157337
transcribo,1.1002268364803425
sopo,1.271463947939841
triceps,1.1069523790295497
adiutrix,1.0994673186449484
tremesco,1.345152650049698
adscendo,1.0820025760835945
cres,1.1541749265553265
anthedo,1.6616326754566237
contactus,1.036379945574229
scrobis,1.0508950626795681
carchesium,1.0392538282076134
effetus,1.1044752164469034
refluus,1.0884289625161492
squameum,1.5773208679863266
colchis,1.1750156111109087
marceo,1.0395737461716672
sanies,1.0363030628269405
conieco,1.141268702770301
tumulatus,1.106936238271737
rhodon,1.183711793560273
iasonae,1.6381800295370494
peripha,1.4392752809947849
neps,1.0673524642946983
capulum,1.127366821639251
epidaurius,1.1525685108899388
vulcanus,1.0747959839010102
occumbo,1.0431653620583439
curvo,1.3837840120526308
consono,1.0674695437560167
thymus,1.0737717178046238
didyma,1.1555961971683333
iuuis,1.1860395392793748
coniunctior,1.0872431221109238
hes,1.0915879775269932
inexcusabilis,1.1019716940700077
lues,1.0236315076518474
retexo,1.1478135176306183
tabeo,1.091052231770405
fideo,1.0843370285760525
dodonaeus,1.0994730107655484
exercito,1.0258700965682497
egredo,1.100512918872704
partior,1.0333853643177004
pallo,1.0559536844045132
iamdudum,1.0382450079388177
mirabo,1.0879477407915037
amisdo,1.1575756371448316
cornigera,1.6057053920265316
hymettus,1.1360338499466016
nectareus,1.2003573623271795
coitus,1.0470626018917906
retracto,1.056767866356017
fictor,1.1856391457571809
concorditer,1.0830291192743973
indago,1.0426639649855365
copula,1.0909601424596
exuio,1.1027363441760338
apex,1.052390785046947
carior,1.0130442333001715
resonantia,1.2042721285474498
europaeus,1.1081306828366988
straio,1.1720527866162056
niseia,1.2610534113923138
lacrimabilis,1.1470963800163712
argutus,1.350932185156412
mavors,1.0471499127126245
saeclum,1.0286289558664572
inhospita,1.140018447173121
armenia,1.0393335960801577
progeneo,1.12058320605568
diuello,1.032256222667666
prosapia,1.1174481720729472
fabra,2.0733645477146383
refluo,1.108028809302752
pastus,1.0420117169376863
uolatus,1.0476070943885774
perdix,1.1368042288003681
serra,1.0804062537954118
lamentabilis,1.0525958636031003
herbidus,1.0691498510493396
frondeo,1.0493182615052323
creator,1.145058172192091
echionium,1.6647316985561662
uulnificus,1.2808374616276663
conspicus,1.3246843463204734
rubefacio,1.1671101911192245
magniloquus,1.3592654211687651
pirithous,1.0853907586089555
aliquantulum,1.1233492880312312
mavorte,1.3482002838762
althaea,1.1673763122029368
fragmen,1.1008239243090117
convalesco,1.1593158818357434
coaceruo,1.0713264200240251
sceleror,1.0599238762452934
torris,1.1602650739674158
scisdo,1.1145696701708139
presso,1.2892953362030422
latone,1.1001175380162533
inclitus,1.043701262789484
uolvo,1.229488015009571
discumbo,1.0383221791104669
megaer,1.056759079983293
lesbia,1.1651483657784003
duxo,1.0725470237762655
revello,1.1193062938869398
tridentifer,1.5076225753172554
undus,1.104886833701295
duresco,1.40761847645573
tilia,1.1213466306029516
menta,1.4610956186245534
ovum,1.054703762943718
succresco,1.0743973955051997
paritas,1.392085089597366
aufugio,1.0254371391350598
contremo,1.1906076832486416
incanus,1.1433324649016037
incuruus,1.1058482980490734
cratis,1.054412966579744
reiicio,1.0857442138124274
nitentia,1.157233978082159
reiceo,1.0894492770713653
coluber,1.0789393770824316
evello,1.0479653636821495
ablo,1.1337922507375264
uberus,1.0515905156619594
hiemalis,1.175557354296387
clementus,1.123737235210641
perterreo,1.0366630568987658
ela,1.5561559426824048
insomnis,1.0229051718082989
uastator,1.1907171954254963
lacio,1.0908468612987574
praesepium,1.0626799547773016
deiicio,1.094174205525753
indefessus,1.1662420206389579
gradior,1.038357844934823
latito,1.0167684331071103
tuno,1.015648793084306
adstringo,1.0686126882699405
pyra,1.0595427308138683
grator,1.441625447210052
ignauia,1.0213707060382948
laetabilis,1.15047429967313
strenuitas,1.2479922995470256
passa,1.543041255887155
myrtetum,1.1038328369757198
oblectamen,1.2866109216576997
priapio,1.0723020911634868
convello,1.0900386163802165
subcresco,1.2852779235042338
reformo,1.1367111859829875
hebe,1.134835713727189
capaneus,1.123314163298062
subducto,1.1052263085929728
privignus,1.1961073150463473
repetio,1.1106099518161552
iuvenescio,1.2270098417691826
rhadamanthus,1.0934190278139486
minous,1.0835652707108658
insurgo,1.0638183898903488
asides,1.9629948009446871
cyaneus,1.0682533604308055
praestantia,1.028592126445372
caunus,1.1577168629637502
byblus,1.167855343448908
uerumtamen,1.0211598990308206
profor,1.0563037864637959
generosior,1.1370963959584766
obscena,1.423046387814123
crebris,1.143222536369095
norum,1.0511259000427662
meror,1.3460441957655953
subscribo,1.0648797076540741
subuerto,1.0372253833239402
nonnes,1.016620873768847
chimaer,1.135641672266846
aresco,1.0301989885058487
gravied,1.486664541748223
bitumen,1.0727587993287175
favo,1.309146569466822
inculpo,1.2418243606133943
necor,1.0887569141533657
eiulo,1.0678853697705193
prodigiosus,1.0325890688156947
confluo,1.0313786632466917
mareoticus,1.2572695427695455
digeso,1.2915419142949762
fulsero,1.0935458162552512
brevus,1.0276261706193963
orphea,1.151191244938601
stridulum,1.0952420028027963
naiads,1.3019168047305136
inamoenus,1.0926308058004488
uillosus,1.2696435591789537
refugus,1.3146004334513353
abfuo,1.2427348317859286
erebum,1.1245679782770879
aesculus,1.1429672347252642
enoda,1.491337385383304
amico,1.0501440619865576
ornus,1.138438578002192
capistrum,1.1021286371271266
litoreus,1.0932436820327647
cyparissus,1.0792564271765068
concordo,1.0830807877356834
phlegraeus,1.0733059072456077
uictricius,1.5945377544270496
verto,1.2351409531157516
splendesco,1.0716707046228802
repercutio,1.0541390872656586
marcidus,1.0728188221806991
insipiens,1.0456163828284042
persentisco,1.246107662702154
imitabio,1.4862944543778502
nitentus,1.5367087487585445
niveus,1.1069796952305144
simulor,1.2391144784641175
sidonis,1.3845994121656005
mollesco,1.1065763705289997
paphius,1.115626624385514
uenii,1.0412899639609199
amomum,1.0948523286602965
costus,1.2016753762000574
parumnis,1.1019326824152278
concumbo,1.0748352323852008
innecto,1.1014307714669225
laquei,1.1241283879200066
velo,1.2053719078032044
latitantia,1.2446320786008014
erigono,1.699875740551459
letalis,1.0362804674857524
uenerus,1.22652813810279
adonium,1.2766904154254664
aprus,1.0660622188016717
reclinis,1.1325678703333482
intersero,1.168523311172282
superandus,1.1077857643735614
pronepos,1.8259152558550267
indigena,1.0936892459273686
cypria,1.236826843153842
cana,1.1929147309100727
speluncus,1.1387318178220875
excivo,1.2507594704279372
lymphatus,1.0854955349162156
p,1.2469062600473249
um,1.1797205988996682
lacertosus,2.496094332910752
exsterno,1.8697303831566174
phryges,1.080800471353584
orgium,1.0434111149808447
genialiter,1.3398827575753074
altor,1.2617157488856254
resplendeo,1.0477115724707384
fusilis,1.116520085223652
meritus,1.1556761968830278
habitor,1.2656937363866307
demipho,1.104485977579954
dele,1.1904211533348712
tiara,1.23859707302985
maturesco,1.044592576782512
avarus,1.0474516915405927
thetidus,1.0984582956234887
myrteus,1.0952124029951131
obso,1.0647775892494198
fudeo,1.1760805525944205
hesperium,1.0764145009265886
teno,1.2493511864811173
chio,1.9326993380846305
progenitor,1.1651970801621934
amplexor,1.0633528833433814
delamentor,1.0719376757122636
pudice,1.201435201390516
festinus,1.1771924409458985
adpello,1.2601228200219725
defenso,1.44191983520539
infectus,1.088210108438219
thetum,1.0738752938125173
simillo,1.1204566558422477
ualenter,1.2335433597003478
subnecto,1.0574335924874714
refundo,1.0777642124832616
iubeatva,1.0691714496343057
despicor,1.0375792166721007
acherontus,1.3341728831043578
uastior,1.2335098937218854
athon,1.3578628774441137
everto,1.1343504786157708
aeola,1.3895366923406431
exstinco,1.1636487120370305
arcuo,1.108945979486383
cimmerius,1.3759410008818802
igno,1.2174844686917417
mixo,1.1663684216819794
sagacus,1.0817352416641628
lethes,1.055212362448987
ebenus,1.7792757188570574
plumeus,1.1766266617349552
unicolor,1.3798480138816993
sollertior,1.2122436696181775
fallaciter,1.2048337505947968
morpheus,1.0878169570694873
crudelus,1.0484895651414736
uum,1.6074570791394864
egressus,1.0547592624865116
iunctim,1.1965334994399321
mergus,1.5004167522230958
anas,1.2169784331305182
trous,1.1331166276527551
subuolo,1.1281533268192625
indigenus,1.0665906494065613
hiberus,1.0825757809421883
haer,1.0631294447515653
lapidosa,1.3243124115136735
absolvio,1.0814069750593132
ionius,1.130074424852938
iapyga,1.1115197665712664
discendus,1.027575818341487
meo,1.2186030356385773
pinguesco,1.5123788194690777
uorax,1.1244217616406682
supernum,1.9272829657696575
praestantissimus,1.0431547248947222
palor,1.0462176945392967
despecto,1.040308473503231
abstuleo,1.0275598325252768
troiani,1.034013981104111
exturbo,1.0633704740231198
fluidus,1.105975215056574
raresco,1.1352941678015853
spisso,1.278248688511026
excaeco,1.0301070813746487
eripiendus,1.1984967870598588
clavigeo,1.3869204430284523
amar,1.0614839768725126
phaer,1.1925028170268475
tyrus,1.1563732598278056
uesica,1.1069669864559446
sybaer,1.6467167235146491
conterminus,1.187845797128292
aethiopes,1.109624487854408
abstemius,1.1451064716213548
sulphureus,1.049126791565572
spiramentum,1.1999690445302442
hyperboreus,1.2148752634537177
intexor,1.451172652118164
tinea,1.088145175130291
armigeer,1.1452651537647316
casia,1.1678396539279787
substerno,1.1131826142714318
hyaena,1.152943707012992
anhelus,1.0859818999305517
cecropa,1.0584703826740403
pandionius,1.1574164000418892
praesagium,1.0155262073450588
helenus,1.0525942786587799
obliio,1.3030942517172552
pedica,1.1138137415640168
inludo,1.1104279470803209
perdio,1.0312042050610164
latialis,1.4404341320025795
sacrificus,1.1452556159603313
erectus,1.0421309411941846
euomo,1.0389923990482044
accenseo,1.6052401897138504
egeria,1.1327814507383138
frondesco,1.1554340824630616
cipus,1.4104256325102076
adpropero,1.1783447507057194
praesignis,1.4229378840523683
tantillus,1.0654005389611396
loculum,1.2461436669204924
catellus,1.053318831367942
reso,1.738354717193834
phoebeius,1.0641862825318897
aeneada,1.1366133072081168
laeuis,1.49886985399407
evinco,1.1086561558138444
surrentinus,1.1864516979929869
minturnus,1.2228416324947922
uelifer,1.0881942978756194
adverteo,1.1090445760505776
castrum,1.078948397386428
sequestro,1.095666871926048
abunde,1.021667574830995
solanus,1.290919612761419
strictus,1.1270049810063447
diomedeus,1.4326817335558828
insuperabilis,1.0435088514559363
concusdo,1.0838046641825032
pharsalia,1.0643916626666052
barbaries,1.15235698168094
aequavo,1.1765426627096107
ignesco,1.136575269180333
flammifer,1.1649812950589444
indiges,1.3212154048724556
caesarea,1.0671806267577928
aboleo,1.037708532536231
indelebilis,1.286581124732116
bifor,1.256949563459702
tribueo,1.3266228919168532
quatenr,1.7624664505903824
ignifer,1.063504815915309
uulcanium,1.5673980910071355
radior,1.0716116315343707
chrysolithus,1.0875766340438933
recogito,1.17826687790968
ambrosius,1.135221727391823
australis,1.1428406386909893
tutis,1.7095792677384525
tortus,1.2241328738741288
aethon,1.1367264353349407
calueo,1.5636061809785848
formidabilis,1.0439416818886758
mima,1.1354324678476493
caucasus,1.198943611142793
profundus,1.0496000160156251
libye,1.0387377897873646
radium,1.0531047453191518
laceo,1.2517222243527082
trifidus,1.0961241530660146
irrequietus,1.0772061188783126
rexo,1.1841670497496921
amento,1.081686421357761
impensior,1.1806359617069875
trahendus,1.1705421786400048
testatus,1.1237616978020852
horresco,1.029352709481347
uenatrix,1.2223397731505892
uenantum,1.6834189631388472
auens,1.2906909966134126
nigro,1.0878922914255842
erichthonis,1.0547109238468535
cecrope,1.511577741774995
exarso,1.0834044744926332
malleus,1.1498710121366476
chiro,1.1958045810906792
praeuerto,1.0495829436365514
hinnitus,1.1012674488450889
rescindo,1.0267851798683905
battus,1.0700016460861257
rapidis,1.1829294277493043
circumuolo,1.0568644595238155
cylleniter,1.3492435382585677
circino,1.1424840471729452
praestantus,1.0228923868508837
balearicum,1.1708883101250072
incandesco,1.0830922547473523
tabum,1.0451644525812183
uiseo,1.06013732762643
successur,1.3777039668691795
spineus,1.610046360331548
protero,1.0514791997880648
piceus,1.0920781125550458
blandimentum,1.0220762458941113
pacto,1.2282999235955596
uitalis,1.039260394591753
trisulcus,1.2706220469512923
alludo,1.1244308048654783
alcithoes,1.1483093198984857
impietas,1.0214608120146647
bromium,1.0856229510562283
lenaeus,1.619035294360605
iacchus,1.1144586140423831
lycurx,1.1041165835228073
maco,1.4315788036568486
babylonium,1.2347061820545933
uerteo,1.1352203447379658
uulgaris,1.0154077072429104
coctilia,1.113419166225229
ninus,1.1300390305350436
morus,1.099828777147351
tremebundus,1.0700316049731688
pallidior,1.3596009468217862
exhorreo,1.0475250704730479
obstito,1.0767313124991256
formosissimus,1.1444578956857487
ambrosia,1.0433141753707893
inopinus,1.0748821966190947
diffamo,1.2424029779964876
phaethonteus,1.166006966483969
dolenter,1.0711119955529347
demento,1.2198048032076738
daphnido,1.0494219652817627
celmus,1.613636354892707
enutrio,1.1485154343850976
simulatque,1.0401031894061985
applausus,1.4271170004814555
transluceo,1.6645115370882069
deio,1.7736254289175135
polypus,1.0878445361333573
profano,1.0770075175787421
apparentia,1.2493228112670385
tinnulus,1.128388088405247
uiresco,1.0967009513400372
athamantus,1.1451563384136747
taxus,1.1694032781345662
iuger,1.7075855639275286
adspiciens,1.359586954097655
distendo,1.0634793335099755
arrepo,1.1065838152080927
caros,1.1025416948864726
uelutum,1.415624642976417
apposeo,1.4195473819981
danus,1.4376916472621784
atlao,1.2350262085426467
admonitor,1.5125294825407283
talaris,1.2064156584509167
oblior,1.183370894077854
panda,1.4682935982278134
anguicoma,1.346181793905968
munimen,1.076008914526408
clipeius,1.0769973543708344
quaeseo,1.2709168694562392
assumo,1.0362649777644748
neptunum,1.0889493413034979
iphigene,1.111881088774513
inexpectatus,1.0899577444603352
troes,1.0774075610085334
hectorea,1.1485752701790515
fataliter,1.206669111092539
candentia,1.1026045896729926
solamen,1.054522717233157
subiectus,1.0619627708256625
nidor,1.0529114286142836
buco,1.2857490458933005
adito,1.3162019812519141
rapto,1.0892823450751659
cerebrum,1.0217628980298994
funalis,1.0942047483322348
lapitha,1.1624397326028102
perstringo,1.0251888787045524
eradico,1.1985941401167588
comprecor,1.151155463338054
lycida,1.2055444414209016
styge,1.086662361180622
cubitum,1.0404499557890432
dumus,1.041371789957077
pallados,1.7425297670979052
achilla,1.665768875434321
passura,1.1491129711383004
cyllo,1.1807537020448586
mendosus,1.09172471348045
refrigesco,1.0650263301310587
drachma,1.0543354391281674
bifurcus,1.2635066078127337
mopsus,1.0580456407403311
hodes,2.1910487076642293
commoneo,1.0447932607000567
retusus,1.1413173041666356
euoluio,1.2783983932483267
detrusus,1.6246992161413827
illeus,1.0847137820043664
clangor,1.0318779574159775
pylium,1.6427072940277976
deiphobus,1.0802792244703372
elis,1.624736977480004
ruptus,1.077576825093748
tractum,1.2590644229387373
septemplex,1.1207797111355582
laertiter,1.2521192537742958
tergeo,1.0965087850287467
comprendere,1.1525246470305612
iniicio,1.0745326800525186
danea,1.0889354882342999
complero,1.2519772284415238
dementia,1.014835018997138
deuasto,1.1793747812469664
benefago,1.0951238276216217
arcton,1.4682185575815705
ulixus,1.0786390177227039
tros,2.436789248693676
hecubeo,1.3288785018155111
polydor,1.149169090961895
irritamen,1.9379989254912136
achilleos,1.2275985358860693
ore,1.2818026327460792
inemptus,1.1733711336233397
polydorus,1.0725935825372734
obmutesco,1.0388269338591487
sustollo,1.0987315861519034
expilo,1.0355396559919459
consonus,1.1752464907151678
praepes,1.1706205039108561
ascanium,1.0580552492348008
antander,1.486706830362705
anius,1.3224391874588
implero,1.066736047806861
exequia,1.0593249035889103
ausonei,1.0705977951725256
chaonius,1.205139862161703
pachynus,1.0493791685811529
dor,1.611570189188239
praestantis,1.2238590872464539
alma,1.3356645795103077
polyphemps,1.0625038314748885
stolide,1.3322929453467547
compactus,1.0856936258238128
ligustrum,1.0541916790744295
alnus,1.0704789356933548
detritus,1.075635700079673
fallacus,1.180632970726914
immobilis,1.0446582052745315
immitus,1.928459742929752
castaneus,1.2630461266005066
stabulo,1.1029270018587207
disteno,1.104047340561415
fetura,1.1836783044091854
haidus,1.0588186810395386
dignosco,1.081359229846497
peritur,1.0532002071595599
dehiscio,1.5937040712882002
cauum,1.0640445476108933
existo,1.026077581646334
refrigero,1.076838432284121
molum,1.135743612412935
sao,1.340241863529714
udo,1.1447087870227706
charybdim,1.0600955280556164
erycus,1.2119972383838635
sirenus,1.1120022450530556
manis,1.1538134498103456
auernus,1.1243708208585426
atauus,1.0802354041967734
dignor,1.4063685536787545
sibyllum,1.135853645276871
achaemenis,1.1170600173832195
obambulo,1.0357940425662222
protendo,1.0582401132744506
inundo,1.041246276988921
affligo,1.029319869869434
frustum,1.0336458895653815
tremisco,1.701423104413725
ligamen,1.2083165853846494
antiphas,1.0961825218080474
allabor,1.278691183401755
examino,1.0519043568731914
patto,1.4981010784188715
hara,1.0847595093849207
circen,1.1836297860830296
moly,1.606314341625927
conuersus,1.452452342048166
bifidus,1.8085158147966531
laurens,1.3821847844480222
caneo,1.0502193306977092
lauror,1.332845230831808
contractus,1.1795226204314564
circaea,1.2152048952345633
rarenter,1.7768011869052804
coena,1.066156385722369
peruideo,1.1291482810306674
erebus,1.110066466830368
attonio,1.1439231374277394
attigo,1.1122583519403444
desuetudo,1.11102358012392
prorumpo,1.0202826688455768
uenulus,1.2387876650618825
profugius,1.1637172383168164
acmon,1.114779923003633
diomedes,1.1042601104943575
resuscito,1.3599596775566338
oleaster,1.1024059303773615
transtrum,1.061865512353482
antemnus,1.1001559883991006
alcinous,1.195971743579888
binominis,1.200453128193034
capys,1.160832171097692
bibula,1.4276620273850251
irrigo,1.052505595422108
poteo,1.0694164536562105
piscator,1.0280711844799955
infidelis,1.0769271159464617
pernosco,1.0630296150395877
propendo,1.0604061561798819
noricus,1.0816861423972441
paeanus,1.0630708379921685
ecquisnam,1.485991672991446
auertor,1.3720757995671438
clausura,1.2589266747122279
pessum,1.0868526404342327
palatum,1.0462069297954113
secessus,1.0262724694163792
rsum,1.6018227528655236
quoquis,1.1589465348241783
euigilo,1.0707419647839755
quassatus,1.1487968190987734
bacchor,1.0338729694166233
confringo,1.0634093642964
balista,1.0857047969323943
sarmatus,1.1273697760872339
apo,1.16957822388689
capeo,1.121375186506348
proposio,1.100517394602398
relinquendus,1.0330719149681369
comploro,1.1036772233346346
rudor,1.8645040757509903
lamentatio,1.0726116174291613
alloquium,1.087779787500218
orestum,1.3508321153966307
repudium,1.098929931002211
euryalus,1.0392950304223887
deminuo,1.0571164437490486
geticus,1.119359988129346
sarmaticus,1.026148121843444
bellatrix,1.1130216214121984
coo,1.573108323386476
incustodio,1.116704910283364
uultur,1.0680600181269293
ecqui,1.1123840157175842
commoro,1.1742950768083522
penelopes,1.0656187063757439
assimilo,1.2169957356008705
assimulo,1.1426655837466648
heroida,1.1755044752953858
praeposterus,1.0479486717263877
prostro,1.0460639428203133
inoffensus,1.4808557483066631
euryalis,1.0620602488127544
immaduo,1.8484231039667043
coniectura,1.0455007249613215
lampsax,1.789212245916096
turbidior,1.1937675279205089
detono,1.0814580705919967
crudelior,1.5811372015862248
proclino,1.3730636324181575
silesco,1.1741220039611848
eiiciscor,1.2651745084305674
sauromatus,1.0583414488411382
pannonia,1.0336379929309116
sio,1.3278736376351759
arrogo,1.0244371865727855
pallado,1.061000313673112
beneuolens,1.2152989073823333
lesbium,1.0855069126496193
tyndaridos,1.3167881300499316
chimaera,1.0621502133421241
phoebo,1.32638711884946
aristides,1.0374632127961343
milesia,1.085693696081639
sybariticus,1.0836346979277183
catullus,1.0204574232592687
lesbius,1.0610273549530025
caluus,1.0748203589380987
procacus,1.2463036285488034
memmus,1.103238720504181
metella,1.2806734987202972
discolor,1.1141804785767575
incomito,1.1224211390049537
iocor,1.0336220726637373
lucrosa,1.2114610232579903
aeneidus,1.08194521920765
amaryllis,1.2211252753446649
bucolicus,1.0378633047017813
quietior,1.12296589298568
querna,1.1597746898625991
plebeia,1.0790643564168578
reoticentia,1.116038282074861
affirmo,1.0254081838462243
peremptus,1.1283449832875676
titulum,1.275497728127324
nasona,1.1821887452739834
demissior,1.7090575112808364
inglorius,1.1078913243723643
ingrauo,1.2489160245245032
contago,1.5949430963343876
cogniio,1.1608349822739175
pessumdo,1.0914580213357552
mansuetus,1.0341926426373207
doctissimus,1.0234484222675402
croedeo,1.0670038907585755
domitus,1.1515751089184387
iactandus,1.262510446787642
alleuo,1.0830166748336747
go,1.0869260104258553
antiquior,1.0525980429093342
tomus,1.2853916586303589
bes,1.2798318580276853
angustae,1.091786309122588
mihina,1.0080843999190034
pubesco,1.1170499023317992
turgesco,1.1090607050380732
uerbosus,1.1057013702295535
trochus,1.2055545767082698
bubulcus,1.0544221115949743
euxinus,1.077880817354268
cauis,1.135059135028014
infecundus,1.1725801631372996
qualemcus,1.0389534083357583
fossor,1.0791487563962878
obtutus,1.0483191618053578
iliad,1.146323663602441
oblita,1.1591437522182322
inceptus,1.0714424570579157
affectus,1.0207468056670217
propinquior,1.5241370526510487
tauricus,1.1079146629432444
bonitas,1.0204090122784455
cognitus,1.0517224907617364
sphinx,1.144190961287397
istinc,1.0356385443937965
clauos,1.121720295755396
herous,1.078546515761671
bassus,1.1227200834617905
horatius,1.0261492515696329
ausone,1.058487277937881
uergilium,1.050858727871619
suo,1.0887240606412207
commoror,1.0530270135579327
scite,1.0644786456671131
uehementer,1.0228760475168794
sustulo,1.0645306531643
strangulo,1.0350405164068188
rosarium,1.144965258050636
effringo,1.0388165779542642
absentia,1.036901397552284
obustus,1.3355714368277352
loquela,1.1340336578640777
strymona,1.159396076928398
persidus,1.2431838434567373
condoleo,1.1315400954725086
nescioquus,1.052535044787528
gnauus,1.217852204427838
philoctes,1.115498001909959
subeundus,1.0424343676188774
palinur,1.242043531743846
agamemnon,1.048360692922691
uerissimus,1.024449071852664
iunco,1.066086876732917
triste,1.0511434177979715
peruestigo,1.1025135829475539
exodo,1.8969886357404702
mendico,1.0696617063871567
superabilis,1.1831126158926994
persicus,1.0722615883225526
grauate,1.1609366756881387
steteo,1.1318756071432259
caries,1.083089807498872
uexeo,1.23159321492416
commodo,1.025481013900813
naeuus,1.1898592137441757
absinthium,1.1192154212117045
admetus,1.2040150157979634
inassueo,1.2638390743848271
reuereor,1.0398154895123901
uittatus,1.6587524388596884
execror,1.028353744965793
iazygo,1.1329191392329365
odo,1.0213345188786176
elysium,1.0562041705709058
revolubilis,1.5230188301056558
inhorreo,1.0302544696391718
nequid,1.0409293331189085
lavo,1.2077572768112796
caninus,1.0714807766931758
infusus,1.4019254354398545
prometheus,1.0205132877915044
aurifer,1.0845823723144858
cantharis,1.1090844594920661
olivifer,1.939031719409068
milum,2.065961533121486
caeca,1.7287248610659738
redeundus,1.1988436313440016
info,1.0802575225571762
polypho,1.1728635433445342
putealis,1.4503246223343484
detero,1.0625653367618046
contumulo,1.5010276767259068
devotus,1.1200246846871025
praefoco,1.4541758066121027
gigans,1.0351783976839253
althaeus,1.0956254434166408
fissile,1.2312186713665243
rutulum,1.0571729968839727
rhamneo,1.1047124462688467
uivo,1.0412854399918967
tantisper,1.0473354311817653
adsimilis,1.251623706642935
fermento,1.0729559738774366
tabidus,1.18342757180746
salis,1.116946977225014
tityi,1.2088017677084262
geto,1.1713542809211697
pacate,1.2474148650501413
medica,1.0917540540209896
podagra,1.052519659599562
auxilior,1.076529294219875
ualentus,1.7920043476667982
fomentum,1.0494945044716322
smyrna,1.1514405140422186
cynicus,1.0559738226093818
patroclus,1.171134983209085
notior,1.2285727320412432
anxietas,1.0567743896666344
noualis,1.134418742463282
perstiti,1.2760658401032583
inerte,1.7311541935295476
eiuro,1.0701240172105517
marcesco,1.0541154425327246
ges,2.280778627705917
taprobanes,1.1795607677950941
tyndaridus,1.1214272804177803
excusabilis,1.157255051466733
getum,1.3694765348028834
procinctus,1.034826646409154
caspius,1.051941621471547
odrysium,2.141206794495037
nocentus,1.0822225702651873
iucunde,1.0313886811698159
pinifer,1.1008018946907612
umbrius,1.187686531530629
dense,1.2251138310847036
lubens,1.0344356525431055
ossum,1.1088925467411657
hilor,1.0380039299732227
lappa,1.3189930749234555
frugiferus,1.142333290392268
indix,1.1534942305404927
plausus,1.040992693537794
enceladus,1.046094663458277
laruus,1.1928745275258812
drudo,1.0426276787641904
messalinus,1.0913319295010082
probator,1.2229814032242499
supputo,1.1535186575820136
prosto,1.0616445793607865
proiectus,1.1337699545031414
scortor,1.1344944559118626
incomitatus,1.1848951508064591
optor,1.153961537403362
ceo,1.1332629711074689
rasus,1.134337133610172
secura,1.216191602695464
babylon,1.2934073385832696
solet,1.0662785565226178
ingeniose,1.1259547036073307
supplicum,1.071927676449534
ceraunium,1.2728671196033579
stichus,1.26623651758874
strophium,1.1132906828451061
proiicio,1.087916347008489
tristus,1.0549130605509283
beate,1.1089423145245645
cumaeus,1.1480797882255624
nouor,1.1861047744680184
adnueo,1.63590428742401
emollio,1.1018871602473497
homero,1.0858212992978657
loquo,1.0540386872515168
immodicum,1.0635052204077793
obloquor,1.0708506301003895
assuesco,1.0251960203083603
pelta,1.1515432553805487
facetia,1.031245912441422
uertendus,1.1225957543047784
basis,1.0429370998354646
sacrificio,1.087244319906878
maeotes,1.0333904564167626
pulchri,1.0684864435099757
exaro,1.06696955484151
liue,1.098471241303663
terebinthus,1.0875686674055323
latens,1.8930284036358045
frigidior,1.0499458512277737
sepulchrum,1.031901630539811
sauium,1.1792025286072594
saltatio,1.093824654674151
machaera,1.089751936368192
gestito,1.2944081316515785
latenter,1.3326097814220845
consimilis,1.0356347726086554
curandus,1.0265690542212635
tectorium,1.047727275423952
aheneus,1.0882733552831725
honorificus,1.0763390905003665
adlego,1.1843963560284765
dictatura,1.0211620744180616
curator,1.0535523227022436
xv,1.0733497164683774
uii,1.0867935010106007
epulo,1.2390812585925675
titius,1.0998768693962038
nongenti,1.054901718152904
exolesco,1.0614170231460205
unanimiter,1.1195267046087714
continenter,1.046884235076117
sacrosanctus,1.0832027420552812
sacerdotium,1.0702494886127099
vestalis,1.2141073155157038
anniversarius,1.2288075000457765
augustalis,1.1783993753868363
hs,2.141713426552475
patrimonium,1.0263054287720046
frumentatio,1.1557603478382592
xii,1.0878599133030191
manibia,1.2420254177743786
calvisio,1.1907036743136297
fabricium,1.040804895299552
nummarius,1.066353715975892
flaminium,1.2431301402013717
octavia,1.2433540111675867
inscriptio,1.053067728763575
indiligenter,1.0523437193727667
corium,1.026908361926888
xiii,1.1030215577222546
ct,1.0533909843525389
amphitheatrum,1.1595350225590484
biremis,1.5747688798062356
argentea,1.112716896418712
germania,1.045298727165654
gades,1.427062981942276
hadrianus,1.143140356981982
tuscum,1.1627279824001135
cimbris,1.0485159724605766
aethiopius,1.0702947556487352
sabaeus,1.0984345626689869
tigra,1.0531284108379497
narbonensis,1.124475344870077
xxviii,1.1083068101494944
frequentissimus,1.0732734989621808
pannonius,1.1034425425061944
his,1.051550046418784
sarmata,1.0812624280419032
rt,1.1533792470029849
vesto,1.774403524858992
naumachia,1.580931145808372
rum,1.258961911958596
nitulum,1.340870092564161
t,1.0594291230076918
sula,1.7950715291004986
dan,1.2728086968957053
nn,1.3144794111157911
bel,1.7434826263990444
los,1.1908290098877923
ae,1.1400450181856483
un,1.4408767618349922
tt,1.1828802202017012
b,1.0513867510556032
c,1.0827315797313088
v,1.2120244687518873
rnus,2.8397641758298677
pot,1.9722842206362436
tn,1.0591177965987209
xi,1.0549255971693623
emeo,1.151836406047554
mil,1.0036741286686848
st,1.0814101117537265
su,1.3425968146526426
busm,1.5710408561814282
man,1.996323679899325
ndus,1.5313446524384366
utes,2.1652562095443373
pe,1.2996551623967045
egt,2.117236368849452
erio,1.2630601044599066
timus,1.574247123683824
simu,1.4197035424350246
praeso,1.4946027247084483
rec,1.399241481934196
ens,1.1595454408168424
pt,1.1765090004549736
min,1.1495956390342206
ist,1.1975395971002456
rn,1.2744905161183333
l,1.196990731128821
u,1.116978655909225
tata,1.3359421707009047
ips,1.258789806642411
pu,1.516322421833171
on,1.59460656011001
tim,1.5032693020716124
quadra,1.1496302208588218
ginti,1.1564425261254283
pon,1.4441552020336528
ept,1.9892508089638328
fec,1.16180066327805
olus,1.095634673331425
ll,1.3255105227683939
ces,1.2594095871986721
civ,2.6795352550716385
tr,1.6257830345517812
lt,1.3244994507309837
er,1.4094592255929028
sac,1.6346486091489258
iuus,2.2989321483235425
etus,1.4191460871845407
q,1.3857936381021356
ocus,1.8665230162231994
mor,1.6787580652294727
qitulum,1.2458803936061027
mu,2.0415918638190456
nun,1.448152500743402
r,1.1823590384289577
capitulum,1.1831090283307137
ena,1.7608940864759262
fix,1.699643603193996
ue,1.0642336034046918
es,1.3484500538987283
luc,2.2862269714348633
lu,1.518135911998657
cro,2.1170378659341864
princis,1.2926762592278345
mis,1.4472616767592108
ho,1.2552136671309284
stilus,1.0252271563576252
hn,1.0611560044325479
lio,1.3395827760792895
gt,1.0962352380630034
cl,1.5076781229078393
ndo,2.4586082935086515
seno,1.2648436275492467
iuv,1.5205572579821431
tunus,1.2734733905783007
iii,1.1091060886608402
parm,1.5603269678541627
atrimonium,1.1508297398233616
pr,1.2156432145780822
uatim,1.5811482284996956
homis,1.5135142352133404
facetus,1.0276181139233265
dec,1.5765419738912148
ns,1.5082037243531357
d.,1.086471444955391
ulus,1.8877498125157879
fabricio,1.224517238998427
milo,1.137215941153205
dedux,1.6095414252273688
uater,1.598199507638575
cir,1.4132622215872626
arm,1.2942912976559333
qus,1.4679621409414507
ra,1.2103123022906688
ris,1.430721912157347
g,1.287045995518066
rius,1.170465170371406
monium,1.3442112329007267
iv,1.0440333456609452
bia,1.211797032063634
don,1.1783104059615825
x,1.0833944000783169
iu,1.6459004196467182
aequ,1.340897956078065
pies,1.1558681617640676
tis,1.335817506285276
lud,1.5587447922502478
mar,1.9285521825453389
tia,1.3354034725933397
osto,1.6799475304778833
uen,1.2330015974356365
ans,1.4119269217511203
pla,1.603087918259908
suals,1.641178303309362
be,1.4768464149678133
bas,1.3447438042350108
ntc,1.3944972551773276
lx,1.1011096669319045
om,1.2550162038406727
cess,1.5748853653664479
trad,1.4499641337921902
ig,2.7842124557260823
tigientia,1.4617155599303941
cyrenus,1.1943475349253347
nia,1.5284437004824598
amus,1.8222544397940401
gn,1.2733899759533756
im,1.3062364454507127
qu,1.3926744292511488
du,1.5948427269757943
fl,1.9292647304198596
reg,2.190495588513318
nus,1.3081813106440314
tin,1.8917097229831596
marcomannus,1.125304613763297
ta,1.1250171915461114
romans,1.2858325108413362
medio,1.283254052348167
poo,1.6258221067096157
uria,1.3467840356008147
pop,1.5137021346471105
caus,1.267208610351474
habu,1.3621440229748527
cet,2.32048649783179
tm,2.776320510054
edium,1.3802497580665662
rium,2.2108401723608213
am,1.2831797545186436
appo,1.4138500916837577
ded,2.0899294650101083
ton,1.4100843476264922
ch,1.4544143164470755
ticus,1.3024707809576985
lia,1.5038772948018704
aqu,1.9150376633302804
lethe,1.061568201477824
offa,1.0298269069675667
actaeus,1.5690709670709768
falernus,1.0572925843888477
pauperior,1.091948039641037
conuictor,1.1385025447175607
indigus,1.1052579812308174
cimber,1.050056711219909
marius,1.1486270909697247
quinquenna,1.151924823265547
caeles,1.6350989842479144
suillus,1.041537032351113
affinis,1.0348555615723114
iuueo,1.2296966337808715
nimbifer,1.5051598407674969
salutor,1.1173208407056778
sculptilis,1.2695279826032184
sintnus,1.6139166946118753
cimmerium,1.0836557658083201
enarro,1.0375316057482604
degusto,1.0331338770810048
festiuus,1.0515403579904474
licentior,1.0259096170404591
languidior,1.0645755728198834
sagaer,1.115223498826594
pigra,1.482486700029036
pedo,1.100642874227864
imitabilis,1.0907508354600437
permeo,1.0684135005684292
labium,1.173414382768341
ualgus,1.2887838913075307
sauius,1.386971579890502
correptus,1.0683516565669031
maeonium,1.28838226977826
mirifico,1.0327558584764114
adiumentum,1.0340772672654996
niualis,1.0999547488231876
commuto,1.017572042621145
opipaer,1.3472165164353962
siqui,1.1473144557161608
clus,1.5825937866000168
trinacrius,1.2548868488399534
camerinus,1.2320208200539888
cruo,1.2605341945457746
scarus,1.0590641104604102
obnitor,1.043554545969115
nassa,1.2314619541362115
resulto,1.078645467101737
muraena,1.3012220952841873
populatus,1.2757409764368497
sublatus,1.4119011373917725
sublimior,1.0532874865884458
rimor,1.0572083040289535
increpito,1.0505009116079076
uirido,1.0710547618135622
milus,1.6994137670292448
thynnus,1.1852837371090486
cantharus,1.3135075092172168
perca,1.6454652162723695
cognomino,1.05678816876092
nonaginta,1.025533417826533
menelai,1.0654258428834318
sterilitas,1.0347374217218914
clanculus,1.073999583900136
octogesimus,1.0212438135408235
centesimo,1.0582411812688235
hercules,1.0356961474414277
abauus,1.1269227700086166
cod,2.2689181820542337
archon,1.457536767644334
megara,1.1240831975678254
uticus,1.0523867582257076
commigro,1.0689986853849365
myrmidonum,1.1650528100243944
uocito,1.0509828821730365
diligentior,1.0490569926311213
abundantia,1.0381596253985634
carminus,1.089272019606514
perfodio,1.0362080794161093
differentia,1.0219514190395802
assyrium,1.2140741929662033
sardanapalus,1.1147093361568463
seuerissimus,1.0673312786447555
spartum,1.056501744020927
excelsissimus,1.26954738800628
conseruus,1.0779800621554132
hesiodus,1.0318972512473543
perelegans,2.6998995013690825
cupidissimus,1.16080526481407
diligentia,1.0152376268107874
efficacus,1.0528768704059996
fabrica,1.0832765993055549
asylum,1.057426927741932
fidelissimus,1.0673219083370782
miliens,1.0816026699260244
intuleo,1.2272335993024528
epiphanis,1.0654078458527039
uirgula,1.0659455832795401
comparis,1.0505948493273387
adultus,1.0283233641536251
corinthius,1.1429517396084665
exscindo,1.0386705881027347
aemilianus,1.0561051053088852
muralis,1.1279158572292176
obsidionalis,1.2170302537334319
interemo,1.180269015139849
sexcenti,1.103130200958186
praeparatio,1.0720761778372367
manilius,1.1614696926565211
aleo,1.3089484201226402
elegans,1.022403492983125
admirator,1.040344921027942
praecello,1.0314867149148095
dispungo,1.1777911754059982
servio,1.064351822716301
portandus,1.0851122727806612
impluuium,1.2112486638316724
imprudentia,1.0348097321069565
convenientus,1.3749697587584864
sutris,1.4424835468973074
nepe,2.1848360241575135
sora,1.3321420937507245
mur,1.2237014431570026
rufinus,1.102971014726186
cosus,1.1757139600517483
sophus,1.1712707058893836
ualentia,1.2077693621430046
excessus,1.0515732466462535
duodeuiginti,1.0950186853065684
marium,1.0373894406405328
gallina,1.0216193600130652
particula,1.0565079979213943
eminentis,1.1837325060036064
professio,1.0854779069237808
aristophanis,1.1241851822815634
philemo,1.2024206924641365
paucissimus,1.0174627521367232
philosophus,1.0141309166496306
plato,1.0122302287621725
aristotelum,1.0612307119515862
isocras,1.1536034464774292
historicus,1.052462876962482
plastes,2.319159965375472
scalptor,1.2336117484032076
eminentia,1.1196345888624186
imitatio,1.026302854727071
naturaliter,1.060235006781448
conditio,1.05580908408278
argiuus,1.1540234502360018
transcursus,1.0658593083826655
amoenissimus,1.1158132316174183
contumeliosus,1.014448862416396
turpissimus,1.0199612423365585
recusandus,1.1499566055818204
uiolatio,1.071907883938475
tiberium,1.1125172326216595
innocentus,1.1476020030414447
florentus,1.1263859682997968
adorno,1.0260123217741632
agrarius,1.0590424503466225
concupisco,1.0261478707935177
praeruptus,1.1088389725741528
iudicatus,1.170242613832303
consobrinus,1.0642176717992926
cognatio,1.0557479598281023
salutare,1.076505256052497
capitolius,1.0922348809250146
fructuosus,1.0822289229487052
scientus,1.08627081949101
numantia,1.0429063698834249
adclamo,1.665229216937457
quinquagesimus,1.037221535847082
severus,1.043123982116968
moreo,1.0866863624009935
praemunio,1.0770160907740127
opimius,1.0741812586627437
pomponium,1.044966554898561
cocles,1.061108688399392
duodevicesimus,1.0768872306837725
perniciosissimus,1.072900807098538
syracuso,1.056309239945642
repetunda,1.0166794610971344
teutonus,1.138357239409655
celebr,1.1042565491206178
lucilium,1.266927464446895
sullanus,1.2215363025765515
uetustior,1.057088868796527
allobroges,1.0408747627941044
negotior,1.0415211911168953
claritudo,1.0655414849266596
copulatus,1.4749951667869512
bocchus,1.0548162931905152
teuto,1.1822176516627183
fortunatissimus,1.181414962983817
amplius,1.082521436577849
repenso,1.1071333191894148
eloquentus,1.0741882050569878
innocentissimus,1.0598128646119604
malefactus,1.1042356901071575
quaeuis,1.0358389999568431
cultellus,1.0585775732341125
architectus,1.0503246592670974
aedificaio,1.1565110832206444
mardo,1.5140911910303276
pontius,1.1345595913717506
ato,1.1847789257963806
nolanus,1.1987865809370593
exarmo,1.043363810872548
eminentus,1.0978453075586105
adsecutus,1.2214211372662533
mithridas,1.0167789702974306
acerrimus,1.0170842738983537
pertinacissimus,1.0304559473930666
septuagesimus,1.0935591453596913
adsecuo,1.1075791649461022
proscriptio,1.0629061000407494
arundinetum,1.4686866589432561
cimbricus,1.0309213431336681
maris,1.2364391776595112
eiulatus,1.0587453817347348
largitio,1.0246427156487257
delectus,1.0568210536553557
praescribo,1.0763950948530088
ben,1.9577364484478514
iracundia,1.0143319014249195
execratio,1.0438541908087635
creditor,1.02164424451212
quadrans,1.0753574410193876
mithrido,1.0465975381787653
allus,1.4056005637410327
flauior,1.0523855039762058
fimbria,1.1370426049671931
pessime,1.050442241948101
lucilius,1.029281286002832
marianus,1.0532505894285311
ulcisco,1.078187683472541
antus,1.5761069878876088
sertorium,1.0425720879882974
lautus,1.0513230413994867
calpurnia,1.1360133884939718
pertinacus,1.2557811446480773
miliarium,1.3016319649447567
adiiciens,1.946991723563925
erumpor,1.449101244032694
prodido,1.6652417785390945
existimavi,1.2907168136684204
ofella,2.000114328243779
faventia,1.136618620414646
fidentia,1.4670127922358187
histrio,1.0250327906071377
auctoramentum,1.0589733979359595
proscribo,1.0260581910674702
magnificentissimus,1.0898722117410538
magnifice,1.0164620873974077
modestissimus,1.1034474049687313
fidelus,1.1516052251741218
satisfactio,1.095727338845186
impotentia,1.0592945379885457
prudentus,1.0374972156696238
oscus,1.241405999057766
opposuo,1.195889733500434
perquam,1.008560965484058
laudabiliter,1.1258502066090053
gabinius,1.1492766233554499
septennium,1.1306008058114168
honorifico,1.35888735473469
cotscor,1.1039065563717427
mithridaticus,1.0319234640887016
lucullum,1.0682304386042827
interminatus,1.1543611508289626
obiicio,1.0636819456310003
concupio,1.122623171963488
infacetus,1.0749457632548454
uelocitas,1.0635242319009548
patientissimus,1.0629027330762937
favorabilis,1.0440544611424074
sergium,1.144058789012622
catilina,1.0237369425947067
praeniteo,1.2117488068468958
contubernalis,1.048899388792807
commutatio,1.0252252142147416
quarn,1.3459191505856922
supervacaneus,1.0433937891100495
caelium,1.2024121609699328
pollio,1.083980846924647
enumeratio,1.0480112529360741
perfectissimus,1.0429293199295713
pompeium,1.3289238690965455
armene,1.1810287425482706
aggresto,1.045560994178163
immanus,1.161628438502616
adsignandus,1.216846209069141
hereditarius,1.1056424934517046
labienus,1.041864116015109
emino,1.2956605775959948
antiquitas,1.0201788126601972
sommus,2.016411118061953
coniunctissimus,1.0623572299738553
ueneratio,1.0312451517903
excalceo,1.0868624976305965
scalmus,1.2333353377745675
pugio,1.0349567454474704
alteruter,1.0288309339238666
bella,1.234773700107748
pontificatus,1.0769292589124906
quaestura,1.141020636177635
principatus,1.0364619621442037
praefectura,1.0344887205369975
clodius,1.0607810819334558
religiosissimus,1.0616809248509556
indemnatus,1.1232321138618797
conservano,1.296350161019808
invidiosus,1.046425530133979
clodium,1.8378308507545449
honorificentissimus,1.636326786744997
confidentia,1.0352595214789366
fraudulentia,1.2575927958408297
integritas,1.0260029727223219
parthicus,1.0911569685543108
iureiurandum,1.1318543788950635
coercitio,1.0875098025005987
perniciosis,1.229216511131787
petreius,1.0532957524356799
condimentum,1.045809441847772
flagrantis,1.2682765313729791
centiens,1.0399463948224639
saluberrimus,1.0329185684377469
pompeianus,1.0435946617806555
gloriosior,1.3396602192073357
rubico,1.087502823730812
tetrarches,1.1919529681605519
dynastes,1.2112411434050043
uariaio,1.39822740683785
salubriter,1.0353085212995463
pharsalicus,1.045680510665966
effotto,1.2383546193937256
pompeiana,1.05072617978616
indemnis,1.168189801208365
uicto,1.27110424860197
favonius,1.151694713736465
calamitosus,1.0458429509085383
digestio,1.2429013776343898
insidus,1.6029641604491338
breuitas,1.0191311977392186
iulianus,1.0436010883865932
familiarissimus,1.0633282843266592
datus,1.3107955755574032
ineluctabilis,1.0680346569187344
abolo,1.1576136560911208
computo,1.127395306193048
iulia,1.1311067821980365
octavus,1.0665666462069732
atia,1.4655991351006081
auunculus,1.026207875219818
avunculus,1.040785331499229
conseruator,1.118060973890077
temperatus,1.0550788465860774
decreta,1.1579051111152214
dissimillimus,1.0465449179504875
cotidianus,1.0285798295376343
casilinum,1.0415546199184746
scriptura,1.0969062372671075
consentaneus,1.0390522419723767
plancus,1.1348063914135418
pollius,1.0751681334444825
camel,1.2786484988172444
antonium,1.0709916545181293
privignum,1.1629530100110963
pico,1.1451460989530822
incoco,1.2932098377646482
coctum,1.1780831190593657
cicerus,1.1365654135884378
caelestus,1.1960200000883976
ciceron,1.2057810625312007
miserior,1.0245101915681765
prouidentia,1.028225678687933
libertus,1.026932624734257
inuitamentum,1.088853366562501
suffigo,1.0867771683992562
marullus,1.5379469804256896
animaduersio,1.0492992951203677
dictatorius,1.1476629998062056
reverto,1.2591527752864897
crispo,1.1214664852147407
laodicia,1.2577095093519248
deformitas,1.0266834512593555
turpitudo,1.0256831370130453
prosperrimus,1.0803172049166068
aedificatio,1.1296666492722103
columno,1.181203691402346
denoto,1.1174217508468638
tarditas,1.0287952255980235
fulgentis,1.2975059159228228
coruinus,1.0914717256383648
retulio,1.4136429236357853
statius,1.0797923931642304
mena,1.3686733730825706
praedatio,1.1762735835365044
vindico,1.2377089967235106
diuisio,1.0354995818430384
fuluia,1.1225225970249955
perusia,1.0635471544631956
perusinus,1.0647943485706064
eluo,1.0492916825082008
honoratis,1.322970917409417
uenetium,1.5885907004300417
praestiti,1.051756643559705
brundusius,1.6752751956318188
obscurissimus,2.8536514259568886
expostulo,1.0368278334229635
misenus,1.0405472673535088
absurde,1.04388075484978
statium,1.1745423652753824
menum,1.4195786113371232
inimicissimus,1.0530858401102723
aedificandus,1.0627496260755633
exercitatio,1.0246426530702484
avernus,1.048306781714621
lucrinus,1.081464553726444
speciosissimus,1.0605644884063847
auspicatus,1.0609255714993417
promontorium,1.082850520015857
titio,1.4965664246786397
semiplenus,1.4872306972094196
indignissimus,1.120345695352298
amiculum,1.0883287023036048
classicus,1.0376935777385585
emptio,1.033707856861062
silium,1.0838739820359746
exploratissimus,1.8907152056308036
terribilus,1.6365906403672268
antonianus,1.181782705804488
leuca,1.4453430950671506
publicola,1.0371238836163799
fugacissimus,1.0751816384385722
clementissimus,1.0964292431566038
aspis,1.0883303966889546
cibo,1.1304547682078732
timidior,1.0586026876817134
parmendo,1.843770461500454
trebonus,1.0979420118433807
clo,1.1011082215897128
dissimulatio,1.0233693885896484
exsolvito,1.0720922085837588
antistus,1.2463773283933537
praematurus,1.0365584650803785
votum,1.0926866681047194
adleco,1.1849877957081068
emendao,1.2386762658596069
murena,1.1557288992638548
paossurus,1.1035508331645612
puno,1.1609011693280256
comparor,1.5176478452835067
innutrio,1.1465288307592976
celsitudo,1.409224222687655
obiico,1.1733482383078266
lucium,1.218526477134747
pannonicus,1.129478193447899
uitiosissimus,1.2722493658551381
suauitas,1.01856450610973
pulchritudo,1.0185569000619552
pannonis,1.1310840576708585
nium,1.5415791918799875
diligentus,1.0950579236867306
expugnatio,1.0645205214351203
patratio,1.8993924784709233
ostentatio,1.0228645105153045
sumpo,1.4839093826584817
inieceo,1.205476963809284
iniucundus,1.0416844112509906
participo,1.0901942329811967
conuersatio,1.0889630533619428
remotissimus,1.1195080286983259
angulo,1.0621865934619734
aeternitas,1.0505388004312557
astutia,1.0626365410520657
mediocritas,1.0379267418873925
reuiso,1.0854359812898788
exultatio,1.2367218131197857
arminius,1.704835820337392
providus,1.0650091578689909
liberaliter,1.0404395029768454
tiberius,1.0760118129529836
perlustro,1.0663255214675889
infinitus,1.019197380701922
obseruantia,1.0616875761434779
inaudito,1.0985138922863933
praedictum,1.1812033587507864
cavo,1.0948080325782277
felicior,1.0241696531029372
nauicula,1.0427637003072188
respecto,1.0962403953602127
elephao,1.0660030850597495
praeualeo,1.0400409043187084
tumultuarium,1.1932178702291814
exercitium,1.1358437252973927
cattus,1.330364283735287
danubius,1.0912650615340165
peritissimus,1.0395548727585604
eta,2.060525388522001
negotiator,1.0468633315895195
temperamentum,1.0344800455888012
ciuilitas,1.098435713334034
imperatorius,1.0315501360605535
adiutorium,1.0440350998376438
converdo,1.1234125481764818
adhorto,1.620935214535651
tibere,1.135357166977577
prauitas,1.0489513934799417
gubernaculum,1.0398004094816031
suauissimus,1.0591674093011592
imbecillus,1.0250607852547604
publico,1.0544307928793875
praedicatio,1.058849219843224
splendidissimus,1.049411725262706
ciuus,1.4193541509927357
simplicissimus,1.063439089976108
amplis,1.2041677145669043
consummatio,1.086786179434464
versutus,1.2290781029262188
socordia,1.0199916271420186
frequentus,1.992063669225512
uaro,1.497168872888278
atrocissimus,1.132979809286101
marcor,1.2348887613394186
semiustus,1.1950501612588202
gentilicium,1.936180383168823
teutonicus,1.1047596571226284
uacillo,1.0344665231655983
credido,1.0719906201229672
caldus,1.0584462761365423
uiennensis,1.197063753223529
mollo,2.027367232236476
eluceo,1.052964294507629
uindelicum,1.8401172869099336
neapolitanus,1.046759479767798
imbecillitas,1.016984766580239
festinanter,1.053091987533791
confusio,1.0544557109477264
ordinatio,1.14165444469539
sacerdotalis,1.440655289211454
germanix,1.1263778010625023
maturitas,1.0352257289988311
theatralis,1.0554294310102652
antecedo,1.0186212767858975
humilior,1.0469780497515666
strena,1.7727652160828955
seianus,1.1092370547976678
inquilinus,1.0791491728762883
iuventa,1.1910325779457143
exaggero,1.030710501617249
medicamentum,1.0476789249205367
florus,1.2173581411818315
praecipuum,1.085815115190576
silius,1.0554567202574936
foeminus,1.1187055535810853
leuatio,1.1509544010593282
obtestor,1.0197427111094606
agricultura,1.2129191103186228
subtilior,1.0491002878688624
soliti,1.1541312579187712
contemplatio,1.021884255510533
magne,1.0234227006470105
professor,1.0331820396267044
hippocras,1.1535727497129342
chrysippus,1.0356131652843135
serapion,1.1246864868684137
rationalis,1.0464671724349488
apollone,1.148689297820757
empiricus,1.1810508577450054
transfundo,1.0801680809258691
corpusculum,1.0279258057521563
inuisibilis,1.3454521104368031
inculco,1.0323903772388452
ignoraro,1.0988355715289388
concoquo,1.0772832418378882
concoctio,1.0936416932539141
uineus,1.0753087122406588
scrutor,1.0251298076743882
mollities,1.046011637095932
extrinsecus,1.1009874043990104
disputo,1.0154154506995727
improbabilis,1.3253881116500092
disputatio,1.0214997447044594
derogo,1.0564813860917783
ratiocinatio,1.0600688691535367
uenaticus,1.0947315945440956
lippitudo,1.1287493749808255
incomprehensibilis,1.1697996305525111
seneo,1.1044099997419543
remissio,1.0831069384704792
eiusmodi,1.0229268757848518
elinguis,1.0873572064048578
uicinius,1.3006998352612806
hinedius,1.2982248897080189
cruditas,1.0643622213309476
stultior,1.0123318619703248
saeptum,1.7667366844348995
latrocinor,1.0199954098669621
quodammodo,1.0378895004943476
aptior,1.0740853938430994
ulcus,1.0603167548872725
exspiravo,1.1918241786095
inveno,1.0616987961894255
fatigatio,1.072497520956167
luxus,1.01482728439054
frugalitas,1.0125414227131295
febricito,1.093992910558151
excerno,1.1112705506563811
profluuium,1.0852077295135962
uehementior,1.01963747756714
obseruatio,1.047309671693214
contemplatrix,1.5318520598931196
euidentia,1.064441095360944
obnoxium,1.0320099187812437
arteria,1.1817743814166628
medicinalis,1.2167208963629963
exterus,1.142796344488345
ualetudinarius,1.2715570366743645
deiectio,1.2822465140494257
inspectio,1.0422832150889008
purgatio,1.058834317756146
inedia,1.1384174891028311
reiecio,1.0606075318412067
repraesento,1.0299197124782586
athleticus,1.0687619065213259
pertimescendus,1.0819897365465978
praecordium,1.1155462874935287
uespertinus,1.0489620180226322
grauedo,1.570411605975818
urina,1.0690937805631222
meridio,1.4732197009710726
lectio,1.0333782354633203
ambulatio,1.0750416439512016
unctio,1.1127976381958544
abstinentia,1.0544547168532967
salsamentum,1.1002935083846703
assa,1.2435290183177463
palmula,1.1221098952606132
inedii,1.4903264605268884
uitandus,1.0521332625607178
sexus,1.0215760016698658
paullulum,1.0250624762556013
perfrico,1.2262649307728746
contritus,1.189163603542481
inhorresco,1.0828839286267529
frigeo,1.044107091136549
calefacio,1.082120239509464
frictio,1.122593951546747
insudo,1.891227789744891
pituita,1.4490933587775776
ambulandum,1.2695970570124753
acetum,1.0527956708484902
frequentis,1.054184790176132
salsus,1.020110455313511
eiciendus,1.2255481384684286
subtilus,1.0619590065174467
ructus,1.1292033797186727
similiter,1.03184349687425
mell,1.098674384596046
continuaro,1.1874706577775143
inedium,1.047599310068232
aloe,1.109390572397697
carnosus,1.4644453448660228
frigidissimus,1.0773859743195384
aestuosus,1.0713756095417806
figularis,1.3886771912976907
compretto,1.1737803636636364
lauatio,1.0872045122197311
dilutior,1.096457332301438
elixus,1.290032712907635
prando,1.0457316100207437
caldarium,1.538143111019186
nove,1.049099435049375
canalis,1.038759784954665
adtingo,1.2021866804131365
fovo,1.2009130171368232
agitatio,1.0869476290016984
oportunus,1.1892523649350792
legumen,1.0718398142381196
decoquo,1.1279211652619545
offensa,1.042084529812383
concoco,1.220026383994379
acesco,1.1200409103077553
exerco,1.0947117366894925
coxa,1.0569688612426977
uulvae,1.9610428775213167
struma,1.187876326510903
peregrinor,1.0287163732355935
hippocrao,1.1294340165770262
recentior,1.0658452240113916
praesagio,1.0261032486205093
aequalitas,1.0455179254130371
septentrionalis,1.0999432104343845
subsolanus,1.3200710533239837
promptior,1.0443398962956507
obesus,1.1930756563929457
profusio,1.089674008702991
apostema,1.1313993848428017
comitialis,1.1874562857932738
auricula,1.0231771617258971
tenuior,1.0439210256564695
lippus,1.0663327055036347
mobiliter,1.1803034741574767
alui,1.0968854398750154
resolutio,1.2178674984189777
pluvia,1.0757244616349544
abortus,1.0858693690789911
durior,1.0244875445181034
febricula,1.1106668589140907
glandula,1.204495711412947
uerruca,1.0650934695254
tuberculum,1.2504498788993976
quadrage,1.0567383793342753
pubertas,1.0733467636967666
lethargus,1.0733630384771735
cholera,1.1220280216487026
ren,1.0758593217101153
dupliciter,1.1207846527228964
stultiloquium,1.2741695505422308
soporo,1.1105898813239077
oscitatio,1.1944386876109248
nubecula,1.1567991915679479
lumbricus,1.1209015414552852
porreco,1.0865727003111494
inflammo,1.029588016061538
quaeue,1.1046160002723153
furfur,1.0667774908968688
phreneticus,1.0639131053484265
lividus,1.2502405882918417
inhaeresco,1.2141119721463418
palpebra,1.1017485904734285
decoloro,1.1662446959384731
deorsum,1.0292688463220845
aridum,1.0749672522686342
devoro,1.1377118093806273
delirium,1.5039064131724622
gravida,1.0921782827079813
accesso,1.0288658244879425
maturior,1.0771010004320676
deterrimus,1.1106474480858277
li,1.1594330136646442
uida,1.3987565342065647
evito,1.1168665244189666
desideo,1.0523633240578687
inuicem,1.0385658479845663
articulum,1.1325667999577411
podagrum,1.4801697131196825
frus,1.638280648694929
prurio,1.0809326375731136
praecesso,1.0941585066158008
uulua,1.1112168936704903
exulcero,1.0804609426480143
bullo,1.162376671843265
frigesco,1.0439303793207253
levamentum,1.1715584438619353
destillo,1.7812694659604817
scabo,1.1540472646329685
excuto,1.0180988915262579
mamma,1.0430741748803218
profluo,1.056080375135667
expectandus,1.0491324336144783
prurigo,1.0585749015544956
opperio,1.869519326772215
coigo,1.0913600420484024
suffudo,1.204747406275492
anginus,1.1776126896679908
maxilla,1.1091470764166516
septum,1.1719962925799345
detractio,1.1106765645826573
uomica,1.1834016112309482
calidior,1.16702170046722
tussio,1.0757410155269678
inualesco,1.0574288605094893
eic,1.0910342809391735
tantulus,1.0935743281044463
conveniens,1.194673520872658
callum,1.107388430583408
gravido,1.187113142447639
lippieo,2.0332072507379326
uarix,1.1022884493457772
sanabilus,1.1023291520223542
mussito,1.069426065281766
obtundo,1.0497785212961448
minutior,1.1210108144045061
mortiferus,1.2978574217891805
araneus,1.1435907359777657
expuo,1.0937924216423247
spuo,1.183966072261296
eus,1.103542050087285
antecessi,1.1798966540018883
discusto,1.4096695515633124
sursum,1.0439112824344416
xxv,1.0863692939797773
xl,1.063007051542031
inuerto,1.0391022450562608
suspendium,1.0249582709224847
gestatio,1.225175920056785
intentio,1.0547301526789783
conceptio,1.1329518069156779
laesero,1.1407217180025626
sate,1.013836389205673
uerisimilis,1.043886145761514
sas,1.0306915687357434
perpurgo,1.193868871662919
eatenus,1.0663081717419833
opportunior,1.1877178094707683
incidendus,1.1371603660827054
penicillum,1.099885522121267
linamentum,1.5092303671915517
confirmandus,1.0348644343194304
liberandus,1.0408709527721045
ductio,1.1999583163436196
lactuca,1.1023056860553984
asininus,1.116159752025055
caprinus,1.1316701542011423
stercus,1.0726259497719333
infudo,1.81613270577232
ualentior,1.0685333989930172
uictito,1.1033656922598352
album,1.428286502223576
tolerabiliter,1.06811285217921
accepio,1.2456092782552992
dilucidior,1.1987868379087
curiosior,1.0600207793494412
interpositum,1.4435911770068495
pertracto,1.0655383042656041
celerus,1.0672124644638155
remiseo,1.8803988900443145
lenissimus,1.1430215098794771
fulmentum,1.8196580188922258
inutiliter,1.1162408457053923
robustior,1.1182263347076202
curiosus,1.0183150498859912
linteum,1.057780741904759
lenticula,1.1702273498496691
saccus,1.0555168146942255
latior,1.035664116543029
ualentissimus,1.0892458531995706
onager,1.0843678656887725
cetus,1.080979161087983
pistorium,1.3686633241701427
adips,1.10170373462054
caulis,1.1181273657099804
cochlea,1.0465454402096332
firmissimus,1.0641000222115413
simila,1.0931916804864117
rapum,1.375739716053668
specialiter,1.146830173364831
beta,1.1748356620250624
porrum,1.087388990790011
asparagus,1.1163879137542383
surculus,1.0509899926393436
grandior,1.0373830261663004
tenerioris,1.330467885359665
sparus,1.1567409682356415
oculatus,1.103977743063461
lutum,1.0302585819336716
siccior,1.5100129209431965
puteo,1.0312388764613614
crassior,1.0421530802969945
garum,1.8067857246703791
rutus,1.1518503241369575
cuminum,1.1623947920506161
pirum,1.0707290494298762
orbiculatus,1.3384439849616263
nucleus,1.1483076693945895
asperum,1.0308043531246818
pectino,1.3396764791228917
betum,1.1109707562251505
echinus,1.1011650263936217
musculus,1.0501579316542957
palumbus,1.23141992405473
posca,1.208609319708024
sebum,1.540963975046202
decoco,1.4096684855640025
spongia,1.1226523939014468
linteolum,1.1461281220436874
tenera,1.247804340372425
lentiscus,1.14211570449122
lolius,1.2576810360453625
adeps,1.2223296208320695
euidenter,1.1020654346622278
compero,1.098638627655162
recentus,1.1280889248335457
subrepo,1.0945454732871256
simplicior,1.0919799508371273
perniciosior,1.039916227604155
cotidie,1.0645012041392239
pluresve,1.042505231411185
servao,1.113709785451156
quamdiu,1.0272335536680222
exinanio,1.196807830676236
recidiuus,1.1681905332734706
septenarius,1.0883082288976527
coniecto,1.065525649483093
integerrimus,1.0183293277255634
moveo,1.124694478804639
confudeo,1.0912361021550872
commodissimus,1.0464421736027523
remissior,1.1478218416252024
vero,1.1260281577914482
antelucanus,1.0981867943445385
motio,1.1871393501236938
solarium,1.0550238441625899
periculosissimus,1.0429348306842559
indulgo,1.0496610214771382
sollicitudo,1.0267737430338548
despumo,1.150701080487339
intritus,1.174230558885116
conchylium,1.0551657076880823
dulciter,1.1052581996691053
fluor,1.22399605454763
meracius,1.620336413706728
perungo,1.1054053010541836
infractus,1.247773065747951
praesentus,1.095744728792466
huiusmodi,1.0522874177223065
xxiiii,1.2482221043398167
mello,1.3743873110712816
petrus,1.4355484521098834
assus,1.1383268080144993
circumspectus,1.3014601113080433
novo,1.4579253564341328
pittacium,1.415693806341285
intingo,1.167142424534817
olfacio,1.0506506410220282
anethum,1.1362231148569504
siccesco,1.1559346597002353
pulmentum,1.05843412311846
admouendus,1.252009741923794
metuio,1.1179046750162283
uehementissimus,1.0559214515828454
nonnullus,1.0370314419162625
foetor,1.094905988876572
invetero,1.3016087388282025
confrico,1.260420365101748
meminor,1.060621075825244
copiosior,1.0635238948118235
sustino,1.210171222200214
refectio,1.0511368321072212
attendo,1.0334608598293509
gallinaceus,1.0367019399491784
sinapi,1.2481221868884358
portio,1.083057994274979
phrenesis,1.1341273361796227
tondo,1.0755846015862056
noviter,1.2342409354126658
obiurgatio,1.0487548782539222
obdormio,1.0513086139147179
occipitium,1.0791921414570662
patibulum,1.0546564901619675
removendo,1.3340541707918814
delectatio,1.0620578284529967
aiacis,1.1747452557413474
oress,1.0431258629521742
hilas,1.1480148979308353
quamnus,1.1053818495962118
peregrinatio,1.0232441832820995
hemina,1.1714520183215333
foeed,1.0763580111710884
comprehenso,1.069183169105548
malagma,1.2224235807478452
epicurus,1.0809556898920636
clibanus,1.1108584301760274
catapotia,1.098755907611647
cinnamomum,1.1665669566184804
balsamum,1.0995997657817767
panax,1.457356982454263
cupresso,1.0671494697333415
quadratus,1.083123230876846
aroma,1.1693251971594762
hydropa,1.349237787371805
paululum,1.097006219187351
semihora,1.112826277034127
inusitatus,1.0313983822555286
adiectum,1.193953493701206
deuito,1.1141152204893092
obtego,1.0288111236984576
pisciculus,1.0582742234097438
incogo,1.663462400304589
quaterve,1.182553719262246
coclear,1.149697499890699
minacium,1.5788560052361218
substans,1.8345078099799352
discuto,1.1114562924131846
natatio,1.1787119921739646
cultior,1.0615687388387864
exhilaro,1.0865658039340338
superimposo,1.3002852111802783
adhibo,1.0460122892548045
aliquandiu,1.1828722973351697
iacior,1.1239523166839753
uentriculus,1.0458328458099933
intrinsecus,1.1660462706668737
gibbus,1.2306054688732047
conuorto,1.3287818829888647
dexterior,1.479121442973404
peruium,1.138209963486434
abdomen,1.1306794394889075
susum,1.1805099382641429
alienatio,1.071678576963059
explicio,1.1526834120226417
aliave,1.1949229994324955
ceruical,1.2384120244221717
manduco,1.104756019779336
brevius,1.0311509664987502
adnecto,1.0706453463550856
subtiliter,1.0809133468111276
indiscretus,1.0848408042319175
vitor,1.2241871814067793
uitao,1.057966577464486
pilleus,1.1290777625556547
taurinus,1.1071051187296719
profico,1.0799945257464367
compreco,1.1884086140629493
angustior,1.0710547618135622
sibilus,1.0498887546515976
frictum,1.6988422868469966
uulpinus,1.1757469176548352
dorsus,1.4571048514878657
pinguissimus,1.1412596972153268
validus,1.2015549756068216
uehementissime,1.0812156014238326
qve,1.1049613489140735
grave,1.03472057415182
resipisco,1.0282022999517437
uulgatissimus,1.0925874719725648
computresco,1.1886934650758392
emolo,1.336700444004788
vetustus,1.3125821233420132
sorbero,1.294154718497396
nucleum,1.4928566788837843
pinum,1.2376566784428316
renitor,1.1483639463949489
ephesia,1.057740261626734
arabicus,1.0967623211263304
turbulentus,1.023678850751168
muria,1.5195421271033482
tinctus,1.2706133862626323
ferrarius,1.0733483430842121
animaduersus,1.0546530426634573
esus,1.3395126143465328
xxx,1.143277147405894
xx,1.0593699870082514
coeliacus,1.6494894336996273
nabigo,1.4861314636740448
ti,1.738542780637834
percolo,1.3987257478192556
confectio,1.1141972752625555
den,1.6476275186098395
dysenteria,1.1284929052563806
desido,1.2152417765436947
butyrum,1.242949904362915
uitellus,1.1483167865230124
contro,1.2174542537131259
acetabulum,1.0846831355958009
sextarius,1.0517903370067887
peluis,1.0912263074188904
contrio,1.1878474791470917
emplastrum,1.282579014014692
alumen,1.318884928083688
selibra,1.0706680303037845
sorbum,1.1006956593050623
unitas,1.0933722824408119
gustus,1.0173133873674187
insuauis,1.0682760791760861
efficax,1.0380683477873378
circumcido,1.089214738027654
adpono,1.231574410008797
hem,1.0325958690172974
parcissimus,1.0545280197756186
arenosus,1.1038965328607153
apium,1.2463089983435751
cinnamus,1.5168400804438371
bu,2.875508225009692
hordeaceus,1.0608312530508701
aliisve,1.0833147908112946
ustio,1.1280939310847502
castratus,1.1241714727723104
uspia,1.111816394471646
quispiam,1.0159716905013532
crebrior,1.0550173424457183
sutorius,1.2094117362104904
combuso,1.2701282875890145
glutino,1.12946655961658
contusa,1.546221634843131
auripigmentum,1.1992684249420031
fuligo,1.1306792108867836
bdellium,1.1169733016392274
coccum,1.1177846123342083
coagulum,1.1695898018268984
salamandra,1.1615300013168037
corallium,1.3848238728444793
ovilli,1.2015623762339365
cruso,1.1255132736001203
resoluio,1.1972568135966433
helenium,1.0630708379921685
amaracus,1.112105440317688
gymnasium,1.0296448216043792
grossus,1.098357761227809
compositio,1.0379399696460445
metallicus,1.233549708464864
laboriose,1.1850558449582376
pastillus,1.104342391891755
andreus,1.6360837591546422
moschi,1.1374560323682315
siquao,1.1178850103791325
uiii,1.124701415294187
struthio,1.28293395578955
xui,1.1212122649967142
lysia,1.0922433427202856
iiii,1.112438523096909
uiscum,1.1040777104867407
andrea,1.3161052352889264
sycomorus,1.6574704601705896
thymiama,1.179100179002771
s.,1.1119088698460386
combustus,1.309778698886636
combustae,1.2919342664422835
xiiii,1.2520235700085374
chamaeleons,1.1380710632351545
iridus,1.364402856775734
cedro,1.1718906879022233
smaragdinus,1.1502603838681504
uul,1.6813034488674672
supercresco,1.3029748325694626
tantundes,1.0318911583805526
reiciendus,1.0722399332365558
exempo,1.2348787630673768
pellicula,1.579234682058508
xxxii,1.1499788335881345
xviii,1.0872167712676226
cc,1.2579056519176872
rubrum,1.3808041152486235
ephesius,1.1452925171999873
leucus,1.345214667101141
xlviii,1.2444803921757706
xxxvii,1.1623235224939648
altrinsecus,1.1565718347879397
xxvii,1.151157201024439
bullio,1.2957408310737775
sutor,1.037256420681107
deliquo,1.715704202782029
foenum,1.2595623818448174
elatus,1.0870826413208678
leoninus,1.2195654835063834
inspergo,1.1386243176537025
ingratium,1.1162872645152901
hera,1.122748258547988
timaeus,1.141920507646794
antidotum,1.0476139630026002
desiderandus,1.1294758362470299
acor,1.2991830515052813
cilicus,1.1404079177834732
iridis,1.3284769627782604
zingiber,1.2932607774326625
mortarium,1.0719154173340362
sil,2.0679330112714274
dictamnum,1.0871997918554706
adtollo,1.1524746906366226
testiculus,1.1350417034674918
retundo,1.0776619616368328
exercitor,1.141883745657161
temperans,1.358808112960799
penetravo,1.7574110527025883
elanguesco,1.045886763658942
punctio,1.2337178838183183
singultio,1.3155155681190627
dicturio,1.0439432408827725
coloro,1.039962446042996
iuvenilis,1.0317955224943534
discindo,1.0495884592675209
bucca,1.0245491693606765
emaneo,1.2689843921543178
deligandus,1.39932387595963
interius,1.1305387904516018
adstrico,1.0892307196893658
specillum,1.1515530562814396
balbutio,1.1170920000010653
uitiatus,1.6196615909492424
tic,1.3452526351441503
lit,1.1089163672877782
neglegendus,1.0823159831698386
derado,1.223633524107429
exanio,1.8896704376991214
magisterium,1.0721664769294499
piscina,1.0503901550966213
vexo,1.1353281250253766
amaritudo,1.0462058207131744
exsugo,1.2160936619988851
psyllus,1.1591154826734607
uenatorius,1.135809275861686
circulator,1.2158602899793443
solaris,1.2267775541718016
cerastes,1.290489758287619
lipara,1.6162171045723415
novissime,1.4368965831472538
carbunculus,1.6516498122191767
crustum,1.084384406317361
nonnunquam,1.066831147863615
splen,1.2795271278833416
exacerbo,1.0995884510421379
utrun,1.091025908816718
adustus,1.1235296847561078
licetne,1.0175502567041792
coctes,1.2523225368651105
repero,1.217770613498215
chirurgicus,1.301187984769076
furunculus,1.2367438752406357
fermentum,1.1094954112635647
planior,1.034726062315154
minutus,1.1098705430112463
generalis,1.1353327347598583
transversus,1.1677017993734986
transcurrito,1.1003994496302687
infusco,1.1549388679183976
aerugino,1.1502696897589058
collyrium,1.1751775054154343
papyrus,1.1269727310637163
utrin,1.0441148886239928
uereo,1.101981899801006
cantio,1.0528972218104629
propino,1.07278980458046
rubicundior,1.3286804378182075
defrico,1.085313593822493
alphus,1.289055013519652
disperdo,1.121679648351907
mela,1.357611695847754
irenaeus,1.1921453152212762
excresco,1.072239247963302
glaber,1.1962582703826894
alopecia,1.695954467286908
nouacula,1.0629823338247433
amarissimus,1.133461804646316
tuor,1.544828500646164
incogitabilis,1.8546028645214407
excipo,1.0215343885866297
adglutino,1.2905655999964307
k,1.2013077093933937
absorbeo,1.0513756161328338
exaresco,1.0571285665264112
furcifer,1.0098023053194294
cinereus,1.259030597193967
adiuvor,1.1472447879911816
libanus,1.2512508805144256
bn,1.4892083712724336
inunguo,1.119327726158733
efficaciter,1.0600880259174505
crasdo,1.1441345463626647
crassa,1.217974478692291
ficulneus,1.0773046860577302
caesarianus,1.035702541071525
insipienter,1.1689062809388306
malitiosus,1.04912698838021
suffusio,1.6127232101016675
egona,1.067462548147973
paralysis,1.2054508063562372
pupilla,1.108980504615658
obcaeco,1.1531881078741106
expresdo,1.0651762390982262
chirurgis,1.2755147951577135
uermis,1.0587896808304864
eneco,1.0771245119874062
emolleo,2.0722656438169906
attondeo,1.12667931111804
pulex,1.0867149400167244
malleo,1.1557975310189894
involutus,1.1165562725269997
ramentum,1.1277842339985362
conuiuo,1.0454796812390503
quadratum,1.0829563443241734
frictus,1.5556644763207679
exsicco,1.0911465365502393
perspecto,1.2821625341142016
uerecundior,1.1601632574934573
explanatio,1.054131536731459
cautela,1.2798568519481692
tuopte,1.1200543697046452
constringo,1.0240421267329967
superfluo,1.0595027846560054
nequis,1.0728342577140184
dionysium,1.1915191236463751
compungo,1.1463715215380053
effio,2.013811542099216
fovor,1.4493973160966385
philoxenus,1.3443198031294357
gorgia,1.0614440185169838
sostror,1.0941226862443219
apollonium,1.1034265039410307
chirurgus,1.0607533154674014
misericors,1.053017694448791
uindicao,1.1294678522526693
hebeo,1.2870432309624078
resolveo,1.2290440684680888
obiceo,1.0805891978926432
opitulo,1.602001095805441
uetere,1.7462460408905875
capularis,1.159218637137938
tamnis,1.087315135475505
uarium,1.1267470331346805
paruulus,1.0678861854338813
eiecio,1.7323906517988152
parvulus,1.0722247203764428
expector,1.0771499609452295
itas,2.319229213534713
averdo,1.2342365770867816
oblocutor,1.26467667902004
incommoditas,1.1047153559120277
animula,1.121587340191572
pulpamentum,1.1145441993428014
perangustus,1.240619841986244
uenusto,1.0420827821842102
quantulus,1.0287812205356732
uenustas,1.0237353184320752
luno,1.1164937821673275
lepidis,1.45281645934907
subtilissimus,1.0822849833779113
caesius,1.1466240363393878
educendus,1.3405741677871934
inunctio,1.3690334448026809
caluaria,1.1081106286632172
primarius,1.0831195248357652
cinaedus,1.1341215095809962
comatus,1.1545757207351477
indecorus,1.0221596883248165
na,1.2895056177357196
enodo,1.08338488552572
prehendeo,1.1716927917901407
molestia,1.0173201112325199
raritas,1.061374854020925
suauis,1.0270780999061029
hariola,1.4550009648135742
quodve,1.0748509325815048
erectior,1.1529174820776793
explano,1.0304780995665992
testiculum,1.7560829377129787
increvo,2.0423195494465163
conexum,1.101963298007513
libera,1.0580014706012186
austus,1.2001735175182875
munero,1.0652684232966767
trigeminus,1.1231998538928414
itis,1.3578270514643576
protraco,1.1985991066597301
generatio,1.339094149629892
triangulus,1.0473553073892379
emolio,1.2080339958869626
amplior,1.0233041606656508
habo,1.1043168048432657
sectio,1.0920842260335937
patentior,1.1726204034721195
retusa,1.2759526818313736
proletarius,1.0633147385047568
prominentia,1.2175472888422303
calculo,1.148112393261036
inquisitio,1.0422515524390776
patina,1.0407601514526286
perna,1.081289396997345
porcinus,1.1009520747170467
adseuero,1.2408614397860454
dimidiatus,1.3258460388320819
defio,1.1698214087740009
replico,1.094198967903932
coerco,1.2281794335557406
moechus,1.03663250340159
subministro,1.051807942856412
rursum,1.1607602899310374
tendentia,1.1536285127474069
scutula,1.1130140898591572
durissimus,1.0271910381751121
pectoralis,1.1795105962304657
introrsum,1.0380817076171645
cariosus,1.170595837262132
necessus,1.0817738128222043
soliditas,1.1387766477567605
modiolus,1.1445204325340599
serro,1.2964585507979256
scalprum,1.203572088821716
adulescentula,1.1241863122010871
circumductum,1.2911946155484244
reniteo,1.4937414933643456
audacius,1.038722355138421
fluxo,1.0929479090678005
rimula,1.2556775699220857
icueo,1.207090350380498
succursum,1.138419806526087
calvaria,1.1505709507103588
solido,1.1333241373384457
propugnaculum,1.025827066627885
mollitus,1.4454003742812507
intumuo,1.1375967880544178
contino,1.2114928660980033
implicatus,1.350939473424632
fragmentum,1.0518543670986547
fractura,1.1685732035133503
addugo,1.1513932591826497
conferueo,1.2640489429350692
laganum,1.1850773578476441
umus,1.8288522832453147
impendeo,1.037409967491155
memino,1.0244803502228035
porrcio,1.0837348651627554
brevis,1.6961909140053297
insio,1.0574965784813153
bito,1.4593224645348848
paxillus,1.1783315091214341
aliaeue,1.4167841112118562
acutior,1.0795643550289278
depresdo,1.192138877239486
obtudo,1.2359824582186287
obuoluo,1.0623508393647683
russus,1.2248927237913785
renito,1.3611559316005437
machinamentum,1.0840371590515387
andreas,1.4137987407519017
torcular,1.1004217518512356
prehensus,1.2736248793727198
condideo,1.2918133030802772
strophada,1.4328363919531264
polyphemus,1.0960686548130494
acess,1.0732825620985478
laurentum,1.11813623345227
periio,1.0732442507934241
pallantum,1.1189545336283293
lausus,1.081979409314048
dranx,1.0716113577461104
camilla,1.066596141815981
camers,1.1591934875404024
mineruum,1.1862449118405898
formonsus,1.1944973660095153
illustro,1.0284256701844499
deputo,1.1780100782214742
quiecun,1.1275792025643712
uitans,1.1400641531804643
potito,1.1537395789472091
manica,1.0380475379681866
aantehac,1.171042448189176
praestantior,1.0574413236975493
paruitas,1.9661800754936862
diuinitas,1.037319911970222
claritas,1.0232867471525584
summatim,1.0264648563747774
onen,1.6485611902425144
florentissimus,1.0492385285533734
mono,1.1343584550908827
propitio,1.0432956849206756
pessinuns,1.0490933997510898
oboedientia,1.064116152773323
sorex,1.1541543621857202
discipula,1.1450334769708388
foculus,1.077932065004564
scrupulosus,1.0870489027050951
sublicium,1.0847358036051533
cais,1.745792130103283
sordidior,1.068355262236226
uersao,1.2300817054958217
adseruandus,1.1746975492078997
insutus,1.1615885469134628
parricida,1.0224992028302209
xantippus,1.1704389588396862
exacio,1.221505263610067
cannensis,1.035650754937519
abstergeo,1.0361347416069966
absterreo,1.0486959445986634
extinco,1.0489756597263558
delico,1.1107739247638948
cellarium,1.1331240510706355
succisus,1.6831176752669057
dictio,1.0476795791600813
taeterrimus,1.039789003082203
locrensis,1.0821154933956136
perpendo,1.0533999132276368
dionysius,1.033940826091876
gelo,1.1036615409592818
tametsi,1.0272886529447602
perferendus,1.039510365136249
camillus,1.017259784685917
filiola,1.0715159510566785
concubius,1.0400575387361737
nuptialis,1.0231145163670603
congruens,1.110090117486609
homerix,1.0885587633789073
wt,1.2547486055245922
w,1.2852918069735204
philippensis,1.245829417502605
rapacus,1.1549405375398685
adnoto,1.083394679920629
liguria,1.092505794562586
diuinitus,1.0553112602909922
aeo,1.7352211010594776
puerulus,1.0960650028670318
publus,1.1911207729228515
admonitum,1.3708571468725788
inundatio,1.230337080299636
aruspex,1.2108087884952057
bilibrus,1.3025428800259868
prosperi,1.1796644415731545
taeter,1.0422213808246035
inauspicatus,1.078096990852005
obtrunco,1.0362972378713493
funero,1.1365382345995532
uaesanus,1.250115103441837
genua,1.116981109966796
uinarius,1.0331727503317878
bruttus,1.4170315762463732
carrus,1.2298651124300104
paludamentum,1.0543499498095161
ueteo,1.1199098476502989
adcurro,1.1107808376915653
excandesco,1.0342976502258385
excelsior,1.0777592967988963
coagmento,1.1694565878376966
exquiseo,1.1090045488629958
spurinna,1.1942082818491717
xerxis,1.0648448324558648
regressus,1.1545792962517913
midus,1.0378846849921035
dormiens,1.103824920896965
ditus,1.034073761787038
midao,1.1381831690812185
dulcissimus,1.0559402593613183
adumbro,1.031330668681804
ualitudo,1.0518806144353254
adipiscendus,1.1264910942413795
immortalitas,1.0229880011277905
decium,1.08231779852801
plebeus,1.1760445260693406
negleco,1.1100945245525768
firmitas,1.0381176138638306
caliginosus,1.1511458271724004
uastitas,1.0352912718115235
elegantissimus,1.064902688684401
diuturnior,1.0365855557304766
successio,1.04359018267787
homicidium,1.0319091198507309
cyrus,1.0369601025512338
medor,1.1362472775995767
excellentissimus,1.1413468086307756
syracusae,1.5056139643650523
satyriscus,1.3569963312959912
meritorius,1.1557197436714532
caupo,1.0852367208018836
tusculanus,1.1678929837593475
reatinus,1.0980807756066757
diffudo,1.107543922756919
coriolanus,1.0203799678946628
fabricius,1.0239893751102436
defendendus,1.0441020228321642
oblatus,1.2622287224998383
nominandus,1.1755314083977
ardentissimus,1.1719660827868081
augustior,1.0538190130446503
ptolomaeus,1.0873572768781576
ueridicus,1.1508580013715182
pythicus,1.1398192427708318
uaticinatio,1.5786754991813614
coelum,1.130820123526539
proclamo,1.0495980460973873
paedagogum,1.148063368559454
plo,1.0159494808865952
reuixio,1.737773310975383
inseruio,1.0468320432429599
narratio,1.0474322040331958
scopa,1.1377194474350139
locupletior,1.2995541897902536
opinatio,1.0898011335033047
apollinis,1.0233494760258295
tur,1.5447979183202185
insipientia,1.0972658699770093
pollicitor,1.274350243176955
fraudulentus,1.0976984157413305
sentina,1.0488578805553992
yn,1.8995632317589024
strabo,1.1398019744401493
execo,1.5026472655073764
schola,1.0376685470675
tantopere,1.0182646788881133
comestus,1.183362129965162
inebrio,1.106533748020374
usitatus,1.0233033492701562
relo,1.1466880641267663
ponderosus,1.1779577226958784
centesimus,1.162756106088953
quinquage,1.248597401920837
coniugalis,1.045240376648022
cotidiana,1.175264438099205
caristia,1.3001235864815546
circumspectum,1.1349390447422836
meditatio,1.0438141849267508
alacrior,1.314879333140536
splendidior,1.050552351611469
actuosus,1.0770833674391431
nutrimentum,1.1391270611742126
indicendus,1.1041192720395874
administrandus,1.037413688069791
obliuiosus,1.07826279876708
amantissimus,1.0307792103904057
quantopere,1.0207251320014168
politus,1.0682684608065072
unic,1.9007867141285084
abundantus,1.2553834807818132
mirificus,1.0226835072112674
stabilimentum,1.1967534494937955
fastidiosus,1.0282528396868003
pl,1.270364682423519
attentissimus,1.0850150785857826
continentia,1.0214068335785198
exultans,1.0465252030489751
educator,1.1189848336387709
ingenero,1.0487849704053533
uirilitas,1.1094304807289441
stolo,1.1473281862771414
curetus,1.0905771241376316
gesticulatio,1.2034454377904116
atellanus,1.1987640535180488
saecularis,1.1452778189636506
ualesius,1.525027601398895
tiber,1.4351219790930132
eretum,1.1372407628423618
tenacior,1.2122462973567127
furuus,1.4097942846127687
proserpinus,1.1195323075034123
lautitia,1.06552652921761
consessus,1.03196503924363
pera,1.157493457662412
tiburs,1.475244187712096
temulentia,1.1016722653555948
propatulus,1.0708826871641328
puls,1.0451342422983314
libamentum,1.6357224628981348
sufflo,1.2784965921040268
benefacio,1.0854265010678799
delicatior,1.0651318773353622
tenacus,1.0996745065669917
anapaestus,1.1300705427872393
modulus,1.0476027770201484
cohortatio,1.0543664487406776
facinorosus,1.0666624620391434
honestas,1.0309093705487418
periclis,1.1206278908714722
aestimator,1.158790041786217
manumissio,1.1704233631271088
submouendus,1.1391801213625063
planctus,1.0575884381737295
praebueo,1.2363346689879422
facundis,1.3809412964696361
nequicqua,1.174527235596685
sinceritas,1.046186770961816
fastido,1.835934343622254
quasni,1.0795783875011695
palliatus,1.0881358592478683
philosophia,1.0240131251682303
cimbrus,1.0943687666726505
pero,1.2711279397248998
amissio,1.0735060305474022
uitupero,1.0247278920414782
insolentissimus,2.0488837561953757
uacuefacio,1.1384034302706512
pecuniola,1.2979671683598097
messana,1.0306676345164592
fuluis,1.2498891638157685
copulo,1.030608880088969
cincinnatus,1.0716813836514385
deuoco,1.1717098943156006
flagitiosus,1.0968554643318988
trebia,1.0435008034050393
alienissimus,1.086727469593139
mutuo,1.322172909650816
conto,1.1286262883728502
utilissimus,1.0220261869745941
munusculum,1.0590231308075249
eneruus,1.1870845001251316
proelio,1.0735777469657757
laurea,1.1986818313410574
lutato,1.1150493906619654
calatinus,1.103344939449325
ualer,1.1543107174275213
nimir,1.0331020680864427
auho,1.223412504708878
detractus,1.1026035751840169
crudelissimus,1.0258968823335823
aduocatio,1.048098722044449
stipe,1.067294477367694
imitas,1.0398055005542004
iniuriosus,1.0737070530707933
muliercula,1.020969246808607
delectao,1.1250503858765177
pomerium,1.4096759475930285
perpetio,1.240941289594852
constrico,1.1043933514493554
postmodum,1.1351373916695913
apparitor,1.0351749486074988
relao,1.4856780952394446
osculo,1.8235892256470496
messus,1.7539047321155925
fauonium,1.3449267406344136
amicissimus,1.0224589476773716
astrico,1.2007780729882163
definio,1.0390028871485353
xerxes,1.0542704441282504
cunabulum,1.0386298854736014
destrico,1.2909322277385347
perfacile,1.0558233031306012
commemino,1.1601778589161118
condiscipulus,1.1158561267141842
colaphus,1.1017372314685514
propylaeus,1.9144856584880905
ponderosis,1.8022579873795226
infatigabilis,1.2061707236219423
inclytum,1.213811033969631
porsenna,1.0310759981786628
feretrium,1.2679918448095309
stipao,1.1346540472379811
luctuosus,1.0290619623248074
defunco,1.0421678402214583
uolscorus,1.0809465663491755
materiarius,1.5217833907059843
corrodo,1.318671796978247
sica,1.092509778543168
ubinam,1.0715702226495873
incumbendus,1.3382917373015881
interficiendus,1.2188867842610518
tonsoris,1.039464315674873
proelior,1.0264631607438848
scaeuola,1.143020263907084
unguentatus,1.1776905586822728
aquilifer,1.1192414793277219
ineundus,1.2045237299678802
execratus,1.212055553143404
subsequo,1.602225227927619
capuae,1.1286119388747822
sagulus,1.1218415055016802
praeconius,1.1005192715321364
ster,1.4898410258769188
britannicus,1.0588009065294113
audacissimus,1.1203756966614342
umbo,1.0399907463897096
tragula,1.249321322766799
suggillo,1.2009616732301023
clypeus,1.2276826169931274
porricio,1.1107501714235473
existimatio,1.0239827502905834
ferocitas,1.0864244474925786
molitio,1.1100592690045827
texeo,1.2097927558020378
stirpis,1.342179427487084
praeditus,1.0286626343921201
dispello,1.1271842062140731
agrigentus,1.0884144165792373
quosnam,1.1305767302446441
timiditas,1.040004026810025
eculeus,1.1112946943101278
eiulor,1.1087638601959098
amputatio,1.1470597545691559
hieronymus,1.0560065903731608
examinor,1.272666573463897
generosissimus,1.2283612567093345
alienior,1.0690181662569782
mutuor,1.0294334912121308
macellarius,1.7159209166706468
sordidissimus,1.045497923426193
extudo,1.1464905962603718
pho,1.0893704024008566
papia,1.2952985598877367
socrates,1.015428110891045
obstetrix,1.0705635691339892
mensuro,1.0531695305537012
euripides,1.034228535364588
demosthe,1.0193484759851954
oratorius,1.0881273904022652
petitor,1.0567631403343478
sculbo,1.593639884767746
fuluianus,1.8937856928630021
crepida,1.094157364894468
uegeto,1.080876508243663
celebratio,1.1439105021727678
publius,1.119536864565743
corrigendus,1.0965953626319729
expensa,1.1080653996519911
trus,1.232912074813585
prodendus,1.0711662946225489
absolutio,1.0574213294206034
honestior,1.0144112626799775
elucubro,1.0948331808817715
zeuxa,1.047028491888988
phidia,1.0315651045884227
liniamentum,1.0814715249254803
xa,1.495672527799342
tai,1.5146699543528392
epaminonda,1.1426080740630966
procuratio,1.0380866534106126
ain,1.1057214830409672
inustus,1.2147215961570779
artificium,1.0166039949713985
aestimandus,1.0385123608739733
uicissitudo,1.054714835862785
ap,1.6118157436929887
repraesentatio,1.0641804774079113
ur,1.3542019432390298
constantis,1.0586399607872237
truculentior,1.2770745724458552
arrabo,1.2842611107976898
eximium,1.027215251448978
obfero,1.0521285119204995
contextus,1.0589254743059715
enimuo,1.04831280796565
aspiro,1.0740776923907214
phocio,1.633388019048192
socratus,1.0300258777086408
praefracte,1.0800011303913504
truculentissimus,1.2307676055749086
incitatus,1.1239384622640358
demostro,1.247623396151209
exoror,1.4874437760672783
nihilominus,1.0491669432808028
exanimatio,1.3331481343159053
tarsus,1.1305323150385143
festuca,1.1710860980460838
operosior,1.1969929515524107
uah,1.007751483526596
admittendus,1.0724240293527314
coniico,1.2521190668776865
lucrifacio,1.1081289994292651
strictim,1.028330045257095
humerus,1.0341048657715017
xenocrates,1.0324696032480312
theodus,1.109174134394844
thrasybulus,1.11532529093348
restitutio,1.05058925732618
captura,1.0545447231329323
adiudico,1.0769647919148762
ephor,1.216286913872452
fu,1.4762921635827162
theopompus,1.1080620332389233
conido,1.164151667920523
speciosior,1.0451348933636004
epistola,1.039205612889279
redemptio,1.076426103468515
cypr,1.3059307031976948
antonia,1.0678581817047703
supergredior,1.0853543163643213
accuro,1.0686399147697867
centenarius,1.098047860054859
catillus,1.5031048566316962
spectao,1.6286231715234483
curium,1.1352737329853235
pauperrimus,1.0906575207854141
samnitus,1.0727085910850669
cinea,1.0413650675894768
detestatio,1.0436898355735331
epicurio,1.0572246260534301
curus,1.226301052337975
praeclare,1.0630930000184393
atteno,1.4233687379411415
erogo,1.056904606468586
haedinus,1.0622196806886048
inclytus,1.0511522427529572
libidinosus,1.0320452792425623
pos,1.511713261682333
pelliceo,1.3574131018411615
potestne,1.0384896048077048
constantissimus,1.1767691904651851
academia,1.059608042913289
crepido,1.0469549211739273
adulo,1.134613838269328
quorsum,1.0153860753548751
prins,1.1184657809676601
salinum,1.175441636189208
lautior,1.0422796537541494
pediculus,1.1192521567858817
fieo,1.1516468846386205
uastissimus,1.2106758048649822
amgustia,1.261796597126477
mercennarium,1.139317667719024
latifundium,1.0387114868483371
subsigno,1.1801606691706918
caeso,1.8300238727941989
domuncula,1.8966540884143477
indigentia,1.096064215195591
tineo,1.2536077839993676
suffragator,1.0722005999695798
sapientissimus,1.0605081081333927
honoratus,1.2186027701011304
stabilitus,2.081378016529479
amiseo,1.1193130147200743
unianimis,1.233463008128826
interuentus,1.0539651212835832
opt,2.496144839703204
calceo,1.1417260767844966
castissimus,1.040110153420007
alienigenus,1.142008497326896
tumultum,1.7452810816130238
hypsicratea,1.0616447137203078
adsuefacio,1.1717167681985483
iucundissimus,1.0217828111266374
lenimentum,1.163125143984886
asio,1.7978501730798309
sardanapallis,1.2593131641155089
enitesco,1.0247146859568133
familiaritas,1.0164865981145346
delicatus,1.0172372103333527
hucusque,1.056991635276114
petronius,1.069524100096018
petro,1.3209803016870096
damon,1.0948791223851182
cultur,1.825315517560643
promptissimus,1.165047713079046
ohe,1.0462868551467956
lucidior,1.0909044565444972
quantacum,1.0836072619159418
inaestimabilis,1.0408641077179046
pactio,1.0344426684318824
addictus,1.0583425838025646
fabianus,1.0832971636278734
considium,1.1503166946945762
faenerator,1.085646625375914
isthmicus,1.236257050616179
pronuntiatio,1.0337805330115388
hiero,1.0766130908228915
propitia,1.0907309799367115
occupatio,1.024709428652906
humanissimus,1.0798866381438315
etiamdum,1.2448948245482945
mansuetudo,1.0257945770240013
aucupo,1.1447091775400813
abieco,1.20639214941266
pretiosissimus,1.0346907093531579
percitus,1.0463833037869146
darius,1.119615759918819
caudina,1.0875536509620678
inhumao,1.1043719056986359
lucanum,1.315797023374017
considerate,1.0833037387800053
insolentus,1.1527368714256994
paenitendus,1.1404973801595846
significatio,1.0379317504165408
ueturia,1.0768087130462711
uolumnia,1.069672004416604
uestia,1.2232774518241816
oppia,1.4840816008803355
facula,1.161663024154137
attrecto,1.0686782384190008
samnium,1.3355184916421516
sec,2.212918916829904
contigi,1.088987227007003
cornutus,1.0730162933031202
libitina,1.1387817493178394
sion,2.5905849192747565
aemilianum,1.2288748245559677
peculator,1.1547656510476247
indignior,1.0750863527948777
ahalum,1.072555114699333
sextilius,1.1098267853712465
dignis,1.314596725202047
ingras,1.1582507649313494
rogatus,1.0662355258976803
amputo,1.0245872115427481
pedisequus,1.2949460397213042
constantus,1.164088825140942
uicatim,1.1831861239873105
maratho,1.1753006638468313
eueno,1.1741944812520082
cimus,1.6466089243739541
themistoclis,1.06579796283191
pulchrior,1.0949055601456115
miltias,1.5227328277711234
solonis,1.144398331984338
uolscos,1.052735291340129
ticinus,1.0368994750118912
aspere,1.0457994677755227
claudia,1.0713485855341132
sacratissimus,1.26666776895619
exertus,1.1457768317441863
inauditus,1.0233395512442105
inclaresco,1.1040932593726946
uixio,1.0528011542322224
obscurior,1.0729536408390687
darium,1.078834405712778
croesus,1.1545379010706502
rapueo,1.6462040360082013
fe,1.865540692381671
impendium,1.034163764507355
erepo,1.126211986387624
testo,1.1230321920593938
aelia,1.1880079656477016
deuotio,1.1236287846721782
nim,1.2345526355118759
exhauso,1.0455748082098846
procliuus,1.1559176960267037
argentiue,1.0940855126018416
delphicio,1.1786069953713383
percrebresco,1.1639224618533608
codro,1.96565554125656
themistocles,1.0237080832418881
cyrenensis,1.094138098706329
aristoteles,1.0273874187231093
iucundior,1.0158792901228402
mathematicus,1.0237295714364516
uegetus,1.1162824367791864
saupera,1.1643393481185478
tarquinus,1.058792954968084
populariter,1.107461529128761
torquo,1.2365822565371367
athesis,1.0922131937290571
gellus,1.081737055074711
superfutur,1.1325931776603142
taetrior,1.156635224132159
horas,1.0745724599149347
puluillus,1.2288492619748086
clausula,1.112202903715772
annuendus,1.801608873891365
vnus,1.1095267420476453
xenophon,1.0319782424364141
gryllus,1.086993333642597
xenophons,1.1515748717888175
pedetemptim,1.0554267088026688
firmamentum,1.0906658163522356
paedagogo,1.0413207279928012
castitas,1.0710140112900288
coinquino,1.2581533692983933
asseuero,1.1567752634617066
qualix,1.2551196694851696
amoena,1.0494176329416192
egredor,1.1274786469301417
corruptor,1.1872863697571334
flagellum,1.0483460190920617
octauis,1.1667968809223204
ippus,1.0921891610556282
florentis,1.3226664682074951
syphacus,1.1511403772812812
crispus,1.051798315614675
iuuenilis,1.050501832484402
cauillatio,1.067558117441462
accusor,1.1407284657892616
iuuenno,1.1168602790297386
municipalis,1.1819210743036042
depo,1.3221530082593111
uenditio,1.03511395484945
fiscus,1.0265353870221703
contumax,1.0251994658545511
oscitans,1.0862260898345386
ebris,1.0669968333936135
cyrenaeus,1.1833017028548116
seditiosissimus,1.3093455962943896
fidenter,1.0709325195448893
hispalis,1.1356170740675158
adiengo,1.3139852533545862
manius,1.2051499906474037
uiolatus,1.085909430481267
sobrietas,1.638898711756429
praefinio,1.0515787173035906
antist,1.5463336502092138
archilochis,1.1296586625800082
exporto,1.036614056879023
constantior,1.2918065393505063
sublego,1.2522156064046752
lusitanis,1.1484372090781845
cognomentum,1.0363096559875498
decies,1.2189913751857762
adaequo,1.0787375005143822
hilarior,1.0413647444009133
falerius,1.1424810907751748
faliscor,1.0403047966381294
volsx,1.0447804432472383
obtentus,1.1704566780331893
cateno,1.0358588898911674
reclamo,1.0388879800034752
themistoclens,1.1410560233135074
legislator,1.1481440572727424
asina,1.2134949724184252
cius,1.2124813508503087
saguntinus,1.1589362073825986
obsesso,1.1487138363836815
turia,1.4149475813242818
camera,1.1160517939285488
famulor,1.0734822645762836
custodo,1.1534464897645231
amabilitas,1.2915754215060666
egretto,1.0510246246192065
iudicialis,1.0729771089225624
solutior,1.1000056648546126
ornatior,1.0389270301405094
proconsularis,1.1021583947493343
tribunale,1.081933497382873
arpinus,1.1735572835405061
xenocratus,1.2096408947809827
delibuo,1.1001784250424325
serta,1.2995872080188076
ganeo,1.0872236759105518
abdicatio,1.0927874481849422
extito,1.1061457714814145
polycras,1.126760654188397
crepundia,1.1449701026542531
recutio,1.4377838069594628
pulcerrimus,1.0852575000147162
morigeror,1.1378237672909415
occisor,1.3400344041835819
metellum,1.1832951931200066
agell,1.1581194817114462
sagacitas,1.0551018046618335
onerosum,1.0772883607031174
pestifera,1.2612486072655313
ignauiae,1.1496281726745734
nonnihil,1.0119847197522434
uerres,1.1939223962568664
mauritania,1.045565685695173
exprobratio,1.1426648833232738
consolatio,1.0423241398094232
fortuito,1.0341469356124997
pidao,1.2247563604274978
humerum,1.046259972767782
anaxagora,1.1863464084084763
hanno,1.0359818279135125
detraco,1.5242626473240346
samnito,1.1201663195555607
aec,1.6059065817966607
excerpo,1.0406647365893555
uafre,1.547525922823938
demonstratio,1.0838717413202223
praestigia,1.096977886735304
sertorius,1.0137778227883347
lusitanor,1.0792421253713647
barbaer,1.2239464070555368
nola,1.1595409529289937
excursor,1.8784556219033368
immerens,1.2488227817714566
excusor,1.1258852634542296
asinarius,1.2674601971854693
uilior,1.0361002521081006
equiso,1.2601936197932804
anicula,1.070269902684329
duilium,1.0915843553778657
adumbratio,1.1516632488580647
uolsco,1.1077627969485115
strategema,1.1568113952833015
quaesiio,1.4467941551544947
decustto,1.1280101959997537
inclyet,1.1800504340745954
insulsus,1.0162806340123554
fluctuatio,1.141090326097203
conscio,1.0559066317912105
cido,1.9600487920509286
prudentior,1.0290955429640478
urbanitas,1.0307258257296499
scurra,1.01633234809065
eina,1.3044292878508015
industrius,1.0373146528005341
abomino,1.0336207990635493
praetextas,1.0891198477316193
pondero,1.044624446873589
benignissimus,1.638270730200195
casilinas,1.2318923626153346
pell,1.1534669496131806
casilinus,1.0339611529704784
uenditor,1.0553990227572478
extruendus,1.075372673976483
improbissimus,1.0780633227621044
tullianus,1.1947604691701361
tertus,2.0901024762418507
procreatio,1.0744355139497423
grauius,1.1276624946985019
pollingo,1.6158481875419197
educatio,1.0290206207508288
lupanar,1.0478165949228297
praelego,1.1321160459002804
praelatio,1.505756525436834
restis,1.0848490816987468
barrus,1.198734674924304
liberalissimus,1.0981582571182347
familiarus,1.1584564645001916
oppius,1.087573390973484
scurrilis,1.1518661405559314
tullum,1.0429923405051058
punitio,1.152549033024017
pudicitius,1.1476860028438332
abruptus,1.151874760687145
perceo,1.1521064453815733
cribro,1.0948695479435355
poeticus,1.0129828225635833
septiens,1.10957524588478
bononiendo,1.0478385835967938
damn,1.66206149043101
sincerissimus,1.7992760090540694
inclyo,1.3398733409926962
lolle,1.2696970793180762
amb,1.2500059418662706
haesitatio,1.1050571273653331
areopagita,1.1279922977210506
inuerecundus,1.1216534765829353
animositer,1.2151691603497081
impudicus,1.0483071092264835
impudicitia,1.0488610279843547
aricia,1.1974891665634095
fannum,1.2926009659596605
octies,1.1420376488417967
tortum,2.5629555567352336
robustissimus,1.1166034607273383
cuias,1.0449251620992703
neglicio,1.12803021847614
stolus,1.1645125393973181
lectito,1.0986930194173499
cordatus,1.0839984263261753
exilitas,1.105186046917597
declamatio,1.0771338477426031
obluctor,1.0958229545990137
alacriter,1.0560926735985456
olympicus,1.1088327433558134
beatior,1.2656768356811712
geometria,1.0249662233471433
pythagoras,1.1232247442883951
sophro,1.3276918433430847
remoro,1.157499127592059
philosopho,1.0472561300086485
expromeo,1.1501852324890889
cultura,1.1103000061215609
machinatio,1.128578685885017
archimedes,1.0439021889246372
disturbo,1.0569542117983728
socras,1.0679454603067664
musicus,1.032261240132363
locupletissimus,1.1572336587943557
isocrates,1.1746090556242375
eruditor,1.0258748012267047
uiuacitas,1.1651316160925127
subtilitas,1.0272616686563214
sumministro,1.0796309777835178
oedipode,1.071119722918296
simonis,1.1923459440220792
parto,1.039958255917557
ediscendus,1.1522089099483102
laborandum,1.086832926577889
actuosa,1.0979895799335875
aniena,1.064573208532974
sanior,1.0756570097927958
maledicus,1.0521748984793173
dulcior,1.0775829157167205
decrepitus,1.169907632389728
cyrenaicus,1.5265177291509997
attentus,1.209305121622727
concomitor,1.9140529746729227
chirographum,1.0568653915907682
aeschi,1.0534312646989976
demosthene,1.1939404937528333
eius,1.2511519704625444
perfudo,1.0749717981316478
aapella,1.0959562433165297
claudicatio,1.1033201241763348
praxitelis,1.0556445962162642
iphigenia,1.0425198717500201
calcho,1.076766417796935
explio,1.2294836901858244
disputator,1.209953555459397
consultor,1.0735559699904753
conductor,1.1012520517340902
geometres,1.063584506872606
institutio,1.051345309253656
adminiculus,1.0938888411473733
nuncupandus,1.9407179997339457
expliuio,1.2175198097509186
sul,1.5298156567144063
uiuendus,1.1370170984106567
diuturnitas,1.0261845881500296
nauclerus,1.0715604355626
stilis,1.1083970183797172
herodotus,1.092027430188634
epimenis,1.0831301535498155
statura,1.0550168780404368
trecentesimus,1.149579884906451
homericus,1.0946531673577675
impolitus,1.1190341679547477
inquieto,1.0214003664988403
salamen,1.1283746556473828
admissarius,1.1328094446881192
qualiscumque,1.1171547805112436
innotesco,1.0659553357947984
congruus,1.6280826620987392
apolli,1.7455274880365228
quemna,1.1135241766767177
cimbr,1.4931707696516703
crotoniata,1.093220886225366
itan,1.0420863421737168
ahenus,1.1370033053115134
berenix,1.1125699823504387
ix,1.0541663760630595
emendatio,1.0537438231446572
pensilis,1.266377399609728
aestuarium,1.1957356327196724
auicula,1.1864855120789133
unio,1.1982687500004463
culina,1.0787470723360137
abrogatio,1.157640494498018
semuncia,1.1343948108309272
arbuscula,1.1181457720211632
luxuriosior,1.8122589959888205
palmatus,1.0976033341275595
frugalus,1.324898483931953
nequissimus,1.0715457894866598
noco,1.2089134330552178
empo,1.092408694020961
probrosus,1.0824685643291423
uigilantus,1.1500351168507554
fragrantia,1.131607258219105
praeclaer,1.131039297598381
nomenclator,1.052780872603985
inexplebilis,1.038216031552153
abiectissimus,1.2689009887271432
moesis,1.404031024359545
spado,1.0513294317818367
natalicius,1.3507321692083243
infelicus,1.0955649162014967
ochus,1.1586139876201096
phalaris,1.2448338613007155
mortalitas,1.027310920767836
misertus,1.312877426859106
congratulatio,1.1802058316626218
granus,1.073528217649365
decurio,1.1399290599147751
cunctanter,1.0326634310254708
exprobo,1.1520368273491408
usquequaque,1.0376197086451837
probor,1.0938819942313251
babylo,1.1744626921611698
tyrannicus,1.0430704784390838
interfor,1.0631142872115467
obtorqueo,1.0953090730208617
profundeo,1.6025280971319922
hostilia,1.1133706212902363
spurius,1.1275260808875465
sabino,1.0597931152804065
lusitanius,1.0838281892479065
nucerinus,1.3214031313787185
rigidior,1.2514318517342742
speculatrix,1.3384346953674258
capulus,1.0563442898863058
veiens,1.0445792439540236
adrianus,1.0847691182357253
cyro,1.1357380767314993
taxillum,1.2405645253838846
pollicitus,1.0669367817093383
sceleratior,1.05899986807646
consenso,1.0999198459384654
immoror,1.0526452634270933
sudarium,1.1065905301026082
perridiculus,1.865663711578798
fragilitas,1.081470758089187
quanus,1.0379537114611208
sophocl,1.185123064866657
hebesco,1.0559732244338118
sapientis,1.0777219806009972
aerumnosus,1.1577604038894231
exquisitus,1.151638742229267
nde,2.778301836409527
stipator,1.0746646944556932
thebe,1.1202094752062783
putamen,1.0702664206304036
securior,1.049219565050713
cocum,1.07550068922315
impingo,1.0467758726165597
rect,1.6251150022617837
excellentis,1.1954230358623006
praesis,1.3708020391898736
mediolanus,1.110020343604997
art,1.4469018355675922
suffragatio,1.0933414298339232
libyam,1.08587977070284
anchora,1.0979790168747718
afflicto,1.0673712061476532
cymba,1.2846939080242372
coarduba,1.2755901476774818
corduba,1.181964872769041
diuexo,1.3191582845328893
tinctorius,1.2882820518904452
expolitum,1.172502722607542
noue,1.3462937076404815
invidiose,1.1155020811754848
pyramis,1.0825882152527018
mausoleus,1.1330216624037364
externum,1.0808088265325777
interlueo,1.277515671009951
ferrugineus,1.4360173367523863
alluo,1.046641152998538
inaccessus,1.0875581629015008
ot,1.5794486225920474
ht,1.1806212562008735
quietae,1.147298293305491
laquear,1.0887843995824293
testudineus,1.4126433191007093
uenustus,1.0267717321881848
multimodus,1.1400014051931535
remordeo,1.1592555625689027
tinnio,1.1157773892821174
susurrus,1.0500948966370545
libyas,1.0613249000303902
prorsum,1.0529327725797417
cascus,1.1190401391201712
vna,1.1869201484759482
dominator,1.1711537862816008
caelitus,1.035041091102
domitum,1.4547758861493192
ereo,1.0683122679155386
superbificus,1.295651572215138
congredo,1.0972589089579177
terrificus,1.0611330505958574
tarto,1.0562900865017222
luctificus,1.4293483168888403
rega,1.285296040999014
claresco,1.045605695620167
clamosus,1.065183475285071
augeus,1.2427990879689235
caelites,1.0819838053416435
cadmea,1.2352114288533047
passo,1.345425028384518
subrigo,1.5697064863493806
domino,1.0554627625930746
exanguis,1.6663750854059622
assequor,1.0156639185513043
effo,1.0557320155342953
tartarea,1.105059165385121
syrma,1.1375888431073153
oedipodus,1.0836000531943444
dsum,1.1328160991911984
styga,1.158752345688733
iuridicus,1.321499929187987
lubitum,1.0928980002575706
obtulo,1.2220020764371868
paedor,1.2015788128365095
imgratus,1.2262467363487246
cocytus,1.0500636777154033
umbro,1.1054711452486174
uerane,1.080494899836057
oblitus,1.0945838208019008
quaesitor,1.1886372081802863
taxo,1.1112399309459744
torpesco,1.0430206114681677
charon,1.1821018680097422
inclutus,1.6615841287828481
iugo,1.145851329872534
cae,1.4444820883341472
exundo,1.0501718016884032
tita,1.6033845246380174
gno,1.1024811255847635
undecumque,1.0426397954893685
temet,1.0309000587304995
pudo,1.2018320449700177
reciprocus,1.1396801817486955
reuerso,1.0741757566320551
profo,1.3357998509197448
phao,1.356802525785952
quisquamne,1.802308713019684
caspia,1.6368665565549774
afflictus,1.2480004689332818
hiber,1.4064870435011947
arctos,1.061375055457825
cerber,1.0307912432839996
secure,1.0770878620687885
hercul,1.0366084846211099
hauds,1.117685274751044
montiuagus,1.1355578890171436
hariolor,1.2055447012979361
inardesco,1.1073457454960578
exero,1.061192316477036
horribilis,1.0289825641925179
alciden,1.0480196325775555
doma,1.5862711638770892
illicitus,1.1434392194262077
ferro,1.3227822237451372
altisonus,1.2144103345372563
mysta,1.5452879502065762
infor,1.2145384248746314
hcocne,1.178863392733174
taur,1.070616514530511
fluctisonus,1.0780878462245114
reno,1.1145354625246013
lethus,1.2328198474900165
arctous,1.181817669514019
amazon,1.1055037789068352
gigo,1.878124635479251
stymphalidus,1.1356608903515488
chalybs,1.0534993977479503
unguicula,1.3105719463254386
ubina,1.1914778296506203
intuor,1.0819610580291124
lernus,1.1882080457016169
ubinus,1.0493762149499128
prorsus,1.0364129811324858
phlanctus,1.6462888425012396
inquietus,1.026502978148011
calpen,1.0769408725541587
conturbo,1.0461600241941267
relicueo,1.166846139021421
ruitus,1.1480696535436314
garrula,1.3353569178350193
immugo,1.2098087204330075
accommodus,1.0944752835865919
arsura,1.2356208017917265
planco,1.4372339808555736
ditis,1.3520698886299454
inconcussus,1.0944257349362003
giga,1.277634652520899
infer,1.7213848715436797
deplango,1.5185727464551102
remetior,1.1404210959348458
subluster,1.1831625937281272
malea,1.1319300558947787
colchicus,1.1803729795510418
letus,1.3080417844463461
thessalica,1.6667012049626664
lympho,1.1311136454898023
effer,1.1768041883224398
corus,1.1255875008730118
perustus,1.539377017728253
obliuo,1.2072757124036717
aggredor,1.0312788116762346
amittendus,1.8536707279251452
tarta,1.0973084274059732
augesco,1.065387007945118
hydaspo,1.10730671783387
baeto,1.0578763863680287
ubicun,1.2006740062111911
egentus,1.2144942891199015
semetipse,1.0808493509833497
generositas,1.1147257784641766
uto,1.9773269740368538
immoro,1.3375629019981707
suauiter,1.1204163992603224
fodiio,1.1449686961522054
seneca,1.0531319805895278
poppaeus,1.062813987584678
sisyphum,1.0638672296586917
uinctum,1.1619928977847271
ionicus,1.2543891090789328
quisquamnis,1.0523233893597217
expauesco,1.031648073627868
dirx,1.4612524000785618
pressior,1.0575811714774843
implexus,1.1223251049728724
iacchum,1.1503857894591405
peremo,1.0572992474410121
castalia,1.1370880726642585
regis,1.3374701341112036
obtendo,1.200386047539598
oestro,1.2631754573822873
recolligo,1.2950231058726616
hiemis,1.2174973679405727
repto,1.040951808715019
meatus,1.056868920144839
texor,1.3280344567350673
potesneo,1.0493466139195973
concuto,1.0656455774626452
inseco,1.3536136913555246
lachesae,1.0812462612510485
conscis,1.2168680973162809
inuolo,1.0840436731452363
inauspico,1.1049021143222104
utrumnis,1.039297476906639
pauito,1.088215825763692
ingredo,1.0618197458715857
riphaea,1.130737126379494
molossus,1.1037046685639327
tao,1.6864706725550813
miseret,1.0297312741018891
aggrauo,1.2784955204081134
corusca,1.3166399423407495
phoebus,1.224262755497801
sueta,1.148217291901042
scyphus,1.0459698354088494
antiopa,1.0957669858677466
intractabilis,1.0518066240457566
sina,1.5965451045068393
effrenus,1.2456126075131664
chus,1.2600114306056343
neca,1.2359148079133773
conciliatrix,1.2674059080132156
nepotulus,1.2104705327055159
exanimus,1.0390794631316413
satisne,1.0683692089221721
quodnam,1.030800933134094
trisulca,1.241603153455275
monstrifer,1.412770244512965
mobilus,1.1431736167893158
phlegethons,1.087749531794593
euersor,1.0672261776645038
reo,1.3137531275331922
famulatus,1.092404212874199
imparatus,1.0439167386163706
cycla,1.2730269644991898
hoco,1.855164155642476
cybelis,1.1093863176346974
diuuldo,1.9298170786555109
machinor,1.0563671035261692
abrups,1.1519291733001127
lamentum,1.084697722228763
quantulum,1.0239305047167209
saeuis,1.4205474028456981
exanquo,1.1356836454048287
deseruo,1.1335880162971872
inextricabilis,1.1499153047596162
tartarus,1.0525442893228012
argutiae,1.1450162065788207
membratim,1.0435319578402842
miserandus,1.0945439737182348
recrudescio,1.0735682666597388
praecoquus,1.3109211444631035
oedipus,1.0357602151824798
transno,1.2449158859669651
defungor,1.0509356131855048
deditus,1.3054147130178757
pistrinum,1.1114240426603268
desina,1.1306338732927326
adultas,1.2326777284665684
haeco,1.8611046124338646
frangendus,1.3252771339436096
neaera,1.0489437859149364
mauortus,1.3727174989158806
malefacio,1.1139369465493763
quocum,1.0418128116797778
exstirpo,1.0761843664760538
oboleo,1.2314488476739334
exoticus,1.130775003272243
amanter,1.1515556646138165
fortuno,1.1942979679897812
captor,1.3764690892440463
thracium,1.2356044216643731
incensus,1.1437428384908925
deceptor,1.2357779820889998
compendo,1.2665274916042772
possessor,1.0303760176114218
assueti,1.2193670231496505
accresco,1.0298069951579991
auspicor,1.0640407685298123
querulum,1.1037955089384441
lensco,1.0680037219549188
examussim,1.0875138911144058
indiligens,1.1557501567203765
instrenuus,1.0844662057416048
pinnatus,1.3579578364255338
expolio,1.053565290127058
fores,1.1796546539895327
eructo,1.0902207991981714
pressum,1.610152670297821
noleo,1.1079657332146375
utrumna,1.4292451813538596
industrus,1.2246323631925085
gymnasticus,1.135520152160584
tigrins,1.0734375516853494
undo,1.1665068537392227
cassandra,1.0922666666666667
troado,1.4104243282243905
suffulcio,1.075688251772311
nullumnis,1.1368540684276103
tumide,1.2332269112712857
repeo,1.1047084455344989
condeo,1.2997204052856735
andromacha,1.0318278222144868
auius,1.1445330812668741
andromachams,1.1348363278232554
uoio,1.6831065310353945
fatio,1.1871186862826122
laetifico,1.2881600900479646
rua,1.2894535859944256
machinator,1.1663547992132541
maleficus,1.0618278101635557
largio,1.0899927261122695
reboo,1.0874443888604919
praeluceo,1.1434025154395178
hecuua,1.0652893242074912
assurgo,1.031920925256476
stimulatrix,1.209005951487036
expuus,1.4202827170233383
adprobatus,1.0822692048865274
corroboro,1.0391099679692917
restringo,1.067144039501313
reclino,1.079873640254998
augor,1.215876062682072
consolo,1.0404970605731796
adminiculum,1.050639390097189
diligentissimus,1.0339697554952163
secretior,1.0296958192383885
liberrimus,1.1199568711677002
pulchrius,1.044384363357664
infelicissimus,1.0691318642502317
aduersi,1.037044005839811
profecor,1.1101135487888856
contractio,1.1094162483843677
minutatim,1.0388333662021585
deploratio,1.434114824814064
languidius,1.1173942145606373
malesuada,1.1314312782196652
aduenticius,1.1947893980238977
perpetuitas,1.044465375954758
explodo,1.0550974252985925
arieto,1.123198049194062
proiectum,1.0826190228367918
lineamentum,1.0622294996524704
ueneficus,1.051273567975425
friuolus,1.04184787664362
suaseo,1.079696427536004
daor,1.1958293839943537
pontificium,1.1344745868657433
uoi,1.7536368917721967
quaera,1.091429832738271
exin,1.0810201858928714
lucretia,1.0391527034965178
gracchos,1.3729865489641355
radicitus,1.0626845992463188
avolsum,1.1286013857730786
sobolis,1.0282149659275264
fabulosus,1.0329934233331965
charybdin,1.0550008231378063
territorium,1.0864876980182039
insalubr,1.0743701500435903
absterro,1.0773340867789558
syracusao,1.134136536194085
servator,1.0852780694111033
indefatigo,1.6952407262371525
ereco,1.0324933670678673
dissono,1.0610370176800756
secludo,1.1055458121492496
pernicior,1.54476193229671
intemperies,1.06270533157411
tribunalis,1.157822325524902
pertaedet,1.1653302967667762
indubitatus,1.3553549078411729
dispensatio,1.1419048077337344
oh,1.0553818275993672
brevissimus,1.0688869905952918
inspcio,1.1764351647559512
uoa,1.4742246426872387
interuerto,1.0886832261362631
popina,1.0567011068985817
cordus,1.2427008652277636
subscriptio,1.0818012258235659
arcula,1.0661313858315842
obduresco,1.0960507533496178
revolo,1.1028687101565295
obsoletum,1.1896407780662477
ingenus,2.07817668820418
adpetens,1.2388314802542315
uivacior,1.1884545784132619
ueer,1.1251890688320203
molestissimus,1.0528357735397418
discludo,1.353227519407075
invius,1.3740258808533348
elatior,1.3584455896794119
ignoratio,1.0179387784782712
adveno,1.1973139748299682
consolator,1.108917540018043
creveo,1.4240428852331446
confodior,1.0535947988241992
uiveo,1.0361553468188458
inopinans,1.1298927575392617
persuasio,1.023891886415802
candefacio,1.1576835503752159
opulentum,1.0765382742704697
positio,1.0824877011120697
intemperantior,1.046619867467703
uelocissimus,1.1374851061677518
pyrenaeus,1.0974567942049376
pato,1.2393023003287873
purpurissus,1.118868045828117
grai,1.723787759322585
cantabrus,1.183048209951298
eiecior,1.1137770663528277
incorporalis,1.1369235584781643
contemplator,1.1444812388534407
investigo,1.097678593743764
praeteruolo,1.0919778897013042
depressior,1.4767584087092152
fortunatior,1.1862019697613952
interpolo,1.3400767900362256
pigmentum,1.0950374822124784
perscrutor,1.0351561068364588
alioquis,1.0364965397635284
perscrutatio,1.2374641523929617
differtus,1.312499359483212
imperito,1.0659493759031575
extergeo,1.110129929252212
sollicitior,1.0877851476608642
stoicus,1.0157834624807345
menenius,1.0533860239317785
sequester,1.118388389548786
dedignaor,1.434815266812595
artificiosus,1.052005933846565
inuulnerabilis,1.0703561419545624
violo,1.2167420741628
callidior,1.2806395772302666
subrideo,1.0258717902403225
oscito,1.0554891239213335
contemptio,1.0652739020968933
astute,1.230863409081655
familiarior,1.028932394424935
convictus,1.1141271321095247
moliio,1.2304083624155384
etiamnis,1.0215636231339138
congredio,1.1772979293801558
indecens,1.1098849338615797
blandissimus,1.119790923436174
argutia,1.0469998072277067
avia,1.1713803698950533
indivisus,1.092586048916643
tragicomoedia,1.0712171109550062
convaluo,1.0993611245696349
secreto,1.2264750572309888
uicarius,1.1419216734991413
mirabilus,1.0818719619695658
invenio,1.0454628729301323
concordissimus,1.1454289629833285
imminueo,1.1767589556361904
deponendus,1.086512324797529
praestor,1.1356665021549768
uoluptarius,1.0535429942930317
piissimus,1.0976974820804517
connecto,1.0685393878151266
austeritas,1.0657442066428353
sincerior,1.2094597755813092
consuluo,1.1267762431317703
impudentior,1.0965163815229206
exemplaris,1.141632615010673
suborio,1.116772181873963
cogitandus,1.0672146368285513
effodo,1.2379903860514512
triumuiralis,1.435538625520052
parento,1.1066570265550073
principaliter,1.3425424515468207
errabundus,1.887093915035638
intemperie,1.0930156955215533
constructio,1.0806532325234754
obsoleo,1.1753359037622664
humanior,1.0817586072271275
psittacus,1.059174697812075
chaer,1.2452102661540516
pica,1.0646019184416413
largitor,1.232508659479513
praelargus,1.1941725811625812
plasmo,1.2550533819090166
scalpo,1.0458256093755436
ten,1.0556257325483913
romulidus,1.2731230839277583
hyacinthinus,1.08581167179773
eliquo,1.5275302438353744
supplanto,1.1457395863125457
cippus,1.0883325852778398
scomber,1.1327056598568597
eug,1.2007837451889107
belle,1.0205980273396544
perfidiosus,1.0666232656548806
sesquipes,1.0847332787902557
rubrica,1.1881520871746947
saio,1.4003993887302397
mensula,1.2526129489259004
sartago,1.1707520224643047
bombus,1.1127794075383217
delumbo,1.4456510865164118
eux,1.0280140485070306
oletum,1.155580118960472
meio,1.390993241950861
genuinus,1.1183894332924322
infodio,1.0779292254802046
praegrandis,1.070667073732319
uaporo,1.194629626148473
ebullio,1.1268125685569006
expungo,1.1146694914961452
scabiosus,1.1036866620161163
nerius,1.2721297454029294
cuina,1.5309371802794252
estne,1.0414934539530738
lactus,1.5354782710244876
albatus,1.2757920043995512
fortunor,1.2400800050853196
purgatus,1.2299141592988472
pulpa,1.2489532139528992
calabrum,1.7358056493812917
donano,1.172532632287542
pupa,1.1539469332932755
nemon,1.0541929376328838
columbus,1.1228249019372947
poscio,1.287260581016078
lallo,2.021264386579999
succinum,1.298570754631183
stemma,1.050140118072111
millesimus,1.4685570721881438
discinco,1.3001765836693973
uicturus,1.397752594061115
elargior,1.8676234166259424
umbr,1.3078498825624079
obstipus,1.3195091680993871
exporrigo,1.3573458918101569
aegrotum,1.0535189793612907
deterius,1.1127652367515686
pulmentarium,1.0557894836867616
catinum,1.0726365106906477
feruesco,1.2083586196843024
plebecula,1.1289122915009548
uisno,1.0877046802791055
theta,1.2236204945078548
popellus,1.0987443943603972
cuticula,1.2001764366128005
mantica,1.1072717122152271
pertundo,1.095682614149987
unco,1.2302902551515953
despuo,1.2227097353465477
mansuesco,1.0676577124660496
uibex,1.6951117514582097
cerdo,1.1357511471771562
cenandus,1.6100704642676347
pullatus,1.2168202619252217
irriguus,1.0858211587491906
canthus,1.1619776068182142
dama,1.067609203427556
uappa,1.0987302909564338
farrago,1.1303171449730134
sambuca,1.1840313302357566
garrio,1.0892865177515967
subaero,1.4778844317533966
granarium,1.0806244160004554
fixus,1.276734135277741
strigilis,1.5061321781172055
balnea,1.1732726654905419
scutica,1.1724849414114504
baro,1.1662720981977759
eugio,1.0786478943073687
solea,1.1505734756897934
uiolens,1.2839584932489159
rixor,1.0287547255148246
uener,1.3674201847921066
ennium,1.0880146967317244
pythagoreus,1.0383406864756521
ditesco,1.0844973306143573
rhombus,1.0923786070265273
cerasum,1.1637169154414513
coniueo,1.2218064704441267
lampada,1.057344691696324
finitor,2.0445864491132175
paulina,1.0887824918086024
adparatus,1.159839793876509
exclamatio,1.0857813849362248
seculum,1.0731219200991478
prodigo,1.0451923205113844
defatigo,1.0762050075827954
inconstans,1.0714521735631823
optatissimus,1.186968349097351
adaco,1.2091795270818997
territo,1.0419357435066323
amentior,1.1881175049159614
quippia,1.0428517865436617
patesco,1.0393336604659527
decrepo,1.0883553894857023
uictuer,1.083838831874904
corinthia,1.2203273056520858
ceromas,1.1360873916711924
simplicus,1.1685791452995262
modulatio,1.0724629676791169
digo,1.7768888799453078
cocus,1.6594331531623134
enormis,1.0754229940513726
semiuiuus,1.704534611248788
intellegendus,1.0595664858199785
duilius,1.293643202268924
caudex,1.0986910048115983
conficiendus,1.0475284061233512
lancino,1.088349035276015
praesentarius,1.181499825597744
praestatio,1.2148313671112012
sumnes,1.1500752437169115
ingratissimus,1.0665309146314563
carneas,1.6810362673118855
epicurum,1.0799112446298007
discurso,1.236905353813633
diuersissimus,1.023315457921215
inhumanitas,1.073519081672782
inhumanior,1.0770281211330008
zenonis,1.1798876093634203
aristotelis,1.0559261036211625
theophrass,1.0826107095064477
simplicer,1.1071624709156644
tamdiu,1.0313729569217838
condico,1.0906295862148587
caliga,1.1727099911619752
trudo,1.0374072732956985
abstinenter,1.5327859581547603
litigator,1.0689811123402682
exacno,1.144807518280042
uenundo,1.1079060297522791
multiformis,1.1197602060754068
purgamentum,1.0999657105167746
priuilegium,1.0831937204110078
imaginarius,1.1000369668508714
petulanter,1.1431079558458177
dissolutio,1.0448459652070836
inuiolabilis,1.0773650111514224
demetre,1.2528483881051355
calumniator,1.0448891738556239
fenerator,1.0940369266781027
imaginor,1.1041859078417777
histrionia,1.1958193263355128
conformo,1.0574254615091878
saevissimus,1.1280975720226258
accidens,1.129914292756977
adfectatus,1.1480965226269002
refuto,1.0393707480095813
magnanimitas,1.0916672446912938
iocularis,1.1113180292651041
puerilitas,1.3118243921601498
contumacia,1.045801814598936
mendicus,1.0300496556496916
coluo,1.1738071356927926
invido,1.1035934439618291
lecticarius,1.1050111283469346
eruditio,1.0203836293818775
incontinens,1.1751142074150385
ostiarius,1.1052292937526198
sortio,1.3284151119862404
gracilitas,1.1561092631502203
corbulum,1.896018559202663
dicax,1.0500789254620675
benignis,1.3733155061916684
toruitas,1.3489387003415922
enormitas,1.4163935843439406
caligula,1.1321090176514828
alioquus,1.2119334137955644
sueuus,1.1094120667855218
sicamber,1.1935156447633246
quenquam,1.0821797090530518
marcella,1.0405800528017646
incassus,1.0688259088677898
daulius,1.3224541980896904
strepito,1.0834738811049807
reditio,1.232831896052233
tiberina,1.1062920879472753
mio,1.1086060474385036
pannonium,1.3002039907541552
crueo,1.6995452911288564
ineuitabilis,1.028939840697607
culex,1.0489699537782657
recino,1.1270766793928335
arnus,1.131047608826116
labrusca,1.2834393927513421
alco,1.4707933327465548
boethus,1.4439199205798325
hamadryas,1.13290322685202
agavo,1.1552339888503487
oeagrius,1.05033820492331
tens,1.7727180128738858
adflans,1.1900383925545426
pupula,1.0974402113086497
oetas,2.144384206533098
matula,1.0820082981493298
alcess,1.0913843932284688
ithacum,1.092477267264868
sonora,1.2117295528416558
teucrius,1.3845415944709496
uulcania,1.2071713849740648
corripo,1.0769446055636052
lydi,1.2502346255611527
scipiado,1.1351359324185695
regemo,1.2636424096944536
congeso,1.2282950675696354
lisbyae,1.1200658852231984
cupidineo,2.062255416085742
elogium,1.0236656092321406
batto,1.0796896876514746
sterilesco,1.315470080242877
sertus,1.0835670902622951
erron,1.1963998789424637
piscor,1.0476705507265347
deuotus,1.2315176371138536
emigro,1.0598530350150037
uaccula,1.365872768599122
minoidus,1.0745366716704747
tutius,1.8403259957810272
trinacrium,1.6215861783136107
mendosa,1.6671520228900791
aeax,1.1018565488854954
commeo,1.0261169925893252
rimosus,1.573510663710577
ueracius,1.7126748969008916
domeo,1.7173685997571333
orbita,1.0707336278530883
cometes,1.110678329267894
quaves,1.1039271850396861
uertimus,1.924166100292985
profesdo,1.2247468831845083
feracus,1.6892439328660795
caverna,1.069365808015073
suffoco,1.071367810067969
introspicio,1.046973214879671
luctamen,1.325519529098599
uernaculus,1.0922069365998213
pigre,1.5147134409788947
obedo,1.0840840202438147
adiuto,1.1411445007568988
disiicio,1.2766504872432094
arbustus,1.1027436647939042
efferuo,1.402661385497586
effumo,1.3739836832427335
succosus,1.2967035464080106
exsudo,1.4223612452626366
ogygius,1.0696300633519888
nequiter,1.1197813567781574
tranquille,1.0556620656367073
fulguro,1.1247544973510921
copa,1.2057165911854821
crotalum,1.3230109787127065
ipsemet,1.1514003708700897
corolla,1.0475439073652684
uimineus,1.178487447658186
caseolus,1.3657227777191674
bromius,1.2742913938853333
delicium,1.1392250639596324
crystallum,1.1215623723576573
etruscis,1.4911576476506592
nemeus,1.161968030049407
conglacio,1.6852968407695752
florens,1.0982370435946773
complaceo,1.1676093997714503
biga,1.0815376163571095
primaeuus,1.1431503269318783
viua,1.0949504358077664
hortulus,1.046375211336756
sophia,1.0967163648344063
peplus,1.1126442831100425
auxo,1.1250249618614943
perhibeo,1.1397068144174691
notesco,1.2428718214649506
coniungens,1.2172781178773242
muratus,1.3102771672636264
cyllenia,1.0475242856172402
domito,1.0614025858868108
aureolus,1.097077379545698
periuro,1.255829460300446
posthaec,1.3387403586520399
imposeo,1.1490779482199007
fragro,1.0511503987202657
coccinus,1.2051299069784147
sicyonium,1.0632136611785683
psalterium,1.1812765466077901
oester,1.1198076654810398
extructus,1.0298852561641618
arrigo,1.0303245729339057
clar,1.6737359326236434
araba,1.3986142751187332
dulx,1.078415071005297
nutricula,1.1207701275752262
quove,1.2334621012859543
circumuehor,1.1225061492165274
deturpo,1.209014141182958
largiter,1.0349249517890455
assigno,1.0392532488247614
seuus,1.2862387564806563
inuersus,1.2771953191474137
insolitae,1.1464697563983013
bipes,1.1184167204246849
ancillor,1.2660979600214926
spelaeum,1.113180250736692
salamine,1.7105745527451122
primitus,1.3278561916305218
concreta,1.1318549134095253
uillula,1.1810120319903228
mentula,1.0943703371467837
thucydis,1.1029866774836028
uarrus,2.1178308979811815
scholasticus,1.0555229241251296
putidus,1.0426372684485754
dulce,1.2495659495614435
mantuus,1.0848572891422683
deterro,1.1736831405529202
horto,1.1172095332565497
mous,1.4378960655446589
hesperis,1.05458701415732
raptus,1.0792519838566517
dura,1.1498893750342265
perlabor,1.129711909327932
mulio,1.1043707425630866
brixia,1.130243739310418
cognitissimus,1.2295028818232612
mula,1.040059666432604
perversus,1.3167906104627662
noctuinus,1.153315262645832
helluor,1.2526980597504715
feriao,1.2956160522113342
hesiodo,1.278293878699191
seclum,1.2825746998216023
priape,1.1146266875810116
rubo,1.3460508914132734
fascino,1.1093062901557988
graculus,1.2905226153157532
excubitor,1.1684638203281392
grabatus,1.1373025134217865
fomes,1.171835519073775
afres,1.3872658621063745
emundo,1.2610454493659602
subactum,1.6609328903443987
mundo,1.3115741626734412
aggero,1.103323752070555
casula,1.1164038113084254
rediuiuus,1.1076074626840053
nocuus,1.737170888426648
macellus,1.1405660757037333
sectus,1.1101172949508675
pistillum,1.1933067286568384
salebrosus,1.156308225610426
effcio,1.6958562386884146
ocrea,1.1027943319322848
tropicus,1.232099988506815
amussis,1.0937270343585717
dissulto,1.2831686645634404
dogmaticus,1.1967740232689195
dialecticus,1.020408515779362
concretas,1.3068503955592117
paestanum,1.2010546981487802
germino,1.045938730861304
caucaso,1.1109000624604242
commutaio,1.2144309045341621
diluuium,1.0715260795117425
irrigatio,1.2003043755850487
tenebricosus,1.049686831089
pluto,1.0879885201406605
benefactum,1.1499221617518072
quacum,1.2176170082438658
argium,1.11876329335347
libyens,2.7974123143749408
pellex,1.176231855120276
sublaio,1.0676067577104116
parnassus,1.1197801609573987
imprecor,1.0564789910928702
suauior,1.0608118011185266
minoes,1.101231450639283
semelens,1.1262283917736777
polydus,1.0650189608641518
nysus,1.0702335811970987
dionysus,1.2941853664286298
iucunditas,1.022529489756004
constupro,1.2170109198067083
transfiguro,1.0708550728624615
simon,1.1666073531266719
mido,1.2364036409064887
euphras,1.059754154350823
enatus,1.7675908690362354
absyrtus,1.2362213421505228
adriaticus,1.1179000567438417
iudicaturus,1.0981310151549555
schema,1.0764133268737817
congemino,1.1439083183298295
exintero,1.166810676016796
erymanthium,1.0852877576563003
ammitto,1.3180638812408072
theseum,1.4580386282707243
delasso,1.0927132847657395
minotaurus,1.2013890878010272
gnosus,1.2380561624693682
labyrinthus,1.0450379586760299
xli,1.4968775377756633
xlius,1.055004073884423
consumpo,1.0639241700775386
xlv,1.0826829489278627
antepono,1.0205982756813547
informo,1.0780292411586612
xluii,1.2912205521307136
menoeceus,1.1512743489811623
consumpio,1.0560297217837804
suppositio,1.1602816840237555
menoes,1.1273026609093466
ilo,1.3867284268228524
demando,1.09646220505468
uenerea,1.2334156727127297
lium,1.8006842018157085
eurota,1.0881321893985885
liiim,1.0774086680415433
menelaum,1.456621717770478
messena,1.359544206456816
incensum,1.3242172916541366
annuntio,1.2089046349586623
luii,1.0564082104724426
lviii,1.0776847362121627
lix,1.101065441179173
minervae,1.1378669051293555
compressio,1.11383067508742
accersio,1.1430162145155671
lxius,1.01692583586324
circumcingo,1.5500348446155576
nioba,1.176650345356492
superbius,1.3134942435057169
lxiii,1.071142563747389
coniector,1.1286811842651072
deiphos,1.1532262355075278
erido,1.611545885529557
paris,1.1561934771873015
regnaio,1.0908526772913496
scius,1.4674629251056872
pileus,1.112137434738916
iphigenium,1.0750334465851354
lxx,1.1906139357164751
explorator,1.0319027729700432
moesia,1.1030715976757752
patrocel,1.63432488113379
astrictus,1.0836789344234445
lxxius,1.321152563792019
parins,1.3283797712622352
ulico,1.0700538534326365
sinon,1.0867419704748373
apollum,1.3572670493101382
miseo,1.1846581228144974
polymnestor,1.0701807419318232
palamedus,1.2467229821211956
maronis,1.1232800184468097
maron,1.1092201873227094
derido,1.1427979791869993
aeolum,1.0944213086180083
uetuut,1.6315018064247104
involo,1.3606005737042772
ratim,1.8026363687546765
euryclis,1.9752745946012134
denomino,1.1868853020328465
cogitabundus,1.1821392661487784
moerus,1.2398223109274995
crucifigo,1.3294041522009885
transnato,1.3188035445071404
porcellus,1.0549844370261883
harmodius,1.1210959107689442
eminenter,1.8278693704156772
editio,1.1060007331931683
amiso,1.0967185155889958
epithalamis,1.104637382773291
hexameter,1.1424023628637738
manilus,1.0968307966928006
habitatio,1.1271729225067004
balneolus,1.129448386987107
colossus,1.0795305952289185
dacus,1.103890794845751
fereo,1.0710211902679727
hevolbeo,2.193763564968308
cespes,1.0661643127618232
adrasteus,1.2460333469493854
cyllarus,1.0553548741550964
propinquo,1.0416062221651596
optatus,1.1221279826101496
reminiscio,1.1892820393149166
edomus,1.673908102560746
suggestus,1.0353397635022408
queritor,1.2787275357628667
iuvene,1.4361961981224995
dalmaticus,1.162973889121915
erycinum,1.800451346532896
bissenus,1.1563036033587164
lydius,1.2820946330621639
septemgeminus,1.7733119824119143
mactus,1.0188450816717372
intemeratus,1.090859840977219
sicanius,1.3951065047032372
ortygium,1.9017888396573581
thymbra,1.7073176092935824
lavinium,1.1527262583497202
aonidus,1.1254373197106435
parthenope,1.1635975445543512
sebethus,1.2737264076670707
mediumve,1.1594136235877408
picturatus,1.1487909981192443
expaveo,1.384038578681543
dryadus,1.0504110681360337
laurentia,1.136897595015144
superba,1.5945348750235109
nivosus,1.3533137530060368
satira,1.6697470550398352
persis,1.085201552393273
ioc,1.375121449602124
bellipotens,1.0904476211330538
inclemens,1.089198615410524
odorifer,1.1282086319188889
thymbraee,1.1204511185199897
recepto,1.2106899581066402
nestoreus,1.0940591857727315
uacuo,1.259921727703908
salinus,1.2357970976488852
nator,1.4297449245859102
undosus,1.0933547539563135
nomas,1.256719546535103
tyrio,1.2280372137989874
circumplecto,1.1422266644980275
tabulatum,1.0307536255924898
inerro,1.1577321218878802
hypocausta,1.115421094796608
baianus,1.1161500245454044
bellaria,1.1689461066137308
damascus,1.077754519627477
mappa,1.0664566114691205
gadis,1.1478050367037014
scenicus,1.088357366366071
gregalis,1.1708500679387177
internosco,1.0665648833026988
petasus,1.0620597109540773
saturnalis,1.0969269637286485
opusculum,1.0668335221903857
epicedium,1.2053628147808613
epigramma,1.047866986999921
pollum,1.0743164887816472
solatium,1.0399108131604886
praecox,1.0697903436866858
hyblaeus,1.107177230019064
uenturus,1.3023050743679045
abitus,1.1049076445558463
pallans,1.0498854696520235
acca,1.2476095723149503
adsurgens,1.140668281453776
rescitto,2.1185739606026335
porgo,1.0918927502691136
stadium,1.038568741074286
polla,1.2161499032427734
sonorus,1.1244609499987601
scelestior,1.1739217929194192
diaeta,1.2090288654897938
siren,1.1977160519298207
obstrepeo,1.202547472668685
iuvenile,1.2552121645603336
cax,1.2113817733470849
caelicus,2.0478952553574223
tescum,1.4182211642501623
sturnus,1.5692749700637785
phasid,1.2636241361228862
salutator,1.121020252272748
foveus,1.4573419179630518
invitas,1.1250939186831186
cyrene,1.1498060768082776
phosphorus,1.0941015661682614
saevius,1.1000518251039124
isthmius,1.1297058237312605
meleo,1.724886198250482
baetim,1.1361881037889763
popularitas,1.050215123253618
canopus,1.086747179623905
pharus,1.2677385141815323
maronianus,1.1716706165316078
fulminatus,1.7474337208599884
abrado,1.0850086931507905
caton,1.0571377587077742
pyxis,1.0403897582118697
asclepius,1.1046953524246885
ecloga,1.1665027173316
destinatio,1.1161858908255584
deses,1.0556427363880658
instro,1.5787950891136813
quaenam,1.2045510579623053
exordium,1.031070992229425
trivia,1.1009960746061087
immadesco,1.6022983712961831
scrutator,1.162590848545266
amphionia,1.1987224271312327
lemniax,1.2516822551089122
limon,1.33816940909299
libamenta,1.2577911651223057
artiter,1.4965477353065113
supernato,1.717835463031432
abscisdo,1.3898595818346855
quosve,1.0879994562990998
charybdes,2.152690058066838
assyria,1.1300453480679418
eoao,1.1186610219363955
germen,1.1185287905617307
opobalsama,1.2521115910590666
arabus,1.1715923143081166
comsum,1.2413416113038545
meles,1.2669656386154857
stellige,1.5679113599916263
etruscor,1.1214643862269076
pergameo,1.219535165149409
auxiliator,1.103011695310502
praelibo,1.5245912022669472
interseco,1.4353300878767972
retexor,1.2707026932536531
impenetrabilis,1.4946400068205379
interstinguo,1.255900812585885
noctivaga,2.084996470576539
habitator,1.1944608826750795
septimius,1.2249081951268161
sever,1.0680395522860284
ornatissimus,1.045013678995016
thebaidus,1.138808417312896
dalmatia,1.087694525732523
hendecasyllabus,1.1053260653441752
iactantus,1.1121064723670586
reparator,1.3337803325384707
hariolus,1.0660700089588886
trica,1.2394231515087937
tranquillum,1.086921714980623
pallenaeus,1.4394171640972782
daca,1.995789826301785
iniectus,1.3958379820454467
gaurum,1.7594455589332216
massicus,1.1558651356926999
uvifer,1.8802657016471305
uulturnus,1.2317579633004434
bagradum,1.4175878503208057
imo,1.3241224989722142
abnepos,1.3267400754564311
dextr,1.056883833539254
quaena,1.1695066414323605
potissimus,1.0769358952484867
cleonaeus,1.0571358936145705
reverdo,1.2405027013877747
moderatrix,1.0819099149573135
posthabeo,1.0647171114089597
proavitus,1.690843219722333
teo,1.5163779270927793
crino,1.1708896175943424
arbo,1.0894390899245487
lemnius,1.1159598158533697
clavae,1.224970173816919
flagrum,1.0559403258210873
sylla,1.0842577712272055
dalmo,1.1389243023236553
desis,1.342313766463774
mantuanus,1.1564787965992502
orons,1.422815761681725
neapolus,1.2472865157997504
emptus,1.1004426113809107
lucanicus,1.2064684053097734
nitido,1.3718161919160616
codicillus,1.025524014814007
statera,1.0971958332338738
probatus,1.1090583589743725
planctsus,1.4324483409102902
uxorius,1.193881190390323
fatisco,1.0452212318038716
uite,1.0298302572842197
babylonus,1.48335873645669
evolvio,1.1610861153965082
modesti,1.6154822388791508
emeritum,1.3443733407395648
consanguinitas,1.084289234517296
remurmuro,1.1977671001594408
barathrum,1.0488445041930734
parcas,1.0832889098264797
unanimus,1.1778940421528568
responsio,1.0855810142173887
lectissimus,1.0805037374050996
elysius,1.0565382039724116
inhonorus,1.3544219041359025
turmalis,1.2017375223294884
evalesco,1.2768083687291685
eumenida,1.2890853213359352
tacita,1.2386742539071596
novercalis,1.3107381250506354
troilus,1.126579823703305
verso,1.0661233237861971
septenus,1.0984651280277786
caledonius,1.981277481796502
unanimis,1.1216552013324106
halo,1.0877381775235613
praecino,1.1557203805775345
omerus,1.1335293488908014
flevo,1.2935920329882153
terrifico,1.1126265739845698
semirutus,1.0932654101715837
primaevus,1.3043987613152823
ibycus,1.7540120011893297
sophrona,1.1246884471441447
senones,1.2264669879061838
seiungo,1.034968237611879
odrysia,1.068226357670078
incesto,1.1609002053847306
tenellus,1.08130284713422
qualitas,1.0646048232951344
extremitas,1.0435287124998165
limito,1.1450455118506624
salma,1.8506902576537583
uniuersitas,1.1134912895001585
mensor,1.5929344766133038
normalis,1.255908051676541
bi,1.986607710595823
finitio,1.1224384103554432
enuntiatio,1.0763582183353981
dimetior,1.095386664490329
obliquitas,1.1567405694659032
similo,1.2030766009382399
intuo,1.0790683123709792
moo,1.8380601850964238
perticus,1.0501337421397465
perpendiculum,1.038467942473442
conuersio,1.0748336486189363
evado,1.7163722432717887
inaequalitas,1.0442646229709864
eminentior,1.1174603783570753
isto,1.7385998922469517
inconcilio,1.6653242600782734
disconuenio,1.1001209284672904
controversia,1.0640795728717685
alluuio,1.1372339791675408
podeo,1.6093180203408195
promissio,1.1374591941683
individo,1.2380879569103413
interdictum,1.0671071153890677
aliusve,1.0721061844975326
reliqueo,1.241017661324671
augustinus,1.4551383929206438
cautio,1.0389638956489171
apello,1.191417924597574
decumanus,1.1441185514419479
gr,1.5588857153662043
oscor,1.253332827335138
decempeda,1.555774834421119
providentia,1.1269883258759288
inuentio,1.027902062786687
competo,1.168942523006314
incuriosus,1.0354508195583076
ligio,1.0825328917483625
exstito,1.156218895186664
reputo,1.0520024376897077
affirmatio,1.0778301285265526
fusior,1.188002665872834
obscuror,1.297777307468161
domitianus,1.0686176570026709
callidissimus,1.0961808028850935
suscitandus,1.260826154023973
tergiuersatio,1.072296402762561
ignar,1.0367978468599401
electissimus,1.2031438963661607
incognio,1.1938482277449118
rhodi,1.1054573056628836
strigosus,1.130627930146599
refugium,1.176584083126906
agredior,1.1694752555340588
pertendo,1.2329706073645106
porum,1.7027287254259684
decebo,1.126241168649641
lysander,1.0722928389758632
exstruho,1.2187784041378509
propinqui,1.1429843654941299
cen,1.5501634548103649
archelaus,1.0650352545174224
uesuvius,1.125129758443914
fasciculus,1.0561289058703316
collustro,1.0750376485806956
efficiendus,1.094804317585873
sentino,1.7055756978365075
peritia,1.060968711343391
captiuitas,1.059650807963075
afr,1.0229294952925851
obsequentus,1.1719685388093883
ardenter,1.0473844692431773
opacitas,1.129440251313209
cohortor,1.0313690259346904
sago,1.244600501142396
dimicatio,1.0536085612930162
praedisco,1.132122081096605
umbraticus,1.0935597155960062
of,2.8916846478979323
interpretatio,1.029176536868301
exhortatio,1.033402168435055
contristo,1.0784975668708738
conturbatio,1.1012255957319443
sternuto,1.184071357571819
chabra,1.3184461977222617
inexercitatus,1.1749773457171377
conspicuum,1.0626151383814029
uespasianus,1.0695028281505687
pharnax,1.0568441541875264
subiio,1.6160150354792462
arena,1.0221514680177388
cleome,1.048370715909191
poeni,1.0643549287747192
instructio,1.1215643217581346
artaxerxes,1.075955089441904
cohorte,1.0897804630867522
arbela,1.2334223828763742
excursus,1.1556035200647576
desileo,1.49058214226156
quamobrem,1.1126310750005288
consternor,1.1471936409489454
numidium,1.099966864391967
atheus,1.4282784770901191
asseueratio,1.0933665820589828
sutrina,1.3903895377621356
illo,1.2020805606436713
maharbal,1.1759131345219738
insalubris,1.073137570282026
semicrudum,1.1914099715548052
esculentus,1.1047599481111265
intemperanter,1.03680181933913
editior,1.0821559762918205
sollicitor,1.6323723376142705
magon,1.2236348627806386
obreptio,1.2743237216062728
ilerdus,1.1734964582224692
peditatus,1.068103128145196
liburnus,1.1769173678133344
commorior,1.1379788163802538
conspiro,1.0434451194862064
levissimus,1.663962955902822
lius,1.4600313619436156
peruicacia,1.0635317153346975
megarensis,1.0751615188772785
sepeliendus,1.0755801884488136
dinumeratio,1.1557079610355705
pa,2.2944850258982714
obstrico,1.1885960294871738
exortum,1.0964414244967622
char,1.314168254295999
transo,1.189788671091174
interpellatio,1.0993599719649452
tumentia,1.1581120469506674
attentio,1.0714472468624314
deriuatio,1.2986240273700629
irruptio,1.2154629353055597
gabina,1.123906011128248
assentor,1.0426677233456618
mandro,1.628670601752888
comporto,1.05171550223862
perseverantia,1.1260668535612437
propediem,1.0416006607749553
invalidus,1.1807133170389439
sollertius,1.1391923429225608
clisthe,1.3120855940847185
croeso,1.155241784441007
milesius,1.1063245512328104
inexspectatus,1.063605004616482
himer,1.0772656028776368
inspiceo,1.1647245930753756
barca,1.331958917412465
phormio,1.2431650513953991
oblao,1.3499381282971052
recendo,1.393700144418937
demidior,1.1800665364110936
cyzicenus,1.2378057013141068
uigiles,1.0865678446895708
dispensator,1.0730204795445033
sollertissimus,1.1081066764664738
provideo,1.038836260782501
humidus,1.069770288964974
clivosus,1.3378872642140618
etmagnus,1.8889781116902336
provenio,1.1008747041318392
folliculus,1.0682683927858396
uindemio,1.3736497946347537
acutissimus,1.049131515137265
ferto,1.8413945027997023
ternarius,1.296844874320831
fructuosissimus,1.0795536572505988
humor,1.0374612881718321
aequilibrium,1.1281111498940322
putatio,1.2353078344987134
prorepo,1.1137951818306808
columbinus,1.0862604103741487
peraridus,1.7133566775217688
quousque,1.0476132434292884
pertingo,1.0922466137014932
oblino,1.3268134174958386
excauo,1.0766338865591463
lotium,1.0532863624432438
tubulus,1.194398636536438
cohaisio,1.1236563280720793
superficies,1.1621630570597605
nonpossum,2.582187521932228
desii,1.1909752539867378
ursinus,1.315606656474643
quoquo,1.2743001047864213
argillosus,1.1325810972846082
oliuetum,1.0768955254690824
proceritas,1.0453792303137006
pomarius,1.0678342573520623
manubrium,1.601971267248278
talea,1.5010334514020172
serotinus,1.1036327910952708
trigonus,1.1601895724109546
ueletia,1.4690689959681462
primitiuus,1.4899950390384864
adolivio,1.1473219878689205
inolesco,1.1141772228900868
scrupulus,1.0369365813005107
anniculus,1.4173285765818129
ficulnea,1.1577590456826226
sarrio,1.2040106955133687
flaccesco,1.3645758649109248
genista,1.1488040560745014
grandesco,1.1764562007987205
exactior,1.0592867127745416
hemisphaerium,1.0680256142054936
bosphorus,1.1385161424336814
incluio,1.2367941105267022
aliquatenus,1.1610896509952149
maeotidus,1.200861786360012
inhabitabilis,1.1363040717862387
massageta,1.4620854837966115
vegetus,1.4836271204996214
maeoticus,1.1010639236918776
ultimo,1.3409700850905981
aethiopicus,1.2462183661119133
libyis,1.0449370068735628
garamantus,1.073616288194654
semifeo,1.4070344779811625
mauretania,1.1020495084950062
iol,1.7086373423449206
arsinoe,1.0824027780689969
uall,1.0970375659091907
mapalis,1.0471591936110443
sagus,1.2254693621629866
advinio,1.206138726382214
deltum,1.1456387384656588
hippopotamus,1.4997986825327239
crocodilus,1.561992628927206
aethiopia,1.1381847906087836
plenis,2.122739233376719
canopicus,1.4792852473505556
azotum,1.1513426897165566
mesopotamia,1.044632512266195
damascenus,1.3673211120072344
antiochea,1.12099276305156
immissio,1.2798482601778933
ascalon,1.212246735314243
phoenicen,1.1680244593439848
adiacens,1.1086535184180022
amanus,1.2060036456394727
schoenus,1.4368991674965037
hyla,1.2595064978197463
iasium,1.29376849931341
inchoans,1.1992358499211075
astrologus,1.0459594018114435
physicus,1.0798987327171439
endymio,1.2174280156062727
adamatus,2.0995013420017
colophon,1.5387028728442662
myrinus,1.200518755958867
amazonus,1.1309753281080523
antandr,1.1215784176247792
ander,1.3764760909993472
simous,1.409804354245316
apertior,1.0353197657197246
supervolo,1.5446127433099712
perniciter,1.584187524898675
distermino,1.094452579181258
caucasius,1.1487854918415505
colicus,1.6911871704888664
riphaeus,1.058365083246215
budo,1.4182324336122423
turca,1.270109056729243
calus,2.070109512528616
dromus,1.0224243656732859
memoror,1.161250704272146
exemo,1.9257574228860415
mansura,1.1845774060214054
alicubi,1.0446083164619981
obiectus,1.0617589316147957
orpheum,1.0963673374698988
callo,1.3438518268844442
leander,1.107404584531268
pernobilis,1.3848452484042952
caprus,1.3929448835319784
abluior,1.1165793830999964
gynaeceum,1.0562765864012986
ambulacrum,1.1753121083540168
mendo,1.469115306597361
peneo,1.5642858474838603
hella,1.3151133003690454
fermem,1.2629717733921915
rhamnus,1.2473322325546918
contueor,1.041134685051349
bucephalus,1.249016255092931
sicyon,1.2127819806498092
paga,1.7505754745832798
creusus,1.2667260118312815
parthenus,1.3213779454566277
uenetus,1.076863936844993
lucania,1.1595605876948132
patauis,1.0602693126482048
timauus,1.1886692941703596
picenum,1.0919451968632672
numanus,1.1946789654043883
cuprum,1.5693860932873291
buca,1.3502182074866813
canusis,1.059686080014775
rhegium,1.140883299008219
lira,1.2094688433317182
uienna,1.0719263751893353
antesto,1.2180866071152419
alveus,1.182071884574002
plumbe,1.5010216335077897
lusitanium,1.1153706696592103
cautium,1.2372182188269196
saguntum,1.237722054156891
calpis,1.1452451401943036
macaron,2.1217436722057625
aego,2.0432777884850473
strophas,1.1129979933522163
melos,1.1448649370878305
thia,1.4970180483961493
thera,1.1844926861324712
clitella,1.069977147924206
daedalis,1.1899134765239625
gortyna,1.142284757976554
hydria,1.2638617337847429
perfluo,1.1042317655028142
therma,1.0870692583207966
galo,1.1587526658151162
didymus,1.0503872615341079
palmarius,1.2056201570023912
antiquis,1.0855586773242478
ebusus,1.302349959603374
adspectus,1.0939566017086813
reciproco,1.0863373581537643
exubero,1.0567671341527094
ana,1.482877043172229
turdulum,1.1669631741156614
celticus,1.5041679898309261
superstitiosus,1.0159566789102292
aquitanus,1.2560526629441011
sequanus,1.3761283479692217
belga,1.1026808266141674
celta,1.4027872271667483
terno,1.5430239421772167
adaugeo,1.0333330459065706
morinus,1.3873888416242057
sagis,1.1189261008745213
moena,1.3925344448011665
germaniaa,1.5921196926072771
sarmatia,1.1642608915665627
uistula,1.2154947246889543
oxus,1.6098611240384089
nonnisus,1.8745991234180306
alioquin,1.222982829620865
distinco,1.0936371306960702
uelificor,1.2049779160851457
arianus,2.4084239345764664
aequabiliter,1.0472781605395514
chaldaeus,1.0419157489341415
macrobius,1.303682761195155
pretiosior,1.0384124087478295
helius,1.3151437119153528
absorbo,1.0904026177125068
gorgado,1.4857912469362646
exilus,1.3054480297224678
sala,1.2111015077972724
gna,2.376241740994968
dispertio,1.0608242771034362
uecio,1.100145888601122
potiio,1.1155542984093598
explicatio,1.066203814211309
memno,1.0505017009305182
cetra,1.7864284508786417
mentor,1.4713528817781383
diuinatio,1.0643470961404482
manico,1.561406351399482
cubitalis,1.408993084710325
intextus,1.1756628794182882
acinax,1.0674262811256816
cidaris,1.1536166140657176
fervidus,1.1563708687344005
parabilis,1.0809548541412692
nuptiae,1.0252939454901673
persae,1.1722414670346355
expetio,1.077157014945305
adspirans,1.4086743736236278
retrocedo,1.1122298160598296
pugnacus,1.2274626470812673
nicanor,1.0587638225368834
suspensio,1.6044047932805023
obequitao,1.148291321802703
liberator,1.1092784189511533
iactum,1.713857076763607
incitamentum,1.0579073377922048
provoluo,1.2645644831018839
perseveror,1.1310163470442272
satrapa,1.0745741805636713
mardus,1.198287065087284
damasco,1.2095489767666059
metueo,1.053424385735347
omnes,1.0594372179285512
mazax,1.6098337825079903
improbior,1.1437030743177239
anniversarium,1.0726481005096116
excudo,1.0646418446768657
iaciendus,1.100826741274599
accensa,1.269242445941007
strao,1.2431731577051217
everbero,1.219388736298679
carthagina,1.0970811099804259
tyr,1.073101602998838
intermissum,1.1100947449067937
remisdo,1.3121679978882947
diverbero,1.3729089124266092
ruitura,1.1807975802442165
subdugo,1.0921162162816633
sibimet,1.1521647569583104
ecbatanus,1.0459566630266155
temporarius,1.1203752477521998
beto,1.528573348390791
uicissim,1.048089424484683
sabulo,1.0767954435907523
autus,1.394524841955332
ingredio,1.1419706414474804
iouem,1.0649016072019097
arabis,1.169403033605842
nasamo,1.0523644462336632
uespera,1.0300996181981883
contumaciter,1.0686615608270928
pharum,1.7437785470292901
alexandrius,1.2349003958961529
memphin,1.1649454599791498
iuo,1.4573139418770538
reddiio,1.1615518748051932
portens,1.1749792383554452
persido,1.0803519878877468
malis,1.6473083346032216
reverentia,1.0424620901490371
questio,1.118307430799578
specio,1.4586373353663749
ultus,1.0624804828641525
uidesneo,1.021434754891387
hinnio,1.1091937137551473
conductus,1.2840865403639374
uersabilis,1.4269561708021667
circumstantia,1.5623845012558888
timidissimum,1.1752895488913317
deleco,1.0654852509322956
acinaces,1.2418602096590121
impluo,1.1798226414030208
susa,1.2807489731505737
babylonior,1.207599667977348
belus,1.629747694952306
laterculum,1.1352276421157876
coctilis,1.1031571112345082
persides,1.1253040099397333
debilus,1.1271084809639222
quingenarius,1.1060627836321957
philotas,1.0630814810383986
clementior,1.2477595169908269
subiacens,1.3507342354106961
fouea,1.0962325161757065
mes,1.6690746250897972
delao,1.126365172326886
obiego,1.3796749693078285
ergastulum,1.0419901015630706
cudio,1.5972572123179438
plumbeus,1.0504050835019656
reppereo,1.2207082184757998
persepolis,1.123686582214997
iniio,1.0845902251473523
patientis,1.390742682012359
temulo,1.2550061586294794
serium,1.0915003424678924
coaceo,1.235809022416714
fidelitas,1.0559918346578643
aestimaturus,1.2080814909133668
pessim,1.676776065976396
patron,1.3056597524220195
exsequeo,1.2088498457343864
intaco,1.5582589260421216
cogitas,1.0789697691701976
patrona,1.1031608105934687
conservo,1.1421347535551098
intego,1.1012305109586022
resistentia,1.8835112094810895
armigeo,1.1853697427052337
angustiae,1.4281819393706818
perpoto,1.1380688244314867
xxvi,1.184395185446493
fugitivus,1.2229321945784937
alueolus,1.1316833601922265
impulsor,1.2782290161946035
latibulum,1.12411995211178
submittens,1.2607636204979775
communicandus,1.0980676953912905
femininus,1.0553575296057094
uenerabundus,1.1947113784094356
denumero,1.2141267330229246
interpellor,1.3670040418864788
captio,1.1023426236770186
zoilus,1.7192509667267684
benivolentia,1.1234626498511266
ueritum,1.2123486128336471
celao,1.0667255349327291
philotus,1.0790590124547161
internuntis,1.2863201153126629
delatio,1.0538436374216522
congerronis,1.0766818372652005
exhibo,1.2800384777191331
invoco,1.1475308875880166
diuersorium,1.0648822084828071
adhibiio,1.25719266504928
verio,1.171227696382484
adfirmatio,1.1553626295513812
ignauissimus,1.195037733274032
inplacabilis,1.3163333389824232
calcaria,1.1564204460939382
euerro,1.5323027024696818
excepno,1.1924837459812743
temeraris,1.1504593892446975
satraps,1.3454485497860078
cyer,1.0914912530889513
hiscu,1.2925510740624464
cohaerentia,1.1451390643152792
xuii,1.0738801053934113
promethea,1.172319692222702
uanissimus,1.0985333848162602
hebetus,1.6656145807355494
mordo,1.0872463632119502
sollerter,1.0572868542311538
fluuiatilis,1.0893905621045272
converro,1.3322585617176694
honestissimus,1.0292112614641444
declinatio,1.0503609571515595
aestivus,1.1225563954045432
nudius,1.1952293742947564
pereger,1.8478380012018447
bilinguis,1.0696504538002323
ld,1.5239543057581424
percuro,1.3944803327359956
istrus,1.7779211466039622
menedo,1.1015686103539943
aspecto,1.0783588562640132
consaluto,1.073925542590422
absconditus,1.1065209765038964
pernicissimus,1.5761229790360587
indius,1.131680230420808
confesto,1.183143319638657
euripis,1.0487009920494899
procaciter,1.1448461874560674
uerior,1.0535405464399616
abusus,1.1631352236654517
adulio,1.1507379388413672
corculum,1.1504518158417583
oxyars,1.0707855649471558
uirguncula,1.1854719272104028
cleus,1.1604791153108642
adulator,1.0361692973964614
pervicacus,1.1308619696831517
conuerso,1.0789536708647802
gratuitas,1.4308048828391675
reuerbero,1.109396881244286
uiuarium,1.1712214823422675
obequito,1.2046263028350035
requirio,1.8890085259313947
xxxviii,1.1893890311201616
cavernus,1.2178369108208174
charus,1.1851071590937667
potiundus,1.0451081352494669
adiunco,1.3685280131883388
admetior,1.3449310532301098
praebitum,1.6222638610059665
parvus,1.8495061340924843
sperneo,1.241092940737669
promico,1.4595446352442476
plusculum,1.0561400087338009
iacula,1.1579186967539905
solidior,1.1294528730630338
obsoelno,1.09804872244589
condiio,1.1660517005251927
navatus,1.1158669623295825
insolio,1.0973612520104732
phegeus,1.1116627204263556
primordius,1.0547405630633944
alveum,1.3111996122331622
hydaspes,1.217527850128366
derelinquo,1.0917346592497081
metunis,1.6724818815134066
naucum,1.0684337085762783
angiportum,1.5712656790899981
obsolesco,1.0986956096356009
confito,1.155775953335828
scortator,1.0964703741793407
pensito,1.0894123495705652
riuo,1.406111599588288
pugil,1.0734105609136175
clypeum,1.1563071098911126
candidum,1.2563172429399616
praestus,1.5976386829082763
pithon,1.3060868609368983
adservo,1.3796690695367448
praestolor,1.0777547273297017
illoc,1.2799583021396626
evergo,1.0451234347333584
sitalx,1.1536763479245578
euphro,1.1545203427829094
praedio,1.134540870874181
coenum,1.954110842094805
quereo,1.0667855628389775
tributarius,1.2054344368720669
seminudus,1.1828798032060799
invictus,1.2140648803202305
uincto,1.152137459759489
fundendus,1.1466852426783138
ceaterum,1.1661164575093401
tractao,1.06931673471573
coitur,1.6312449835511524
addubito,1.0877122257941438
inducio,1.761587245587951
advenus,1.042471612012434
stygis,1.3496043144951848
sphaera,1.0319047404947064
notatio,1.0789302181588492
definitio,1.064971772930146
deformatio,1.118200920062827
zodiacus,1.0437717794421726
eclipsis,1.1073518118404
pertimesco,1.0558783224935753
scriptio,1.0611133862565545
breviter,1.1768028676107856
scientissimus,1.187583208326184
centrum,1.1273767456156212
centron,1.121092914198639
dimensio,1.0658362860457609
parallelus,1.0714769446063068
horizon,1.1685835406322904
antarcticus,1.0636222664872959
arcticus,1.1026502436091539
imperitior,1.2759797564695037
temperantissimus,1.2135093671995758
temperatio,1.1602001628975573
singillatim,1.0257168110418213
retribuo,1.126650333122113
uirginalis,1.0928219710601643
intero,1.6179356421512279
administer,1.0997638917230608
septemtrio,1.1264382262972303
contortus,1.1619378521886148
callistus,1.072983902506754
icus,1.2776711394354057
praeligo,1.2903546749162573
posus,1.6772429148720955
protus,1.5930459506702395
ica,1.1656164188267033
semimortuus,1.2535370666594141
icarum,1.0997413278086305
solitarius,1.0359998681011369
concesdo,1.0818847289458056
hermippus,1.1021133607238842
quamobris,1.1279583228900318
plutus,1.1738115704412906
plutum,1.3732091706961247
parius,1.1786818492217161
descensio,1.0685634798913681
stephanus,1.332091852731944
excaecatus,1.1304754107749893
maercurium,1.2374849631322447
caduceus,1.304421681437534
certatio,1.1684826191057578
musica,1.0294281222127812
ingeniosissimus,1.0700964420213814
beneuolentia,1.034175366564432
gorgona,1.2473990981845176
aidus,2.0478411373238807
genealogia,1.2171745271729246
quieque,1.1081948757099849
cistula,1.051133341724582
tenedius,1.1674261066433533
ioue,1.1880851121687468
beneficus,1.0636859244787011
phorbao,1.1814846825514698
aesculapis,1.071855290090702
revigo,1.2151920445167275
adrepo,1.1297467506310594
bacillus,1.215838614195177
excellentia,1.1047398702643703
recusatio,1.0502462854362007
vulcanum,1.392713851916171
interfeguo,1.1728332888263149
subripio,1.1211936077349802
atlanto,1.4055200193756026
suauus,1.1429891154800647
servulus,1.0455083478189557
evolo,1.0882467427125802
constitutus,1.1394913113293061
tostus,1.1820219155610263
cretheum,1.202885022750703
cretheus,1.1954662222613652
seorsum,1.0534567970227058
naueo,1.1627371687849597
atlantus,1.7643525450066058
mordicus,1.0682952616235866
sodalitas,1.0648502393137114
coniicio,1.1042888930516854
bucino,1.2483866872811147
conversao,1.3628758755879393
admiro,1.2442167138491915
satyricus,1.1677271569665544
formatio,1.132250363335186
eubulus,1.1323401552737808
concesto,1.2288016500022156
isus,1.6382504136585185
annumero,1.129906454755867
pertuto,1.2532823630399337
phylarchus,1.2154343174768902
statutum,1.1925144294733856
interitio,1.343952802927003
coniecio,1.1954289131177984
marus,1.0772844869627909
isum,1.927587434272493
planeta,1.2944169200186866
plagius,2.1318128791250848
enus,1.3597563184656292
optumas,1.2840431017189822
collocatio,1.052114260257245
antipos,1.0734094620814367
horologium,1.074082093207128
libuio,1.1078085133034026
cuiusmodi,1.0538199397476768
quomodocumque,1.1087170391893417
dispudo,1.210553506685269
prooemium,1.084006270705258
huiuscemodi,1.0749201428612434
acceseo,1.1591791511562728
depingo,1.034251487615095
humera,2.7707846428467913
navicula,1.381702027115337
converto,1.0647738725359532
transegeo,1.1285521152697182
admovero,1.1477480292810511
tonus,1.4024763583331536
caepe,1.138327580364811
exquisitissimus,1.1037762649249985
uers,1.8515110970048219
herculee,1.3168761904283477
deduxo,1.3603772778647323
computatio,1.0782783220516292
absolutus,1.0609846129172977
unguentarius,1.2530123217391291
novpensis,1.0504517128397395
lucilus,1.4821193441867562
dialogus,1.0811517788155751
epicureus,1.0239270052037306
iudiciarius,1.0912918929185649
arroganter,1.1063457081072
quum,1.017493605343953
postulor,1.4777886217818852
servilia,1.2270955475078147
pris,1.2280226520673143
praepositio,1.0421141109266714
praenomen,1.2498922366428193
subscriptor,1.163778264977877
april,1.343144774043639
conuocandus,1.1763976317247575
uisito,1.1414053562156636
raeda,1.0526844299517712
bo,1.2065778176936675
interfectio,1.3410487606469403
ivo,1.2459151818717924
ulueo,1.0765377907254676
alloquo,1.213001718728355
aggresdo,1.226830661231056
perlaio,1.4800199438875266
articulatim,1.1745790399184408
consulendus,1.077571841907981
crebresco,1.2137139153181935
martesis,1.0003299609424983
sallustius,1.0669827868007973
sodalicius,1.234179649281806
sortitio,1.1740795242663304
apprehendo,1.0621705885920663
acclamatio,1.0384383751672268
perfecte,1.0698594495584375
expositio,1.0629467073120125
postulavi,1.1649270983884468
perditissimus,1.0848904007738014
basilix,1.1198079644506764
sept,1.037900736840028
flauius,1.268603551409049
profito,1.1247860171931758
tut,1.398381708865961
favonium,1.1916673148054429
absolutorius,1.26332174719734
supe,1.1575783527010344
providor,1.110312571101908
globulus,1.2519987170480524
advocas,1.0511842509226017
tractavo,1.2634545597493276
quatriduum,1.0378627910720082
appelo,1.3468444732161464
xxiii,1.1454687690530645
lano,1.7192386341569388
ponto,1.4820729956384664
pecuniarius,1.0619171303883514
alicunda,1.0369705496614854
correctio,1.0989946460646745
factiosus,1.0603226519594007
uelutus,1.1138631386090785
uindicia,1.1495130922011094
cassia,1.3131280511519288
othos,1.0973702958629732
max,1.6444776618273296
enarratio,1.0496428964015112
sergia,1.4852878541456722
sexennium,1.0761765658626075
proticio,1.189419471234455
praeuaricor,1.0935781773179931
reiectio,1.1095350336285243
lus,1.2281327724954507
sicarius,1.0380930765893317
perperco,1.2033151885656046
agitator,1.2307702239456517
pugiunculus,1.113687311005176
aleator,1.0335135095176948
caluor,1.156952594241599
obtrectator,1.053056888693502
scyroo,1.038393770287008
depleo,1.192034862645276
graiugenus,1.1679567258007488
torvus,1.1457608691198304
scopulosus,1.3198570195593888
ceta,1.646146534100119
spumifer,1.3882431870879572
repostus,1.0860385607665934
accubitus,1.3386012869779158
parasito,1.3241094359952035
tritauus,1.410241752016001
bebrycus,1.0943830438759956
undisonus,1.1146908206256538
daio,1.1302515058485738
spretus,1.1285223576658823
progenio,1.718817142831384
tantidem,1.2626105908312337
transmisdo,1.4219861985120403
grego,1.6950792111218882
hilaer,1.1485795949523943
liberta,1.2339759506869046
quemves,1.176576079352818
concaleo,1.1883581078879557
congerro,1.11539751306189
missile,1.155026569330925
adfuio,1.036805791848761
patrocl,1.5104423728683856
opaco,1.0647329228290854
agyrs,1.2639707578023782
ostensus,1.2254166414068188
gluttio,1.369385434879366
pellucidus,1.1544827650748308
porrectum,1.8595717221050654
perstrepo,1.0715270376187562
caepa,1.2754420695086832
rheus,1.6693142656325681
tydides,1.2104976071749542
infremo,1.1678794069529452
decoraae,1.3565205860688576
uentosa,1.2287162457090328
suspenso,1.2340035422808286
exhaustus,1.0842574208667717
balearicus,1.303060042978603
suspensa,1.3253843422909317
delegatus,1.2361511154467903
imperitia,1.0303027437191614
praepositus,1.13214454175965
commentarium,1.1966329235790283
subterraneus,1.0548551571800087
erogatio,1.071333876837079
sinistrorsus,1.1456810626691833
salina,1.1724997726943784
anio,1.1535486376378885
dextrorsus,1.0710578387407428
aedicula,1.108348324613386
adquisitio,1.1998652037420265
providentus,1.1996278105569178
octingentesimus,1.1722671859968663
deriuo,1.0775557160810516
praesidiarium,1.1439995788728357
purissimus,1.0487730382345584
praeposio,1.074759010319655
tueo,1.245558416806277
adsistens,1.1997340982394877
pressura,1.1264348229515273
inibi,1.0822898706145794
neronianus,1.1333409037036066
octavianus,1.0531664233247653
quinarius,1.2586082119433832
discrepantia,1.1152484076323037
diuersitas,1.0387730982716108
uitruvius,1.141834940584104
diametros,1.0682902958884692
perimetros,1.1974481414633618
capacitas,1.1104362521362732
substantia,1.0481362413382436
diametrum,1.1469746702139907
quadrator,1.2448774586514122
duodenarius,1.2151780498660583
multiplicatio,1.1224749072182096
consequentia,1.1125866567317457
semiuncia,1.160212358242851
xxii,1.123600941624
quinquagenarius,1.167291029800152
xxix,1.2184732016331121
octogenarius,1.146716122619742
xxxi,1.2051409875405958
nonagenarius,1.1508801063430534
distributio,1.062680829819085
deprehendio,1.0785569162399509
curtis,1.1346310264873454
derivo,1.2426122295407127
omisdo,1.0971867205035706
breve,1.0292261621909984
xiv,1.0658726482506082
xix,1.1100016163193873
ciiii,1.2969194597642817
xxui,1.286856354792552
fullo,1.1252689138085425
limpidus,1.1387094814652423
treo,1.6846348359763963
traianus,1.1122284151111559
praefo,1.3365292144620207
uitelluo,1.1089904740550998
nonium,1.7217413613865704
quintilianus,1.1199111185042554
suetonium,1.1915590664638076
paulinus,1.1323473392441143
domitianum,1.1391906411706358
flavianus,1.1764892825288928
tio,1.2511168891446556
und,2.1935087254815437
adnotatio,1.1465905754570858
explicitus,1.1672172908732463
incubuo,1.232218172005806
diuerto,1.1502051825273352
enixus,1.1751413695708635
interruptus,1.121914574029025
choragus,1.2072748436578697
exsecutio,1.1119300197622355
subinfero,1.4985500149924529
phalereus,1.0459201472660546
formidolosus,1.028900591219262
intelligens,1.1431993224159442
illustrior,1.0460717043398104
theophrastus,1.0267061326680382
beatissimus,1.109129258469009
acquiesco,1.0442674828989942
succenso,1.230763994047337
concitao,1.4150796953649378
iteratio,1.1372198724665377
bardus,1.1648314171754914
exturbao,1.97711958703162
eloquens,1.0628111598232781
sceleratis,1.1808368905671724
efflagito,1.0413208572572743
illustr,1.0589492016419844
deliberandus,1.3298100465669276
recogitatio,1.2926903029904704
impetraio,1.1132492405358445
separatio,1.0946091016387283
quotidianus,1.102803538049519
commento,1.179411095010439
uelitne,1.1910175277585788
humanitus,1.1804994721348858
prologus,1.119262461099509
lyconus,1.1796539904304202
potatio,1.0878635107770178
asos,1.9940655414768493
scythum,1.2078112714258296
evaso,1.067796605854533
consequenter,1.2071063306181165
assentior,1.0412335464161566
stratoclis,1.5794227503988751
suspiciosus,1.0365973402850015
subseruio,1.2658014531820196
auo,1.1607068867837265
indotatus,1.5370370590923912
allego,1.0624714666724084
lemnis,1.2568509744683567
epidamnum,1.1305435899232847
pedisequa,1.210850559422067
percunctaor,1.2596581810580842
protelo,1.1471162230448764
let,1.9561960900134776
depro,1.2986305611200728
symbolum,1.1378961542901396
atriensis,1.083800463385432
opprobro,1.088316559362989
auceo,1.1035683997385464
corydon,1.0779279788644798
captaio,1.4770796757879587
triuialis,1.063262849743507
iubilo,1.2065024155985946
translo,1.1359342419200718
surrepo,1.1360215422175841
liquentia,1.1484520671357665
daphnum,1.2775412555151653
arbus,1.064357359615692
lycidus,1.0241523351587392
tityris,1.0283047079470191
alcippen,1.0998850894817802
passer,1.107497058506672
lycido,1.0527177204866822
tityrus,1.0399380793247388
palumbes,1.0567918965003549
manualis,1.1832463723919036
caricus,1.2145515255466985
meliboee,1.029399699031627
menalca,1.0470741030833897
amaryllidus,1.1609624633428244
iberus,1.1197557219301304
alexin,1.232077820314445
succino,1.2383554420396663
fructifico,1.4398144373673765
malignum,1.6098642135352745
calcator,1.2380949921078641
pullo,1.1544409001922071
queribundus,1.2174304008419805
arrodo,1.2148881074724396
obtusus,1.0559889101506437
fenilis,1.298548642702482
internus,1.1129909051298421
hystrix,2.5650574324972553
irretio,1.097102201761671
torque,1.1872241970117179
aegon,1.088931600956783
stupefaco,1.3082420056697295
arbutum,1.4048651737846172
necnon,1.3030103524187162
mandragorus,1.8363050913166117
hauso,1.1756364345761177
abnego,1.1456180077879443
eia,1.0666301146423471
marra,1.110832172548411
uera,1.4460808498505238
rudere,1.497831711841494
dirumpo,1.1219646922384208
quaecunicus,1.0481268121530667
maio,1.2680544265504217
purpuro,1.3035192780381624
planto,1.5725427098675901
bacus,1.838846678637594
signium,1.404591952746977
resolutus,1.3151110324456767
pullulo,1.2263602138401999
extermino,1.0797299892446712
sicanium,1.044491060742129
paphium,1.091383186293075
depluo,1.3727297414920612
melo,1.4333348540481172
molocho,1.9383370213676463
uernantia,1.689078796922628
alexis,1.1054709267261502
sirpiculus,1.0998589875291482
extendeo,1.214911772848241
irrepo,1.115595838336505
limax,1.0786819456864882
dilapido,1.2208085028941529
arcadicus,1.0886801177527003
tarchon,1.120759570874254
areola,1.7328326082735315
pluit,1.06807089729851
reuellio,1.5109791571858306
fetidus,1.1386560787108873
cereolum,1.5258141382771608
exposo,1.1332783577355097
nursia,1.2408558415067998
iaccha,1.2323054215378535
maro,1.0650115240926792
tibulla,1.0942047483322348
confitor,1.102313507933375
contexo,1.056536141389757
spico,1.6934666057671197
pugnator,1.2316132861885345
dorcas,1.3374360158264547
lechaeus,1.4526767022472775
aspretum,1.1399707309131593
thous,1.553001451158747
astriceo,1.1300509806267152
percenso,1.1644524863763173
aequi,1.1093414245381814
toletanus,1.4091795987488978
falaricus,1.2264146295339093
calles,1.2650452449365852
uermiculus,1.1292676809864248
collaris,1.1626427332265115
lucifuga,1.8277785645962206
uulcanis,1.3126899579220097
aggredo,1.1319431915812632
ilicet,1.0857506079076729
pyreno,1.220186809744583
cyrrha,1.1615105410380338
aetherea,1.2451450211242214
flexibilis,1.2297827152845209
stridula,1.1151609351863674
fastosus,1.2297341295827109
clientum,1.0610805021299445
lepos,1.052211126388892
mandra,1.4367484293339883
excellentior,1.1723366492161231
praefatus,1.5203241165682204
carbaseus,1.4314550715150933
illudo,1.0538919627968426
armenio,1.1212068700620368
aduigilo,1.1194300448300039
prosemino,1.3772996326564153
acherontum,1.3575375458234835
indiuiduus,1.0835554032499268
fiammo,1.354742680934792
nauseo,1.048581636126294
exsileo,1.6931714508547595
conuoluo,1.0710592746461438
notia,2.172567521666799
uerdo,1.2627944829756013
gyrum,1.2659426204954052
iux,1.3763307627171342
pienus,1.2882904604920642
sagitto,1.2366896330078438
exusio,1.1496486548454767
coeptus,1.1035623747761922
immersus,1.7975714401429381
futtilis,1.131512164223013
cometa,1.096091569539539
immersum,1.2723860887073075
rarius,2.425346737211925
uitas,1.0881897806564027
perdisco,1.0397563963376157
utrus,1.2008831033334546
quadrum,1.3716331569099678
centesima,1.1209757608565942
triquetr,1.1953153815808382
orscor,1.160527118922166
iex,1.3333934175227273
quotquot,1.0941801284133665
constiti,1.0626399736360752
terus,2.212600954306231
fiuo,2.25516325527825
uira,1.41071453196362
utcus,1.8855346726222586
daemonium,1.33799310795281
nomis,1.793710451369444
tempium,1.426150747387046
orlos,1.2273999669468818
pads,1.9630662332383308
crumen,1.3086813198813723
dicandus,1.4072046575299493
breuio,1.21368002404035
triplico,1.3474121378449844
animans,1.2555368973199268
iussi,1.1338327846262444
respiciio,1.0802746336082976
adcumulo,1.7264872687996062
iactaior,1.081855288612796
autumnum,1.2307844897474705
pauperus,1.2894688482033327
untus,1.773116509386553
sortiio,1.3877350680198144
eiecno,1.1259810764863318
expendio,1.2473845373743997
cursum,1.1493155163064104
touo,2.6160209534702137
animantus,1.1790642158301372
confusus,1.2892704676640268
undena,1.879037970033443
cestus,1.1727913122427016
cuculus,1.1164043313295275
percido,1.3564207833619268
morticinus,1.1226385715098248
portentosus,1.1023620350272882
aegyptum,1.2234273141708059
fecundissimus,1.3006431654628294
aethiop,1.108199853347223
complecto,1.1491209991641806
ecliptica,1.424501984742054
nutricius,1.54346826110028
salmoneus,1.4199729398639003
petulcus,1.266828356293059
stellatus,1.1362760587678178
concerto,1.0933634468743125
improuidus,1.0810454709823218
alitus,1.2433008460295067
macellum,1.0596449183615904
profoo,1.798443562915557
reuersus,1.3161426103784004
pactus,1.5397454703275861
grassator,1.0415097469332133
sagena,1.5942186585702143
hyperion,1.1471522246001737
uixeo,1.1402887856145352
calypsus,1.189433637802305
phaeacia,1.1252788763587498
ieceo,1.1949481062164635
seiunctim,1.6573384910995144
disiectus,1.139193425858251
simius,1.1496326629341946
impartio,1.2166466916403444
moecho,1.1903830604363683
nasis,1.146480254579985
cinaedo,1.3753301073566713
graphex,1.170643211215032
stomachor,1.0540887524140314
iocunditas,1.3419081469020573
suopte,1.0236364416226926
altrus,1.1823082119504544
paterfamilias,1.0478561882896569
sarcophagus,1.2594047656938265
serum,2.1488571287132454
submissus,1.1087094925114005
expingo,1.360358857024614
pilosus,1.1041519712646455
hui,1.0272173269255684
papilio,1.117640377574655
uespa,1.167399543664474
uulpecula,1.1547462578085639
grillus,1.3053000474825274
scarabaeus,1.1033795520890448
locusta,1.0960607064911085
calumnior,1.0601909216420495
tigillum,1.104533823534543
adnato,1.208014076923376
tenuitas,1.0454821569271135
intelligo,1.2411685965676216
uosus,1.3243020626467246
lagona,1.2753170977327895
nociuus,1.2075939312006383
libuo,1.1497598227403898
setosus,1.5287305986201236
concurso,1.2618915026461999
odiosis,1.1539467745549792
xystus,1.3429732871267457
donatio,1.0437078854950796
alapa,1.112240655097798
consiliator,1.2798352751076427
tintinnabulum,1.1229383082623756
rabula,1.106621989008853
phaedrus,1.0987387097815695
litteratus,1.0475289947697277
proprus,1.2423383947894286
orpheo,1.2033107006919181
insitiuus,1.1583480872313185
emuncta,1.2775664519039394
lanius,1.053366513396707
ridicule,1.0472561300086485
uentito,1.0773980129432514
eunuchus,1.0743069954241526
fucus,1.0262895452373029
libitus,1.0915425958652818
admigro,1.8978570791861253
baiulo,1.248337827996039
operarius,1.0480718119539618
apotheca,1.053519773225834
nasute,1.1639906165955713
mordacus,1.2265145984574348
fictio,1.0603870549372274
masculinus,1.1058187052787547
merda,1.1150287888658328
culus,1.1219616910220012
obsonium,1.0729799910386826
pelagium,1.3334014715469842
cia,1.5019442573416797
simonidus,1.2572785878253654
extrico,1.0942322954098274
simonidem,1.1253662826572202
promoro,1.1478534896123573
camara,1.1471497146145415
fucati,1.137300277640864
paenula,1.039666706120241
futilis,1.0672747876896715
translaticius,1.208934862618287
basius,1.155418565767793
noteo,1.8136097568938065
calceus,1.0261195029430297
protrudo,1.1017380273147659
pelusia,1.1469006531719184
quea,1.1010384160791409
adnixus,1.287991478499525
tenu,1.4507470079214593
solymus,1.223558652316031
acclinis,1.1943623292848078
ducus,1.7828774976913324
chaonium,1.2238344471004974
tegeaeus,1.0900410243096095
elus,1.4551337232200774
aulon,1.1949664050457318
bus,1.1716793719762095
bifis,1.1737885758126687
pyracmon,1.9572748626238694
aeol,1.1003837880930916
elysis,1.1305793206045007
infio,1.0792010965679248
furax,1.083976364618671
aco,1.1657323973686484
aea,1.8554618577383277
nihilne,1.0495071095887882
indecor,1.1303447126325732
reuomens,1.434662389215295
sepio,1.456102759937511
aduerso,1.1970202805173813
implicesco,1.2724323128876613
noctiuagus,1.3759194479531565
immutabilis,1.0606224838830383
horrificus,1.0379248155428988
sudus,1.390809896549846
agglomero,1.1114733015983094
condendo,1.291358401183875
thresdo,1.2566999665024146
trietericus,1.193714017211118
praefico,1.1822262322173323
illuster,1.3587991988395647
rotula,1.7928231787456
hammon,1.1656098592775397
crudesco,1.0905808104971066
frugaliter,1.8435415232685195
orichalcus,1.332661755228845
sonorum,1.933498065201505
persia,1.541374961895629
thapsus,1.0908869361647868
trilix,1.2158042517309244
nunquamne,1.0565497811987066
condecoro,1.14531964738235
celero,1.0437000291575316
ruentum,1.1526461121761613
reotrorsus,1.170032054992542
talesne,1.0722237610213559
quina,1.1932979865053868
clango,1.2341387952424072
compo,1.3985261356470362
pultor,1.3228966434955751
primitiae,1.1162418854444651
manicus,1.2925831398695322
praerepo,1.1810788770595577
spiraculum,1.1814459114660043
haeso,1.149288275218425
confraga,1.0600776436692532
abiuro,1.0993667435521073
armentarius,1.7453193907928592
car,2.2401793295411316
halcyon,1.1206575330167896
caucaseus,1.1583696011053701
iapetus,1.2581812978636315
auricomus,1.0665275246632506
aduecto,1.167909894235102
temno,1.038537303696723
oebalus,1.3931929983009028
audentus,1.0557243092982584
ueluto,2.5901373803406518
hyperium,1.5406264870476827
miserescio,1.1488601457281264
cocytia,1.6006580769510017
colluuies,1.1247752338905024
lapdo,1.3970631989545768
pergrandis,1.2130554816249803
affsco,1.3103050018376992
imperuius,1.1655867799692006
glacio,1.9090108658721223
appropero,1.1564514540309745
egenus,1.0462418344673035
creatrix,1.2000976260447518
publiceo,1.2685752541560107
sonor,1.1170990661752658
respueo,1.2234034943080785
circaeus,1.3161573751561138
hecatis,1.69422829687361
suppressus,1.460187406726802
subligo,1.1516019842415761
manipla,1.047021630950003
arctoa,1.2368262048966394
irreuocabilis,1.1778139136945975
concio,1.1340144181618415
alanus,1.3149498237533768
cateia,1.4353190363355957
aclys,1.125344014651486
quamobre,1.1548384609877917
temnio,1.165430026820453
monstrificus,1.219914252991558
sarmo,1.068367440054036
profundae,1.1497694357156127
recollego,1.4752083857794802
recollicio,1.4517897272726485
ripheum,1.4051239084404004
apr,1.1885643684650877
flabra,1.2097448644370594
audenter,1.2484689950285126
cadenio,1.4137223765431448
astriferus,1.0822362530608243
floresco,1.088279849795054
lucifera,1.2335532456620137
opipara,1.2163239490717936
quidne,1.2534943591238639
permixtus,1.8366056173113587
nescioquno,1.1628603125882426
tuneo,1.3863875141615962
nullane,1.0218187811248132
indiligentia,1.2387386396274602
postremum,1.52644731308881
propendeo,1.0674572505640552
hebros,1.6909875665584073
idalis,1.1583711207028986
cythera,2.3928231348232294
calentia,1.1482243644091576
coieo,1.2490108619441258
trophaea,1.0893718170925608
excusseo,1.273435596503194
cohercens,1.5597587606655046
libyes,1.4360571618202538
furentus,1.2175724717353664
senonus,1.2072628550934799
coherceo,1.1824548707252414
lingo,1.1366905460976724
batauus,1.0540772290584561
pictonis,1.1527446333512619
circumso,1.350423723492933
druida,1.8296696243963568
reditura,1.6372622306608025
illabor,1.0572775262003193
monstrosus,1.082842832133575
lucas,1.3070679703989572
diffusus,1.873255994548568
lagaeus,1.2657723258216116
nubiferus,1.10795878211294
conclamatus,1.2083431284426929
uiceo,1.6344091049550493
tanto,1.4301958823982721
mapalibus,1.1223865228114414
baebum,2.013426430355028
spiramen,1.2973741753869241
pacemnis,1.0816723340314867
incassum,1.317144578485403
discrimino,1.0799904934766247
editor,1.6905646505940983
commisdo,1.1758854421831644
luceria,1.06322551992307
nequicquam,1.0595223224339358
ruiio,1.3134013910273694
ehodus,1.1541180785794536
syllum,1.0769134979422916
trophaeus,1.2768432536594516
cretum,1.2686159258587963
hadriaca,3.3967146415810667
epir,1.116036574556197
bootus,1.0912711659129706
immaculo,1.878969575912944
assero,1.0521169654043787
tinguens,1.7200152264035597
marmaricus,1.1097635044182927
lambio,1.201848144570076
iuueno,1.4066455327401188
duratura,1.1558931672759882
prolo,1.0536658646675094
bellax,1.2221331087382157
cupa,1.3756484577553367
clupea,1.1212258274923679
stao,1.228404967035503
massylia,1.7328814699339072
exploratus,1.1651851034908849
surrigo,1.3273946696181176
correpo,1.2376189718489385
pharsalis,1.5422079423283979
lagus,1.2199158496491433
exhalare,1.7130552488686905
inarimis,1.4387977270427372
cirrhaeus,1.7775116365281831
uteer,1.1846860625883542
desaeuio,1.091080613736487
laurifer,1.219180676369506
decanto,1.0504763116477709
menstruus,1.1671027216649237
coris,1.325382457619433
adria,1.402776788368967
bolus,1.2554465151275354
quoties,1.0487901498387202
nullusne,1.0860820797404571
letiferus,1.3012150308294876
absque,1.0916394004330585
pardus,1.0680057615676801
percussus,1.2578915992861968
impeto,1.1689509119399792
suppretto,1.1281109981841662
euellio,1.1155652765179225
ulularis,1.463329233936032
emathus,1.593152599206824
arcanum,1.2044041413395326
excanto,1.313631952579883
torio,1.1209543403231557
circumlabo,1.743864642006671
suetus,1.1824027026966075
conspersus,1.2694616052395242
praepondero,1.0727330087148763
strideo,1.231333974692255
illisus,1.6284925945648243
illatro,1.3869065702251187
desueo,1.2799985351579264
recoquo,1.2012772598428716
signiferus,1.1337911014256579
euganeus,1.0503545785372694
sicci,1.1053680122461893
caetra,1.1608784367582647
remigro,1.1011854081717578
stridulus,1.2473418770852114
liquefaco,1.6757656463375947
confractus,1.3953698967604249
impo,1.4137222574166588
nilo,1.21211010791593
dependo,1.0685239395130377
lesbi,1.2345183880312787
inoffensa,1.090946167243399
securiter,1.0627188618736005
selinus,1.891007802772353
niliax,1.410922859666745
indiga,1.2219746629070023
pellaea,1.1116423908968547
pothinus,1.6390003799243258
mausolea,1.1530952170017257
uilus,1.1295867874317667
niloticus,1.1125185605254824
profatus,1.2361962927998995
floriferus,1.4731807632834377
gorgo,1.2077890121914785
libyssa,1.2315675391252745
scytale,2.3494832729783774
tabificus,1.1716136684220277
basiliscus,1.1209288015262662
restitua,1.1134411864801828
caelipotens,2.319331650686359
hauseo,1.1880285763328098
dependio,1.6063744775783573
niliaca,1.1095804560801739
iaspis,1.1023912982055901
niliaci,1.4902635797043584
cataracta,1.160967042578854
honestae,1.1297479678333373
fatuus,1.0257960195689304
capsula,1.1120038665448164
convictor,1.1045288787757472
comoedus,1.1826412465161629
impressi,1.8711408704345593
graeculum,1.1592996999555136
philologus,1.0924780497893212
decollo,1.1379846826805464
causidicus,1.0324919691658307
praeputium,1.1792234979660994
qualiscun,1.3838401684770927
notarius,1.1570374897526916
larua,1.161930207379398
diespiter,1.0538045169737476
antecello,1.0326983277544213
agathum,1.7678911186137771
iurisconsultum,1.0744993718451357
reuiuisco,1.0424322949655835
edio,1.687856842769462
pantomimus,1.0633899525045976
percrebesco,1.0830944223195276
sufflamino,1.2065438899230754
fritillus,1.2088146578184236
discessio,1.0543923577429217
uacavio,1.2420464741644037
malevolentia,1.19218818039905
converso,1.4432859249647227
noxiosus,1.224160205681367
sublimitas,1.0508116674983319
diffusio,1.7575563105851255
titillo,1.068793498210939
uniuersum,1.0842698938376625
stultissimus,1.0792347663377777
dicacitas,1.0741061608097466
suaso,1.236121515141133
accerno,1.178125392583446
abscondeo,1.2755901476774818
paedagogium,1.1751841730920263
acto,1.2309866843543364
inveo,1.6105160535002763
sentia,1.1678025047743066
dispositio,1.0610460766465482
indifferentia,1.2726176293313158
effluxo,1.1438105219123105
hospitor,1.1351161944970205
huic,1.014041915288185
expugnator,1.0981482658454629
democrio,1.156743041842712
ruptura,1.198569393645428
senecus,1.0612828053587355
assilio,1.1507163918080912
uernula,1.8493509883434076
assector,1.159296976317119
inelaboro,1.2314165798488907
serene,1.3652890014394878
oblectatio,1.0575790381544288
assessor,1.1097008912747228
subverto,1.2517035468182727
obstinatio,1.1390490268171067
circumsaepio,1.2857663883672632
irritamentus,1.4708228603099218
isocratis,1.0621644692104473
aegrotatio,1.081624286455965
eleganter,1.0305590580380268
dioge,1.034518701257636
plagiarius,1.0765860782919612
astupeo,1.4803451135298995
uestiarium,1.0923214249672673
euersio,1.0754672520367397
contractior,1.1531025082354323
bibliotheca,1.0357936588784038
armarium,1.0708433850597794
compedio,1.228246509422097
assiduitas,1.0526673231347787
alligatus,1.5079063174142826
pedetentim,1.0881478570048009
refugius,1.5530590991688182
mimicus,1.1407834593491737
demiseo,1.182980557893979
mendicitas,1.0335121088519355
resaluto,1.052622610258399
auscultatio,1.1237718594993134
obstitsum,1.1084948581882206
theodorus,1.292381012465843
altercor,1.0654997994711628
annuens,1.3239137312083333
oo,2.640311211837985
tripudio,1.1942304683512714
hebetatio,1.1258828456706749
huen,1.7589567299279747
menstruo,1.0966360043509291
audacior,1.091795829715102
exsultatio,1.097907452115308
gnaviter,1.0852001485120977
excusatus,1.1981397899836603
quietissimus,1.1332788170442616
profutur,1.0593733985210765
fenero,1.1448757965304097
theophro,1.0641703523432378
neglegentior,1.4493481084250817
congregatio,1.1721992052036954
lucellum,1.0913387445310172
exceptio,1.0322773090500765
mercedula,1.081731684607286
avo,1.5234161493108394
antecessus,1.727539520934962
assensio,1.0861047194225677
errandus,1.0864335933867566
allido,1.0780210674359454
erexo,1.1687053207764668
impatientia,1.0440978642601881
convino,1.147259066047272
eversus,1.1509638761017094
distinctio,1.0454007911096528
irritatio,1.3114495962949388
appetitio,1.0914102364856535
insusurro,1.1097144703131223
infixus,1.1519820881691307
erubuo,1.321212179439677
temperatura,1.3873290699375358
exscribo,1.1280978754351765
diligendus,1.175245255823578
peccator,1.1096495875294374
laelis,1.1368501396429997
pupulus,1.085226191099164
pacuvius,1.0716650229187852
daemon,1.2462562282296095
obrussa,1.2571174922533577
proiecio,1.0852954802944783
contestor,1.058414625452724
intellega,1.2349482998572212
uertio,1.213197498229074
civila,1.2072349695712634
aduersum,1.3679616052684556
kalendarium,1.2564181945764352
freneticus,1.7445464518376408
fullonius,1.2294572914005637
pugillar,1.0591143198720165
mediator,1.7072851198640784
recordo,1.0488456844466134
philosophao,1.061246352862621
elaboro,1.0335254153299347
additamentum,1.1740348294148026
ualedico,1.159794332545123
hilare,1.2141756749255652
festo,1.1429586695333938
uomito,2.114313752585124
sagum,1.1240243049288539
saturitas,1.0719827431977222
quetus,1.914230523922154
numeratio,1.1999267336758388
exardesco,1.0999682346219017
affatim,1.0500736675683693
commonefacio,1.0425946345814066
preso,1.3943595694287712
adulterus,1.2045481175489423
conculco,1.0710970882073518
praeloquor,1.2831512939569454
irreo,1.3186936666969802
maiusculus,1.146781493261575
personatus,1.2522402810439743
excarnifico,1.2095593539073772
particulatim,1.0886738303947565
puerperium,1.1477759826264378
desinus,1.3372820787139428
cantilena,1.0766253194475675
clepsydra,1.0649454765980657
complusculus,1.073054656966553
uasculum,1.065866418423007
profego,1.1129971811554895
interquiesco,1.2913711241372914
delegatio,1.2527419290767687
calvisius,1.1648983034030465
hesios,1.0848366655458708
lyrica,1.1829043230482312
aegr,1.1324728441543837
ne+cdum,1.2051189131845006
colluctor,1.088516952539533
peripateticus,1.0286386681737887
essedarius,1.2422556976093717
academicus,1.0985272708486686
attempero,1.130133420310116
revixeo,1.6718350687230261
homunculus,1.0326980099229324
distractio,1.1027591036432978
expavesco,1.2208359529630923
incubeo,1.189662879535651
poeninus,1.1264139495477516
hospito,1.093392519276359
flosculus,1.0456560056043498
excerbo,1.1369680149947459
invinio,1.5183323808243885
palaemo,1.1356026999880804
actuo,1.923736088867964
nugatorius,1.0806979916680977
aristos,1.1312677101769493
elementarius,1.2358074749147645
conseruatio,1.0863840666930342
horsum,1.1216556512679285
breuiarium,1.1951505309649848
summarium,1.1816931415489145
inanitas,1.1826074844690047
tractatus,1.0856851949506874
laxitas,1.1335178612062848
quingentesimus,1.1061660463284886
impotenter,1.3374286592994378
subaudio,1.3954763260742937
uolaticus,1.2192285203216915
adventicium,2.1454421482329646
experiundus,1.26569010794854
emancipo,1.1163270020834464
consilis,1.3023277187846691
collectio,1.124938890863558
praestigiator,1.0817991331790622
sophisma,1.0637460828880667
compoto,1.6551881988978445
cenor,1.3076963608207148
altilis,1.17201258522864
ornor,1.1299983107830505
obsonator,1.1197730608242458
dominicus,1.2177182879088235
nauseabundus,1.1517097352646275
algor,1.113295780240618
expereo,1.0824989460336993
stultis,1.1942873409663188
conclusio,1.0585015692145245
grammaticum,1.0283637042119094
circumcurso,1.1863151187717578
perrepto,1.154622839875894
praescriptio,1.052080743978378
quaestiuncula,1.0894598888852236
deversorium,1.077747942431772
comessatio,1.1485243189380234
irritamentum,1.05209842552867
baio,1.5394169908267454
eligio,1.1481521503400922
baus,1.67401198943142
invisus,1.2009546238698916
phil,2.472020643471493
absolute,1.1183292721067994
auditorius,1.1085102387709695
inoffensis,1.1107389201958562
corporalis,1.117585805930396
superfuio,1.2199104387709114
suffocatio,1.254799844911518
circumspicor,1.094569538359481
turpissimum,1.052646650387464
avoco,1.233163278506528
auocatio,1.321069547821598
lascivire,1.1508116626335845
recrudesco,2.072973357007207
glomeratus,1.0885334787374394
ceroma,1.1944883512720244
affectio,1.0443246847489724
essentia,1.2035805504403663
specialis,1.149597293242686
generaliter,1.0962791482706136
idea,1.0864356336456955
eternus,1.5719051869579928
fluvidus,1.2896687768575041
reformatio,1.1231589488112022
platonicus,1.049857745074518
habior,1.185278461612153
imbecillis,1.0403311158243134
deductio,1.1234284959724632
noviens,1.0634188008400756
demonstrandus,1.1082422382756854
elatio,1.0806915873330174
translatio,1.0573990033715701
plausibilis,1.0614912301403192
parabola,1.1983200165364176
adminicula,1.1836427294815384
temperantus,1.1541438023888
uergilianus,1.1087648860525292
constio,1.834712639932356
oblivisco,1.1692960213502328
suaviter,1.0432635714860465
placenta,1.0641320138443842
retractatio,1.10472983161466
annaeus,1.105963550014888
antemeridianus,1.1914111560438074
evagatio,1.2861662818260153
palaestricus,1.2505183841426442
honestamentum,1.332113641003132
ordinatus,2.5759651588193275
imperturbo,1.1787641663117374
temperatior,1.2439439239641743
inseparabilis,1.1645687184224043
diuine,1.076889857351962
indeclinabilis,1.2058164207126076
inflexibilis,1.2374167831885188
phalaridae,1.1257004840577245
morbidus,1.130966636745231
indolentia,1.1584249490187728
adhic,1.5440046235795193
amplexo,1.1903699692048861
digitulus,1.138453641980109
tractator,1.3074564660866042
tolerantia,1.0956207927433053
confertissimus,1.1058786213482648
dementus,1.1536531834628074
uilissima,1.1514722828671888
bestiarius,1.176367277090842
farcio,1.0924043551322615
mundissimus,1.195529261265493
sequus,1.3507382590860877
intentissimus,1.25401369658028
litterarius,1.0446209345641233
innigo,1.1061030362885733
exitiosus,1.1235309638388007
irrationalis,1.1846229908376307
stabilitas,1.0439863748993488
perbeo,1.3715143000413157
incisio,1.352633352234106
praecipitatio,1.2100592371077554
compendiarius,1.082051424933157
similiaue,1.3059582517525357
invado,1.072890515416951
agilus,1.7685939000372015
caecitas,1.032414709194114
anancaeus,1.189218308665127
convenientia,1.1101584309415837
putide,1.1519516358196114
mobilior,1.1711389072787122
putavi,1.0843740333217897
dehortor,1.0503473451508878
summula,1.3372058695065832
surrecio,1.186464619277196
intercapedo,1.070239725636348
intepesco,1.199937461297741
posidonius,1.217593237360711
ovidius,1.1559745621347104
iurisconsultus,1.0894136228909888
eloquendus,1.0670571633041368
admiseo,1.055992765186286
disieco,1.136669906961883
eruditior,1.2172668130047726
indixo,1.1560640937882045
interpellator,1.1862893668773775
ferventus,1.2769795077759112
benignior,1.4218718311383465
manifestior,1.2031960123569658
talio,1.1426946131602507
paradoxum,1.0787524132088726
compensatio,1.1741193745678113
obrigesco,1.1220873056554024
ineptis,1.2041642574600235
adiaphoros,1.2236567281910267
indifferens,1.075297064855595
circumscriptio,1.060864725459496
evincus,1.220098872043042
captiosus,1.0806313763724862
inefficax,1.0611661393372835
dormo,1.1781913321010131
probatio,1.0425439709023554
sanctis,1.2064116679222956
ebrium,1.1951083038264272
ebriosus,1.0671065045336972
tillus,1.5523765109961285
matuti,1.1087141816972592
syllogismus,1.0541830017268725
intolerabilior,1.0804316493297732
uinolentia,1.1526774723950457
memoriter,1.0509203405496812
argumentatio,1.0568316385000756
commissio,1.149119425032618
organum,1.03823986788526
demoror,1.1415083337812582
tardissimus,1.069348359214838
immodero,1.2315270386329102
moderatissimus,1.1052290753257574
rectrix,1.3147993704843293
inserto,1.376259069702847
bellio,2.582726543319727
uoluntarium,1.2870193377976842
cisterna,1.0775748179717153
balneolum,1.1705716616880044
pauimentum,1.0426723241337346
crustus,1.3477762660755819
rimi,1.2429721892535446
nundinus,1.0623477449922065
spurcior,1.266939136504912
capillamentum,1.6077221801378865
opertorium,1.2361433736914913
caballus,1.0498176718513823
lanista,1.0592589576058795
grammatix,1.2331199539715625
gubernatio,1.0846111198457553
sacculus,1.0943621992842023
propositio,1.0566864648753427
interrogor,1.2043987807279437
temperatissimus,2.2106760164702925
flagitiosissimus,1.118378474081311
modificatio,1.3397373503375651
musicen,1.1189216980313514
statuarius,1.1104457332812128
marmorarius,1.12216753664689
accommodans,1.2210502658372044
litteratura,1.1310422713263812
vulgaris,1.066841120107073
moralis,1.0699269267875082
syllabum,1.1196061215379962
protagora,1.113045102790651
megaricus,1.265018155419621
aratio,1.2494332492717939
beneficiarius,1.2176295568167073
beneficentia,1.054595830738574
receptura,1.1512790101145458
lacunarium,1.1548128651806893
spissao,1.1458255831003796
inpenetrabilis,1.7607876371776754
uirgea,2.11498169222452
textor,1.1365825069894826
minutia,1.3487010006883697
tubus,1.3043227047341244
effeco,1.0529985280052139
genium,1.238318789653259
inventus,1.2044009422591333
invineo,1.1519398507969754
exercitatior,1.156188377785977
politis,1.2157894500371826
scirpus,1.0873783488044728
uelitatio,1.2295378427777215
celsior,1.1628613603895719
defringo,1.2186912004683805
igniculus,1.088367533292836
titillatio,1.1939907957781792
dissolsco,1.1367877449394725
adstruo,1.2932015641856611
conruo,1.4075516350107957
adiacio,1.165120449902792
misellus,1.0328920506568018
praeceptiuus,1.1893646632873085
ignavia,1.045322694444216
scitulus,1.2893058387427074
uteruis,1.1017658826566472
ineptior,1.1126117430257412
suasio,1.1091203130485991
imprecatio,1.5888685738400046
teco,1.1831800327311466
elua,1.2024435298878302
minutissimus,1.0769051337551334
discrucio,1.0686898790058872
pliraeque,1.1084015584677103
contemplatiuus,1.2576983838667644
dogma,1.0837194643832178
astronomia,1.1210268438940272
actiuus,1.1087871622644212
palpitatio,1.568365291196449
quassatio,1.2024146600819599
ductito,1.5212252483327215
boletus,1.1129036387905042
praesentaneus,1.0851361353895095
peruersitas,1.1554573184988766
flagitiose,1.097405683163036
licitus,1.8303097664211376
ascensio,1.2387507126951964
progne,2.115549212618407
fornicatio,1.2384573671873627
praeceptio,1.085377347016619
descriptio,1.041003415839615
introductio,1.2174664455415556
senatusconsultum,1.111686070839671
frugalis,1.1315873375273762
catonis,1.1086510275556731
fructifer,1.1787808961401798
evenio,1.0715887706964962
obfirmatus,1.1215397298178258
tumultuo,1.4004399513487564
invaso,1.2016363014544862
successo,1.0901837485372186
redio,1.0979344674343623
diuulsio,1.2685176084036678
secreio,1.1757077807068677
inconstantus,1.2758268338130139
prus,1.0813109313153075
gar,2.009367024600147
henm,1.581223036757378
exiliens,1.824534799641427
eloquentissimus,1.158733538574169
praeterlabor,1.1989192786196219
argomentum,1.960883352727249
senecio,1.0883773473814828
districo,1.3580822703780142
mendicatio,1.358788083864581
provo,1.2767374386771353
convexum,1.0853672358781807
decretorius,1.1346245041111602
inhabitas,2.3541665102691596
olidus,1.1496814278370218
imagino,1.0416267222210323
argolicasmedius,1.0389878306780662
aversus,1.1076245005207292
extortum,1.1890505847088235
convivo,1.1181024026529682
socratum,1.2011509193014098
laudemo,1.311682036793861
iratissimus,1.1933618156449377
eblandior,1.0869601639444206
murmuratio,1.157908627367619
conversor,1.3052384065793687
unguentaria,1.1205257273121507
semivio,1.2211521174783144
excussio,1.6140766219062888
proximior,1.1483081409666471
excolor,1.1141272060955394
concitatus,1.159255322265652
subnoto,1.530477148410311
ennianus,2.3820426650904905
auditio,1.0927923595536941
obnoxiis,1.108728689117192
commonstro,1.0642864646479
circumspectius,1.216253407778267
intendio,1.1629219748804602
suntne,1.0646348185232524
emarcesco,1.1334445752603386
iniuratus,1.0501614812963873
pauxillulum,1.1447887705289297
exoculo,1.3211613029221567
textorius,1.174793788777079
ridicula,1.2855917040288303
pusilla,1.3019852050381064
sallustium,1.6548065014899676
infulcio,1.1449969049924826
concinnitas,1.054065176163016
contrucido,1.1368443620679012
pronuntior,1.1386424003741449
homuncio,1.0285759828730234
praesumptio,1.1106350960938214
lippio,1.0931595559758642
effatum,1.1918975877829405
tonsus,1.2387701947325809
intercessor,1.193297816756141
proxenetus,1.177722883134077
constitito,1.3158365481778052
analogia,1.1027217032318788
uictricium,1.2239956973570438
proto,1.1948226679376523
maecenas,1.0330095786591846
posidonis,1.1459266986554848
conciliatio,1.0587188575045365
mortifera,1.2538851104162527
caveo,1.0964182085291703
perverdo,1.384933043720379
conuiuor,1.107218148402939
averso,1.2277203494387992
recitatio,1.0518095254335642
fabulator,1.1055030504559409
lucifugus,1.2153286633208433
ephemeris,1.1183661731818084
superciliosus,1.1589484562289656
sensibilis,1.2601471447147359
intellegibilis,1.1322416523645136
proieceo,1.850571654597349
turbis,1.2520337544014088
lepusculus,1.0814610681606285
aemulator,1.123888995736351
contradictio,1.0653168551377588
uastum,1.7033863518243015
lasciveo,1.2715485559768986
conuentio,1.1638845118428598
comminatio,1.1154852451266715
cauor,1.119246930032657
sa,1.4984007856566925
morosa,1.2031312131905716
persulto,1.157654393447831
complano,1.1293567723847315
quippiam,1.0550686285730817
impos,1.2250394936344695
nut,1.474828810594931
puluisculum,1.271148935035329
sobolus,1.0621412027548083
nescioquum,1.115869782592762
utrumuus,1.239427363414307
caerulum,1.4206852565135002
pelida,1.114415974369759
sufficia,1.1474256434737202
herceus,1.3164349733279601
noverca,1.0653040703273235
decennus,1.1378648214734308
latrantus,1.2489579557642163
sceptriger,1.2021868527007225
extuleo,1.2553507918402724
menestheus,1.151157358996189
pandarus,1.106341038934302
ode,2.09606820173544
infeso,1.1296419289244402
diverbo,1.1337105021650504
troium,1.2060229781907243
caes,1.5087760950064355
asius,1.612889878445985
oppleo,1.0407505317052004
pisculentus,1.2160183879733655
uinitor,1.1382519722402258
direpo,1.1301695818608264
afflico,1.1936556705242563
iliadis,1.2828130044077062
collapdo,1.2205299856065597
illuuies,1.1954885407161324
megaera,1.163247240833453
cumulate,1.21129728651819
melleus,1.1630284685627963
praelium,1.201094165014053
novor,1.17993665122156
basia,1.0171265734885555
disseco,1.115619131720759
defotto,1.657081981092698
infrenis,1.2110828863205052
tritonis,1.1547321106926252
adsimulatus,1.0923202870765922
calchans,1.22721555565845
telus,1.3439975903363515
arriso,1.6735254024060071
spissata,1.0666409647035202
stilla,1.0715943147023186
infelicior,1.1241665012746465
sceleratissimus,1.0473256895003034
inconsideratus,1.02546421568981
spatiosissimus,1.2277360719757133
profitor,1.0772615909594665
incallidus,1.0758375900522246
indubitas,1.118092492255858
plico,1.256681610775878
ominosus,1.084265058775561
obiter,1.0297034661592992
matrimonialis,1.1899109447134364
impudenter,1.071323136322757
nitidior,1.1022351493185178
negligentia,1.1392486583087078
perierum,1.2508395734093285
remunero,1.0440551758351853
flagranter,1.2767414222109053
ecquo,1.0933806193562698
proclamatio,1.1062610125194403
innocentior,1.3870572368492307
reatus,1.161571818997911
uoluntaria,1.1799539952571763
voluntarius,1.2151949491072593
adfuo,1.1858147089596383
peractus,1.4118551556412047
obseque,1.2133231391491675
mathematica,1.1927265447447626
cre,1.8038554723627784
atqui,1.7185329774416898
attulo,1.2074776428428309
monstruosus,1.2559077696324856
contentiosus,1.2732366104884902
debuo,2.056090837921293
paupeer,1.0753842540697036
taxatio,1.1169808868702076
pasceo,1.241455603308799
extraneus,1.0456635655540407
prosperitas,1.0941416664677581
ress,1.1248358643769933
impatiente,1.841229399062595
abiudico,1.1478940926875085
triobolum,1.3028649458126365
colluctatio,1.428413335625304
transtuleo,1.1410443825660292
obticesco,1.2812296958598264
redembo,1.1082482412392245
sustentatio,1.163850278211924
prospego,1.6028969287583255
emensus,1.1292526310971587
sepelo,1.1721978948080343
tuleo,1.1836698697845858
corrumpa,1.1879481566471135
subterfugio,1.1503912322076324
lator,1.0684752156363098
tamenetsi,1.106232564714794
colludo,1.2014693587006222
indubius,1.1820322421440466
credibilus,1.2897240977659317
tractans,1.2062974285495296
ha,1.6570705242979888
citulum,1.3490025855617012
fraternitas,1.1029027129006401
religiosior,1.0216321753786832
arrogantus,1.6904176508081599
concesso,1.0599927847876536
commiseresco,1.245742369954064
agnitio,1.1352318669563544
indiscreet,1.2514824471720383
peregrino,1.4773859912465765
ainus,0.9999998807907247
cautissimus,1.3669929036569624
involveo,1.2573816729668594
pugnante,1.2193580722398396
amissus,1.0879138779113982
conditorium,1.6057353598051818
perpesto,2.150376919935219
redempo,1.0617318530326871
lentior,1.0946893796074464
conquero,1.7063176061293615
confector,1.473607249594076
admirabilior,1.123522988429543
muo,1.1844171760517417
obtestatio,1.0808224736027472
adiuveo,1.2476465911955672
affinitas,1.0232498624208046
inhumanissimus,1.145442804858849
incendiarius,1.2021349102304757
cellula,1.151585779852471
incanto,1.0793169710549662
conflictatio,1.0778545028868873
impositum,1.2044956249379435
idne,1.1132802665733426
quisve,1.2093609982242943
iniurius,1.3070221484309938
transmigro,1.139525210507541
repromitto,1.080262252387016
desereo,1.3590457559225102
detestabilior,1.0570064189459079
praecipitium,1.222227127483416
gregatim,1.0472163858760124
habundo,1.1851139399236839
egometipse,1.0854054345007627
onuso,1.0917771439329254
iocundus,1.1238265852804392
lenocino,1.1826494997542316
suspo,1.5727965663472179
triplus,1.1319668671349659
quadruplus,1.0945263362401374
partir,1.174400211007118
stipulor,1.0565793242362587
egresdo,1.0882493544987768
novendialis,1.089432086371625
profligata,1.2280735297454655
multerosque,1.0501900107728064
flosculum,1.1343639773316738
oportunitas,1.179575115159486
porrecta,1.1328863204370614
aluearium,1.1854588600126563
atquis,1.0827329772327619
abaco,1.1147322222033966
transcriptio,1.206254496793728
pi,2.161420487302124
vividus,1.1646899057388753
momentosus,1.1347967199879656
divina,1.2005306968605636
subducio,1.5933456618097332
praesentis,1.243031680933279
nocentis,1.2437403090028827
nocentissimus,1.107409701264617
praeuaricatio,1.0853531227291056
prouidenter,1.159810848948213
amaro,1.17239874712809
exosculo,1.1556710224371016
admirabilus,1.3312535459037322
secreti,1.1417439473616335
everdo,1.1259029438120796
profecio,1.087298787182003
notabiliter,1.1313079874696628
probavo,1.10825519597342
absconsum,1.4065987133774056
aptao,1.2403794386965308
convoco,1.0911623620496054
compereo,1.4671516007985848
invise,1.967890151456504
recesseo,2.1650135374513355
extergo,1.3275459185155098
nefande,1.1882912779820685
publicatio,1.129822450388153
absolvito,1.035543043582117
oportuo,1.3169944496506716
denotatio,1.269094109790772
interveneo,1.1430225222340464
praescio,1.284443202150628
gnus,1.418619776913349
barcus,1.2523370262256615
belum,1.2496240264368388
iuror,1.1191553204420557
sternax,1.4114547538962574
chremes,1.1972627088974235
iempsal,1.2060001779828333
chelydrus,1.3655618160069751
metiscum,1.306447508382742
galaesus,1.0881093239722244
spectatus,1.1355702635630267
tramitto,1.1410757355208623
pyreneo,1.128156133669012
saguntus,1.0546985912408149
uestraene,1.6286307601745156
samnitum,1.1606291598562932
pactor,1.9001352853535625
garamans,1.0982018183165425
spreo,1.1721435978637178
annisum,1.872234397113022
micipsa,1.1322731347513213
assulto,1.1345663431781974
minantus,2.125506657341433
laco,1.1597253054859062
aegatis,1.293114349160735
gestor,1.1935066448375686
pauesco,1.1364500080878812
ultricius,1.0754226493773085
condenso,1.1687108568406497
miseresco,1.129085437091833
infrendo,1.0779121886482024
capitolina,1.4748228468452629
milichus,1.1574131263183884
exhorresco,1.087531726289349
quosni,1.189142110611119
inassuetus,1.4891788939991133
rubra,1.3266226821170846
hamilco,1.0704460149193127
ruspina,1.1518523011655755
zama,1.0524882303131027
macus,2.083457822381826
massyli,1.1395671615980116
gaetulia,1.543134217284518
autololo,1.0991950303422928
uiriatus,1.4858715161468767
uascus,1.561565924142027
sucrum,1.7380779200436436
celtus,1.4826581950828557
tricorpor,1.0772179459874967
illapsus,1.2756528997482182
desuesco,1.1931078976083818
lapso,1.272984464053277
diuulgo,1.0691435147215158
chaonia,1.2854764560934646
carpathis,1.0801952039615619
circumuolito,1.265955229662616
tulle,1.4300199750173774
annecto,1.4220722573269218
laurentus,1.2137057496299861
batus,1.4820121184753483
plausa,1.8526300725130194
ses,1.7883317042388789
sonio,1.352363062206449
sthenium,1.1400657026008685
fucinus,1.077284279441774
saaturnius,1.102593575321149
clitumnus,1.977721362369246
fugientus,1.1715005250282555
labasco,1.1485026974782075
sitne,1.1822108206306203
thelgon,1.0821455062869025
mactae,1.4140763899904538
forto,2.033159696354532
clusinus,1.1131592748056758
bellantum,1.161976077743697
hortamentum,1.1461538041131751
maceo,1.2274698314597412
lateranus,1.0716109470639823
nerium,2.1341508394118915
abundanter,1.1627939019567428
buo,1.8069227178645566
uiridissimus,1.2702789815336053
luem,2.8688277585821127
assueo,1.1785707311062659
superio,1.1725838510367312
aquinus,1.2817046108074643
exsibilo,1.1104051639363683
semesum,1.8602280122094672
balatis,1.1615476930451902
hiscis,1.0662230578301468
dator,1.152150989513755
sarranus,1.173805985948652
conducibilis,1.0733525319169042
senonis,1.0890090690302907
ser,1.3156891936231654
loquentus,2.065076585143124
protendeo,1.4788000692806753
falerno,1.1632234484856796
peruulgo,1.0501558281740093
effultus,1.4061524937953074
maniplius,1.4864648560623144
idumaeus,1.1559442965628308
gradio,1.6006557862527602
longaeuis,1.4660740228083122
extimus,1.276272410551397
fisus,1.3212466195517096
sapha,1.3440408733133014
casca,1.155850403729483
carmelus,1.2657989701416528
impaco,1.465184052589099
tunger,2.2243830986184396
balas,1.6607829426117147
uaniloquus,1.1633187043804414
exanima,1.3841001225189622
aegerrimus,2.107248353674543
lauinia,1.108639159482995
aegresco,1.1040586745965009
oblatro,1.250823440086239
daunium,1.078677368390293
penniger,1.41317436891673
li+rim,1.1567841965055734
promus,1.1342196497559671
clasis,1.7674960843675902
sassinus,1.3809208368945822
cortona,1.2143396634476018
tarcho,1.153493992619851
cudo,1.123383587534908
angitia,1.0505188689907692
caietum,1.1849778358954315
cremonus,1.0811140879975714
uerona,1.0426429057102375
athesus,1.268347579159572
uercella,1.2070662939728691
paludosa,1.7855588177979724
properium,1.0564526468215396
gaetula,1.1658621716681281
manco,1.3638674643878441
pyrene,1.4396262734719258
habio,1.159534702000239
coepto,1.1840752016755398
retrorsus,1.1200415084963038
pariendus,1.265274789303954
contremisco,1.1514462038521511
daunis,1.5504214556271156
luco,1.2893388336832725
uulcanius,1.738403530518759
maurusius,1.1044306472300258
mincius,1.2780360258763732
luca,1.1376845755366178
immorio,1.7636108597589486
cernuus,1.5135743142609668
conflictus,1.1870042921782964
insciens,1.0819242875558706
linquus,1.5582053776850997
defetior,1.8467969707503797
superaddo,1.2143314893373702
illuxo,1.0965573040710923
castigator,1.2129659379083957
pollutus,1.4775363989580494
apporto,1.043699379878728
turbaro,1.6867077039636367
eheuc,1.0736321589167597
cerio,1.5349993554311716
applaudo,1.1760986079074982
annitor,1.1363858099704531
ignorantus,2.0028071409415746
illecebra,1.0315599036100012
assuo,1.1026387935366495
discido,1.095034837741841
rebellus,1.2503857610642475
ueneta,1.5272948203642391
arpa,1.491434960289511
aquina,1.9119761535414352
fluentum,1.1082157381650926
perculdo,1.262607930252741
hiulcus,1.25310965423522
patefaco,1.3167178555692831
tetendo,1.7358577320618014
alama,1.3085776130890707
feronius,1.1690796116450732
posta,1.3461895710928509
tisiphonis,1.6270923437935814
impollutus,1.0763315638491462
oenotrius,1.5349340527555997
impactus,1.7147118790688367
ephyraeus,1.2991466334129058
fecundo,1.2499179372425155
malefidus,1.6840933672550094
entellum,1.6815274009666077
thapsi,1.2709224534419004
acesta,1.8113849644999245
sufficientia,1.1612175094977122
exspuo,1.1499280730176076
illaudatus,1.2003653493893218
inexhaustus,1.0817955059477675
sustuleo,1.2392385882863213
arreco,1.5448881041003788
sociao,1.6192204601511087
sollem,1.1484878381105486
stasimus,1.5760856668610954
illunis,1.8942550289074251
mosus,1.4138860753018427
euo,1.3662811018971819
admordeo,1.6685248578360932
potator,1.2331467821949922
metaa,1.2061325699264993
annon,1.1140879209044283
frendeo,1.486725801737826
ticinum,1.118197044617334
sila,1.2327327062546805
tartessiaca,1.4586349258624458
tydea,1.1436485005425392
hippomedon,1.1103483571364328
parthenopaeus,1.4403746488396878
tiresius,1.104308881821514
genitrix,1.1801331084658988
polynix,1.1673896336272354
agon,1.1148539265783415
hyadus,2.1792251607964817
quinctus,1.2067545159025281
hypocaustum,1.1487640178628895
affingo,1.0842093535618245
suis,1.1792069213360958
glabra,1.0872315670384303
permixscor,1.2501847830841453
her,1.750961336052818
bissextus,1.606639683154087
acclino,1.3100138206747924
thula,1.3212413129521798
suboleo,1.0548359901105604
illaudabilis,1.119433181902314
laurigeo,1.0712954993014352
inaspectus,1.5624579810195975
praemonstro,1.1599481296846381
inopinum,1.2966759860430397
coptus,1.7777638377588065
abolio,1.187893484208095
exanguo,1.1535787778891973
laborao,1.9541310989956102
calcandus,1.2445243340430328
erecno,1.4393156574114236
dissensus,1.1285108953340977
bimember,1.08995894824506
lychnus,1.1735241202372144
coroebus,1.3636925297808586
adempno,1.2638287922360616
latonius,1.230110656476317
tuapte,1.2548323174585414
suamet,1.1930710748879443
propexa,1.2529371801651479
infrenus,1.2351904216953689
deiecno,1.5835457584276689
excusso,1.7361773007752626
telchi,1.9399312424234154
ingemeo,1.1850421172969634
pertempto,1.1521550247651424
agenoreas,2.7633280437620407
dedoceo,1.1481693583090886
concubinatus,1.1579349999413344
inexplicio,1.9717990645445898
prodigialis,1.2239709624160322
exupero,1.1512840663019093
gyan,1.2074790333037386
unusne,1.1400017925052217
tardatus,1.1740495356171476
parceo,1.1953089093147897
detumuo,1.2982302139479371
sithonia,1.1827778149072783
introgredior,1.2688543490128141
taenaris,1.499681644667537
branchus,1.879262758704738
accinctus,1.0565328146605093
seclusus,1.1679129837018474
uacuao,2.04070371199068
salutantus,1.1786870661608198
meleagrium,1.5775055141932297
tercentus,1.1122275303032854
argia,1.2892948408044538
dispareo,1.6456053085560958
phar,1.5627186352799332
honora,1.8155207113001048
suadus,1.2645010063797049
simulatrix,1.824114842191145
gerra,1.0301208063119676
recaleo,1.3454280494359252
licymnium,1.0459600539051832
leucada,1.12167574875589
tapes,1.1633157198354114
claro,1.2487329918422174
exangueo,1.1479283365851962
incutto,1.6356647340911545
malui,1.1125356760140477
emisdo,1.1136763698268684
exerro,1.5550146189141731
uerberus,1.2636840982577247
sestia,1.8318321754553153
indeprensus,1.3083658613942366
agreus,1.8906815403925832
inseruo,1.940612493233333
fugia,1.1287663100325964
scolon,1.245274778585617
thebanum,1.1599774824698872
periphantum,1.4623445674210873
abo,1.3091625057314626
reflo,1.1406813880683828
eiecor,1.8400518985127434
profanor,1.1088417574238139
commaculo,1.2772215714518123
remulceo,1.478802285172732
praesaga,2.211098035176658
minusculum,1.132988990692484
excubiaa,2.1228417015286554
uolandus,1.441194737374697
damasus,1.7896239203406268
transmissus,1.1603073623414046
frondea,1.2396335070758393
dedignao,1.5145477128746272
asseruo,1.1695662385144072
mostro,1.1647979365075618
effloresco,1.0629229351829994
haene,2.0449152782530504
illaudo,1.3445646890618983
insipientus,1.285368516086168
rauco,1.2658990634866956
megaeer,1.7955990889942977
ausum,1.3961945969121503
funesta,1.2211368297608547
effosdo,1.6699848939831548
exsequialis,1.3019189263454884
dequesueo,1.2306506028621262
incepo,1.1969300142763653
magnanima,1.5901065690354876
busiridus,1.0728918876297548
rhodopo,1.1090305002266685
illumino,1.3641362726702309
augustissimus,1.3188779815774527
exordo,1.6439734553198126
sublimen,1.3906774336334533
dauus,1.3530336976619521
oblique,1.0707857699719845
capaneia,1.5765850856801928
peltifer,2.0161531723119412
lucendo,1.5073427319199815
sophos,1.2724707230076917
thrasea,1.0439967042063807
arria,1.2832668124183626
titis,1.0883706398916795
uaticanus,1.1998621145393353
iugularis,1.386219239602808
caecilianus,1.2714262730411312
gellium,1.0971501993476038
spurcus,1.075994284611543
futuo,1.1345002096265941
ambulator,1.2436703317540745
sulphuro,1.3348220899271996
urbicus,1.1258318479684222
procacitas,1.196041486571244
caium,1.2889170616326744
salo,1.3924555064444952
crystallinus,1.0856548448915766
fronto,1.3153108458867842
sportula,1.1313029526512284
fabulla,1.4364072011730151
canius,1.1811055673165538
madido,1.1990697448373555
iustinus,1.515292406484035
cunnus,1.2900891562624113
nouiter,1.6989785398998105
terentianus,1.0374267744549328
cosmus,1.117265481822444
alcimus,1.3869112708959876
aenigma,1.0366001583703475
zelotypus,1.1115909811292353
basio,1.1340043769828938
lycor,1.0717471054353174
graculum,1.0925484815809912
selium,1.2669393278519172
fortunas,1.1640038608602792
basiatio,1.2048055445762977
mado,2.825283545642258
ridiculum,1.1557084387053256
podex,1.1044925943266797
synthesis,1.1185328920239972
subdolum,2.1506673238528458
tritus,1.162033782976968
culum,1.3630092959985545
alpha,1.147856002678684
paenulatus,1.1016491166991689
capillatus,1.3293837165150484
miliche,1.307515055868915
distichon,1.0574161976781262
iotus,1.1137725560601703
cucullus,1.0685758666359075
fator,1.0598165467721337
balneator,1.2555428167740816
stropha,1.1492526905401081
salarium,1.1186084388809072
sophocleus,1.2339933768131974
impudicis,1.1831983901318137
gulosus,1.255304767193608
atestinus,1.2621926374423342
phiala,1.1493753567559821
bilibris,1.2804694103635252
ferior,1.470706175326046
phasianus,1.2075292658515235
lactes,1.3609885369200603
somniculosus,1.0949221379872591
glis,1.1818599617177261
sugo,1.1127328371941003
basium,1.0978339570584081
pannosus,1.2881102436805711
placentus,1.4951340372145183
mingo,1.227929177569579
sciscitator,1.677391657061056
concubinus,1.432800416213042
cosmianus,1.8681318754735827
missice,1.2526248263355884
marina,1.194398636536438
uulpa,1.2590308806423773
metrum,1.0638062481025217
silum,1.6169465614571048
castalidus,1.7889756713317486
maronum,1.2639559027683345
luseo,1.2789871302481097
chloeo,1.7199214199681978
persius,1.3180984680808538
melpomene,1.0581054297636299
soldus,1.1764164391860765
gratianus,1.2884538069875429
sabellus,1.1817896983808909
encaustus,1.1594751612753413
syrmas,1.1464048913010056
carduus,1.120451866803583
antiqua,1.652808161459063
pomifeer,1.6937805023205514
hospitalitas,1.2695679468527272
peer,1.3321709708302223
erudite,1.1502613302230444
taliter,1.400469293497088
adamanta,1.3278373798861622
hermis,1.316798465165058
sciurus,2.391284133121132
laecanium,1.0788749903701824
extemporalis,1.0619132991899194
pecuniosus,1.111775135522564
gannitus,1.6248647496925028
perfectior,1.1238335110687165
otho,1.11595543632318
choraula,1.733466771118999
illotus,1.376362377757837
festiue,1.1660747172025465
dicterium,1.136003619564145
exoluo,1.1463397202384946
extirpo,1.1427733813586682
testifico,1.6544083394438924
tonsis,1.2034863568856007
stigma,1.0706359177676434
catulla,1.0732154161312493
rapacitas,1.1518345872311748
buccella,1.295572430307989
potor,1.1242748296219853
camo,1.1998478700882642
matella,1.11799004543871
abortiuus,1.1335193928841005
archetypus,1.1599652920617691
amatrix,1.7402617339866242
poppysma,1.1058384579127336
cosmicus,1.2038703031400684
gabo,1.5271699766453504
cothurnor,1.1946771789119441
publis,1.0557939352382564
coda,1.3017454818910192
delebilis,1.2866466403210555
elegantus,1.1811919655479668
odiosior,1.067371613586549
bitia,1.0731327653527585
galaedeo,1.1594380616009796
sardous,1.0589195927645991
caietanum,1.135524225468336
cythereio,1.730736660000815
autolyci,1.1415250324976978
illote,1.5355017398071482
inscriptus,1.0581450036703794
condus,1.101953237376995
sonticus,1.0918835122310595
diffindo,1.438818456843549
perendinus,1.16606977340297
sandapila,1.1928369559266745
uasus,1.261836645514735
cunae,1.1832335211093774
permutao,1.4253296430596423
posso,1.5807966351145843
nudiustertius,1.0860363813943397
signor,1.6769099755718233
fartor,1.091996866659572
litterula,1.8305685851546585
caementum,1.1232496357871282
stupidus,1.0405382323568801
alphius,1.1460746475252737
herodes,1.0942193067185648
deno,1.8731049946851037
iuleo,1.1337411469214866
clancularius,1.1483029536953155
coturnix,1.1060034308935736
uenerum,1.33863001754391
mensus,1.2482741123171828
plinius,1.057260869411783
adiuuans,1.3445237428359973
muno,1.137388559118021
ueridico,1.290970570836029
sporta,1.3753155635155292
pilatus,1.2425357534559964
sigma,1.181506898032556
structor,1.2202909138411662
frontinus,1.5432545870000527
lemma,1.1943420083908263
aricina,1.1082319162587226
simplicius,1.106078096797498
leco,1.7525808109862222
personas,1.3381817903376814
alabastrum,1.2220545928032787
saben,1.1310301477641493
cosmius,1.139120332319837
talpa,1.088882058268881
cimex,1.1199636745790744
ualetne,0.9999998807907247
motor,1.4262029995356846
aelianus,1.62730129662536
theca,1.0763548346616567
hygia,1.3663716779564419
caelis,1.57758680188898
laues,1.5035741802256506
cuculla,1.2697295587298176
symplegas,1.2774192762424545
laidus,1.2838250684029595
diarius,1.170407032983469
pyrgus,1.240900537373946
indecenter,1.1654465422104061
naenia,1.2293622471429622
hermogenes,1.103280581676598
consiliarius,1.0624509453139594
ductilis,1.3826477103164119
anguilla,1.3735342988638544
ficetum,1.2777632903340588
nasutus,1.1863173836498337
lautissimus,1.233404700845684
comissatio,1.1174584431966825
hippodromos,1.5566403537184688
condecet,1.2040591708842046
insulsissimus,1.1792546632922296
soterium,1.152789147636878
nummularius,1.1627174262950113
malleator,1.2824697954235902
petilianus,1.479391035219141
pragmaticus,1.1501305902759997
trigo,1.439456683953881
instanter,1.0795604649031862
xenium,1.3043340619535542
nitro,1.4778727151934494
ientaculum,1.1520578700944268
macresco,1.1183830963074302
catta,1.3408975273998496
squilla,1.1237479986196637
myxus,2.0160354285095607
crispa,1.2125975533266464
uatinus,1.1020151964080167
foliatus,1.2495366339583294
lignea,1.0783653022931985
cercopithecus,1.0577131209019819
perpetim,1.3263321731139637
craticula,1.235100217260585
cincinnus,1.1050658617887807
contemero,1.314165166118302
bubalus,1.1879079508869368
fuscina,1.1433584114303565
horatus,1.1323404609727892
emendatus,2.066173855386195
educandus,1.0414161339024042
rhetorica,1.0402640303316426
maleficio,1.2959195858919377
elocutio,1.0296410301604775
versor,1.6115684863602469
rhetorix,1.1630637826587114
paedagoga,1.1675469143984163
permutatio,1.036473487760973
syllao,1.228833600918775
repetitio,1.0359036610267027
glossa,1.5414973234320564
nihildus,1.0853088898636871
expressus,2.0445310108903967
sanctissimum,1.1364889615603833
incomparabilis,1.1209441546224237
praelectio,1.2257466459526407
perspexo,1.3481883665787628
peculiariter,1.0768638677253093
celebritas,1.0305482332993077
vivo,1.835719197773575
didico,1.0415302431917286
proveceo,1.060625232959031
reuideo,1.329450819550671
permieo,1.3524115734372923
scripio,1.1630417715663415
grammatice,1.0904031846616298
rhythmus,1.0505598509585539
consonans,1.1692671729592694
aeolicus,1.2236918037263587
coppa,1.814672973142818
geminatio,1.0709839290004952
loior,1.198134570554235
balaena,1.2121032773544425
orthographia,1.074760800415831
pronomen,1.048175204006368
subiecio,1.1518737325913249
omnibusve,1.1272582753513105
ablatiuus,1.139046474833351
datiuus,1.1929467089543302
horatis,1.1150428691477452
locutio,1.0595783302632251
tralo,1.8092727349980686
transmutatio,1.2487628274359568
complexio,1.0913596160899086
commentariolum,1.1770663257144813
precula,1.2083767223125974
pluralis,1.0742803048542475
singulariter,1.211601004279149
perplexa,1.098759649470255
accentus,1.1002725823498534
dialectus,1.261552660554515
inversio,1.1709328474435194
quantitas,1.0675335272604733
interiectio,1.1593826969560395
pollium,1.1388675551488683
maleuolus,1.1234021673072951
epit,1.7546949801643683
bius,1.741760743064166
etymologia,1.0925231535476363
proportio,1.2369303407136312
funiculus,1.0673926650193772
nominatiuus,1.1651897970219252
uictis,2.0936536356282174
confuto,1.0368451982300502
faciliter,1.1482985524109373
iactantia,1.0544270155090598
pessulus,1.2933953731625418
licentiosus,1.212648037359805
inuenustus,1.1094436863236987
triquetrus,1.2354314558286474
multipliciter,1.2748240424296586
porrecio,1.1382761441234308
foedissimus,1.0322228164880105
inficetus,1.7908300689914887
perspicuitas,1.0812214545292844
ineptissimus,1.0659310902879089
puereus,1.0863254706275995
messalum,1.115931980441477
sibo,1.2530461992193078
uortex,1.0739999964151383
oic,1.8903504917304288
significanter,1.0546287782153725
licenter,1.0623353004150191
comma,1.2567447755536811
oeconomia,1.1177779843145328
artificialis,1.0773066921735772
tropus,1.0993727948282375
deridiculum,1.0661376865065577
paraphrasis,1.1058585757117774
brevio,1.2901461006091839
uniuersalis,1.1060277837036483
antidotus,1.1914918760574646
iopa,1.1774218632010192
musix,1.0646804901795166
contuleo,1.194731626795911
psaltes,1.5324668800236467
turbidissimus,1.2978305151246325
malsum,1.1265198371230543
ineruditus,1.0652989970748943
linear,1.178140366907666
enthymema,1.1689259898293531
rhetoricus,1.047400685505777
apodixis,1.2011809324486364
circumcurro,1.64521898281922
obscuratio,1.185973556742417
dion,1.0887207400739791
seniliter,1.3723935431175271
hebetior,1.209421326342612
palaestrica,1.166904572472382
heroicus,1.1269196665134527
geometer,1.1823480395417987
aluear,1.0992137548480225
docilus,1.1410044954059808
nouicius,1.2718009051145795
pronuntiandus,1.1245789837481426
saltator,1.233606850286453
pythagoreor,1.567000480078606
deliberatiuus,1.1237953450138578
suasorius,1.1098726722461907
rhetoricen,1.0405574641810211
eloquo,1.1957361440503895
vitupero,1.1208592310591794
thesis,1.134665020791216
uituperatio,1.0462585373397923
dedoco,1.071429456375814
abundantior,1.185222192567127
exsculpo,1.1083399043207853
egere,1.2140722601411393
patrocino,1.3199684413825745
rusticanus,1.060086552295645
copiosissimus,1.087961568740362
emblema,1.140912781037195
suasoria,1.1737422607956383
amplificatio,1.0548570805576127
contulo,1.1247376070622181
legendo,1.3052858299537184
lascivius,1.1040888998277782
scripso,1.2660602202842468
composeo,1.141890584917873
sagaciter,1.1312377329173806
intuio,1.3130494317575274
luctator,1.3052213471932774
ephorus,1.3880018846203643
situla,1.102209080530194
phonascus,1.1675718589923727
contraxeo,1.1074303148693363
perplexe,1.251005966752616
panegyricus,1.0531809018457077
demonstratiuus,1.0493363753710032
noema,1.2921686974333948
urbanior,1.1527488311708836
auditorium,1.104415306945101
pliraque,1.3105262878330797
timanthes,1.068434320952086
immolatio,1.0955357281617555
technicus,1.2032899878625414
plautum,1.0870932775190878
persuado,1.0743480657213098
inveniendo,1.1198282947604832
persuasibilis,1.2829074681351436
legalis,1.1646898248850268
hon,1.3144577839390479
conticesco,1.0478967009636004
phaeder,1.077089936525892
diffiteor,1.2758769953905669
confirmatio,1.0934599332943933
dialectix,1.0840510278612454
perceptio,1.0622790680151872
seiunctus,1.0496102597096615
astrologia,1.0709166601771198
administratiuus,1.2089592549154007
explicao,1.2197785523711726
didici,1.2265640061578174
ostiensis,1.0900107135037576
empedoclis,1.2802087254368788
thrasymachus,1.0670503766969426
platus,1.8866474267166617
oratorium,1.1717456557549593
molon,1.1339126349034185
abusio,1.1210425742125707
sophistes,1.0446743372268958
coniecturum,1.0630362158856383
hypothesin,1.4100623043350473
controuersus,1.161246846186367
naucro,1.3374723731845064
conflictio,1.168236899266089
praxin,2.025631753653896
directio,1.203274022209899
iuridicialis,1.101920523503044
infitiatio,1.1264009418757877
pamphilus,1.0310938045439573
defesdo,1.24221669853306
vulgo,1.8234360191633843
collectiuus,1.1125862140425977
exhortatiuus,1.1769082036748217
comparatiuus,1.3345704420118034
subditus,1.3257899854636748
significans,1.1054569414679385
iudicatio,1.1115377350508977
impediueo,1.1251125550737753
nothus,1.0466814411738852
paridis,1.222521296568539
thersita,1.7537813430674942
iro,1.282689428013662
iudaicus,1.061361827930392
possibilis,1.402671001678301
scelestissimus,1.1977947210324391
prosopopoeia,1.04795011179573
commixo,1.7873383458133973
egressio,1.2792023528419665
intueo,1.7621247314493256
provigo,1.1714574168457137
praesentius,1.8697453860165976
propitium,1.1179959309656897
benivolus,1.5468414856862993
aduersa,1.1758084709262198
quibuscum,1.0441033223927003
epilogus,1.0587471188843423
praescripso,1.1745583998711833
ironia,1.137219255788139
paradoxus,1.4870779140085244
commutabilis,1.1935679489051074
ovide,1.0627927797409484
surripo,1.0780942890140992
transgressio,1.101896640706718
chrysogo,1.2843107580175954
chrysogonus,1.1146881544398262
digressio,1.0635205239322634
adhibio,1.0645691554941328
surius,1.312391145568877
tautologia,1.1528816723104023
intellexeo,1.5100550532504244
commonitio,1.2127804026115971
ligarius,1.8600634322578986
tractaio,1.2957466353267406
repugnantia,1.137587223277351
accommodatior,1.0987849796448725
tantillum,1.215687169611357
amentus,1.2775990433018027
paraso,1.1346958706583747
inobseruantia,1.1170908099173642
declamatorius,1.058761884886165
exposiio,1.164455072650664
tou,1.5085323096629795
favorabiliter,1.1932956100203391
lucidissimus,1.3849605963682254
iudicati,1.1453661704273634
praefusum,1.1966179875679432
occupatur,1.1375702539074022
exspolio,1.1063689816036624
hilum,1.2087344474795902
testatio,1.2840646241191638
amoenior,1.1547413301220966
quantumuus,1.133303007831356
insolubilis,1.1197013918903083
vulnero,1.0780639462261403
adiunctus,1.1474269775437678
adultera,1.2125519810735337
commentatio,1.0684993728689358
probaio,1.1593495287754354
syllogisticus,1.1479858332284145
impossibilis,1.125425089525719
commotio,1.0845220775651168
temporarium,1.084019788517744
adeptio,1.0925356751252164
liberatio,1.1146335004409447
undeuicesimus,1.1062502167700283
inuocatio,1.0642845067304327
favorabile,1.1507038428088967
cossutianus,1.1238384796215881
atrocus,1.0335349019756175
desicco,1.2408957647664103
frigide,1.159550169164836
excitas,1.1158878919907325
corpulentus,1.1893135699661392
ethus,1.3180170779881806
temporalis,1.3855813358477247
phantasia,1.1572621559246685
uisio,1.1155537791798469
depravo,1.0915506208297214
venustus,1.2201453682999595
exculo,1.2587805509391776
horatianus,1.0761616552701607
obscenitas,1.4153439974732172
festivissimus,1.2569086005394066
uenustissimus,1.0789404872655535
piscatorius,1.06271489025743
iaculatio,1.316511829228713
fontei,1.3156018077392335
exiguitas,1.0760324474410743
satago,1.1587057691850806
hyperbole,1.052716201229912
metaphora,1.171782892525278
emphasis,1.0857916443334859
orchestra,1.1106747999030282
redarguo,1.0558761960348606
mordacius,1.089456917556505
sexagenarius,1.1433717357811455
rectene,1.100328867976402
candelabrum,1.0885986703006894
honorificum,1.326972720411705
arripo,1.1320481352788538
conius,2.063786886394343
discretio,1.314698194568126
coniungendus,1.1485068644598624
agnovi,1.1377331036060256
restitutur,1.175125730600519
transaco,1.7657838913368034
peregrinitas,1.1643444388677417
adfeo,1.1971559189703493
sublatio,1.3079191116586193
ratiocinor,1.090334446378228
atomus,1.2274294204247567
commiseo,1.2240940219350565
extrarius,1.0645713846616762
quantillus,1.0839229299822712
filiolus,1.2739847492844416
declinor,1.2566065932011545
securius,1.0795443489666312
tyrannicida,1.2546427615814593
comprehensio,1.0616165661433277
provido,1.1288733999281788
quantumve,1.3884458494883498
quinquennalis,1.0884550190741549
commiso,1.205209553050232
optavo,1.1935380602627585
vomer,1.2512894223438615
subiunctus,1.246464557310554
accusativa,1.1715962414430652
correptio,1.1593987209115741
reservo,1.172553119250269
enito,1.046890571610368
pauxillum,1.2779729417831671
calumnio,1.0846127325572863
phrasis,1.1947410706058172
soleus,1.7780560587563814
epithetum,1.1042324922792917
eloco,1.3618458199656025
inveniam,1.254125434251319
aemulo,1.2011722465412062
indistinctus,1.0795271915802467
intellegentia,1.033590870362624
idiotismi,1.1197565440207427
pusio,1.1534620328391094
progigno,1.1313386550588334
elimino,1.2625497804093206
beatitas,1.2020457657073376
beatitudo,1.1777374338500841
deamo,1.1604969355860209
ovidium,1.171589696232777
operositas,1.160017423891474
captatio,1.2901158420986825
languidulus,1.1252061236125326
redditio,1.1770332941017339
auloedus,1.1952963907885634
symposium,1.1576834704912167
demoleus,1.220124249331802
gnoma,1.2822704263347149
enthymemo,1.1027782397185675
catholicus,1.4418119037627652
epiphonema,1.0991650004477973
dormientum,1.360189893911905
insigniter,1.0497046292961114
decimo,1.116885632769776
conspergo,1.0763702340018138
mutuandus,1.327118729203474
ellipsis,1.1909315460622356
auratura,1.389070062808308
antonomasia,1.1291295866975886
allegoria,1.063227002284733
reuersio,1.1156718050615217
hymnus,1.2068798676153922
ornandus,1.116555529437634
conformatio,1.0793800911140248
promero,1.0676001679172114
commoratio,1.1425768702840877
extenuatio,1.4879527224341837
seiunctio,1.3190966761110163
periucundus,1.2062825972338471
communicatio,1.1315626856883478
impulsio,1.1250064792484675
laesio,1.279339013382063
optatio,1.2588115297458204
progressio,1.076441781109983
reuocatio,1.1186024723216625
permissio,1.098718994103196
dissipatio,1.2466442391986507
continuatus,1.8733538855820604
gradatim,1.0539123534627142
loquentia,1.8647088198580208
indifferenter,1.0746141699924598
inofficiosus,1.283650812912273
damo,1.395227513462479
cantandus,1.0662626313983197
suggestio,1.2497924240476126
prohibitio,1.1593559379377676
paradoxon,1.0956677305811444
sermocinatio,1.0828568101825569
insanior,1.1671031276110702
auersio,1.1664157784537963
evidentia,1.356015800932945
drance,1.96286044881852
eleuatio,1.3765966001119183
concessio,1.0756040474041841
consensio,1.062246447880188
reticentia,1.1377978398599151
interruptio,1.1949388293496617
aurifex,1.116529150405927
abolitio,1.1487747154222372
sententiola,1.087149983942761
adsevero,1.1175767980268232
epichirema,1.6813012585094926
obuias,1.739848095805005
avena,1.1609885735061625
interpositio,1.0628199124668811
polydorum,1.1258711346785453
elevo,1.1501269634153004
acerbis,1.2041334036602687
munitis,1.1722798001678916
colubrinus,1.2533138208248218
aulea,1.6351938065188198
conservator,1.2143680539541044
occultatio,1.1967054752226238
herodotum,1.1903339064628262
dialectos,1.2540763122184495
uitiosa,1.2759165841011144
modulo,1.7134499442015065
perhorresco,1.1073597785863387
subsulto,1.3435449012258558
metricus,1.6660562076453092
dactylus,1.1729247950746322
rhythmi,1.1118765201370526
crepitaculum,1.8877772134260111
choreus,1.320211703297473
uerene,1.3631955746481552
uermiculo,1.2844818491278085
nequum,1.9839364353861968
pugnaciter,1.2514064622075192
caesis,1.7941642982904915
modestior,1.1999850942555879
significantiter,1.2610664920824504
epicus,1.0825875865447523
theocritus,1.2470151589513196
facundissimus,1.189379334458067
sophoclum,1.4380604802204728
philistus,1.133256464450168
reapse,1.0572207620184295
uersificator,1.142731505213505
tersus,1.1092603034191515
ouidius,1.8637480727613343
commiseratio,1.0719449355678468
corruptissimus,1.8217065534227002
effector,1.0878946898817046
feco,1.1752902075495013
lucubratio,1.1116938054199759
vacuus,1.1730868519192872
destructio,1.1702835102082327
uentilatus,1.430450250523804
iudicavo,1.226744005798095
bliteus,1.1661352618859884
scurrilitas,1.0692270512681938
aliiue,1.1024845306201492
epiphonematum,1.1212893732783547
indulso,1.1447208150782155
allobroga,1.6343435083390678
praesento,1.697996699388721
agatharcus,1.166120348020269
son,1.1552212615815
convulsa,1.7957539961086253
vigilo,1.3760785718691397
pellicio,1.0684677985643474
depositio,1.9122006105924314
inceptio,2.265249970903315
commiseror,1.1874462003980233
lascibi,1.239839352823571
advior,1.1721980586073317
georgo,1.2646633326679808
obsecundo,1.0907574304902208
instantus,1.1112999942769815
uerecunda,1.2691567043775167
circumscriptum,1.1485274639454508
supinitas,1.1411168694854437
flexio,1.0911473881349314
cleon,1.4210387941899514
uacillatio,1.2052487739515596
inepte,1.1912964407556885
occepero,1.2201357848120395
nigidius,1.3673298039829966
sicuti,1.1818619598494742
exscreo,1.2027293726718342
diductus,1.9960662166245893
omnus,1.4119668477785183
pauperculus,1.0963667643017592
foedissimum,1.1662896103751654
praeuaricator,1.1118491091007028
cohortandus,1.1654762548993034
perficiendus,1.0694767166308214
ethice,1.284233880190337
liberrimum,1.1215508260476141
rectissimus,1.33354147875025
subieceo,1.2299718665061132
leguleius,1.2084677658681293
dissolutus,1.4872738091058955
deferuesco,1.1264411758801414
iactanter,1.3557338593828674
perverto,1.0694673086150197
consignatio,1.6571294466442203
agnitor,1.368243634755991
suffecio,1.2239972154184748
interiectus,1.1584525449687784
polygnotus,1.0609314082559094
aglaophon,1.2884074008940483
xenophonet,1.024188222090864
protoge,1.2790325676821899
addido,1.121792148371801
vanus,1.6077457523265872
pinguior,1.3035048967239926
permovo,1.3027018699902102
condiendus,1.555902523131893
contnio,1.5863701572223212
exquisititer,1.0595812746856932
praemo,1.5057847705971776
declamito,1.1352874073298143
unciola,1.318844701570126
spoliator,1.101126939064694
uenusinus,1.117277907330859
moechi,1.3480625977668266
quadriuium,1.2438349152724828
rubeta,1.5870855262255483
framea,1.1879029043310423
mamilla,1.1251997846071942
loripes,1.1483982183320793
tedium,1.3354661884723935
pathicus,1.4730132641481686
bebriacus,1.7595302554133412
schedium,1.3317022168980572
podium,1.8897134322575122
cocyo,1.9889331526952738
cophinus,1.1086079520600138
praesente,1.0909921378306489
isacus,2.6608564304286277
graeculus,1.0525147734107965
sarcinula,1.1716567062812409
urceolus,1.2031896270425526
abax,1.153609078360932
uitula,1.1247225268758094
liburna,1.2665327502491022
assor,1.2892098360441586
caenosus,1.5453700794523877
induperator,1.1172545446275746
inquisitor,1.1149948494374256
patinus,1.0727988595496285
tyrannum,1.095388237887292
fraterculus,1.103463661871043
rubrius,1.2082400086708127
circeus,1.2077418879259905
tantina,1.218092090264711
perego,1.235883762271386
quassao,1.2882807658786988
squillum,1.1753645583353236
bocco,1.3324608687482185
crypta,1.2308369510146846
captator,1.3107841055351612
contenio,1.663626524273096
conuomo,1.2439645842793137
attro,1.2150675122564383
graecula,1.2387962632059284
zelotypa,1.8205133853267663
sodeo,1.0426400546737322
psaltria,1.077501666936622
magistrus,1.9446724230640258
heliodorus,1.1256121951268603
exorto,2.003456715437279
antiquarius,1.19111679837152
opicus,1.389664563960151
elenchus,1.2687798861236124
ephemerida,1.0967793137415258
genesus,1.2105628528883823
agrippina,1.042843489339103
papo,1.4824217283098877
epimenia,1.2134816312188776
crambe,1.8915599988409735
sophista,1.136450239029454
insus,1.5632460310908367
nanus,1.204841624289731
priuus,1.2082740318988303
conspecs,1.2853282401986077
phasma,1.1053583991332763
crepereer,1.2463046469546009
obtrudo,1.1093748739513245
fodo,1.4554270890904752
collusor,1.1912553313616845
polyphemo,1.141223986931021
lateranum,1.5664382256424418
suffeceo,1.1331361430317246
pallidulus,1.7399902843064168
diluculum,1.0804239261779283
candidulus,1.3625261170487204
haedulus,1.6584081108229778
mansuesceo,1.405312695429932
tessella,1.365880218967881
probao,1.627175034721414
osor,1.1085538926543541
pacius,1.760301386745417
relicno,1.3703610013855358
moyses,1.1568720188622117
genesis,1.259772440435464
phaeaca,1.166392099587204
syrmo,1.2364108392119881
uesperus,1.0835043892438596
uasco,1.3027362622378915
praestabilior,1.0722875618736853
iupiter,1.1847549974874507
lacrymi,1.2211956717952779
solemnis,1.0890477365079778
ditio,1.1076046109084676
publicum,1.6121914970942104
proficisceror,2.066759271532479
emendator,1.1717511388231
solicitus,1.2756228322978647
poeniteo,1.1094524902281884
blandidicus,1.566407074239102
lacryma,1.1195665984405145
induciae,1.3206354963863054
conteco,1.120714650966042
danubus,1.1361153953877166
cominus,1.076097461604911
praedicandus,1.1790608185009739
interfudo,1.6074034842180054
quandocun,1.0610373531945938
foecunditas,1.2446677205810728
adaucto,1.182206988622787
donatiuum,1.055271964432314
moestus,1.071630797060255
affluentia,1.1768054264923078
nequidquam,1.137260420538942
indictio,1.3456791678119804
feracissimus,1.7518149642770924
conferendus,1.0806723747832017
humens,1.145855712417072
foecundus,1.1791174984561048
foenus,1.2420414168876814
satisfactum,1.238523193238874
immodestus,1.2249056016386963
solicitudi,1.3236948987631418
congesio,1.180858416779024
cotscun,1.690715424322085
reiico,1.182459371058402
coheres,1.169678845476238
irrogatio,1.5272301715697252
mulcto,1.6501820419384967
solicitudo,1.1853786203322918
collatio,1.069700444375528
fiscis,1.1662747736352859
quotusquisque,1.0291211717685216
quicun,1.0651156483453306
admissio,1.1360273883556153
immanissimus,1.1010535904372263
bellua,1.1543868060454219
septus,1.1546733800248412
socialitas,1.9143373314022474
ganea,1.0860859467000652
diffuse,1.1469231552237995
praemono,1.164523128122757
seculus,1.1170756365724404
negligo,1.1207178701063496
prolixe,1.0557354700904182
papyrius,1.2494279455683301
danubium,1.4791596520559103
solennis,1.204185173259897
invigilo,1.1471105759471163
fucatus,1.9942459192003814
annoto,1.23459787780236
reverentus,1.1882431381736802
negligens,1.0905706730685165
sedentarius,1.2016433588196098
praecursor,1.1250909007022323
renuntiatio,1.0917513543412127
civilis,1.0834770997725096
occuro,1.1746573306754693
solico,1.1183088471042126
inviso,1.0557137466230275
undecun,1.593117048108059
transfreto,1.5899887251282556
superfluus,1.249559062597731
auocamentum,1.6505784968506891
uendico,1.090925169622147
assentatio,1.0508779481454125
laboriosissimus,1.2428983390848527
seipse,1.4465228416526654
diminuo,1.0660210344712338
avidissimus,1.2689848720676706
insidiosissimus,1.2095682487411878
coherco,1.6173900401985228
cohercendus,1.1784540051326746
graccus,1.160207303562047
laterculus,1.2076862477713843
uniuersaliter,1.7554833690574534
iuniperus,1.2269294418248624
finalis,1.155531568671936
uersurum,1.2027642071959601
gamma,1.206142194835647
testeus,1.232235277008829
spissior,1.364381774755074
substitus,1.9011996316636037
siluosus,1.3005626060467748
ribi,1.1631058721219791
assignatio,1.1811451476130819
uarias,1.3801919624288566
metatio,1.191674509489164
limitatio,1.0864917789501776
sanctuarium,1.142857454261086
acceptio,1.0844634718854347
redditus,1.282171548936068
miscellus,1.1200258062586586
insulsa,1.5898579418574537
coqua,1.3964265524214625
syllanus,1.1196230822105213
synopsis,1.15927502746307
dacia,1.6046836225766141
palmus,1.172245480428951
trea,1.690732121823859
summitas,1.1757288731382665
geometricus,1.0579782527320296
subtendo,1.8320624157731151
perpendicularis,1.0644849943619885
semicirculus,1.1395595761167363
circumferentia,1.1094278396477173
conexio,1.1307167790764083
ebes,1.9714329796033283
circularis,1.1292787786364773
pluriumve,1.1706651025436954
architectura,1.117110297857176
circinus,1.1217465456441398
adiectus,1.2829443549454584
quadratura,1.0730907583750786
kidie,1.6961120339505154
ka,1.1637972362096451
k.us,1.8650595589658385
inscripo,1.0748821277535772
sacrificalis,1.170037766829267
accersior,1.4124656380504268
caesura,1.3039152939281946
cremium,1.8059142418675433
inspeco,1.3176884098555885
interpreto,1.1224221151975482
tensio,1.136043311694595
utputa,2.37337956014177
praetorianus,1.023335806093628
officialis,1.3208020535503273
cognominor,1.8294533508486943
expedito,2.0962474692170328
ueredarius,1.4188114881573852
getulus,1.2821679233946435
uersarier,1.1154012208157502
stricte,1.282513715924232
citatio,1.2379534812335546
methodus,1.183677135246124
solummodo,1.3412523523778002
petrosus,1.2111703160610652
propugnatio,1.5215173078640944
nouercae,1.2390827227918049
designatio,1.101486163221905
congressio,1.092696346740515
connexio,1.140019609144855
demetior,1.212379363411112
obumbratio,1.4034100828241363
inhabito,1.2113620062212822
gnomon,1.1065465198316742
multipedus,1.6727923826859394
abcdo,1.0858898913929917
eg,2.761124648846558
h,1.2734972667640696
indultum,1.253284048238377
coimo,1.2494965249965722
typus,1.3895327794488619
determinatio,1.1007806604179016
subscripo,1.1415516737870124
pascui,1.228428712220281
interstitio,1.2812291087962344
territorialis,1.173530604993159
lineo,1.1871524543956624
subtus,1.088544355226957
prolixus,1.0839837184213932
angularis,1.2110661012547081
interstitium,1.2563995648152142
quamve,1.35255745513831
adscriptio,1.1350055366070935
ptolomeus,1.7391987991524405
ccl,1.3001374902686618
aethiopss,1.123663853826054
incredibiliter,1.086263575287223
sanatio,1.107978538103979
integre,1.0650975265575795
insimulatio,1.7650031224067613
suauium,1.2150482406397516
negligenter,1.1763902903789174
morigerus,1.0646888682459252
gentilicius,1.0865920528572917
superduco,1.1676031428072933
papaver,1.7584971096327129
cessio,1.1218421056150896
cardineus,1.4969600778905314
blandulus,1.2339774028452974
lampadium,1.4748717250854104
satyra,1.4930668552858888
grammatica,1.5732428565453918
grammaticor,1.944568965417323
littero,1.2023909620236546
scienter,1.2164325104713574
litterator,1.1301278630558906
grammatista,1.1236482003710129
orbiliter,1.3268043935742908
problema,1.212494494809619
allocutio,1.2174238635515955
adolescentulum,1.1689293290047438
smyrnus,1.1979770678565975
nonnido,1.1829308456545777
beneventanus,1.0891290390638948
affectatio,1.1695631402948108
sallustio,1.2385734817427008
peridoneus,1.1036834673673874
suomed,1.182310211598175
polyhistor,1.2036961757005016
secius,1.0838979302642087
textrinus,1.2574499031423025
herilis,1.1895638511110938
devito,1.1911115553869327
sectator,1.0765644554269103
irn,1.8921997980265977
el,2.0483155486111264
novarius,1.087432124679031
concionor,1.4208987058021245
al,1.6066872263545793
malevolus,1.5893130423258446
admoniio,1.227888646417487
dimidio,1.0654213773980403
prosperior,1.4111472722698621
priapea,1.3590678843926627
georgicus,1.0710069691480295
aeneidem,1.1607666343908924
aeneides,1.1657245405515375
octobr,1.1145750754671944
uipsanius,1.08834472857608
saeviter,1.719539951859241
occupatus,1.3341953761106953
horatium,1.1278792331649368
parasiticus,1.3062899421796814
intemperantus,1.0496861743401364
fusio,1.6526793757588145
cornutum,1.0991093378608254
iudus,1.539433658668358
scriptito,1.1621907508901101
nerum,1.2514003016688455
adolescentia,1.035080235731445
latrina,1.108513607907987
suspecto,1.1430848244276473
proferendo,1.2105356881558216
regnatrix,1.1459791417678233
permodestus,1.1870197450130175
cunctabundus,1.2409697443089358
uieo,1.3765377546945634
subdola,1.0963560175101035
filo,1.5182297435630132
curatus,1.5225734926970593
infructuosus,1.112431073194065
pervicacium,1.055714078779407
ostentus,1.218124371097026
lascivia,1.2094329218872966
commotus,1.0790945473270483
adieo,1.147186267365012
impeditior,1.1781834719216095
civile,1.1757030844482
coeptor,1.7325842260342188
conciliator,1.0943330752939993
ravenna,1.6012156751623123
circumgredior,1.1717077667015094
sonore,2.2458400889275363
uesperasco,1.2213194185613119
obturbo,1.1027095993785416
atrocior,1.062429617397911
dilargior,1.1425536047350702
interuiso,1.2686957420632674
uitellius,1.0430278739813248
discemo,1.422383433587876
utensilis,1.1707293109386872
moria,1.3732478362437157
immodestia,1.0957722103283414
florentinus,1.6014860591273603
infensius,1.2542181578877136
lecticus,1.0759980800701068
utensilium,1.1639148716532761
antium,1.8676329801681906
dom,1.8605510695674343
interiacio,1.432046931816853
praefuo,1.1688070136156565
curate,1.1793036525467662
consultao,1.077554124287399
innisus,1.5136043555734469
proo,2.3072206950507406
convinio,1.1202391700200962
supplo,1.1591520811856155
intutum,1.1827507988770039
angor,1.0501004833767422
insuesco,1.2853086447748974
nescis,1.279389744210754
ditas,1.44431819150309
appianus,1.168364790867693
agrippen,1.1451405493982851
theophilus,1.236276272098421
corruptio,1.1870196610291328
vitto,1.389046601553341
abiio,1.1652741251770427
insolesco,1.1312503185962293
comiror,1.6359449642318993
rescriptum,1.2973886223954836
martina,1.7361438833614427
ademptio,1.3418560933255017
deterus,1.3921311787731647
augusta,1.356750297758257
inieo,1.113864026021207
festiuitas,1.0834272825394997
sanctimonia,1.0558315423802946
dun,2.3563962335225037
praepedio,1.13810881542354
popolum,1.2269808570925411
firmitudo,1.3301003940541147
acquus,1.9009161488888673
suspicacus,1.957315964852065
thala,1.8499794792424984
rubellus,1.8139617357066802
turbator,1.204169788840561
corbulo,1.0863014853461583
socors,1.1198595391019985
adhaeresco,1.1013695288448162
intenter,1.1707829050171417
rufillus,1.2355957767722474
complementum,1.101576566431953
aeduus,1.2141304232981516
belgae,1.3482724421948793
lugdunus,1.1196218867277832
obaeratus,1.2385208160652323
navanda,1.6151093036684083
fremens,1.2606417926866436
lepid,1.3495475369727183
sumptuarius,1.1164032169991878
strenui,1.3612197644260906
praemino,1.727161245211943
recitao,1.5253340199384602
disquisitio,1.134417898702661
obaero,1.1805292097177476
amathus,1.2927244674601623
perspeco,1.1369694019090701
venero,1.6058043667898243
paconius,1.155672216535895
insignitus,1.217815871688559
restauro,1.2376607870482905
criminator,1.2677031670862946
ueravio,1.3091109185873333
apicatus,1.5016479696283815
misen,1.2461458883285832
deteris,1.1508748168618654
spectatissimus,1.1161922029353275
agrippinus,1.2878320056790689
praesco,1.208263241716226
impatienter,1.1007130628821398
perstrigo,1.4834226098741605
sycophantium,1.1825695565671486
beilum,2.1542639611572345
receptor,1.273495720101435
exempio,1.1598475715688705
amovo,1.467279399739414
audivo,1.276554222991224
improsperus,1.160832251416824
opuleo,1.0722722791305408
targo,1.3651807948216723
proper,1.485031356356024
extruto,1.2651691656521513
compleveo,1.7121315053551767
improvisus,1.1026369093702886
exceo,1.3437110455358163
appellito,1.7481777068480127
caelus,1.3314554421320346
peramoenus,1.1494281947536682
toronaeus,1.365554035670153
libitum,1.5749888568414863
permisco,1.1211967546994495
dentr,1.837569169453963
diuendo,1.1941527767022135
meamo,1.2752289826316612
praescis,1.1702053932682075
aequabilis,1.04282443219727
ueterrimus,1.6626921927314617
misdo,1.550210149315184
adulatorius,1.897718615738589
infenso,1.3480346523285258
contentior,1.8163743547309517
execro,1.2822453380584042
regredio,1.492184034076537
nominatio,1.0989372731510096
duraio,1.1035837165053137
uigueo,1.9676360465532214
britannicum,1.1291535246742814
messalen,1.0906413554280112
incubueo,1.247111098424841
detractor,1.8314440385173583
aborigines,1.1302071923285135
adrumetum,1.1952298000429158
adseuerans,1.7381187947512948
insubr,1.1016384107745771
inueterasco,1.1510704810791066
calpurnis,1.2269125735309874
concimo,1.1622881728153462
exarsero,1.175681251457582
anquiro,1.1797090683772427
pharao,1.3892884975233355
domestici,1.233085785931214
praemineo,1.2234053677468206
impedo,1.0953697865163068
calpurne,1.2605219772561997
uangium,1.2527467932424674
hibernia,1.3341750050536885
brigo,1.3136539640252778
certerus,1.410048912779466
expugnabilis,1.3195839962170892
possesio,1.8220048919935443
divulgo,1.2167099547886062
asverto,1.4604064085397988
uibia,1.3066296367543169
soranus,1.0884219719445445
iudaea,1.07735304244769
galilaeus,1.1863838239210425
minusculus,1.1999192673642038
classiarius,1.0659939412523352
effluuium,1.2739751720417647
statilis,1.327620925543321
ner,1.2339239475173163
halotus,1.1511549104389407
delectabilis,1.4045298665324524
consecratio,1.1579116641482394
uividus,1.174668680411824
consultur,1.578525480292913
aristobulus,1.6798916840774913
evulgor,1.1434700027180662
praecalidus,1.1528655111085824
evulgo,1.1782205397918024
atimeto,1.1411566868832743
calvise,1.2246676734745303
atimetus,1.405687006121283
sumendus,1.2551900020619056
insecto,1.6702093324644414
habsolbeo,1.1300441302247788
antoninus,1.235806746679894
aegerrime,1.1287460335956567
galatia,1.1811840652808943
nudatus,1.2574862830302322
discretum,1.3895438276706238
disseruo,1.9944538325605226
balear,1.5368810519580394
conscia,1.1174999017529277
flagitatio,1.3416081161727949
quadragesima,1.155443153954878
mosella,1.4780460090408347
deterrendus,1.1690898762593842
cavea,1.1214599633854085
pervicaciter,1.1820304932745536
anicetus,1.095060568268873
creperee,1.234993298423893
trierarchus,1.0830855423208112
gratantis,1.8007014026442933
euulgo,1.24653373796678
conuenticulum,1.2256251341891389
caupona,1.1386035309624642
convico,1.1776727851234263
tigellinus,1.0508531330610225
absolvo,1.1662378861093035
placabilior,1.168650044423733
castior,1.1211218317706748
patrator,1.448288638128977
praesumptum,1.4282861374428262
doryphor,1.112825538901232
consalutatio,1.2833756759494044
paulinum,1.3061951562949006
sexcentiens,2.8783522799114802
auxilia,2.265161888740223
delecueo,1.1205901667725549
interiicio,1.7005771873401327
attolo,1.5323789783729738
tragoidus,1.8557257866131964
imaginatio,1.2182942937622132
roman,2.0863408425465293
rudus,1.114602843227086
pervigilius,1.2186796922867946
christus,1.2691228142105129
cleonicus,1.1234864233801096
aspr,1.131207147071218
meno,1.7722509864667557
epichar,1.1139957484514849
pertaesus,1.1851469243265493
silio,2.2467379898924205
inverto,1.1240337936070857
sesquiplaga,1.1153804577116226
percunctans,1.144250815567449
uindicus,1.6618163556599783
excrementum,1.2014688424547804
inexperio,1.573810302626026
obteco,1.7163083304075548
gravidas,1.2969664810722792
praecavo,1.1703971534678073
lugdunensis,1.213806906549792
antistiter,1.1625641829098683
thraseo,1.162802444646825
properanter,1.2378540136108327
arulenus,1.130035453168221
dissociatio,1.608263282068704
improcer,1.8464717622335847
serratus,1.3208506146399255
conglobatio,1.596335317253406
elector,1.7019320946256786
defeceo,1.5551632293215638
invitor,1.1097498507740697
uinolentus,1.16398003755187
adsciscendus,1.2486964660938282
moenus,1.3062871960431772
heluetii,1.0515996117837814
considio,1.5235211492197878
hercynius,1.2027260962610087
reverenter,1.8626077727374664
anglius,1.4595168284638742
quadus,1.1364323798248561
inso,1.179087749086723
suio,1.767332609358157
sito,1.8913431328229542
pelles,1.277662674285582
dissociabilis,1.0948929841868085
anteponendus,1.0629995081385861
quintalibet,1.1548630244906695
decessor,1.2611318996038576
aquitania,1.075261917471682
subfuscus,1.2053966761598425
terruo,1.3008530297692007
suetonius,1.174447317892132
monus,1.8894563454147966
numerosis,1.1408708859781653
prombo,1.1227448774629785
montesve,1.1019701740836925
privas,1.3224420019261356
curiatius,1.0709716914617327
semotus,1.2627932473457748
pervinio,1.0750742968853428
abiecte,1.1057124467598105
uirgilius,1.0624347979170796
accuratus,1.1227943936091556
odoror,1.2944662569312309
inquinao,1.2206499562661237
attento,1.1745573308845094
collego,1.131718399546698
inservio,1.0638529280467512
aurelia,1.2880087826374014
uniformis,1.1751955330115929
omissus,1.2231447472598616
subris,1.2695910042950778
serviliter,1.098933098191621
instigator,1.3152206233220414
exosculor,1.1482209853110774
caeo,2.0684004579838526
burdo,1.9203136742841067
digresdo,1.4977346352277077
lugdunens,1.9434701540947996
metumve,1.2409341302271004
helvetius,1.0980326965672145
helvetgnus,1.0399342761569206
petrianus,1.365431340368018
prodiga,1.1249643109885141
vetor,1.7993732680303418
cons,1.2455523137115154
manipulatim,1.099619873441458
detrectatio,1.3343081708760949
aquinas,1.2246876090393732
postus,1.3432392987191393
hierosolymus,1.1088839715949053
suismo,1.7712711063550304
ueterana,1.3059628263483345
suedius,1.9925529337431531
circumtego,1.245115080934778
rixus,1.2325771146062292
sustentaculum,1.2401113535733181
turbulo,1.1767856160870702
reputatio,2.0426185528665477
decoer,1.3060962153202327
circumvolito,1.206948283827533
bononiae,1.1062466425480706
diploma,1.0911347564317069
caesariensis,1.2347769716949222
tingitanus,1.1391966746776754
ferocio,1.3865077025515231
uolet,1.5727635397288997
desiderabilis,1.1419756162042054
militariter,1.1074610905087112
scripta,1.6449733069087302
impulo,1.1999645815813065
concitator,1.2159509665768902
igio,1.193982213544923
adsco,1.099976816665985
uitellianum,1.0851152204578807
saaturninus,1.0630362158856383
inedio,1.5784867176714756
aperto,1.444631343903165
brixianus,1.4798190369648339
convecto,1.7899248277524928
direptor,1.518734544786975
annibalis,1.1308804927412792
repentinum,1.2206948958337274
narraio,2.1079448091694983
exploratio,1.2995008407105282
ostentum,1.0315930131732554
faventinus,1.5360555020054436
addio,1.4438135532906813
transfugium,1.2966094451182746
praepedieo,2.044567014247927
pometium,1.5610925329709906
suamo,1.272412240179678
conclamatio,1.2109334107073515
supplicis,1.2069268378096671
procliuior,1.044917157266509
exolvio,1.1926156453348764
adiuuao,1.2204770674824124
explivio,2.016351987043209
arvernus,1.115584340368466
belgus,1.2155932735381496
uocula,1.1622253700341605
nervius,1.4434200311978442
uasconum,1.640104972405396
illicus,1.1175832747692687
protractus,1.8857088778125384
reposo,1.4281954344132868
ambitiosior,1.1355037055170611
eloquentius,1.7915338010033828
sc,1.7769667947573111
conquino,1.2426464673727473
mogontiacum,1.206032948134278
vangio,1.3012427844856504
imbuio,1.8580728387957335
hierosolyma,1.0669675870397
iudas,1.1546518442946192
hebraeus,1.2691018857762493
conquisio,1.351855483779474
hominumve,1.1333066824716453
proiectis,1.285438438657939
agnatus,1.2406085580996935
iorda,1.1532162475677397
belius,1.5443133145579457
iohannes,1.1749265759129217
eleazarus,1.0794904474336036
uincia,1.5357574133187457
secundior,1.293364762635507
decreeo,1.2451910431118376
statueo,1.226146811083663
turbulentissimus,1.073284415940752
cisalpinus,1.0769481312074007
syngrapha,1.063093741014005
arbitrarius,1.2487204445884739
comus,1.3120335711104516
obstinatior,1.1626509514114207
ponticulus,1.2825602867051422
pharsalico,1.040226298544018
recensio,1.505297048518086
uegeo,1.34472235531857
caluitium,1.1606948416402163
tessellatus,1.5119049378466107
facetissimus,1.9383121639451082
oppi,1.6484912132039529
emendico,1.1467870587324178
memorialis,1.1821109466277826
equitor,1.0339661870231365
spurcissimus,1.1520795465079947
uectorius,1.4088774849967018
criminosissimus,1.2622458161419727
maledicentissimus,1.1824329529256505
suggestum,1.2864220995837528
constitueo,1.7254528008293422
commenticius,1.4937687575657963
ubertim,1.0831972171545188
graphium,1.0588746813302858
irruens,1.3009566254377984
praefixus,1.2139868705576844
superuiuo,1.3273500367732225
avgvstus,1.0837357052178647
thurinum,1.185049734435589
diuisor,1.2308340614653464
atio,1.8335007764164368
imaguncula,1.2739380253113808
distinctior,1.0812876547761143
demortuus,1.1103319702265175
tralaticium,1.1257694481767562
impertieo,1.5434816088212744
nonullus,1.850853795574909
tolo,2.071820242362924
conuitium,1.180815198923661
bononiens,1.2681642710031475
consaucio,1.8880113218452375
cantabria,1.1202524097770061
paena,1.5071469304258118
immodeste,1.3334381397819712
rationarium,1.3235048500538877
louis,2.4335674519729453
publicao,1.2671314694094822
exusdo,1.7375406054397153
pugillaris,1.2433489432374085
tribulis,1.1313432324535488
disfero,1.1564633315475716
praesidendus,1.7976288362654118
corollaria,1.1368368127916042
studiosissimus,1.0429709437767756
fico,1.6355642765463083
latinitas,1.1256908161599535
corripueo,1.3403782778905464
submoneo,1.1512746649890127
oppidatim,1.1949539788029275
agrip,1.5095352235346622
assuefacio,1.20290994775149
plerus,1.4825443409986585
autographus,1.2841581910663786
pavimentum,1.0847425365023415
altiusculus,1.8137505320262792
licitatio,1.1046919337193373
secundarius,1.189132165125429
largissimus,1.1819567123526236
inhibio,1.555561345322106
subucula,1.1505741069363837
feminal,1.1008919688940506
petasatus,1.2701263644768315
lavor,1.21513483571519
hispanicus,1.4095084855065378
deambulo,1.057728591611249
fetor,1.3627839912429442
betizo,2.020443464590218
lachanizo,1.8273459669130145
evinio,1.260969625581698
expergefacio,1.0990524569536233
purifico,1.6856915496467297
pictus,1.2124578676857436
puerperis,1.1053153606551405
coaxo,2.0213202748993915
matrix,1.1435690660268525
praecognosco,1.5834952406561817
remississimus,1.8017702376776805
chara,1.2359635190287457
enauigo,1.2151988219162346
ducatus,1.3066329949049211
circumcludo,1.1874135080861912
cubicularius,1.0845756414053933
ek,1.608296120535243
apposio,1.168135305604756
obfirmo,1.101379651122448
suffugo,1.4206694970173268
monopolium,1.369922260750081
deglubo,1.1405807307903135
consiliarium,1.1529482232098813
pridianus,1.1422984461890877
eq,1.2711122418496101
iul,1.0091978565363442
grauissime,1.2063229288571278
perrarus,1.0616117966540644
ligurio,1.1623554920503307
sermocinor,1.1338257350461043
impatio,1.2066916762290194
rhodiensis,1.2075435194463322
carnificinus,1.1584492653812422
ureo,1.8546354622030998
talitrum,1.2778931220727545
turbatus,1.3691479613937398
morositas,1.0827398250420293
sireneo,1.1115434055523585
nostras,1.103029969918708
nigrs,1.6069610006879087
funco,1.6207250750675761
puerasco,1.4881124170769633
plinis,1.165414321442653
puellus,1.0831188255855753
defungo,1.3023020416933109
praesido,1.111689974947706
decursio,1.2489623257006441
phaleratus,1.1166791931206472
aulicus,1.110434414723812
lurco,1.170889045576149
fossura,1.4968430819742335
lueo,1.5325227336046294
subnotao,1.8879868885798239
sericatus,1.8588714069105428
speculatorius,1.187738746431768
thras,1.3909466514947075
scabellum,1.9745869215459886
praesaepe,1.2496958854272229
vulgaior,1.2491235698400514
honorarius,1.0592968788869956
augs,1.1420776082696327
impertitus,1.3410602304704273
nuncupao,1.2578705680820335
evilesco,1.1373023592297165
caelibatus,1.2835132296860845
stabiliter,1.6076804297876148
obeliscus,1.9849793293631892
uaticanum,1.2114655721326502
communus,1.591126603091338
obrogo,1.0941452342524547
adiuuus,1.0910301658120796
ualeria,1.148064232740698
appetentissimus,2.3256429293436165
obdormisco,1.088870185655266
adapto,1.613543861052936
calamarius,1.8602026427243918
inconsiderantia,1.0932508771568572
requiseo,1.5153676826102032
infacundus,1.1463958045063976
obesitas,1.3069497562695116
egestio,1.7254657550828696
uicissis,1.0852519541334456
tralaticius,1.1491320969140753
assoleo,1.8495929944576865
hibo,1.5352760757249138
sy,1.2255826062868942
Martius,1.2363190898709948
honestis,1.3297598758980738
postulator,1.189953396160721
quaestoria,1.2995685847262959
nonnulus,1.7798446355778692
christianus,1.4352124590954318
falsarius,1.3223150500955252
testator,1.2451415095459868
cantatu,1.5891954665365797
matricida,1.323873510750248
helium,1.6291015528846242
hypocrita,1.5901086789321226
ludibundus,1.1088422704239613
praeternavigo,1.1888711977356394
spus,1.6705288041280657
excultus,1.121803999687608
sporus,1.4209860772768643
transitorius,1.4059516989698144
antidos,1.5807383989362258
initiatio,1.328648134361129
conspurco,1.3235824292809237
prouulgo,1.2756847145938368
gaias,1.3658984560343814
isidorus,1.2818119363064489
cantito,2.01299497087692
ballus,1.834641415712123
gesticulo,1.4070996181329922
epinicium,1.582665895012596
deligeo,1.1992111626630337
probatissimus,1.0595110814325805
pustulatus,1.6303954588575582
superinduo,1.1948736400181297
egesta,1.2162295137703578
ou,1.3413782478053473
seautonm,1.1378820311566904
epaphroditus,1.1197782924925763
immoderatissimus,1.2652933969232432
superscribo,1.528278017128299
hydraula,1.586808726323614
extispicium,1.2452566626719805
favorabilus,1.4385856510796027
reviso,1.3054948588193613
salvo,1.6343817193197663
extabesco,1.2003513506300851
adaquo,1.4668933763145542
dealbo,1.6238238027224179
secundissimus,1.1774623539034161
tributus,1.2773121015636193
paropsidem,1.2005660055206577
assimilis,1.6184995678622238
atro,1.2536840365341406
articulo,1.6364796933598231
absimilis,1.5606516569326805
concursao,1.1560327083381567
consolatorius,1.8364184554559053
genueo,1.2866410159800796
oct.,1.1714054785629344
delicatissimus,1.7035854340598973
peruigilium,1.2539839844605751
firmiter,1.1418650935443426
gestatorius,1.5102249654426954
antecessor,1.173479303503501
excarnificor,1.1896485387940123
beccus,1.3743688466206256
coactio,1.4815379715050676
transpadanum,1.0982609836958426
paruio,1.195357367850837
arefacio,1.2610973939209529
carmelis,1.225785602870597
iosephuss,1.8417425907782323
grasso,1.1549082590469173
reticet,1.9676872776821723
quoquomodo,1.1100669075166119
mechanicus,1.6378549014156225
sphaeristerium,1.5544586269351033
mitor,2.7461245678903325
docilitas,1.277749179778145
inscensus,1.7682153238436713
incivilus,1.7671401274469025
cessatio,1.1418719325816238
praemio,2.605389781217318
remor,1.3035425723893084
semo,1.5672424482670457
perdeo,1.750600864593909
anxia,1.2418946818471415
phus,1.779619592514047
chi,1.5079481967097006
che,2.3673345619270423
ys,2.4576227402104136
hy,2.4593754216758676
th,1.7508955521856064
mansio,1.0962628158412608
quadragesimus,1.0872204349447863
praeacutus,1.1583303328888188
lychnuchus,1.793632020126223
graecanicus,1.264332528512679
assertio,1.343980364056418
aucti,1.6450878282423733
tarsensis,1.615918844682504
deminueo,2.019369545225225
formalis,1.2408953976442743
appetentus,1.1799550740896327
destitutio,1.2479028146365654
uespillo,1.8123492451522685
restrictis,1.6461563866699647
kalus,1.3029643085415794
inelegans,1.093835351896587
contumeliosissimus,1.0858568592818305
panton,1.2108481125100643
teter,1.138659324466153
uerneo,1.3984770575027825
sexennum,1.1773722039173702
har,1.4953421898187556
boccus,1.1921175307447538
banus,1.4603249265995322
ecc,1.9520011914069773
lepidissimus,1.0614906256975492
doluo,1.1844538010014742
apella,1.7758610068198875
utrumuis,1.1117634951586528
ly,1.0
alicundus,1.1433579439149157
coquum,1.3545299429049202
quaepia,1.0746341314061352
obsono,1.3978815164648692
summo,1.5144696472668042
sacrilex,1.0939026778851808
publicio,1.0781461805249863
felo,1.8770473196227964
diecula,1.1814107201731259
aliquantisper,1.1188224566922853
libella,1.2583360596805275
arpax,1.3823166593996488
ahenum,1.335876219049985
philosophatus,1.1736154880273455
mella,1.2616574914357743
aquilinus,1.138270120363205
protollo,1.3563921613394647
accubitum,1.3250709322812726
palpus,1.3905853354771904
harpago,1.0878378352091815
datarius,1.3979170412700592
perfossor,1.160203211709845
suppositicium,1.2342083395127554
meherclus,1.1504571803252068
dixin,1.268287461283599
conduplico,1.1031904788989673
queus,1.812178934298693
uintus,1.499814771639893
cem,1.5190889169416661
ier,1.5499663948848164
trinum,1.6833807895382698
ingurgito,1.1739535822336655
compromitto,1.2602141607879462
licitor,1.5679651379211184
balantum,1.2088255449497978
cauponor,1.2828661691969883
sapientipotens,1.3816685732958864
frundo,1.2207554717911395
famul,1.6004560625758149
campso,1.7544738664458606
uiua,1.206608623332448
lama,1.3187399997296056
pertudio,1.9171312215260772
horior,1.8880357557430625
inalbo,1.229666891141323
tanus,1.4645032532992361
putridus,1.096850731501171
taenia,1.097614320813678
duriter,1.0573348295612315
parmeno,1.2557401638571242
puerperaus,1.2046618528203208
ineptitudo,1.7831014704206862
blandities,1.2266285739436504
licito,1.2317794869249652
rauis,1.1424767340063489
obsurdesco,1.274429233664431
singulatim,1.1029709422144547
largitas,1.1124322533700421
opipare,1.1040635424906977
reluo,1.315217530196424
carbasinus,1.3453803615648134
nictus,1.2340511951430042
quisquilia,1.2967591718038085
massilla,1.3153347698315307
carnificina,1.1568964296237525
succidia,1.2427424722160598
nauitas,1.3176296291874963
suppa,1.2610755918530319
benigniter,1.3584361303570172
teresia,1.5743329510391288
hinnulus,1.4031794397257007
syntheticus,1.2222734299084717
osculanus,1.2629581777803975
grandinat,1.7128217714332734
conglomero,1.1918015734533365
inaudio,1.1535990044672593
aequiter,1.1961709333848956
pauus,1.38965754249554
aeter,1.4851553214164217
poteso,1.9645162143977735
itio,1.7575802463807273
flexanima,1.3484824603488006
usi,1.2396240729723316
sospito,1.32589989643936
fidium,1.1815711362586039
lenitudo,1.183431912593777
mollitudo,1.1880859535164612
succussus,1.1196172542562859
vti,1.4715791181778513
properiter,1.5089736772613358
putro,1.387260356070759
manticulator,1.1614749191592157
cicur,1.045183334894931
cicuro,1.252182521482636
repedo,1.2805908976554123
nigror,1.3295984279287998
symbola,1.3517173768335204
facinum,1.4153373111080065
pamphil,1.1966353987254503
perterrefacio,1.3407834015757218
ubiuus,1.2981339825389804
compotor,1.1976531240876016
uitulo,1.4669652031100275
amulis,1.050008999782453
nullon,1.1194844232390684
pamphilis,1.0344681815569714
sollicitatio,1.1365537872896214
utiquus,1.9415586452059903
beneuolus,1.0561792362884337
paullulus,1.0686933508089658
obolus,1.2222972948359934
percupio,1.1278591402270453
deserturus,1.1218467565157815
subtristis,1.1694516153204066
perparce,1.1855886233576114
ueterator,1.0860442552966714
interminor,1.1851773151349934
pamphilum,1.1440000469131488
adiuturus,1.6601904865195
aduesperascit,1.0942786147369001
alterco,1.7501543635677987
interturbo,1.2487141245857831
peruoluo,1.434183967778677
uoluio,1.1902530054973557
critus,1.037449997186424
conglutino,1.048524491234368
phania,1.3680692491641406
obtigo,1.1152352117573539
adulescentus,1.2299534717458538
bacchidus,1.2340382150463194
bacchidis,1.1520189495304503
oenopolium,1.1865857070635772
oculo,1.2319552310427868
pergrauis,1.172579343607243
syngraphus,1.1915427335898299
myconius,1.2302211517147383
cadauerosus,2.080922237184003
decreuis,1.1068123864017871
expertus,1.696429656610131
concessurumor,1.1495246700974504
lache,1.4732728717026538
obsio,2.099042712723486
persancta,2.1439611027564824
bacchidem,1.2409702950582102
perliberalis,1.1760864060826794
hauton,1.230776002458439
statarius,1.370252325078439
illene,1.100681505764349
uniu,1.3895246084812005
pessulum,1.0714706490945274
perspicax,1.121121981606539
illius,1.5436477646700315
insperatum,2.300439857305184
intertrimentum,1.1325326254572397
permagnus,1.028585757241069
inmodestus,1.382591764566369
sos,1.6514116400333172
interloquor,1.2428783586897652
mius,1.7316625418459943
menedemum,1.230730317573043
demulceo,1.22349744094916
deambulatio,1.1392266884572568
oce,1.0720037029241676
cautim,1.2114514882277272
delectamentum,1.0946161004948642
helluo,1.072520557711181
menandris,1.109020823304989
studo,1.6290311617987643
gnauiter,1.093479959567116
lacrimula,1.1289814218092016
expressi,1.228315750909529
phaedria,1.1457341874908362
aliorsus,1.2007703382554478
exclusio,1.1941011012036942
macilentus,1.1378251562938073
decrepio,1.251901930711325
thaidem,1.0983574016957576
cetarius,1.194652934185632
gnathonicus,1.1468565140809568
cursis,1.6549331702457164
infortunatus,1.7327599473103992
contera,1.1963456201350284
thrasos,1.1280244543570486
transmoueo,2.0107383816395115
iugular,1.27564805006358
nequando,1.1283899098207668
chaereus,1.8015539316687563
uentulus,1.5998440703735426
scelerosus,1.2225566633909148
phaedrius,1.1648741199505646
fraterne,1.1585470210594992
acrimonia,1.1331097400324335
sequior,1.7504560235539048
hueus,1.0884624337698892
iamdiu,1.091657726341192
sandalium,1.200734072281872
perfector,1.165133153483222
benedico,1.641984786316689
ratiuncula,1.2076691220681721
puellula,1.1077476565235473
tonstrina,1.355260093576932
tenuiter,1.0822800961853811
intellexo,1.7411322433987892
uincibilis,1.3675832570902782
ringo,1.1393821975334735
opilio,1.0898116105892182
inductor,2.289822377610829
incogitor,1.129178451646182
habesneo,1.0867553454175363
continus,1.5640977210540299
plusculus,1.2394394499108017
uorsura,1.269049183740404
hpoto,1.2124679443053874
denarro,1.0719871268635737
foenero,1.1931975033995414
foenerator,1.1813060738220538
uendidio,1.1994006291106662
aedificator,1.3220007980599453
caeduus,1.3652806686981638
centonis,1.1427048866572855
orbiculus,1.1617273750326487
diabolus,1.7649969949043298
raphanus,2.0273265650313688
sergianus,1.233737842944849
umectus,1.3181980966083688
orcis,1.546390234114218
torcularis,1.237866800104978
factor,1.169768881410794
luminare,1.274071531470916
fullonia,1.1112114472976822
uic,1.559386031605579
ridicus,1.1818126745717086
corylus,1.2075690724647279
prelum,1.2041881119015634
columella,1.1129421760449263
lixiuus,1.1675773843235007
tribulo,1.3048283939820164
uicia,1.2721381373944578
diuarico,1.4000374684824555
trimestris,1.1524625782489142
fimum,1.1672311771176933
radicitu,1.2208196959770954
resarcio,1.1044248309580968
crassissimus,1.113621445403216
conquasso,1.2100828020070513
passerculus,1.1673478833507664
granatus,1.7052667742037126
cite,1.0780194049990361
fabulus,2.3788418094817114
sublimiter,1.1663092311245185
similago,1.2528995659752495
fus,1.1546812475214625
insipio,1.3038657407839165
coaequo,1.1452737535606312
tertiarius,1.289247779674487
amando,1.1748043185074288
inferueo,1.6970206276842132
resticula,1.1706165833144244
bidus,1.1015848842726996
praeterii,1.2299272331135518
pecuinus,1.3003825681376346
centones,1.3691792473063171
uinaria,1.0923767577617849
lv,1.2766364012542029
divico,2.235778214242951
inpraesentia,1.1434382063333817
ssetera,1.5553927591961865
sumptio,1.1407008546613384
ssidie,1.2973708646594446
quotiescus,1.0847346814637477
asserculum,1.4146484765636989
intinguo,1.32242407293173
putor,1.0787139184902186
articularis,1.6091684493866114
pugillum,1.2621064215015572
uspiam,1.1754044959186098
micium,1.2167815197802234
debaccho,1.0793394684471131
oppressio,1.1871704312393965
defraudo,1.2866127963448613
disrumpo,1.0746688247308622
demeus,1.2236579776666514
studio,1.5954980848468434
phy,1.0650355925653003
consuefacio,1.358831554356288
inspico,1.073060284782964
uoltum,1.6265044390677517
regredo,1.2090390594507774
gannio,1.1763164695787598
prospixio,1.203626573367976
dormieo,1.6540760861260029
confecturus,1.1509010279018392
perbenigne,1.2202990796196167
materfamilias,1.022377325441237
prodeambulo,1.1576337847796268
pergisno,1.0496189932733784
numquidnam,1.1034510337000407
peruia,1.5262245800048142
babylum,1.1998669199726173
festiuiter,1.2565589706310365
uideteo,1.817050881101831
odibilis,1.2093521064383386
inenodabilis,2.0942548601827946
hostimentum,1.1419463124021858
eniteo,1.1248953700527569
stupiditas,1.0685815836917838
camus,1.3773589955399987
mulngo,1.3953796453351073
ubiuis,1.1152544867359413
scatebra,1.1842506363579959
aspernabilis,1.2454476456984989
ingredor,1.1667968809223204
sanctitudo,1.3489055127853322
maestitudo,1.2647714462204274
terriculus,1.1767055558275317
adytus,1.4114175878017132
exalbesco,1.1383589386725754
foeteo,1.1656518092729997
coperio,1.1792394119693683
scutus,1.5517779083575811
patrocinans,1.15461894624295
feroculus,1.2557784187784846
expars,1.4025264210690078
extro,1.7403391776456067
firme,1.1649160170036528
blatero,1.1407059734773808
degulo,1.0705270227863564
spurcitia,1.2145375456450156
perspicacus,1.4039003778273456
protenus,1.3751540235462485
paululus,1.4013262521482772
confoueo,1.2527434257391143
receptio,1.40829906155456
uulgarius,1.6617564411671308
uelitor,1.4982303124605398
dominatus,1.1249584272965834
mulierosus,1.0845543274110805
miracla,1.8166046594221417
ricus,2.179887448209337
bulga,1.1046832779429518
pedicus,1.965748587074148
exlex,1.268575733759952
uermiculatus,1.1819430563976203
capero,1.7452411401831789
conuestio,1.1783689173642298
incrusto,1.1267334124102812
bat,1.384869596770985
sardiniensis,1.2877147743507897
gracilus,1.4187089077993147
praesul,1.162303310911059
prostibulum,1.2396818705603176
meilis,1.0732181622227976
meilitia,1.0404572470725153
peilum,1.089383205494623
fureus,1.1096547984230234
crisa,1.3601356405104905
bouinator,1.3583853162518666
babylonis,1.163073941905423
cantherius,1.16236757168557
ceape,1.4311808117609013
sumtus,1.3508077528297597
fulgurita,1.4852140904519766
idiota,1.0742287160170774
uersipellis,1.2024711083104542
excluseo,1.228121355011003
pedetemtim,1.2195943848640522
maltus,1.3224491945081978
argutor,1.084162271354368
hymnio,1.2617654712250181
face,1.8165255900844122
centonus,1.1996314989988064
deblatero,1.2149424776280966
carta,1.1000290329966433
gallo,1.148033594382105
uitiligo,1.5116924213618301
oufentina,1.079643552969358
rato,2.219511886975554
conter,2.0471655900994454
transennus,1.126745519704596
albina,1.890737152602511
seruia,1.3958443693085256
turpilius,1.0842921777246846
propheta,1.2274246610780069
labia,1.6379693932024901
casco,1.1635306462272952
peredo,1.2288349509940895
pedor,1.389711759252042
ito,1.3551454801871994
ariolor,1.162589881793912
cantiuncula,1.1632799064895025
cuiusuus,1.0662809283903414
frustatim,1.1580094090417994
parciter,1.2607387983030256
taxillus,1.153039030043919
jam,1.0517940955094731
cic,1.1146278724202348
phaenomenon,1.1537018933753045
jouem,1.252854375793525
caeterus,1.1832694052590877
jupiter,1.1431130184022678
reflexus,1.4553538627796891
moerens,1.2364411823577288
juxta,1.1261774383589074
justitia,1.6900789502606206
jouus,1.253664550974628
cujus,1.1715523899305191
juba,1.2544299079396233
prosilo,1.1894664414482279
quadruplico,1.1137551806839883
iocatus,1.1757554045367862
acutor,1.172095692972309
nitescio,1.2625309683714365
detexo,1.261913522767103
solers,1.3667530302472393
implego,1.2510220114999782
quei,1.2565794874222334
pauperculum,1.3832004605717094
fluviius,1.271516176172562
uecordia,1.3220968499716388
diploidus,1.3625442646574764
imitatrix,1.2390583809289237
curialis,1.109568568100258
ademo,1.5422979677266102
excogitatio,1.203082208603035
pitulum,1.721541016415432
accommodatio,1.2073711951871005
coniuncte,1.1002687580226214
definitiuus,1.0983256199924767
remotio,1.0853091004878361
inquio,1.0864153017523848
appositissimus,1.2623493375328336
idonee,1.21064933394939
defatigatio,1.0531880420847946
ft,2.0981536060777013
supersedo,1.0931859107567274
perfectio,1.0674029194051504
fen,1.5673259029010336
occisio,1.133080277268475
attributio,1.2615192701223343
cies,1.2411680456423186
negatio,1.0921460755374928
consecutio,1.1150153017713476
tuumnis,1.3135272540282183
assensus,1.307901676247324
assumptio,1.1936155021031893
summopere,1.1998277911352484
epaminondus,1.0585338261779484
saepenumero,1.03647092649065
expolitio,1.099282464845626
reminisco,1.2875596189910181
disiunctio,1.1530002016367074
praeclarissimus,1.0596085782916365
quaro,1.308330253022214
mirum,1.3863086983904747
mutius,1.5547622913325876
fies,2.4572172596163
quicque,1.1510009881864927
praeiudico,1.190891814369209
patrisfamilia,1.0834208458155128
unane,1.552540277430758
uindicatio,1.3617528586336594
remuneratio,1.1139958224200508
intellegens,1.1392096701406784
minoreue,1.1143165684991005
superavo,1.3559099358300872
fitulum,1.8640597202513143
inutilitas,1.1078581106722598
curiatia,1.0386880789959878
promeritum,1.2430044208809015
staphyla,1.2014510322449063
conveno,1.4790215609775363
ignorabilis,1.383577573648353
fatuitas,1.480674346387376
implicatio,1.2869394699798404
consideratio,1.1246276817738121
admono,1.390999008313469
assolo,1.1487586691579283
perscripturus,2.053505007748433
obfuio,1.7647706784870523
susceptio,1.0990648406497692
vehemente,1.04935409606223
incontinentia,1.1821247730479303
exposuo,1.263367029715287
perspectus,1.1952240098939366
ingeniosis,1.691950736498882
obrogatio,1.2267128810067267
derogatio,1.175877859984516
sanctio,1.0953658531648889
infantus,1.178440264447104
persecutio,1.4388569566298746
dissimiliter,1.1726414672332812
ipsumnis,1.2575655532366437
devino,1.1200949741784614
absolutissimus,1.1739057757001905
auctior,1.064138358405202
instigatio,1.3845930131317181
euocatio,1.252683842632321
maturatio,1.386033944300113
amicitus,1.7819738412114674
commono,1.1876467638405044
iocatio,1.1406037609729944
attenuatus,1.2116868461411516
profesto,1.7708487657415841
infirma,1.5366779240744146
pulcritudo,1.2376293797348747
artificiosissimus,1.201272185067857
ils,2.4578810721421367
corrogo,1.1577862903223024
usitatissimus,1.0856698791995072
matremfamilia,1.108027199382889
trauerto,1.6601558232651956
pedagogus,1.1720495114508958
habitudo,1.2513011813407942
neptunia,1.3540299162751057
attenuatio,1.2473668237261475
puris,1.4598709044174079
compellatio,1.25605256890775
uehementia,1.1018702984593718
frequentatio,1.1129903882838257
plenitudo,1.3746495823501756
circumscripti,1.2729084532870538
elaboratio,1.3234992120796365
insignior,1.1289437409431475
redintegratio,1.1745750927616736
istiusmodus,1.1904156630771832
denominatio,1.194763872491986
peruersio,1.3151310316759306
intellectio,1.4694082889780995
petulantissimus,1.1625185883130311
apertissimus,1.2003832133108672
mitigatio,1.1616390552742526
commoior,1.3260792088364095
astutior,1.1201437333481998
absoluio,1.1255113104480747
argumento,2.5328534505664386
tripliciter,1.6965330983005764
pipulus,1.2643856018200528
pronuntiao,1.3361185701764209
prodio,1.168682200134163
subcrispus,1.1414270218976046
ostentator,1.2509095203747924
libanum,1.6281532872464262
sannio,1.3231512123827125
concinnes,1.0785892283387137
inuictissimus,1.2236997473202327
thasis,1.1976532095829013
gratiosissimus,1.305299945927652
circumcirca,1.1431596739178502
veneno,1.232124691146589
ieco,1.2700156030426084
numeraio,1.184133284106245
kalenditulum,1.0154074614208235
imbibo,1.1810134453027883
expulsor,1.1668699174834605
cancellus,1.119664029035477
opulentior,1.084331842506657
honesta,1.208017382208121
electus,1.2753144802770826
recto,1.4198945853769922
calamitosior,1.2411996328161945
luctuosior,1.137589768726509
procrastino,1.3195143570153893
pelluceo,1.227264840298888
diluus,1.1774842530966905
relegatio,1.1516338410286635
exprobror,1.6651060902180719
concreditus,1.2159436520252807
adimio,1.9118656877232043
immanior,1.2723698772641874
eones,1.4498513612543726
lauor,1.6641243725765515
obliviscor,1.2025122197450437
abto,1.9495684498649426
percusso,1.56112507124164
indicis,1.4060786031148886
concredita,1.2922323945712304
tantulum,1.0789716427110863
appendo,1.1504292540031706
ademeo,1.136596597882355
asperno,1.5441008275563366
qum,1.698023508674413
auarities,1.1421682658995034
planipis,1.2795694807884006
uocifero,1.1450017498639147
perscriptio,1.1588256592484452
compromissum,1.092969767856523
decisio,1.0984467166902958
qvod,1.0602090778435713
repromissio,1.109232947886954
constabilio,1.2804177143971833
multigenus,1.4270158859688047
organicus,1.2025079964282883
adamantinus,1.0875755060172094
transmuto,1.4028978410518897
omnimodus,1.1721287755900776
raucisonus,1.233833474264714
munifico,1.45049603005636
chimaero,1.5617697247338338
mutabilitas,1.397700309819441
caulae,1.1692854271429631
primigenus,1.7555597853173806
florifeer,2.3002750573638875
thus,1.2593297062422526
fulgidus,1.15669455328462
democreo,1.1418797820322013
obbrutesco,1.3096260529876138
coniunctim,1.1188323800339974
mixtim,1.1717987700217545
parteo,1.9247506414796836
animalis,1.1196621609581894
torto,1.485291141468331
anteactus,1.1255054965379596
exos,2.6763699848420215
alid,1.17049840599523
heliconias,1.1551562773366655
praecipitanter,1.1908234313443802
liquidis,1.181762061537898
tuio,1.611131597708779
substro,1.221157806029037
canentum,1.5940328054701691
agricolus,1.963273898751745
perscindo,1.1840887398047721
troclea,1.7647868287608688
babylonicus,1.1853873305861886
loquaculus,1.4356570448847343
amaracinus,1.7342261566354977
concretius,1.4364117514554215
uitaliter,1.2515784217140578
diluceo,1.1670239734536592
omniparens,1.2166511913122202
recresco,1.3389525466865602
nimbi,1.6546620640097536
lychni,1.2731922602563623
melicus,1.1425376539864123
omnigenus,1.1799164033274663
globum,1.24635010658136
altitonans,1.1433972165447999
effutio,1.6555251465970007
baubor,2.48204358455028
defessis,1.0925268530747752
interno,1.9401941718830085
pollor,1.1515223895020836
impigrus,1.2267294747191106
mortalibus,1.9561237883836402
uesicula,1.2115790426171793
displosus,1.5972722669140216
corrado,1.250954943460204
scintillaris,1.6694248921708892
oppilo,1.2874774116887968
intulo,1.1377030913226724
heliconi,1.1814543144251906
inanio,1.3713910918844725
pestilitas,1.335459810317319
gadibus,1.1687960211426953
rancidus,1.1996103979863795
remedo,1.3054926239488087
graus,1.236073520119956
delcio,1.0809018562512458
tyndaridis,1.348695904943445
sanciio,2.339664351669463
musus,1.9311592100961825
opella,1.3245032150585163
academius,1.2871270615191555
conuerro,1.5676398890584593
parteum,1.3183963628225341
treus,1.1581150847983768
afflecto,1.4616767185958746
regnor,1.0681335928433107
haeresis,1.1572862638366253
cocio,1.2908964693893663
licentiatus,1.4128208069101265
bibosus,1.3987564175889042
mellitus,1.0999880672795626
turgidulus,1.1771857504611642
peraeque,1.1054386591900784
ueranus,1.4426981384127946
illepidus,1.1438029578144149
marruco,1.080000226593065
mnemosynum,1.1136561144290325
iocunde,1.248627881530652
uatinianus,1.3576360847370232
suffenus,1.202828966834338
integellus,1.3085395437555654
tenellulus,1.2452553686983185
pulcre,1.2680496344682548
medullula,1.3004142173276783
oricilla,1.2919927667202595
mulierarius,1.2468085915948481
mollicellus,1.457497135125889
conscribillo,2.488699385390987
inger,1.1183807851895946
amarior,1.4305818599575852
sirmio,1.7586307490064657
misella,1.1951410806808505
sapphicus,1.2249135609991726
aculeatus,1.1782063081015126
sabo,2.149564426364721
auspicatior,1.2984279449486642
osculatio,1.4605364679778217
tintino,1.1669967793752025
femella,1.1957484161187977
sepulcretum,1.2935325899401051
semirasus,1.2879474786432392
frigero,1.3982225126177603
floridulus,2.1076859509219643
albico,1.2059245880235987
concesseo,1.3999284733124182
increbesco,1.1385811223685114
construco,1.2050209301188077
ariadneus,1.1320466839596712
gnascor,1.1571320544005765
brixium,1.1289444246461335
epistolium,1.9316303535504664
scriptus,1.7839066830087442
amarities,1.1829303452170343
muscosus,1.0488166378673507
multiuolus,1.3653286666826172
npemo,1.088316559362989
realligio,1.1893013453173555
moechor,1.0998229371456367
spurco,1.2096009514607093
armandus,1.2728102418900074
argentarium,1.8065368938711734
convocor,1.0748408100339906
pertenuis,1.8736938644547305
concuro,1.4255793758019153
conventum,1.2062461709888195
proposo,1.1957571089863301
re,1.1402709605603996
impudentus,1.0583849796936786
tendicula,1.41676939527011
communitus,1.7256496199803728
percommodus,1.1245777022781036
peracutus,1.1979151389762166
ascriptio,1.131918142396262
populusve,1.8984953455382256
inuitissimus,1.1530819028128803
infidelitas,1.1153703730542432
leg,1.5274018852432227
iniuro,1.2649120024029776
states,1.345769947451717
indulgentius,1.3471692425717343
delinio,1.188898325593228
cluentia,1.1801683067022173
magia,1.2938409352675275
investigor,1.1654481613914787
sequestre,1.2054022188685372
pharmacopola,1.087642909718827
circumforaneus,1.131677177001961
transcripio,1.1845487186605572
permulti,1.0444218772595675
scamandrus,1.3388419569169285
suppressio,1.2324076205693728
inanissimus,1.1878299863844166
condemnatio,1.1406509098370474
bacchides,1.2205532497239295
sedatior,1.143224951297554
rumusculus,1.1211028029414387
mercatorius,1.48126066488209
quinctianus,1.2393621736494178
uiolentissimus,1.1364619401919964
obvinio,1.1581281956923597
punentia,1.4486635544877684
incommodissimus,1.8923519713560004
importunitas,1.081451448115558
huus,1.6140356278120436
potuus,1.9598541710643178
percuriosus,2.106447092755614
tortuosus,1.164441252380456
expretto,1.2400211622035004
conscriptio,1.3141136986267035
superbis,1.1653239832632263
processio,1.3962818617107025
redempio,1.2814743525112815
administra,1.211345125956394
pervaso,1.3592266580314176
autoritas,1.211705573708877
exercitatissimus,1.3619971718038635
sentenia,1.4475281469289882
temporo,1.5611127239703135
periniquus,1.1949893006492973
potentum,1.1982114119936582
parcitas,2.130974155872586
succubuo,1.1469886278878247
morosior,1.2587057547403238
sterquilinium,1.1080605695874477
augmentum,1.3299684884682983
sarabarus,1.33594600035164
malefactor,1.2667050667323831
pugilatus,1.163002992144892
adsuescio,1.1153922480937621
sororius,1.1563868095438834
secueo,1.8474375599030275
efficacitas,1.4672451382006089
euis,1.6199232252983233
officiosior,1.2264208154785663
perutilis,1.0890302050261047
adsectatio,1.1430873945389919
retrudo,1.165373117076987
maleuolentia,1.1312964684813884
haveto,1.2501842241256294
insequo,1.1401000233426308
inertior,1.4473769186857603
spoliatio,1.1280511518251104
nundinatio,1.3318183965119301
qvi,1.4820951221261753
perlongus,1.3619208836193233
designavo,1.1145787777552418
uendibilis,1.1568965093991719
uenditurus,1.0960970835386135
qvus,1.9553985589887677
hiempsal,1.5009151465589836
nummatus,1.1770687205784842
quaestuosissimus,1.7946659837674515
quoqui,1.3518790126970401
imio,1.25401369658028
constipo,1.2978588273918719
opportunissimus,1.2074731238669965
perfecio,1.5552673167613331
gratificatio,1.4027559112394778
svo,1.8821599293680256
accommodatissimus,1.4388976797998587
perditor,1.325919386846246
increpuo,1.244467653307065
sagacissimus,1.455251105866442
fortissimi,1.5937337441630977
cul,4.031957241664384
dilucesco,1.2827357173341645
incensio,1.6232935415286687
hie,1.8804701282922094
credino,1.4006646663948916
oppresso,1.6071329460311263
deploror,1.0927205440801584
dissemino,1.1053606567432557
repudiatio,1.1809880061959364
neglectio,1.2423291034560178
interpunctio,1.1374318953031046
occupao,1.126303545135243
uose,1.6073497388772917
loquaciter,1.2376705565085937
cavsus,1.2894617125801715
coemptio,1.1491479174813237
calamitosa,1.3546738755673335
adipisco,1.2527931917984731
candidatum,1.0834940330774967
aequatio,1.1142307221539383
testificatio,1.2671644876456263
seductio,1.365049614525106
plurus,1.6728732786637766
replo,1.2139650858382451
aristotele,1.1674831358372835
communior,1.3670685358034609
officiosissimus,1.216105914742048
imtegerrimus,1.10206471073555
eripior,1.2634246840048142
importunis,1.1693410081224835
lapidatio,1.3006420563167582
praeclar,1.3144694213314243
immoderatio,1.1736708245853065
sitter,1.1618585120119955
importunissimus,1.2320381910031895
luctuosissimus,1.1871499343208927
literatissimus,1.2352524448877757
cognitatio,1.2292909961107512
acroama,1.1220954107911858
longiusculus,1.287492627152553
lyceus,1.1322554830032938
iudicaio,2.064723961639481
patefaciendus,1.1678730657982226
pernecessarius,1.1124694301951494
tabernarius,1.2661484105766747
temnus,1.8883054204934269
lysania,1.2263171867270288
mensarium,1.4305600250210484
loquacis,1.4172020279657487
apollonis,1.394491575682049
valerianus,1.3969667634935827
matercula,1.1211861150335376
expeditior,1.1220828028527836
messius,1.3315715786900495
gl,1.8583545958986463
epesis,1.0809749821654633
miserrimi,1.8882871429076298
revixo,1.9794672296617286
scien,2.2882806404975584
pseudothyrum,1.159766432117174
instructor,1.3020990867806008
praerogativae,1.1918616864345124
observantia,1.1885146910057438
derelico,1.1757523558369358
conuocatio,1.215680915294427
imperitissimus,1.2275501226107548
uniuerse,1.2027885235794273
impurissimus,1.1438105219123105
consecuio,1.2346238618216343
permolestus,1.7308023662075633
labecula,1.419107434616336
thessalonicensis,1.8952074585512722
refertissimus,1.8041565286999894
summito,1.6144034068602169
quandus,1.8215077812351395
uiriditas,1.075402865456315
sir,1.4252631673736256
perhonorificus,1.2003012841205412
praedicator,1.2711202351977806
praestabilis,1.2212356733946712
dicatio,1.751314094979356
postliminium,1.0891759879809806
areopagites,1.2867376233340961
insubris,1.0982408538112107
commendatus,1.6360253666967564
uticendo,1.1518474772276706
maso,1.4052125284345203
adsectator,1.2321259579753296
adaequatus,1.3005888195298685
dimano,1.512907976936138
maledictio,1.2390529819235154
pontificius,1.1084301179385645
cogniscor,1.3440313981944372
pastoricius,1.1524942451593048
caelio,1.7015980839950011
mineus,2.0636701132273254
prolapsio,1.2212865236548878
locisve,2.0533890182125316
calceatus,1.3160477313549492
vestio,1.0538137838224049
imperatrix,1.2884554891475306
seiunco,1.2109192517731218
perverteo,1.1064745636465956
excisio,1.678810140495097
impuniio,1.192922958518926
expiatio,1.113631202778566
cvm,1.1169062288839404
libatio,1.209456636776308
perversum,1.3821474358393457
sibyllinum,1.1021986533601287
nulli,1.8679783728366461
adscensus,1.1450186290910838
calamitosissimus,1.1283236596142134
perfunceo,1.2119431315089093
obstructio,1.073434735790785
honorificente,1.1347828271968574
suscepo,1.215903379504019
xxi,1.1328827250202136
desertissimus,1.8383751852240238
xxiv,1.1811638577102035
relegao,1.32383799341664
quadrigens,1.2627300433531483
concertatio,1.080508886921438
despigo,1.6387828094218884
declaratio,1.1303576592350724
festive,1.1621096857550959
sudao,1.1069364573738951
ahala,1.1629271338523197
sento,1.3199360409257512
perspecno,1.6182362079379267
turbulentissimum,1.152198227462992
insuber,1.1711454474531946
formidolosissimus,1.1950464158115348
mediolanensis,1.15960009966751
expiscor,1.1588120523190308
argutior,1.186184357698313
expresseo,1.672512559633023
impuris,1.1343805443766497
symphoniacus,1.3107346433635938
aestimando,1.181052271150398
abiectio,1.1647756979972739
orbao,2.085823371811847
suavus,1.2028163765316677
cusanus,1.155840529542723
polis,2.052992641528874
pervestigatio,1.2631305689924524
academium,1.1273821243323117
subiror,1.278302839202286
perurbanus,1.1401881201226443
admirao,1.6588072165935142
abso,1.2678527112216782
maluo,1.306021485672365
accommodate,1.5423195186723335
exercuo,1.6954152930816588
umbratilis,1.1244978799898657
perdisceo,1.3206662678295915
incitatio,1.0690653047309848
inuolucrum,1.3344458211790855
applicatio,1.2230756417018445
erudis,1.2404708745225557
clamator,1.966759300223929
administrator,1.2009240202899647
sessio,1.1518506404610804
relaxatio,1.1276465022606075
rusticor,1.099508389697404
baiulus,1.2360636847882944
humaniter,1.2408377621630784
accuratior,1.310233064165138
politior,1.1303795929796496
loquacior,1.0756810790602271
benevolus,1.1138019845296576
riuulus,1.0668696132585442
revereo,1.6726324485121569
denegatum,1.3019217551762112
percalleo,1.1077497776209562
perpaulus,1.081696185066505
mansa,2.108011288401495
semidoctus,1.9156621663591356
xliii,1.5985427408161677
imploratio,1.2679762242970198
insulsitas,1.1884125705613093
caute,1.1936271362303255
dicacus,1.081417291367208
perpusillum,1.1553681194950796
occlusm,1.1636868888156127
argutissimus,1.109252896023872
superstitiosum,1.264280984017982
immutatio,1.0720352810530795
pulchellus,1.2096614779584447
cors,1.3575624812980516
anagninus,1.152221333532224
repensus,1.2234051893238362
submorosus,1.42612068292085
thorium,1.353793368620108
admurmuro,1.2381313571308017
cincius,1.1484535608241981
minatio,1.3230678407175214
digredio,1.114836591526527
allico,1.073527942880884
uenustatis,1.1824408699078064
communitio,1.2422576292310408
prolusio,1.241254730571954
descriptus,1.2534250592281848
informatio,1.3000739181346004
fastidiosius,1.1753942848143284
perfunctio,1.1073773204493662
exedra,1.6402783108860792
myrus,1.9245159434979395
uitiosior,1.0666234690888843
congruenter,1.1202539058144148
dilucido,1.4029862977911927
peripateticor,1.041426218475335
uoluptaria,1.1503364915469836
carneades,1.1072542467738773
stupesco,1.2267152130689223
actuose,1.2422140312328733
politicus,1.2127450731645892
antemeridiana,1.7352250493892039
parotagora,1.1327424450825825
occupatissimus,1.2445869288675466
conscripso,1.3618952350190814
milesis,1.1077284207351519
fabricatio,1.4536670286707587
compostus,1.512307111664013
dithyrams,1.1946119330632883
euus,2.255039582982325
imminutio,1.195781142866103
summisse,1.0788400249447598
matremna,1.0738847795418527
intinio,1.229165898921034
inflexio,1.2448000569824245
peracer,1.1424332459388031
coniugo,1.2445032858706746
dissentaneus,1.3717832150907456
uituperao,1.1448061902941309
concisio,1.4961759138487727
coaedifico,1.2468238802380773
bonar,1.2358165779230623
neglixio,2.100329798985866
perabsurdus,1.0931595559758642
enucleo,1.0875317967852722
provisio,1.1253178980456464
sedao,1.2264212637378502
despicientia,1.6066153741257911
quadrimus,1.2220293131754871
diuerticulum,2.1799262522135834
uol,1.689839949227898
fug,1.3559417155428182
sardum,1.0796014515648904
sardi,1.129944732627416
comperendino,1.111919407857021
omissio,1.1929747017530536
eritus,1.495220382861325
cepeo,1.2052211545520883
callisthenis,1.1953293482884966
praeposter,1.1426349215711127
naulum,1.152261850520932
singularius,1.8876136694008228
uiculus,1.1223432743423336
pratulum,1.1065084971925767
thaleo,1.1387150461503857
polo,1.535412365525023
eui,1.337107822884628
areopagus,1.241214692383655
pri,1.000205559061029
uss,1.3635124317216347
sescentesimus,1.105027140228951
perantiquus,1.1321489728800602
panicus,1.2646109032975943
prodita,1.2767970971257405
adolevo,1.887986251198755
phliasius,1.1777815842457156
polybium,1.3318636475605663
mdccc,1.4885487825501067
nul,2.1827479137507577
iniustior,1.0883885737862422
inuise,1.493529132656831
lessus,1.1771752605949848
incommutabilis,1.9477654505895405
neglecio,1.9963424459633814
digladio,1.1230004697571574
scrupus,1.341581403203953
nee,1.5305718136107382
uno,1.594451376844306
cohorrus,2.9391072022790796
alacrus,1.1867843848433945
apenninus,1.6298627977652602
speratus,1.272547164115436
anteuerto,1.1190964204850773
insanissimus,1.643449917152657
mercenarius,1.0934342066682008
incorruptior,1.3747092802210912
tit,2.4721718111501367
conquisitor,1.2123575487381042
nefans,1.3085396458151606
quonammodo,1.0886652118872637
reuiuo,1.2691736021341389
prop,2.123019802089826
occursatio,1.1554382998932937
semino,1.176877079693271
ba,2.2088666745530237
fecio,2.005913524802729
habilitas,1.2212705213681374
le,1.5780727743953111
moitulum,2.03645025448321
obtemperatio,1.1685756453359721
put,2.0857196491729706
mamilis,1.12638369961089
diiudicatio,1.3310331252964678
commendatrix,1.4888589490035324
florenter,1.260626447462602
sur,1.4928800584152877
definito,1.9907291145813186
educatrix,1.4936505312286639
ollus,1.2273829959201399
aspersio,1.2973040517708665
removeo,1.5737987872984431
dessum,2.0895115703485474
festor,1.666954076836085
evanuo,1.1752109268762312
livianus,1.1544569467143473
violano,1.1512120198244433
audace,1.4692539986672934
diuinissimus,1.2266579007245355
adscribendus,1.4210806816491608
operimentum,1.1988683891409375
annonus,1.5083490816243965
creatio,1.6222539786385832
coero,1.4920274450543978
oesus,1.647859259289089
cesor,2.253830552464831
digladior,1.0902359602329255
cooptatio,1.1234473029174568
simpulus,1.207535436573825
gratifico,1.3011179528079575
xviiim,1.739687530135911
promulgatio,1.0935510195568232
uiolaceus,1.1973763543017923
gado,1.5129641875697935
racemo,1.3153347698315307
pascero,1.2659711825295359
basilisca,1.2839472915696022
nauplion,1.140347302209691
aethereus,1.1270931099804868
spectavo,1.3503826370250078
aw,1.3773117309622784
denuncio,1.2295145953236395
dimissio,1.248253308606178
hesiodium,2.4922436469922036
subobscurus,1.0955065416772285
limat,1.1588899362995202
zeuxim,1.0864923418397523
protogene,1.2015799315744957
senensis,1.1193009919533055
perfacetus,1.1533611689185919
industris,1.314756507909988
mantellum,1.2189960693568374
granditas,1.57099525205408
commemoror,1.7340601746378799
consultus,1.2066231155431941
pereleganter,1.1192302047503795
nitens,1.283234323816039
ueteratorius,1.246223179749836
amen,1.335634487474279
sentens,2.10719674347656
castellani,1.4123990489054028
pellucens,1.3831517679744758
liquidius,1.0886882419744424
charis,1.509505750974616
menippus,1.235526531001802
dissimilus,1.9604610582333688
vixo,1.8388541358176378
confeceo,2.227395469790583
menecles,1.2077131978310536
crebritas,1.533482679235877
diverdo,1.3841720638121755
speror,1.1132121593025437
gratiosior,1.2211465178629592
dithyrambicio,1.0353565034541163
pindarum,1.135675035277429
ingressio,1.1215926638074456
porrexeo,1.1616070446887194
erudo,1.1215418290877022
phaedres,1.1020958404415422
deliquium,1.2692739418320358
ceteroqui,1.1333555268289097
uberius,1.138390453195296
argutium,1.1410047282023261
existimator,1.3374150126230517
cyprium,1.2719892201116518
quotiescum,1.081526739996635
axilla,1.1452067567489161
af,1.8105680472146728
aspiratio,1.3022551381248233
subrufus,1.258844682535794
frequeo,1.1543292223999873
poeticen,1.5381194204123063
hipponacteus,1.2846455099395842
iambicus,1.1824148692693226
mitylena,1.195684331427428
sartor,1.10192689242358
testao,2.197542757845943
infercio,1.4834750767547213
senatusconsulo,1.0693848932923526
brutius,1.1438241687337436
studui,1.1317130557140755
petreium,1.1590235561233886
editus,1.4394787913201328
supporto,1.1630709586161567
perdocio,1.5326142918896086
lapidarius,1.2977939720384966
affecta,1.246396680676717
lapicidina,1.1017471434534196
cetratum,1.273557686212999
iurisiuro,1.1955943517534826
expliciter,1.6233843290904173
obsecror,1.5137170211168791
contabulatio,1.453723206069565
contignatio,1.129191219545815
pressio,1.3223949914688216
demissio,1.1382126661621879
ordinatim,1.140615547823585
longurius,1.1853481354516764
irrisus,1.936442967312197
contigno,1.3302039545803477
fiduciarius,1.1988176753054456
gallonius,1.2518088954064719
carmus,1.5667483447190464
opiparus,1.6688684199191708
commiles,2.149709853128542
infrequentus,1.124559837382309
provicio,1.2849255216912732
praesecio,2.033173371091839
gladiatoria,1.256580993268162
piscarius,1.2219964690241323
sectarius,1.4210573302897218
praetermisdo,1.1560994642057554
sentinus,1.2454556893475455
regalus,1.8115173748809037
uectura,1.1659211548065118
ganymedo,1.1325223811541845
graviter,1.2598602299303552
cx,1.2959454123335152
pharo,2.1909405506898723
carfulenus,1.3023723022815559
cadior,1.8511392905627868
zelo,1.615464816886816
axioma,1.1808551753301366
separabilis,1.8981473813212122
pythagor,2.0096043405074218
spirabilis,1.2213775668655023
cineus,1.1525468160728782
concretio,1.5188922522916626
veho,7.586018610081312
physica,1.1397322095167264
secretio,1.319642847591669
revero,1.8238197775744693
boia,1.2260492316335776
melancholicus,1.0740369865484953
not,2.314436347094766
bestiola,1.1447500271223865
praebibo,1.5761564430448542
sentiendus,1.2037178525123458
extinctio,1.215300756081623
passis,1.3023728077808807
reflao,1.2807291260329023
phalaridum,1.0894434052898723
intoleranter,1.1311481157258105
functio,1.3246183510770586
sedatus,1.4810139231348045
prŏfundendus,1.337675840276369
emissio,1.220633260194743
exaggeratio,1.161001588856964
nhn,1.2734765804622348
inuidentia,1.1952182198010564
invidentia,1.2058449340897828
omma,1.1497829887078468
praemeditatio,1.1673226234467615
uenientium,1.4198182821867102
acipenser,1.0645622653989293
scutella,1.3700173477223725
menoj,1.1237952697382048
quac,1.5164789433865393
opinabilis,1.1781334174501945
alcibiadus,1.2354553824608243
accomodo,1.0999032606332666
conf,4.137874257053712
anis,1.738933809010996
lusito,1.433423516728641
upupa,1.191126438818479
mulierositas,1.2809196055212368
proclivio,1.1302959751417585
proclivitas,1.1241631869672992
distortio,1.2157202921372234
sitienter,1.8565893132788416
efl,2.749605334201728
placatio,1.3616028871420471
amatio,1.3539185701538599
rogor,1.1958748160360209
alcedone,1.1446300641740519
affluenter,1.332489865479585
moltitudo,2.1265546753084856
probabilitas,1.1827938249890937
epitaphium,1.124152189632927
uacuitas,1.1656138273910512
iuglandis,1.4466755131441242
suavis,1.8127461740710944
indagatio,1.220644982920503
imbecillior,1.0590441216201545
condocefacio,1.845699241696578
nostraet,1.1265324693271122
leuiculus,1.2601341777382966
mundanus,2.013375930860862
obscenius,1.217172054634992
deosculor,1.1079429778273595
effectio,1.0862336851769243
hommus,2.072026093582693
fillus,1.3568795584929119
sod,1.2583322845490905
qunis,1.4670379349072709
inuestigatio,1.1479875613587585
cohibo,1.2094720693910976
purpurasco,1.2327270905061471
suspitiosus,1.2144717828783762
suspitio,1.1874451078238226
despico,1.149450559840371
sermunculus,1.3185347908887488
imminutum,1.1441979062477707
hiera,1.8753595547931157
consentinus,1.0968983485083041
assuevo,1.2949519368069737
adhaesio,1.2389724599693055
euolutio,1.9950802053061767
priuatio,1.1878363779110448
amotio,1.216894223029171
explicaio,2.0839473282479726
patefactio,1.1145439772186079
pereruditus,1.1963009200353332
luculenter,1.2413220483022473
asoueo,1.285828568923494
selectio,1.0656836866425952
improb,1.53880208684448
caius,1.0653050173397955
adolescentulus,1.1934079941728126
rugo,1.626028842280819
indulgenter,1.0763824571101406
stoicor,1.8732242030804802
porrectior,1.190106769866093
ephippium,1.1793463453176116
aestimabilis,1.1125605386747577
j,1.7565642853209151
consectarius,1.1720204451608447
gloriatio,1.2539240958551605
proxime,1.216996176996856
communitas,1.0877582063352915
provectum,1.3570794234318824
procreator,1.3686138633407257
teruncius,1.0649304700188513
croesi,1.8392498561956883
hulus,1.371159533914737
propensio,1.256689423660602
sorites,1.2478366374757326
consectarium,1.2330054033412494
poenulus,1.8437070419427237
bonestus,1.250336651995255
illustrus,1.0740025402646542
carneada,1.1982142359759602
hieronymunm,1.1218949181094793
aliqu,1.561687296832935
expletio,1.6035800752221059
comprobatio,1.1818233304996801
aristis,1.1732425539532876
invectio,1.2576459647377913
fellx,1.2462531732545938
carneadeo,1.4861326484532356
perlibenter,1.9398240271463183
cerneo,1.304421681437534
aspectabilis,1.16476203184313
lacunosus,1.5683573740967012
consumptio,1.3050970708388576
individuus,1.750541135308921
medietas,1.2433398210671982
particularis,1.5527628540444847
moto,1.238760133509998
aquatilis,1.5124123581528812
animatio,1.2129960182112627
indissolubilis,1.137549737072565
neutiquam,1.0633803142740537
permixtio,1.1967938293970497
requisio,1.453326278593612
pervestigo,1.244821115194591
coniugatio,1.1378063278768795
fornico,1.4167020408370061
dh,1.6178557597507897
enodatio,1.4208259044468983
meditullium,1.1382244036457991
annexus,1.2094678842363027
coniugata,1.3944654969609238
praesensio,1.225365983629666
y,1.4744527997939993
assentator,1.0235066752798654
affeco,1.3559588114527865
verus,1.1608248621032267
percusseo,1.2624887858395988
foedifragus,1.293354094160393
capitalus,1.276530134914647
colligatio,1.325034827425064
quiobrem,1.1909424516076275
ratiocinator,1.8428910817830195
praefuturus,1.1947911848519777
placabilitas,1.6975687247453604
referio,1.1366554292094395
uersutissimus,1.3209233069692707
affabilis,1.096774724966539
habitura,1.1700578402978439
subligaculum,1.6683245948868404
animadversor,1.1214595136068715
intelligentia,1.2771786932461358
exportatio,1.2117570337447996
admirabilitas,1.1486420325820712
luae,1.4029503975574242
equitandus,1.4531223583083195
apparitio,1.2881152874827932
octauii,1.172632123681636
obveno,2.5648219560731165
expilatio,1.0963295096581225
oeconomicus,1.249816630861946
cohorto,1.5647763556075203
apelles,1.174879841948938
assendo,1.1135273546416509
excelsitas,1.1701595238125129
derelictio,1.2323341152143008
acueo,1.1624876569125067
quaesitio,1.27391558354484
gygo,1.2301926465534188
pepigo,1.330120957233955
redamo,1.5777399065725182
rapacior,1.1630396753152807
exarseo,1.2346864641778479
timonis,1.153895821818825
gnatho,1.2195825049990827
rusticatio,1.5823833213644558
tempestiuitas,1.8031544317347654
deliratio,1.190263898619228
compotatio,1.1477327968513793
ania,2.0663537719123113
silvesco,1.1593040257604446
peracerbus,1.3167211624354813
dulcesco,1.2137025887479203
loquacus,1.1982280993548777
cultio,1.2057228300466545
penarius,1.7266665534575854
honorabilis,1.1736852753469242
absurdis,1.1559847572104973
conglutinatio,1.2177382630254654
admixtio,1.136519371759527
ambulor,1.168280096160254
fioreo,1.524968134420888
lapicidi,1.1003096724874706
ipsene,1.2727069286571875
politia,1.1926490486441284
angiportus,1.2946092953093338
ritualis,1.2454712222052553
tripudius,1.1300677264033283
plutonium,1.3803198233160718
praesignifico,1.31428489509945
claris,2.1370801367346823
indua,1.2736824100855337
pecudumves,1.1807796296775923
perniciosum,1.802181904272793
praerogatiua,1.1691408761426276
tristiculus,1.1007294559663696
obiurgator,1.222240661675581
anaximander,1.1510548444466522
esploro,2.106112058858402
irnmortalis,1.1494208711644387
nion,1.51941414419876
nosus,2.035429137963122
babeo,1.9238691093232545
patrix,1.7418940208650822
dirius,2.0157751569153284
aius,1.3586550484273265
monio,2.1213079970714013
pavio,1.9912023623993864
cassand,1.1463336891565963
diuinum,1.3491103038872645
uaticino,1.3813939490997835
serapa,1.232358374633004
phalarida,1.1604930825071806
academias,1.2670237175146688
edomita,1.681082756864074
efficientia,1.2077958811645517
eveno,1.1333827835041796
concubeo,1.601180985807823
procreatur,1.6805035055030098
uisum,1.7142428584010918
sq,1.0
leptim,1.093005726398071
mc,1.9583582546008045
thapsis,1.347574044533548
tentoriola,1.3748775885464017
explicor,1.1702935510728867
uxorculum,1.1336722751537267
praepilo,2.078205905970352
iulianum,1.1989991341189439
thapsum,1.1179009506000352
ignaviter,1.688787379302882
proboscis,1.2067557310988393
zamensis,1.3020984804364104
iun,1.0774861660058743
coagulo,1.1780379534408207
ategua,1.0770915960973282
carrum,1.4756477281852651
imparo,1.173149603562771
exsecro,1.5967617855672753
transmissio,1.8322783061347387
mineo,1.7917352695828954
pretorium,1.359165104069536
impuritas,1.6896913736912287
salutas,1.285970296055264
depulso,1.4953836406939838
edormio,1.229447110601989
nundina,1.109718213782143
eiectus,1.900732447227512
observao,1.2385794251993518
denticulus,1.4548306354233735
celebratissimus,1.2166946016208655
deflocco,1.2045868629708003
aleatorius,1.3874530933264175
interverto,1.3066456135645157
nuntiatio,1.1138437637967262
pudicissimus,1.1898935599054792
dispertitio,2.074205325756818
reclamatio,1.2558967700131314
defuio,1.0611574810291369
deue,1.9983586441209324
amentae,2.0834944335512673
pallio,1.4782694891907617
feceo,1.8204242965192876
occipo,1.4769599156285296
tolumnius,1.6379412484862639
prohibio,1.9079028259160307
obio,1.8323689592372236
iratior,1.308433716523144
ian,1.1812240666675773
inspero,1.2737689576699918
crucior,1.4114694783855797
multiloquus,1.6522635236279406
dynasta,1.6848777814009441
eiico,1.3990126735057329
suburbium,1.1673517008590018
coelis,1.6162600780133851
conscripio,1.2270746359982654
apuleianus,1.1689401610952572
placetne,1.058304196752599
odio,1.2450463348376801
effrenate,1.2433447046366222
nocitus,1.2690089641844853
insomnia,1.2232498026653773
antecapio,1.219382886966108
postestas,1.4603961115680564
allobroge,1.0765299849876788
micipse,1.0498491389276634
micipsus,1.1896827884324923
sororcula,1.2446764005433861
suomet,1.1098706898547734
massiua,1.1127631702086551
uitabundus,1.1848674522083011
necavo,1.1988887786827072
consueo,1.298596586337952
illeco,1.237726163196413
affusum,1.26733458274885
sis,1.8509007593703333
interiturus,1.2965909070710167
dabo,2.678060688891395
dehonestamentus,1.3090889569776656
ltus,1.8583527433084877
arso,1.3377970115130235
amarylli,1.1149692109772114
mulgeo,1.4222624914951036
carectum,1.1607459950731371
bacco,1.728450409606669
calliopeas,1.832332937062899
rosetum,1.1093242604908709
uiolum,1.4543103054463076
paliurus,1.2144805742796927
rumino,1.2553169774852442
thyrsides,1.0979071647254437
coder,1.1606032264312793
sardonius,1.3241748579709138
ulula,1.679031412404817
amaryllo,1.0541641240214377
hylax,1.2286212260130118
subulcio,1.321935174085519
necesso,1.7465256278021397
philometor,1.1521715616788428
incentiuus,1.3139370928507768
surcularium,1.0686476745762903
argentifodina,1.103703724657721
lapidicina,1.2481837512330465
pestilentus,1.108963058527933
prolixior,1.226993778884482
discriminatim,1.2069272719320256
primatus,1.7015459659975107
pedamentum,1.219077204516188
uindemiator,1.3282924793185853
fluvii,1.1108373945547356
tritura,1.4190717848905352
terreus,1.3518450267456723
uiolarium,1.2312311404339848
requisitio,1.2019399291382538
communicor,1.722809771369441
subulcus,1.0713954508203762
ficulna,1.3070475028562325
cannabum,1.1629259247141832
macrior,1.1901200241553587
stria,1.6132067207844063
exsuctus,1.3083571886895509
requio,1.3149617790513304
nutricatio,1.1857621602489186
alimonia,1.1681094423064617
aliuduem,1.1776483163573155
praegnatio,1.2145022016686178
tuberosus,1.1789107755147241
plostellum,1.102112057543212
inago,1.6896258589895106
uentilabrum,1.397652337519905
scopus,1.4442377489291671
denigro,1.4168599689640975
sirus,1.573559956064318
uieta,1.3119469779119206
catinus,1.254226877802481
neceo,1.831828575284379
apertio,1.2322331049186306
anniculum,1.3591084000761162
cantheris,1.2972817823372145
absolvimus,1.1867477835151488
vetula,1.2019663650051966
mera,1.2928049553314938
umbriferus,1.2780529661843285
contenebro,1.3455308811682236
bimester,1.060749760928152
quadrimester,1.2095191543784216
melia,1.224778087113547
caprarius,1.2249296588983163
noxus,1.568763155064963
il,2.6112788611316216
hys,1.4678260041840858
poimeen,1.0935428938747134
adtexo,1.2955163064461628
nuncubi,1.2619220652622758
costatus,1.4369906102176537
bimatus,1.3709484427224756
altiave,1.1266557805689335
equiculus,1.2762273631734071
columellar,1.0559383984911799
obseruatus,1.27835524118139
edulium,1.3149902252894046
hordeaceum,1.137651094353778
abrodo,1.8823928577479323
agninus,1.1174663327387844
lanium,1.2588547892891648
apprime,1.0854343661292423
lucilianum,1.3244727873568436
character,1.2965184634618645
querquedula,1.238545502543869
subgrundo,1.1823337912876857
ovat,1.2355198889114236
museum,1.8396618846527002
plumula,1.3253891586980022
uatillum,1.3206473473804887
columbarium,1.173968204253423
figlen,1.1927926024349094
amphibius,1.959725055644752
nasturtium,1.1453656230754512
leuigo,1.3446881893622322
geometra,1.332912789680558
fumigo,1.320727087230866
opificium,1.199681595432273
exemptio,1.3068148696278699
uiva,1.1796559811099971
fonticulum,1.0925274222350203
ingluuies,1.2861540556146185
permoleo,1.1290778385406501
uelaio,1.4533068911171236
balbinus,1.2460849875913014
furiosior,1.2191344307848373
caulum,2.133279352494412
parochus,1.3027300917303677
lippa,1.4681950447108072
oppidulum,1.3916480294792997
singultim,1.9565759324083265
guttus,1.8175532410466857
otior,1.4575537355795085
ficulnus,1.1304023653720379
canidia,1.2493192760847611
saganus,1.3017346747097942
oppedeo,1.3440430267680383
quen,1.2913557174679071
apicula,1.2848318428955081
pinacis,1.2164530608297006
ames,1.5498202076512484
attagen,1.567424156500854
hibericus,1.7749834136352138
scientior,1.2497565810639994
complestis,1.3073219841864154
sericus,1.370700460012492
fascinum,1.2351689605749334
pettus,1.4489446814603881
inaestuo,1.177358984181824
iterao,1.2342308568307696
recalcitro,1.1846517654452184
abnormis,1.2766694309599118
edixo,1.2903625151323572
repotium,1.2340766115077246
scalptus,1.1894171101726216
dictano,1.173273896240201
uesania,1.7301756821921561
luscinia,1.1602205421051526
mura,1.2654951577349218
hellade,1.2085269602419415
abludo,1.1829152488835177
ruus,2.077901540911914
cessator,1.099445919680864
inamaresco,1.0114809477231994
elias,1.7770242001375676
ianitrix,1.2841480670938634
eleusina,1.8090743259352056
bufo,1.7243617929020563
pelusiaca,1.598875150491221
immundo,1.3256759026877758
proleo,1.22230041159309
turiferus,1.579732975175998
perfutor,2.5161448424119044
cerus,1.9684066412718064
irreparabilis,1.1608319301403636
uolutabrum,1.3808886711218553
sudum,1.8079027079182577
spinus,1.692678616055047
tunsus,1.9616514186683391
insincerus,1.7839914745509349
arguto,1.5046827794290978
irrisor,1.251776018766326
heroina,1.192463743228909
arabium,1.3917484655044607
morigeor,1.178718865645414
transilia,1.2177619511812727
vrbes,1.2865864525578792
opposo,1.2910044457782421
mercabilis,1.1288060296587492
selcio,1.2547982494828707
culno,1.2434241371331605
subrubeo,1.4500646414366563
mixno,1.3011397486910052
herbeus,2.129707777947596
operosa,1.6947708250226452
dissors,1.1400530749472808
aleto,1.2299623083757398
byrsus,1.6956925496410964
subuoluo,1.1129291823429097
leneo,1.2937718914497947
atrida,1.7178822512701946
sergestum,1.2368274814117035
serestus,1.1332195692888956
ilio,1.8118389956037795
fotus,1.1481705369559767
eurypylum,1.2352220691150013
sublapse,1.9359895794628272
neoptolemus,1.2065986438687641
affo,1.3785595622585374
circumuoluo,1.5204508748982384
harpyium,2.412567449495923
adora,2.220374455898137
lilybeia,1.9006960556844548
illaetabilis,1.1352907875556355
persentio,1.3690943317270328
mnestheus,1.0656668316247122
dedeo,1.6920094352742867
persento,1.3478942927691226
pubo,1.312200941781639
eryco,1.1382390758407406
libystidus,1.3424861592155124
trapezita,1.200822420712886
geniumne,1.0958237419237353
famulumnes,1.0828647778319516
acestus,1.222093760489315
sergestus,1.2901698123683374
demoleo,1.4898284574795184
cymbia,1.1063897024056428
nexo,2.715413678892264
decoraa,1.4590063370342123
entellus,1.1587715535848104
acestis,1.191314289544653
traiego,1.8255371702089924
epytides,1.730527968755383
exsaturabilis,1.7074576580988547
troiam,1.3515764671307795
corynaeus,1.1666247942509091
emoo,1.4770069851662058
eriphylens,1.6300319191447732
marpesia,1.194486905524899
caduco,1.6264180322330442
pacario,1.2159565186446923
bifrons,1.5804941813937807
abolesco,1.6630607219000182
tyrrhus,1.0797117836696548
dolonis,1.785457536093937
coro,1.5251279711068466
fundator,1.2913779827083658
messapus,1.1209204885619077
archippus,1.1447804123544623
internecto,2.0232702630736044
laomedonte,1.0232591613664472
cretanus,2.2211540320105785
porgio,1.5757401689853208
alisco,2.076642687448257
turno,1.34110471809066
messapo,1.1207079881529924
euryalum,1.0799342534037575
traiecto,1.4003243482361583
helenor,1.1817875340031616
iaer,1.5153626183452529
impropero,1.2502523275840998
discusdo,1.239298638539719
thymbrum,2.196728321875411
oricium,1.4401617369138136
euandrum,1.099297014605385
exscio,1.1884661963394267
larides,1.2635984398070335
addenso,1.2596609237970138
caeculus,1.2756084780149881
ligeor,1.3065497585635848
adao,1.6351888659272529
rhaebe,1.059462105567469
ingentus,1.7616919417255728
bellen,1.7960833105574017
padusa,1.5685088391445103
tusco,1.886219386852241
redargueo,1.2652790833213672
uenulum,1.5692363668675304
chloreus,1.2221722814574731
panegyrus,1.3480493831128395
proeliaris,1.7271111054377615
aligeo,1.737059014828849
alsus,1.8201539229144306
iapyxs,1.0583586738117101
deposito,1.6884935132169188
turnum,1.2177223535874115
horrifex,1.8527876104582148
turnis,1.17489522754417
arboreum,1.9624618642551128
acroceraune,1.1025150319815273
mercurus,1.1066511138134825
ortis,1.9212381514484622
imperiose,1.606590604290347
lucretilis,2.2630231074385962
uaticani,1.3638653578106767
latonus,1.2866267086676588
aesculetum,1.398896489412857
barbio,2.2192313624399826
adlaboro,1.2700727119946402
hydrops,1.3009058846992114
dellus,1.9889847914627807
noo,1.8521277667989535
parmula,2.2723455838682742
aeacum,1.2224667804376064
bolis,1.2665334195343034
daedaleus,1.299772866124576
pullia,1.0271367039701196
concanus,1.8845311827092193
integra,1.336819627768614
neglcio,1.2924380597578318
bandusius,1.2186663253641026
saeuo,1.4580700535542923
succus,1.199432441337985
aethereo,1.1139209712559373
cleobula,1.4217454338127846
strepitao,1.6384448012250334
granda,2.3103629813475397
finissis,1.1408326400276347
inpars,1.6579482460384471
mausoleum,1.259851336903054
pancratium,2.056887905036926
asopus,1.9734344351112247
cornicula,1.5722507730656676
pedanus,1.353041881579028
emeto,2.09568711470682
conspexeo,1.1972180256739555
nummo,1.9721778042868248
obliuiscendus,2.1454522994356577
mediastinus,1.1728587057964075
ephippia,1.1073624829206536
amiculus,1.3082643469375375
scurror,1.2562995569049498
inconcinna,2.120331061603374
theoninus,1.8314774266244942
digentia,1.1535043819126352
diludium,1.108600480120843
sordesco,1.2043185501790663
mezo,1.7034166176269316
gravatim,1.5572029664534146
silvius,1.1375714880263277
silvia,1.2750142227954744
impletur,1.3965123350481043
violao,1.0822565684619259
laurentis,1.2724678276917047
tatium,1.2318578103273248
lavinius,1.4111699429802833
recenso,1.5926359784337634
suoptus,1.0850858847646772
increpuio,1.0444778605543823
ueient,1.0273560884133337
piacular,1.3071339596774973
tellenus,1.4310536085040184
uenaio,1.1930261101321649
geminao,1.2366070480903264
tullia,1.2799988281260728
lapicida,1.5668149193003114
tarquinia,1.1280417468910502
aquilium,1.2640218960702134
explorao,1.1072131795807096
sublicis,1.4770824067021013
obstinor,1.2416981700563572
circumaro,1.1665010141134584
excitaueo,1.2446496223256271
auruncor,1.1001379531756574
mansueo,1.2127614664733637
ueliternus,1.4250619618341094
mediusfidis,1.0382107632919837
secestto,1.1732149872526312
volgo,1.586192577958513
cremer,1.0581375291138595
uolero,1.450668732641831
recentis,1.374899559541186
contracio,1.8641578952631643
multifarius,1.626283236984134
uagis,1.4337280414349505
fulo,2.0593865827112565
volscus,1.2064461955438792
fornus,2.0499071493333307
racilia,1.7149786537636893
continuandus,1.2593926648246556
aventini,1.0612536028833441
ux,2.4048420743470356
congratulor,1.0908997039972113
hirudo,1.2744690230227202
exsugeo,1.4368815694926316
ignavissimus,1.15124045814622
territandus,1.2955676280761033
incontaminatus,1.7924425858447897
delatura,1.275508685884124
ostentor,1.4077328065737766
tolumnium,1.1510596617477344
tranquillior,1.3202141966249474
semester,1.103193017825639
carinus,1.4406299293733766
rebellaro,1.0999533065113487
erogor,1.7965762582564664
perlico,1.2729880378451277
bola,1.745654440826541
opero,1.343032523110717
uei,2.0671176844095167
militaria,1.6720580051250404
candido,1.2056525599396068
nepesinus,1.145247954560379
attracto,1.3224939153608486
pollicita,2.1537862122870015
clusis,1.0732360121604128
duria,1.3298893155070057
insubrius,1.7298037419244816
allia,1.0647861715778295
venerabo,1.6531535885741233
sollemniter,1.6377169249036851
adscendens,1.3008971088695818
renouatio,1.4972650744415046
circumlo,1.525809003948845
edoco,1.6556252937051523
diverbium,1.3583329663012755
iactito,1.1876148170967895
transfixu,1.0622042800766864
quadringentesimus,1.1905873209369646
mensarius,1.2183986945429484
samnitis,1.2205039699150408
hiscen,1.161101623978028
gauer,1.9416694230294282
popularus,2.1195661470593845
erego,1.2126894093540612
insessus,1.358826491826817
perlustrasco,1.0981502065820614
arcueo,1.184465926198493
torpidus,1.530339779036266
posthabo,1.9637231486819042
incompono,1.281920063376175
adversas,1.1717250333312614
deceptum,1.3167385237555345
intentioris,1.6617064060002509
novensilis,1.2518141259402662
sellularius,2.0393732420706208
hneapolim,1.1314677517970595
prorogatio,1.148989337965483
implicitm,1.4110365404726024
cauden,1.2359578738055887
furcula,1.2331532175167685
praefervidus,1.3384584001044777
nequisco,1.350500359696797
opulentissimum,1.1465928479142113
icno,2.0633764617368016
cortonus,1.1580835079490293
guttula,1.2621983349458248
tifernus,1.1786648737871104
nuncupavo,1.2573920389529447
tifernum,1.1328112804052977
laetissim,1.5842346461433632
perusino,1.1396010652894633
suessanus,1.3642029366616952
uigilius,1.5125185737990836
resperdo,2.0776151459748258
transvcio,2.049443016029841
prolatao,2.01428506767284
transgredio,1.4091060996954297
stricio,1.2652632433127886
masonis,1.355583786757627
circumfusus,1.1022768619448362
coorteus,1.2001608110370166
temptabundus,1.3136683644354297
praeustus,1.561600662422156
lunula,1.2175754760798885
tutamentum,1.6746200362308967
cortonensis,1.6309276755054674
uou,1.842313116942386
coepta,1.9238999956424117
samnum,1.4147241057890032
praetentus,2.3867236312898754
provcio,1.2090640658779734
stolidissimus,1.1925555410469604
haudquaquas,1.191402018618213
fornicor,1.4553055122033478
punctim,1.96218070238779
tantusdem,1.4602390054174457
auarissimus,1.3047091641087893
busa,1.935861802224095
iuveo,1.5296583226582907
obedienter,1.7753198063543292
indicasco,2.39574577461973
inclamitor,1.6809857381062547
artius,2.063516678146217
transio,1.5280619865843403
xenophanes,1.2139590249061358
pervigilium,1.809448549693405
uercellius,1.1156956951738088
devasto,1.4019886974943108
paupero,1.4551264032092337
croton,1.1701831926555541
crotoniates,1.1589225978569637
thraso,1.2743035891802028
uariatio,1.3023648209374281
morta,1.167255133696198
hieronymo,1.1805295419897066
elucto,1.7569274010962197
turbatio,1.0945154826899879
panormus,1.1194523034851704
defeco,1.714798808354357
adiusco,1.2556303936328526
sacrificulum,1.2717901073787286
alfero,1.2649915439604726
perlustrao,1.8361408989346426
nuntiao,1.288763794384559
intentis,1.147356825361915
pervagaor,1.1675562583397046
canutus,1.2557774788261966
ignobilior,1.315533207121556
obedio,1.2279980237515782
potentatus,1.3643720106715174
semiaperio,1.934911820617058
duodevice,1.3470661602741598
pyrrhia,1.295767651160391
pacificator,1.9572068193961283
ostiendo,1.2273119741223903
catio,2.3103254395132033
gas,1.6199665524712934
tranquillae,1.2955076031811765
dardano,1.8550552340919755
multiiugus,1.3014486021689549
dexteritas,1.0967469063401836
uolaterranus,1.7441523515189483
subolesco,1.8780178362942954
eugenium,1.3176763014369768
prosper,1.4353828920338516
insubrum,1.0749613978047285
bergus,1.8603938590605404
subterlabo,1.380611970986867
subsidiaria,1.6723818519847977
distinendus,2.383853095043924
erubescio,1.2458090652327138
cynosargis,1.1817574000291333
longo,1.6748142898742073
lecturus,2.0288991969825094
pelagonius,2.14928175430991
supervado,1.7231204830550018
pelagonium,1.9138007934351444
superatus,1.2580388374092157
maleo,1.5830440118689502
praesentior,1.4844839491631183
metropolis,1.228726324417657
circumciso,2.072691647692667
cium,2.586264180471036
concepo,1.3480682303210445
maturandus,1.4293365048627231
zeuxida,2.0659247723442276
paeninsula,1.1453493591430601
quiritatio,1.3250256183853724
phocensis,1.2538154862042836
comensis,1.105461530341784
sestum,1.2221460176523777
nabide,1.171483510414038
acceptura,1.116480779701753
tenacitas,1.172826565812011
uaniloquentius,1.2037034300047968
quave,1.2354711217774295
uictorius,1.4916469910852634
disso,1.8092538091489887
exembo,1.2136104913854802
perplego,1.7958310752380058
cogitaio,1.753795276176602
bursa,1.2894142428752653
tideo,1.4441666386909788
acrius,1.8333675371034412
aquo,1.8202267914578791
phara,1.6882012782548952
inauris,1.336787353391127
lignarius,1.1661511488147354
mentiendus,1.1497520221655246
convivator,1.2639905650576089
terrendus,1.8780407508439432
corinthiaco,1.087490205778474
amniculus,1.290988749836195
dedior,1.0712307904683716
amplecto,1.7656764783916585
sexdecim,1.1408014555723833
comesso,1.3592965874535712
