Token,PRT
diuus,1.0084283860671217
emo,1.017584633208132
cano,1.0077531784331464
deus,1.0522232689058448
supplico,1.0210510172037304
cuma,1.0533653890828123
tono,1.008628875163328
prae,1.0584390644218147
quot,1.0057837968559904
ibo,1.3955891565524425
de,1.0277131658058498
hic,1.0069384651303206
cum,1.0061285676264775
omnis,1.0160058988989948
uero,1.0401930839365554
nex,1.007311787413538
fortis,1.0194744022977589
sano,1.0253532860997694
res,1.0114899120297864
ubi,1.0100857360716136
paco,1.021117014717602
oro,1.0214863107253525
nemo,1.0131051620657539
uoster,1.3026021427401266
ruminor,1.3759198993164694
mulier,1.0264830062563446
mustela,1.035508785200951
posthac,1.0310301860513251
numquam,1.012613292084927
credo,1.017010042306879
nam,1.0114924123069013
incertior,1.2674043761110987
nullus,1.0057877161191278
nosco,1.0106198350368236
bestia,1.0189265121544457
quin,1.0293450677692018
decio,1.0497304410525476
in,1.011457531508694
dies,1.0220158520372558
muto,1.005194265655338
locus,1.0104805059938424
is,1.0372476992526125
ego,1.0204343343723865
capitalis,1.0171153508054005
meus,1.0462051683129567
non,1.008575941207699
hercle,1.0826306197965982
egoquidem,1.3409083516087057
usquam,1.0122254041353071
quisquam,1.0105606657170156
nuto,1.0101615756029703
neque,1.0067397348162745
nicto,1.492835558232072
tu,1.01542491508477
magnus,1.00969911329735
praeda,1.009802913108773
ago,1.0094054535831387
possum,1.005938480192045
dico,1.0353100546151883
ex,1.00826869446841
ager,1.0168214293766396
hostis,1.0114763131780216
qui,1.0070137118844635
circa,1.0161758675723722
thyatira,1.108387206058533
sum,1.009123982550927
hortor,1.0113096197532019
perpello,1.0584332550564188
livium,1.1436497478849534
ut,1.0102607254442122
quinque,1.0090405913935003
mille,1.015196344202618
miles,1.0104449646737281
sui,1.006533957319958
mitto,1.020743638397719
ingens,1.006716295974981
intra,1.012045215887331
paucus,1.012603818922429
auerto,1.0254422785563386
inter,1.0058061069156268
phocaea,1.1429704272387118
seditio,1.0118843157960002
orior,1.0262612323295346
quidam,1.013143705129399
ad,1.0112002684766337
antiochus,1.0160060219549432
multitudo,1.0183887303083141
animus,1.006776284671886
auoco,1.025438204620604
grauis,1.0063122080468072
hiberna,1.0243388620991563
nauis,1.0130282070712406
tributum,1.0202568579266376
quod,1.0117012595660226
toga,1.0133965713968167
quingenti,1.0143382793049118
imperaio,1.8618719023764447
tunica,1.020387352955147
etiam,1.0137893394990978
inopia,1.010623000668941
frumentum,1.028277103045376
propter,1.0198352577255918
quoque,1.0206897357301175
et,1.0184759614357284
praesidium,1.0205016178060489
romanus,1.0137496447057777
excedo,1.0136174736533536
tum,1.0124448795823449
libero,1.0338165882507644
metus,1.0059050066647768
factio,1.0275999868190577
plebs,1.058168562561763
contio,1.0115719397644611
traho,1.0047002984119688
senatus,1.0075349455846851
optimas,1.0419398848732424
societas,1.0125799228935477
persto,1.017095125935816
censeo,1.0243754501085145
defectio,1.0437589870398742
auctor,1.0165670976543821
plus,1.0067185310751414
apud,1.0113863138533004
ualeo,1.0171884876868849
rhodium,1.0169877256247661
quo,1.0111821065080426
magis,1.0148706242623122
cesso,1.02609967148353
prior,1.00982078244243
aestas,1.0155772299099957
mature,1.0139225357926305
aequinoctium,1.0145805754799648
uernus,1.0269279103684719
idem,1.0095335518010347
classis,1.008400080300719
praefectus,1.0216686947131015
sex,1.0112083135839747
triginta,1.0148002755779062
iam,1.0072952767903953
liuius,1.0316272666822686
ab,1.0079933680093327
canis,1.0097713698082187
suus,1.02094346326802
septem,1.0180131457135657
quadriremis,1.1735237098120344
eumenes,1.043977734818384
rex,1.0241944119031383
adduco,1.0341155741335504
hellespontum,1.0185392148940728
peto,1.0043917401831206
transeo,1.0121275168935102
exercitus,1.0427622096453983
terra,1.0267992563221977
uenio,1.0164491550833528
opinor,1.0245203893237276
praeparo,1.0384692280466892
opus,1.0308156899224425
portus,1.0097476680467639
uoco,1.0196840181098703
achaeor,1.0164231067068763
primum,1.0108282611820796
adverto,1.1895315481301723
inde,1.0236250123703463
ile,1.0327962927418077
escendo,1.0747864132141485
sacrificium,1.048908241685554
que,1.0039186250566892
,1.0109701229243577
facio,1.0147483490365186
legatio,1.012442741177116
finitimus,1.0136269045512514
dardanus,1.0162449913008198
trado,1.013180109604663
fides,1.0230480108658655
ciuitas,1.0452946893084247
benigne,1.019244066838999
fauces,1.010996440858675
nauigo,1.0102752650019007
decem,1.0117983321373276
statio,1.0176578375962257
contra,1.028095943274003
relinquo,1.0064141051886857
ceterus,1.0087444639118603
europa,1.017003260891045
sestus,1.3152140246716455
oppugnandus,1.0508555026205908
subeo,1.005145666060843
armo,1.0119726336011967
murus,1.0165438765092925
fanaticus,1.046576646139631
gallus,1.0094299288239827
sollemnis,1.0089991437119359
habitus,1.0145620464705403
ante,1.0140017104296926
porta,1.0273299812814891
occurro,1.009420940260161
iussus,1.0167576496589266
mater,1.0087185056848735
famulus,1.0181122365538793
dea,1.0169200417891355
memoro,1.0092458773916495
precor,1.00759497137487
parco,1.0126818097176244
moenia,1.0106455259316063
urbs,1.0086996443533298
ne,1.014802055659939
ecastor,1.1705343385226563
miser,1.016640217313517
uiolo,1.010786970998975
mox,1.016085276176986
uniuersus,1.0519449853085738
magistratus,1.018882082663632
dedo,1.0116839336746213
procedo,1.0162890064108312
traicio,1.0176646894734174
tempto,1.008776367674981
per,1.0065095619277076
colloquium,1.0161016454372374
nihil,1.0067180478094009
respondeo,1.0531984220494737
oppugnatio,1.0254593267616439
expedio,1.0101842019509062
dum,1.0086353028031247
gero,1.013966043544195
regius,1.0095010534429367
praeficio,1.0168226619137573
autem,1.0357180139830318
exul,1.0103871545113021
rhodius,1.0268759294983496
audio,1.0245492944948025
prŏfectus,1.0241240150174435
domus,1.039380599833275
popularis,1.0192718700320857
superbe,1.0248133955930354
contemptim,1.1051355965540923
contionor,1.0479196093546905
praecipuus,1.013635968176941
certamen,1.012141804930202
aduersus,1.0206716659486914
sumo,1.0085219215590802
alius,1.0062224614846127
nox,1.007950674075232
agito,1.0095171504989755
quam,1.0063725107942065
uerbum,1.0221273060624156
magnifico,1.126471882711998
homo,1.0207993479429214
ille,1.0148286348689106
patria,1.008227007227507
usus,1.007089453507486
licet,1.0228267208623116
restituo,1.011063886820156
quisnam,1.0143001358710602
modo,1.0177466105021582
mirabundus,1.1079171504978134
do,1.0091629517031788
communiter,1.0240175628012176
aut,1.0058489811870832
tego,1.0054835515329006
silentium,1.0128913930817456
internuntius,1.0888181046891263
regia,1.0149954465846844
totus,1.0078547621710847
maior,1.0122126404708258
pars,1.0062093056339558
pretium,1.008670535000934
tantus,1.0048876309670312
meritum,1.0232047430909106
paciscor,1.0236990884515391
redeo,1.007478193905559
magnitudo,1.0115421155024296
aspernor,1.011565291668257
efficio,1.0193763468117087
samia,1.0968665077624355
ibi,1.0205330280553246
exploro,1.0115885908843396
offero,1.031405674041396
misera,1.3401582511850947
ultro,1.0086915784686652
citer,1.028077799308218
nuntium,1.0338930387732321
curso,1.0939570296967984
coram,1.1000819034758587
nuntio,1.0181204538051012
manus,1.0244156061116836
scribo,1.017950081103675
polliceor,1.0135787108317165
signum,1.0190842124342587
imprimo,1.0258253731034825
pignus,1.010323023397737
uelut,1.014177384999919
auctoro,1.1054441219587583
proditor,1.0156013290967214
ratus,1.0244428164078248
enim,1.0229592463575723
sub,1.00743663249921
uiuo,1.0119674451905776
semet,1.0279296475552353
ipse,1.010998999619818
indicium,1.0115306497920018
testor,1.0167123616741764
ratio,1.0080544781028415
simulo,1.0066398252836084
proditio,1.0133205513765084
compositus,1.0237289467669022
apparatus,1.0095960031176299
remex,1.0242047909481902
socius,1.0170255782549795
naualis,1.018560053775296
frequens,1.0186774352707648
habeo,1.0069261366139366
simulatio,1.0190983880448548
reficio,1.0165124649773642
propinquus,1.0128503010590388
ephesus,1.0297416392647334
salum,1.0246477219516756
si,1.007861422130206
exeo,1.0227375583264409
cogo,1.0058917384957373
neglegentia,1.013874497767837
extemplo,1.0549086164243957
commeatus,1.0196577417020243
accersendus,1.6542114506006287
samus,1.0353385495573162
maneo,1.008196289330161
paro,1.0061559615817333
accipio,1.0103359828240879
augio,1.0301159361310555
error,1.0116113422016966
subduco,1.0114478360497747
ephesum,1.0747114372563842
accerso,1.0314777097444217
sed,1.0080551443587642
magnesius,1.082929222252918
occulo,1.009370898750278
forte,1.0202505915303568
privatus,1.0375906388104246
causa,1.010152756467691
pro,1.0123349772527754
speculator,1.0300728022531271
deprehendo,1.013687964675269
deduco,1.0122349923629341
percuncto,1.0884541010712347
quis,1.009680701390762
incertus,1.0082872367035147
an,1.004459871335957
erga,1.0381093275864426
haud,1.0251174055020056
sincerus,1.0263085678686665
aperio,1.0147800199118604
instructus,1.0172671863310931
sto,1.0148687211590781
remigium,1.035309671285852
sipylus,1.0993609084560714
perpaucus,1.058684718700926
detego,1.0134232606789226
administro,1.0203440991214097
uus,1.0187439923296129
spes,1.0139034180741897
uanus,1.0104576229394355
praeoccupo,1.0444397574505564
satis,1.011499791245578
comparo,1.0152573478130553
magnesium,1.0633676432997323
raptim,1.0268490297359458
tam,1.0102995999260276
absumo,1.013626782070933
conspicio,1.0104552494904575
prŏficiscens,1.0397791435148818
nolo,1.0394817045025204
post,1.0096284468314731
sol,1.0053694920519485
occasus,1.0073736617059792
proficiscor,1.014545972182798
septuaginta,1.038751038226871
uentus,1.0117316423153466
lux,1.0126077915173808
interdiu,1.0244155435609439
ob,1.0125431337700908
proximus,1.0214644812629101
hinc,1.0162765094255903
nicander,1.2331295612417308
atque,1.0095382293070645
qua,1.0110911845820012
iter,1.0092939028171433
tergum,1.009876643383482
duco,1.0059232208123237
interim,1.0206280154737795
diuido,1.0090354330045666
uterque,1.006373597396479
teneo,1.0061343600565305
primo,1.0224082282052576
turbo,1.0090294250651182
parumper,1.0488063440933215
deinde,1.0121018727112325
uetus,1.0092782986062128
celeriter,1.029427553733776
colligo,1.011534735946227
melior,1.0084523896323268
arceo,1.0117130951991855
mare,1.012849261571942
duo,1.0078961764358505
agmen,1.0166070750021192
promunturium,1.0896337398272338
cornu,1.0179752813032925
obiectum,1.016728381452524
altus,1.0119982712346045
facile,1.0083432311211693
telum,1.0032709188891291
anceps,1.0095512901053334
summoueo,1.015227428711402
inceptum,1.0354369522243678
uisus,1.0084252947819337
repens,1.011053041243587
consilium,1.0144953599090165
conscendo,1.017779209726488
iubeo,1.010392630979876
pariter,1.0104690034779031
nauta,1.0199416481976744
trepidatio,1.0348855635600123
fuga,1.0096711007289374
fio,1.0103271606432624
simul,1.0188124141335038
unus,1.010583857803761
uia,1.025350278173943
salus,1.0269276589368457
uis,1.0072331702461497
erumpo,1.0101983135198043
postquam,1.0178881976724714
uideo,1.0167828524752347
sequor,1.0082677249585388
princeps,1.0233406123751925
concito,1.0156850703663272
remus,1.0101551893172152
ostium,1.0303114120212464
tendo,1.0072811252584812
supero,1.006400280255205
tres,1.0087237821321766
circumsisto,1.0443814377766896
rostrum,1.012797717917282
ingo,1.0410390723112923
supprimo,1.0278115724689723
obruo,1.0109197449601084
propugnator,1.0283420840683501
impigre,1.038981653790776
pugno,1.01168399468024
interficio,1.018073870542381
reliquus,1.0220859593868465
deprendo,1.0112221490300572
molior,1.0091512363612654
tantum,1.0092637877302006
rhodia,1.2097856023882447
coeo,1.0066354161904154
effugio,1.0128842384273564
terror,1.0171591330038032
flamma,1.004742536916791
mico,1.0066169346584002
confercio,1.019407935590921
contus,1.0315807712671716
binus,1.009423187386109
prora,1.0156149776128094
promineo,1.0198846682554301
trulla,1.0490412497942838
ferreus,1.014266410144057
multum,1.0182432958976801
conceptus,1.030736590874477
ignis,1.0151978185236696
porto,1.0181314515368507
erythraeus,1.024250811416956
triremis,1.0726630510602009
procul,1.0124636979378763
fugio,1.0093509806948544
cursus,1.004918930076105
confidenter,1.056793161275067
pernego,1.1509374253318636
tempus,1.0098433327422542
seleucus,1.0094486352673238
prodo,1.0094686786545821
una,1.0269308018410208
custos,1.0110460343936836
recipio,1.01180327473389
cyma,1.1422187325136814
ora,1.017566056029764
abydus,1.0382883149107658
aliquot,1.0195222909538295
obsidio,1.0154040199241043
tolero,1.0204512785341162
regio,1.0117800876619538
tutor,1.039081007637336
fessus,1.0058172020164766
philota,1.0477898301930333
permitto,1.0098048580395882
condicio,1.0156088295871852
distineo,1.0572638009685085
uter,1.0252579810298244
armatus,1.0124758569227152
inermis,1.0221000318256055
emitto,1.0119778831060862
parum,1.0071040832901632
conuenio,1.008140856441797
interuenio,1.0297094068208763
nuntius,1.026980902331009
clades,1.015293904345138
metuo,1.012018232862898
successus,1.013358253922311
inflo,1.0113618046170842
opprimo,1.0097140013035777
custodia,1.022537965431019
adiungo,1.0116788092289102
ualidus,1.0077673432322358
castra,1.0196828406003464
depopulatus,1.0486482256465415
maritimus,1.0235365223718582
impono,1.009380250791394
moror,1.017029893880356
eume,1.015263798774486
adsequor,1.024010125100114
intendo,1.018522334170344
pauor,1.0143379113481168
luctus,1.0081988339369408
praeter,1.0085483546932994
iactura,1.0090105521045571
flos,1.0088149460230522
robur,1.0131103621492301
iuuentus,1.0121383855342752
amitto,1.0058792546744724
multus,1.007727937021809
nobilis,1.0077828402206919
auctoritas,1.0179839904859131
maximus,1.0102278761016652
fraus,1.0114792402542454
capio,1.0083423220712215
ciuis,1.015466339210175
potissimum,1.0127944775069193
foro,1.0126848049014834
ira,1.0103831384720785
uirtus,1.0189471812325184
bellicus,1.0102746566438177
haudquaquam,1.0257010084289564
cautior,1.0355510971873518
quominus,1.0408305295108289
dux,1.009570426303782
applico,1.0199256510096082
posterus,1.0436571135666213
corycus,1.041136687938422
pelor,1.1068172055907106
iouis,1.0187186303429365
adiuro,1.057292317868508
uxor,1.0216563761449566
satin,1.4903181202388849
uolo,1.0091539678933532
traico,1.860839770637287
expecto,1.0267114104802648
ortus,1.0080893668701045
status,1.0125027421470492
caelum,1.0199902628874478
noto,1.0073767465470456
gubernator,1.0253130565522814
tempestas,1.0156414764550312
medius,1.0104984601796636
aquilo,1.0327545870099772
septentrio,1.0127134128563993
uersus,1.012542522677655
exaspero,1.0361486276379779
fluctus,1.0050529965883033
iacto,1.0055942615753337
coepio,1.012257833840773
coniungo,1.0134476862768313
insula,1.0098558543678637
praeteruehor,1.0922241438777318
aberro,1.0388121397725194
postremus,1.0219722110224532
opportunis,1.3512508755794812
adorior,1.0189746587903092
spargo,1.0049008726598485
occasio,1.0145005742735835
paulus,1.053542068077019
increbresco,1.2246877878366134
uoluo,1.0054172095102603
quia,1.042750932602748
peruenio,1.0126833378704407
traienco,1.6349351827733043
adgredior,1.0090077606655024
exiguus,1.0057999564760465
primus,1.0062332640228648
tenebra,1.0118422069974409
desero,1.0314021866526828
iactatus,1.0203697903394235
decurro,1.01067834155705
agrestis,1.0124655309319717
cognosco,1.0166688643608977
decerno,1.0159036497096443
dilato,1.0248588447227809
ita,1.0095017216124094
placeo,1.0130904185899003
unde,1.01440899329079
frustra,1.0105881189328298
uacuus,1.0089763277006112
eo,1.0133804115973635
expectatus,1.0563941086999613
appareo,1.026465295983701
detracto,1.0243244777856266
pugna,1.0098413876632282
intersum,1.007137334377056
timor,1.0297143363580534
confessio,1.022919641023665
exprimo,1.0095998306383036
frons,1.0042544836808502
acies,1.01064942229512
steto,1.03498439091888
ancora,1.047123639511997
expono,1.013120823655357
late,1.0099390155662364
depopulo,1.0296704145810796
andronicus,1.0421117158943252
macedo,1.0221564500062448
appropinquo,1.0561359531697834
eruptio,1.0333726342895937
exuo,1.0181855786675238
insidia,1.0077212182980644
fermes,1.048166101543915
pono,1.0142283947408066
elicieo,1.167742111960784
extra,1.010962812630214
macedonis,1.0107811248739929
suspicio,1.014147222999985
deterreo,1.016611079069958
italius,1.0258666465128077
fretum,1.0060246772391541
tuo,1.017736547148312
praetor,1.0231815297162805
infestus,1.0101273947092573
latrocinium,1.01853618497938
lacedaemonius,1.005529532112641
claudo,1.0071119424398243
italicus,1.017615185192419
piraeus,1.0359105689179458
aemilius,1.0149395091257476
regillum,1.0766209668544007
succedo,1.0169069745452253
imperium,1.011398142118629
quattuor,1.0126196483707397
asia,1.0050513709606015
reduco,1.01847138622145
atheniensis,1.008379836894242
aegaeus,1.0216290026125892
chium,1.058159819621299
intempestus,1.0176792577351605
aemilis,1.0359632766027709
aio,1.063965597387715
onerarius,1.0393484050231037
creber,1.0121656192211619
abydo,1.111933851888898
illic,1.0237088328148853
obuius,1.0174329497152503
adsolo,1.0446466270029426
rite,1.0226991546397284
aduoco,1.018476950676653
c.,1.0048534449372917
rogo,1.0151598561210804
sententia,1.0128979974678178
fidelior,1.0498451315333823
alter,1.0102135203931406
suadeo,1.0103716990201863
saburra,1.2235108248356446
grauo,1.0110238568306928
minor,1.0063790304430387
claustrum,1.0101646167198064
flumen,1.0087329402349812
modus,1.0116577019403052
longus,1.0053116587806314
angustus,1.0062730362603904
uadosus,1.0523370526260856
inutilis,1.0193433974654116
quaero,1.012141316443655
tandem,1.0206091407490518
demergo,1.0178496632894498
freno,1.0186620962153035
mas,1.0148779297894022
liber,1.0229812021316418
ops,1.0091684756116046
ferendus,1.0167068780967967
praebeo,1.0061132421436383
nihilum,1.0532473494788166
minus,1.0110242223870314
siue,1.016449093501692
abscedo,1.0176325296604491
dubius,1.0105340661302518
moles,1.009339139540588
obstruo,1.016159372827508
sin,1.0283495848314965
attineo,1.0238975727464763
tutus,1.0063128720016736
opulentissimus,1.047693056676486
fruor,1.0098243685413635
quietus,1.0180096865314447
aestiuo,1.0268700214858324
obieco,1.0744326928169428
inops,1.0123247152183263
adsiduo,1.010724250479029
impedio,1.0135127657348293
agendus,1.0184278619142022
displico,1.02053451791755
ostendo,1.0108216228572282
omitto,1.0078542172692337
praesentia,1.064739206985442
mittendus,1.0670163770945182
lycia,1.0196701980378606
patara,1.1050369659317478
caput,1.0086560415957495
gens,1.0259456899706278
incumbo,1.0094430475557858
bellum,1.006132368901177
cura,1.0069166486966037
cilicium,1.090337422495535
intercludo,1.0240408766316722
moueo,1.007126089218325
tamen,1.0079401374053982
eueho,1.020858914818492
infero,1.028858316192048
quinqueremes,1.1247585691930468
rhodus,1.0314298961919166
adeo,1.0091914217246996
communico,1.0609841432437264
miletus,1.0420575393199762
cnidus,1.0841492403944786
cous,1.2382519800373648
imperatum,1.050495715263662
enixe,1.0848726521267453
consulo,1.012609502798658
approbo,1.035251472408284
cunctus,1.0135654843861754
adsumptus,1.0217958795181927
secundus,1.0227425460298325
fero,1.006195305290011
spero,1.0135751592522537
subito,1.007883400619813
aliquis,1.0103198596446095
circumago,1.0353499224160956
peruinco,1.0753907335163895
quidem,1.0256915396362898
aspero,1.0351916193564827
spatium,1.006286133421255
disto,1.0072452039247537
insuper,1.045749404718384
inmineo,1.0297568713765708
rupes,1.0052743116623022
oppidanus,1.0173520662283606
equidem,1.0292077257617862
phrygio,1.0699184660817829
palla,1.0235999063842478
refero,1.0089972018835656
quamquam,1.029939438965563
iniquus,1.0236661089058843
difficilis,1.0109530048183097
exitus,1.0134808677971492
auxiliar,1.0960295587729383
expeditus,1.0233351194856612
iuuenis,1.0048828760806754
missilis,1.0165637714836235
leuis,1.010370360377852
lacesso,1.0101298274366202
consero,1.0135271541373299
sustineo,1.0154228255300048
adfluo,1.0606592288081882
effundo,1.024414605300766
incedo,1.0253834916666738
auxiliaris,1.0382626772610961
circumuenio,1.0211551753647248
periculum,1.0099143332550389
solus,1.0058504887877622
turba,1.0161602344800285
quisque,1.0134133438549295
proelium,1.008142916134069
educo,1.0329883987482142
solum,1.020616156601395
l.s,1.0054985565285246
tumultuarius,1.0443738963546485
cado,1.0159506497894792
fudo,1.0440783713956205
fugatus,1.9536236649866752
lycius,1.059338080393235
compello,1.021294541887999
incruentus,1.0448626886125072
uictoria,1.005971111486331
sinus,1.0075334329303471
latus,1.0068740459215555
caria,1.1976124297106852
contingo,1.0100657289838955
ample,1.019112935478839
dimitto,1.0349313997425813
graecia,1.0050153676654352
transmitto,1.0186045788712912
scipio,1.0142383888368351
thessalia,1.0146191081699343
italia,1.0100987502258498
aemiliter,1.028525663582703
lycium,1.0622933946045283
profectus,1.0444231125985302
repello,1.0093928216651404
irrio,1.250528730484825
reuerto,1.030183047483784
turpis,1.0133644971470686
summus,1.0106555713049077
statuo,1.0157503760050361
hostiliter,1.0180616385089707
potestas,1.0216798314520972
ii,1.1602775916468835
insisto,1.015635143659339
uicina,1.0056492941993718
cognatus,1.0075504354264995
innoxius,1.014147529515351
pereo,1.0145430273303258
sino,1.0106560583583861
exilium,1.015671235503927
pello,1.0088128835838788
mens,1.0092886204037788
seruitus,1.0145360947242927
amicus,1.0087337286886926
conuoco,1.0293376787835358
lex,1.0210208799337626
nunc,1.0084837899603627
oportet,1.0214065226593536
istic,1.1094336353702225
moio,1.3643532595847694
prex,1.0102868847819284
eumene,1.0181713666491239
necessitudo,1.0225183344861428
commemorandus,1.2214021081782727
obsesdo,1.0933047367370166
casus,1.0071555931804133
misero,1.0079016259345963
abstineo,1.0144867716606947
lego,1.013164079076387
principium,1.019023676491936
sermo,1.0297988410201218
tribunus,1.0223838048982625
secretus,1.015700073931988
auris,1.012936463613064
aemilium,1.1077196441715167
abduco,1.0175526018855625
tot,1.0051509654165898
impune,1.0143441053230766
conor,1.0080644114642794
percontor,1.0145045617650084
num,1.0192398562426772
nanciscor,1.0298768479090308
filius,1.0475694167366931
hibernum,1.0459858122582821
aeolis,1.8640593060326658
contineo,1.0096396264218994
perlicio,1.1144876345744594
finis,1.0133390962716524
regnum,1.0146531028136319
eumenus,1.0497686684284182
oppugno,1.0149515434481629
accedo,1.017466331012826
arx,1.0173923521241954
pergamus,1.0436695139269954
attalus,1.013102103218057
eques,1.0106638512778827
armatura,1.0354297950360491
experior,1.0085966775592743
obsideo,1.009646492271342
sard,1.247449368052383
caicus,1.1355714933462946
amnis,1.0060383108752078
statiuus,1.06177613361512
mixtus,1.0078709278606912
uarius,1.0071346137511095
merces,1.0189114749988506
conduco,1.0134481148066024
admixtus,1.0342280890809248
passum,1.0233451066013968
pergamenus,1.0599691445987915
taceo,1.01169979538323
quando,1.0300310632298442
memini,1.013794362827237
domesticus,1.0173871079908219
praesto,1.007621234907197
pedes,1.0187136818098466
priusquam,1.0243977794600174
sentio,1.008000938233295
rursus,1.0147504358163038
discrimen,1.0152431559864687
detractans,1.0928666048966464
rego,1.0101778762031721
copia,1.0150345634875164
adlo,1.0868599629058828
consul,1.0136550758107807
macedonia,1.0089108587586881
hellespontus,1.0688073201624397
urgeo,1.0069208185235996
pax,1.0193093355309029
tumulus,1.0146404005773162
equitatus,1.0168183480469182
campus,1.0047890515157825
descendo,1.0239426907075575
missus,1.015461913919814
caduceator,1.059149221894871
accio,1.0155516565137022
adhibeo,1.0072964258638595
honestus,1.021126896435621
inquam,1.0093208622017122
includo,1.0069174343135423
obsedior,1.147850662425893
iste,1.0140807748427552
sine,1.0059448735875687
populus,1.0485166932745367
pango,1.0411725473819877
resto,1.0063688284372883
ergo,1.0402988621036722
exhaurio,1.0090185017221416
penis,1.050155762440386
instauro,1.0480890316336773
nouus,1.008420263907344
integro,1.0290187904373203
impetus,1.0100754587755807
prolato,1.3480517660640834
remitto,1.0081636952650688
hiemps,1.0116517237353824
dium,1.0394595499496107
perficio,1.021803409552743
uinco,1.0043099709509908
responsum,1.012218808517298
aduentus,1.0195600227014328
numquis,1.1744855487703798
seruus,1.0374726435584365
delinquo,1.019659476894742
nequiquam,1.0240478772384012
seleuco,1.0149885077943241
opulentus,1.0129013608456752
thebis,1.1296313565521647
carmen,1.0049281998018562
homus,1.0236952782060662
nobilito,1.0468560808876066
ullus,1.0069618538807146
pario,1.0244137921433352
circumveco,1.1612203225405904
eumen,1.0580352317349222
achaia,1.0124129877330459
centum,1.0090798575650122
praepono,1.015296730674057
egredior,1.0309129179523213
ueteranus,1.0255500302367402
philopoemen,1.0660742766585034
graecus,1.0069783535752763
imperator,1.0252566653047273
discipulus,1.0798755169361975
biduum,1.0229654836975473
quies,1.0097210504719214
equus,1.0089736578092785
uiso,1.0093446653780045
radix,1.0121752673810827
fere,1.021677778292017
collis,1.0121096268864302
populatio,1.029854911228104
iaculor,1.0225476877018542
excurro,1.0234734583874054
semel,1.006982946993057
contemptus,1.0066803545110903
sterno,1.0080164424068745
infreno,1.1512030936409354
arma,1.0063345415550473
ordo,1.0161542029430721
dilapdo,1.0534620888508515
iuvenalis,1.0575165089457546
lusus,1.0145041323413488
lasciuio,1.01915249421863
uescor,1.0289361806518087
umbra,1.008833265705835
somnus,1.0066583076561868
diophanis,1.0594944211014572
alo,1.0062901773139998
pergamo,1.048287393377011
contemplor,1.0276590910886743
aegre,1.0167400269159623
quippe,1.020335907990568
sescenti,1.0190983880448548
cerno,1.006326030560679
opperior,1.0222669380815337
consido,1.011884559915195
ancilla,1.0416627447785907
responso,1.080822891375638
amentia,1.0182342732867489
audacia,1.0222863725015636
paullisper,1.022826034937317
solitus,1.0095980080057918
eludo,1.0126445853395434
paucitas,1.0162410516726814
aliquamdiu,1.0151994157096411
spectaculum,1.0091726641099523
dilabor,1.0172084695747812
quantum,1.006202003681823
accelero,1.0316431255586431
turma,1.0108367266953078
effusus,1.1339147041099942
habena,1.0132695717138542
clamor,1.0111431031429832
pedio,1.7075388135154888
tollo,1.0160183277002988
improuisus,1.034031124324417
inuado,1.0088530420042345
terreo,1.0068715079976749
uinculum,1.013928357035978
abrumpo,1.014983718242163
tumultus,1.0132030549457345
multo,1.011148709691534
numerus,1.008334564911671
achaeus,1.015147878282329
ordino,1.0143468650392504
semisomnus,1.1588244586241725
prope,1.0158135988788595
caedes,1.006665374625063
passim,1.022464181914251
quoad,1.0249547017641372
decore,1.0233582774083194
specto,1.0044441155611339
uir,1.0245498575987466
femina,1.0069219063102348
compono,1.0124936376725584
passus,1.0501263803347667
longe,1.0123994862336383
hora,1.0200973059490055
inteno,1.0438573732265013
utrimque,1.0155093648768905
confero,1.0180385343589196
abeo,1.0414479397573235
coepo,1.0174277051633502
quiesco,1.011508816870667
conspectus,1.0761706291883326
pridie,1.0684126840993302
incurro,1.024912562528208
incutio,1.0124709077529397
caedo,1.0076833893186936
restito,1.3015752138956203
trepido,1.0126797314371954
uix,1.0075424484173374
seruo,1.0051680682640347
eloquor,1.0346806271821785
colonia,1.0265512153556429
expugno,1.0149005837312146
capo,1.0411350080971298
sardus,1.0422634014263361
os,1.016237666079154
permaneo,1.0201494091941294
retro,1.0584270451156526
bacchius,1.133866424590845
immineo,1.0146644553229525
phocaeensis,1.0322115757312507
appello,1.0077296923788097
templum,1.020055193048903
egregie,1.0301752669259847
exorno,1.0245524228578813
diripio,1.0207266845256553
scala,1.0293890881130252
intro,1.0567603446794562
impunis,1.0129018500661333
m.,1.019658733239997
frater,1.0232506737314802
decedo,1.0147120158935834
celebro,1.0099407178390665
exsequia,1.0276510968228796
fama,1.0077185550449788
syrius,1.0180667660427496
tredecim,1.0345124498150455
cnidium,1.9501343003017049
biduus,1.0209359459025926
rhodos,1.221480896013904
syriacus,1.0584826700851615
missa,1.146118256676632
carius,1.0486897828414383
daedalus,1.0277318005541116
castellum,1.0180798013310537
eximo,1.0138835045507537
confestim,1.0364856539678782
addo,1.008655556468052
apertus,1.0308182233191587
maturo,1.0208784199777803
praegredior,1.0246223780460397
consequor,1.018972678376229
bonus,1.0124704189486737
confinius,1.0363346211423254
pamphylia,1.0178698564243798
phaselus,1.0848345611413475
penitus,1.0193557222534757
obuio,1.1686035642332926
eligo,1.0185964156456144
prouideo,1.0212937958463821
annus,1.0177839639545199
insolitus,1.0151761955774055
odor,1.013649073976398
ingruo,1.0201076641464772
morbus,1.010731800886772
uulgus,1.0121052918604545
pestilentia,1.017619937888195
pamphylis,1.0373140114420254
sido,1.0405293911192144
nugae,1.0542714378752616
tarde,1.0241728416691416
etesia,1.0548706770476124
forma,1.007913251728876
adsum,1.007708204808695
specula,1.032143882339204
tamquam,1.0205428984736216
sidus,1.0030371120746966
extemplus,1.056823583347391
conspeo,1.2594718919250851
sinister,1.0145300211030654
hannibal,1.0107421524355698
dexter,1.012689695035657
apollonius,1.057837099345495
purpuratus,1.1605043207253152
praesum,1.0297180019419359
derigo,1.0386267991484324
praetorium,1.0447410169121696
concurro,1.0114949735792016
deinceps,1.0224363912220178
sic,1.008239246437855
explico,1.0146926842851305
festino,1.0114511898038447
praeproperus,1.0703493133188606
hannibalis,1.0055709965819297
extremus,1.0075216343823907
relico,1.025407995830212
tristis,1.0037756123419075
admodum,1.0125054918527459
momentum,1.0189690270079497
demo,1.010408330518817
quaeque,1.027523520137444
venio,1.0641019794502906
lacero,1.0076226873083818
detergeo,1.0468452376829733
discursus,1.0238264044341114
puppis,1.0045103292233182
exterreo,1.0170472184022739
ictus,1.005463003249419
itaque,1.0339018950228096
inclino,1.0271589652062263
ni,1.0144838884956457
dispergo,1.0190108645919815
mos,1.007896781932801
capesso,1.0151290828589883
insequor,1.0170244685286598
aeger,1.0111690644230016
celere,1.099927489769239
subsisto,1.034257735904143
cibus,1.0212732801290305
mutilo,1.0515705442943553
remulco,1.2615787480595684
uiginti,1.0170343328475249
turris,1.0131610198729064
praetoria,1.6050049258293886
exsurgo,1.023233636477465
egregius,1.0120742761382295
consurgo,1.0217154830927966
uox,1.0102094449061791
uulnero,1.0125812062833184
puto,1.0092730163561845
concursus,1.0164771139280049
pertraho,1.0898549368942034
laetus,1.0064429033221367
accuso,1.0102912650825144
submergo,1.0345105361232345
satus,1.425689494315458
aduerto,1.007454660169928
audeo,1.0062724327128076
cupio,1.0102220364421903
rostratus,1.0230818240270694
quantus,1.0059742480623688
laetitia,1.019053510280421
affero,1.0212780048878514
profectio,1.0165061213153566
ionia,1.0460364197047856
prohibeo,1.0097458448804313
contraho,1.009151054259652
prusia,1.0475282099080394
bithynia,1.011289625110956
legatus,1.0205057146854337
littera,1.0203038893772998
increpo,1.0179736753709971
tollendus,1.0372968233294246
orbis,1.0103274040117014
nisi,1.0128840549760088
philippus,1.0126953187483423
nabim,1.0736476178634182
tertius,1.010407235186315
incendium,1.008597101996428
gradus,1.0082512435759892
uoluntarius,1.0227225955081496
motus,1.0077949475745536
africanus,1.0120791603778252
talis,1.0064653030098247
consuetudo,1.0268216914681991
perpetuus,1.0130510231913057
augo,1.0546796950652664
honor,1.013461889170849
maiestas,1.0220961712064893
exemplum,1.0069733975662492
promereo,1.0376903686106818
amicitia,1.010052715680534
regulus,1.010788432540787
hispania,1.0141010026033717
masinissa,1.022046048073498
patrius,1.007664203545909
loco,1.0106777327134284
expuldo,1.0232481149867965
africus,1.0098446699884311
quiuis,1.0188651286983108
uel,1.0172169806172853
t.,1.0088588658472508
quinctio,1.0637689475658125
stipendium,1.0127734459135114
obses,1.015517786041141
reddo,1.0067034292400467
patior,1.0151804955217545
dignitas,1.0189991670516385
furor,1.0189985481416408
aetolus,1.0178783785382528
confirmor,1.1088274668962061
roma,1.0113054744575267
edoceo,1.0165326666810064
quanto,1.0320741661573107
certus,1.005629703582518
sanctus,1.0386390802593883
firmus,1.0180977794564143
certe,1.0227457257161368
familiaris,1.0155369646882544
aliquoi,1.3965648792053942
decido,1.0071194389738019
mensis,1.0279593752646148
terrestris,1.0267286265782758
umquam,1.0128274939793773
feliciter,1.0141752392699168
tunc,1.0133851248189663
fiducia,1.0142773247702352
fretus,1.0121987168403155
temptandus,1.0199737680982675
fortuna,1.0046906117341465
notium,1.2007603691913062
oppidum,1.0125727115258103
colophonium,1.067019023692389
absum,1.0221133574124226
ferme,1.050299212789684
subicio,1.0127828611118723
oculus,1.016216737456272
dubito,1.010555917862022
socia,1.0277358927345943
gerendus,1.0788151897692315
igitur,1.0298527618629507
munitio,1.041288412881398
deducio,1.1006965980731858
uinea,1.0288103666349142
agger,1.0078070552193306
iniungo,1.0359346193321175
testudo,1.0498721327649065
arietis,1.079273992533504
admoueo,1.0084763943402704
malus,1.0095311826911406
orator,1.0382714157663726
imploro,1.018923232407767
segnis,1.0065200687090936
diu,1.0091906932606274
mora,1.0166025781635342
offendo,1.0085067655704298
bis,1.0097825525640516
provoco,1.0653625176801418
existimo,1.0079288743122807
adiuuo,1.0192874132353165
legio,1.0273703692613176
auxilium,1.0114999741958386
alligo,1.0174731186056243
insto,1.0101260567142023
iterum,1.0183773561244105
possessio,1.0255164925281355
eripio,1.0074529662673637
petendus,1.0229270005230109
consumo,1.0162617350611842
horreum,1.0142226313639278
bene,1.0101516616892285
amo,1.01154150561767
filia,1.0307067656424034
uolup,2.0468778651742556
uos,1.030102780547892
ambo,1.0116889361597947
auersus,1.0238661425001687
erythra,1.0868543302266254
uinum,1.0120714677218086
retineo,1.0081708439688069
uasum,1.0572464783691051
teus,1.1893116308671485
utor,1.0067122486567042
quindecim,1.0213827068137897
piraticus,1.0249427421340307
celox,1.695501647577486
lembi,1.8860518721103094
chius,1.1770907703015199
genus,1.0135046226923161
uerto,1.007699367933109
celeritas,1.023333309341802
leuior,1.0149817533107628
fabrefacio,1.064094015558266
nauigium,1.0276450539958444
propior,1.013334199863751
perfugio,1.1652833518388068
ignarus,1.0133305275888775
meta,1.0132550682333377
acutus,1.03101719718477
cacumen,1.0084730602847178
fundus,1.011871987929826
fastigo,1.056680741285661
continens,1.0204852306174474
arta,1.0852897936138792
semita,1.046011180585205
aditus,1.0142233057982637
exedo,1.0271916670768768
saxum,1.0047677493408336
audo,1.0163031659280588
supersto,1.0619131647624063
pirata,1.043088377240362
tero,1.0204790234864691
constituo,1.0161706975200957
infula,1.0222538576379483
uelamentum,1.0278345556261042
iratus,1.0493551461960506
salto,1.0118467228457417
purgo,1.015594443498094
factum,1.048055509432628
dictum,1.0304001914233754
hostilis,1.0068118100499373
iuvo,1.0194150588214421
arguo,1.0211895472488406
promitto,1.012351409157882
revoco,1.0358750710121283
paruus,1.0051135700207425
consulto,1.0273597372265992
persecutus,1.0312771634950657
nauticus,1.0276162256534591
iacio,1.0071371530015356
circumsedeo,1.0400035755280397
dissimilis,1.0134203835556794
natura,1.0127273506507461
occupo,1.0052588314928792
deni,1.0198363116016027
sicut,1.038580377886849
littus,1.1795183082760103
uanum,1.0478648926872
accipiendus,1.0526474429378883
aptius,1.0476650552344737
uitium,1.0097026985321855
arto,1.0184477070531195
implicitus,1.02679661695771
frango,1.0038281637277284
traduco,1.0296847598429464
divido,1.0566100001744514
percello,1.021127704383288
tubici,1.0896581555741887
palo,1.0157409055519029
cogendus,1.0707175010437717
secus,1.0538248380621782
repentinus,1.0110869192095484
curro,1.0086336655663442
reuoco,1.0068160998485625
repeto,1.0065205517847766
tuba,1.0335739964336397
obstrepo,1.0244488841882071
excipio,1.013564565895831
instruo,1.0157658734910981
quique,1.035446665709635
explicuo,1.3451947131649946
laeuus,1.0063374993102026
amplector,1.0101600550514187
circueo,1.0363355813646073
aequo,1.0083458370734366
celerrimus,1.2749669388314044
octoginta,1.0188853621454073
agilitas,1.054993724638298
ars,1.0080697416413666
guberno,1.0248614115294294
scientia,1.0247028570988816
adversum,1.4979877828557295
declino,1.0201789367290457
ferio,1.0047210562077211
obliquo,1.0147418432487483
infundo,1.0093580247953424
edepol,2.2852229960458263
soleo,1.006920697658563
namque,1.010408330518817
rumpo,1.0040248448216007
antiocheus,1.0751349236264796
integer,1.0162915920323572
ceterum,1.068776748935999
praetorius,1.0571296988879457
uelum,1.0770722347487778
dolonus,1.1993238922731209
quadraginta,1.0352678262068287
incendo,1.0084309924595554
demerdo,1.0649936086606093
uulneratus,1.13470646129806
memorabilis,1.014426964677935
percutio,1.046946558549937
sidonia,1.0590498708413876
excutio,1.008158424675545
uncus,1.024895657716503
dens,1.0098043110270392
inicio,1.0192080302134154
adligo,1.0765571328643821
inieco,1.0336732103041666
divello,1.2935127435617209
inhibeo,1.0272597187976251
tractus,1.0106766367967583
ancoralis,1.2646761070277457
debilito,1.0168711646216062
igo,1.087692833326526
cohaereo,1.0159997461395898
pulsus,1.021197689932899
longinquo,1.015771346922589
tueor,1.0079562452770494
diffido,1.0250927899578492
prauus,1.0148913132967319
postea,1.0071389063009692
doceo,1.0070705321462174
lysimachia,1.1316457277466894
hiems,1.010203240496628
ultimus,1.0064856507601547
extraho,1.0244212357095321
cappadocia,1.0116232367293918
ariarathe,1.2096541516624473
quicumque,1.0115852362190243
contrahendus,1.107059314309077
dimico,1.015908940077343
intentus,1.0132779557717144
concedo,1.009066444819656
rusus,1.348285227807605
quasso,1.0193014706440764
scaurus,1.014503948302749
spolium,1.0186442836983434
decoro,1.016211813199693
praeverto,1.1719077143462653
officium,1.015645780341838
demos,1.0104343757912266
intimo,1.3990869901178713
oblongus,1.0551813030594894
artior,1.0862147673454003
cuneus,1.0102688772785704
ducenti,1.0112813348814091
latitudo,1.0278296440705523
pateo,1.005772461312999
lingua,1.009115788485991
notus,1.0071315908506302
distinguo,1.0127640920261534
uerro,1.0162303409630895
tutissimus,1.0312526949635354
meridies,1.0221193353586595
uergo,1.0148941987780533
obstino,1.0288103666349142
adortus,1.027743195783814
infrequens,1.0644878310373678
aedificium,1.0145295303085662
aliquantus,1.070366794800242
aries,1.022610886968971
quatio,1.0066635625723022
dein,1.016408081772997
defendo,1.009922905053962
strages,1.0119198974112085
ruina,1.0094100084388165
alium,1.0080997855119112
ascensus,1.0282972078385186
receptus,1.0881632427508714
obicio,1.0084788797414788
incautus,1.0192319305086812
furo,1.0056234950232257
desperatio,1.0121033380580704
rabies,1.006258068494002
dirimo,1.0144668965579375
undique,1.0097854698454387
munio,1.0142636508656495
stro,1.0251841176906236
superuenio,1.029286148294807
q.,1.0086351208876645
antonius,1.0135401346637198
castigo,1.0202844682131387
pertinacia,1.02829903558597
pernicies,1.0151527922332644
absisto,1.0405936064449608
liuii,1.1606311671356542
delibero,1.0190268949908643
retulo,1.1668562832979579
pactum,1.1021683143138334
pronuntio,1.0182060941068372
sublao,1.0481446229786053
indignus,1.0127482580616187
facinus,1.0102710065107054
fidus,1.008290751321693
semper,1.009526262267659
diripiendus,1.0594072472701845
discurro,1.015681688476269
resisto,1.0120840446645634
dicendus,1.075815928257461
captus,1.0542612354950616
arbitrium,1.0154267588167045
auaritia,1.018879545720515
potentior,1.022188834115334
praeco,1.0207502834755635
forum,1.0084668771854994
consto,1.0169540058664586
appeto,1.0200649922056657
hiberno,1.0708767403996373
transgredior,1.027441527773695
utique,1.0613942594600756
refercio,1.0240912581321333
labor,1.0044839870477897
obsidendus,1.0891753515981173
bellus,1.1793788436345294
blandior,1.0125630557874805
impedimentum,1.035421487709396
thracia,1.0221529626091914
fedior,1.0243466798303014
longitudo,1.0332043727932223
ingredior,1.029305597922102
defero,1.0092039271885915
augeo,1.0082634833747743
ancilis,1.1227703488045262
religiosus,1.0153847848452338
incido,1.0169186857387733
p.,1.0308055564601006
religio,1.0183236412652907
salius,1.0712731307763288
diiungo,1.0582948507619725
byzanter,1.2747396759344527
heraclis,1.0509948646810634
adferens,1.0535140838897121
mandatum,1.061184328956455
impetrabilis,1.1104455862854818
cunctatio,1.0286037299510076
attingo,1.0126096250332564
mando,1.0140605478890683
praeterquam,1.0578157561762607
satietas,1.0264511030857622
gloria,1.0279219639777941
placabilis,1.0459959203130578
uictor,1.00867120207145
hespania,1.0279373312475446
molestus,1.0105614570305188
oreus,1.4334530325681087
fregellanus,1.0482416109261146
delapto,1.165527344835482
hospitium,1.0110308024463293
priuatim,1.0385540829190911
scipionus,1.0873653108942012
liberalior,1.0867632297485184
colo,1.0071579511536184
adolesco,1.0216360324934168
cultus,1.0094531297758425
impetro,1.0112245260831332
zmyrna,1.055700792687247
alexandria,1.0133805340181492
troas,1.0715575610675199
disceptatio,1.0222177324374506
cedo,1.0065444646106714
uindico,1.0067722972859443
impensus,1.0213713900127395
dimidius,1.0355251471300762
oratio,1.029722552358235
memor,1.0106150866258317
humanus,1.0090260873518941
modero,1.0191144831026409
alienus,1.013632844882217
finio,1.0117500680843488
immensus,1.0079982735014923
singulus,1.0174423283428542
acquiro,1.0467919394127596
aliqui,1.020676757712392
abstraho,1.0182942210286066
dummodo,1.022185346497301
temperantia,1.0495466995037035
cupiditas,1.0117076044070976
concordia,1.0264138014997428
impensa,1.046419133961318
aequum,1.020331502209433
culpa,1.0142776313642503
excito,1.0096415707237683
debeo,1.0065116149597004
aliter,1.0319859232953446
co,1.037500808556263
taurus,1.009778784433874
mons,1.0201025780591573
impero,1.0139430023543337
reddeo,1.0507844204817212
aurum,1.0126036966892322
pondus,1.0106989817897605
nomen,1.010985231200614
excepto,1.0629380199234482
ignoro,1.0173895758115574
miror,1.0122336487786925
cerna,1.3794230259466649
tenendus,1.035102714899352
obsisto,1.016182761057243
sollicitus,1.0165748588041326
euentus,1.0087744873592148
concessus,1.0208390998307182
transitus,1.0169829171861535
frenum,1.0102927860291018
iugum,1.012365153726125
accepto,1.0204510302639485
aequus,1.0172011921296549
patio,1.0754869693837925
munificentia,1.0210624511902282
donum,1.014707597175282
egeo,1.009428106804867
munus,1.0085452626725535
gratus,1.0094571991626733
priuo,1.0148152530146164
gratia,1.0275033197294143
beneficium,1.0128712746957018
desidero,1.0161597421069808
publicus,1.03374842940286
fidelis,1.039921448728231
nuntia,1.0249178219166968
recuso,1.0112174559067972
alea,1.0407828134397408
ro,1.0328202623466356
perinde,1.0538529049583527
mentio,1.0190296802467311
propono,1.0116112202079899
exsequendus,1.0594006245186363
rhoeteus,1.0593598194925127
sacrifico,1.039079077005935
praeses,1.058751929482236
oriundus,1.0542297021137232
praefero,1.0086016495597758
aufero,1.0245141955706896
sextus,1.0260428171811797
desum,1.0071117006180057
contendo,1.0101570747836564
remissus,1.0349728983957418
cibarius,1.0594865929340347
aegrus,1.0213446535119022
corpus,1.0085055531110165
saluber,1.025230226211384
gaudium,1.0111706489574355
satio,1.0066816833934762
complexus,1.01698001981561
renuntio,1.020094700926458
sexaginta,1.011372656818916
duodecim,1.0316400806165582
interdum,1.0121120691709395
subsidium,1.020370535031703
phrygis,1.0246786995390258
munimentum,1.021794821588346
fossa,1.008933004391451
cubo,1.0192164509149442
duplex,1.0189716881720756
uallum,1.0157759594106552
circumdo,1.0351922580931778
interior,1.0313479766426696
labrum,1.0083281411042617
continuus,1.0109673815516647
quintus,1.0242929587893608
hyrcanus,1.0188666755695654
uestigium,1.0067365934649313
citra,1.020377051135516
aps,1.1535068404749524
antiphus,1.0875646488800244
gallograecus,1.0941639298246713
daha,1.0327463861266957
sagittarius,1.0212911847093062
incompositus,1.0684684109792328
facilis,1.0103056838402371
cresco,1.0069678372239472
fiteor,1.2939471095034436
ripa,1.0054785499672116
tergo,1.0169256509449613
neuter,1.0400000297546395
metor,1.0307100583645803
delecto,1.022932613771665
aduenio,1.0350912836095711
aliquanto,1.025945125331309
paucior,1.014731409612347
occido,1.0119725725607625
fermis,1.045933057904308
quadriduum,1.0232379425430354
promoueo,1.0201855124212083
pes,1.008755381322302
pellis,1.0077454303354558
habendus,1.0147365650293996
differo,1.0060982791305388
aeque,1.0326016524368027
contemno,1.0109190139987916
conclamo,1.016876834871741
ardor,1.0099605375807996
par,1.00744564625392
pecus,1.0049372891145854
trucido,1.0139684947962335
cn.t,1.0045530930939346
domitius,1.0693361590248178
exploror,1.1444446240752113
tertio,1.0230933035420269
profero,1.0123676583320944
coebo,1.0528546036991953
propero,1.01236973533181
comedo,1.0588418689855155
prandium,1.028086934210943
aedis,1.0303539331045626
corona,1.0111034934299912
derideo,1.0458347364264842
ebrius,1.0138988225762755
ultra,1.0324450780997692
tergiuersor,1.0739491219553163
minuo,1.0125379395078986
progredior,1.0123012599208259
armum,1.0456855943066372
latinus,1.0294351966707034
quini,1.020510866868325
hastatus,1.0362964057401818
triarius,1.0340180597369633
iustus,1.0301636279369755
immisceo,1.025304660129051
oppono,1.0102374873548823
octingenti,1.0265904114251183
cretensis,1.0403596297788678
expleo,1.024007687557713
macedonus,1.014517260600411
thrax,1.0180027064676713
uoluntas,1.023644810745295
elephantus,1.0152358452003418
quinquaginta,1.019342158809726
indicus,1.0380511988944097
dissimilitudo,1.033026752197578
prandeo,1.0360485541544073
hodie,1.0743043813406803
huc,1.0166859917539022
interpono,1.013766673881436
introrsus,1.0283626326381927
species,1.0095955778393464
eminens,1.0307141742968862
frontalia,1.2233723603804254
crista,1.0193374519455747
imposo,1.2667441839394278
rector,1.011292429189947
quaterni,1.0200328045427811
loricatus,1.044065701423955
cataphractus,1.069284907636503
ala,1.0273202307653495
medo,1.0354715893015938
lectus,1.0099075245539146
misceo,1.0049598024249426
grex,1.0167333107166565
sedecim,1.0244000312133608
oppositus,1.0109634827361091
paulum,1.0561234542503686
produco,1.0143306135934997
cohors,1.0239656261539072
argyraspis,1.1236882379613797
ducentus,1.0488624705622722
myss,1.1915726070096835
funditor,1.0439110226176773
elymaeus,1.1500251841099645
similis,1.0096744427107553
cappadocus,1.056216205939174
ariaratha,1.0861099927759759
septingenti,1.0168743079046307
tegumentum,1.0769564960624867
syrus,1.1067206107683973
plerusque,1.0104802625516391
lydus,1.0431438285130186
nego,1.0109129836082604
falco,1.3031145956353951
quadriga,1.017919756047025
camelus,1.0230422715843774
insideo,1.0212807402945185
arabs,1.0233398009218906
gladius,1.0278722754184357
tenuis,1.0076956758597617
altitudo,1.026375811930387
tarentinus,1.0168959416149108
careo,1.0074608308631534
cilicis,1.0773389294046105
totidem,1.0112732886121256
pisida,1.126988552988033
elephant,1.0303836746385413
modicum,1.069669890235443
interuallum,1.0203813952509604
antipatr,1.0194375441064971
magister,1.014147222999985
nebula,1.015221469675876
matutinus,1.0179056749649453
leuo,1.024763944507948
nubes,1.015807694464092
caligo,1.0091479585422791
umor,1.010608816356605
auster,1.018112792604289
perfundo,1.0270601175964715
obscuritas,1.0254994424220374
modicus,1.0411273196619362
adimo,1.0080753747306872
pilum,1.0158932536824823
hebeto,1.0221892077901062
conspicor,1.0380485013673206
nedum,1.0321798235036446
arcus,1.018264987897448
fundo,1.009523832446594
iaculus,1.0228540962562997
amentum,1.1136195974347187
quadrigaes,1.0607280988737346
perturbo,1.0144860968759164
cuspis,1.0107607248634116
temo,1.0226661148148442
exsto,1.0173342994964027
quidquid,1.0110894784287014
transfigo,1.0300404225953959
bini,1.0279865851836791
emineo,1.012906130765301
falx,1.0157144015211363
inferior,1.0117614777545902
deuexus,1.0263289724650437
abscido,1.0370557367167152
prolabor,1.022277900996856
item,1.0147445437542997
axis,1.0052116711139785
rota,1.0117776469793607
diversus,1.0313463282404156
deligo,1.0209151960634573
medium,1.06199799528858
eumenis,1.060648634207245
iaculator,1.050424747555698
procella,1.0065883077426685
uulnus,1.0063500548725741
coniectus,1.0364246977375504
dissonus,1.040767640775085
consterno,1.024627884763368
effreno,1.0756981144076165
uelox,1.0129983580423982
insequendus,1.2797355038848859
circumsto,1.0136697744808643
multiplex,1.0239396285594977
uerus,1.0099572545023396
exigo,1.0051658400431898
amoueo,1.0262742899731656
inanis,1.006054599331936
ludibrium,1.0247272661530047
subsidiarius,1.1577198188495779
consternatio,1.1429603825614982
nudo,1.0062682682542192
usque,1.0362121113768226
dissipo,1.0405468155999509
grauitas,1.0244957398819448
armor,1.0164695390230336
impeditus,1.0418177283958958
intercurro,1.1164568559563608
hasta,1.0110591342354907
macedones,1.0351580867869266
coniacio,1.6263332110957596
adsuetum,1.0409245539506167
uito,1.0070317244222367
belua,1.0091216153629434
transuerto,1.027955218320491
pilus,1.020881277484092
incesso,1.0267102795159342
neruus,1.0118170654438254
prosterno,1.0095034224114214
circumeo,1.0286944228888277
paueo,1.016907097819542
donec,1.0318874138418623
lepidus,1.024074630438766
pontifex,1.0329394275051413
audacer,1.1697923713255416
minae,1.0336562700023035
exinde,1.0494459250815222
caecus,1.0169212745653304
ruo,1.0075816585864588
pareo,1.0099005335723947
ferrum,1.0051544582043381
redigo,1.0086832094916127
coaco,1.0550856144698755
consisto,1.0096430289550844
acriter,1.015651744359564
obsto,1.0086777515379177
fugo,1.0097449332997337
adfluens,1.0590629070975113
aceruus,1.016270538068252
cumulo,1.0136311913810376
fortissimus,1.0271273972986843
pergo,1.029339952306288
adipiscor,1.0166787217827868
pestis,1.0143980144972944
intermisceo,1.0741009346100738
solutus,1.0070733128767886
super,1.064443729198901
incursus,1.0371834473661987
edo,1.0063588680986846
pertinaciter,1.0286916476243335
reto,1.151732821745468
perrumpo,1.0149260015527677
grauior,1.0124710910546613
caesum,1.0221231961527673
quadringenti,1.0209721048234028
trecenti,1.0126344392677644
floreus,1.0429478622299588
asto,1.0331632703331697
spolio,1.0079029580432528
captiuus,1.0114889972973449
sipylum,1.1732573223615337
congrego,1.0405897339394483
quartus,1.0132439920151821
uigilia,1.02756839179808
coniunx,1.0048816121311135
timo,1.0997522131597421
lydia,1.0262835811911564
sperno,1.0096749895826136
consensus,1.0131450511306475
maeandrus,1.4267697751172073
perueho,1.0561122852535336
pedester,1.018685104971729
syria,1.0346274118897554
dicio,1.0296194826512548
sanus,1.0151201153532385
sinciput,1.099616053650243
peregrinus,1.0113577198598693
antipater,1.0303140694861344
placatus,1.133308213578799
inuenio,1.0159293023555487
edendus,1.0607979839723374
piaculum,1.0156267820306657
expio,1.020714388663104
uenia,1.0106732881772145
ignosco,1.0116564208904453
decet,1.0082888122189786
dominus,1.0948456840194787
mortalis,1.0146678304422798
antequam,1.0123679637726946
decretum,1.0200269129939858
loquor,1.0305118359919483
immortalis,1.0940888659745678
noster,1.0152007057481331
effero,1.0069176760420777
adverdo,1.041405532382472
testis,1.0141940606968318
communis,1.010397133898511
mars,1.017014049549654
talentum,1.0147581078745898
euboicus,1.0253799822148337
praesens,1.0119338744076973
dudum,1.0775887987701889
pater,1.0255789308442147
debitum,1.0236685448223704
arbitratus,1.097070851345969
liqueo,1.0226033450285825
nos,1.0104270123888188
deposco,1.0166944940554103
concitor,1.040913316619704
uester,1.038354953019948
acarnanus,1.075373983617375
philo,1.1577517753356985
deterior,1.0114013736000573
serius,1.029267836005886
scio,1.020448299300074
difficile,1.0790577632244458
fastigium,1.010465777951664
detraho,1.0138649397242483
imus,1.0126516754862862
praecipito,1.011950720558506
triumphus,1.0098739687253095
proconsul,1.0450315794548577
prouincia,1.0261366991961534
minucius,1.0247660726842185
ligus,1.103595476586343
mx,1.1472298827073921
acilius,1.0277046670741006
aetolia,1.1349060320456483
acilium,1.0762326223417038
decreo,1.0680510429772172
triumpho,1.015520060394126
aetolum,1.0107330795960277
militaris,1.0151207909817146
argentum,1.0433215068535149
infcio,1.2909074946691217
signo,1.0077336873520208
atticus,1.0327034766517964
uas,1.0215232550181677
argenteus,1.0203772373111335
caelo,1.0416791724093741
suppellectilis,1.4134458189307977
uestis,1.0068810554920733
magnificus,1.0295494120898732
aureus,1.0090763981350281
carcer,1.0125219904005678
noctu,1.0173115367779428
tiberus,1.0391685371294344
comprehendo,1.0126295496672193
currus,1.0146278213813564
alioqui,1.04365191978596
ductus,1.0649478425387897
lusitanus,1.0247399718387955
gallium,1.0381330305458527
placentinus,1.1691653185584294
cremonensis,1.1843612395754681
aurunculeius,1.0670951698998188
introduco,1.0542756116331662
cena,1.0220585005668248
tuus,1.0416152110493109
ceno,1.017799894029328
ulciscor,1.0126639001103854
queror,1.0087516208542477
colonus,1.0230768330139601
taedium,1.0111782060361325
accola,1.0241846582934937
laelius,1.0420307443868202
familia,1.0260836060530631
conscribo,1.2598543643025084
triumuir,1.0165218266426352
creo,1.056469677311452
deducendus,1.0703507473251306
atilis,1.0248570291843784
serranus,1.0441604412739354
ualerius,1.0171477862694274
f.,1.1369757971688943
flaccus,1.0359529137460048
consularius,1.120584104207837
comitium,1.0302750947083095
absens,1.0133883077986163
supplementum,1.0352307114942882
cremona,1.0560955322012142
novus,1.0258677756193069
boius,1.188450790008188
supplicatio,1.0645102548129495
prosperus,1.0144380054363067
laeto,1.0142087750024604
euenio,1.0104881136218031
uiceni,1.0363990880151381
hostia,1.0234996196317596
comitia,1.0426922181495095
contentio,1.0240703798368955
sicilia,1.011216054073234
manlius,1.0291617638416704
uello,1.0135540339921965
fulvus,1.0637205889196701
centuria,1.020650616391546
deiectus,1.014050986337294
messalla,1.043648933385487
iaceo,1.0040426905053268
collega,1.016435299397744
fabius,1.0169377940547153
labeo,1.0695598279597203
pictor,1.0199658309462294
flamen,1.016527862544566
quirinalis,1.029136890558464
inauguro,1.0589104364040858
sempronius,1.0181737764851797
tuditanus,1.0345045399347401
spo,1.957631139294683
.,1.0214837607969967
postumius,1.0119456544469334
albinus,1.0740543824177187
hypsaeus,1.1599856630189964
fulvius,1.0387808162927674
nobilior,1.0300929773270104
manlium,1.0206762609527216
antiae,1.039951036088322
rumor,1.0100712019686533
celebris,1.0537786368524702
paene,1.0088643257611454
adulescens,1.0156267205486118
euoco,1.0178781932733902
deleo,1.0249974706831404
abnueo,1.03438565114654
thraecia,1.1269422997118768
a.,1.0462491419083957
uarronis,1.0580280923432155
claudius,1.0191019784367674
cornelius,1.0140846364438239
subtexo,1.0279558481583486
fabula,1.0084317804413157
interrogo,1.0164195967440337
certior,1.0193914596304428
opinio,1.0136531772636477
praetermitto,1.023943815582873
confitendus,1.1225030700000147
seu,1.007998757997136
supplex,1.0104843402240167
exprobro,1.0281882480153992
insolentia,1.0148485241484504
oblittero,1.0493804813114853
maleficium,1.0454136237880411
memoria,1.0117462852558317
misericordia,1.08401698687088
odium,1.0107538438515364
irrito,1.0563799407888312
senator,1.0081853840180186
adhuc,1.0186149067761092
unicus,1.0187780783543627
pendeo,1.006397865458629
perdomo,1.0182116556635437
ferox,1.010924861718925
accendo,1.0094020526510377
athamania,1.0623557500364889
consultum,1.0367553047979332
m,1.064218144340046
deuinco,1.011764223435576
decimus,1.0200877542647109
terenter,1.079670510708402
uarro,1.0680727331805697
custodio,1.0358221804476926
denuntio,1.0130779389705842
obtineo,1.0244690272322552
sortior,1.0524096653083017
sortitus,1.0164580845031306
duceno,1.0706020308823583
octo,1.0156877758945893
orno,1.0183681456942708
commodum,1.0487684490103935
annuo,1.0289994147591344
subrogo,1.0709221972306004
censor,1.0231211299570913
nescio,1.0171350214958477
ipsus,1.0917135602261927
sors,1.008163755846878
spientia,1.0750629301325745
urbanus,1.0188163118547047
sardinia,1.0153456409449486
citerior,1.0747724361863282
diues,1.0078156518237282
decumo,1.3924471854993479
siculus,1.0108676057044084
siculum,1.1145642649268608
deporto,1.0561890103868685
iusdo,1.0482543824522839
baebium,1.1722799639900803
plautio,1.0763727200352555
prorogo,1.0771828112420816
iunius,1.0369913804175874
etruria,1.0439070604280443
bruttius,1.0215613838328195
apulia,1.0263089445615563
licinius,1.0466423282984685
fabium,1.0266017813578687
qualis,1.007309428719951
metellus,1.0172600314056877
lutatio,1.05783829992435
sacer,1.0098653369705755
certatus,1.0441958594187033
pignero,1.040226363040465
abdico,1.032616015934715
ius,1.0131515976422623
dilectus,1.1124360151976815
perfectus,1.0201335295460359
temere,1.0086127457864493
uulgo,1.0144601490149427
recens,1.0138784803391871
adfero,1.0348345612159338
desino,1.0060739048525515
uictus,1.0069110889809982
ineo,1.0220547647869658
militia,1.0258788159027086
galli,1.0393715206948861
bello,1.0169007492310913
aurelius,1.104685823745455
cotta,1.0863856143338633
triduum,1.0196857533920205
immolo,1.0263817770485464
breuiter,1.0157214732269995
iniuria,1.0064290172239498
gratulor,1.013636090659479
fugatum,1.113930585960977
expello,1.0091304772006333
mereo,1.0171516712641104
malo,1.009713089780375
uerecundia,1.0144657924083962
tribuo,1.0179550222209495
propensior,1.0749278563996372
cumulatius,2.2835366909751236
prout,1.0364477475698741
praemium,1.0113405276613474
optio,1.0246928434643492
libenter,1.0146357983962708
datum,1.011781552077162
facultas,1.0238752651959637
amplissimus,1.0217861093082072
immoderatus,1.0272619831503529
modeste,1.0193022757056558
narro,1.022706697993425
indulgentia,1.0224999506339454
modestia,1.0177167297143073
uicis,1.016387761872325
mutuus,1.0079418329465912
inexplicabilis,1.0236287596380755
facilitas,1.0201616294161768
absurdus,1.0199125064089463
accommodatus,1.0398815503574612
optimus,1.0251663269246751
reboco,1.2709857099470225
expromo,1.0258300773517404
perseuero,1.0260485901783394
necessitas,1.0080713770479097
difficilior,1.034356762236828
postulo,1.0118591111230393
proprie,1.0134378301921212
pertineo,1.0140176449007543
stipendiarius,1.0587521967389564
obligo,1.0839451295781346
subieco,1.0288672756838197
obnoxius,1.0121419270519123
dis,1.0161183844743324
affecto,1.0230628584363153
dissimulo,1.0106576412854325
decipio,1.0089911337180806
neue,1.028481149618326
inaequaliter,1.049580185842805
nimium,1.011843976716972
deprimo,1.0156456573731372
extollo,1.0167320167801954
quilibet,1.016609847045725
nimis,1.0417993556413916
obtinendus,1.0982443764877527
benevolentia,1.171678390050674
hereditas,1.0322076383489271
incolo,1.0127445900323602
constans,1.0596706189212783
uita,1.015959693497439
perduco,1.0098344583800916
dumtaxat,1.029051484604019
bonum,1.0226480996587823
boeotus,1.0935550111641945
intermorior,1.1913932197482549
ingressus,1.0315697347718762
studium,1.0137141180516733
colendus,1.0186017340959745
adicio,1.0494387042047753
etenim,1.0396276647823026
inexsuperabilis,1.0629406463282707
matrimonium,1.0198104612715293
deficio,1.013231141457796
amplifico,1.0547592624865116
glorior,1.0383266773677033
potior,1.0107354543503717
uetustissimus,1.0482814984165385
dignus,1.0090052726567542
aequipero,1.030712527920019
adiuvi,1.656665382982295
suppedito,1.0504200123316483
posteaquam,1.0407975991428062
adsiduus,1.0171472929388927
expeditio,1.01143326272221
equester,1.016570177461529
incolumis,1.0119297239928904
confugio,1.0136970906416123
syphax,1.0234654042401437
carthaginiendo,1.0640897636986235
fideliter,1.0550803063183762
adiicio,1.0283890444294268
praepotens,1.0430956406972542
peloponnesus,1.0350234035538657
boeotium,1.0384937831067085
quoniam,1.0588675306052766
tute,1.090931979572908
stabilis,1.0197802112304335
dignior,1.0671471618779766
possideo,1.0166530312770852
serua,1.0624713993879706
prudentia,1.023442303900804
aequitas,1.023792791937374
munificus,1.0331683602436859
propensus,1.0323414626792475
smyrnaeus,1.0422434590234062
breuis,1.0093187976934141
collaudo,1.0562735938149264
initium,1.0324484454733993
actio,1.0692149219872547
molestior,1.0949062746973988
potentissimus,1.0337374738657623
disiungo,1.0198619152586326
libertas,1.0121954802617785
subiectum,1.0402143023440016
utcumque,1.0325506843106629
perplexus,1.0188136515020825
deliberatio,1.1236458674414993
honus,1.018905782035192
institutum,1.033464997760557
deformo,1.0164190425415904
benignitas,1.0185261678387125
gloriosus,1.0281505680371426
aer,1.0157152624191947
exsoluo,1.0324168057347902
lycaonia,1.0212680580780369
phrygium,1.0288277793783058
multiplico,1.0407848149732124
dito,1.0200685894117185
titulus,1.0075892831404143
honesto,1.0150906956763757
probabilis,1.0290693473525896
uicus,1.021629562511056
iuxta,1.0869088288486262
pridem,1.0317898115557986
intueor,1.0203207051038672
arduus,1.0109509336277107
quasi,1.0483977068649764
commendatio,1.082389789370575
humanitas,1.0265637778724968
doctrina,1.036100188122296
seruitium,1.0257763260450776
suscipio,1.0305635525869963
patrocinium,1.0250142536059241
clientela,1.1032052048363388
antiquo,1.0221043283553628
graeca,1.0963568772456826
illinc,1.0221480429288121
quondam,1.0058215436443112
profeco,1.080780976438286
certo,1.013522194684372
pius,1.0123848243797133
parens,1.0075181251240088
conditor,1.0263749328662042
uincio,1.0080154128180634
massiliensis,1.0171547546143473
insero,1.01160573052164
ingenium,1.0101093928909493
indomitus,1.012297839447418
circumfudo,1.0596458553392654
umbilicus,1.0207457499084036
sonus,1.013093660894255
uestio,1.0140738485526166
contagio,1.0302106915543339
terminus,1.0341373102408355
cardo,1.0059592891832199
longinquus,1.0231631844072842
barbarus,1.009187536595134
gaudeo,1.0081066304345017
opto,1.0096544519127941
magus,1.0545329246748727
pyrrho,1.046892988659107
enumero,1.0135641372675732
carthago,1.011787897925382
induco,1.0120112126286178
iudicium,1.046277589704816
comprobo,1.0289758114986214
magnificentior,1.1307554929260788
apto,1.010365431770739
fassis,1.7855892235538078
conscriptus,1.1177941449048179
clementia,1.0328806681421212
poena,1.0077989430651686
confirmo,1.0235783611841045
seruandus,1.0292654996572739
foedus,1.0185362468141936
capitolium,1.0078372045189357
auditus,1.0455791740411031
maius,1.0211914741318129
discepto,1.0269878803278556
attribuo,1.0436824339876405
attalis,1.0208681082401987
uectigal,1.0288140257856955
pendo,1.009155121211341
uectigalis,1.0251719647766275
antiochos,1.1433584114303565
ee,1.066124678743284
rufus,1.0490476124672798
thermus,1.1044021480829058
ap.,1.022103145249362
neronis,1.1578765823114596
cornelis,1.0144115080199574
merula,1.1212806802691626
brutum,1.040705017861784
lentulus,1.0680366966496533
aelium,1.1837767729293205
tubero,1.0812880032199115
phrygia,1.032866360867791
mysia,1.0499662208993596
nominatim,1.029356119868839
telmessus,1.0717245811244243
supra,1.0092908669406362
ptolemaeus,1.0273260181461514
trans,1.0227984116316475
pisidia,1.1232320386616619
argon,1.0152548903255025
germanitas,1.0570788782267364
fraternus,1.0092129118879503
caritas,1.0510835569031594
extraordinarius,1.0579662438891995
actus,1.019969303435046
cilicia,1.0271158270774783
impensius,1.0917799147879903
arrogantia,1.034726828110015
turbandus,1.4749439463460332
basebium,1.1079201502108271
liguris,1.0259687779772708
comes,1.0119332030147585
uulneraio,1.0549034427123187
lictor,1.0217620268496383
massilia,1.037399575671503
exspiro,1.0202943338239425
brutus,1.0396181303795844
ulterior,1.056967129923572
successor,1.0198639611268874
persea,1.0916843639327019
fusus,1.0216938304907708
tranquillus,1.0210518871719632
kalitulum,1.0367239130450903
ianuarius,1.0583908552977468
bononius,1.0856495759569602
atilius,1.0502380016375914
triumvir,1.1000862314345217
pol,1.2514281179157265
hau,1.2082110338774354
iugerum,1.014707167579722
colona,1.0392385713413197
quinquageni,1.0420128171454086
galla,1.0332513328567354
bous,1.3191486383898998
tuscus,1.0131538614089548
censura,1.0658965525040527
clarus,1.0081031776743203
quinctius,1.175248301894194
flamininus,1.047782501214549
porcius,1.0381991990059356
catus,1.0276884254444218
claudus,1.1199705528372366
marcellus,1.0344501308907545
glabrius,1.2490073285270584
thermopyla,1.0104891482680547
congiarium,1.050213676952498
distribuo,1.017027674411302
fauor,1.0116978431460992
gracchus,1.005268408662082
rutilus,1.0459841167327435
pecunia,1.0108090772703795
aerarium,1.018635377673466
testimonium,1.0418575813864297
tenor,1.0247786541421762
candidus,1.0122556351510097
eleuo,1.080255018546382
o,1.0116796022944938
malum,1.0255189999444978
inuidia,1.0128570883507662
desisto,1.0104804451332805
petitio,1.0619094008058558
indignor,1.0155771069578938
competitor,1.047842183021203
intestabilis,1.0317117683977415
periurium,1.0225157794027249
irrogo,1.061148621511243
reus,1.0312381792073049
suffragium,1.0203108389830715
negotium,1.0195177063340664
antioch,1.0477906808846769
apollo,1.008804633911514
februarius,1.0553771139666799
aurea,1.0375173618197042
translao,1.0936888181487556
nequaquam,1.0585791762483558
publica,1.024021000430673
cognomen,1.0207630149411449
asiaticus,1.0152250328021115
dissero,1.0151335052489237
celo,1.007744703957406
probus,1.0482856248819077
difficultas,1.0121538951224909
interpretor,1.0267801526569929
debello,1.060807776669864
uere,1.022812129565346
aestimo,1.0144581247695474
quotus,1.0146240170030338
martius,1.028294938919687
recordatio,1.019123954662719
aestimatio,1.0244261772964143
simulacrum,1.0145451746168987
eburneus,1.0626304836049698
nummus,1.014333741189763
philippeus,1.159812131795325
denarius,1.0364886635473354
centurio,1.0221949375041584
triplex,1.0339228575418453
edicto,1.0257940752701946
consulatus,1.0110609012168794
materia,1.0158915927984464
cogito,1.0174365283816988
otiosus,1.0117658098358266
creta,1.007734534774653
gortynius,1.0769320931709827
gnosius,1.1150792572073955
litus,1.0047886904544447
quaequi,1.0297839237067423
conquiro,1.0265926728281423
magnopere,1.0330482517282724
aenus,1.017627406499824
ei,1.054256068131073
hortus,1.0123801815478362
superbus,1.016182761057243
immodicus,1.02142698154405
desiderium,1.0324735426291556
exulo,1.016165404425838
indico,1.016006329594944
recupero,1.02091010192053
perspicio,1.0247301452463138
coniuras,1.0869674174422044
seni,1.0121946253199605
adiutor,1.048628693591853
adsumo,1.037632094301403
aptus,1.0171507462626845
adieco,1.0473043107406832
quadrifariamm,1.1141227669520526
heracleus,1.0440865583100865
obuersor,1.113800875388285
pudet,1.0099065518898198
profiteor,1.0182767921944569
aetola,1.0625724702208668
dimisdo,1.1508583960957064
impotens,1.021570838726444
dominatio,1.0179961588842368
legitimus,1.0164100522308208
intercipio,1.0097843758629432
arce,1.1025159738556525
athenaeus,1.1460225088027154
gomphus,1.2749467860766084
sufficio,1.011381619206129
animaduerto,1.0149512978468935
regredior,1.0173686614100366
praemitto,1.0495591088978158
opportune,1.0796648828217985
ios,1.1155051221019232
iens,1.0388012052836575
constito,1.1086294893894217
ualles,1.0246497244865533
euado,1.014718398554627
angustia,1.0406529239229052
later,1.0164296340706558
circumfundo,1.0171158441049508
callis,1.0365817770441828
breuior,1.0269647464319756
macedon,1.0128421686581153
effudo,1.0585774396498113
sequo,1.0681030601455814
tuto,1.018143685247939
opprimendus,1.0364647154626845
altior,1.0140037941397537
deruptus,1.0926297384234969
inuius,1.0336370377010513
ignotus,1.005536824307822
praecipitas,1.1234281950664613
indutiae,1.0170510409741353
sepelio,1.0217208963867037
excuso,1.0203450919946908
paternus,1.007355515964491
cras,1.0431137349270545
amphilochus,1.0859601791678533
transcendo,1.0230718420495468
deditio,1.016850025007267
circumiectus,1.0412067938411644
fulvis,1.0368057277757834
athenus,1.02848543691463
excio,1.0203616608527417
nuper,1.010895623794768
repudio,1.0181847135768027
facilior,1.030691822013849
apollonia,1.0401873441513823
epirota,1.01849537564008
incipio,1.0077344742444176
epiroto,1.0921426629684754
ambracia,1.054651915601525
contribuo,1.0774654065293936
navigabilis,1.0487617619270813
opportunus,1.0228078894374575
fluo,1.0073537014262965
persuadeo,1.0123079176942773
epirus,1.0248024408272323
incola,1.030415316453255
ambracius,1.3632118570684635
saepio,1.0103872153606268
circuitus,1.0932518745082644
distantia,1.0648297611294604
iungo,1.004073095723914
foris,1.0240613786788246
intromitto,1.048120198728578
prohibendus,1.05937995403877
planus,1.0125040253411823
nondum,1.0078097794794982
committo,1.0083355951525508
periculosus,1.0169104262373938
acarnania,1.0805156370374636
conuerto,1.0228603946750245
scelestus,1.0587725754612656
capto,1.008624751814894
e,1.0256381163469583
aesculapium,1.0358072799700344
asser,1.0542022113141454
falcatus,1.0282051986052332
pinna,1.005201071178128
terribilis,1.0151140347374243
sonitus,1.0157495150474538
collecta,1.0133708016579759
libramentum,1.1476106379680828
plumbum,1.0438611401950242
robustus,1.0322804212698344
nocturnus,1.0061040712118454
diurnus,1.012966431315155
solvo,1.0508306227780844
nicodo,1.1701957620166195
fallo,1.0065738741135895
brachium,1.038913712877596
penetro,1.0113731445637932
audendus,1.0625979091848647
conatus,1.0233695134357532
effectus,1.0320789913820023
exterior,1.0366920107215944
perseus,1.0198965101350037
recipiendus,1.0492628737087015
ardeo,1.0074224165024679
fax,1.0118592331765415
stuppa,1.0412723207040218
pix,1.0196196928891785
malleolus,1.0347667786472576
colluceo,1.0761369432536698
perfero,1.0106773674076077
atrox,1.0213960758853968
diuersus,1.008946110210112
foueo,1.0119907629360274
destituo,1.0109337552563118
segnior,1.0161356164121385
quodsi,1.0242141697842824
intus,1.029834302978667
recedo,1.017937975569075
dispono,1.0156989670964267
illyrium,1.0241887847979791
lembus,1.0328277649979873
corinthis,1.054044912026047
inueho,1.0235242211628188
achaeoer,1.0306548447280137
uasto,1.0180400787212702
amfractus,1.063322286382843
saluus,1.052515103557257
diruo,1.0123346718320796
instar,1.0235508845636518
cuniculus,1.0177225328705224
occultus,1.019320358962376
contego,1.0127235605107967
instituo,1.0150704284150718
fodio,1.0200808697200763
egero,1.013200974525302
humus,1.0115169278738692
cumulus,1.0156064933569646
index,1.025484461362924
pavo,1.0524521813840375
subruo,1.027265191000472
conticio,1.2344600717606675
inferus,1.0190045516003425
cuniculum,1.1486119924721252
suspendo,1.0101542769972702
fulcio,1.0205863554160672
ferramentum,1.035866692582038
segnus,1.0530823367719855
excogito,1.0156234620104085
dolium,1.020128443200792
pertudo,1.1309483395759279
fistula,1.0241405192802333
operculum,1.0532451674830985
perforo,1.023155696715113
pluma,1.0164665214094102
completus,1.0636054091851672
foramen,1.0282667043229181
sariso,1.1869162858778095
scintilla,1.0198057500815736
indo,1.046111687773508
follis,1.0563494777411702
fabrilis,1.03453177849922
flo,1.0240586283565307
fumus,1.0374149710341294
acrus,1.016855941545446
foedo,1.011857829563045
aduro,1.0585674209233122
compleo,1.0258068701456013
duro,1.0064605331814553
occurso,1.0332540055090569
concilium,1.031574872421342
tolerandus,1.0406531175710128
electio,1.0501802159160754
misereo,1.057594704946097
miseria,1.0148177697584326
coacno,1.128560845476737
insanio,1.0143331892596092
largus,1.0075154629443022
relatus,1.0318717378478017
saepe,1.0074694820603443
imitor,1.0063284450125392
opimus,1.0122671173028537
tradendus,1.0598368325860286
dimidium,1.0240541278610062
numero,1.0080003931733712
mutabilis,1.021971463990452
iurgium,1.0131195388973535
deprecor,1.0246378971283392
legat,1.3095563364241807
proficio,1.0237977274631471
euinco,1.0247914236989784
laevinum,1.0668776865948357
genitus,1.0187038467430587
pensio,1.0536382709250514
perfuga,1.026066788094525
formula,1.0316499767440546
quincte,1.0723702881383579
traieco,1.045388023884413
aliquando,1.0175374818269975
auello,1.0210257266323863
aeneus,1.0460376588660543
marmoreus,1.0128532972396678
tabula,1.0168842925796102
pingo,1.0109190139987916
ornatus,1.0335170111987029
pyrrhus,1.013410038290061
aueho,1.0407270964205702
praeterea,1.0122516653186844
mediterraneus,1.0253447636890962
argus,1.026997373070403
miro,1.0129389710466923
deprecator,1.1875683292480008
crimen,1.017452385879056
leon,1.1981163456900716
eloquentia,1.0210614569203669
similitudo,1.0304473399482896
tranquillo,1.011513207773545
tranquillitas,1.020116409854233
dicaearchus,1.0383867007010334
coorior,1.1191164263657953
scopulus,1.0088663884106635
conseruo,1.0287176978554544
dolus,1.016296886441295
fugitiuus,1.023315832420146
compareo,1.0267627463178357
neu,1.0166661536033887
scriba,1.050897827387384
domitio,1.0870568617305059
subaco,1.0655044009522032
gallograecia,1.1299273056008907
ordior,1.0308374142037207
lustro,1.0075626582159891
adhortor,1.0268247708784812
emoueo,1.0992357929681527
falsus,1.0066341478282945
adsentio,1.0367133427806485
gnarus,1.040257773760457
opera,1.0227595669339267
subsequor,1.0388345883563355
commendo,1.0109779206879743
iuuene,1.0360806088372703
uado,1.100603956599619
fanum,1.017005850148236
augustus,1.0186650650286955
oraculum,1.0096269278844872
inconditus,1.0256939224948038
uates,1.0058766011485323
alabo,1.2099936093369887
desco,1.1017857801918056
antiquus,1.0081936841508128
degredior,1.040973122676889
antiochia,1.0200733650520566
fons,1.0074645817136214
celaenus,1.0592847732094628
perendie,1.1808036469942962
celaena,1.2197139943094317
migro,1.0145232727203242
soror,1.0083552307340937
marsyas,1.0814499145010015
apollen,1.0359681382613422
tibia,1.0145328431806517
cantus,1.010559509184125
maeander,1.1167178436394163
carus,1.0144519294020204
iona,1.14965495719874
priene,2.1797421578948666
ico,1.0544507404943215
discutio,1.0193156522995457
constantia,1.0228998083238352
edico,1.034027300508551
processus,1.0794201612527572
medimnum,1.2303978951571042
triticum,1.0289002126215123
indus,1.0140813877933421
tyrannus,1.0134493391793733
infidus,1.0172941415659629
importunus,1.0177109883589242
pacatus,1.057591704886229
cohibeo,1.0084136571723812
uestitus,1.0318866522440986
comitatus,1.0350891761926508
privo,1.2152841179904934
locuples,1.0194997399783499
summitto,1.014215335267997
infringo,1.0201704380826784
extenuo,1.0597178737243378
conficio,1.0086590736544312
ludificatio,1.1915065997550969
erubesco,1.0140992862772016
frustro,1.0145548068427899
impudentia,1.0459673574106179
tyrannis,1.0129967066105985
denuntiatio,1.0317164633433897
conterreo,1.0250662966854498
pertinax,1.0209453270947564
paulatim,1.0090424727014131
adiectio,1.0170374771393809
cavillatio,1.0366037450465844
lacrima,1.0075543684699657
palus,1.0067107988789694
refertus,1.0491492289099458
mors,1.0094826487588342
fames,1.0121267841845538
patiendus,1.0826431252304547
exspecto,1.0090030880738237
deuerto,1.025084647671633
fluuius,1.0165638946747448
plenus,1.0106808378235672
uber,1.0138139665352035
fertilis,1.013776658879997
frux,1.0156880833418946
fecunditas,1.0273713758558893
situs,1.0113170569865033
munitus,1.0466684467557876
praedo,1.0353620622601472
hordeum,1.0104431389884978
metropolitanus,1.5100127850363323
ras,1.0681267245341928
brennus,1.0294250903320086
regula,1.026401493827171
secessio,1.0452965128529879
byzantis,1.051418509941627
propontido,1.0856398812508905
cupido,1.0139942949427678
ubertas,1.021624212395235
chersoneso,1.11944505812105
accensi,1.0275255339288214
lente,1.037554640676578
speculor,1.0152987582675403
nicomes,1.028154663553174
byzantium,1.1227596792523615
nicomedo,1.0803190135759007
bithynium,1.0234415547180677
nicomeda,1.0735113883394247
aeolidus,1.1306729624645266
cis,1.2606105342915161
sedes,1.0082923268481405
suboles,1.0103548445550814
audax,1.0084482071107277
superior,1.0139938659509753
pervenio,1.0728504483506887
adlocutus,1.0570320582726704
praetereo,1.0062426183634845
mitus,1.0191218498563759
natio,1.0271517962282457
peruagor,1.0732986976065113
procerus,1.0086246305404505
promisdo,1.0647583301971273
rutilo,1.015191245541993
coma,1.0092103621597124
uastus,1.004711790303054
scutum,1.0166355353689416
ululatus,1.034961725354046
tripudium,1.0609471074370758
horrendus,1.0110900268344913
crepitus,1.0312596043534983
industria,1.0137306560119068
insuetus,1.0252630560011187
timeo,1.019953553407502
gallicus,1.0184737356506748
uanitas,1.0495112457088323
egomet,1.0804205864707865
congressus,1.0340533030141492
olim,1.0074202387681925
feruidus,1.0081760541048919
sudor,1.0174634925917823
lassitudo,1.0286223970094126
membrum,1.0044144094524015
labo,1.014796347143104
mollis,1.0048771582389522
puluis,1.0216108995595323
expers,1.0113194954474631
congredior,1.0103525932792092
scando,1.0163659650639223
detrudo,1.028486634842045
degener,1.017994429347958
semen,1.0204589749692428
indoles,1.0152449376225734
proprietas,1.020853324305172
aegyptus,1.039496646478415
seleucia,1.0563975010731015
babylonia,1.0552081812708212
parthus,1.007789620303014
aegyptius,1.0172650275067905
degenero,1.024486981482653
massile,1.0667135979849374
spartanus,1.0289337827048866
durus,1.0052246202026038
horridus,1.0091354544654014
disciplina,1.0141432996196633
generose,1.062065022332388
gigno,1.0486537314578444
insitum,1.0701397165917168
phrygo,1.0413540146544933
onero,1.0080904571829952
uereor,1.0179830022023755
feritas,1.0122928920178502
siluestris,1.0100825129917685
mitesco,1.0157127412218594
mulceo,1.0143341091435327
auus,1.0079355352509154
extorreo,1.0422379555725467
asperrimus,1.0243771388489709
illyricus,1.0142424968966164
paeonia,1.1019917438057525
ferocissimus,1.038498861392301
emendo,1.0142211598739448
uberrimus,1.0424078771394887
mitissimus,1.0550113052089483
clemens,1.0327081170600851
mansuefactus,1.1277693752411528
Hercules,1.0638128585970785
cauendus,1.0174325178089332
fugiendus,1.0247767762930164
amoenitas,1.0273643926466713
uoluptas,1.0147560824399318
extinguo,1.00861614140187
uigor,1.0171144875323388
anticus,1.051079013285262
specimen,1.0225107315925297
heri,1.108858979831148
amica,1.0486157163202556
tectosagus,1.096731707068347
iio,1.1233587653162542
persuasus,1.2335130679237354
regulum,1.0724571404609275
lignum,1.0218880522864702
spina,1.0342187172129702
alimentum,1.0105304141224039
fimus,1.048411268379456
bubulus,1.0148269160788808
inveceo,1.1274041700313528
pons,1.0072104944975449
nusquam,1.0095950918074612
sangarius,1.0781318388469092
adoreus,1.0901700057201187
gemino,1.0090066683674679
aqua,1.0162312642912308
propontidis,1.1069239686893066
piscis,1.0096680625828465
insignis,1.0087847988544365
uaticinor,1.0291182048218814
egon,1.126189306917507
omen,1.0075469864751905
gordium,1.0877027057690873
celeber,1.01593342412449
emporium,1.0608396377244818
sinopen,1.1051067698428894
commercium,1.0106469870644033
mutus,1.0210507686416506
campester,1.0492178590252588
demigro,1.0835192940740195
olympus,1.0084950654587643
depono,1.0059854071933896
editissimus,1.1055575412326732
conueho,1.0825429501467547
quamuis,1.0077104443154798
fatigo,1.0065734513775546
deturbo,1.0319219407878673
gelidus,1.0053582863359205
sedeo,1.02150080202337
frigus,1.0053878073084046
uertex,1.0058469911611068
minimus,1.0193944326967117
adfatim,1.0512992593188581
asperitas,1.0157025950664382
comminus,1.011246346733506
praecipio,1.0527356216249455
sagitta,1.010072661441272
glans,1.013912976843292
lapis,1.0119941813345725
progressus,1.1022100218816455
meridianus,1.0329919604742972
terrenus,1.0193915215691465
placide,1.031060093368827
accliuis,1.5929347790998103
hibernus,1.0146615711478646
lito,1.0163567294101512
trifaria,1.079257399157602
ascendo,1.0425251838330332
praerumpo,1.0139661048253517
iniquitas,1.0948708340528182
sensis,1.024750487127383
infimus,1.019358385437793
erigo,1.0097473034129705
planities,1.0190089459293858
edictum,1.0196498094676643
ubique,1.018962838307918
fido,1.0102904133544257
claudeo,1.015537886756847
uin,1.5512490412882867
noctua,1.0655304542046915
ueles,1.039691446703625
thraex,1.243125903092259
lenus,1.0176109263209316
uarietas,1.0166086766254698
amplitudo,1.0239363789530167
male,1.0182398351512962
adiuvo,1.0251730297111814
configo,1.0179324170016855
quemadmodum,1.029616449643186
fera,1.0058498254429067
nudus,1.0102663830466272
sanguis,1.0146969801344643
caro,1.049485641679926
foedis,2.09909484347106
plaga,1.02108047266708
candor,1.011752935731268
ater,1.0071804431452849
maculo,1.020454443989347
cutis,1.0264335195087768
gloriose,1.0258962550162911
aculeus,1.0298761524955806
uro,1.0105442310244108
scruto,1.0111223838290966
euello,1.0483643614445335
pudor,1.0155764921978312
perimo,1.0112185529966449
procumbo,1.008483729340085
parma,1.0432771951259552
eminus,1.0325069650397163
cinco,1.0321420408981865
transfero,1.0115418105599578
stringo,1.0161777140323631
defedior,1.055402209566198
supersum,1.0050856908840256
puer,1.0087646613069807
imbellis,1.0365671749221812
permisceo,1.0113652797350192
elvius,1.2974817330581514
obliquus,1.012970223273224
flecto,1.0050968905241497
integrus,1.0398138783771205
respiro,1.0222249572732895
conquiesco,1.0422459194084726
ostento,1.0171216404105101
edideo,1.043406832127785
capiendus,1.0267816608152434
praecedo,1.0144655470421577
colligendus,1.073587296138943
densior,1.049782396808132
intercido,1.016302057777697
conicio,1.0215880072701884
ploratus,1.0389525075948078
significo,1.0137291246966238
antesignanus,1.0209417858297758
transuerbero,1.0466495107442864
conserto,1.4125913421735137
haereo,1.0042671676624508
irrumpo,1.0188842483567766
praeceps,1.0048461024667494
contusus,1.2105651239501853
debilitas,1.0387943874247623
exanimo,1.0123732173798656
direptio,1.0461259729713013
protinus,1.0152062345216626
persequor,1.023670231232883
iniquissimus,1.0547810793181764
ignari,1.0541610771569119
cecido,1.0148843759300619
conuallis,1.0416360994871667
delabor,1.0161727901539654
silua,1.0046044626689787
uepres,1.0283908094662226
aetas,1.0068734416528045
concremo,1.0425750682291566
uendo,1.015141674487217
curo,1.0107606030747764
aequissimus,1.0684322797021242
laudo,1.022816245017211
dono,1.0084575420617015
singularis,1.077239595111577
ancyra,1.1181407046361753
eximius,1.0307232294636708
libido,1.0137713294391126
avaritia,1.0248349302153634
abhorreo,1.0148200409769825
stuprum,1.0081494587418178
lenio,1.0212022896744186
indignitas,1.026411478089973
reditus,1.015866126589931
gratuitus,1.0331492733378378
conscium,1.0376231740321584
necessarius,1.0130221514907813
captiua,1.1465349422475568
immo,1.056987972719137
falsum,1.0107728429793612
constitutum,1.0254800736878966
penso,1.0136439908457229
iugulo,1.0121681228399249
praecido,1.0206085198818087
refugio,1.018316533279257
complector,1.0246718154688579
abicio,1.0168851554619613
muliebris,1.011816882378842
ultio,1.0241010099628967
uiolata,1.1199054370618844
pudicitia,1.0085433832182273
confiteor,1.0259960081031665
sanctitas,1.0347217866480114
matronalis,1.0438733505557463
decus,1.0074827313846137
colloquor,1.0391462028357294
transigo,1.0250132516249584
condono,1.0600814616336582
frustratio,1.0450142648185408
periclitor,1.0191699530429732
cautum,1.031176063993187
insidio,1.0306550346730448
inio,1.0728439994792198
pabulator,1.1990140439420804
ratis,1.0076012648154877
oppositum,1.1740665426904189
adfirmans,1.0454091941984742
antea,1.0185376690169772
ueniens,1.0499070196241285
constanter,1.0645783424264763
praegravo,1.2996854673067118
sensum,1.0333324094621654
confundo,1.0277067445288812
conseruandus,1.159139507694357
pauidus,1.0159174293871693
expedo,1.215160711028986
profligatus,1.0324652826710408
chlamys,1.020125527879434
foras,1.0949334998152074
pallium,1.0334845419757983
luo,1.0242350539430436
auspicium,1.022629711140236
inaequalis,1.040812643542606
ariarathus,1.0435654509330266
cappadox,1.065434503325431
auctus,1.0164757590586624
etsi,1.0370466340459936
vico,1.0339638292961686
coniego,1.0852640287830282
procurror,1.1109529532016513
destino,1.0113857041563998
pacifico,1.0938664463444454
uestimentum,1.0630795949134035
uirilis,1.0093777002175395
inhaereo,1.0166811245583476
standus,1.080606110650013
laevus,1.0470390121700726
praelatus,1.0735965706783734
traiicio,1.197890762651108
recenseo,1.0310981770195224
rapio,1.0036471098482016
coacervo,1.3660297995356518
sauceo,1.0672897246202764
autumnus,1.0103594688288815
propinquitas,1.0282566209141162
curulis,1.0216260164977964
mitis,1.0072874147791302
substructio,1.0476886731743633
aequimelium,1.1669902042808242
silex,1.0179163592591154
martes,1.006459446391442
campanus,1.0559985477925244
duodecio,1.1086232625245163
perconto,1.101571214148675
cranium,1.3407902592925671
insperatus,1.0211553618244003
adfulgeo,1.0348156041793997
descisco,1.0163438613457547
comperio,1.008150609764928
tormentum,1.0117030898004733
machina,1.0185581368099572
faciendus,1.0168130482034816
inpigre,1.040380016279254
plerumque,1.0085745466883387
coercendus,1.0535725679032812
acco,1.273685310931377
globosus,1.2025467831051269
harena,1.0108275303530543
fuo,1.0782665409465757
exerceo,1.0068440750656598
introeo,1.028277103045376
ualidior,1.0226385624801748
simplex,1.0126969080697692
habenus,1.086193388879095
fluxus,1.0347173833859473
uoluto,1.0174107995641024
libro,1.015083448502104
circulus,1.0337138438176272
adsueti,1.1764707202317541
or,1.0264021217625037
crebro,1.0219265195745717
audacter,1.0309491535443098
sames,1.2478770112060547
cottidie,1.019892914142499
ueneo,1.020299918216507
sama,1.8444795176028606
lacedaemonium,1.010783865236658
aegius,1.1572754071691795
achaicus,1.0377776639620588
conuentus,1.0249284660823728
indicio,1.2031655532908991
opportunitas,1.0217734145374007
labefacto,1.02743542449096
aegiensis,1.2610262082173473
faueo,1.0099292884030044
laconicus,1.05493766975022
habito,1.033694354617847
receptaculum,1.0545683871282838
merx,1.0120487567529874
uicanus,1.2495393327976354
inopinatus,1.0170913030325626
peruado,1.0403633715450236
domicilium,1.024660300503706
tutela,1.0095734638623146
quincs,1.09029873423776
la,1.3630808333819455
adfinis,1.0202376246775502
exposco,1.0315226103254471
lacedaemonis,1.6426905665912157
oboedio,1.0248125192031523
peloponnesum,1.1062121415521875
impedeo,1.1625767502472617
incursio,1.043429544628506
altercatio,1.0492462060140915
ambitiosus,1.026219676079156
megalopolitanus,1.0621266113070553
dissideo,1.0177459313738575
controuersia,1.0220879519209973
praeceptum,1.0421703002495164
illibatus,1.1614383346281112
nouo,1.0113611949497334
lacedaemo,1.099684093150178
continuo,1.0157666114784205
illustris,1.0267904584933396
advocatus,1.482166350336255
alieno,1.0226274048303452
ferocus,1.0583369090197758
perdo,1.0132270415866458
domi,1.0095088285606268
legaet,1.2457161933149627
protego,1.018527528179587
uinclum,1.0213858158689788
uociferor,1.0291049484607666
olympia,1.047385711600373
sacrao,1.0901340210157875
irritus,1.0376047564075304
noxius,1.0221867789089703
punio,1.012979764454595
inclamo,1.0444345558773076
damno,1.0085378055240495
supplicium,1.0137952204736018
externus,1.0110550519227968
milito,1.0182572009193998
prendo,1.017516499633045
lycurgus,1.0274551188493728
abrogo,1.040074689506645
adsuesco,1.02873258429419
adscriptus,1.0571527463028012
tyranna,1.0250657330136814
porticus,1.013608532834283
amynta,1.0296462118074725
regno,1.036053096713388
eneruo,1.0746737122641579
damnum,1.0091920894843562
adsuo,1.1033735291885465
messala,1.0376949897611125
inimicus,1.0298116727837483
marcius,1.0184555587702058
atinius,1.1464622354311242
pulcher,1.0099038770732198
herculus,1.009783281882818
decemuir,1.0160963530623188
seiugo,1.3430396188784894
auratus,1.0376195161243638
inscribo,1.0587704373289744
clipeo,1.1095119936127003
auro,1.0073251535525152
aedilis,1.0121313636329359
ser.,1.064076130980967
sulpicius,1.0301161258775016
galba,1.0433813953008204
frumentarius,1.0391793506194424
annona,1.0267705382522947
comprimo,1.0095360424157331
separatim,1.0263456734461787
caecile,1.0441835765238787
condemno,1.0383285409428338
ludo,1.0101654682358019
ter,1.0105725355496855
plebes,1.047508065527195
quinquiens,1.0358403429830236
messalus,1.0987576346201453
salinator,1.0529751987585132
idus,1.0276679667578164
deque,1.0206116242255783
pisa,1.1458081322987386
plane,1.0512661243079713
excido,1.018686713149481
intellego,1.0231283675686935
ligur,1.0167243148455958
obtingo,1.148500260201066
claudio,1.097779578487383
iurisdictio,1.1321292623001153
atinus,1.9435764218728713
hispanius,1.0643967948092465
terni,1.017580498030006
duceni,1.0876251414050067
proficisco,1.0491552648506057
collegium,1.0546563575654542
compitum,1.028351727926779
tenebrae,1.028583928474211
novemdialis,1.0253833036597162
aventinus,1.030796246517183
pluo,1.0663005814145636
natis,1.0134705212966215
heres,1.0136896796094266
municeps,1.033761550874992
arpinas,1.0477243310843698
promulgo,1.0535850065172345
latio,1.018176186332643
rogatio,1.0279842546480962
intercedo,1.0182645552844318
impertio,1.0275677624349289
excludo,1.0130527971418235
tribus,1.0931854121409719
cornelia,1.0758081329842555
ualerium,1.048584585286292
plebiscitus,1.0802992577795099
lustrum,1.0267103423472204
condo,1.005710602692059
cendo,1.3065474183307404
tolerabilus,1.139941452458456
immanis,1.010205612761869
populor,1.0138321006400772
domo,1.0080411531693314
cappadocum,1.0294708862668682
luendus,1.0584604327512475
noxa,1.0141898304129835
displiceo,1.0109417961234373
at,1.0192476582574703
occludo,1.0949655857471607
benignus,1.0188644480764466
laetior,1.0211324899456842
adueho,1.010179214335509
octauus,1.019456561361447
decessus,1.109782003439969
redimo,1.0178128607374264
uallis,1.0375955157550825
recte,1.0100434727902234
transfuga,1.021671929941867
armamentum,1.0564949579573695
actuarius,1.1017019983383736
moneo,1.0098240038521729
aedes,1.022322502553793
exactio,1.0463056475330592
heus,1.046423245777624
modius,1.019999006582274
quinquennium,1.0206350936755384
triennium,1.014903162292765
octonus,1.2769784386218705
quinus,1.0362165273697967
quadrageni,1.0439064108916296
arco,1.0461733321710027
poenus,1.0125585946541191
chalcidens,1.114887190644717
saluo,1.1248249292912118
iuro,1.037084904801381
iusiurandum,1.022768545221461
concido,1.0258048003647042
cremo,1.0101268473472154
ecquis,1.0257619640474969
ianitor,1.060945295969383
athena,1.0212481650396623
ariarathes,1.024575698479016
imperano,1.223342387666429
despondeo,1.0396357820467617
immunitas,1.0482608665769853
notio,1.0573154390077635
clazomenius,1.0877846539596485
milesium,1.0677755384855667
iliensus,1.5445585645484505
origo,1.0070668446793616
reicio,1.01909919278567
uago,1.0173313384347404
iumentum,1.0183031210889275
horreo,1.004648979195884
melanus,1.2602168112876475
cypsela,1.1006108157220595
confragosus,1.0324382163497905
plaustrum,1.0099902078505034
pretiosus,1.0146333439167838
salio,1.0224191941512306
thraecum,1.0848776329137433
caenum,1.011388142948412
scindo,1.013119233003071
sarcina,1.022678395406132
caesus,1.0722815309633684
onus,1.0135760777617977
inordinatus,1.09832684233167
lateo,1.0044442358323518
fors,1.0109203540953466
incommodus,1.020916127924371
alibi,1.0426520420913528
uindex,1.0107342365262373
apertum,1.039743251113881
saltus,1.013276119834771
calo,1.0286410016775516
strenuus,1.0107299741648768
hebrum,1.0440509526647817
latebra,1.0077202498407682
insidior,1.0318494622544891
confertus,1.0368215540418277
salens,1.171024384312733
menaechma,1.407937773258053
mitior,1.0189051632386277
numida,1.0955696379423068
mutto,1.4395421530646828
solio,1.012013105030009
kalinctio,1.128535718028585
flaminius,1.0256657678476966
apn.,1.0543107255081405
culleus,1.0407263217184386
furius,1.0531219324617125
tarentum,1.0171362547933225
gallia,1.0408667553225315
tarentus,1.0667248566899008
myrtilus,1.074241372019782
carthaginiensis,1.0132603310516899
pulso,1.0077770287941683
claudium,1.0494534742861876
fetialis,1.0666069233767512
carthagi,1.0103379906522807
glisco,1.0238167827876505
praedico,1.0256974968033339
biennium,1.0271068980632332
substituo,1.0220618005284168
priuatus,1.0220611156289756
uendito,1.0198397832085726
itidem,1.0929157988823701
mane,1.064934120228924
consularis,1.0128201567994692
reporto,1.0144023691858313
inimicitia,1.0270379235160743
fulvii,1.0659595348493818
ambraciensum,1.8782377549475933
suborno,1.0200806836525922
ornamentum,1.0185337115929949
conuello,1.0183652404253685
ablatus,1.0222536707768937
paries,1.016209104878916
postis,1.0221047642372114
adoro,1.0315685930789444
criminosus,1.0552819208764495
spons,1.0282059547783966
obsoletus,1.1797854726587869
syracusanus,1.0149255103750705
campana,1.0836925840713258
quinctis,1.0896417367484916
mt,1.1031764787417861
gestus,1.0210206313863557
criminor,1.0324971795472062
figo,1.005321297197121
separo,1.0140938921470601
callidus,1.01810494617136
malitia,1.0420523614477017
insimulo,1.0257379446620984
absumpo,1.1014770514015568
portorium,1.106932513548318
immunis,1.0164117148105523
contentus,1.0137648974299092
ualetudo,1.0200372697619418
bellona,1.254715574292161
commemoro,1.0230240560305324
contradico,1.0784136153092267
inchoo,1.0221280533222663
congretto,1.1345396433221533
sibylla,1.0319322231557764
fatalis,1.0111213478856915
diuortium,1.0141131396470882
recentissimus,1.0898910447799979
desumo,1.359064691683331
biuium,1.0472287402256997
mercennarius,1.022475149060538
recessus,1.0141660433870328
angulus,1.0243580001164958
peragro,1.017071942318693
quomodo,1.0570851389617146
temeritas,1.016813541209843
uitio,1.0141548246357444
rescisco,1.0755664665810987
attonitus,1.016795423540114
cruento,1.023139286573069
auis,1.0118108412715567
examen,1.0147333122006366
crepo,1.0329549451627245
casurus,1.063574190872753
latrunculus,1.0708822086863852
thraca,1.052657812249223
ferus,1.0076648087641744
delitesco,1.024630012374552
thracius,1.01610293776972
ignominia,1.0366040012386941
polluo,1.0219441358205172
obliuio,1.021005408088362
pectus,1.007691983813469
aduersor,1.0451179659302283
dispenso,1.0270788544223695
cohonesto,1.3124377554466404
aduersarius,1.033656142633716
triumphalis,1.0245384079402078
cito,1.0119087282985557
inuideo,1.0062658540911105
iniustus,1.0169247263545769
omnino,1.0223732135207224
totiens,1.0085171322174364
fraudo,1.0112539049437184
accusatio,1.0284771145485738
imprudenter,1.4740686917534225
paullum,1.3039355621481636
immanitas,1.0231636211927104
infestissimus,1.020760903359031
remotus,1.0122691938900443
infamia,1.0106669563027257
utinam,1.0111949660895128
agedus,1.0632566503860428
subigo,1.008014201539802
quotiens,1.0062192026638646
macto,1.0119954632399808
dominor,1.02913322911068
delpeh,1.21112869793033
ideo,1.0216642151994055
reor,1.011853557719842
animadverteo,1.0938546074242412
uagor,1.0107342365262373
argumentor,1.083138125222248
felicitas,1.0092748378154657
atquus,1.023412899301725
peccatum,1.0461794643919442
mitigo,1.0173332507850925
implacabilis,1.0904777436078497
confido,1.02588257969
crux,1.0884273384359506
incipiendus,1.2922907227707368
calumnia,1.0247114940158646
uotum,1.007921607934176
nuncupatus,1.279472092813268
aequior,1.04517317742759
nempe,1.013996868901146
reperio,1.0128484666714843
mn,1.077770166752545
deicio,1.0107890415177896
fingo,1.0070314221931334
corrumpo,1.0123497598347726
quaeso,1.035173735049037
longior,1.0138905507850071
defensio,1.0218543179869564
necubi,1.0579772519847144
latro,1.0129195846268113
morior,1.0200261688031897
infeliciter,1.0260006511720976
nouissimus,1.048385193894711
serus,1.0098609603625799
senium,1.009609855234751
perduellis,1.0848993805476947
laureus,1.0215883182998533
inhonoro,1.0732450746636821
malignitas,1.027236321070619
clarior,1.0204523957513671
petillium,1.2616356699975966
incuso,1.0197802732163876
ingratus,1.0117350589635485
uictrix,1.0091257427748321
potentus,1.0990366897443713
nedus,1.108926848652503
defrudo,1.1795604360682537
adfecto,1.0149602623702323
frequentia,1.028031308318901
exordior,1.0223993185473597
fastidium,1.0121425376609063
luxuria,1.0097869284924534
locr,1.2156056923552232
argumentum,1.0170180568240081
dictator,1.0254539991365932
columen,1.0208789169342507
domina,1.0309236870055944
nutus,1.0180484183589322
intactus,1.009861872152784
prodico,1.158044019325288
cliens,1.0166948021124824
quiris,1.0794639848623484
carthaginiens,1.0344015949444758
lis,1.0114446652481985
supersedeo,1.032460835056028
iunonis,1.0618781475544141
minerua,1.0222421478105217
praesideo,1.0298643938285295
saluto,1.0338841189629913
septemdecim,1.1303575069203777
senectus,1.0095458227533065
anteeo,1.0194999877858462
caussa,1.2689086663750264
posco,1.0067086846272577
reposco,1.0155619840763965
uiator,1.0139148150887825
seruilis,1.0368310372181522
celebratus,1.5053063676681187
carthaginiensus,1.0205393599998247
speciosus,1.021209624483102
illucesco,1.1436806204767527
prospicio,1.0085080992791517
adsuetus,1.0185065669667794
humilitas,1.0450375030147918
cur,1.0088091226870957
excusatio,1.018993411217675
superbia,1.0318542219158537
decresco,1.0238250299021163
uilla,1.0223819981183344
morbum,1.0321452158005944
ueto,1.0070109919263692
adscribo,1.0151433329200688
tristior,1.0381631586337066
conuicium,1.0093270557772807
deformis,1.0125614668861598
loculus,1.044597714890198
compingo,1.0846356616269932
indignatio,1.041155166550412
domitor,1.0209069957607682
nobilissimus,1.0248164629694299
poenum,1.0220616760011774
consors,1.0194488800395063
palma,1.0093587535010045
uenerabilis,1.0144267806673315
inuiolatus,1.0291911840484476
accusator,1.0206933373437785
praecipue,1.0111285995341046
senior,1.031244708077664
ti.,1.099946960384193
simultas,1.0169148025236523
uexo,1.0090759732943846
probrum,1.0130704146428062
splendeo,1.0118478213014233
rus,1.014878605095536
monumentum,1.0236899688949184
aedifico,1.0480663777238317
funus,1.007447340131869
despicatus,1.563711547446808
ducto,1.0780191279267164
iuuenta,1.0189313389898467
assidue,1.0133529900867002
defloresco,1.0378349274186804
punicus,1.011765565773926
perpetro,1.0720831655395997
periculose,1.0256721636452104
crevere,1.0703947253832002
uivus,1.0585879929134765
mortuus,1.0302233437977508
uelitus,1.0258450685106735
coago,1.0298642673927085
mummius,1.0172030423176968
nobilitas,1.0213328401550978
purpureus,1.0053945552026835
frustratus,1.1063195174749678
dissuasor,1.0881822990945702
exorior,1.0112774336439478
conquestus,1.0756363897011818
conteno,1.0387174032857396
sepultus,1.0492861699959304
accessio,1.035893107481865
intercessio,1.0528234186782666
refereo,1.0839382665144852
pilleo,1.2596192165399982
mulsum,1.0232987305818497
prosequor,1.0106970334131764
recepo,1.0163276689813059
quaestio,1.0292703618001011
hostiliors,1.2643526329576624
catonus,1.2365123533562914
aculeo,1.8632399278391139
quaestor,1.0117547051385405
peculatus,1.0411502560860304
accensus,1.0213441561018943
absoluo,1.0198916121514658
commodus,1.024499743771498
summa,1.0144323010144736
antias,1.2659644001238104
librarium,1.2358356946770104
mendum,1.1721140355792148
mendacium,1.0327264884008895
scriptor,1.013819602741562
similior,1.1029910283284974
quadragiens,1.0887109904404009
requiro,1.0088310818676598
lucius,1.0329303333569342
inspecto,1.030820123374868
concerpo,1.3940694521328565
iracunde,1.076987882710295
promo,1.0115019256694022
clauis,1.0317367028549842
sepulcrum,1.009966921405575
adsentior,1.046333967890303
naeuius,1.1170458117380249
elor,1.0372784814196183
utrobique,1.0856818928943983
statua,1.0096831927315781
poeta,1.007616635664401
discrepo,1.0153258550668085
nebulo,1.0373652584868611
nugator,1.0722564485869015
serendus,1.0566009502547442
capno,1.0827866440177405
adlatus,1.0316716727648703
ciuiliter,1.0740956396964811
dissoluo,1.01371534306726
tribunicius,1.05269110110059
tolerabilior,1.1109152891812268
laus,1.0164712017973805
moderatio,1.017429432774475
reprehensio,1.0230848186583095
comitio,1.0262829534008573
curia,1.016525152538914
cella,1.0187217232005314
imago,1.0112565869164358
laudatio,1.074022960250075
ciuilis,1.00705330404911
fateor,1.0142783671906423
graccho,1.0788606986724338
nasica,1.0206463320747532
collocatus,1.0712946784216177
desponso,1.055050316265765
epula,1.0114016784578617
sponsalia,1.0555708723318662
aemilia,1.1270770579724108
muliebriter,1.043706976491296
indignabundus,1.1638135438904391
concors,1.0136412349528143
uario,1.0068602687742785
terentius,1.1557743609188098
praes,1.0720661759903976
decor,1.0185579512975655
proprius,1.0270450280323302
clarissimus,1.0380291052758448
etiamna,1.0315914908478716
poenor,1.0311693458572566
hispanus,1.0249552653138025
respublica,1.0173351631426344
superiacio,1.0798358299937934
stirpes,1.014526892296268
diuinus,1.0210695975618314
sero,1.0122808595823365
hispanis,1.12075066147286
splendor,1.0216216617783478
officio,1.0557834376097728
exsisto,1.0276587763514484
dica,1.014521923054549
quaesio,1.0724765419152853
prosum,1.0067712098225328
noceo,1.0052852745609235
iudicatum,1.0253499021844554
sumptus,1.015219626689361
uexatio,1.0278608143540138
contumelia,1.0134674602422866
fur,1.015442246429293
proicio,1.0243000879163817
recito,1.0157596006421539
iudico,1.025324084899188
aegritudo,1.0243343591401783
secedo,1.018888208505193
fannius,1.065148647811296
devico,1.0344404998742804
propago,1.0168265444252083
plurimus,1.0113176666006407
incluseo,1.1440999042697284
possessus,1.7542102542970905
redaco,1.040653440318019
locupletus,1.040854550623022
calamitas,1.0193966625077941
nascor,1.005421909201928
continendus,1.0800046760761541
acuo,1.0153644443884966
mollitia,1.0363298200576068
ditior,1.0635130406560138
fortior,1.0362901327943894
neglegenter,1.0210441817906293
asperior,1.019134355009913
exercitatus,1.2531516803422045
montanus,1.0257590164383454
asper,1.0071243359635167
securus,1.0063135963170728
laboriosus,1.0188415549616252
parsimonia,1.0200437816099606
astringo,1.01350260225842
lixa,1.0443489324242048
extendo,1.0268157212355757
uicinus,1.0066107742985344
incurso,1.0277635315453244
profugio,1.0108009776151767
appenninus,1.0414864067505478
pisanus,1.1166453761113646
otium,1.0153415853915668
bononia,1.175900194784655
ballista,1.014229866251783
deuro,1.1259957370163665
stulte,1.0192010337069506
marsuppium,1.2025032560060418
messenio,1.4279186547080622
concredo,1.1338081114792657
diana,1.0059939124270698
uoueo,1.008103904569235
arimi,1.0807927429280235
confligo,1.0160191275840647
iuno,1.0224932827560071
regina,1.0102483154415043
insons,1.0124621704478667
census,1.0169332326495313
terentio,1.1440287541177891
livio,1.0848005410677748
probo,1.014532352383422
immergo,1.0256336019578058
conquisitio,1.0667355730274326
alienigena,1.056174249573211
intercessur,1.1100290097784773
furtim,1.0103710905459584
subter,1.0281965026937947
atfero,1.1371071855953006
syracusar,1.0586102356076261
fas,1.0069502500237826
ualo,1.0623590462662584
superbissimus,1.044895616415082
cognitor,1.0413451595483858
sacro,1.0115115611804983
odi,1.021461247347824
diligo,1.0312768465377524
improbo,1.0246353940187518
uultus,1.0097470603239214
adstipulor,1.2135309600116426
tribunatus,1.0321959533911418
obliuiscor,1.0407970826046131
posteritas,1.0312836294667815
castigatio,1.0340536854136948
ludus,1.008771818535969
iosco,1.0304474032378002
secerno,1.0132692657289653
necesse,1.011567548351667
impendo,1.0162497312064063
eccus,1.083643726919096
octodecim,1.3279866273777023
circo,1.0104240913994125
sp,1.020005455928422
sulla,1.0280491356673431
calpurnius,1.0364490921750737
pisus,1.0674476063796114
lucullus,1.0186333367313651
aurelus,1.0555392605595035
crispinus,1.1703049799089884
nonus,1.0264267374329348
serer,1.030427467426517
triumphor,1.1013401029943566
conflagro,1.0175963600154618
infensus,1.0356241606148011
iudex,1.0936328533326658
severe,1.0512384585033707
aspicio,1.010266991394746
aeratus,1.0520817336016859
stragulus,1.0246291362982887
plagula,1.1202206947241937
textilis,1.0564459944355475
supellex,1.0165954325840545
abacus,1.1464059879928552
psaltrius,1.1004079662293165
sambucistria,1.126384833954201
conuiualis,1.4924681014292354
oblectamentum,1.0767408487512098
epulae,1.0061800381176418
apparo,1.039253441952307
coquus,1.0399363388885563
uilissimus,1.0214078285211237
mancipium,1.01067931570837
ministerium,1.0339700103870217
futurus,1.0124456127519315
carpentum,1.0259970120064017
trauectus,1.6607775173789414
donor,1.210430097930521
indulgeo,1.0144135934145773
conciliandus,1.0918106082771675
adnitor,1.0519071268940918
soluo,1.0056711160312055
semis,1.0284198073667061
demiror,1.2381400375400229
ambulo,1.0532568048980677
messenium,1.270593852031682
celtibeer,1.0689309846589958
consultatio,1.0678326261852331
cethegus,1.0468112071561357
instabilis,1.017978863785903
procido,1.0748633277973172
repono,1.0138995578531422
plebeius,1.0295169389775605
blaesum,1.1080980402828113
furio,1.030134152108644
luscus,1.044563765292277
intestina,1.307074385730861
coniuratio,1.0198525539661736
sullus,1.0112943798627643
clandestinus,1.0230504438415833
ignobilis,1.0099646110596714
eruditissimus,1.0599249476409376
sacrificulus,1.1669086305682446
quaestus,1.0158037582257127
prŏfitendus,1.2423817255161869
imbuo,1.0141286485146201
antistes,1.0232214673576612
illicio,1.1283590224448885
tenerus,1.0206924679864298
exstinguo,1.0172954369335883
corruptela,1.0439932610813258
pronior,1.270166366409472
promiscuus,1.0373253636048474
ingenuus,1.0111808876073383
testamentum,1.0236217647605066
officina,1.0341261552329302
uenena,1.022093991837609
indidem,1.0291740115345507
tympanum,1.021922722512783
cymbalum,1.0387697538313931
strepitus,1.0080362472598103
quirito,1.3957717902154638
exaudio,1.1079854894535694
lab,1.057090334095976
ueluti,1.078754910258482
capacus,1.1182425082649035
aebutius,1.090134162683194
pupillus,1.0203861117610378
uitricus,1.0494073273671487
rutilis,1.1826820136310154
uinculo,1.0216810135783112
exilis,1.022893447054712
prodeo,1.0153738463714423
flagitium,1.0117048590334035
bacchanalis,1.0484069443802186
convaleo,1.1216903723807643
baccha,1.0293346474354885
initio,1.0203730794051928
exsolvio,1.1495760252110008
castimonia,1.0840882932895042
pus,1.1067727392130793
lauo,1.030820123374868
sacrarium,1.0156194657185171
scortum,1.023348165194582
libertinus,1.012981110020275
hispalus,1.2716174649184153
ancillula,1.0351468458783861
manumitto,1.0479156166773151
uicinitas,1.0447863639604722
damnosus,1.0218925960062342
appetitus,1.0760138142566371
malignus,1.0195131217555355
meretricula,1.0870813030060325
patronum,1.0768333176937668
amor,1.005126757451424
iocus,1.0069601616349217
secubo,1.4537612479396578
detestor,1.0190046134920379
admiror,1.027224119453049
perturbatio,1.0329251186029285
exsecratio,1.0422353657334296
adsentiens,1.0959176564059865
forsitan,1.030189689516357
perditus,1.0333019883339447
coacio,1.0927470200442277
silendus,1.140486060920491
enuntio,1.01768765319408
uictima,1.0278348075020132
sacerdos,1.0410100689451651
circumsono,1.0526537173375363
symphonia,1.0476808876416213
obsecro,1.0662010361406167
infandus,1.0254754980096483
temperaio,1.2144181580864426
exclamo,1.0169432184817124
concubitus,1.0156914652745388
excetra,1.0866736930029919
delenimentum,1.0777049503193856
uenenum,1.032807609817117
iurgo,1.0517058107612123
aebutia,1.6980056357232225
amita,1.0405070628228827
eiicio,1.0500979857681227
arbiter,1.027442534507711
socrus,1.0230695337449747
percunctor,1.092822540527939
anus,1.0212797455994895
miseror,1.0239397535447743
propitius,1.0912185001464088
obscenus,1.013547176126097
uiciniae,1.2158247808670182
arcesso,1.0201047489438826
uestibulum,1.0200949490232702
sulpicia,1.090997104021011
lucus,1.0095080388947724
tremor,1.0258262512265488
hisco,1.052841918044055
impudens,1.0321649006314908
muttio,1.1382935979425355
puella,1.018318078485171
infitior,1.023124623963701
coarguo,1.05528855861025
arcanus,1.0125036587139553
amator,1.0320443269542245
seria,1.0135210313629281
cauillor,1.0474280188912952
sulpicium,1.0405943164074312
attollo,1.0084404483219542
perfidia,1.0222231510547553
merita,1.0512732386073795
ablego,1.055901381830284
dego,1.027783175521812
sacrum,1.0180119102886809
admitto,1.006503402881981
sisto,1.0140815103835483
matrona,1.007971263606115
solitas,1.03811530140102
monitus,1.016736268298078
immuto,1.0287464618708622
minium,1.0443172741559918
licentia,1.016957396234645
dedecus,1.0160679228755205
pigrus,1.033251523760014
nefas,1.0064786466938889
iactatio,1.0286173517916792
crinis,1.0051011055071186
tiberim,1.0224178233951196
demitto,1.0078074184531687
viuus,1.0364147097952623
calx,1.013050227974125
insum,1.0179816433156443
illigo,1.052740906210194
abdo,1.0176064205971513
specus,1.0133195721269859
abripio,1.0169033996030388
coniuro,1.0256450134071236
socio,1.0152021186511957
perago,1.0062065296727247
aduoluo,1.027145130426222
genu,1.0145298370550726
cenaculum,1.044223805705794
obsero,1.0396336560842945
uerso,1.0119253294731445
arcessitus,1.0347042376381048
inquiro,1.013244359178754
coetus,1.0115920675609626
importo,1.0553157741918764
inuestigo,1.0584230387409261
invito,1.0399806895980583
conciliabulum,1.098289526261462
divinus,1.0440395177902615
coio,1.1183008711196336
conclaue,1.032544901462069
operio,1.0186818886314573
caueo,1.024884701191953
aduocatus,1.051011587978692
precatio,1.064866325040469
praefor,1.0422955828222307
adloquor,1.0184309530064846
admoneo,1.0093107826235943
ueneror,1.0110660803358404
furialis,1.0252112435327798
stimulus,1.0087758824315316
scelus,1.0121393625021824
quatenus,1.031272916283256
proloquor,1.0494142852487351
offundo,1.0304018368025907
atrocitas,1.0290795729506632
persono,1.0149621658168024
concessum,1.076660417834098
ilico,1.096152298198719
quapropter,1.01814492099268
graius,1.0137003980793775
hice,1.0307318415181574
simillimus,1.055715673132939
stupro,1.0414864714033485
incrementum,1.0199813333112848
uexillum,1.0279023146956832
ubicumque,1.01947979187008
pudeo,1.016629005360366
sacramentum,1.0742424725558497
committendus,1.1467760062305288
coopertis,1.1969496547782519
liberor,1.277894679435141
effemino,1.0341702667270587
necdum,1.0249937133876617
impius,1.0438619195712164
serpo,1.011442531066024
praecaueo,1.040164966043332
legitime,1.0829329968927963
vocano,1.1794222880596226
unusquisque,1.0507798794496608
gurges,1.0085375023902639
fallacior,1.3349510298811298
hecuba,1.1400037290695102
ingero,1.0100358718558695
quisquis,1.009057341349473
numen,1.0103297160177203
praetendo,1.0144495371516422
uindicandus,1.0263624377595697
immixtus,1.0934148234171155
innumerabilis,1.0225919388342224
haruspex,1.0131909396761478
denique,1.0439210256564695
comburo,1.0314263452295747
prudentissimus,1.0387178534522143
dissolvo,1.3821555202755411
ritus,1.011247443886043
praedicendus,1.381618168049118
superstitio,1.0109698183266578
demolior,1.0438212636663418
nefarius,1.0188134040281263
contamino,1.0425637952338354
patefacio,1.0117822842863555
impunitus,1.0520850983348586
exsequor,1.0161862078347512
munius,1.0603113939695306
socer,1.0077224288723023
nomino,1.0115688901681978
laxior,1.0247866663759162
iuvaro,1.0725769882295508
hospes,1.0087745480144528
pala,1.0115839553526826
faliscus,1.0240797562114823
istaec,1.0601273463395937
perpetior,1.0139916597132044
tricesimus,1.0316453458402453
solitudo,1.0301856410291679
praeeo,1.0249387347811356
nefandus,1.0121221437191321
iureiuro,1.0398069183301277
adulterinus,1.0410800931939916
subiectio,1.0997995777589655
adficio,1.0161576495268512
neco,1.0115083289949227
idoneus,1.0149691042470015
exactor,1.0538995761025114
uetustus,1.01766413391237
ara,1.0107579846262178
consecro,1.0157015497164887
sacrus,1.0985535973582146
uidua,1.0556204853803448
coniunctum,1.0188659949456347
adseruo,1.0812601981109737
conscisco,1.0308697806475968
centenus,1.0162500389940121
emereo,1.019744260646608
inuitus,1.011212823775907
inuito,1.0104703423816352
adsigno,1.0193214737046759
datio,1.202047057562532
deminutio,1.070862318061226
nubo,1.0355404869082383
quive,1.092712715411825
censo,1.09241168147256
impunitas,1.043510798583675
nupta,1.0137807632002502
hispaniendo,1.1252032559584135
undecim,1.0491353202676177
oblitero,1.0479994692919559
gesno,1.0573257672209158
ligustinus,1.072693090582289
tristitia,1.026903710638823
incautior,1.0328986640766447
icior,1.019125316600868
luna,1.009260812748586
calpurnium,1.0388711899903569
discetto,1.0601789965048731
celtibeo,1.0299888217231834
coactus,1.0550949038635207
auco,1.0349945428599558
infirmior,1.023172419378564
artifex,1.0104663865399444
athleta,1.0390447129673612
uenatio,1.0305082280511084
leo,1.0248379351183377
panthera,1.0395379967715688
saeculum,1.0394854399562228
ludicrus,1.0298416990960013
sacr,1.0255003199871884
picenus,1.0328139678334025
caelestis,1.0155167410715638
multifariam,1.0300787471770974
orio,1.0281855384933687
complures,1.0188178585777323
adflo,1.0410031574682994
tango,1.0094785184268824
procuro,1.040057216358686
umbria,1.0630478012422109
semimas,1.3572507987913125
prodigium,1.0280565691613595
abominor,1.0933866049124406
uiuus,1.015535243498028
transalpinus,1.0397094230223047
uenetia,1.1249958425913906
aquileia,1.0268245194973575
alpes,1.008305537225149
damnatio,1.0352013921141463
uotus,1.0213641772374296
afranus,1.082457180359549
stellio,1.6688406973450087
marcellinus,1.0999227303904273
scribendus,1.029045740883767
scribonius,1.050741446779131
libo,1.0217792018202625
tuccus,1.0504187627657544
perseum,1.0498791625104662
inchoatus,1.0348253060103165
ango,1.0156701287312169
saevio,1.073127411339402
despero,1.0108338642397166
uiduus,1.036141204644239
optineo,1.023270520039425
iuppiter,1.0122286409052152
heracleo,1.0671522527486752
lamia,1.0990029249595765
dedio,1.036044907340108
permulceo,1.0307996664766723
thessalis,1.0452560056121742
magnes,1.1047941403268704
sedo,1.0165835440407927
quandoque,1.0289754328455132
uectigalia,1.0202649236985206
fructus,1.0190923834804317
metallum,1.0189178487184283
intermitto,1.0279185630867476
recolo,1.0415885035241086
stirps,1.0117447599297547
procreo,1.0179195707671
adtineo,1.0565316170431085
thessalum,1.0424422696851725
querella,1.01363854031646
neglego,1.010982550667037
thessalus,1.0242157954666717
maroneus,1.0920805295035
aenum,1.0836960140369027
purgandus,1.0571554108086305
adfirmo,1.018072202520517
caecilium,1.028784500966531
thessalicus,1.0432404769855173
tempe,1.0550355872624628
disceptator,1.0991544867718261
audiendus,1.0198874582022954
acerbior,1.0374263254068354
philippopolum,1.211800883244629
antiquitus,1.0215322116128152
abutor,1.0156887597266218
reddideo,1.0311875357295397
eu,1.1467165928855139
thebas,1.0178148366457642
quaestuosus,1.289723205455558
negotiatio,1.059208333249155
adhaereo,1.0227228448848666
ingemisco,1.06978857010956
accolo,1.0402218483085033
tenax,1.0135919988584021
acerbe,1.022637939141361
leniter,1.0179135183266366
acerbitas,1.0137572403825121
olympias,1.09887796291071
postulatio,1.0410704029300757
quesior,1.0540037239268267
petra,1.0581992641077962
pieria,1.0847085222001616
frequento,1.0130072269349097
ridiculus,1.0191027831832529
mercator,1.0178373748930654
respuo,1.0135235416914854
uiolaio,1.1262205292248686
accido,1.0090383459706587
falso,1.01237737143344
insolenter,1.0268281645356956
diutinus,1.026666927761568
sitis,1.017832743664881
auide,1.0176272213263096
merus,1.0470115030615503
haurio,1.0076754002015085
insectatio,1.0442470737557457
elao,1.069513123121069
minaciter,1.0446310162565458
concinno,1.0411009601747552
fremitus,1.0089621288953123
diuturnus,1.0352431040627754
praesertim,1.0248946559673855
exsequo,1.2055906146658062
grauiter,1.021667325968638
offenso,1.0180873384746982
thessalonicen,1.096984413828691
praeiudicium,1.0484676146603344
chersonesum,1.1340423964304858
didio,1.0488099501695096
appendix,1.1390549814903403
mecastor,1.3651372503868056
adsentator,1.1419191863503448
exsulo,1.0358333720754846
sileo,1.0071639368274954
deflecto,1.0182827253476119
disserendo,1.1098847870142836
i,1.0537620239406977
decius,1.0193099548184847
solacium,1.0094165675032096
caecilis,1.0438043787580549
delego,1.0350184869059849
merito,1.0257201346692
eripo,1.2150445447831248
impudentissimus,1.1276715143303582
refello,1.0289702579476303
disertissimus,1.0806456454154665
planissimus,1.0570871370842336
insector,1.0207840070266905
respectus,1.024300838356578
cognitio,1.0141870715512251
reseruo,1.017709815401815
macedonicus,1.0104142940374339
ouo,1.0203058749692884
pastor,1.0115520567277023
pascuum,1.0145467083985873
subuenio,1.0201506498124568
institor,1.03984790661484
tagus,1.0216622865319946
delendus,1.0467990585980298
tagum,1.7671380799923826
quadro,1.0149573151122095
uadum,1.0198451766448553
quieto,1.0336150679015426
inico,1.074803351380384
communio,1.0786114180256232
fabulor,1.0674876105077553
acerrime,1.0210800998024936
cuneo,1.0466760213522404
confertior,1.129355860114885
laboro,1.0108282002796205
ua,1.1028711026051339
iuventis,1.0778995845093362
propere,1.0204162736327453
retino,1.0618341272778238
urgor,1.0369326718772425
signifer,1.0359213786733845
renouo,1.027081620991498
monstrum,1.0076648087641744
bibo,1.0256317209740546
petulantia,1.0208328883941673
torreo,1.0277067445288812
semiermis,1.5016017356312785
prouincialis,1.031817732300836
amidior,1.040649631916103
cruentus,1.0069035955484116
arbitro,1.106106536658023
laudatus,1.7419739611626937
phalera,1.0342738670402178
fibula,1.0253425704445647
permultus,1.2716379944805694
pisum,1.1234603929228197
macer,1.0519876617362396
securis,1.010756096915905
patricius,1.0478527196602545
candidatus,1.0453058260548016
artus,1.0055050045959444
gratiosus,1.0387374682274997
dilo,1.0789618587359542
licinus,1.0523062282718056
uolito,1.0114132631906136
clamito,1.028440800345535
tribunal,1.0300775455379958
tacitus,1.009394461367409
spectator,1.0322715292631706
coerceo,1.016851812287584
nequeo,1.0111957583966982
aliquotiens,1.0287981906826558
appius,1.0273599888698488
claudianus,1.1144018358931078
respicio,1.0155911236892585
flauus,1.007632249054032
naevius,1.0901577508198008
blaesus,1.1710274085427992
uarrum,1.0827111766209159
caecilius,1.0411481885359375
itero,1.019724426926748
discedo,1.005251844490854
deploro,1.0325749602718868
uenumdo,1.079582902978232
recitandus,1.2818346571478343
habitao,1.5429409269169325
crudeliter,1.0176077784823094
euidens,1.027480980639181
quaerendus,1.0101295841633564
remoueo,1.0161655275204269
color,1.0067913886929247
honoratior,1.06504776243183
minister,1.0156576469615355
emano,1.0763503461476847
ueneno,1.0136142892339561
digredior,1.0135561770943844
rebello,1.0267121016263603
immatura,1.147941217846154
demetrium,1.0207211575608868
depreco,1.0595010450257834
calcha,1.1987876088242837
hister,1.0197767400290254
sollicitandus,1.0874152795014067
areus,1.1278453409636193
alcibias,1.010659345981643
exsul,1.0251757233790462
arcadia,1.0232612208873366
cogitatio,1.0411356541892929
evoco,1.0535560276481895
saeuio,1.0127510702353775
crudelitas,1.0087022521481468
abrogatus,1.1354612077518713
respondo,1.0460885322314202
arbitror,1.0121149388702995
nimirum,1.0206683749577186
lacedaemono,1.045756640098295
reprehendo,1.0109729252318107
quonam,1.008631907058685
excieo,1.1331066023664922
alcibiades,1.0963709914308768
exsilium,1.0244521996037312
consenesco,1.0270045398929535
lycurgum,1.1198547551663374
sparta,1.0507367086993515
agnosco,1.0107266860821047
philopoeme,1.8040044361357104
amolior,1.0362883405381118
muer,1.0208563059046563
compes,1.0375566298130703
uinctus,1.016586439152659
seruio,1.018078565744382
obseruo,1.0099424809134043
capua,1.0409988297678274
precarius,1.037412405108626
quantumlibet,1.1655502598434304
insculpo,1.0647610331799815
aeternus,1.0380585850522355
molliter,1.0166135431273822
tenere,1.0131198447918206
invitus,1.0551959697655686
gemitus,1.006963969195954
obstringo,1.0374551294220515
sancio,1.0159686143194926
alcibiadi,1.0396316589759578
vt,1.0444817620529725
progredio,1.2167625467367293
blaedo,1.1561754701274072
ueneficium,1.0303836746385413
iuventus,1.166870972523001
uarus,1.0796225018566732
profligo,1.0292747819698067
passuer,1.1415274402599032
discribo,1.19897428523772
treceni,1.5168149844961751
subinde,1.0130593424612768
sicinus,1.069859517781873
dialis,1.0231721697825538
designo,1.0878210479931882
tolerabilis,1.0326898735034284
praetura,1.0380144623492122
crimino,1.103787230299474
extorqueo,1.0152088760680522
aedilitas,1.04524220000309
quotienscumque,1.0201736017958034
pernicitas,1.0323730342737034
onustum,1.048475870554362
reliquo,1.1279364071765063
apollinus,1.015398304632879
rusticus,1.0080389121923912
proueho,1.0226178057063375
uersatilis,1.1001315327788355
peritus,1.0141040674859827
uigo,1.2307918936483901
uigeo,1.020722834274211
nimius,1.011133901225236
mero,1.3871336146258901
asperus,1.0235824828044078
acerbus,1.0121746567325973
inuictus,1.0119241087799888
rigidus,1.0068112058558847
innocentia,1.0221388887128855
contemptor,1.0262385077997893
diuitia,1.015655679419922
patientia,1.0223223156676418
nonagesimus,1.0946913795648148
premo,1.0041326496197938
laedo,1.0064589633744119
refragor,1.0723572649303867
suffrago,1.059492213145087
priscus,1.0069535740179674
secundum,1.0330002924651736
municipium,1.0460396154424558
antio,1.3336826815699303
libet,1.005424861594805
pessumo,1.1127228003563425
autumo,1.0551053214495427
reliquiae,1.0291414989694303
praelo,1.0628081974227122
exspectatio,1.020291727794999
cor,1.0423197363624186
expeto,1.0395906877370527
cato,1.0188281289377592
senatorius,1.0358540932133198
grauissimus,1.0242919582180712
gladiatorium,1.0879089397508392
obsequium,1.027193742458164
epulor,1.0315805809807692
incalesco,1.021389919850811
conuiuium,1.0122712704857548
tabernaculum,1.065874341151127
interpres,1.0249284660823728
gladiatorius,1.0429900711135132
uixdum,1.0484231923197194
adnuo,1.0315035207589487
famosus,1.0222776518370782
depereo,1.0505618244887398
iactans,1.0330904264840655
infra,1.0194354380046375
accubo,1.0611318425266971
attraho,1.0298176146939462
iussum,1.0647268414580775
saeuus,1.0052838288902761
poculum,1.007767827505911
dius,1.0911581749894184
daps,1.010342432239969
procax,1.0253943335178495
recubo,1.0186565297368346
cruor,1.008209921302107
mensa,1.0141447095809721
respergo,1.0178838747598506
sponsio,1.0355634974276358
doleo,1.0119085452004022
ueno,1.0273124933907067
amens,1.016141093829068
recognosco,1.022157820061598
uehiculum,1.01591429201701
demolo,1.1689818624455564
lacus,1.0165965413742861
detergo,1.1141558394209785
cloaca,1.0372489818064283
neptunius,1.1656434676241259
atrium,1.0288488521096495
titium,1.0731149188493276
taberna,1.0190698515191154
basilica,1.0665631882079312
porcia,1.0639101368017232
locatio,1.0652201987581205
publicanus,1.071558313909979
imminuo,1.0442866578209167
simultatis,1.1039451994366445
potentia,1.0250848982015879
pisaurus,1.281691685956348
iulius,1.0154621597682667
propemodum,1.0195468255657267
flaminis,1.0772436068659157
sisennus,1.096833951794059
sicinius,1.1043719783946888
sardinium,1.0307866200863853
prohibo,1.1036658245268267
augur,1.0191916226285207
crassus,1.02996099986887
coopto,1.0655718713480007
seruilius,1.0291289995396369
geminus,1.006035415204785
uisceratio,1.0977229069516299
gladiator,1.015269573990456
funebris,1.0228008434203333
epulum,1.0281460315036264
triclinium,1.0515485964385571
defunctus,1.013381635806552
iniecio,1.0480839245974016
area,1.013725020794479
uulcanus,1.0237178902420383
transmarinus,1.0436617880134154
querimonia,1.0412411717979888
levo,1.1666791490062423
deflo,1.1337494212897654
quero,1.342987692493158
iuvenis,1.0155954271493244
demetrius,1.0167360218323023
abigo,1.0117303610782205
dilucidus,1.1015286870435579
liquidus,1.0095180616684423
disco,1.0066844619770747
tirocinium,1.0584230387409261
commentarius,1.0312365945425008
dos,1.019098635657278
irritas,1.3541929801451082
satisfacio,1.0227755907935898
pietas,1.0145838886854277
necne,1.0226992169810383
consigno,1.0473587073423913
discordia,1.010005469262414
residuus,1.0319562161444664
immemor,1.0098521464754917
attenuo,1.0614311250341795
deuius,1.0135463188993599
sibimed,1.1849744044021122
incredibilis,1.0278305256283489
theatrum,1.0063700961308906
pristinus,1.0167243148455958
collo,1.1368703230995767
dinocro,1.325554089408527
obstupesco,1.0478630601704366
thesaurus,1.0289665976854345
saeptus,1.083772738941455
remedium,1.0141776915335177
consentio,1.0228587109317295
ambigo,1.0367975905720055
avidus,1.0221408814534112
impauidus,1.0422157481201284
congero,1.00668663653146
flamininum,1.087713495143409
gratificor,1.0600231904334914
custodiendus,1.0558651651677355
inexpiabilis,1.0226651797565252
sane,1.026839225500098
leuitas,1.0443758467119766
uestigo,1.041590443491916
complego,1.0797024726586584
elabor,1.0143801054670858
posticus,1.0568900253846887
occultissimus,1.2952736592272063
occursus,1.0572296226922906
obsaepio,1.0534295449496625
uenenus,1.013866593988127
suspicor,1.0268268447774467
exsecror,1.037875888790033
hospitalis,1.0318261722780038
inuoco,1.0656409747621585
polybius,1.0588093927812305
porcium,1.032035946892632
naevus,1.1423369460457178
december,1.0220132994644382
congruo,1.030638256465349
comparabilis,1.1706808680748195
paelex,1.0136173511753146
solium,1.0202882531104496
perse,1.0222027225446568
inflatus,1.1503756140240207
concilio,1.0114220433753824
constitutio,1.072260217721561
maereo,1.0092971208661807
gemo,1.007201968680186
frequentior,1.0304692385828955
movo,1.0611875507990272
odrysa,1.2060569633706877
bessus,1.0878294415364205
raptum,1.014314056052267
egestas,1.0250307865746828
incultus,1.0163261913767798
adlaturus,1.1192851611264198
saalue,1.0623646969934524
praeopto,1.0656743452415207
alpis,1.0388914538670513
peruius,1.0172571941355517
lenitas,1.0186128659160385
iniussus,1.0550770551019586
impello,1.0073210408565882
histria,1.7282730687798913
mutinus,1.1740689253632222
octoni,1.0462439222971995
saturnis,1.0674931800808605
hibero,1.0613196631908057
ulterus,1.0405816663122023
histrius,1.0605052926288783
laevinus,1.0205232199042593
denter,1.3949379627682656
ogulnium,1.08030343147911
ister,1.1341009636320398
fabus,1.030161350774235
rebellio,1.0816113861647845
bellor,1.3990897902701591
uer,1.0426221712549344
procellosus,1.0512344404957086
parilis,1.0671604661224645
profanus,1.0202384932602613
for,1.010068526279806
cero,1.0200677831391904
adfigo,1.0185280228498967
columna,1.0183756871079317
euerto,1.0185009403574208
culmen,1.0072733844178128
foes,1.090811824801895
mulus,1.0136356619707247
reas,1.0446943077129043
formia,1.1988014854743387
caieta,1.0683232202541846
sacrificatus,1.1203245233256482
terentium,1.1876789645345378
pharnacus,1.127552148531459
marcium,1.0792705905027211
macedonius,1.0145401438455117
obscurus,1.006139187132523
emathia,1.0430615292687926
fidior,1.0723905775557812
penates,1.0099274037867967
dolor,1.0112562211920457
propalam,1.0473605380955402
nescioquid,1.1606606347957802
gener,1.0192701980822876
uiduitas,1.0877136361823994
theoxenus,1.1328770641973862
nuptia,1.0256812558475978
aenianus,1.1936102370982973
enitor,1.0180014092982252
partus,1.007504209340069
liberi,1.013788910680709
por,1.3236356854276743
athenae,1.0092021059852487
thessalonicus,1.0504329685321834
caerimonia,1.0312943428728931
quotannis,1.0732488507518818
sopio,1.0118341518005494
redo,1.3522721539015334
thessalonica,1.034761034769916
euboea,1.1032486595244342
logus,1.1646722798654032
retraho,1.0206546523750493
reuertor,1.0338231498103656
hortatio,1.1880548244446232
praecogito,1.2372287112124722
reuoluo,1.0190164968368196
diluo,1.0171858974996357
iuuo,1.0044841674689504
semianimis,1.0399686990622117
complexo,1.0184193924174896
poto,1.0160941992045895
dirus,1.0053005145919496
qaeque,1.9260129863286637
suspectus,1.0211898580359249
bastarna,1.1165571642355445
arcessendus,1.9044785261657813
senus,1.0213508090008478
stimulo,1.0154324129697199
dextera,1.0465411968691622
exta,1.0177528461771033
posterior,1.0228895804395937
insigne,1.0189108561953713
cingo,1.00548090009429
fortunatus,1.023309965301718
maturus,1.0106267751023852
lustratio,1.078550814601707
bifariam,1.1419443692324112
rudis,1.0078286075468492
proin,1.8292225691561959
prudens,1.0152758407884979
sodalis,1.0205723867095289
festus,1.0136480328490962
inuitatio,1.090364987782701
hilaritas,1.0219843504455386
commemoratio,1.0415744066417534
iocosus,1.1435111536057114
excipiendus,1.0675213005203343
conuiua,1.0293148809578954
mulco,1.0254447229333172
io,1.0262879757447543
resideo,1.0107364286117924
simplicitas,1.0331696963535066
intestinus,1.0191119450020725
praecurro,1.0128381330790717
succingo,1.0155171098841103
ianua,1.0203337981751361
fenestra,1.029978704511343
paulisper,1.049896047424127
convenio,1.105616846123076
salveo,1.0337430789952666
quaenus,1.0208151862146881
maestitia,1.0244853549392723
lucrum,1.0225249403707481
admiratio,1.0090060615362484
manifestus,1.0126471524501737
enimvo,1.0445525142840422
lysimachus,1.0093613039791076
inambulo,1.0903848299832015
ternus,1.0207293548783931
miserrimus,1.0192575657499845
parricidium,1.0135661579468194
confico,1.2972430634305572
admidior,1.1006073500495093
deflagro,1.0446191133759213
icio,1.09047979908443
puerilis,1.0089467169692226
surdus,1.0402110131116857
funditus,1.0341915588814625
sociabilis,1.1728802700896592
consortio,1.0868068772217487
salutao,1.0956969972136725
unanimitas,1.5269612079302666
uecors,1.0255596217978953
sanitas,1.0317157019979495
uectis,1.0645343006340169
spiro,1.0063407588972466
improbus,1.0155338911383718
superstes,1.0207856218382643
ambiguus,1.007520242777004
insatiabilis,1.0207293548783931
comminiscor,1.0357868164933761
resero,1.015068463147929
maestus,1.0045148400083583
aperiendus,1.1132941549790092
iugulum,1.0205585425465604
perpetrao,1.1826566693272633
demetris,1.0929353780392457
subdio,1.1169709219801496
uilis,1.0066773343368975
uidio,1.0420631055900622
sanctior,1.035660792092214
comploratio,1.1057184223485508
hesternus,1.0317029496288606
funestum,1.0991075377419053
ecce,1.0596160067220362
iuven,1.057072684168302
limen,1.0084057170825167
manifesto,1.078814912287696
furia,1.007559027653497
discerno,1.0102635238202824
dispicio,1.0285544799172066
insidiator,1.027172674583127
perfugium,1.0419590391220555
iustitia,1.0423911674562423
lustralis,1.2702655166761372
morio,1.0693233457171496
eundus,1.0734678406560936
manendus,1.0920429969226355
euito,1.0335536211027778
conviua,1.0555132287568507
adulescentia,1.043922584588872
men,1.2629930706032417
primoris,1.022774842586633
clandesten,1.112589386655943
coquo,1.023891948902609
sinceo,1.242054381988733
infego,1.2359007871077252
statim,1.0216944526791716
superstus,1.02680227275537
scelero,1.0112765802522656
petio,1.2585482584817949
senex,1.0199653348783286
orbo,1.0177324724726837
propello,1.0191653715914637
successeo,1.1712967093667483
monstro,1.0105173888427115
fletus,1.0084756669080879
percussor,1.0147089473351245
obsum,1.0168969894248197
criminatio,1.0333418925649924
meretrix,1.0288151613895062
proxumus,1.0541063690653012
oporteo,1.0549010548623226
scilicet,1.0628159400953792
diadema,1.024723573426573
probitas,1.0213048000707605
exsecrabilis,1.1727575363922733
sapio,1.0230893106380405
timuo,1.1799156564922024
comisatio,1.2725306590079668
circumdatus,1.009182315999385
placo,1.010072296572722
dandus,1.0360731868180728
transilio,1.023934004253632
aequalis,1.0232418117922877
largior,1.0141703347782924
armos,1.0666942010145577
crapula,1.0455846476720507
sopeo,1.114095836906491
tempero,1.029791951190319
suspicax,1.1558940432848739
aperte,1.0170974073595147
conuinco,1.0169177611610545
lubet,1.0638440234637458
perperam,1.0146548823793844
clam,1.0153369768475042
suspcio,1.0436824989133762
rixa,1.0375446309441831
demeter,1.183833406012162
repleo,1.0240359387612785
obicus,1.1114310373107967
coepi,1.0129912630402003
retinendus,1.0261534566834196
innocens,1.0219273910353568
suscenseo,1.294438192355807
exitium,1.0121074898971534
patronus,1.027439388470462
meditor,1.0166688027526118
securitas,1.013766980166811
pensum,1.1173578985070873
lana,1.0166293749812532
spiritus,1.0547621801867955
diiudico,1.0377794613735998
reuinco,1.0975951481122679
rescribo,1.0249949658164272
perseuerantia,1.059235283262082
illis,1.1552119549436644
creandus,1.0702986475636203
hiemo,1.0287067856125893
deliqeo,1.5841291881935786
buteo,1.2118297678823668
nerus,1.030186400118092
petilus,1.0993493104861385
pinarius,1.1527037656108035
petilius,1.1230076860475873
nero,1.0279908053696005
apulius,1.06067465170686
histrus,1.036209743396093
brundisinum,1.2134105416151713
duumuir,1.1849039376413928
servo,1.0392951591844304
ingigno,1.0395986755868045
aurata,1.0197168655241917
penus,1.0380959028131498
mineruus,1.0120430791700425
barium,1.376614220831777
peregre,1.046783644704355
iunona,1.0091926358338235
sospita,1.0738053932792821
lacrimo,1.012729857049199
libiten,1.2004680741998068
anxius,1.0139812414978855
decrevo,1.0734964141317582
puluinar,1.0349877748771104
feriae,1.0280708694902987
corsus,1.328009017395214
demorior,1.173998928110863
exonero,1.0426690193381942
despolio,1.0472778990441347
perseco,1.071560504003147
ambitus,1.0546763800165633
ponticus,1.0351228958931624
apellis,1.075248410460814
particeps,1.0231151402869954
demetrus,1.0704726519037733
circumspicio,1.0182332845171906
averto,1.0966139986723409
haeem,1.277278746871461
uulgatus,1.092637850540633
hadriaticus,1.0701296143283898
haemo,1.0982601928650206
difficillimus,1.0298604743325146
persevero,1.0472879667119401
antigo,1.0970552844139856
dido,1.0567146844099902
plerosque,1.0245497324644834
coniuratus,1.0431191827751076
insinuo,1.032185538760446
elico,1.2101061932591959
sensus,1.0117573287538189
infestior,1.1185701794242942
interiacens,1.112860084570175
septimus,1.0332193893682435
deligendus,1.1954666481782747
opacus,1.0103709688512006
densitas,1.0728766562643883
arbor,1.0069989638433985
immitto,1.0114816185161515
ramus,1.0070372250236135
rarus,1.0061898742269855
gravus,1.0321553121200677
canicula,1.0472976423153488
brumalis,1.0170303870970168
conflicto,1.0840712013088551
penuria,1.0141285872138148
transcurro,1.0133802891766073
populo,1.0589269447015233
rapiendus,1.0441031274584136
socialis,1.0360475304846437
obleo,1.0183669712218675
didus,1.3793375154420178
immeritus,1.031327752379286
suscensens,1.4230636485586121
adsentor,1.1345554482575801
dissimulanter,1.0479304093721762
exspectandus,1.051745303002435
praemeditor,1.1042344545805591
deprecatio,1.102045165074742
excrucio,1.055444702191273
corruptus,1.021062699757996
disserto,1.348211659674839
thessalonice,1.1974291683052567
astraeus,1.0976168341388002
occidendus,1.102634445470148
epoto,1.047715563593399
cubiculum,1.012381464431334
conqueror,1.0158050498005682
torqueo,1.007218597181145
intromidior,1.0919589844736457
thyrsus,1.0162384047521815
alexander,1.0091939713572338
tapete,1.1353374213616227
pabulor,1.3058963453742738
lignor,1.8242719316482585
explicandus,1.0547722596392508
tardus,1.0064701936402844
segnities,1.0638100929720133
paludatus,1.1034356480432208
subitarius,1.234797510388225
matienus,1.3375926544251049
lucretius,1.1020062206028174
socordius,1.4942886967426583
summum,1.0256544186386587
principalis,1.026328909680426
sulpicus,1.105786198790077
praeposo,1.1639592838034345
hastas,1.047876149716508
sex.,1.0219970504583606
caesar,1.0142427421549693
consector,1.0253687019966227
abditus,1.0726284871165404
intellecturus,1.1564387796346978
compositum,1.0313316196535822
ecfero,1.104281043114521
deiero,1.0966729213978612
circumvor,1.0390290761517316
exiguum,1.0126340725460856
trepidus,1.007282334775583
praedatorius,1.1484480577807672
clementer,1.03509109202586
exopto,1.0453271884313047
etruscus,1.0222537953509225
siccitas,1.020566364762889
petilium,1.1062277506156803
ianiculus,1.0259177097032086
cultor,1.012863569993544
alte,1.0082505770608248
lapideus,1.0433294872571415
arca,1.0828826705245547
plumbo,1.0483107773733245
deuincio,1.023588852646529
numa,1.0214227528927864
pompilius,1.0728776167881666
pompilium,1.0678164507172487
tabes,1.0160709996587907
fascis,1.012931326470742
candela,1.1396335001608862
involuo,1.2866975576452564
septeni,1.0196370437871252
sapientia,1.031629550330416
pythagoricus,1.0324207447130271
pythagora,1.0107266251918847
auditor,1.0453373488923785
numus,1.0218017292874801
legens,1.0154818894946946
studiosus,1.0341107298470582
decuria,1.0965724985092833
pleraque,1.023677476615339
uictimarius,1.3415858016517677
coortus,1.2494130582202456
a,1.0275620982012597
procucurro,1.4885515560384934
sinistrus,1.050432442385834
solo,1.0530129358183793
effusior,1.0356589380808376
uulgaio,1.0408882595371236
fluctuo,1.0187140529481606
inuo,1.3795126305553715
ducentum,1.2551343175428742
auxiliarius,1.0614029216325644
saucius,1.0113315660023845
deueho,1.0350539261273317
cuncto,1.1162191601605174
imber,1.0066378925256734
contrebio,1.1644152291363659
diffundo,1.0072857819152592
palatus,1.2140815729003287
contrebius,1.1260396453205357
celtiberia,1.0459348184705832
populabundus,1.1805265515488081
collinus,1.0493832380558745
dedico,1.027165316752779
f,1.237414684059137
glabrio,1.0350970950158407
depugno,1.021199741163863
credeo,1.0967538608644731
corsicus,1.0616758860484663
cordo,1.157317078722899
cera,1.0294583156666235
iliensis,1.0715512646083762
piso,1.0747796656380895
molliculus,1.1607269625784702
mancinus,1.0297655304958155
perniciosus,1.0153029978073562
impense,1.5909119011991664
hostilium,1.0649470989562866
obuenio,1.0609141665281812
nosmet,1.0247949291231828
minuco,1.160527600583874
perpetuo,1.0162592111502255
tiro,1.0221324123598385
rebellatrix,1.3461892470416033
hibernaculum,1.2002367105023688
licio,1.2839683194443274
obiecio,1.8273003898524651
diuino,1.0439590259602516
porro,1.0874462214630873
succlamatio,1.113453009795234
relatio,1.055758988246408
interrumpo,1.0269527398479465
transporto,1.096613568602731
adductus,1.033138775840222
missio,1.0337845461028266
inspicio,1.0102151019342507
aesculapio,1.03633455712757
inauro,1.0296513303148538
corono,1.050635508255057
declaro,1.0199438804033472
infamis,1.0180211142761166
so,1.177814161753496
ioco,1.0705099459092204
tardior,1.094469143308572
ror,1.082470729405674
samnis,1.0487924445407422
capet,1.0539736626196912
manlianus,1.0746103154600724
pertimeo,1.0296142380860678
ferociter,1.043309049882117
iubo,1.0720773424479715
mano,1.0737426486343542
impressio,1.1246450210983023
legionarius,1.0226262205130925
acclamo,1.0662994293207404
segniter,1.0592507985317283
duplico,1.0111205556951082
effrenatus,1.0382631912867466
circumspico,1.0673695763951812
tarraco,1.0818033184761657
exauctoro,1.0706084528289366
letum,1.008142916134069
neapolim,1.0596565637732358
uireo,1.0114474701870397
adigo,1.0159543410794036
aes,1.038038803230977
aulum,1.3682948543250022
relego,1.0168092274203924
brundisium,1.0281326111597004
illyrius,1.015745087288656
supeor,1.021917805048466
confingo,1.0253334842457464
corcyra,1.0721557882310928
uiridis,1.0225160286785937
colus,1.0376218263789179
scintillo,1.0434984668973857
labeus,1.176643330944122
praetextatus,1.0359343634707707
dolabella,1.040343372762565
prouoco,1.0319060098694386
cloelius,1.2781871414977688
adsimulo,1.073322524116019
auguro,1.0187582203384684
cumanus,1.0381539722723578
latine,1.0184783108860618
pisani,1.3775833769202537
popilius,1.1184566097488002
sardinius,1.0403865969024821
deserendus,1.228038741901962
dimittendus,1.1268098440687728
acidinum,1.1513508279400844
annalis,1.025363249980122
alternus,1.00778562488632
mucium,1.1240437342989653
scaevola,1.0401036407746376
mucius,1.0238767648327485
nix,1.0257762633280567
intolerabilis,1.0285402291867354
fulmen,1.0107213277708331
tarracinus,1.1227436753043272
albus,1.0124540442784984
capuus,1.0255617532802943
tripes,1.0904454240294237
dia,1.0908333145320832
sella,1.0163568525510973
fuluus,1.016857605584214
succurro,1.0346131199859496
implico,1.015273014575882
reconciliatio,1.056796689346843
tatus,1.1647182052754523
romulus,1.0084693625397978
albanus,1.020376616726006
prouerbium,1.0327873918455845
uenatus,1.0198643950999968
confudo,1.058202401105204
interpello,1.0182704882949867
quesueo,1.146170404111923
annuum,1.0227858163983796
lusitania,1.0212445595094193
mundus,1.0171222570426488
praeualidus,1.0853535440118232
rabiosus,1.082473523065609
hircus,1.0470610335670576
risus,1.0098986490635036
natus,1.0323947607178883
sciscitor,1.023280256245546
percunctatio,1.14236759223102
uae,1.1477626339489546
quater,1.0151400774829256
uiciens,1.0368826851287956
nobilus,1.02876841443853
elicio,1.0292185854963085
superao,1.127145433614864
introitus,1.0406639619800608
lampas,1.0317028227411997
potentissio,1.2209132461960204
propio,1.588470524342853
uaccaeum,1.2045616954599658
exuro,1.0152853640120618
eieco,1.03874061952276
attributus,1.0882230960297654
con,1.0718030437613522
ingratum,1.0311275179235768
praedium,1.0227793318447942
proscaenium,1.0832686255947181
iouus,1.013931114490368
polio,1.0248488280393369
adfixus,1.041382326150141
pila,1.0244956773214189
tibeo,1.0201038185635831
fornix,1.0364163744389419
argentarius,1.0430709323865965
trigemina,1.0687836936936077
hercula,1.0247951795115435
medicus,1.0142060773477992
sacellum,1.0206508026670051
dedicatio,1.0502828409018206
scaenicus,1.0207882924993865
larus,1.0815056850999225
ualua,1.0527590063167238
duellum,1.040829625512126
patro,1.0364165024886771
antehac,1.081426910804603
contundo,1.0171404480271082
lar,1.0153793155788786
animadverto,1.0584199672075094
maeror,1.0094877509802622
paenitentia,1.0537792987323156
destitutus,1.017736053246498
antigonus,1.0251276153493547
patruus,1.018558940697769
honoro,1.0310861369589504
incorruptus,1.020825683222465
inimicissimum,1.677710527110521
ueritas,1.0272283333809888
suspeco,1.482414262166672
exitialis,1.0281505680371426
nodus,1.0059419784549992
oblo,1.0318990918150182
inconstanter,1.099356658239925
tortor,1.0208431373050113
chaerea,1.1347482118324503
persequo,1.0368259752308262
audaciter,1.039826252024062
redintegro,1.0377218189197812
infelicitas,1.0224412513686105
potens,1.0328629271809306
flagrans,1.0137275933859673
studeo,1.0163526657756656
antigonum,1.059248658467513
paenito,1.1649566228149968
orbitas,1.0291906158310997
optabilis,1.037057339316132
infelix,1.007573852615049
illacrimo,1.1176169252600556
suppeto,1.023125622255687
identidem,1.0261611766088907
interempio,1.024347117626774
exstinctus,1.020148106548133
assum,1.1003111878964573
curatio,1.1461541173162482
necopinans,1.5142621494573836
dilatio,1.02106543401143
subtraho,1.0116966230017184
sollicito,1.0069234775617462
histr,1.0507398674144566
cottus,1.1183660986317274
bastarnus,1.0386623572979747
dardani,1.1229487557229356
dardania,1.0637145865492845
scordiscus,1.0509144159397679
euentum,1.029367361676515
accommodo,1.028207089040227
sublo,1.0303052113231523
reliquia,1.0511417055104377
delphus,1.0232338861034649
creberrimus,1.0919207495854504
grando,1.026760421328043
fragor,1.0117821012339578
tonitrus,1.0233148961733323
fulgur,1.0260291379472515
praestringo,1.0266037287196788
praealtus,1.0363550422529921
improvidus,1.316570406888548
naufragium,1.0081131725712864
dissensio,1.016159988293445
firmo,1.0114094828802296
iunus,1.0228897051686572
curuus,1.0092081766886198
fonteius,1.0592622346464513
capitus,1.070187704947365
servilium,1.0292986515422593
caepio,1.0183513942651718
cento,1.1107698064649056
lectisternium,1.1619566829898575
lanx,1.038682934554469
integumentum,1.1145648572798046
iovum,1.0594603660708286
appono,1.0132270415866458
olea,1.0173534851260737
praegusto,1.0839538836119744
mus,1.0335303814717254
uerdeo,1.1526065975624578
praedor,1.0211168282719307
cupidus,1.0085005214356049
pergratus,1.1617962383686837
ancona,1.1640894713046654
aquator,1.4528144464546875
manipulus,1.025617174932691
aelius,1.031919909727084
inualidus,1.0143000132279898
mercor,1.0266401645931988
tepor,1.0190759177183781
perluceo,1.0558385192648558
frustror,1.043644648579879
concursatio,1.1603375358170152
obscurum,1.0185711846843641
incidens,1.0551709503359685
optundo,1.2928081431762926
remaneo,1.0165427062409356
atrociter,1.0442425890509242
quaestorium,1.1196286860698883
quintanus,1.1643435500035637
liberalus,1.2858786330758032
scapha,1.0198371795011294
submoueo,1.0215728914567355
fugium,1.0589978627164582
pabulum,1.0112450667252217
proico,1.0654815969430973
cipio,1.1451523520370201
alacritas,1.0178207026688375
adhortatio,1.0375067112097642
atus,1.475656294458994
mergo,1.0080391544596883
fortitudo,1.102061091116426
conitor,1.0219922567889852
histror,1.127787342257507
arripio,1.0136371930036552
temulentus,1.029601221685257
miserus,1.0296912058616952
novellus,1.4063888311179034
impleo,1.0187128158214986
allo,1.2811657090947468
indigo,1.329800244016828
conscripo,1.2203438158234883
cassio,1.0845233394795544
tumultuor,1.0267905213344397
ariminum,1.0482662373268699
adfectus,1.021520518312241
barbatus,1.0207047633208561
tremulus,1.014481925499032
titanus,1.0250813281612923
clueo,1.0904119724484254
cygnus,1.0299231898490426
papirius,1.0214900423507716
turdus,1.0260384874759418
bellonus,1.072044871308667
sardo,1.087071160095458
miserabilis,1.0111704661262857
conlatus,1.0228476731962979
praeclarus,1.0271964467554553
comminua,1.1842221319987283
dehonesto,1.100089477425867
odiosus,1.0230251788883786
usurpo,1.0153577463499912
ispanis,1.0935036927190551
tantumdem,1.070903808965016
interrogatio,1.0171328632324632
hercule,1.0543259643326062
prudenter,1.0345028814267903
fortiter,1.0177349419691695
nequior,1.0666379131015042
inconsulte,1.0535844110449795
tuberoum,1.1522778365230215
dedolo,1.1916058672818022
uiscus,1.007828123214758
fregella,1.083005698794669
uiritim,1.0319197827860505
migratio,1.0895256867456233
crustuminus,1.1495834295475522
truncus,1.019946546661817
quadrupes,1.0259903611840744
anguis,1.0073275728011006
lupus,1.0133958980615496
apollus,1.1765335044054746
iunctus,1.0057901279885482
inscendo,1.1190202852414484
uetulus,1.0324539095603682
olens,1.0312673379089534
edentulus,1.2413949764291896
nouember,1.1009651514924819
interrex,1.3858040546037929
quiue,1.0582371763010403
iurandum,1.02417509243371
perseueranter,1.2340935865915477
lora,1.0239923125577122
diffugio,1.0121350272214786
obiecto,1.019718724875079
nuncupo,1.0363112562819037
catena,1.0063743217992975
minitor,1.023854083295624
inrideo,1.0275099272521069
ungula,1.0131512917286203
celer,1.0080682273807802
inflecto,1.019131816810362
praeterfluo,1.143696135363015
aquatio,1.161132079859279
alueus,1.0103845379972747
miraculum,1.0312725359376365
uirga,1.0260071766373033
mino,1.0217171008527821
exscidio,1.1011825170934775
denuo,1.0805051987493428
transduco,1.0729644140715708
campestr,1.0878522952013279
bos,1.015368684476897
campania,1.0239223808839686
uacca,1.032995903842539
syracusa,1.0489521804757231
adspersus,1.2413151600681815
alendus,1.042540472569179
dus,1.0795897804697214
capillus,1.0200196571800446
deripio,1.0455539569815893
limes,1.014928948628935
mutinensis,1.0605174932564105
demuto,1.1175354826436192
laena,1.1370936215135317
aquilius,1.0274802255319762
iocur,1.0799132604650692
perlito,1.7880252343096066
acer,1.0085027644654294
diffluo,1.038517953619198
olla,1.020363708726494
extum,1.0190656423620685
iecur,1.0175124884297881
inenarrabilis,1.0455926627350511
continuatio,1.0674854370315774
traditio,1.0723619258316306
nouitas,1.0151076470982587
inbuo,1.0369574106919026
licinium,1.0476541952649412
quiritium,1.090120846107938
reieco,1.076877691838634
ingrauesco,1.0592736710081154
cumus,1.4854340883299968
elaeo,1.160921894496068
sextilis,1.0546289108049511
tusculum,1.058865726231983
gabius,1.0600693380171151
grauiscus,1.3578497996434526
instauratio,1.0661372800091506
scripno,1.052441023882645
alpus,1.1181696936793002
derepo,1.0678110136951984
exactus,1.053119288249419
sempronus,1.1037621046644055
inmortalis,1.072509587704418
occipio,1.0797711277667452
opportuna,1.2042085963610356
collecio,1.065439645529485
defensurus,1.2102366073357558
ingenitus,1.0401596779855398
laceratio,1.1095314381490315
animo,1.017055048540005
inanimus,1.1816647601706416
auspico,1.0443215644864776
iamnis,1.0491721920981598
dorsum,1.0188213232543566
inmemor,1.0235558177573088
ambiguitas,1.016754876809221
omino,1.1810702300075973
traiectus,1.0899686494307834
occulto,1.0094469346529158
eventum,1.0553394728050565
pullarius,1.1904037536153516
ordinarius,1.0302266334319437
ca,1.1485005746878578
subnixus,1.0374500613390558
reuenio,1.0526015430261104
platea,1.0915740572420651
bifarius,1.04100121968752
uicet,1.3500979265073996
circumsido,1.2495019223403256
circumduo,1.1965591006430396
erro,1.0068334406747073
familiariter,1.0268594626540606
ludifico,1.0776351733228318
esca,1.0203461469246693
simpliciter,1.0213083438545143
marmor,1.0119946696791071
cyzicus,1.139338248376751
penetralis,1.0181787815657455
lumbus,1.0415484124739351
magnificentia,1.0397823011337366
olympius,1.0744578083008018
athen,1.0252907499394686
incoho,1.0310441256868212
delum,1.284149148287198
capitolinus,1.0546339492336416
laqueo,1.1429691813776834
lammina,1.0355619633611945
uolnus,1.0691059070957207
tenus,1.023819531811043
iuvenus,1.029826211621559
atilium,1.036432316874244
corsica,1.1235323181648267
philus,1.1390750886392285
longinquum,1.2164764343988164
quartanus,1.0569239819559815
aegrotus,1.0528847994310717
crus,1.0070753682092544
bracchium,1.0093464870959086
insepultus,1.0329480130367603
cadauer,1.0120357533506927
servilo,1.0695168729940043
paetus,1.115118315873319
mamilius,1.0505898494176025
curio,1.0434407065626519
ueturius,1.0577482640718994
sempronianus,1.1353134509531888
aelum,2.0075246804673186
uti,1.4679536637646293
sibyllini,1.0446253574761948
concipio,1.0113818021136445
feria,1.1645253105557511
biceps,1.0911209186655497
unimanus,1.3978650941324249
serenus,1.007650525806981
saturnum,1.0227710392181952
effulgeo,1.0275241494464014
caerito,1.174551985980327
macula,1.0280484427199885
sparsum,1.0468559502452501
faber,1.0143108059317163
conperior,1.0540031279811706
aesculapus,1.0915763299173946
oetaeus,1.1285672983252593
tumultuosus,1.0248853272727594
delpha,1.079280171787129
reconcilio,1.0659792437572841
interdico,1.014869519233759
conprendo,1.0898774509421794
callicras,1.1441563938062362
inviolatus,1.0471288679045558
mediocris,1.0097272489598925
inesco,1.1921305757340281
seruulus,1.0350452416972573
maternus,1.0100284534542534
inmitto,1.0196241544922504
depulsus,1.0252792210593809
usurpatio,1.0432306167237346
insoleo,1.0973873791021986
temptatio,1.160470927800367
interfluo,1.051859642840036
inmisceo,1.103603461969421
inmo,1.2051898136947223
dissentio,1.020584927486297
infirmus,1.0292891793572048
execrabilis,1.0395007684783955
dissertio,1.4633168536048704
coniunctio,1.0274963347263997
cerritus,1.2461354292679625
inligo,1.034967471459645
interdictio,1.5136136413112957
cieo,1.0112075822052902
adsendo,1.0667313678566575
offensio,1.026726615909315
internecio,1.0307913066157617
eupolemus,2.0006859270007675
inlustro,1.0184851738162166
salutatio,1.0376527591114288
dextra,1.026529482927536
exardeo,1.0171739334725762
memmius,1.0352232377690878
canuleius,1.4509983236372168
geso,1.0727247779289446
ueternus,1.059653485076302
intercus,1.4037622385205406
domes,1.1461534909102733
orsus,1.0806796838249062
vigilis,1.0655146867594183
urguens,1.0688932557826019
pando,1.00780632875244
exaequo,1.0292296348800125
inrumpo,1.0122791494116734
superfuo,1.265675976335325
eicio,1.0308587593602208
cornelus,1.0879682711889906
germanus,1.0150503461998903
exarsio,1.18468430585716
glarea,1.028753842370966
substruo,1.0893001675774892
scaena,1.0141336139044712
dam,1.243568284191387
saturnus,1.0133903889884293
perfacilis,1.0760997393135923
stipes,1.0158881480192403
calatia,1.1225326612185582
locaio,1.5449893978459015
magalis,1.1136756305658173
aviarius,1.3209324590742175
circumduco,1.0377197007778685
ianus,1.011806020641735
regendus,1.0311859512203756
diligens,1.0357348301094493
seuerus,1.0225451947942716
adempo,1.1231936878626214
sabinus,1.0274387592653242
adpeto,1.0282690991615704
n.,1.2233727172072957
saxulum,1.6393041787110703
matutus,1.185788224497771
indices,1.0713104805790838
praenestinus,1.0282347532007892
honorifice,1.0888031950449286
praenesta,1.038153072917047
instrumentum,1.0143704152280935
suspiro,1.0175221770824836
comitor,1.0153083433645458
etiamsi,1.0150588825795825
modestus,1.0154815821722056
timidus,1.0086044387522515
expectatio,1.0326786861359516
pullus,1.0264327659403685
enascor,1.0459121923850194
remeo,1.0109682953409105
lapido,1.098823049064041
pomptinus,1.081094163784076
lucustae,1.191470891186311
cooperio,1.0396319810896866
aratrum,1.0065445853854031
existens,1.1720515584270694
glaeba,1.0353533726586053
emergo,1.012274446472145
inspego,1.2427890532561254
lacinia,1.0830051395120142
tegula,1.0192588042000916
asporto,1.0502342542478165
censorius,1.0282631120858554
sacrilegium,1.0347293807677387
accersitus,1.050557811651818
foede,1.0717195834573394
tectum,1.005714521384781
putrefacio,1.0556842519698417
sarcio,1.0550404968845357
piacularis,1.452632428378446
redemptor,1.1447747882309907
uaco,1.0093555957840679
cassius,1.0167683098664104
parrum,1.2999458860035666
apuleius,1.0408018606024625
optingo,1.206596647995836
pollicendus,1.8371118087746392
promissum,1.0134144457146779
infamo,1.0187891521636163
commendabilis,1.1208912818269363
mutatio,1.010717309074663
faenus,1.039746601825622
solutio,1.043589987935143
parasitus,1.0535531827766587
formido,1.0130653984863813
ulixes,1.018964137928689
concieo,1.0242625673085142
corinthus,1.0305659581363538
renovo,1.0572897193022368
lutas,1.0389744475150953
cerco,1.6435302540077248
sulco,1.0151709128385005
euoluo,1.0192721796530206
stultus,1.0242923334320757
comitas,1.0249670373818267
moneta,1.0449544491179694
anima,1.0334346961391851
carystus,1.0508564241188645
struo,1.0075495278054447
comminor,1.10023556686519
peruicax,1.0368655113071086
condignus,1.157669890371584
meretricius,1.0709139258508413
collicio,1.3128615027590709
saeveo,1.2585697844217818
implorans,1.1530055899124547
distraho,1.017421041575399
emptor,1.0139498655779784
recipero,1.0366528081455133
uincendus,1.0419482971255216
adflictus,1.0358308779203484
ferocia,1.0429005352869682
lenior,1.0235408309870755
pennus,1.2579762027588293
condio,1.0155563284803315
aerarius,1.079691911109235
lucusta,1.0852894425861654
popilium,1.047277833670301
lucretio,1.080035128210113
irascor,1.0144261059623567
administratio,1.0250022925860303
indicandus,1.1413805853505548
fatum,1.0034689421478924
hereditaris,1.0563824018541013
iamia,1.0153319996669061
floreo,1.00860892574643
inuetero,1.0621284940519797
contubernium,1.0205689101131072
admirandus,1.0279562260614337
gratulatio,1.0204331551293273
auspex,1.0457636800234968
thebus,1.014037195955194
delium,1.0676245573522793
intento,1.0264787356382319
fuls,1.5733741665735115
apologus,1.1354957897790317
frumentor,1.3772559900670067
armamentarium,1.068131484739038
perennis,1.0184554969451889
subiego,1.1218262778387633
cupidior,1.039174523140738
compertus,1.0537355502633927
amplus,1.0155447715885986
adferendus,1.1862891991162587
denudo,1.0359403762458355
beniuolentia,1.0318203340835874
complectens,1.2988396758400504
impar,1.010348516670054
thebanus,1.0118262798002282
libere,1.022781950596921
adfligo,1.0374564766423178
debitor,1.0255039556302419
fungor,1.0147342328104347
ferocium,1.0648964701900743
harpalis,1.1237200743975229
intemperans,1.0647354229684278
conspiratio,1.02922079535407
harpalus,1.3893446413947823
hospeo,2.262125260691512
evander,1.0658300566432115
maceria,1.0468169549593103
exto,1.0269003164822326
fundamentum,1.0303189415407004
labes,1.0270670966698465
satelles,1.011905310477286
angustius,1.1291010904296237
deuoluo,1.0498873092492522
umerus,1.0076683190444518
decliuis,1.0323798951572856
inpavidus,1.1050568362202629
calor,1.0119245970568977
praecordia,1.010339998488454
uicio,1.040036391196435
inconsultus,1.0179967765771891
consulte,1.0490032065558699
compos,1.0316268860752271
corinthum,1.0228313976481582
corintho,1.0477270791341315
aegina,1.2073756265109992
immaturus,1.0164639964811666
festinatio,1.018549170454987
congruentia,1.0902047884697237
brundisinus,1.0970493303586462
delator,1.0307552721006519
exter,1.0970917275104324
notitia,1.0134265051140925
perfamiliaris,1.1207765665117584
comparatio,1.0254353842225195
conscius,1.0125294454763203
efficacia,1.176303685912099
experimentum,1.0115159521072024
grassor,1.015346869906915
sicine,1.0665548484201404
occupandus,1.0263291608189435
recognitio,1.1607919326103127
postumus,1.0496188619405167
uageo,1.7022769449306243
quidni,1.0199644667606633
maedus,1.2120867266977937
ao,1.2694114665943734
gaudo,1.0617005430442614
sollicitas,1.1857565452713645
imum,1.0226313941296947
decemvio,1.0308922039942088
obsecratio,1.0645234933890242
ellebor,1.258555339301836
prolatio,1.1117132528402427
intereo,1.0169135081252023
portendo,1.0135509724333633
saturnius,1.048655828924977
asinus,1.0177648855676829
obsequor,1.0168581602650137
aungo,1.0810096682012507
incito,1.0116666693801681
increpeo,1.1437792524237247
scilla,1.0590491354723994
iuratus,1.054115243841984
detractatio,1.2900299355062539
padus,1.0305445618021478
transductus,1.1634783595256493
fallax,1.0097914260139436
inligatus,1.0523275477075775
numidae,1.0429090927174465
disertus,1.0143604798588222
delictum,1.0344417754952981
satius,1.1739716544460288
acerbissimus,1.0396501486270964
carnifex,1.0148099126483536
stratum,1.0267215892713657
postulatum,1.0804749984382678
carthaginiensium,1.0295788544642104
numidia,1.0335971743491554
observo,1.034431187936161
annius,1.0635211306890073
conloquium,1.0301326973367633
samothracus,1.1231269186030322
aecus,1.0755123410198857
inclementer,1.1531491901666102
fremo,1.0118592942033036
proripio,1.0262540758773513
hospitaliter,1.2512535867639256
usura,1.0275180451820394
panis,1.0365626918970905
puniceus,1.011241897194845
luteus,1.027168901323627
questus,1.0400507043762282
lautia,1.1170693888443377
haesito,1.0229661698095882
existumo,1.0896980723692578
uolgo,1.028426804931089
aua,1.255346471015615
pennatus,1.0593547358078317
explo,1.1184836764619117
coemo,1.0891935948684366
calabria,1.0956631511028492
papa,1.3733897034999745
duodecimus,1.0347578437545024
laonginus,1.123307996012733
sicilis,1.2393286658488794
optumus,1.2091308999776151
deliramentum,1.1795438499641226
papus,1.590276132155487
laqueus,1.0158422608675013
dependeo,1.0234531047404782
domis,1.0401173754587536
cassium,1.0267471628037004
potio,1.0235494483263348
percipio,1.0166521687886287
insania,1.017271689051267
adfinitas,1.019825896922502
consocio,1.0373033650066317
pueritia,1.0096037796979882
inertia,1.021811064164426
coelus,1.2230134087985414
existumao,1.2849780743912842
alienum,1.149415043859036
coelens,1.15985558991762
iuvao,1.269017890977964
inmodicus,1.0193254372525995
nauo,1.0649440570386774
adulatio,1.0272115407693094
uentosus,1.0147695854903789
aura,1.0061778657513207
fautor,1.0319090563815376
lectisternis,1.1582435683687664
ominor,1.2513536328915675
propagatio,1.1187455381118763
faustus,1.0195343102878724
felix,1.0179476105630256
seco,1.0065893948109925
aequaliter,1.0163005802476406
partio,1.0142560475983866
subueho,1.0610805692383314
caninis,1.231446045638886
subsellium,1.0373788568005873
adtribuo,1.02967389026863
uacatio,1.0305578552780505
sabina,1.0544154847565173
tugurium,1.0256284606185626
praetexto,1.461310692672558
locustus,1.39997076095613
aurelium,1.056098723217821
gregarius,1.0505305777981546
acrior,1.0310344312640374
adsignatus,1.175554388992855
annuus,1.009867525288799
tricies,1.0526152795583954
ciuicus,1.020100717308175
commilito,1.0238082858995887
appellatio,1.0111074542616423
locum,1.0470350915437137
conlaudo,1.0788572298708616
vbi,1.0692588749032934
satur,1.0480860197857502
crepito,1.0112383010209778
kalendae,1.0259868475768994
nerua,1.0710443687680153
carvilis,1.4391397217092852
insanus,1.0128857060405294
liceo,1.0133871447845029
undecimus,1.0233034741001485
nymphaeus,1.8171650294303943
tutior,1.0336190160285588
obeo,1.0093259627878335
retento,1.0354460266589511
boeotia,1.0236040906297412
adspicio,1.0469165064726775
messenius,1.0258759303511549
elius,1.6798950482133785
epio,1.0314425783998773
acarnanis,1.0554841437206517
pollicitatio,1.0626973885737148
corrigo,1.01098395185327
liberalitas,1.0131928976798863
ismenia,1.116024028166256
dormio,1.0314571633245926
adiuo,1.1274168978378025
peneus,1.0512435304585386
stipo,1.0100881077850137
resoluo,1.0129752384871777
cunctor,1.0079586675579189
interfector,1.0172677414588234
interfeco,1.0936029127256532
pigeo,1.007333258081018
nestor,1.060876867276066
conuicior,1.0488892245446797
fato,1.0273648330264302
propulso,1.023204181464575
amphipolis,1.0698710476674758
foedero,1.104066085437571
inpositum,1.0515825402063588
leuissimus,1.0452379672242962
sacrificor,1.1666488881966026
persoluo,1.0221887095571374
qualiacum,1.073034136526278
marcus,1.0480847102920505
detorqueo,1.031512780061767
inprudentia,1.036723656793706
insanabilis,1.0387902067064974
expostulatio,1.4666126779721231
adsensum,1.0715229998936602
gravo,1.095762691827846
thespia,1.120270362489635
larisus,1.1885319513471142
boeotius,1.0522574542358258
circum,1.0117542170255713
accurate,1.048208864845088
parandus,1.0720369935861358
refico,1.047794214541675
furca,1.0431491469566017
excello,1.0169197335955538
mutandus,1.0527560336287751
coronea,1.4438845044967512
instruco,1.0271164558871497
paratior,1.1425266054362373
instructior,1.1189432648312596
adprobo,1.0257990301105466
astus,1.0201622497398246
uersutia,1.3137307012805755
calliditas,1.0260361657649952
properus,1.0197393641252932
utilis,1.0107902594739957
honestum,1.0356471109231247
probabiliter,1.0309018323971952
locrus,1.0655283563631712
ionium,1.027333126648759
dyrrhachium,1.049858467734492
nanctus,1.026191304258471
comparatus,1.0820148576649933
neapolis,1.1164014340752713
fidicina,1.0294658327223318
tibicina,1.1942103219528792
inscitia,1.0251838044675734
manlum,1.4078798803657369
transueho,1.0305979276875656
timendus,1.015207033127261
ceruix,1.00684044967987
progenies,1.0099838237313465
propincus,1.1634122816671066
sicubi,1.02909074559569
concedendus,1.1472030541725597
extorer,1.0654075752253032
samothracia,1.1707296377169802
superss,1.0265759638076208
admirabiliter,1.150872922134163
adfectans,1.0420137879188576
turpus,1.042355612587433
pella,1.0733268500799147
itanus,1.0576412413876664
citium,1.3273024667160072
regaliter,1.263450373254146
hippius,1.0719904146364903
paeo,1.2440097811113742
incolus,1.0348284336130054
paeon,1.4830140199018502
asclepiodotus,1.0493435948396252
heraclea,1.33656243467443
sintus,1.9407083465347692
susus,1.1751235905632704
lycus,1.0980298938831288
uicesimus,1.047848923827979
medito,1.0567664685142195
adoptio,1.023554443951766
naturalis,1.010532361856638
cohortatus,1.6202996390613411
eruditus,1.0385395537525355
subago,1.0584067464628335
phryga,1.090800193749939
pauper,1.0233200767605215
sepono,1.0212711664352903
praeparandus,1.0742631080246428
incognitus,1.0148580393572573
aperuo,1.5374911806400122
ruber,1.0219101488374664
india,1.0250464432867685
succlamo,1.107074728132751
uociferatio,1.027391571076247
pollicor,1.3090427889266876
acno,1.4328427551972227
angusto,1.0118870011136223
elleborus,1.0928868230175404
incolas,1.3019745959522824
iaculo,1.1653507756529635
difficulter,1.0271816047410522
inconsulo,1.6807523326061555
uenum,1.0583547347186035
hippia,1.0546486007274511
praetergredior,1.0640433329033328
firmior,1.0293301004468942
ossa,1.100062283823693
salubritas,1.0308541988964466
abnuo,1.023793916483364
requies,1.0314250770346638
refeco,1.0763795566864336
tripolis,1.1833183113488548
scaea,1.2180615798179444
creticus,1.017677961389879
maleus,1.207649997491443
nauigatio,1.0215301590460029
infirmitas,1.0284855630121212
obsidium,1.02639534010157
creusa,1.0584570271159484
pontus,1.0059533178194149
chalcedo,1.1793084605101938
iuuandus,1.06394204954696
uastatio,1.0499219342996513
proinde,1.034016657703291
iaculatus,1.0386685303893153
ubiubi,1.335905045502759
dubitatio,1.0254154538515812
oborior,1.025494239745205
tentorium,1.0324387246244389
callinicus,1.117122868682922
menus,1.708201552766478
patrocles,1.1502821504246912
succido,1.0262228146512662
suffodio,1.0555341470683588
diiunctus,1.228755481612922
phalanx,1.035967498566818
accurro,1.016598019765024
pronus,1.0067080201499823
insolens,1.0155828857388622
conspcio,1.1918951321972788
loricus,1.0332948606298602
thorax,1.0274029587623998
galea,1.0125094636762304
praeiudicatus,1.0675169533024453
seminarium,1.010196427899415
naufragus,1.0207810258495154
nato,1.010497425514343
pedestris,1.1753596177920127
alacer,1.0120038262263957
phalanga,1.17612804172961
numidus,1.0581426678601233
inreuocabilis,1.1124577752881466
serenitas,1.0581648918439728
mollior,1.0248594707719976
comprobatus,1.0543630031380988
uoltus,1.0534045430743169
moderor,1.1413881950943867
moer,1.0484727254365445
fastidio,1.0166071982037364
desperatus,1.0519313981773362
socerus,1.1829079093688597
iunior,1.0436980163958698
arietes,1.050776391437194
urgueo,1.0142602171179311
extruo,1.02648765373408
lentus,1.018976391658944
corruo,1.0409294622862282
defensor,1.0326374348131777
aridus,1.01481304320107
sarmentum,1.0089252381410565
saepes,1.0359204192185123
intersaeptus,1.2155496775722996
inpedeo,1.511400036412948
fumo,1.011321080453393
uirgultum,1.0345337560620913
impubes,1.0385269535655612
spica,1.0218906664764669
deseco,1.035462258790762
purior,1.0603234561106822
stramentum,1.0371703671190873
taeda,1.0108510392164423
inlitus,1.0925790759962093
oppresdo,1.8885653830658529
carpo,1.0043789327990125
procursator,1.1168413945872266
demeto,1.0590356316052765
seges,1.0052756368351452
longinquitas,1.0935152389492637
equites,1.1822087380145858
offensus,1.0157759594106552
meto,1.0335087345363778
adcelero,1.0359318048642538
onustus,1.019636362133562
ducendus,1.0447272899592457
pompeius,1.0073400321153425
denso,1.0131326313457885
hisce,1.1389505130778035
procurso,1.1678850977914539
spiculum,1.0088236811530447
hastile,1.0183787778835038
infigo,1.030018858366771
crassitudo,1.0596131959523385
digitum,1.022218978091516
nisus,1.016860872046523
roto,1.0117792334217068
emico,1.0162966401884932
circumsideo,1.1700670612683357
adiecio,1.0397886164289816
numidar,1.035865221573948
recreo,1.0187425695505854
gnor,1.0829345347165868
aegroto,1.0299744047564965
fortuitus,1.0127561444144988
actum,1.0461261034315263
anteuenio,1.0823996356133734
antimachus,1.0983469034636402
expectans,1.0505243286830839
circiter,1.0530733471803864
sepultura,1.013061483471979
timotheus,1.0994401557925373
decursus,1.0470665227241778
inexpugnabilis,1.022396514840982
flexus,1.0085945553788653
illyricum,1.017425113757664
conpello,1.0951648607591236
ingresdo,1.0443320304405452
infesto,1.0218708114160082
censuo,1.1501319306433513
recuperator,1.3165536698824
amplio,1.0196793080880915
praenestis,1.048641015742976
conubium,1.0110875285462668
oceanus,1.0049882765856022
crudele,1.0621209631123307
auare,1.0749214514001382
lucretium,1.0293154493124652
inexploro,1.0625812189335007
manubia,1.0381435013034948
fleo,1.0147565120769106
excidium,1.0125262678896247
spectamen,1.6433914806475685
erilis,1.0738477998916758
conloco,1.0169293493233116
ero,1.2298466307093083
diligenter,1.019982325478693
hortensio,1.134576010677334
alpinus,1.0356386722514015
regresdo,1.040175155379472
rapina,1.01301664648046
iniuris,1.1694169719063334
torqu,1.199874643071033
phalero,1.175430683271154
agaso,1.1820547280699685
sagulum,1.1833032051114767
iuxtim,1.1345946556052156
ausculto,1.0599690776309159
sedulus,1.0696802566230443
gula,1.0295305850164573
uenter,1.0141798372738964
laelus,1.053300050727513
blasio,1.219573019004435
sterilis,1.009743535545861
aro,1.0188688411972129
pollico,1.1852424555064707
anniuersarius,1.2761495086085166
recido,1.0258774985836812
lampsacenus,1.2031184440050127
recordor,1.0669013645630765
ignauus,1.0088660850793232
uerber,1.008484153682182
mola,1.014170886531232
ignauius,1.2215709898209068
pollicitum,1.1359007098661764
naviter,1.0920085943230864
interea,1.015988609834573
chalcidensis,1.0814041869017772
lectica,1.02456011871236
introfero,1.186235182503366
relicus,1.1295074691818154
hortensius,1.02332475805912
propterea,1.0953265927144125
uerbus,1.0242017272322863
molitus,1.078924181680596
compilo,1.094646882240883
lucretum,1.081389619012463
uersor,1.0218160428352048
iuventer,1.1573670566127807
aufidius,1.187282756838323
impositus,1.0158940533693255
conrogo,1.0802697645548331
lychnis,1.2132185535514441
ululo,1.0636429005524126
inmixtus,1.1677134214669416
obiengo,1.0623477449922065
ueritus,1.071478929076442
febr,1.0021860600145036
figulus,1.0524215483376256
ambitio,1.0163543897378424
italis,1.0405625626697204
intercalo,1.0731124478417906
terminalis,1.109300495763726
torquatus,1.0579011340211126
liuis,1.269796252435
nescius,1.0093991983149984
portendeo,1.0481899385432603
uetustas,1.0201680808189892
suscipiendus,1.0643990907838197
affulgeo,1.1232752052426422
aeditus,1.0957017200930574
primigenius,1.0864511820776006
amburo,1.0212619035864963
ado,1.2775145036805453
quicum,1.6168513504683768
cubito,1.1097093322595102
approbatio,1.1775395418540888
suggillatio,1.0814493568240593
adiuvao,1.1042446295878594
censendus,1.1081702077853486
decreveo,1.0927900106326962
patiens,1.0473215705888272
sapienter,1.0404049843792431
medicina,1.0193819211599016
sublimis,1.0125505891571995
conductio,1.0380170954766066
rutilius,1.168853998589897
nanco,1.112996959647497
dissuadeo,1.0451955762076504
audientia,1.0797848181390186
floccus,1.1482430676838038
cio,1.0555706066788315
perduellio,1.053876471714488
october,1.039672246877739
obsigno,1.0367565861343486
tabella,1.0321334687592472
tabularium,1.0843212602756973
anulus,1.0175384692456793
octavius,1.09476066831417
theba,1.039487629717427
circumfero,1.0192596711169575
aegis,1.057610772223062
fidissimus,1.037615409030558
postulatus,1.094412456089035
bruma,1.0089633424527964
intermissio,1.0717077398570751
laxamentum,1.069958519153618
carvilius,1.0742659970535384
spoletinus,1.0881419286683083
sublimo,1.0276416549368674
gentius,1.046516194500175
celerior,1.191390343222804
ericio,1.0615667909078863
circumuallo,1.0641513852406126
iniunctus,1.059206460842632
inpetus,1.0708578752390363
pubes,1.012056388013213
darda,1.0636743252091818
accitus,1.0366527440914428
rettulo,1.2193841277289337
glaucius,1.168558471400044
coelius,1.0650081437763432
dyrrachium,1.102409986889789
chaonus,1.1902281800576313
stratus,1.0945348335776548
ualidissimus,1.0258840852126494
inachus,1.0684552101916718
nicaeus,1.0740431747377952
emetior,1.0201656615333725
stror,1.0547673525133343
dinarchus,1.605669585839817
mobilis,1.0120320294331826
archido,1.0635278724771886
obsessis,1.278148580250196
dc,1.9442715014978473
depopulatio,1.1247799845508157
populator,1.146707187643362
actium,1.0433246860240692
leuco,1.7079161919405554
formo,1.0121038265079592
quaerito,1.1308050322299212
menstruum,1.0290955429640478
posiio,1.1888312664337315
insido,1.0242079172078022
iuve,1.1318096341887514
asclepiodoet,1.1076286686550074
lapathus,1.0885601053340446
obtorpesco,1.1268623684666903
percurro,1.011001680240622
praemissis,1.2230824181596203
poso,1.1172860175423034
sollicio,1.041807895010067
prospectus,1.0264454511560317
promptus,1.0200306339642542
uolnero,1.2477407719353046
temerarius,1.0116356805346665
inlatus,1.0252393732315812
inrito,1.0635851811279298
anfractus,1.020988445519615
iugis,1.119052230925331
praegrauis,1.2556834907027703
repurgo,1.064089696209062
stridor,1.0205113013921525
procliuis,1.029803455361354
defigo,1.0082210694998333
tignum,1.0364719509972602
asso,1.1924024677871756
triceni,1.0426299465790314
solidum,1.2179346904451616
conlapsus,1.0412532563182846
clunis,1.0209456998609203
subsido,1.0139792804460026
prouoluo,1.0303836746385413
cauus,1.0105624918269696
popiliis,1.2127095704589863
adsuetudo,1.0994727225554937
peritior,1.2083365143257012
adpropinquo,1.0415477658693841
exilio,1.0150709811478267
pydna,1.0301220713015566
intrepidus,1.0102888315774996
adpropinquans,1.0333058704284257
despicio,1.0116830795967309
uertigo,1.023032103232897
suapte,1.041002963689897
characa,1.1827439616823243
angustissimus,1.1080973084090273
furtum,1.0169682455647553
perexiguus,1.124113248747307
caeco,1.0618163857860836
stultitia,1.0281936671023018
segnitia,1.0470701168463281
subsum,1.0172025489335608
inmunis,1.0397921607609417
tutum,1.0453861348826723
iustior,1.0189387030960653
adgrauo,1.083856056569361
subuectio,1.18284260837937
igna,1.056341695977982
recuperandus,1.091947755362594
disiecio,1.0717366304860398
decusso,1.0748811636372582
pluuia,1.0263120208971737
proruo,1.0771589513536446
uorago,1.0207261256163855
cauo,1.0147936463618208
erus,1.1404717958980795
inminens,1.025733554817682
adpulsus,1.1121703894428898
circensis,1.0137756174905916
humillimus,1.048731998884834
effusio,1.0563376388648669
conplo,1.365077381324335
desultor,1.174097436025915
curriculum,1.032544202440803
sexageni,1.0604410093432897
inductio,1.1263193482751834
elegantior,1.0359868816615887
suppetiae,1.0525065198165975
summissus,1.1443248031748483
nitor,1.009919439841131
procurro,1.0143640369439721
propugno,1.0442468787677783
lubrico,1.0549269901453595
deuersor,1.083117706787149
obtempero,1.0292855168257211
gaza,1.0265663532264282
nicia,1.0967007362710877
urinator,1.1825965643182004
extractum,1.0338660249635652
demens,1.0128471214581671
uagus,1.0081006335503733
fertilissimus,1.1427136037087278
tectus,1.026323761367902
cassander,1.0738470438287424
obuerto,1.0407189621057127
magnesia,1.1442132791003545
ceruus,1.0233928601928055
euripus,1.0702724288944956
complendus,1.2065304408234534
regero,1.0793501619808576
transfodio,1.0807492290814877
cassandree,1.5363452650919232
bellicosus,1.0295569936561892
perfossus,1.304450890548206
insignio,1.0505320249722467
aliunde,1.045469322566162
inconposio,1.1999460435333704
interfcio,1.0734776626167832
inrio,1.0983210901709548
meliboeus,1.4074925930785511
meliboea,1.1678055936729237
oppugnator,1.1019693055219664
tracto,1.0136139218022364
abscessus,1.18938928407868
aptissimus,1.0456848122048552
indigno,1.2772920690905847
balanus,1.686644116038254
torquis,1.0423581382631095
patera,1.0294533885804242
prŏfitens,1.1871828641413829
ingratia,1.6151357362736891
incommodum,1.01205089349425
iuvor,1.3355352890576355
considero,1.0326334941813018
sementis,1.0494729714302693
pugnus,1.0558618426625628
magniloquentia,1.272405485083841
cautus,1.0126289384704714
numidicus,1.0418757620912265
onesimus,1.1872591473753398
python,1.0533340415323569
perlego,1.028013607570524
transfugio,1.0277870792219623
taro,1.4400305838404677
seuerior,1.070926298788612
ademptus,1.281709310817955
uiolenter,1.055842971229861
attributum,1.1194542455574712
lanienus,1.2046193833737813
coniunctus,1.0267556457063598
sempronia,1.0997547362851332
balbus,1.059887115294422
heluus,1.1619132282156022
carbo,1.0477416047794936
referendus,1.035827808207439
subporto,1.3729790208691435
martialis,1.0790796251717858
nasicus,1.1293734975931198
ursus,1.030646677157909
relaio,1.1542244746100028
aprilis,1.046684640853977
cleopatra,1.0379308514462113
sordidatus,1.090745446032233
barba,1.0091103865455926
pelusium,1.0518253514670195
nilus,1.0103617809816552
alexandrea,1.039784621029198
scelestis,1.0864835467567877
rapax,1.0267739315510402
alexandrinus,1.043139612712125
uesper,1.037515052030305
emolumentum,1.0329935505385142
intericio,1.0672928478495252
distino,1.299554592441472
anicium,1.3402380092101933
credulitas,1.0242670696363212
intrandus,1.3261847648730059
ponendus,1.023772925365553
denego,1.0208097825137907
uiaticum,1.0374426196866688
loquacitas,1.0329592062404538
castrensis,1.017915618144766
meteo,1.1091492762029755
olympio,1.3755742417630998
parmenium,1.1308698971728481
pecto,1.052437326774603
thensauer,1.1249567678048586
metrodorus,1.0346617395932327
subico,1.0626660889229207
paeniteo,1.0170998121144927
ficio,1.034987711028637
occultior,1.0599047923732818
cyda,1.6716679887124755
intimus,1.0331833757719062
conlocutus,1.0996185761508994
quidve,1.0346252425575098
aemulatio,1.0237268853627979
apiscor,1.1408923762074266
promptis,1.0880609145430826
sordidus,1.0075166125201769
deposeo,1.2053205556774487
protraho,1.0232473660883343
desudo,1.06435533391411
axius,1.2526950666461483
ambages,1.0137585880144666
excindo,1.1123667573902118
opitulor,1.029292463028281
mediocriter,1.0287975598121537
ueho,1.0051719225071973
perpenna,1.0803195005236683
tempeo,1.6386710848454813
vito,1.095919589266358
antenor,1.0439811778410273
adiecno,1.2688142377623055
cyclada,1.0911131838620083
athus,1.0288102404577653
placidus,1.00527672107007
sigeus,1.0854791710635436
interiego,1.1617595531455394
artissimus,1.0384182575062153
inhabilis,1.125865468156912
eno,1.1349839604483782
accessus,1.0212656957391788
commodior,1.0170776148081975
adipio,1.0609605930021138
absumpio,1.0896337398272338
eveco,1.1053908076443804
delus,1.041252351585126
speculum,1.017074778555536
cyclas,1.063130926845342
ignobilitas,1.062476849455042
suspego,1.1281245763787728
impiger,1.0316938772397868
simillimum,1.073483363557523
uirgo,1.0146328530223114
uiolentia,1.0126411625456155
intemperantia,1.038752646070195
uiolator,1.0956912010082553
anicius,1.052727298510765
appium,1.0595755196934071
to,1.102402960449692
inclinatio,1.086798851455548
munitissimus,1.098588701333874
praefluo,1.204291664961859
oreo,1.0443102536912348
confluens,1.0433082064520975
oriens,1.0247043591609417
ualiio,1.9657739228571676
conglobo,1.0505349193323925
quandoquidem,1.0569396959313668
aduento,1.0152440160858764
euanesco,1.0251781664853976
secundo,1.0315347874279928
coeptum,1.0259967610304086
mina,1.0341721791601795
creon,1.034918376236009
adplico,1.035744037649555
histiaeus,1.1157609901408354
siccus,1.0141279742061682
cibarium,1.0224583245575032
riuus,1.01073046129007
latex,1.0073767465470456
uena,1.0229241939217855
permano,1.0558888884623234
unda,1.0037736305115972
diduco,1.0176112966561677
scaturrigi,1.1934757404654417
turbidus,1.0121482163598376
contemplo,1.031704852947516
descensus,1.0654751010241816
inicus,1.740837400803533
pao,1.0534511083667442
pilo,1.0649571712075139
secretum,1.052935680183801
uigilo,1.0231800321153763
uigilao,1.0578070857597683
galeatus,1.0678092466749534
innitor,1.0276140226807182
margo,1.0202268295586987
fulgeo,1.0077652850743095
aestiuus,1.0425946345814066
aestus,1.0045212754651427
languor,1.0254534350383582
advoco,1.1399045854325642
s,1.035424618916866
salutaris,1.0459219077888666
aceo,1.0608035510316318
buccula,1.1444207359518996
lorica,1.0230848810466469
mucro,1.0104889048216872
iniquior,1.0786045529936983
munitior,1.1967715475489968
distringo,1.0690694602004718
menophilus,1.9132475376534972
nota,1.3035845043194811
iaculum,1.0271919186377982
accerseo,1.5344303556664447
detineo,1.0163207119641706
stabilio,1.0781677976882766
ligusticus,1.390943191931854
mentior,1.012082945695937
sere,1.046910953560297
solstitium,1.0130911526947293
adpareo,1.0656622287406234
abicor,1.0829764770493535
incresco,1.0368021397016813
nigo,1.1121955306981106
flagrantus,1.0746491373708926
adprobans,1.2702096405679308
admonitio,1.0388827049217277
conticeo,1.0264999634730532
conlocatus,1.0341260277485165
senesco,1.0178437351817886
obscuro,1.019283449983092
september,1.0304208856137604
discessus,1.0150606021554558
exeundus,1.4399113183279633
intempestiuus,1.0183941702252135
ignavus,1.1987499207786336
hodiernus,1.070105861109357
crastinus,1.019271560411339
fatigavi,1.1909701813357776
madeo,1.0089973232476197
areo,1.0142835793248175
torrens,1.050193363416747
requietus,1.124327570030827
iners,1.00747480594785
inbellis,1.0322034469749453
fortus,1.0854251668277068
conposeo,1.1412780190112144
incomposio,1.2174441823868565
educio,1.3530541030795074
optatior,1.1539374884406555
polleo,1.0138983936652624
aquor,1.082601977154082
samnitium,1.1170002966067982
sergius,1.0270550876924915
silus,1.2828680329872608
uestinus,1.0624558569111968
cremonendo,1.138689619074302
iuveni,1.0743241936588985
munium,1.0475440381793886
edissero,1.0420537853574476
disicio,1.031828647184707
carptim,1.080666527621022
adgredio,1.1669292461311234
inmobilis,1.0320543578129513
strues,1.0243897107584936
catervatim,1.0998076524964597
induo,1.023640126518021
abiicio,1.0165971573699042
alis,1.0147134888082359
odrysar,1.1503230832457878
suppliciter,1.024910558965839
nandus,1.0686216728615183
obtero,1.0369026792498401
elido,1.0144468995553289
neo,1.0608834414142772
nepos,1.0064595671457721
sospis,1.212287904735066
diodorus,1.0640355723371564
fallacia,1.032201859342174
emathius,1.1494576475494573
strymonis,1.1292336292847158
caduceum,1.1427570352862646
beroeaus,1.126913686656337
compulsus,1.036659918196555
solon,1.0486489466423508
amphipolitanus,1.1595694836647399
delo,1.0302864831371594
praepedo,1.1103440950236352
ingemuo,1.1558638615621275
ferocius,1.1653343439204185
octauius,1.067254419821707
facillimus,1.043968445266815
effugium,1.044887026353459
adfor,1.0576833143889603
orbus,1.016903337966325
murmur,1.005623073085085
incerno,1.069446652465356
plaudo,1.012221007047084
fabi,1.0902213659582387
augurium,1.0155844841366983
tabellarius,1.0858175044964058
laureatus,1.058209275866693
reueho,1.0350023963849597
forus,1.14131792529753
laetum,1.0344328462142416
da,1.0158755378660809
superus,1.0083080217842693
stolidus,1.0197591984262224
sumptuosus,1.0237302585738364
mirus,1.0152089989310096
suos,1.217789087626625
sestertium,1.0218510816029889
inlacrimo,1.050553930412484
miseratio,1.049763939117604
inlustris,1.0136275169532865
samothrax,1.1443700745723793
inviolo,1.056231699386113
homicida,1.0316503573681344
praefatio,1.0720403501667977
purus,1.0114666783384452
cruentum,1.0793321080859635
evandr,1.410030188729989
delpho,1.027989797560858
inmerito,1.020484671972567
cretenses,1.0872286078520523
incestus,1.0141939993881184
seuoco,1.2163233317999895
nefor,1.0954584732102899
sanctissimus,1.0314522804995196
conscindo,1.1035644072862598
abalieno,1.0606576865429895
setius,1.0381666918928993
somnium,1.0131722166475754
incolumitas,1.0387965099561454
transitio,1.0734831574983692
ion,1.4445980074843972
octauio,1.093605122571564
octave,1.5766031607399387
avus,1.1172991131781393
amictus,1.0108414771893004
miserabilior,1.242513208151943
exoro,1.0275123185669766
porrigo,1.008770120201256
prospera,1.0680219427716433
flatus,1.011137131018349
quadriennium,1.0279484791037252
incluo,1.092250311356015
uicensimus,1.102079044660789
caranum,1.1460144457301487
superfundo,1.0683047850803737
tredecimm,1.1044992111526848
persa,1.0125054918527459
inmensus,1.013405386050111
rubrus,1.0267018601931206
distraco,1.297946281946633
trux,1.0066622941392511
moderatus,1.0260703650022345
uenalis,1.0115615712121857
adsentatio,1.0544835463527764
uersura,1.2309917423287244
clamo,1.037327223587418
exequor,1.0430778064972273
memphus,1.054734993150629
repugno,1.0121650085843181
adtenuatus,1.0964875727344168
cyprus,1.0341522902014515
cyprum,1.058799971045409
pelusio,1.2747661179627863
pelusiacus,1.3614696314300758
nilis,1.0179985061214434
praestituo,1.030829117066936
arabia,1.0183288332482359
circumscribo,1.018695310801292
obstupefacio,1.0382153248312203
uiolentus,1.0109137754736206
contrunco,1.1455609827376008
infitia,1.0292977043159086
papinus,1.4269681862572239
papiris,1.1056999128078828
gratulo,1.140640828337839
papirium,1.0475608480656713
lunensis,1.1953287521418674
musca,1.035514729123216
puteolus,1.0391841781429993
gratior,1.0547536923762477
rubor,1.0174546072022026
dominium,1.0526632941969993
prouenio,1.0226450452488853
iovus,1.0533357609698826
grates,1.0206584400193701
acio,1.100818723795035
hannus,1.0518134818972797
hamilcaer,1.0170909947351654
quinquennus,1.2123649954257785
herclne,1.1210731372363754
cassus,1.053857273996474
iuvens,1.4532961904587833
penatis,1.0685788612765943
uelium,1.4642363756946348
anagnius,1.1255670364255828
focus,1.0172206811149715
capra,1.016902475053116
domitium,1.0478584789065688
ahenobarbum,1.1347847460704095
manilis,1.0796083292927103
monosco,1.0495826809889035
pestilens,1.0290643608692167
tractatio,1.05010942228389
inpetrabilis,1.1895644415213267
spondeo,1.0144406429863704
monitio,1.090894029368125
gestio,1.0174487453982066
monitor,1.0228073282466947
tempestiuus,1.0269636777717532
crevo,1.0452526192969454
necdus,1.0414170389202029
uentura,1.0378432735173297
queo,1.010239798949393
erepio,1.3622085015266088
detestabilis,1.032089975285402
peteo,1.1005363807637611
utilitas,1.0136962331612704
partitio,1.12378857024546
lugeo,1.0127299181810236
consuesco,1.0188082689706648
pomponius,1.0254766889356726
uidelicet,1.0622168560887852
parcus,1.0155014970540122
suado,1.0414118674111121
persaepe,1.0476176917165023
deuersorius,1.1819617917822554
squalor,1.0215133034305406
glorio,1.273064734322391
messanus,1.0604511976237907
adiutus,1.0291933306529788
traiico,1.6645452264420078
interfectus,1.0786474782141988
periturus,1.0448176602737878
segrego,1.0287354228589585
noscito,1.0776463176534399
fortasse,1.0157802029366731
aspernas,1.1290154583018983
imperitus,1.023148833093563
deprauo,1.0351833797237848
furiosus,1.0171638197723138
appellandus,1.0529187634398074
iracundus,1.0315550832378053
uenero,1.0188719968425517
cunctator,1.0364938503103942
tumidus,1.0054527595508391
insolentior,1.2650586947404487
conparo,1.0750581768345087
plecto,1.0342275790429243
uelio,1.2545932237433552
funestus,1.017311475091743
penas,1.0489538856373009
supplix,1.0273357058642925
lenis,1.0185820684751299
copiosus,1.0640427255505924
theodos,1.1006810724984364
fraco,1.0297475803667835
ascisco,1.036556671895824
gabinis,1.0352618212363978
theodotus,1.0899010279706047
conscientia,1.020088994733084
oppeto,1.0478618166805687
galum,1.1868102421883715
nequam,1.0599503269585926
granum,1.0129709572038714
lebadia,1.2478834155550753
trophonium,1.080134561517497
sciscito,1.057065624362261
euripio,1.0661376187569682
agamemnonius,1.1984170840631223
troia,1.0168642001617798
oropus,1.2493002980797943
amoenus,1.0180095012187802
isthmus,1.0365304152611
scateo,1.0443998367029637
sicyo,1.050059931569545
reuello,1.014345577169834
liberalis,1.0123231270649191
deposio,1.2525372006672846
abdera,1.2547978740884844
bisaltus,1.1449660394355432
termino,1.0371529273028028
bora,2.1523035682660607
confinis,1.0368740981468394
sal,1.008857409880193
animal,1.0091262283549212
indigeo,1.0207441352229765
diuisui,1.5137713797040493
contenior,1.0455667282602261
celeberrimus,1.0231017261760837
frugifer,1.0317680471139925
acanthus,1.0743097471047094
edessa,1.053300050727513
beroeus,1.1282967216061703
lyncesta,1.110570840758226
frigidus,1.029832849053566
exhibeo,1.0229225099684427
adulor,1.0238505218232299
elo,1.0662298339176328
imprudens,1.022917271037943
methymnus,1.2029512617058944
lesbus,1.8581856137061603
legendus,1.0169760128409981
humiliter,1.090543877136802
corrector,1.0696250170065447
deliro,1.0516938779629559
commemini,1.0956865497766533
ludicrum,1.093066896956789
opulentia,1.0331306960934037
aereus,1.0424385129501916
luus,1.144180114832549
subdo,1.01708260911764
succendo,1.0391527678599024
uilitas,1.0206175225307679
ebur,1.0122048236486423
pellaeus,1.0531285430505397
iuuero,1.8855713335707733
decima,1.1735260081967396
exco,1.0366247532201252
adveco,1.092152189776983
salueo,1.1010548188559428
obtrectatio,1.0682901598415815
parcior,1.0328412446115431
auiditas,1.025462272648675
prenso,1.0365106916397224
imperiosus,1.0333163713219566
demonstro,1.0261018052113582
iniunctum,1.6995003571771539
horridior,1.103315045164508
liocentia,1.0755073079642865
pecco,1.0235653096054544
seditiosus,1.0412660519984578
temerarium,1.074529789589063
instigo,1.0399138426636874
seueritas,1.009242963227202
servus,1.0487674000505092
documentum,1.0530459166547201
obtrecto,1.0996507931056316
nocens,1.0206469529880018
integrior,1.1679875423691999
togatus,1.019862845197731
abscisus,1.024906551864601
intentius,1.1821071985575617
adquiesco,1.0394565874937702
locupleto,1.0397480194409368
licentiaa,1.0389296035640083
parno,1.0699286325911614
superuacaneus,1.0416590583342051
incuto,1.2279201903870245
discerpo,1.0183483654678187
pyrrhos,1.075525027286841
curius,1.0600424125236172
progno,2.4790798102849383
laureo,1.1225282299469173
prognatus,1.0799521188983845
furtiuus,1.024268820552269
aueo,1.0964206447265115
praeripio,1.0337521237642364
negaio,1.1380749232621636
profanum,1.2452520413498218
suspico,1.3514096784722252
servius,1.1010426070505197
maledico,1.0455132994783407
prouocatio,1.05880484894444
cicatrix,1.0212587952856276
adaperio,1.0643952416555933
uelo,1.0154732230718453
tumor,1.0288331421172692
inguen,1.015967014712287
rideo,1.0066723208877466
persedeo,1.2429638093042314
nito,1.027027109750792
generatim,1.0775575155056263
mirabiliter,1.0550121013241278
gemineus,1.1538857429165759
praediues,1.5254530156154842
filum,1.0763725128653634
turmatim,1.1054487107261737
peditus,1.1039173064264438
purpura,1.0117514103851384
quattuordecim,1.0141109941889292
prouentus,1.041377219625037
des,1.0487275411296932
expiro,1.0284063798747074
fabia,1.0515901860952823
consolor,1.0359897604008896
miserabiliter,1.1497890561393025
defleo,1.009995619214701
sen,1.1371505774165764
concubina,1.0584462761365423
doto,1.0411709320386084
quadruplex,1.2354834041816787
invisito,1.1191731633508828
praefulgeo,1.0586141766028645
spoletius,1.1572707771817863
apollonias,1.3626403222472514
phoebe,1.0059515083292276
dianus,1.0152782983774757
sibyllinus,1.0377893472483688
castus,1.010110609209812
almus,1.0349222066450934
nitidus,1.008945382100143
ilithyia,1.2468336095698989
lucinus,1.017987140652496
genitalis,1.0241506471594026
prospero,1.101493177979953
iugandus,1.4720502692947797
proles,1.0164588234966243
ferax,1.0164451522909315
marito,1.0446270485995317
undenus,1.1229858871199856
uerax,1.050164570819221
tellus,1.0050578735029612
spiceus,1.0810139170454118
cerer,1.109710800269973
nutrio,1.0092286962066435
fetus,1.0072800366955732
bicornis,1.0756595614978974
ilia,1.105187211771156
tenueo,1.0155102868953647
sospes,1.01650045519876
docilis,1.0259734207997486
iuuentaa,1.3519915488923957
romula,1.0635593577596583
anchisa,1.0552184683559924
medus,1.018149740425832
scytha,1.0096336112854125
adparo,1.0657943066975641
beatus,1.0422561495551537
decorus,1.0286302171947088
camena,1.0177772956991713
palatinus,1.0351549571912757
latium,1.0117858843303058
aeuum,1.006226565214841
auentinus,1.0337761377568302
algidus,1.0627463947408762
phoebi,1.0202780773846967
chorus,1.0142282108022347
phryx,1.027001459404337
herba,1.0071361856665302
palatium,1.0297048565207583
phoeo,1.0088018436116915
euandris,1.134595269440421
profuga,1.3308296680528207
fictilis,1.0243174733966007
creueo,1.0649613624017429
opprobrium,1.0405098376746167
casa,1.0208614616281937
tarpeius,1.028576361232201
aduena,1.0302813583130206
remo,1.0355809477533084
praetexo,1.0192291441471077
niteo,1.0070215091791017
pellitus,1.1657466533072258
bucina,1.0336670327613457
pratum,1.0089652841508432
sinuosus,1.030093546541185
uela,1.0082615443769394
pulpitum,1.0402053376224847
oleo,1.0361763368213432
crocus,1.0513872781583857
tremo,1.0072427246006188
pendulus,1.0249806256901668
faenum,1.0430132842136373
curto,1.127380306168815
uesto,1.1139042568560964
asellus,1.0108194304021192
macrus,1.057892195382108
sagino,1.0224102219961198
porcus,1.0296180293326587
calamus,1.013916285689974
exo,1.0635886872693934
ouum,1.0212366025672475
saetosus,1.0437744418597374
arator,1.020566364762889
lico,1.0181892862158355
lupercus,1.0602989300453134
radio,1.0133542142296366
sudis,1.0484011135892395
galeritus,1.2737443943668987
tatio,1.0909775942475262
luceo,1.0133276509921507
suburbanus,1.08493951072878
fidenus,1.0641212822594677
alumnus,1.0096737743126218
altrix,1.0246813906097836
lupa,1.0174267179596275
profugus,1.0123663754835863
uecto,1.0365919603464349
abiegnus,1.1208108588385723
uenus,1.0354529284480811
resurgo,1.0456388657784574
iulus,1.0402722220386185
tremula,1.6792255143706705
cortina,1.053147582010058
pio,1.0277434476149485
pergameus,1.137470530522795
longaeuus,1.0291036228434387
priamus,1.008861110471365
cinis,1.0197949641000568
nutrix,1.0072069874062626
lac,1.0114969860165373
ennius,1.0294405025779554
hirsutus,1.0161873772824324
folium,1.0089306987733866
hedera,1.0169093783997942
tumefacio,1.073026861909802
superbio,1.047329350782147
callimaceh,1.1807849483071011
surgo,1.0317967916003954
canto,1.0284105404685402
sudo,1.0140496992190944
propertus,1.1221224287561422
lyra,1.0207260014144086
archyta,1.0463964869173121
babylonius,1.02855908311364
horon,1.4266068401418204
proauus,1.0188569612959582
cono,1.1776190543708078
stella,1.0103363478831657
animosus,1.0270199426132371
loo,1.1308704307578776
hesperio,1.4728376573149367
troicus,1.047832301024348
arrius,1.0784784322518304
bustum,1.0094550126223873
heu,1.0079101030497764
aquila,1.0146299076654524
auarus,1.012634928230416
lento,1.022200916404697
harenosus,1.0340382621897009
libyae,1.0244563282643844
antrum,1.0052257043274837
fibra,1.0169842734078252
cornix,1.032427733296772
magicus,1.0243369233202986
astrum,1.0065727266880349
trames,1.0125981351100077
zona,1.0183039863808678
tingo,1.018001223988574
atrides,1.0784705290203638
danaio,1.0645032303960902
atroia,1.0388563303165175
ultor,1.013003862853952
exuuia,1.0264873397139884
hactenus,1.012379631741618
historia,1.014476895354884
nebulosus,1.0370231088695827
roro,1.0162454221995005
intepeo,1.1225757740601283
umber,1.1799744934111964
asa,1.740251444788415
iuuencus,1.01160231474687
excolo,1.0235350861748467
pertica,1.0568719826825657
bulla,1.112255771115732
collum,1.0080867016707453
dicto,1.0165800329698043
elegi,1.0445971295336065
blandus,1.0054872876746777
mentum,1.0244954896398868
ansa,1.038089158440858
gutta,1.0122975951287736
rima,1.0251579329044391
sat,1.026103876190972
luctor,1.0131691573949526
tremefacio,1.03185390460373
hiatus,1.0127276563084298
octipes,1.2536786029999125
cancrus,1.0242892066571043
uulsinius,1.2708025048204583
indipisco,1.247017290779252
sycophanta,1.0873660156381144
laetor,1.0557137466230275
eburnus,1.0244827274570294
tiberinus,1.0633313170206369
uada,1.0145034575334755
liueo,1.021506088650755
uua,1.0127923987640193
racemus,1.0386442242665075
lactens,1.0308481816795991
tumeo,1.0110874066788644
dulcis,1.005195289489161
cerasus,1.1106400956765363
autumnalis,1.0258796313876113
pruna,1.0336111198046878
rubeo,1.0067699411181885
pirus,1.0243586880977549
mendax,1.0305607672280859
figura,1.010618982754642
gramen,1.0069917713079524
corbis,1.0444025673409056
messor,1.0229577494072963
sobrius,1.017422645764521
litis,1.0800895013587695
impostus,1.0704648655712
mitra,1.0294916694903637
iaccheus,1.505600317754126
plectrum,1.0172689133971324
uenor,1.0154029751886449
harundo,1.0091809805068228
aucupium,1.0353073713157954
auriga,1.0169882188005281
alterno,1.0100450537989414
baculum,1.02417778085991
curuo,1.0097602480738999
rosa,1.035685598124345
caeruleus,1.009519033584353
cucumis,1.0318003451139222
tumido,1.0283634520767164
cucurbita,1.092966919756336
iuncus,1.0417802719522544
brassica,1.0223568907685718
hio,1.0126598048284365
decenter,1.0438206142366913
langueo,1.0091264711451409
lycomedo,1.93451134413657
tas,1.1257295642824436
caducus,1.0233205760969981
sator,1.0351048223714017
uadimonium,1.0305494360368246
dolo,1.0245825812577514
aena,1.121814801104937
arethusa,1.0260974122519726
obliior,1.0422384735419146
litura,1.1016913637295198
bactrum,1.058041703977024
geta,1.0246918421116602
britannia,1.022773408526359
eoa,1.1114656437189319
decolor,1.034610376496017
auia,1.0148051247815584
lumen,1.0087785512762806
niger,1.0070227180728029
stygius,1.0151384804836587
uitta,1.0370731091585599
comito,1.0167389794294965
noxia,1.023925942856306
texo,1.0084644524614041
lacerna,1.0987537488586585
querula,1.075760880869913
raucus,1.010852074606032
funis,1.0208688536600266
pasco,1.009569150534649
tener,1.0058494033148178
lacertus,1.0090007214529904
attero,1.0277697016878191
ploro,1.0399433651295988
macies,1.0170044938690155
tenuo,1.0233846824641752
amarus,1.038820823207071
osculor,1.0700339935671228
tyrius,1.0135474210482882
uellus,1.0230694089720513
discus,1.0599307733926622
araxes,1.0365201050926542
edisco,1.0249717337610174
gelu,1.0117085805435573
putr,1.038527210709178
assideo,1.0231101489488208
pallidus,1.0093882062355046
peiero,1.0425193535009172
papilla,1.012247206928733
barbarum,1.0154252223729607
tardo,1.0195923044592141
scythiaa,1.05299694184804
glacies,1.0213228301034878
necto,1.0070512488067043
apero,1.209359167551791
uentilo,1.0556542939980436
ostrum,1.0148583463024474
crystallus,1.216170708531918
aquosus,1.0409680201641291
assuetus,1.0353118434891775
torus,1.0075659257446026
uerbena,1.2283065782119653
lucerna,1.0363008864622438
merum,1.03140225005954
hornus,1.1417218034684975
agna,1.059302095783619
succinctus,1.2147766550693446
caleo,1.0134188531776316
bactr,1.2023580448162674
odoro,1.0271529910509598
carbasa,1.016330685770554
linum,1.0171091846013944
plumbea,1.0576891822050263
subdolus,1.02436763193822
uotiuus,1.0352568384414786
capena,1.5513168871387804
nemus,1.006748736104652
natiuus,1.0367889409285103
siluanus,1.0448358142960121
ramosus,1.0932628454938498
tatius,1.0547807477486313
praecingo,1.0195109533881608
suggero,1.0180054861276164
tubicen,1.0519534279746912
tarpeia,1.0220516516579448
urna,1.0093004603727282
tates,1.0741754127570085
proludo,1.1022468806755752
iuba,1.0131541061410951
facies,1.0760713721750523
regalis,1.011685763846385
causor,1.0349119284447528
lilium,1.0213747477187543
nymphe,1.0109611678286012
capitolis,1.0130888892082575
nubilum,1.0073724519695417
rubus,1.0605946586720718
formosus,1.017286369429486
uesta,1.053241200241319
dextrus,1.0340861904088308
colloco,1.0191944706997056
scylla,1.0210911615676874
stamen,1.0158123687867893
ausonia,1.026042566182777
uirgineus,1.0122096480793212
ministro,1.0203387624606286
palladus,1.1153942502588836
spinosus,1.0780760692812872
roridus,1.3131453178483792
lubricus,1.0105553700354706
perfidus,1.0095659915011488
cantamen,1.260327006213136
musa,1.0061425661132763
inhumanus,1.0266544883689137
aula,1.0112618289950959
humilis,1.0184367643107737
rependo,1.0285595875760283
hymenaeus,1.0824772945293952
murmuro,1.018384464959576
mollio,1.0151263803063297
accumbo,1.026257654090967
iliacus,1.014534192875482
fauilla,1.023014761357455
thermodontum,1.0629388953902803
abscindo,1.0186783630510314
paganus,1.0552101059360197
ferculum,1.0210311326197508
cumque,1.084759018426312
flammo,1.0236471216465417
immundus,1.0972998151809086
excubia,1.0261938149757899
ligo,1.0186825071568553
pacio,1.1097900051920067
uocalis,1.031214980200829
ensis,1.0093019176188747
inuigilare,1.1827695598781982
cubile,1.0083786247400048
uigil,1.0257560061315905
obduco,1.012624415637467
lena,1.0566334907629995
cerberus,1.0673360317622695
ieiunus,1.025063102553625
hippolytus,1.0221992348318512
pessimus,1.0302754743185483
maritus,1.0068022034504
lasciuus,1.0088997559717172
uolucris,1.0137020518063538
nidus,1.0255705300658784
nouerca,1.018788409777814
eruo,1.0337133979780464
unguis,1.0121635430588989
gena,1.012809762643237
strix,1.118400541827655
hippomanis,1.2045270161800996
ceu,1.01966616983626
pererro,1.0155367802747368
saxosus,1.0307488760791867
concha,1.0186252348903642
coa,1.3593902050297357
textura,1.0738510990878432
attalicus,1.1998534476944795
puter,1.0133660885696048
recurro,1.0108687629426079
merco,1.0846584514183422
amplexus,1.011314374693029
isidus,1.0410315790819196
tundo,1.0390836461785198
natalis,1.0106427863189993
cathedra,1.0722622050941417
quidlibet,1.1106048789858747
morsus,1.0107105504304457
medeus,1.0188157550355643
sequax,1.04858392991597
fastus,1.018647005014785
menander,1.020585796660464
astutus,1.034668503312722
comicus,1.0141461195462014
moecha,1.054734064837554
geo,1.1373760678059128
canticum,1.0989473507698886
somnio,1.0149770866291785
sera,1.0477693485727675
cretas,1.5248104099848576
ueso,1.056450251952931
uerno,1.0633624536793311
rugio,1.1899180338100603
odoratum,1.0862829871575252
uictura,1.0359374338152745
rosare,1.1548042805056926
paestus,1.5699290177014071
columba,1.0275603989433357
guttur,1.022380440554556
rugosus,1.0414494266639278
tussis,1.0389645390492552
concresco,1.030033213339314
sputo,1.0542456010618102
algeo,1.0213618144538765
pergula,1.110853355075595
curtus,1.1062861061564686
uinculus,1.039534518582811
expergiscor,1.0455394919305607
pollex,1.014504745803831
clatra,1.3575424889064387
amphora,1.0254837091873954
scaber,1.0688902593795075
syracusus,1.02179121219712
iuuenca,1.0495460429301782
corymbus,1.0341506328227554
coso,1.239227421045603
blo,1.0292346229652372
tus,1.043906540798848
laneus,1.0521559606561326
lympha,1.01226479642137
mygdonium,1.054008955034284
calliope,1.0146262259934253
iuleus,1.1509755622021665
pelagus,1.005962727273327
carina,1.0105268838732417
operosus,1.0319030268437717
aequor,1.0054778871128425
pineus,1.0607051635451386
teucrum,1.0439123217027928
quirinus,1.0154554604405084
feminea,1.0588828346112198
turpiter,1.0311746696558894
uelis,1.0243327330813878
moschus,1.1208493466127696
nereus,1.0194564994148394
radia,1.0136504213207869
linquo,1.0066519655891104
delon,1.0574898462868132
assisto,1.0292517975019018
sinuo,1.0151968356424927
agamemnona,1.1227668924485212
auidus,1.0073726939165968
doricus,1.0365461690823086
rogus,1.01475313636759
pythona,1.0732439761702859
serpens,1.0109693918901859
seruator,1.0449726078940413
hectoreus,1.0186687142188644
remigo,1.0761983802515231
centauricus,1.064591244930058
lauriger,1.0665417626745322
pharetra,1.0105699789467801
phoebum,1.022354274192654
sceptrum,1.0082659677266494
idalius,1.0465843499819842
triton,1.0501913255325848
marinus,1.018599755131213
cumbo,1.081699393180707
fugax,1.02194699929597
iugurtha,1.02970258138578
cithara,1.0325642837923037
exio,1.016489800607099
blanditia,1.0162377891912506
prelus,1.1541952534477502
cepheo,1.2867876596067467
meroens,1.055960729365728
fusco,1.0244272406821033
confesdeo,1.2446441744844479
eous,1.0159609239463394
tropaeum,1.0155686233347632
gaus,1.021965550025657
euphrate,1.0396035070071175
radius,1.0110789369663646
luridus,1.040963821931647
cynthia,1.033467034908092
fulcrum,1.036757419004717
humo,1.040346082229999
digitus,1.0163471245082802
adedo,1.041253773309367
lethaeus,1.0826693945686408
fragilis,1.0173999407893835
iamne,1.0427690796874902
subura,1.2233955545599537
pependo,1.2300861247162378
triuium,1.0268719698654263
tepidus,1.016141401550872
findo,1.0114858262376902
nardus,1.0290724402589644
hyacinthus,1.0578737849299726
candesco,1.2795163937214282
lamina,1.0539388360247575
uersutus,1.0439470734297205
saliua,1.03421501951588
igneus,1.0081338293197382
testa,1.0175908668983777
garrulus,1.016752720158795
codex,1.0397572984730012
uincula,1.0099715421290927
conflo,1.0347108104702727
reuolubilis,1.1212778325885646
tergeminus,1.0645504443649318
sono,1.0134029375199256
uipera,1.0325295867583864
sibilo,1.0203884079725143
gemina,1.0186080420974712
sorto,1.0349229088898344
clytaemestra,1.0984308949402382
adultero,1.023745938050286
cresdo,1.4316682265735774
mentita,1.1008572232088711
ligneus,1.0118129159871379
elysia,1.0941609327815447
numerosus,1.0230787046381695
rotundus,1.0183754398466962
cybebis,1.0792818381148264
lydium,1.026981153788708
hypermestra,1.2178161368831815
marita,1.07951170177678
parthenia,1.0769820062163342
deliciae,1.0252711384665327
praegnans,1.0228814731157019
contorqueo,1.01936693249541
anium,1.6467346644717031
pomifer,1.06496325520995
incubo,1.0115513248516939
aruum,1.005727965747302
herculeus,1.0121151220431517
palleo,1.0090785223436112
uector,1.0411129122278089
tiburtinus,1.1861173527717297
uaga,1.041392733274059
cearberus,1.0596740993012443
stagnum,1.0098506268553367
uectus,1.1705559807684391
esquilia,1.068384992927939
annosus,1.0250791360436085
draco,1.0127200149216884
utina,1.0465017680892865
possio,1.1059346800948624
demisdo,1.0727446692111602
anguinus,1.0818695202324793
corripio,1.0323032236155842
canistrum,1.065833103624491
agricola,1.018501435001905
detondeo,1.057938357739107
mannus,1.2392060024749825
impurus,1.0513028166807656
sericum,1.063814814779588
sagina,1.0250617246989833
erado,1.0559434494396718
lectum,1.0491305310563215
phyllus,1.0751765395744082
pota,1.548302979528924
lectulus,1.0192097019592667
cyathus,1.0255287789854701
uitrum,1.0216477906519181
methymnaeus,1.1168437736944306
tibicen,1.0270198797440522
phylla,1.3794311919605446
rosus,1.0861080943628498
concreo,1.0810352314234217
trunco,1.0224232441339396
suppleo,1.020451216466563
supinus,1.0162247394749984
talus,1.0688634287005216
subsilio,1.135258061669764
resupino,1.0375639447677012
furibundus,1.0158739385519528
fulmino,1.0641008995935386
phyllidus,1.063131735261871
uultum,1.0604044806047457
peruerto,1.02909232367245
saucio,1.0297335493636628
lasso,1.0110184344427136
plutei,1.3916759654010766
genius,1.019817962071673
tangendus,1.1165223886576574
pompeia,1.0698999758116567
spatior,1.0244456313485486
querela,1.0133788201298404
sulpur,1.0498706217103966
amphitryonias,1.0522934898261835
stabulum,1.0157705474289174
stagno,1.0151967742124823
uelifico,1.2658962935151437
caco,1.1015537834244586
cacus,1.0622272130282324
raptor,1.017073915351344
cauda,1.0111128166677845
fura,1.0258911737745062
implacidus,1.3463909451017906
reticeo,1.020220191294448
alcides,1.0134503186797201
clauus,1.012584628671945
quaesiti,1.1220079115352593
mugitus,1.0175558110986573
feto,1.036078753322502
rido,1.0203634604989347
umbrosus,1.0124325380536852
retego,1.016530510973141
defessus,1.0238132215747506
hospita,1.0210029226950625
succipio,1.4855122144330568
libycus,1.0100348381376345
peruro,1.0311453894436706
sidonium,1.0549017844820079
hirsuo,1.0905225405773553
fascia,1.036227151507096
alm,1.172897079309249
uerendus,1.0248348050114553
tiresia,1.040244809352497
pallada,1.2242881276156352
gorgon,1.0486167649767384
concutio,1.007435483105842
deuoueo,1.0293185436983565
inultus,1.012435837244752
feretrum,1.109833466264229
trinus,1.043113864637061
exuuius,1.1133323498814052
acron,1.1904487743225698
ductor,1.0196505531093927
horror,1.0109631172236926
caua,1.0494566252906972
ious,1.0247941779588345
suesco,1.0352276453375617
como,1.0232851244180854
lupinus,1.0153909916121322
pyropus,1.2426416813258032
balteum,1.108395700296621
cossus,1.0359828514534448
tolumnus,1.1275420699099343
ueius,1.1129162627695663
cora,1.4555558842715663
heuc,1.024618373197887
latius,1.0281064015452344
desectus,1.0689924189616438
rhenus,1.0086804198634556
belgicus,1.0795317066290513
uo,1.0419946963730393
gaesum,1.1039582021288084
uirgatus,1.2946126918561291
iaculans,1.233085151529272
braca,1.1736338782332578
urgo,1.0690608086856297
infernus,1.0631546409077781
adamas,1.0263072494457297
fuscus,1.040732390249337
portitor,1.0373061869320765
herbosus,1.0260861162434123
coniugium,1.0109718895946378
immitis,1.0112617070856726
parca,1.0741449463017674
aeacus,1.02350011914347
minoida,1.0800541790483646
eumenidus,1.1337023815822664
tantaleus,1.1268722078753899
liquor,1.0130789177531447
tacio,1.0452776264497379
laxo,1.0070039805465927
auitus,1.014661939339516
numantinus,1.0339710299554998
fultus,1.0226188030095338
praetexta,1.1591651354810788
achillus,1.0098491680242905
austerus,1.0711105595061705
turpior,1.1912144785402745
cybeben,1.2362775474785774
turrita,1.3110418197967033
carbasus,1.0814646234379897
generosus,1.0104012109000031
leuamen,1.098378039216508
series,1.0199019661720556
cumba,1.0363857714596487
femineus,1.0141092165304746
inuro,1.027923097613144
osculum,1.0070048267424194
caelebs,1.0230969845279994
detrago,1.1089999305272742
lugubris,1.0203989582661774
caterua,1.007054452570579
peroro,1.046961323898218
olor,1.0261344398015404
comissor,1.075248410460814
torro,1.0218629691908963
trabs,1.0208010870232522
citreus,1.1357988184107388
credulus,1.0243341089769515
facundus,1.0142827208519745
dure,1.0277868273694448
uolubilis,1.0345361163889635
pindus,1.0624743599112947
aemulor,1.0259564809748278
uitreus,1.0180834463292092
ferueo,1.0228918879321955
profundo,1.0107344191996703
pindarus,1.0463203295545422
apollinaris,1.07414164529978
dithyrambo,1.6565986420351384
chimaerus,1.2180467231102605
flebilis,1.011145053239775
sponsa,1.0437150277227598
dircaeus,1.1393653293223915
cycnus,1.0301342786107408
anto,1.0472229878996338
apis,1.0136486452766618
thyma,1.1586551955040585
uuidus,1.0552316759400526
concino,1.0337421872660524
cliuus,1.019465172013164
sygamber,1.2202641983079443
pulcer,1.0551323285062557
laudandus,1.0189102992728827
uaccus,1.0841579977254752
uitulus,1.0262358085440662
iuuenesco,1.3958545890510399
niueus,1.0061151125515697
aeolius,1.0675497620871555
mordeo,1.027249403539296
inuidus,1.0117822232688822
fidicen,1.1451005316659868
ales,1.0292553966502422
ganymedes,1.0822058162927513
inscium,1.238818582349621
nimbus,1.0078502818844712
ueo,1.010818882289828
ouile,1.029668771536951
uiuidus,1.0247148737186649
reluctor,1.0295468217469743
caprea,1.0465274225703185
pascuus,1.0504224457053415
fulua,1.1939148345548678
raetus,1.077515092210264
drusus,1.0410424959778561
uindelicus,1.1064541315475709
obarmo,1.9992125751556975
caterui,1.107313733839975
progenero,1.2869742196539153
rectus,1.0253838676807958
roboro,1.055090524557565
defecor,1.0892334776341897
metaurus,1.0928966475857893
hasdrubal,1.0166932618289892
adorea,1.2023841543905305
afer,1.0587699696136867
italus,1.0144298475194375
eurus,1.014679858322832
equito,1.036375208089318
inpium,1.0529072656506622
sector,1.0170964824567816
ilium,1.043644259053841
ilex,1.0232675867315917
tonsa,1.0327336718364653
bipennis,1.0223502247563274
hydra,1.0158198723947587
creuo,1.0230836956695402
herculis,1.0166697268776819
submitto,1.0209488683843035
colchi,1.157844858653925
merso,1.0107400821088477
pulcrus,1.0620657618956069
hasdrubalis,1.0111209822591143
interimo,1.0132359756768519
ors,2.1183199743183683
dimoueo,1.022239718677792
perambulo,1.076648602964227
nauita,1.0097752594343286
culpo,1.0122971675714292
maculosus,1.0299141487338457
puerpera,1.1092361747428119
germanium,1.0140191770878255
parturio,1.033481804467908
hiberia,1.0686336525519708
uitis,1.0115699880207345
uiduo,1.0384423602277177
defudo,1.1905013168646954
castor,1.0154996530506604
hesperia,1.0424812636025058
achillis,1.0067409430335499
thetides,1.1582392504741423
tremendus,1.0784909112741958
pugnax,1.0168968045170317
mordax,1.0168126168233078
pinus,1.0144917405580678
impulsus,1.021354601813808
cupressus,1.0184482634700296
chorea,1.0217911499664605
achiuus,1.0236200160560514
aluus,1.0420922323915887
diuos,1.1383231007475911
doctor,1.0421779393580386
thalius,1.2713300242956778
xanthos,1.1184197772628726
lynca,1.1848363242114517
lesbis,1.6404550544373362
latona,1.0376490368177902
noctiluca,1.5084761565921412
horo,1.191599350491897
effudeo,1.0834916539861608
tullus,1.022867441512666
ancus,1.039796671763838
splendidus,1.0156845169645947
facundia,1.01343085146546
pudicus,1.013478602568912
lethaea,1.09490320213133
theseus,1.0206718522318339
censorinus,1.0808437804319608
tripodas,1.0410533485037121
parrhasius,1.0733712790605279
scopo,1.064693935688796
sollers,1.008913103614168
delicia,1.0167222199395707
reiectus,1.2927799512191251
retrorsum,1.0479875549878743
karthagi,1.0415705268328381
inpius,1.0898424766888963
lucror,1.0443309253298996
pierido,1.0688861734023616
charta,1.026854057621825
mauors,1.021383452985309
taciturnitas,1.0380547956190036
beo,1.1900230298446017
aufidus,1.4258541586778388
chorda,1.017537358399797
maeonius,1.0323602021251197
homerus,1.008927483060526
pindaricus,1.1399910253277645
ceus,1.146637201812042
alcaeus,1.444373026894074
minax,1.0093686518571283
stesichor,1.074984609406997
siquis,1.0193653221692485
anacreon,1.2462811314633984
conmitto,1.042750090074871
adulter,1.0105840404228412
helena,1.0205908875674565
lacaenus,1.0545687848515661
teucer,1.211682733154743
cydonius,1.8328535951522482
dirigo,1.015610735467168
ilius,1.301176682270969
idomeneus,1.0598718492008201
hector,1.0079126462121368
inertius,1.212353255983248
inornatus,1.1467703624819463
liuidus,1.0317636055039885
calleo,1.0503407694315392
pauperies,1.0177152480680067
peis,1.0434958058875246
crudelis,1.0092331887568406
inuolito,1.1786924487654415
hispidus,1.0488272596803971
henu,1.0098068029778955
albanis,1.0681539262762356
cadus,1.0463645738709098
religo,1.0244788488173977
fulgo,1.0922404984047258
spargier,1.1804945713921233
agnus,1.0229210131256812
cursito,1.1617276968049541
maecena,1.0284121794995962
telephus,1.084174672074826
phaethon,1.0382876723476864
pegasus,1.0197585166093226
bellerophons,1.1282232746432108
disparo,1.163265710818516
mercatus,1.0739588839779586
deerro,1.1340117353866994
condisco,1.0505509701644735
amandus,1.0590199220942027
atrus,1.0936039107194748
uerum,1.0523152047710531
linteus,1.0151383576377695
rigeo,1.0153461325293782
strepo,1.0295668498593347
turgidus,1.024747670511065
ityn,1.0957633359316856
flebiliter,1.0472877052116265
cecropia,1.0575723715753522
barbara,1.0394538826575328
pinguis,1.008517799085066
ouis,1.026625213008068
nigrus,1.0329950770047678
pressus,1.0382795761210284
nardum,1.1408943157986362
onyx,1.1278163787725601
eluio,1.4493462303358764
tinguo,1.0403691132730153
nigrum,1.384978889188091
desipio,1.0567664685142195
fis,1.3176669874202396
tremulo,1.0167188311392783
docno,1.12209796243224
psallo,1.1351454560192111
excubo,1.021924029694804
supremus,1.0124194636931274
transuolo,1.0262973927720525
quercus,1.0180454531387764
ruga,1.0234810131678833
turpo,1.0379860767997104
quoue,1.068504272497244
uetula,1.0450914039862589
aeterno,1.0257348090551097
habitabilis,1.0696494308495241
pleias,1.06140574190528
nubs,1.2155632404265755
inpiger,1.1785315715179343
apulus,1.02472225907274
ferratus,1.014493396868009
cantaber,1.1300278418248115
scythes,1.2197836073430652
rapidus,1.0060526688206242
tigris,1.0108496383986088
beluosus,1.6099209079080865
britannus,1.0205041007593252
tyrrhenum,1.05797331573031
quirinum,1.1665264006897416
euagor,1.043028263047384
itala,1.056860531545435
porrectus,1.0222602732422599
procudo,1.0602614060211102
inimico,1.2084589742572092
profundum,1.0199342075826636
danuuis,1.1526744630070944
tanain,1.046121993950067
profestus,1.1115669718925654
adprecor,2.100261174135661
remisceo,1.4313970603542332
portentum,1.0244318070104501
fulgor,1.0100563642364337
praegrauo,1.079650987056775
sapiens,1.0329271536226174
graio,1.0748059678926911
anteferendus,1.0956563535103392
semoueo,1.0467917434732499
uolumen,1.0150142370596729
dictito,1.0500953567192532
graior,1.070822060603523
antiquissimus,1.0246670592562273
trutina,1.1491168277249684
nux,1.015536595861286
doctior,1.0415482831529608
ungo,1.0723926339585053
poema,1.0347117676858069
adrogo,1.060687258583272
abhinc,1.0619440167690934
demus,1.5142827873383868
leuiter,1.021684871061826
pythagorea,1.159191965784482
accius,1.0611715760215883
plautus,1.0465859821665342
exemplar,1.0285311492812483
epicharmus,1.0611221109587894
liuus,1.2036182838003113
uolgus,1.0351736073062066
antefero,1.0337562003315717
ioues,1.0094058179700802
plagosus,1.399949149548308
crocum,1.0326717577174094
atta,1.0412863447825567
perio,1.1711119298310764
aesopus,1.0405294556532514
inberbis,1.074749646836829
perdendus,1.1026877841223153
impugno,1.0250797623619898
infans,1.0078697774761276
cupide,1.019233540413423
recludo,1.0251293065706968
expendo,1.0264755326979673
seueo,1.028130784003822
mendacus,1.345179721137579
scrinium,1.029267457137823
indoceo,1.0303317862690604
doctus,1.0224203156816916
detrimentum,1.0345226562909478
incogito,1.1767250334033548
siliqua,1.0550261662237506
piger,1.0108644385397274
figuro,1.0217131809047266
obscaenus,1.0875179797589563
solor,1.0148083780707433
postilel,1.7196698505996473
fescennen,1.0479044242521074
amabiliter,1.2219257132335974
uertus,1.0405663058957615
lacesseo,1.9612583688787597
describo,1.0128614909670122
fustis,1.0233725097514061
defluo,1.0160433092801586
uirus,1.0109006184870295
munditia,1.0524224725844873
acumen,1.0191720580480175
sophoclis,1.0298307629942873
aeschylus,1.0416489692514175
tragicus,1.0166734850036077
inscitus,1.0266336310738546
comoedia,1.01804705929755
ephebs,1.0996176392207333
atto,1.2498432594407878
leno,1.0613935208317544
insidiosus,1.0176458007380915
edax,1.0166323935618917
adstrictus,1.0416658491730484
soccus,1.027331428148041
talo,1.1540027325101228
discordo,1.031148938471741
pugilis,1.0810031208674409
aulaeum,1.0367206458494291
retorqueo,1.0263743677543105
essedum,1.0528670914395484
petorritum,1.2056942357964624
naue,1.085203938999607
democritus,1.012083556233768
elephans,1.177590537732282
attentior,1.0556645897832841
fabella,1.0283708901168866
eualuo,1.6784433306321718
mugio,1.0228025269731202
diuitiae,1.0358762862155333
actor,1.0326935603026306
extentus,1.1561837564923807
inaniter,1.0997890519398963
athe,1.0262511882143814
lector,1.0441973541822407
conpleo,1.18605027156787
calcar,1.07619610212525
helicona,1.069960907421289
uinetum,1.0205093150005335
lamentor,1.0888149248729322
tenuus,1.0119029302225404
rescio,1.3005815603056796
aedituus,1.0427309067316342
nomisma,1.0597364822962425
philippos,1.0448187013476162
atramentum,1.1126009705373767
prodigus,1.0141198825746864
nequus,1.027196698318718
subtilis,1.024608611511672
uidendus,1.0533603627676908
dedecoro,1.058391122372209
uergilius,1.0148517777159034
repo,1.0208161800049893
sedulitas,1.0578668478243736
libentior,1.0431055632616695
cereus,1.0281623506098174
rubeus,1.2376270059910939
capsa,1.1248842075451355
piper,1.076286060924564
amicio,1.0270289329859548
ineptio,1.062859435814335
uerna,1.017193483085261
litterulus,2.0358429706591563
argilla,1.0249163818406728
udus,1.0537000114431465
indoctus,1.0132636968362747
plenior,1.0471717426930487
extrudo,1.0724892937834904
mango,1.1294047446505766
uitiosus,1.0325344797885994
mancus,1.0517820288330135
epistula,1.013417628878521
aerumna,1.0247042339889352
lassus,1.0211738216693254
sterto,1.030007602324569
assis,1.1671804249033038
uehemens,1.0335399955485105
grandis,1.0130030065460032
quantumuis,1.1017541615359505
dinosco,1.0236006557988362
paupertas,1.0220905671338603
expurgo,1.0808201062291338
cicuta,1.0705029786998363
extorquo,1.0578831234850308
iambus,1.0136844735772348
renuo,1.0222189158087407
inuisus,1.05490198346937
acidus,1.0292314028034217
sponsus,1.0540575604645985
humane,1.050609388808953
calidus,1.0277110883251086
gerulus,1.1662952857306719
lutulentus,1.0334412528519827
sus,1.0244052853429928
bacchus,1.0080434547235875
conecto,1.0280155602922108
rhetor,1.0201135566281294
mirabilis,1.0530453217916818
molimen,1.031637289435437
pungo,1.0190968404699363
callimachus,1.0293913618628816
mimnermus,1.128120404273018
inritabilis,1.3573360085434127
obturo,1.101190323039674
patulus,1.0067587041621497
uestae,1.0284235267809636
uocabulum,1.0113407105540004
informis,1.0149180199740941
adscisco,1.0228026516809545
genitor,1.011909094495061
luxurio,1.0199887126025926
compesco,1.016042632423134
satyrus,1.010276785900314
delirus,1.1991005967909087
tragoedus,1.0369117793936014
sessor,1.070458445347091
plausor,1.1981117253900722
amabilis,1.0232722051387646
lagoena,1.1058860566418356
puteus,1.0189039875272259
elleborum,1.0712643067527157
bilis,1.08057047615723
meracus,1.0937768049937175
nuga,1.0290526207321042
modulor,1.011887428324558
quocirca,1.058062989537817
libra,1.0151112094255708
mancipo,1.0676405231848483
uilicus,1.0283132166059321
occo,1.0607577419080723
temetum,1.129105801713349
arus,1.3319705495155285
holus,1.0184119121762303
permuto,1.0168108296807727
quiduo,1.2257606164246446
calaber,1.055071680686104
lucanus,1.0260123217741632
orcus,1.0309562489234767
exorabilis,1.0719172664564047
gemmo,1.012894022595511
tyrrhena,1.0373966890918807
sigillum,1.10547602560623
gaetulus,1.0444733088428653
murex,1.013920084762797
herodus,1.0802924408061838
palmo,1.1935120787387705
inueno,1.039317950568452
hilaris,1.0551928505676973
inmundus,1.0657317500631096
saga,1.0556428692327198
lemures,1.2793506225820894
thessala,1.0132013416576986
grate,1.0280290405733212
fa,1.6289807054152012
potus,1.1336044840888966
lemnia,1.1108131236739454
no,1.0083644427519383
po,1.0234939377203691
iactus,1.0214630508748657
peruigilo,1.023700837426172
lens,1.1020349581718845
grandus,1.0285957840438933
uenefica,1.0699426203862865
haemonius,1.0465082958277498
aesonis,1.047493153952102
vio,1.0812550414309272
uipereus,1.0149150115654781
terrigena,1.044139321505508
iason,1.009650380935456
conubialis,1.12676481624272
pronuba,1.0209855252807658
hymen,1.151207122255291
infaustus,1.0137665513673375
sanguinolentus,1.119626818110533
uillus,1.0780259855084895
spectabilis,1.0362825797563504
aeeta,1.6178691769465339
lemnus,1.03767772484001
lemnias,1.1427993025179066
urbes,1.1328398877667696
messis,1.0107420306514103
grauidus,1.0209693089391934
adgnosco,1.0348046898370622
concauus,1.0391168543302285
caerulus,1.0099455815073441
propuldo,1.2925418131161297
abundo,1.0140577284383894
uiuum,1.0229487054259057
argolicus,1.0233447945010794
refreno,1.0414227922844208
pasdo,1.0645768562943176
discingo,1.0400741736857493
acus,1.0427368042383658
thalamus,1.0055324851376157
proco,1.172243105151445
ascribo,1.0323580422898917
pelia,1.030322295059577
imputo,1.0188343160015716
aeeto,1.182743294643173
nurus,1.0164864749421467
uda,1.1461326633014781
phasis,1.0556188248949931
redux,1.0257147416243342
redimio,1.0210902915325275
ingeniosus,1.0718326242816636
dotalis,1.0487283933446578
grato,1.043777428978539
gemella,1.2013032364813416
medeo,1.0570538360284067
colchus,1.0124253287850715
deseruio,1.0239068834682392
infirmis,1.1744916330536908
obuia,1.0126333391035247
gemellus,1.0680018863100944
nonne,1.031900234239629
peius,1.039282798173904
exspes,1.6727827090515253
viuo,1.0813250092295255
moriturus,1.5427356266835666
elisdo,1.0867674535443177
abiectus,1.0303301411135553
didon,1.7962477246073028
dedignor,1.056564286357542
innascor,1.062117735599459
progenuor,1.6183720141483462
duritia,1.025812013273691
robus,1.0214905399028875
uincus,1.0323273609008015
retinaculus,1.0438833528725804
aequoreus,1.01155571612363
uiue,1.069743823340302
phrygius,1.0167474209994638
decepo,1.1055775759569857
saeuitia,1.015469043573272
ascanius,1.0514108665489326
commereo,1.1466193344581361
faio,1.0096177535418611
elitto,1.126840419635692
procus,1.020063689775247
gaetulum,1.1598754759009366
iarba,1.0787427719313678
grauida,1.0158281141902767
teucra,1.1172542470198223
rabidus,1.0129326107514376
patrium,1.179147580821208
simoentum,1.1389945869770406
abstrudo,1.0191260594777565
pygmalio,1.0859800019651862
phthia,1.068214999234043
mycena,1.0874588383947559
afrus,1.0203254831051551
plango,1.0226174317181405
lanio,1.0156860541931185
gremium,1.00904568914732
anno,1.0949237815075321
elissa,1.188192477762666
penelope,1.1068176437008757
ulixe,1.085255323776068
attamen,1.0428604728211446
prio,1.0242529374624618
lacedaemonus,1.1012244392144013
spatiosus,1.0156411075521452
antilochus,1.1237380631578608
tlepoleo,1.1135113910941208
tepefacio,1.0402627403108062
tlepolemo,1.1105264398133794
frigidis,1.1637134445425927
altarium,1.0216394541518328
nympha,1.0131293887919874
ladior,1.0840032590105764
pergama,1.0219727712971705
simois,1.1446666127214986
celsus,1.013414813001793
aeacides,1.0154604388315982
lacer,1.0284638746983368
rhesus,1.0610757374561681
ismarius,1.617123612023719
disiengo,1.0449233398501363
lacertum,1.0168669119755038
reseco,1.0297750114503221
ruinosus,1.2150721762555488
moro,1.046129104025684
spars,1.8339920257299964
utiliter,1.0241746547842692
etiamnunc,1.0389062502128625
uanesco,1.0306687742159812
icarius,1.0414087645303112
penelopa,1.1116057848871397
ulixum,1.2224665132136459
dulichius,1.0961962017620586
samius,1.0273252632666967
zacynteh,1.0685862798905887
luxuriosus,1.0141192695775632
pisandrus,1.103940986339523
eurymachus,1.3163224947807155
irus,1.2708109755691117
telemachus,1.058310071459769
longaeua,1.0679829863340424
erudio,1.0208329505081586
iuuenalis,1.0314515829568545
graias,1.0217896564329043
anhelo,1.010635480757994
aduncus,1.0337219326882363
inexpertus,1.0554512091765762
bimaris,1.1780404349782996
scythia,1.0214353145769612
niuosus,1.0690647597537761
pelasgus,1.0305860892264629
uomio,1.030581341256981
solidus,1.00927714500666
praetento,1.0439722130370332
naris,1.011659837030615
adflatus,1.158236291935301
succumbo,1.0164745273623943
numquid,1.0554549938886062
peruigil,1.039152639133141
picea,1.0365128048489665
delubrum,1.0099734877095388
barbaricus,1.021744603556383
misereor,1.04826951220137
dedigno,1.05965696534372
pelasgum,1.0449919388975661
aeripes,1.101833175397407
inadustus,1.138454569007156
uenenatus,1.029825073784663
medicamen,1.0209176810296745
seds,1.15225045482985
terrigenus,1.0688942091871094
squama,1.0705975219020745
flammeum,1.0181562899850443
medico,1.0201020818582316
uirginitas,1.028910813463821
dilacero,1.0546567553550943
extimesco,1.0243839564133506
uomo,1.0173651449136947
resorbeo,1.1069802065091603
trinacria,1.0772301191898013
haemonia,1.0750945509678098
funereus,1.0212794969260353
frequenter,1.0261190008713061
pompa,1.0127377431155002
abscitto,1.2793347209580954
sertum,1.01293426197426
inferiae,1.011399849313792
utilus,1.0637603816274455
sucus,1.0080707107705293
auita,1.6933040612936487
flammaa,1.0168987152340825
graia,1.0239967500103149
nuptus,1.0362258074776902
actutum,1.0883453639886809
auctio,1.1383192390369063
vido,1.035390368370697
demophoon,1.1047103367871247
rhodopeia,1.0668873883286554
pago,1.305212106878668
actaea,1.1062640762164395
thesea,1.0424831421206793
canus,1.0121594518228982
naufrago,1.058285571691727
turicrema,1.196131107171668
demereo,1.1183904024847053
sponsor,1.034158282307214
simulare,1.0738767372822582
antipho,1.1375071631450526
iugalis,1.014345699823923
sciron,1.075895819072783
toruus,1.0102929077050267
bimembris,1.286142421209938
cretto,1.1458162707230468
despcio,1.1407233467713531
armifer,1.190426643643202
thracen,1.202244744125526
spumesco,1.124278747310799
praeconium,1.0162962708095145
threicius,1.049582024370359
subiicio,1.0886678256824964
latissimus,1.0575067769194317
rhodope,1.0583014596953946
glacialis,1.0220076340434967
haemus,1.0344702226613456
hebrus,1.0548436170616762
tisipho,1.0967747966658528
afsum,1.0581506763953634
allecto,1.0223922781582966
colubra,1.0965718534538202
sepulcralis,1.432141180993784
fruticosus,1.161360670494578
calco,1.0116226877450336
adsto,1.0360760020542163
suppono,1.0173210982293734
proieco,1.057565838409399
adamantus,1.1534607640009922
inuidiosus,1.0516187273352036
nuncia,1.0894615867946253
telamo,1.046162111697522
sor,1.037839549856732
lebes,1.1239700116843945
superuacuus,1.0366707435966926
tenaciter,1.1260662489193876
mollus,1.013233895121224
compenso,1.0406855223693952
aquosa,1.1089785254100348
fulso,1.0690665990540822
nubifer,1.0689478749829404
deserta,1.0702492837931947
deuoro,1.0475724256162595
canesco,1.0536020108423463
pulcherrimus,1.016249977436476
famula,1.0203696662241493
exagito,1.0179180267703474
relinquor,1.6380634291547909
agamemnono,1.1620719343535126
aeacis,1.033378362763429
puta,1.0956092735532064
oenides,1.0892493891270458
felicus,1.0105197017183252
mycenaeus,1.040045159584156
quare,1.0863543809815255
citharaa,1.0646830576374684
threicia,2.30800213119799
clipeus,1.010101973409319
acuta,1.1636156221414122
uibro,1.0123401694328011
hectoreum,1.706837517101728
fabris,1.0785318167611084
legatum,1.1086401118498206
phoenix,1.0138175197884336
teucrus,1.1528789787453002
soliio,1.0737021056117093
comminuo,1.0458962829859546
peleus,1.031034748072358
briseidus,1.1787577064060586
fosso,1.218293939891689
clare,1.0416987051486089
neptunium,1.0720560373224313
ma,1.1410099273454604
amazonius,1.0820969281149118
miscendus,1.034910843180857
medulla,1.005205527942101
nequitia,1.0193834696007746
graue,1.029842141602116
peus,1.016067676733664
libamen,1.041508324509876
pomarium,1.03118138786119
adulterium,1.0063996161849913
praesigno,1.1373645020208178
delis,1.0221838518111437
rete,1.0244784109083167
tremulum,1.194874576107018
gramineus,1.0243507450976561
idaeus,1.0110479231871397
semideus,1.068362405615246
dryas,1.106865910961282
faunus,1.0215690348187552
attono,1.0113436368454443
pasipha,1.0409505169878057
uterus,1.039239472578356
philemon,1.1168731416337612
maccus,1.118513727267503
titus,1.0285715056438893
minoia,1.0597320643746884
cerealis,1.05682917534118
eleusin,1.106755070478617
gnosia,1.1046934612233685
uestus,1.0748763430816066
uerecundus,1.0224329642233514
phaedra,1.048851979177021
compio,1.131726797099924
rigor,1.0134022029631773
recuruo,1.052366756603129
uenabulum,1.021315555841263
corneus,1.036160466253237
incingo,1.0696994213292015
requiis,1.1120991006278635
durabilis,1.2024250875235507
reparo,1.0129271678698832
imito,1.022654894227868
aurora,1.0082621503129616
amandum,1.1615666720439004
cinyra,1.0918818067642044
maenalis,1.1298566137009565
atalantus,1.1120869374718494
latebrosus,1.0481672802711492
aper,1.0169617729251856
isthmon,1.1592766295410866
heros,1.0157191364785167
pirithoi,1.44965129582572
pirithos,1.2040738611611697
claua,1.022055760992258
perfringo,1.0255919711309693
reuero,1.4216208658751834
priuignus,1.0377467237823101
coitura,1.3968437083812208
iunctura,1.0386024306834507
elegantia,1.019731988441444
infortunium,1.1181161135671984
praequam,1.2988825124525283
uallo,1.024669938011229
dotale,1.0487375055758588
agilis,1.0317740116218679
satyro,1.1163053874664945
insomnium,1.4967704361802503
ineptia,1.0238311528457649
excors,1.063208809950244
desidia,1.0180144429129219
dispendium,1.0327486747321841
multiloquium,1.2169433000361662
idcirco,1.0312488282811172
callide,1.023518976067156
oeno,1.0573251008784943
dolendus,1.0584431376930552
reuerentia,1.0133392186824561
adulescentulus,1.0153876116801541
requiesco,1.0308723143101939
stramen,1.0634583687429289
fenum,1.1057241793792774
catulus,1.0421060843751568
distentus,1.053716026778626
fagum,1.1650854962577397
fluuialis,1.0382876723476864
cortex,1.0073059814184249
xanthus,1.0243566867002944
decentus,1.1339353199509015
attoneo,1.0352765782565716
reuorto,1.133699470458275
abies,1.0432474830742628
secta,1.0262022259683257
parce,1.0274570065272106
ocellus,1.0446716702165244
ulmus,1.0163604236515178
suscito,1.076384114502134
umo,1.8425186819346537
nereida,1.1495046648994154
ephebus,1.0373208098825717
cla,1.0573506890305926
fuleo,1.0156694523713037
tremeo,1.201751553439256
madidus,1.0082714818196754
querulus,1.033581828415181
iden,1.4438915875743785
armentum,1.0205723867095289
dissimulandus,1.1380673576338598
ultrix,1.017658207965607
iniustitia,1.0459888772607053
hectora,1.0195386472305574
magistra,1.0215520535172644
rudimentum,1.0305853295484058
lacaena,1.0321192456724697
atris,1.018761127850052
temero,1.018366847593351
reparabilis,1.0730213030712432
andromache,1.0521655284606892
leuus,1.0314115075443242
arista,1.009013222191149
assiduus,1.0194493136594363
rigo,1.0139619377235822
musso,1.0369356840532198
conloquor,1.0466929339934374
iom,1.1729592366082178
flaueo,1.037114074526848
diriguo,1.1955899212860581
proteruus,1.0365559674321607
conspicuus,1.0161829457054452
medendus,1.3028054568496386
medicabilis,1.0946843797459962
repertor,1.0541446508863888
fecundus,1.0091625874915615
oresio,1.0641711623413215
danaus,1.0208088508470043
orestus,1.0498993981914202
excesseo,1.1425409997162923
cohibio,1.1449202520798456
peplum,1.1684881530602964
paridus,1.0353175295939827
atreus,1.2684778061581887
tyndareus,1.1697592573431657
neptis,1.0747875148672648
aeacida,1.029444987375548
inscius,1.0118848040345076
menelaus,1.029819890337287
praepeto,1.4545294392985613
genero,1.0129674098822614
dardanius,1.0643850449767789
opu,1.6072320968653102
pelopi,1.0437798966113145
aeacido,1.0519209772174292
aspectus,1.013370862867204
metreta,1.1140966507074725
tumesco,1.0202049918558564
hermio,1.0997808332897412
flendus,1.0410125235104348
umeo,1.022355956275635
fluminei,1.1950660796717083
pollucus,1.028208097275066
mopsopium,1.111990526230463
leda,1.0422647611634177
etiamtunc,1.316672387843355
pelopeia,1.0620743677978792
neoptolemo,1.1748438066774134
offirmo,1.264905422074664
quoduo,1.3347861950976099
obuium,1.0363074795951603
orestis,1.0160220194820335
troe,1.1683903400009026
perfruor,1.027212672838231
liberior,1.0556458582462738
stupeo,1.0185196753527785
oblio,1.0165707934251977
praemorior,1.1045277153095234
tantalidus,1.0807177620508754
tantalum,1.1048172758350197
infitiandus,1.1141448150465056
frego,1.0714414991021517
ambio,1.008000090362557
laio,1.2181538233215403
atlo,1.0312833758977358
cuna,1.0353182323753178
adnumero,1.0248386863468346
paruolus,1.1122279727070445
paedagogus,1.0450412785056147
operor,1.1016546867557426
aucupor,1.0576274400387113
amphitryon,1.097378622081195
hyllus,1.807773162893167
parthenius,1.105069064445307
lydo,2.2652120457989007
maeandr,1.1610882849658892
suspensum,1.0480794723499742
monile,1.032298332776899
nemeaeus,1.1214129634792511
tegmen,1.0103918399307472
crudus,1.016443058535146
diomes,1.0163497104255408
efferus,1.2166593966819137
equa,1.0170830407269313
busira,1.0986410737298702
antaeus,1.1186454329689508
redimiculum,1.0740330673988203
calathus,1.0318523815082528
rasil,1.1811730050845333
torques,1.0727961156034354
hydrus,1.1801634087086736
inuoluo,1.0151284686412114
threicium,1.0875836842636828
affigo,1.0325349246118274
hibeo,1.0738506866872135
geryo,1.0532601110287727
digero,1.0336981122821864
redundo,1.0166074446070599
faux,1.0585339597512424
peculium,1.065890322397017
mensura,1.0192727988954546
costa,1.0261301720833067
lernaeus,1.047902591597075
colum,1.1023133630827742
qualiter,1.121107297882199
alcida,1.0485366798745046
languida,1.0144129800623285
achelous,1.061477126655045
limosus,1.0528984112025894
semiuir,1.0735286984945454
occubo,1.031725028557021
euenus,1.2448373711438883
inficio,1.015359466938604
equinus,1.0182420599141282
decumbo,1.035367748916587
acceptus,1.0231573190391166
hilo,1.0793521062824856
ampliter,1.1875978355800212
agrius,1.2818558117587229
tydeus,1.0674916857994448
nedior,1.1037486709068702
arundo,1.0551740030410155
illino,1.0388626343686531
discubitum,1.1455053711814305
pulchrus,1.027232547343502
gorgus,1.3948160765344026
pruina,1.015383555791482
theseas,1.0351281328619244
uosmet,1.0518145369592977
postridie,1.0150004204662395
puellaris,1.0378455847683816
frutex,1.0174847194284256
metior,1.0306711802565827
tento,1.0354358019552865
languesco,1.0364755367863456
plangor,1.0308843493776125
uelamen,1.0229909328329154
torpeo,1.0133473590672855
ogygium,1.1971325131638642
profusus,1.0186582615236168
aeolus,1.0327692090629887
periurum,1.147654835127212
illac,1.0625580015122746
tigrida,1.355483793302088
phoca,1.0586693536173881
traha,1.0833956593698602
seruolus,1.2048983006247551
nodosus,1.0363465920406245
aegeus,1.0453040676053866
aethra,1.0302993903275557
ih,1.0003304977386573
paratus,1.028584622143633
officiosus,1.0426351949883557
unguo,1.0613302712015973
uolucer,1.0088792498273256
inhumatus,1.0514510614962789
cecropius,1.0504918344831387
saxeus,1.0207314042283422
surripio,1.0307759172263864
articulus,1.0410287368507205
relabor,1.0561161411900262
oblniiscor,1.0288484104567233
libellus,1.023038715757502
truculentus,1.0191754632216465
experio,1.157557826606735
pigritia,1.0676530923676992
zephyrus,1.008768664490339
infestum,1.230995355193021
tepens,1.1137587296529383
praesentio,1.0495134122609138
anilis,1.0345442181334021
tacisco,1.0587966968644194
enico,1.7957691807503986
suspiritus,1.0985065557938158
suffero,1.027758179951114
anhelitus,1.0122867230684787
uiuax,1.0228556552636119
lucifer,1.0158672953010157
refoueo,1.024725513669346
carissimus,1.0263252681857333
gratare,1.3717885989539316
albeo,1.0215914286069196
oliua,1.0317134814135
uagitus,1.039946008052179
reuelo,1.1554834999466241
fraxinus,1.0278244806909695
quassus,1.262462850682223
irruo,1.0354837959086913
pudibundus,1.033947198068133
expedite,1.023593099251988
exquiro,1.021114901670646
atra,1.0388993023110367
estis,1.0542025425200652
reformido,1.023886512578928
laodamias,1.05298616932367
protesila,1.1127904787166056
imperfectus,1.0180431674600285
boreas,1.015802651164165
exsanguis,1.015228043048939
succiduus,1.110993930436928
grandaeuus,1.034041066378024
restio,1.2763828094895562
periclum,1.0220965448135162
uorto,1.206091383987321
pampineus,1.027827629086982
saturo,1.0565324819887367
formose,1.0941769172012805
taenarius,1.0914622817038484
menela,1.0816049012697686
tenedus,1.1007632547031811
simoum,1.282209177387462
ide,1.127900085083863
ledaeus,1.0375618272702272
sanguineus,1.0128861952458654
hectus,1.1124757741079287
dispar,1.018029453603072
cursor,1.023020687471783
lien,1.0906834005350436
danaum,1.0238930736664402
troada,1.071932265129132
praemoneo,1.028244584103802
reluceo,1.0288122592958617
languidus,1.0154701499077814
apte,1.036364004750028
uens,1.0449816549750066
neptunus,1.0069366520942715
subitus,1.016167743228129
domin,1.530342291669251
charinus,1.1659486228925091
inachia,1.0301280800445325
lacrimosus,1.0464919113585296
quocumque,1.0212387161179184
rea,1.042828321353321
temerano,1.1556387031003534
crepusculum,1.0250080538801374
morient,1.3680297591770236
gracilis,1.0099459462843534
populeus,1.0409076334642686
sopor,1.0130684571124375
credibilis,1.0367841356333738
patruelis,1.0362129433726213
dinumero,1.0366275714545223
cogno,1.074784209914691
iunonius,1.0819390791725185
iouo,1.052829100557157
caespes,1.0118996955353223
stupefacio,1.034939890734653
exiguis,1.1979400295107732
crucio,1.0263438526361226
sons,1.025626642352388
consanguinea,1.0692476307901113
sculpo,1.0934608597605784
depello,1.0154851471245139
litera,1.2266126107196096
sapphus,1.1304680981926625
lyricus,1.050595901945979
elegia,1.1509777731127315
barbitus,1.2561181156599084
aetna,1.0086302698329286
atthus,1.1315810790640366
pegasis,1.0902912236488185
blandis,1.5637017825989457
grande,1.4513802944593577
turtur,1.0290765431226407
lasciuia,1.0211893607766807
crebrus,1.0304382263399638
mobilitas,1.0234023490188346
sicelides,1.0658584958126665
lesbo,1.1122193458972216
sicanus,1.0501165209362133
accumulo,1.0513503163566809
lucidus,1.0164989155040778
gemma,1.0100224336838537
arabum,1.04019940422272
uiolabilis,1.4291583739578104
lanugo,1.0293523305507986
astricio,1.1620119718175725
exululo,1.151550527000722
exstruo,1.0144219964150738
candidior,1.1099458788439245
consuo,1.0463675105729968
sicca,1.0828731649579861
enyo,1.0724545353721022
ticio,1.1530084425494154
siluus,1.013878173986434
maestissimus,1.0766077711124256
sappho,1.0842766910268713
perlucidus,1.0450686841791021
expando,1.0679634751900136
aquaticus,1.1725627893453805
lotos,1.2881697828451808
excelsus,1.0432149834012374
leucadis,1.263581595011534
deucalion,1.0359298859176602
pyrrha,1.0698833965187946
illaesus,1.026118498800074
leucadus,2.106156212713641
desilio,1.0133203065639504
penna,1.0082123448023799
chelys,1.0281157259664728
poetria,1.0962977735646589
actiaco,1.2238196277803843
salubrus,1.4539962195025034
amatus,1.0499034717020332
famelicus,1.0986830903605274
resina,1.0761575135122514
mel,1.0379250723884181
uoro,1.044948591582894
indebitus,1.1004301966174588
cytherea,1.0162457299844962
sigeo,1.0601237959942913
nimirus,1.2177235909732402
remoror,1.0354851380139432
opacae,1.683572519577287
ida,1.0595373108067878
capella,1.0218096950384674
pallas,1.0442447339049457
aetherius,1.010638950886302
conualesco,1.0265401605951445
pinetum,1.2162356855643883
gargara,1.0690164633552284
innumerus,1.0128828931190172
robor,1.0423598868149788
antenna,1.2331301956893699
genetrix,1.0066092644179157
propositum,1.0265189310977694
cassandras,1.0200336727767785
flagro,1.0119691543081994
oebalis,1.7952714889154622
lacedaemon,1.025780778973165
attoniueo,1.0918418719383656
intumesco,1.0370652882824505
reminiscor,1.034400829630945
praeconia,1.2312262612035965
palaestra,1.029672626379533
apago,1.171970339899156
istiusmodi,1.0836124410566859
cruciatus,1.021609966429855
obeundus,1.06009546107177
phoebea,1.1044857594467965
canorus,1.0177659969104038
densus,1.007453329246005
philosophor,1.031971894705407
anchisis,1.0958497958526763
soceo,1.034039855476655
myrtos,1.2152102644505993
pomum,1.0081351014638833
arte,1.0408553255160689
ebrietas,1.0274050349975812
recumbo,1.0403170529562122
reflecto,1.0286669862726199
petulantior,1.0803607535498123
pura,1.0490869053228922
tortilis,1.2219339009058379
resupinus,1.0479163366660686
hippomenes,1.1260859001120904
schoeneidus,1.5646399103661353
districtus,1.0463489769960859
cresia,1.1619594191399685
currendus,1.1764043957424763
actutus,1.1481530932291457
commoditas,1.032674490935639
gressus,1.0205247097378471
adoleo,1.0451802094993368
cinnama,1.065681723580952
ilias,1.0963070864490099
colcha,1.6495249504028044
palpo,1.0883363976794997
uectum,1.1675170960381618
supercilium,1.0183404535923883
tor,1.0426257349307502
delinitus,1.2671566396770888
tantummodo,1.0557147430927936
succenseo,1.112558989337025
obumbro,1.0721556511978823
primordium,1.040736780294529
acceptissimus,1.1161539600701844
sicina,1.02885282700305
amplego,1.0457876686285192
tyndarido,1.1098160667439565
palladius,1.1898498469533938
bibulus,1.0386854424633436
proscindo,1.0251197856936376
libeo,1.0288597042721075
rusticitas,1.0479404241327634
coipio,1.0228370722057465
dardanis,1.179912669160601
uberior,1.020830776522959
centaurus,1.0228482967908206
audacus,1.0651963924611199
ast,1.0092677948760151
forsan,1.0164293877535195
abydenus,1.43712847319422
adeundus,1.0563246696139532
adporto,1.0765287416062703
labellum,1.0355997410694484
uigilantia,1.047116319850129
aerius,1.016221477098302
moderatior,1.0505952440590816
obmurmuro,1.4972311352599774
agio,1.1914312081079057
latmius,1.1154753810698612
endymion,1.0369844581042533
dimoo,2.2342714746721017
alcyon,1.0545831693785728
uido,1.0806219798914278
spectatrix,1.0707820111959327
hellespontiacus,1.1115959893216072
alga,1.0323712555409938
thensaurus,1.1119680474193223
breuus,1.0289671025476375
tithonum,1.346757656660609
praeuius,1.0440734982932043
natator,1.1082237905508443
delphi,1.076749901436647
attrio,1.0906076082438654
helle,1.1347511283448755
phrixum,1.0912162289608454
laniger,1.033249805633045
helicen,1.1045103363245645
parrhasus,1.2073847499273327
ursa,1.0188046806479822
polus,1.0152813089401882
calesco,1.0451839860213659
uicinia,1.0203940554555164
plia,1.7056304905914497
arctophylax,1.8552940166902432
olenium,1.8754014813211768
inuitas,1.0785194754568461
tactus,1.0173646513722936
digno,1.026437098973827
interitus,1.0308802320860828
uoto,1.3043251384073522
pernocto,1.032663494587496
leandres,1.1062927444892303
patienter,1.031690197575015
rogito,1.0627703609407244
uenandus,1.4906943203473912
genialis,1.0199004781561614
hamus,1.0222487501270408
susurro,1.0312384327541253
sicco,1.022364491374577
abydon,1.2432683226320163
adsueta,1.117242491640434
leandrus,1.2205683452363345
adneo,1.0138697799930299
obrepo,1.0289086049369929
umidus,1.0144107106654567
uapulo,1.0689787965557624
tractabilis,1.0377492271722388
supo,1.0913198614275141
thrimo,1.415866326115971
patientior,1.057910339643048
iamdus,1.033059765158496
hellis,1.0854915316963716
inuido,1.0716091674450643
neptuna,1.0795808883761064
tyros,1.052450728914841
medusa,1.0620163478907312
laodicus,1.1606775773704754
seduco,1.0687343334048913
sternuo,1.1179130922882448
instillo,1.0492983763509691
desertor,1.0230731521729917
obuis,1.0453427548592205
dormito,1.0594386897456345
puluinus,1.0576429082416283
illido,1.0508295038710516
inuiso,1.0369841376290225
iaciens,1.0587403039454908
spondo,1.0427121777295159
dolosus,1.0520769834267871
dolum,1.0338297114532586
paridio,1.0450373728259397
pudens,1.0477577012353352
telamon,1.0346649300159358
sereo,1.0185278991822742
actaeon,1.0797166476944804
periurus,1.0604172821330995
animosa,1.3208944994667913
febris,1.0380125356790948
macero,1.057758534053939
profuerum,1.2227140126454563
effingo,1.0201073540177497
adsideo,1.0225911908959409
saliens,1.0485383836854854
contrecto,1.022876608783054
praecerpo,1.0377335009487125
postmodo,1.1597444654833744
scriptum,1.0958193042900868
testificor,1.0476565504199378
grauus,1.0154458111054216
ignorantia,1.024659925020069
anxio,1.0091637408292515
pauo,1.0210384028309487
pharetro,1.1253406179145184
flagito,1.0133676187882956
cea,1.1984217923236133
iurao,1.245272745140478
uersiculus,1.0186791671286295
effigies,1.0163189265503525
acontius,1.3692423821621607
consuetus,1.0183970756591847
apparens,1.0646082686070373
medeor,1.0189968151976465
cubitus,1.1265376130602283
secreo,1.0968586912853584
excreo,1.3017731571732154
commentum,1.030627999867802
laudator,1.0843314920983518
persepho,2.036855352898524
fumosus,1.0678398305429957
acont,1.1259670964395818
sublimus,1.0139990138764434
peltatus,1.2516491983639617
penthesilea,1.0383582947896957
balteus,1.0205581700630595
exulto,1.0334349507672558
nuptura,1.096629481402967
thalamum,1.0088662670781054
stillo,1.0377822216963033
unguentum,1.0242416820277538
spissus,1.0230137009021332
salutifer,1.0459318841967506
praeterio,1.102583430718077
pigo,1.5698546866815495
superpono,1.0250031693005208
uio,1.2788455733624249
lato,1.144972056135052
ingemo,1.0097868677154103
subluceo,1.4589403622216097
contrarius,1.0116371445318844
reualesco,1.0980462790081544
libens,1.0084249311025693
codrus,1.034371110831342
cinna,1.0376125854224267
dulcus,1.0332604962936869
nestoer,1.0983289994074716
tra,1.3304123900185703
hilarus,1.102562634865359
gratis,1.0264561898757372
bimus,1.029590290690278
plumo,1.0386816484520518
supernus,1.0402955723365672
admido,1.104407237108448
persimilis,1.1117343216467002
uicissum,1.017801252430874
inmitis,1.0349831139592607
prŏfessus,1.0722557632925376
pannus,1.0180095012187802
pluuius,1.0236887196532403
enato,1.034334442992149
urceus,1.0273054480777781
prŏfiteor,1.0376598187072001
turgeo,1.0185791001454902
prodigialiter,1.7418808187616952
delphinus,1.0192544077158334
adpingo,1.6697877703877795
nasus,1.0633950749919345
spector,1.0582581359682404
umerium,1.0500293719043872
potenter,1.3020749345071025
cinctus,1.0525995618250763
pudenter,1.0748906671450447
adquiro,1.0251424607049568
ennus,1.198481033962145
renascor,1.0174029639476982
norma,1.0444908656630336
emiseo,1.1003153733334392
grammaticus,1.0141373533042335
archilochus,1.0567242021872782
cothurnus,1.0351029703500525
thyestus,1.1209687204510916
chremis,1.023003595497013
delitigo,1.6846223184028737
ampulla,1.1994828641740594
sesquipedalis,1.0824639548402135
dulcia,1.0088819192190464
adrideo,1.0500239173555383
nugo,1.4683067054289278
absonus,1.0899103032974022
agellus,1.0381223672919617
assyrius,1.0408960090214376
inexorabilis,1.0433797082081961
inus,1.1147933303299353
persona,1.0272837466050537
materies,1.0158250388778005
imitator,1.0656210076248371
cyclicus,1.877773379163979
promissor,1.2194788762912503
ineptus,1.0135267255407139
dehinc,1.0408685634505046
cyclops,1.021883695332865
charybdis,1.050148991921274
meleager,1.045675948466422
troianus,1.023438495566611
ouos,1.0807813941790974
nitesco,1.1142673532436405
ueris,1.0747456536364268
cantor,1.075069956824101
conludo,1.1897791366613626
apricus,1.028268847072766
prouisor,1.57420605985997
senilis,1.0191232117888993
cadmus,1.0358067683732635
incredulus,1.0707131277554855
productus,1.1350173616114563
consilior,1.210036545849928
aemulus,1.0126976416044178
sedile,1.0424351448659877
numerabilis,1.2748113528403224
utpote,1.0193450077223034
luxuries,1.020326724151772
eloquium,1.0515211793833052
sagax,1.027169781748364
inlecebra,1.01546295877656
nuba,1.1308874295159235
tragoedia,1.0204687198157547
dominao,1.6539307978316702
pythias,1.087263555462235
emungo,1.1528292292765518
simo,1.3841617860267048
fictus,1.0399779820335378
inno,1.0863977845722363
forensis,1.029052936323684
ignominiosus,1.0215915530195963
frico,1.0891866651821493
cicer,1.0524781944657562
syllaba,1.0061667626921742
citus,1.018236003638097
trimetrus,1.1486693216879011
adcresco,1.0476896545522487
spondeus,1.0319013131985288
ennum,1.1364874218467502
ignorao,1.5322853490126078
plautinus,1.0750883506574314
faex,1.0259215365106753
insterno,1.0583276292119896
obticeo,1.8800861800596662
intempto,1.1440947549485194
lima,1.0632677014649925
pompilus,1.1034868868481738
fortunate,1.0471089349378437
helicon,1.0460878147521238
balneum,1.0296657382384897
anticyra,1.071444783529046
tonsor,1.0377626429804738
cos,1.2035194222377712
exsors,1.0447981405236342
socraticus,1.031662727803626
conuenientia,1.1695363169219277
ualde,1.0946165289991678
oblecto,1.0255267730131432
quincunx,1.063346615540658
uncia,1.0729058157883378
triens,1.1327516226422636
ehus,1.952080911007456
uerbero,1.0403071833721653
aerugo,1.1209897670326345
lino,1.0939498252747863
cedrus,1.0733946967422312
iucundus,1.0136656098143948
punctum,1.0636072297480588
delectandus,1.4247379974778462
sosius,1.3607302380748458
incuria,1.0295534555780128
librarius,1.0462093436884088
citharoedus,1.0270962086024704
oberro,1.0291390369365188
pictura,1.022815496750772
poesis,1.258531264838768
absto,1.882344704634332
argutum,1.5864390098788763
aulus,1.032799598828052
discors,1.0426262532856256
papauer,1.0891853216817475
membrana,1.0449474200837592
orpheus,1.018345954805251
amphion,1.0614041303190358
negotiosus,1.053699614374898
complico,1.0594813742200184
tyrtaeus,1.1053380082351463
exacuo,1.0442288751925732
pierius,1.0475156522809785
laudabilis,1.0349241218602683
pythius,1.03634755228509
scabies,1.028994933842985
fenus,1.0307923199250137
unctus,1.0604371217615431
inplicitum,1.668373702146871
pulchre,1.0885522655376718
pallesco,1.0286311001263255
ros,1.0216363435523257
conductum,1.0684345931193366
derisor,1.0954108380878658
uulpes,1.0354591912622861
lembo,1.2429570870089874
pauxillulus,1.1435122447680404
sodes,1.0856516132722809
mulius,2.027278672915056
torno,1.0843795702339216
incus,1.0370381725517326
insumo,1.079383424391667
riualis,1.0701330272338556
incomptus,1.0759403229882911
adlino,1.2770812799969795
aristarchus,1.053604723645369
derisus,1.0524229347085268
uesanus,1.0283471265861424
ructo,1.045614427834961
uelutor,1.4740943359025607
merulus,1.0838476542109883
auceps,1.033194828586828
deieco,1.1300499911190813
empedocles,1.0370403520143248
insilio,1.0457520120509571
factito,1.023725698497534
bidental,1.817034744046924
mouo,1.1319228008497981
cauea,1.0274791557986693
clater,1.3703944695489152
smaragdus,1.04000434915454
beryllus,1.0487972962295045
percandidus,1.0891101616493397
margarita,1.03100826356895
perpolio,1.1331246633156271
lapillus,1.0299236956503857
debilis,1.0130118143540423
coxo,1.3553106741317524
tuber,1.1239145943090338
gibber,1.1392255281013381
germanicus,1.033593544771761
auersor,1.0328560598756993
pagina,1.013743274225959
nefastus,1.056383865195644
honoror,1.0438646473970543
nono,1.110313599826344
aether,1.0067705452627156
iubar,1.0132200657627342
festum,1.0199171565827154
concolor,1.0460693563049543
biformis,1.0323346658280272
mirandus,1.0234339380891746
rigesco,1.0237907302761418
chea,1.1709733834343703
massa,1.0417080190305317
globus,1.0108345950779007
letifer,1.022524130210497
cerialis,1.8191093255774515
libum,1.128968886564481
far,1.010574483446296
clusus,1.057586371488489
uetuso,1.028951578261502
palmes,1.0220879519209973
concentus,1.0330945614494
hirundo,1.0258700965682497
quaesier,1.2025357501957492
nascentia,1.0424510786871735
delibo,1.045456944547003
carica,1.0639753137060097
mellum,1.0095301500056924
sapor,1.0094964977655618
ocior,1.0179426695177027
vernus,1.0271324279109497
tabesco,1.0300543354801477
stipus,1.0660858605868424
stips,1.0451443339011564
martigenus,1.2111253755977947
ulua,1.0720071962915942
stipula,1.0677942951992836
suffundo,1.1522241822898618
sitio,1.0105341878643015
alloquor,1.022859334539711
falcifer,1.1582615599429058
caelit,1.0869059418336269
placidis,1.1435074904331226
rado,1.0213956406077862
thybridis,1.0814041869017772
guttatim,1.1270405640705947
contabesco,1.1093899855318947
oebalius,1.0450682935893358
armilla,1.0396286955390173
fontanus,1.1120071832472378
sabi,1.1627351542144535
quaesitus,1.7491790630851547
obdo,1.142238251614343
caesareus,1.0303514652671868
clausus,1.0269594031531049
coronis,1.3776513617157446
diuiduus,1.054464193963102
exsero,1.0552635347898176
fuco,1.013182862990719
peliacus,1.2553849837625897
occiduus,1.0295549718942536
culter,1.0232481149867965
praeuideo,1.0615991006168737
agonia,1.4023363892288043
lanigera,1.0780036121041214
mica,1.0808433626429215
murra,1.0717584021787263
euphratis,1.0262629900699003
crocio,1.057960239570016
laurus,1.014671205584061
porca,1.036960423011609
sata,1.0224588853653505
caper,1.0291137859968964
rodo,1.044496327905243
aristaeus,1.1429754885770687
fauus,1.0225175243363596
proteus,1.2199052940459616
iuuencis,1.03427405832153
ruricolus,1.1067850054431456
persus,1.0174528795055837
hyperiona,1.3170612382806846
cerua,1.0319640871033644
triuia,1.0329348486133012
lyaeus,1.011644769585901
silenus,1.0302490288076689
naco,1.0384720563190368
nais,1.0445388573164718
pecten,1.0205577354993187
sura,1.051673573050223
dissuo,1.2636847645356337
inexstinctus,1.9408809961541504
priapus,1.0390621521111172
irrideo,1.0188751525074378
lotus,1.094845255335744
taciturnus,1.0740572703240652
niuea,1.0369254299087423
traco,1.042641544986324
rudens,1.1252822727230045
silenum,1.1136580364424418
hellespontiaco,1.219139214648143
innocuus,1.0143544083400782
anser,1.0115268076173975
cristatus,1.0534576569411618
delphin,1.1045878551809618
pontificalis,1.0779172442372775
turnus,1.0450576826790507
arcas,1.1698917245224614
natum,1.0541854525662868
uiriliter,1.0947859573207983
prehendo,1.0353149101446844
pulndo,1.0275978468558986
aonium,1.0338090075234718
doco,1.020522847446542
carmentum,1.099504786850729
naias,1.2319274595937109
chor,1.057496245202343
euersus,1.0460484201268423
praescius,1.0353597620573087
ausonium,1.0387920719458732
tirynthus,1.0189825805236108
mulciber,1.0171530896028977
spelunca,1.0238870124683506
inueniendus,1.1550383380770282
squalidus,1.0234560391120247
praestruo,1.0565184434308945
obex,1.0221400096284752
proflo,1.162788099446385
rapidum,1.0296249800239246
aetnaeus,1.038419093048506
ruricola,1.0664258356368903
gratissimus,1.0283296040494714
augusto,1.024017125286397
coreo,1.2300790900537981
auxilias,1.1174279280920376
quernus,1.0881639485294767
titan,1.0183009578655104
ausoniae,1.109019796974716
nupto,1.142157224492241
scortea,1.3681481244086242
adsisto,1.018227475534816
latia,1.0214880521471552
sacratus,1.0408071551918592
colis,1.054848657542074
capricornus,1.032890651674995
coronor,1.1085506697668948
praesepe,1.0377731062678475
pagus,1.0199112043678897
utilior,1.0345456215980895
formica,1.0243843316947587
scabra,1.1071129358116365
robigo,1.0304218981948656
pinguus,1.056503873000008
lolium,1.0657092071021042
auena,1.0309383206091485
triticeus,1.042085565446659
uomeo,1.0427389429111353
sarculum,1.0752523384851038
rastrum,1.1793423660549471
iampridem,1.0830873602614508
iuturnus,1.0540426605033681
actiacus,1.0360940455218426
aeneado,1.4646009282291932
perenno,1.1820837111919982
lamento,1.0237210135299433
bellator,1.043146747164368
habilis,1.0352376742926404
februum,1.0871261031252546
piamen,1.285458727475838
purgamen,1.2138041842244096
torridus,1.013540808190672
flaminicus,1.0706576447621923
intonsus,1.046549748867474
feralis,1.0125366562278018
phocus,1.5563467834027682
ah,1.0800066227365344
flumineus,1.0696582282895553
contermen,1.0600972696385909
sacratum,1.0476821307021116
prouidus,1.0263197432086488
thybrus,1.0748251789916121
adoperio,1.0598087807915115
gemmeus,1.0720001410827822
lepor,1.023601092957853
lea,1.1898246164217796
loquax,1.0166509366648013
accipiter,1.0288875928559558
arion,1.026219676079156
obstipesco,1.0162982408338372
ausonus,1.7112225460281014
destringo,1.0182984238154824
abio,1.1503530551741359
romulae,1.0259125655152037
nectaris,1.146042549552194
hamadryada,1.1051957298374369
callisto,1.0871240602721761
chorum,1.3528261866105233
estus,1.1797016026915723
lycao,1.0553351578522543
deciens,1.0206606753636358
implo,1.123027230633234
arcto,1.0806257384642417
tethyn,1.055245746694844
ueio,1.0206001382479593
gentilis,1.06896095172936
cremera,1.117404782380278
inhonestus,1.030539497711061
custodela,1.1747763493263872
simia,1.0683370300447375
pluuialis,1.0420968281023255
prosilio,1.0112145303455082
latratus,1.01946157906167
fulmineus,1.0283084265287776
cunctandus,1.0748926642803678
coruus,1.0311301796000738
crater,1.0542754128820404
ambedo,1.5776482182217575
affor,1.022253234768032
cratera,1.0271848120891918
recuruus,1.4439801940487471
aerium,1.057197645019694
peruolo,1.0562717317697414
ficus,1.0237280722308137
densissimus,1.0587145816824983
longum,1.0620721490753564
obsessor,1.1363779588999119
fatidicus,1.0231886433804445
monimentum,1.0574992447206557
panus,1.0543879180025197
arcades,1.0726329446428917
arcadius,1.144672860570038
pholoe,1.058331968670194
ladon,1.076204041091901
pan,1.0283423361930653
nectars,1.0731493082187518
deteco,1.1034115543861047
maeonus,1.113490846090826
umbraculum,1.0324822474972766
tmolus,1.0858248130265717
hesperus,1.0220167236504065
roscidus,1.0216150675595692
tofus,1.1088602990163212
laqueatus,1.0755807400890072
pumex,1.018555910665716
teres,1.1963904088904134
relaxo,1.0196639388459914
fungo,1.0464460897899936
fuluo,1.1821232737819185
saeta,1.01386763556445
sponda,1.2525692756633784
haedus,1.0267581591859187
infit,1.0472551494427653
inrido,1.0763805925502488
cornipes,1.0236591135178617
salignus,1.0810339079571758
pastoralis,1.033613539602408
strido,1.007653914946624
indolesco,1.1390710671526605
quintilius,1.255293872056996
uestalis,1.0280914072225174
albulus,1.1672972022033712
linter,1.0531978270141231
circus,1.0182141274860261
insco,1.7160479873543713
limo,1.0434664707758827
arcadium,1.2552709553179573
lycaeus,1.0647564381172947
uerbera,1.067712205466499
italidus,1.3229861487649082
etrusca,1.1412812797314673
exseco,1.02763063962247
resumo,1.02321279313614
lucina,1.0566081369430151
aquarius,1.0135935297594345
typhona,1.08015445037605
dio,1.0184647089554657
palaestina,1.1566144922612547
canna,1.050095948254101
salix,1.0278845554139477
insono,1.036990098500738
armipotens,1.0286853402607188
romulea,1.093265552654033
intercideo,1.1277989415215175
atla,1.0467658801018338
proculus,1.0518227797041757
trabea,1.0547404304457402
neglectus,1.2267129707012625
primitia,1.0524292064320493
cereo,1.0172589828474894
admonio,1.0823286908049243
fornax,1.0275221985911422
styx,1.0852609398936062
porrego,1.1986954486097647
spardo,1.0923202870765922
uiola,1.024663742449867
parentalis,1.201901353803338
castro,1.0368371885604162
licium,1.0387887273834793
faba,1.0126543037555609
us,1.058782798525637
nao,1.2241611882200392
naidus,1.2207064421067215
mercurius,1.013274773485241
manes,1.028496029211682
ko,1.0362175513735434
inuisa,1.1287055588419928
iaso,1.0240063750396884
tereus,1.0319607863640474
patella,1.0703226824721335
larga,1.2067989589595811
raster,1.049298310724645
transieo,1.0562219909927968
defodio,1.0394684374184489
testum,1.241478569582324
construo,1.0228166191508408
lacto,1.0275249675491986
iudicandus,1.0490071419353355
lesco,1.0375458500679278
othryado,1.1314383743590515
uomer,1.0789545035239692
rastrus,1.1044744166413325
lauro,1.1700975812691947
lanigeo,1.0847549505006508
tarquinius,1.0111139135305935
recondo,1.0239981250034331
gabinus,1.1156427228274306
altar,1.1150237496934505
intellectus,1.0293057873701383
ardea,1.0531047453191518
collatia,1.0541321990546924
quamprimum,1.205353981690523
reuico,1.1029946540587965
praenuntus,1.195837822330168
placitus,1.154397926307741
fatus,1.067353550760956
collatinus,1.046181291024844
uagina,1.0302805358151288
interimus,1.2486540877507397
tarquinium,1.0191333644915108
tarquinis,1.1389178078100095
praenuntio,1.0598804865418643
gradiue,1.0795924898086096
cassis,1.0254813899864623
uentum,1.0184216797859285
canora,1.930872278764787
picus,1.0518239007274588
amulius,1.0853237741714639
creuisse,1.0999975150879728
ferinus,1.0281786702340623
larentia,1.0752305624312088
romuleus,1.014335335658026
cecropidus,1.0497438400220245
hernicus,1.5652985696040416
hyada,1.0556803327593456
atlanteus,1.514636588949064
arctus,1.0169131382976788
cynosurus,1.042818922609188
sidonius,1.0909051658834645
percenseo,1.0487082683303433
maniplus,1.136686772468347
indocilis,1.0192573180603244
adusque,1.0724255374747078
ramn,1.2226497672025234
initus,1.1476234335983178
quintilis,1.0857656448680193
oliuiferus,1.150032121244193
praenosco,1.0349774315271645
consummo,1.030763124750407
elementum,1.02666240431118
consus,1.1511608343856516
lituus,1.0246013529424984
nata,1.0265808633888542
salium,1.1552927765624226
uallus,1.034905480733839
lorum,1.0538831579804977
lapidosus,1.0352135284752866
haustus,1.013255435404937
muscus,1.0357881593842422
releuo,1.0243454915274768
hirsute,1.1535032715976046
donarium,1.069547145658499
caedendus,1.1020381432843966
cepa,1.0916935275646953
cynthius,1.1415296150215932
oculeus,1.1923329790564436
dehisco,1.0226103259943686
cliuosus,1.1165089397094932
troius,1.0507086101321275
dignissimus,1.0350306189788376
croceus,1.0136054709462012
booto,1.0311407630687588
uindemitor,1.130508699454658
gigantus,1.0720886461542118
pelion,1.0241971004307653
uegrandis,1.2616489525222427
uescus,1.288741520202263
gorgoneus,1.0572127675529277
caesa,1.0882935449980915
aonia,1.1013688781333335
baccus,1.0116079873854826
bacche,1.0876252824210848
turpe,1.0885827778131039
inquino,1.0195441613966791
mutao,1.463584289837079
transformo,1.1677961644546553
eio,1.529184284522871
susfero,1.2289029986326734
eiengo,1.2170924089653512
caelius,1.0414029466786459
puluerulentus,1.0537515004946796
anna,1.1062664104731623
perennus,1.7154591276189248
thyber,1.184588864626755
disiego,1.2832429611086855
frondeus,1.328466233146346
desuper,1.0627958093810905
ebibo,1.025222582936121
calix,1.0470207815066694
titubo,1.017120098833434
aenea,1.0675215042970416
maurus,1.0128443698966028
mustum,1.0071667785359597
sororia,1.3575242546011768
germana,1.0461379754482178
nago,1.0506034019148451
bato,1.0705800328833641
perosus,1.0480187160477417
piscosus,1.0612231266113912
nouies,1.1006134149907953
adsilio,1.1121293991005636
moderator,1.0267942289729608
phoenissa,1.0948971285049538
achates,1.0606607710778722
cythereius,1.1108804228137747
tartareo,1.0567329879800296
lauinis,1.1921097377704986
exaco,1.116881097265464
squaleo,1.0142700892052872
sanguinulentus,1.4807664794160045
exsilio,1.0290909349646458
recinngo,1.207766579886932
damma,1.0342797967937924
corniger,1.0276261706193963
numicius,1.2040787868048672
sidon,1.106603960136123
numicus,1.1898592981303484
inachius,1.110680167487645
defectus,1.0354933824511035
gradiuus,1.0277307932531448
se,1.4280647499050494
sacrilegus,1.013741252840442
ausus,1.0932957597717956
albo,1.0466499678123562
scorpius,1.0228469248838743
scythicus,1.010390501235043
turifer,1.3817964803147396
lycurgo,1.1683339543893922
gango,1.0237085204926697
heber,1.522908231641009
rhoodopen,1.0389439506336753
pangaeum,1.0841956208289023
floridus,1.024655043757832
tinnitus,1.0582417152668182
inuens,1.2012927424722726
nixus,1.0374010510406246
crabro,1.1738042613366644
simus,1.301854573767421
claudico,1.0282513272036606
limus,1.0187126921089977
linio,1.0512559141391191
opertus,1.0496376428734138
uinosus,1.0847743786276143
studiosior,1.0305864057593173
d,1.1114155019433456
commentor,1.0610762072108362
argeus,1.1869335837957105
miluus,1.0624315684966024
titana,1.168848868331013
briareus,1.1007912052265159
exsertus,1.078400236953177
tela,1.0263767537865394
planta,1.0210007479858514
epeus,1.1926108978082743
phoebeo,1.0513922856611793
mereor,1.0401620640537403
capueo,1.0786039289042202
clipeum,1.0691338400432722
hereo,1.3828890923544042
ouus,1.1670349326196776
sceleratus,1.0457434730852146
nouercus,1.044463035125555
delphicus,1.0228925739455172
helles,1.2700536751066325
draconigena,1.5778933377774986
nitidissimus,1.1389058240804508
clauso,1.150799664113772
obiurgo,1.0210994891220861
myrtus,1.0183219106160741
patuo,1.0311920357621178
adoptiuus,1.0483478532984258
nasco,1.0477948034868254
electrum,1.0334581861068097
tri,1.1331818346070235
anchises,1.1140218599655964
agrippa,1.0367501154178398
remulus,1.0899869901004573
numitor,1.0426529492584997
amulus,1.1283086348764404
spuma,1.0638527256682093
cirx,1.1591761878138345
atridus,1.033832068568613
suasor,1.0792941968725125
liuor,1.0139374873312328
decerto,1.0334758838609082
tritum,1.1344686032739246
liquo,1.065699662171776
efero,1.137704942934426
rubesco,1.035027873274292
taco,1.0458965437918732
plias,1.1136669812844358
merope,1.3172664023740484
berecyntia,1.1195975293229075
litigiosus,1.0348547955868888
scitor,1.0609851496876024
cybeleia,1.0983958010486903
helico,1.094308592354523
alumna,1.0929214233683486
assiduo,1.035481175617988
rhea,1.1916922849625813
fertilitas,1.0331899292960351
resono,1.0061338170133796
uagio,1.056764804421663
cures,1.1096971479225708
corybo,1.056797421591107
turriger,1.0459829429105907
mentiar,1.0497651871260412
dindymum,1.0410946289281082
trango,1.2981249427430357
dindymon,1.0951843061071553
cybelens,1.1695628956992261
edomo,1.1773822015395248
paean,1.04954230047677
procer,1.0076538544260731
adytum,1.0262901102557953
caelestum,1.1282919411926504
capax,1.0176799367744833
uasta,1.0635557843897099
cyther,1.244057102946643
candeo,1.0122160603684958
brons,1.8708416627294042
steropes,1.1890360901861314
irroro,1.113433649247896
conamen,1.044456077722917
influo,1.032467697106666
almo,1.1961578851043009
taureus,1.1305707876992355
erao,1.1000951759903401
concelebro,1.0450634112418895
megalesia,1.6786282271054596
siquus,1.1541766733695238
caseus,1.0238015384713022
magnanimus,1.0137751886838113
ensifer,1.1699909314143229
orion,1.0100270549153374
inspexo,1.1998176661061344
eheu,1.3591048768773117
pacificus,1.1557625771692537
micus,1.1928413660143629
docendus,1.0390942648333952
trinacer,1.1536068573298852
cereor,1.0437464546858617
aspergo,1.0260473979236033
prolecto,1.1103427723056267
uimen,1.0166200113349522
laxus,1.0278349334400139
caltha,1.1877717089264033
uiolarius,1.3642579587737076
uelociter,1.1168492754186616
ministra,1.1330083486452158
hennus,1.2137660729511983
gnao,1.1255533687035788
leontinus,1.037038044348336
cyane,1.2232496242877653
caminus,1.0375235854701075
didymen,1.40364291556398
lilybaea,1.542982362477271
uigilis,1.0295708303025606
conticueo,1.0733663346953315
typhoeus,1.1308989401758995
structura,1.0356332383310354
syrtis,1.0112403124371072
immotus,1.0190726370098095
celeus,1.1470050168261015
incomitata,1.480987253274955
quus,1.820549734484427
potis,1.0324068948902454
sco,1.0284491221238952
inuigilo,1.0535528519786406
soporifer,1.034350321441633
oblito,1.5852727721638868
gusto,1.0172773020870258
ieiunium,1.026795800014309
pallor,1.0189818378558815
liquefacio,1.043146033714752
coagula,1.050957206290152
aliger,1.042737646744773
libys,1.1701440171586366
meroe,1.0482828739013854
hesperius,1.02868956618579
rhodanus,1.0147504971923098
pas,1.1618007437312596
sempiternus,1.0967402386832175
helicus,1.052693875266574
proserpina,1.0093218337379513
siquidem,1.0441762329205602
inferno,1.1480786883289453
tartara,1.0152297017640033
surreco,1.1109397116533737
nascendus,1.1774709482066836
poueo,1.3687498613074562
fagineus,1.51879971375199
fecundis,1.0659622439344116
properante,1.174274200169423
hyades,1.1608218100228895
doridus,1.0910203747724116
carseolis,1.194478061030443
bidens,1.03257883690542
malua,1.0622367631124119
fungus,1.053731645508562
salictum,1.1118527933011615
fabulo,1.3302596434851734
memnonum,1.0369010130436351
roseus,1.0084768186761948
hellen,1.2306116971667689
fabalis,1.160326702074722
hocco,1.1020852706232531
satura,1.075038957405694
balo,1.0655036565922815
milium,1.1232919764294504
fiscella,1.0369943288383687
mulctra,1.0843552502943046
oua,1.105733725980078
uetitus,1.0283748613179848
fugor,1.7657221923384199
dryado,1.1131329082954702
faunum,1.2414209717751108
salax,1.1075111685422556
palis,1.0778545028868873
perluo,1.0802106438364014
camella,1.2128955225089098
sapa,1.0245591801873313
excoquo,1.0444312399014037
phaethontus,1.1207771654863596
deucalio,1.0374819461790212
numitus,1.148741836793802
nemorosus,1.0232722051387646
amoenum,1.0533231959788774
stiua,1.0979282164311477
fundamen,1.0970824012906655
rutrum,1.1329832522960561
faustulus,1.0967826119472652
accus,1.2588736808521304
uulgar,1.1305817586010913
sisymbrium,1.7215018008993928
collina,1.681928439412659
etrusco,1.1559716151541195
mezentus,1.285186752995296
rutulus,1.1052876896306219
hosticus,1.053618552541303
tyrrhenus,1.0681645353311706
uindemia,1.0185497888192272
mezentius,1.2064539168150774
culmus,1.0173915500767658
nescioqui,1.2395134390576834
mantele,1.2172769697166257
acerra,1.091690401967503
obscenae,1.353896718305389
sidereus,1.0149878937466492
tithonia,1.0666652425149223
floralis,1.0492088040599488
praetextus,1.1108888081959323
hippocre,1.1278727123594556
polyhymnium,1.0765531953011884
chaos,1.0229006814453803
lunaris,1.0577026517563426
thema,1.1156134937423514
consedo,1.0513260718804007
fidis,1.070984681037138
clium,1.0549167087424853
thalis,1.044988944823276
urania,1.0963613908795957
seligo,1.1262228728577406
titanidus,1.3227621997164656
caelifer,1.1931530382375841
pleiada,1.0939114508435699
maia,1.0377220114785657
maenalus,1.0797163002626824
gnatus,1.0587924872329015
faunis,1.2128648334235421
inuentor,1.0184511692126605
dictaeus,1.1104056048915725
nutricis,1.110838571351672
destruo,1.0304449349526574
fabrico,1.0173227637909068
lo,1.0955819432762683
exosus,1.054501507596562
liuium,1.1067890942469214
hyperio,1.0768432704548485
hyas,1.0942080310717948
hyado,1.1966815748860022
gra,1.0570396504159019
tethyus,1.160330152800311
olympos,1.0894828111086983
saior,1.2422180781755823
oceanum,1.0119087282985557
lepus,1.024936230201489
leaena,1.0353536921266675
libyca,1.0982018183165425
confinium,1.0138651848000377
efflo,1.0254074317825883
flora,1.0611182854947625
charitis,1.6712083995046108
narcissus,1.0238648303449684
tartareus,1.013441135938297
decerpo,1.012532073111153
laeu,1.0655680137329924
floruo,1.1615440742387213
sceo,1.4793644237761496
uicius,1.1821477622696719
cytisus,1.1036688012628382
depasco,1.0206707345339987
licesco,1.0611311713783522
publicius,1.179337889416547
festa,1.5936298939347855
delictus,1.0478266729505064
dionens,1.1093640906965045
obliuium,1.112252010507023
ario,1.0504512524452245
nigresco,1.0485162345746293
subio,1.1487407356282928
decutio,1.134235905861998
persolueo,1.1687507506185375
liberus,1.0249736749436538
sutilis,1.0497657782889682
formosa,1.114441291281856
floer,1.0646214420640685
ariadnaeus,1.0802708774774696
tetricus,1.0356639886791414
uersicolor,1.0362516006505627
albesco,1.1045219707309726
hebes,1.0280345209755988
naso,1.1322099425068535
chiron,1.037793391524151
phillyris,1.0559204547228247
achillea,1.146382174584576
iustissimus,1.0183093017779061
lucesco,1.054942976466592
concrepo,1.1291671279767963
stygium,1.056352603780884
saeue,1.020979063535031
silentum,1.127591858538073
oriona,1.026642991622537
exsuscito,1.0995380780528943
spumo,1.008523619058176
presdo,1.0165218266426352
lubenter,1.230734019186498
superfio,1.1759945707419233
fluminea,1.0903606651133924
fagus,1.0260061727141767
creusum,1.0567214067384034
circumspecto,1.0730292638949008
scorpion,1.610748605866402
coarto,1.0541979718967522
praeuenio,1.0196813532237823
giganteus,1.0805910074627898
funerum,1.0243970288777693
merio,1.0990821206921673
stellans,1.0580300273090197
pauculus,1.0306093865640293
tyria,1.0628407174060306
pharia,1.032300365327608
roboreus,1.0962320864052637
scirpea,1.0758277938459109
tirynthe,1.041903260804088
leucadium,1.0708816618551973
thybris,1.2428012974687388
arcadus,1.0695084187722097
euandrus,1.104903860705799
heredis,1.2480423387165764
alatus,1.3512738392822337
laeo,1.151358729238048
laete,1.0524193697621609
suffio,1.1362777518231209
abluo,1.0214656628908378
phoeben,1.076290548902396
lynceus,1.0399669585235374
pollux,1.0281889411512357
nausea,1.079469749563926
amphitrio,1.207455222102832
praeceptor,1.0740286669841488
electra,1.0450126375325937
mycenus,1.023594410710795
ueter,1.0228529114139209
nemoralis,1.1030465046098294
aricius,1.445568004323293
apollinea,1.0767458933586678
lor,1.0969947425747353
adiaceo,1.038260107140479
nacio,1.2697386878577173
uisaa,1.309755896870288
remotior,1.0540069023150411
phineia,1.347719209205791
canities,1.0159620928755553
nenia,1.0319225754960017
exsorbeo,1.3866900299617728
infantia,1.014963332448874
arbutea,1.1824445367565168
bimenster,1.3107929128557776
proseco,1.0882916389440314
lardum,1.057993264168947
ostrea,1.023403659988897
pygmaeus,1.1903562026075538
edeo,1.0684420097302947
appositus,1.1037990673389686
praepens,1.141062076596062
taurina,1.108777196480033
madesco,1.0456741235977507
bellonum,1.013157777137387
depecto,1.2200177782742043
buxus,1.0320195045914957
subsecuo,1.2769422828301311
fidio,1.0516338884391088
sabinum,1.076885917354483
pertimueo,1.7529741508340808
refulgeo,1.0147968995774104
textus,1.0827392660339443
intonsis,1.1234731823031245
uolubilitas,1.08999385915878
conuexus,1.0200984844159573
immensis,1.0308019464622726
tholus,1.0430144513800321
inuenia,1.063787563781572
impatiens,1.0108940401221613
scamnum,1.1336518986820021
uacuna,1.4602236271010953
furnus,1.113284551257278
suppositum,1.0947042366081035
pistor,1.023089622582542
pumiceus,1.0693828484086307
asella,1.1376786351829555
rubicundus,1.0246399622029554
praiape,1.0904921321066403
cybel,1.068681914366411
molo,1.0646330619993396
cottidianus,1.063299103955305
coctus,1.0508228562960464
rudo,1.0666606988181118
conuolo,1.0837685383918625
priapo,1.0374426838383883
capitole,1.0529910598902372
exsupero,1.0118860246328378
tenuere,1.3247588211164327
praetereundus,1.071342565181387
ilus,1.3012822471769978
laomedontum,1.112046100700354
adro,1.1214082412184445
prouolo,1.1412434720482618
paullatim,1.0291054534587423
callaicus,1.1181232672211558
exsulto,1.0178347814000899
auritus,1.041583265647124
titho,1.0733693562464277
racemifer,1.1841303589554943
distinctus,1.018259487559332
semelis,1.0536878348196481
athama,1.2124184390449066
cas,1.2025187702542102
tumulo,1.110311983260229
panope,1.0917003471116025
lapsus,1.0180267973581765
palaemon,1.168355759435046
dendo,1.090050797779306
thybridus,1.0433209878071008
semela,1.2029002881130288
arcada,1.096253861865036
instimulo,1.5551952325634426
matertera,1.0728490762438834
uellico,1.080802003126729
resigno,1.0644981647683878
matuo,1.23175570245917
portunus,1.3009973822970011
lenocinium,1.0276562584605826
marsus,1.034574202070947
didius,1.2912096208770445
ingemino,1.0398575741340665
seruius,1.050703674941757
fenestella,1.1087271504334435
tullium,1.0521279840742346
exstimulo,1.4690031369909875
instinctus,1.0244511987213119
abscondite,1.1031111977265038
ocresia,1.3072757369567867
corniculanus,1.1452723463124643
tanaquil,1.0380159394678128
corusco,1.0339096045434495
flammeus,1.0408561004102697
subuerteo,1.0457831706812475
quinquatrus,1.1880901602729066
stola,1.076797931588751
tritonius,1.0481721916631617
uirago,1.03302090040925
pinso,1.2599438683721438
uindicta,1.0222866839566183
allicio,1.061218897663495
admisceo,1.0483399269526994
perdoceo,1.0609787755753017
terebro,1.080930548287665
inuentrix,1.0436669818922968
dodo,1.2063571911718254
agenoreus,1.056750027509664
helias,1.2805830779883907
uolscus,1.2799493184130664
laomedon,1.2240964333629363
summanus,1.0993578108376663
galatea,1.046397139556159
afflo,1.0231207556006556
redhibo,1.0840478758278786
depromo,1.022994114063869
glaucus,1.019759818260559
dictynna,1.2825930353426778
uirbius,1.331456393122577
clotho,1.1234090878654364
litigo,1.0336691980772288
trasimenus,1.2745370869791801
luculentus,1.0502186075408568
tullius,1.0153850921091365
solstitialis,1.0368523109204228
stator,1.0592211059131076
pieris,1.0279643510449692
assentio,1.0909009098634976
anneo,1.0493307311283642
galerum,1.0663823186591812
antistita,1.080681841751361
pumilio,1.2420142002510943
eluctor,1.1090801337595428
obiaceo,1.0692730496374798
cicero,1.008426991955769
proculco,1.0844311573479204
deo,1.1480314733254966
tiphysicus,1.086654619077632
aeria,1.0722374662569418
ascer,1.2909829881304504
instita,1.493882746005538
plax,1.0511415737962433
uenator,1.0363122164608882
frendo,1.0229382894523842
sapientus,1.03924558815668
spatio,1.1495726381526714
adonae,1.0452061899183165
iudaeus,1.0318190014615147
memphiticus,1.082889380436726
appio,1.2715325586055506
fertilus,1.1068083704430751
apes,1.0632197252762294
olentia,1.2762754202955837
cultissimus,1.6452162401355224
scena,1.0682635633405853
ludius,1.1088062882789178
nouellus,1.060683704486716
scisco,1.0981797497528194
linea,1.0204504716565121
coicio,1.090613492581525
sollicisco,1.0896524230831357
uolatilis,1.1946275846118966
persida,1.2202313602186132
caesaris,1.0447320390538064
uelocius,1.026824142425903
indium,1.0228804129366946
pulcherrime,1.1236475983237593
euphrates,1.03021037525223
armenius,1.0154305077589525
danaeia,1.2010350946569839
achaemenius,1.114147182679003
rarissimus,1.0397794657200088
mo,1.1900162771305607
baia,1.024790797732894
sulphur,1.0355611963296782
cicada,1.0672274675381472
blande,1.019358385437793
tectior,1.2607937495134092
admugio,1.1234707748681143
adhinnio,1.0775942666068903
ibidem,1.0203416169466606
adnuto,1.7347730823595588
myrrha,1.0878953247689185
odus,1.2774780257115699
labs,1.0445948531530986
cydonea,1.129765465405932
tenerrimus,1.080786964087439
crimo,1.0895350264408699
thyesteus,1.3386652649042186
ephyraea,1.1221137978759101
laetissimus,1.0335447708186947
resido,1.042373745915087
uisco,1.390556290779256
lacerus,1.0404906076109075
allium,1.1501117466186381
continio,1.071001978171426
amantum,1.0844793144229432
praeteritum,1.0893927549593938
tulo,1.0280987153251715
peraro,1.4209405850029473
teneraa,1.1308556430163133
declamo,1.040826009533017
mireo,1.142913665452761
mimus,1.0246786369561531
comptus,1.0579176775723835
mundities,1.2846529858283398
rubigo,1.0373232470810705
tonsura,1.0766201377930258
sordes,1.0197358312213964
cnosus,1.1697644771568025
mollissimus,1.038520203591165
exanimis,1.0165199789318844
ferula,1.0235282174622635
euhion,1.4201303960366538
leues,1.069439971769239
perscribo,1.0277153692036929
procurator,1.0199890226591866
proteruior,1.2087864392868042
preco,1.0723499309472293
simulator,1.0742980525596932
deprendeo,1.0584274457547935
amantus,1.132658936123098
stygao,1.14642901900641
iuuans,1.1032422753156714
phalar,1.0578433690651161
fortassis,1.2065620249901905
improbitas,1.0250607852547604
rastra,1.0848725118235485
palladia,1.1081615706113814
daphno,1.1797223409406408
palliolum,1.0360117033172882
pylas,1.0282053246340164
myrice,1.2624304569823537
cus,1.0751460163043023
oleum,1.0152170465194819
hirtus,1.0305010755413224
hama,1.0723965411454086
casso,1.05939293152736
ascraeus,1.229255959125659
amycla,1.0393365578349865
auolo,1.0405831507462244
renideo,1.0224454884571859
boota,1.634205486055664
secto,1.1747459137895904
infirmo,1.0783708473261993
icarus,1.0857487107506765
parus,1.1574045827857515
clarius,1.118925578501486
liquesco,1.038131745804862
solaue,1.3680763888401892
adamo,1.0277310450782013
homer,1.0303638045722827
hyle,1.0215457090000386
moleo,1.2541887173508275
astruo,1.1461024411250993
calypso,1.1042124335996915
calypsum,1.1189099821598278
odrysius,1.035970057349655
chao,1.3908131248558078
uxoria,1.0782665409465757
les,1.0519973584088853
obduro,1.1391586182415399
trano,1.0415275922106633
nas,1.0679515785008462
hylaeus,1.106678123147672
contentum,1.1290617299503776
maenalius,1.0419981910443716
cedendus,1.152372178795416
calculus,1.0211597125694882
distentum,1.0912773413425654
perfungor,1.0391089382409215
caniculus,1.0943456383937715
maritalis,1.031320208107989
castanea,1.0322954109992777
tunicatus,1.0738003761869128
torseo,1.083521953194805
desio,1.0280150563633232
uenereo,1.2894693437356515
morosus,1.0836183901307965
taedeo,1.0290581120532147
combibo,1.0915895400301168
quotiensque,1.0502942814444431
sorbeo,1.0168481144731862
laodamia,1.8607677417544495
lentesco,1.1483795100027585
stupor,1.0376044997205176
aonius,1.0555391941502101
conueniendus,1.4797364185635955
chryses,1.2559950213019313
satureia,1.085800990391526
urtica,1.0325498581854695
bulbus,1.0449832821644633
culpandus,1.1416676516715243
threicios,1.0521822230467148
fluito,1.0130231301655468
comprendeo,1.0587913513063223
sulcus,1.0095130198846893
leporis,1.0476061785801793
hyblum,1.1100560373580624
baca,1.0192688976806812
fel,1.0241245776540078
blandio,1.0435524688589715
dedecet,1.121060402440602
maledictum,1.030269147517757
innuo,1.135568956921223
mene,1.037586981132017
barbaria,1.0252539712114934
notissimus,1.0167657834386459
uulcanum,1.1058778195088521
lemnon,1.6833743711382823
neptunis,1.0639556788291653
paphon,1.190690238012912
tacendus,1.0294893952973614
tantalus,1.043950451291039
mysterium,1.0751175616337476
cista,1.1034402927245963
uesanio,1.2081718809590474
laeua,1.0778155182878726
mysticus,1.0907007016553643
andromedus,1.0171638197723138
coalesco,1.040512354413407
menda,1.0961353966225065
rauus,1.153542609776624
proximitas,1.2182620923863121
peraco,1.067243082045363
belligero,1.044589975228276
platanus,1.0269831654547315
uico,1.0249439318229538
odoratus,1.0357439097659324
myrtea,1.5964575978346995
telamonius,1.0301781767143308
amazona,1.144852202896015
fo,1.0165640178658961
rabida,1.0623611316466766
lysimacus,1.0576522427209094
helenis,1.5903976369480912
cumbus,1.1442216289954317
iasum,1.316001793761791
senecta,1.0165085232751523
harmonia,1.0436151752643807
contero,1.0670930658924824
quisue,1.0428438134461782
prostituo,1.0284589571264968
pentheus,1.0557354036564335
neclego,1.0845080564911727
aiacus,1.0428987849207616
tegimen,1.0674285222747202
phoebos,1.0735977385946986
effodio,1.019655138924021
mol,1.0107331404870252
insuo,1.0723620629175747
admoo,1.1051899783082004
elego,1.0990285543293188
laxe,1.0871927466119222
alpe,1.2215163805370977
rapo,1.1559021663396005
excutieo,2.088765346039981
segmentum,1.0838018636475042
paphia,1.0518120311904613
amethystus,1.2664898218618226
grus,1.0463930932084307
amygdalum,1.053575148229904
cer,1.3972886935173285
tepo,1.0711436579432927
cepheus,1.058178440256104
caucasea,1.1264880687602097
aluta,1.13279307647298
laesus,1.0322965543015945
redoleo,1.0271031881663466
toxicum,1.046200536294809
myro,1.0672704424792723
collido,1.0485352381926152
brattea,1.1402137691494083
crinitus,1.0331833121458658
mutilus,1.1194304929821146
pharium,1.131458289806324
scapula,1.0366225114537064
rictus,1.0181188474147325
lacuna,1.0357818286435025
distorqueo,1.1647864532434897
cachinnus,1.0183120831124246
inamabilis,1.1003777256822571
incessus,1.0185439762250115
extensus,1.08025154077287
uaricus,1.4884074803911027
canor,1.061293681174074
niliacus,1.0307179736481915
arionia,1.2407192040922426
eutychus,1.083445053891931
lasciue,1.2741348115547206
cuiue,1.056528556477642
uarronus,1.0941570081070402
tessera,1.0201212479697557
prensus,1.063911553606038
reticulum,1.1019725626354993
mouendus,1.0621629225647171
facesso,1.0258175955076652
gyrus,1.0675827087553253
maculosa,1.0917505018135305
contiguus,1.0596641267351328
danaens,1.30460141934328
deuolo,1.1219153992926212
lingula,1.0699075492398569
tenuissimus,1.0434394735465657
spoliatus,1.1962785712380886
boo,1.1808057246627635
cecropis,1.3977145158410744
these,1.037897847470759
aconitum,1.1037769911020023
monendus,1.0962512831470115
gorgoneo,1.0809526951243649
comis,1.081203198624079
aiax,1.0175670435039033
hilar,1.0281585700757925
nemesis,1.0347168728652338
eoe,1.0614013100548845
corinna,1.0985065557938158
insidiae,1.020062015226739
conuenienter,1.1218310786336825
compar,1.028375617740719
uafer,1.051224955484702
umidulus,1.3992182593088267
sistrum,1.0446524161066555
arbutus,1.0549697761998813
myricus,1.1209860969312757
cytido,1.4059713752706924
cydonium,1.3805355144915687
cornum,1.0749324019294586
euolo,1.017080389418499
utrum,1.2279273801225439
praesumo,1.0290532519154576
capa,1.0584335889262662
madefactus,1.0378834650719624
atalo,1.2377985780808667
longissimus,1.0283544383247816
thebaio,1.1720918443731898
uterum,1.0195022800108968
phoebeus,1.050509791555668
tripus,1.093613320465057
ammon,1.2280662484058291
gaius,1.043226205614334
sexagesimus,1.029809270754407
klimakter,0.9999997615814777
quantuscumque,1.0634978047613814
felicissimus,1.0602104848076581
n,1.0856410052659091
nt,1.0799325155467212
kai,1.0264263606535713
sectilis,1.0760590180980445
uulo,1.0732637493954693
perduro,1.0524231987795887
misere,1.025797775716059
palea,1.0278446307587537
eruum,1.1326961006778806
madefacio,1.077952080612841
as,1.0456629790023082
puluereus,1.0496692305035695
farina,1.0301112557408454
sextans,1.1465241296588176
mellis,1.0242264250556368
afficio,1.011158216589869
frigo,1.0579811882684091
cerussa,1.054393285454594
nitrum,1.0553405349526965
alcyoneus,1.1995047325382686
cubus,1.2835237364297247
marathus,1.8369422427771993
scripulum,1.0997062222172407
ammoniacum,1.4565366111481914
masculus,1.0383203155581728
affundo,1.3980109286266156
toties,1.1528849996729056
tydideo,1.116602568944845
tepeo,1.0399431717455472
nodo,1.0244236752211486
mortifer,1.0267967426414255
salutar,1.0591960289846143
philomela,1.0213413581796262
parin,1.2050158236644335
vnde,1.0281542224960336
assertor,1.0542836279910364
subo,1.1292581797470216
sanabilis,1.071770726170417
impatieo,1.0578681818760767
aggredior,1.015755480283536
impleuo,1.2050582345136531
paluster,1.034330744467493
affluo,1.0335235052881078
cupidineus,1.1918612630824572
desidiosus,1.1911186587965008
tondeo,1.019188403088957
dempo,1.3043268622647166
fauo,1.0884293155777032
flor,1.0418756973900845
riguus,1.0686397105658743
insitio,1.0431444771007958
adopto,1.0173951284519858
frondosus,1.0289457094460808
dedisco,1.0715122555869667
sabbatum,1.134560358618436
tristissimus,1.0259479485341185
cingulum,1.0550860125833912
rebellis,1.061875526397587
cesseo,1.0533177732858898
podalirus,1.1486142729489177
petulans,1.045238878896832
dentatus,1.0384107376861063
finco,1.079470583019851
stomachus,1.0121752673810827
zoilis,1.049945325569291
perflo,1.0449474200837592
altissimus,1.041223400954162
pharetratus,1.0347334012291933
thaidus,1.1611125525537331
epos,1.1461596766992774
gyro,1.0662827581240808
sustento,1.0193412298199374
bipertitus,1.039004495771609
thersis,1.1530881636133856
agamemno,1.0172377654283673
profitebor,1.5628400416503572
explendus,1.9166012176207148
diffidentia,1.042921280815419
eryx,1.0799342534037575
uuus,1.0813059135335066
nubilis,1.0562092240622982
palinurus,1.0869538964369208
trieterica,1.1499558961915133
singultus,1.0345098982275374
deuenio,1.0210169653261576
contagium,1.0129467380540298
nonnumquam,1.0350659313147557
recalesco,1.091985494620363
mercimonium,1.134884997050027
esurio,1.0335908066863846
fineo,1.0390879579697831
effluo,1.0194978814259685
deso,1.0827872030747483
emorior,1.0249894551527525
canens,1.1553533206356517
fugitus,1.0857210973271685
refrico,1.0589562866301563
pusillus,1.0371914623865137
capherea,1.1946277547396782
charybdo,1.1575212488346112
tibullus,1.179800738109619
lotophagus,1.142645894394099
sirena,1.112443538929287
medicinus,1.0225982340247826
eruca,1.0528022773419623
ruta,1.0658810450899934
restinguo,1.030851918679691
fesdo,1.0525303565495567
certissimus,1.0413779306571769
cancer,1.0130575684878362
quaue,1.2627803209017898
scitus,1.2421599518927424
indefessas,1.6951776922863184
determino,1.0569334369190784
cretaeus,1.0368795450965105
arctoe,1.6943718533282863
incunabulum,1.0309711368668615
phoenicus,1.1934323581818775
pecu,1.0671130203603714
nutrico,1.297850594619416
haut,1.0225097968183332
abrubo,1.109691422844599
cynosura,1.1306376830346552
squamiger,1.125152319801232
helex,1.0870852475223725
comprendo,1.0724162146067895
inocciduus,1.1907460133198313
ophiuchus,1.042743803563693
chela,1.0652664617646204
arcturus,1.0244304308524164
consanguineus,1.0201835272976607
deformus,1.0906346909026232
rarior,1.023991125076919
abscondo,1.0351041837426016
rica,1.3083179078786675
oblitum,1.0851263796667125
effor,1.0197490952327755
armus,1.0280900842150402
fulus,1.3830077628626845
contigo,1.2487819750166433
rudeo,1.1323020970367097
erichthonius,1.0138616312126854
haedo,1.085991389856892
morientus,1.1576194070735522
patula,1.0310004071836887
cornus,1.0434538156506976
compago,1.0332972789470098
iasis,1.3383105261629678
cynosuridus,1.1007077912011036
cassiepius,1.0686717034638225
pernox,1.0858447714370518
clauicula,1.2317606763209266
andromedam,1.12652672050451
sonipes,1.0189584443765296
superemineo,1.04949489837696
sordeo,1.020036649590276
lupor,1.0490178987898653
insignus,1.3070221484309938
adsurgo,1.0204584163531085
pierium,1.0631907529894369
musaeus,1.1351443039622502
pernicus,1.1388711113452286
deltoton,1.0570936643371043
cepheida,1.0690493643771874
boreus,1.0329641669423952
hao,1.051833528437571
nodum,1.0776731065215117
ulna,1.0151571534045658
deuotae,1.0912099122757095
cassiepia,1.1120292951023418
poples,1.0153527075168842
pleiades,1.7784326398026482
uetusta,1.0365126127386792
taygeo,1.4131837726778667
immoueo,1.1420260657950205
mercurialis,1.213570197697928
dexterus,1.061236686322412
interluceo,1.075050530312773
ambeo,1.085763326057253
innato,1.0386838348280563
adsulto,1.1338199881706328
prospecto,1.0296014744277706
instantia,1.0767742960719584
fugito,1.0477985334881519
armiger,1.0223312239835074
excidius,1.0668955297799096
capricor,1.080995110939263
pernix,1.027087908704037
sirion,1.1448632183460177
rimo,1.2221603513179522
aplustrius,1.1394807085757708
nereia,1.1516002452121208
eridanus,1.0283297301087537
interiaceo,1.1143419549093514
directus,1.0189472431172448
defundo,1.0448636647032883
sagittiferi,1.095662220900998
turibulum,1.0586082985190275
chele,1.0358954740156403
nubigenus,1.0848391908420758
subtemen,1.0479036388277372
nor,1.0676102904165503
lacteus,1.020500252186897
transuerdo,1.4156375434022284
diuiso,1.4053697887666856
flagrantia,1.0475150636495973
intorqueo,1.0210514521876615
hiemes,1.0565243648624054
sider,1.0298131266490562
spira,1.02743970307332
hydrum,1.0574999112825916
lanificium,1.0432836826985907
palladium,1.0357304821613047
aestifer,1.046408365071754
saturnium,1.0352998325966962
duplus,1.0166571589206714
sagittifer,1.1844003694699867
tentus,1.1540757638198569
titanium,1.1406959685616083
concludo,1.025585388252458
imbrifer,1.0459335143468473
solari,1.1385370031977298
tethys,1.0332205347181525
subiaceo,1.0293172175306964
defugio,1.0730723641980031
procyon,1.03744229892819
sirius,1.0274119558421246
deflexeo,1.2559163250251937
properaro,1.1687847846062638
argo,1.0599297019852405
fugeo,1.1253615270430075
latonis,1.023204618285005
chion,1.7782279318204581
panopes,1.6863647251256866
remeabilis,1.1193105504052203
cygnum,1.1703103678662874
peculiaris,1.0260132629633183
flexilis,1.0758275178990206
uenerandus,1.1121594043245653
exurgo,1.0431237875481958
seta,1.143224094386288
pistrica,1.2216933892725823
ophiuchum,1.034342796653796
squameus,1.0541062366070795
circumroto,1.308802399983649
citatus,1.1760184762271666
duodenus,1.0608366192267127
intono,1.0155548531178047
permoueo,1.0224041783415083
putresco,1.0276465646959407
cludo,1.0230552474430046
saeuissimus,1.0235060508823044
poenio,1.0157731304130075
belliger,1.0574225957023828
gleba,1.0160455244549083
glomero,1.0176535783677185
concretus,1.0166681866701652
phrixeus,1.1553386017160383
commisceo,1.0481112936551757
inconstantia,1.0325727995379608
mirabor,1.1230500084510484
pestiferus,1.06732272313991
aestuo,1.0095475237009246
autumno,1.012630894302662
cyllenius,1.017173070100068
scorpio,1.031840196906303
sereno,1.068656047125488
ningo,1.2467435495581054
quidue,1.0694780801251051
tonitruum,1.0571020566378122
pharius,1.0267990677957128
tyrium,1.0244410648969595
circumpono,1.0981684642177243
adspiro,1.0517608633643754
crescendus,1.0372085187620304
dissocio,1.0250743760489205
circumfluus,1.0228379452201948
congeries,1.0265483260202573
ardentus,1.1286629609701708
temperies,1.0406242647975987
levior,1.4235858934695949
onerosus,1.0501544477696507
fabricator,1.0573001802750168
tepesco,1.0791248093369177
trio,1.0580175502400515
efferuesco,1.0387298794724804
agitabilis,1.6341838376166022
opifex,1.043352780352907
moderantus,1.8173685639257688
inaro,1.2076418262660766
tenebrosus,1.046048354906413
iov,1.0207558728603692
feruor,1.0116872279885636
saevus,1.0308729477277891
peior,1.0473118945432862
insulto,1.0133840230229767
inritamentus,1.2606147019879692
nocentior,1.257095639192346
omnipotens,1.0502809999182423
inmaduo,1.904397242819725
notabilis,1.0601170303077598
caelicola,1.0162231390611713
supeo,1.0501907996282784
caesaries,1.0241909105859943
semides,1.2416063694467379
silvanus,1.056456505243803
struco,1.7496905725044833
inpis,1.0477915970156841
perhorreo,1.214566385040314
olympo,1.019854351816955
inhospitus,1.0185579512975655
dubitabilis,1.252423408467817
necopinus,1.2250241978775964
experientia,1.0310794833618966
resolueo,1.3816098623456003
seminex,1.0278890896403077
hortamen,1.093149014419321
tridens,1.043469845527775
intremo,1.0305224700698101
exspatio,1.1947756141012045
arbustum,1.033409552235202
mersus,1.0905284239970885
nereido,1.4538829449082775
parnasus,1.0681813334324866
amans,2.0440488874349936
tritona,1.6264656494625327
inspiro,1.0753597155964314
desolo,1.063230236542709
nubilus,1.069584238826919
sollertia,1.0087603548876296
recingo,1.5246726703420586
durities,1.0679895128688628
uapor,1.0093602109154851
diluvius,1.187817455827877
arquiteno,1.0834723417490093
perdomeo,1.1123031864619655
aesculeus,1.4737738481551974
decentia,1.3198944003667996
daphnes,1.0418755032867064
delius,1.1353188288413691
gestamen,1.0605294260098241
pestifer,1.0186106395325611
faco,1.7155845510414856
adsero,1.0593696525473923
apollineus,1.0249641569572159
innuptus,1.0427243612253485
daph,2.255247984692955
sentis,1.0354763185288316
locuio,1.1848907992793143
conprensus,1.6639045367270189
torpor,1.0197557893508402
spumosus,1.0646952194486476
adspergo,1.1281826856413921
cautes,1.0155034639983023
sperchius,1.212829762084713
enipeus,1.2371785318477746
aeus,2.3042916931745387
recondio,1.0782251012224846
uitane,2.5610858119092392
vagus,1.0660895864652529
addico,1.014370292568027
pascor,1.0148521460456088
arboreus,1.0307487494260978
lambo,1.0181368887054834
iuvenca,1.0981442406358668
tune,1.1904840837513255
levus,1.0662730673834973
suspirium,1.0096119209339076
remugio,1.0816046223512972
praecludo,1.0293011774877179
stello,1.1532403457490612
somnifer,1.1241310994566824
tegumen,1.1165666758819779
atlantias,1.349211203721031
impediens,1.1142078566946714
prensa,1.4525485418295607
dulcedo,1.0125206460543283
liniger,1.6678555671779158
epaphus,1.1656389324088194
reprimo,1.0285612270822073
inpliceo,1.0798005937700486
clymene,1.0504207357658928
phaethons,1.0907289944241367
coruscus,1.0299187641084837
grado,1.066390723530784
aethiopus,1.017111897721946
cadmum,1.148580853074391
perquiro,1.0554257792715838
requievo,1.705366096026417
castalius,1.0759066514697957
pretto,1.039483636630394
compages,1.0324227142134168
praesignus,1.1509979085820172
urnus,1.0894301763273644
squamosus,1.0340350756305225
nexus,1.0094589605492368
agenor,1.07047032965238
lancea,1.0321315003622595
praestans,1.0399451055892999
leto,1.2909732529513984
molaris,1.0410087770733567
curvamen,1.2036514427560874
labefacio,1.103047810001294
circumfluo,1.0311209271647237
albidus,1.193749180851135
halitus,1.0276478236160806
inhio,1.0254283019579458
utut,1.3413393185009461
inmensum,1.176792549653034
impeo,1.0343575912558975
proturbo,1.030388737198305
retardo,1.0537136443012016
uenenifer,2.131979890238188
ima,1.230615307800601
flagello,1.0506955813299117
robora,1.0664739660255784
perempo,1.0474116710012233
fautrix,1.5239357566297664
presdeo,1.0932511621142165
conus,1.1138244636041945
tritonido,1.0675197382348298
obitus,1.0439900128709612
satiao,1.2614624535350645
infeco,1.1138541906157946
ismenus,1.1551263727233676
conligo,1.023978625446173
hyalus,1.4491851084045952
rana,1.0344422219633975
nuda,1.080297449186365
purpurea,1.0971957614795007
cacumino,1.4141576796278277
melampus,1.2808664063689321
gnose,1.537511047539519
pamphagus,1.6945197128170986
ualens,1.0882326957532034
napus,1.3485378475532837
harpyia,1.043081438139421
alces,1.3088708109573943
uillum,1.0398182606767328
tho,1.3680134730101927
cyprius,1.0444519163301258
compendium,1.022935732269759
anticipo,1.0446102026537627
hortatus,1.0517074589590505
actaeonum,1.5469046676604274
certatim,1.0100714452137969
violentus,1.1285062649217252
ioua,1.0233270675155388
uenere,1.1995891261723854
saevitia,1.0237584944713665
femur,1.0395506215041015
genetiuus,1.041781501050151
inro,1.0321844592070906
irreprehensus,1.1815608177306915
temptamen,1.1015719374271598
implicsco,1.571119124919359
cephisus,1.1641518294788287
resonabilis,1.104910118625659
echo,1.0409337248257604
nymphaa,1.1058771634592885
deludo,1.0396222533430828
breuissimus,1.0714852931164613
circumlino,1.0433568681065142
repuldo,1.0939936239192167
orto,1.2040607263083272
despectus,1.0303147654911085
rhamnusia,1.1110159284402907
inlimus,1.4578181825133236
pasta,1.026323070744541
inmotus,1.1087987403859525
parium,1.0644122590645968
gemi,1.0392564676265588
inexpleo,1.1003162392898935
arrideo,1.0251851200056705
ueruex,1.114007509576875
roseum,1.0822729749267086
flavae,1.2395238788315808
naideo,1.0555770488026177
adsono,1.1613001382647172
praesagus,1.0231818417170206
bacchicus,1.231038078921461
semeleia,1.093392519276359
echio,1.105179567464491
mauortia,1.2136008347024174
tyrons,1.1761622593690069
venior,1.2416118826137204
pentheum,1.1174969243752668
moderamen,1.0349790915570556
spumeus,1.0289592141323216
confabulor,1.1811309283356963
linus,1.0602130307521647
addisco,1.0826207693509922
regimen,1.0243855826347723
antemna,1.0929455594780586
melanthus,1.1933140280270484
hortator,1.0389039985678332
excusdo,1.0775200748711706
naxon,1.3132390592673586
naxus,1.2134221260195377
inludens,1.0518634677856304
senso,1.0665947178525517
distingo,1.1856831364275657
lynx,1.0807231920713545
resilio,1.0520147732901923
repandus,2.827134343519109
pavidus,1.0689254000725308
foetidus,1.6442468712228357
hircosus,1.0906973690198347
iusso,1.059193889141701
cithaeron,1.1032284914805515
bacchantum,1.1300861473308366
inoo,1.2870396765511556
vto,1.6505942485839478
uomitus,1.0962106699383334
avulsus,1.7210580128698645
adsimilo,1.3137494240625491
phineus,1.082836821683462
fraxineus,1.1200981149786575
exsaturo,1.1496637806093954
reuincio,1.0201373753529421
strato,1.0556759485922573
rhoetus,1.133330261980539
calcitro,1.1813832674287172
ardesco,1.0184135813114499
ganx,1.227124806867656
limbus,1.090950068917479
crinalis,1.0768440307427727
dissimulator,1.1480713819263442
exhalo,1.0349412314303479
acerbo,1.0147633863180543
adripio,1.0409020795314146
penetrabilis,1.0507995575387243
harpe,1.320556079422826
adclino,1.0665578995468856
infligo,1.037153119650519
moribundus,1.0324636306952772
semiramius,1.2144876074923878
caucasium,1.5229998889786682
abarim,1.4508015798201694
percoquo,1.192169204129825
hypseus,1.8481455716735158
decuto,1.091224745955457
caestus,1.049203423647341
adhibendus,1.0257257786140916
adstans,1.060753717869572
inridens,1.0466683161602583
repagulum,1.0931422479867827
inlido,1.0299855336075343
cinyphius,1.0677104387732554
marmaridus,1.23327613599133
aba,1.1987883797408587
perseius,2.037551826225069
doryla,1.0359982047951335
ditissimus,1.0493506831418296
singulto,1.1077928595986866
clytium,2.2475133093152446
mendesius,1.1492186037444303
palaestinus,1.271952864127737
aue,1.5783434164631789
impugnans,1.1395575636590622
cadentum,1.192827881425747
traiectum,1.472785681585851
percusdo,1.029863635214069
dissilio,1.0312422359713953
confodio,1.0208405284718172
amatorius,1.0746819729848787
plenissimus,1.043176907518027
derigeo,1.0754664247512684
nileus,1.1600392404478632
septemplice,1.5316203361359881
ementior,1.0998481721659459
concerno,1.0654508773583204
astyago,1.0301752669259847
etiamnum,1.0350751908250715
astyax,1.183118539589181
saxificus,1.153642315525672
socerius,1.1762430703720406
induresco,1.1120240618838693
detrecto,1.033010787148765
aurigena,1.5496438460525277
tritonia,1.0289752435190636
adfatus,1.0674849615848432
praepeo,1.0685618464959368
uetitum,1.1725250113200985
pyreneus,1.698381562517241
threicio,1.1233893795437693
salutantum,1.6339032557077777
uictae,1.2477110779506329
novio,1.1188199945370116
parituro,1.128007769081219
thespiades,1.1616488679175783
aganippe,1.3064749770082988
turpius,1.1349529413587236
typhoeaus,1.0973089297899417
terrigenam,1.105972225866193
deler,1.0482458025721897
feles,1.1280121678787527
ibis,1.0844005969975992
aonis,1.0707340378630474
praetempto,1.4113754369323013
subiungo,1.0391869459434013
ausonius,1.0354309452917845
pelorus,1.4649985382511896
lilybaeus,1.0528832136165034
eiecto,1.1282453532518495
remolior,1.8857025193929144
sicula,1.0659840525705027
molio,1.0573270999082784
hamatus,1.2046793258449395
cayster,1.0626391659672543
uocandus,1.059759375752472
exhortor,1.0533249153809952
ferrugo,1.0457889723885845
cyanus,1.2248122433800617
invo,1.038630271265537
inconsolabilis,1.6865174631774558
tergus,1.0365186962656894
pruinosus,1.0464448496608625
inrequieta,1.1416291969149939
polenta,1.0286939182941695
conbibo,1.0538221903189553
nocor,1.1512767980465397
sicania,1.07709401631484
lacruma,1.226705077632315
tribulus,1.1214427221329717
cauerno,1.0450037200955857
desuetus,1.0895037532424285
interritus,1.0461276689567653
opax,1.1790434178536655
vilus,1.0561141467366009
discidium,1.0214582622136117
ignotissimus,1.1872171399764555
acherons,1.0545265615711257
achelois,2.127939021766924
flauesco,1.0304236702165883
deperdo,1.0679069852706224
uirginei,1.2316873385390426
eleus,1.0892941559539837
perspicuus,1.0597262408071022
alpheus,1.0406606053531087
uelocior,1.0604137968696294
fer,1.5758903990181645
renarro,1.232410517511728
cauerna,1.036196751694398
tritonida,1.6674167974500789
triptolemo,1.0776997582674188
asidus,1.636391744623566
triptoleo,1.1834909337522372
emathis,1.4206163263353406
garrulitas,1.1311702326916058
arachnis,1.5676773883505606
lanificus,1.0838596276111188
idmon,1.1350595957813698
admirabilis,1.013806921365381
dumetum,1.0548425559140464
era,1.1843547181777507
optulio,1.4826999940081202
lanus,1.0332886876084617
resequor,1.1814009867813937
dispereo,1.0846207961868801
pauio,1.3031817047047074
falleo,1.05658990423931
infico,1.1680107981650136
cecropium,1.0503852228973642
mavorta,1.694467000687595
pygmaea,1.0567687316885066
ciconia,1.1004488188676824
ledo,1.26739135509262
tirynthia,1.0810891480138713
danaes,1.1786382937229696
luso,1.1594934315338898
deoidus,2.175498922540878
colubris,1.159012426633496
delphina,1.1054737675249633
eutychis,1.656247686248711
nexilis,1.0575019109734407
intertextus,1.1623009757535514
aranea,1.0361450441104803
niobe,1.070133095492187
maeonia,1.1602234305547066
mantum,1.504051752269003
charo,1.3047856716670494
intexo,1.022580969182414
cadmo,1.074487741986389
paritura,1.0842021368271717
cynthus,1.1486260686630883
postpono,1.0561747814872577
reccido,1.1891808827369479
hicen,1.0410850029965637
tcio,1.562969620815428
avitus,1.0777264805620526
incuruo,1.0418109355766496
aduolo,1.010204882832916
adleuo,1.0850636384185322
pium,1.2553854534448203
pulmo,1.0268600911498738
neruosus,1.4742232177369872
internodium,1.0977002830678526
exitiabilis,1.0331887203872723
profectura,1.2988441001480526
inmortalitas,1.0352289229006573
subleuo,1.030296606396391
relanguesco,1.2138756712695962
collabor,1.0332976607875946
congelo,1.0882318487119695
inpensius,1.2153411647711057
divus,1.308241903656558
erraticus,1.0751067451201888
puerper,1.1333270465351861
relevo,1.2320098729886653
stagnus,1.0701312525202966
amphiona,1.1388369418552384
corporeus,1.0581506763953634
comparens,2.2261229920767125
calydon,1.1290422786804137
cleona,1.3972578553413255
pandion,1.1073469149066633
bubo,1.0908223213299995
pandio,1.1465850902528605
repeteo,1.1225999607627024
naido,1.063544727321597
dryada,1.873983728485962
inpendo,1.0433263080573267
vinco,1.0142055868666753
praedator,1.1358432639072154
obuncus,1.2659004962353584
barbare,1.0592788207954649
quandocumque,1.107220486687655
commoueo,1.0181230487540973
accingo,1.0402292008920422
lacerio,1.1780295162915937
forceps,1.0614747089523424
palpito,1.0251470960517528
lugo,1.5324614208694864
ceruina,1.0803437093375152
refringo,1.0925136914095224
terea,1.9389595605528454
exaestuo,1.0163582071034751
maduere,1.0521743045999437
tereo,1.6261635953600315
gangeticus,1.075457324695085
resolvo,1.0942430719756393
dilanio,1.0571481500618138
inmergo,1.1470715968026535
inmodicum,1.3262910716470968
erechtheus,1.2280499780700342
dubium,1.1294150846902307
induro,1.0750790503259575
agitas,1.223240348723638
ciconus,1.1231490237626274
inplumis,1.2841027569010546
calais,1.3021135381509232
perpedior,1.0769426007960556
gesto,1.009164651360869
pelasga,1.101984650314039
servatrix,2.045177146241144
servano,1.1372843961397225
sorbo,1.3213321553306485
medea,1.1494084291515327
triformis,1.0627746695856646
praefigo,1.0441854611820947
pulvereus,1.6090598002056256
deriguo,1.0741310547220375
gravidus,1.2717941565081865
praeacuta,1.2626360569355208
auxilio,1.1957452628549514
achivus,1.1007849216518528
transcribo,1.058347123672612
heco,1.0613775398525465
sopo,1.3782476755667936
inroro,1.1296865023963698
adiutrix,1.0675373991199055
tremesco,1.0574468555810408
adscendo,1.1126932074989928
cres,1.0662439284554897
pindo,1.2244792563389542
amphrysium,1.7735684304021044
contactus,1.0249506317016197
scrobis,1.0134481148066024
carchesium,1.027333126648759
effetus,1.0708890441233543
multifidus,1.0537632814734632
refluus,1.0683136284422854
squameum,1.4171407372331217
adiecto,1.588612661980397
colchis,1.1596608555805015
reuiresco,1.0599936554096414
marceo,1.038837482943489
sanies,1.0207717718896203
conieco,1.0674423768595063
othryn,1.183321816718739
deucalioneus,1.1026292278356107
tumulatus,1.088489339371321
rhodon,1.1198896638859024
inpe,1.1119152810596946
iasonae,1.5929405263652616
neps,1.102745186914776
capulum,1.0264137387047458
torosus,1.217365296095607
inluxo,1.3098072280879263
marathon,1.0707082761805928
epidaurius,1.0537810196238044
vulcanus,1.054644755499631
occumbo,1.02783783002255
cephisia,1.7001522182611852
curvo,1.1417531936624497
consono,1.0767796865370833
firmissio,1.4048942310896906
anaphe,1.1488625058616775
cretosus,1.0530833282804564
thymus,1.0624813575774648
paron,1.425245005696404
andr,1.402707356723695
gyar,1.2963878249137852
aeginus,1.1102454876880938
coniunctior,1.1896045064420895
lyctium,1.4094092587175675
inexcusabilis,1.1415321004736716
ingemsco,1.128933941291346
lues,1.0172396774269437
retexo,1.1184922515891826
tabeo,1.0643492568556292
fideo,1.0805413160845685
inmorio,1.2862221901252189
inuidiosior,1.0998888390353043
dodonaeus,1.0415210618026804
exercito,1.0216555673604706
desubito,1.0830117111196895
egredo,1.0836219596066174
partior,1.0366666440102794
myrmidonus,1.4253798974660645
pallo,1.101346898997083
ferina,1.122964089038654
iamdudum,1.0334094885813017
iaculabilis,1.233458020509532
mirabo,1.0360030028077376
reuolo,1.0383475626440073
amisdo,1.1138545603647356
orithyia,1.119593644190687
cornigera,1.136972021645359
hymettus,1.1519532968153436
nectareus,1.0730355777355882
coitus,1.0198417050011659
retracto,1.0311325244217062
inmuto,1.0447230613497422
temptamentum,1.130552503335953
fictor,1.0747249996252572
concorditer,1.08380844492771
indago,1.0398584764450327
copula,1.0743507488148163
exuio,1.0778646822784674
apex,1.0127834113561518
aeacidus,1.1420514866150866
carior,1.0139475982527473
letoia,1.133182982684009
resonantia,1.070469510036647
europaeus,1.1974325868478959
straio,1.0720997445704281
lacrimabilis,1.0323037952750789
cognio,1.1128490120068342
argutus,1.1743125841683675
mavors,1.0485692498354542
saeclum,1.0223066797683378
inhospita,1.1327845101190377
armenia,1.0126643891014884
progeneo,1.109725040173024
diuello,1.0245963470926438
prosapia,1.0520763896579406
gnosiacus,1.4225403392719693
refluo,1.039333209765555
pastus,1.0127184866581778
nouenus,1.0829240496410073
mollibo,1.2338650521876204
demissus,1.3665323854312923
uolatus,1.0171642514505332
perdix,1.0790660914808838
serra,1.042017735749518
aetnaea,1.0458403431224774
cocalus,1.7872340062885284
lamentabilis,1.0889137198376666
bellatrex,1.8663662482739087
herbidus,1.0555946488200043
epier,1.1098220133540755
adflat,1.3185542726204162
frondeo,1.0179401990130288
meleagr,1.0634563464618456
caeneus,1.228300912790733
cretus,1.074891631278412
creator,1.119031331673495
echion,1.1539823330241321
lelex,1.2756703589182405
panopeus,1.3265589060635699
amyclus,1.198096581323231
parrhasium,1.1408948588853567
calydonius,1.7055278437534183
echionium,1.1096796792797816
uulnificus,1.10600707645557
snaiscor,1.1353895912298189
saetiger,1.0784246371058148
magniloquus,1.365553368788265
pirithous,1.0621898213933432
subniger,1.1924851021243688
pansa,1.054145246992093
aliquantulum,1.1204651864187771
inmanis,1.0180369282270452
mavorte,1.2251147256937944
althaea,1.1522912904328706
fragmen,1.021199492529368
inpietas,1.2386036568052632
convalesco,1.07542850886645
coaceruo,1.0709373047912034
sceleror,1.1481142003412614
torris,1.4148565360521077
scisdo,1.1617626101589802
presso,1.098791960040299
latone,1.03738879918954
alcmena,1.0918116030024465
erechtheo,1.2131820581238113
inclitus,1.0135783434257903
uolvo,1.399123859687455
multicauus,1.282559110138508
discumbo,1.035559470512921
adpositus,1.0197110396019866
megaer,1.047188671358326
zacynthus,1.6185326695412126
lesbia,1.1114378111614822
duxo,1.046559084414505
revello,1.1850704100197589
peritura,1.1410725535830284
undus,1.0427904681339841
neptunes,1.1436082752084433
adsensus,1.0522492046768008
duresco,1.0416569240888554
spretor,1.7455098722986144
tilia,1.2322413408011617
adflicto,1.0504051492668045
fulicus,1.2129063078991378
ramale,1.6282444612062188
menta,1.1210345591855795
bicolor,1.0728300729255438
ovum,1.1108768186094666
succresco,1.0810658810219096
paritas,1.4535876823437592
aufugio,1.0299444339332027
caelatus,1.2943509103157598
contremo,1.1541769909726731
detrunco,1.1172526845817252
quatinus,1.408494733345249
caucason,2.230579404719376
incuruus,1.053361553206411
cratis,1.0183155443499328
sacrilegum,1.6707492293162176
cessor,1.1385353034031636
reiicio,1.1388561136242963
nitentia,1.1166832810297609
reiceo,1.0805505719753217
inpulsus,1.3166800344685239
bisulcus,1.0841245805105122
coluber,1.0623704150523987
evello,1.0637975466584018
puplicus,1.292818503780465
odorus,1.5336866456254064
ablo,1.2402490490338942
nsum,1.2895946265250757
uberus,1.0400180167458288
hiemalis,1.0377946112325578
clementus,1.0821970904708862
cenaeus,1.1459589466876052
perterreo,1.026402624111323
ambustus,1.1346027122451388
ela,1.5233627556993254
stymphalis,1.1633233022230234
insomnis,1.0293241641611328
uastator,1.0969100382550379
lacio,1.0700552183989216
praesepium,1.0414302265008644
deiicio,1.1131950229934813
indefessus,1.0966846780277997
oeten,1.1551525391753266
gradior,1.0229074170045422
latito,1.0191106450042384
tuno,1.0249650336064706
adstringo,1.0273241309495948
pyra,1.0405939936970972
grator,1.2154440033603402
ignauia,1.0231731057682203
laetabilis,1.2473186933692673
nitere,1.9361464200390017
quadriiugus,1.0492341321093657
inplo,1.2111858798783588
laborifer,1.1584167904679759
pauefacio,1.0678186255415718
passa,1.1487257914479811
myrtetum,1.1427509640070435
oblectamen,1.168292706025491
crueno,1.1453951026302307
priapio,1.1643095317671905
convello,1.1761340605917512
subcresco,1.2375239395138364
adfusus,1.6603582376934964
reformo,1.1056118916626325
iolaus,1.1892943478728726
hebe,1.1448200952405452
ecca,1.1342431139071816
capaneus,1.1412281788921013
subducto,1.0938747194769394
privignus,1.2684297590642002
repetio,1.1271046192488476
tantumnis,1.0623086632730045
iuvenescio,1.2100943229585268
rhadamanthus,1.195024539463473
minous,1.0872763795439395
insurgo,1.028095880273014
mileo,1.0721031700539374
asides,2.160174552526317
cyaneus,1.0625763061771325
praestantia,1.036010167922631
caunus,1.169504684859595
byblus,1.1765091654613278
uerumtamen,1.0328566321476473
profor,1.0282519574044282
copio,1.346546230036126
obscena,1.1542674355812925
crebris,1.0475246126403506
norum,1.0370131734889516
subscribo,1.0313520976713577
maeandrius,1.1868505415957216
byblius,1.1622397013532018
subuerto,1.0467701252645203
nonnes,1.0203395691615837
adfundo,1.0948163199597187
umecto,1.0463697294255063
aresco,1.031419116560356
bitumen,1.0181860730057386
favo,1.349449408886513
phoebeia,1.2000836335292056
inculpo,1.2090893347471023
necor,1.0520451187791744
latrator,1.1757264013298145
anubus,1.4565374963070474
telethusa,1.085361056941874
eiulo,1.0999887163604447
dictaeo,1.4557702146150957
prodigiosus,1.0257861099942576
confluo,1.0391693095141146
isi,2.0765894811706063
mareoticus,1.071875217621026
pharon,1.2241480580608057
digeso,1.1149173448655385
fulsero,1.0609876322573273
brevus,1.1917379111050401
orphea,1.0517318528910813
stridulum,1.0412476986965735
naiads,1.1978202051968034
rhodopeius,1.169670038357321
inamoenus,1.2042961601557605
uillosus,1.0619670057043042
eurydix,1.078814287954763
refugus,1.06797836342014
eurydicen,1.1613597057880476
erebum,1.108676815848753
aesculus,1.050930873354469
innuba,1.2886544107944176
enoda,1.4028778987656472
amnicola,1.9382763345479417
amico,1.0349075874028255
ornus,1.0263727352123353
cybeleius,2.10334424545863
capistrum,1.0890987082561083
litoreus,1.0611888261171165
concordo,1.0683424724248036
phlegraeus,1.0521777359122446
uictricius,1.0260995459704048
inconcessus,1.1315877191432338
verto,1.466836048188052
inmunitus,1.4488851189746754
splendesco,1.0453746707426843
repercutio,1.0408963964986824
marcidus,1.0302143606729313
insipiens,1.03193298482081
persentisco,1.1349043430756032
cerasta,1.0440655065037157
pygmalion,1.06580947304827
niveus,1.1159486072938478
simulor,1.2213505369956634
sidonis,1.3305686539445416
mollesco,1.0989451912645691
paphius,1.2014376964431328
uenii,1.033129932659294
amomum,1.0348298378489338
costus,1.0487389478140166
panchaias,1.1467520206826918
interdictus,1.2520577678001188
concumbo,1.0425684598919873
cinyreius,1.2847633636796092
innecto,1.0191927990038196
laquei,1.0731364033666766
inmoueo,1.1006755122828347
velo,1.2744962283692811
erigono,1.052667191037969
letalis,1.0246676224896287
palmifer,1.297134141287688
uenerus,1.1003860254282511
cythereia,1.1704361009554938
cnidon,1.5640598095781466
dumosus,1.1415617713936481
adonium,1.285133297254774
aprus,1.0382049811167569
reclinis,1.1443600833352432
intersero,1.1677682028406116
innuua,1.2043872815124446
hippome,1.1148179236120672
talarius,1.1977861695424254
pronepos,1.0328170832899588
indigena,1.0893153737448962
cypria,1.125171486347353
cana,1.3282008876989218
speluncus,1.145900009302591
turritus,1.036253520789225
cinyreus,1.1925518959888066
cypron,1.0769634092639357
lymphatus,1.207609316315645
p,1.11962644451941
um,1.0636817433175056
exaudo,1.4531370839672375
maenades,1.1999739366470268
lacertosus,1.08582256423758
obstruso,1.4333139146018352
exsterno,1.8799989601141005
phryges,1.0447032849227913
midan,1.5296962584058358
orgium,1.0194994921709744
genialiter,1.5626799173113868
altor,1.0832807960426183
resplendeo,1.0303231808983968
fusilis,1.0986682690588692
lenaee,1.201721942155923
habitor,1.0958866599840018
delenio,1.0575470393413529
tiara,1.0820260229809384
aspexeo,1.1745001018232344
maturesco,1.0409580736374822
nepheleidus,1.282405586712685
sigeum,1.1329301557585023
avarus,1.061793268974271
hesion,1.2636014852417283
thetidus,1.0972122652324938
aeaciden,1.0930956687138573
myrteus,1.0502358320928833
obso,1.0672063547354105
fudeo,1.092708445276378
carpathus,1.228737753153374
hesperium,1.0895691318394798
teno,1.0753230478302045
chio,1.4182721175788833
urbani,1.1174440785617614
alipes,1.0341593659933304
progenitor,1.1529290494247455
amplexor,1.0429441666839172
pudice,1.0658707522084117
festinus,1.1246717096251273
adpello,1.0771518281715524
restagno,1.5070705735076628
funesto,1.045316311746358
defenso,1.067948043535716
infectus,1.0420840767230346
thetum,1.0242919582180712
simillo,1.0866092244208734
alcyonus,2.695835801176916
ualenter,1.1698710041543587
subnecto,1.0469428999439498
refundo,1.064256624066924
despicor,1.0887501313303756
acherontus,1.3177842501478434
protentus,1.0905572040493556
defensa,1.885420248772925
uastior,1.0763678860918853
nimbosus,1.037061890725484
athon,1.1569580195219067
everto,1.1860022293189945
aeola,1.0889254520472016
exstinco,1.106370294870892
cimmerius,1.0710339759241658
igno,1.0920158442774341
mixo,1.1125762536299015
cristas,1.8529789425576193
sagacus,1.0447100504582791
lethes,1.0516713316468695
ebenus,1.6566778157136786
plumeus,1.0683140366009851
unicolor,1.1939968289070904
sollertior,1.1377118865321791
fallaciter,1.1053382995283942
thaumantidus,1.5188111257706438
crudelus,1.0438150291750539
uum,1.2356738581856208
egressus,1.0403760808482792
iunctim,1.0877880393484118
substrictus,1.0900757280029358
mergus,1.1020626837459113
dymao,1.226771633737226
granicus,1.0639591199407736
anas,1.102999875152304
trous,1.0654937770045563
subuolo,1.1093035763190637
indigenus,1.046803042771496
hiberus,1.0294994397255997
crotona,1.166032979883775
haer,1.0902997262100729
absolvio,1.0579947986953857
ionius,1.0219948092566915
sallentinus,1.0830808576557505
iapyga,1.0967631814992547
discendus,1.026944190828344
mirantum,1.7444749818660952
meo,1.019875244547762
thymum,1.1475478414654716
pinguesco,1.0271509158343404
uorax,1.0601644589196142
supernum,1.6854444751294908
praestantissimus,1.0649116109987697
palor,1.0227081318666313
despecto,1.025282353881576
abstuleo,1.1086219439032756
exturbo,1.0352954244135155
milon,2.028460590886578
fluidus,1.0420573451488373
raresco,1.0413013386852774
eluuies,1.0663198285266404
excaeco,1.0530562277208384
mysus,1.198105479485609
eripiendus,1.1257905998735256
hypanus,1.121775496946098
amar,1.0331938741758866
phaer,1.0512112552154182
tyrus,1.1020001403017223
uesica,1.0592133486563846
cico,1.0957179642466286
sybaer,1.099455646379458
conterminus,1.0643560766704614
salmax,1.0880356530237558
aethiopes,1.1109404472866637
abstemius,1.099307531008172
lyncestus,1.266514488597289
symplegada,1.2069100809253113
sulphureus,1.0390571326665707
spiramentum,1.0594026314043008
nutrimen,1.8405585782561928
hyperboreus,1.036205007467102
intexor,1.1217965738338518
tinea,1.0667707078466948
sexangulus,1.195247681739498
mellifer,1.2621638658354462
armigeer,1.1348504522162206
casia,1.0257762633280567
substerno,1.0290160134223618
hyaena,1.1545493420522925
curalis,1.245501826766935
anhelus,1.0351626215407306
uiguer,1.9028751112085012
pandionius,1.0506341923828781
appenninigenus,1.6974036745680867
praesagium,1.0213287366319488
aetheria,1.0341174863643963
helenus,1.030751472474369
obliio,1.166849953248707
horriferus,1.1834969447238493
pedica,1.0562902860131829
inludo,1.0274640539190907
perdio,1.0420539148039811
latialis,1.286869285310059
erectus,1.0336054524280545
euomo,1.028767152771335
quadripedes,1.1466410417985158
egeria,1.0918116740543216
amazo,1.1438240127682304
frondesco,1.0678880886532385
bidentus,1.5051876584275519
adpropero,1.2489222535993427
fino,1.5280248276929873
tantillus,1.1017176250748937
catellus,1.131944489892413
reso,1.6043724203736323
phoebeius,1.0346274756937826
euincio,1.0907530337945748
aeneada,1.101292388741165
laeuis,1.249757325832353
narycia,1.1668270682590263
evinco,1.1454745564134006
parthenopen,1.0946998794651575
uolturnus,1.0918677368659315
minturnus,1.0804503662548854
uelifer,1.3003070799518512
adverteo,1.2416435842740394
litorea,1.432820728823828
castrum,1.0848290195818266
sequestro,1.0560374324791817
cinyphium,1.3705814288239766
abunde,1.0345789231045872
strictus,1.1962466702032388
diomedeus,1.1218230523277546
insuperabilis,1.0597010060871546
concusdo,1.0543468356113643
inpono,1.138190504599887
pharsalia,1.0989135194949347
barbaries,1.1338110997846347
cernendus,1.2429342501655052
ignesco,1.0616216043827569
indiges,1.0799722095964952
caesarea,1.1311501748550785
aboleo,1.0189962581811858
indelebilis,1.3073285038828177
legor,1.1185824848119563
bifor,1.1467100091998081
protea,1.1217685965001432
tribueo,1.086666091505991
quatenr,1.2655136763781416
ignifer,1.044125610359395
quadripes,1.0538212636119706
radior,1.0360179089170618
chrysolithus,1.0737245756884162
recogito,1.1269697029948782
ambrosius,1.066270627784251
australis,1.058413423565328
tortus,1.1415138481870766
pyrous,1.0719886337569904
aethon,1.034761800616544
hinnit,1.2710474320278313
flammiferus,1.113561500432622
formidabilis,1.0610627187065789
concauo,1.1602621050702462
oeo,1.1288391441414225
oathrys,1.2246255695490338
mima,1.0507723769609425
mycalis,1.1767054732968028
caucasus,1.0232751384730763
profundus,1.0151156316597765
libye,1.0513565753025313
ephyra,1.190066586691514
tanaio,1.0460814879318405
mygdonius,1.184276550602659
orontis,1.2209044502656854
thermodon,1.1341793182221338
nerea,1.1364824947911607
opaca,1.4169469641138752
adunco,1.1749958609190356
radium,1.0357902696483525
laceo,1.1787244141687918
trifidus,1.0808524844437393
sanguinea,1.1226654653892656
irrequietus,1.0980606523274632
igniferus,1.1423872719936168
amento,1.0987243906601574
impensior,1.1139877599041679
trahendus,1.397062151935985
diactynnus,1.588340592187703
testatus,1.2143331593079352
horresco,1.0174969376022898
qualescum,1.0897344529885373
uenatrix,1.0849689788359727
uenantum,1.2069168530816161
auens,1.1686626622763725
nigro,1.0169887119767687
larissaea,1.1549655029318824
exarso,1.0401031249250248
malleus,1.1293761584674016
chiro,1.105522573271804
semifer,1.0318533969047379
praeuerto,1.038110548037596
hinnitus,1.0770026087945115
collus,1.1847332453180441
rescindo,1.0204944173098733
messenia,1.0968335215519096
battus,1.1165964008215998
circumuolo,1.0584612340803852
cylleniter,1.1873754393593507
circino,1.3361020772986063
praestantus,1.0597814668672374
incandesco,1.0917175384308648
toruo,1.0903695230791477
hucen,1.1080945272974652
tabum,1.0368921694234157
uiseo,1.0585061772317919
spineus,1.4255563608802528
protero,1.0242162331512739
piceus,1.0274547413146378
blandimentum,1.0139649404846445
pacto,1.1550971854051353
uitalis,1.010620748197899
trisulcus,1.1864346658210798
alludo,1.05281264970399
impietas,1.0245002442598925
bromium,1.0453708928425447
lenaeus,1.0999473930723547
iacchus,1.2030905770615596
lycurx,1.0887746488086647
maco,1.2378290807070107
biiux,1.1135204074860103
babylonium,1.0611937260519737
naio,1.189493006137753
uerteo,1.3024630962542538
uulgaris,1.028401147660554
pyrao,1.2040520851140544
coctilia,1.1323164641027164
semirama,1.0321324528114773
inuides,1.2839556436803785
ninus,1.063093741014005
morus,1.1260130429786872
tremebundus,1.0462976867870213
pallidior,1.3490396829825704
exhorreo,1.0399098463014813
pyro,1.5298106349147587
reuellus,1.0969611748612191
elimo,1.9270633653051508
tempere,1.0804884283220728
achaemenia,1.0990450412691766
ambrosia,1.0426519124961748
inopinus,1.0501246713590868
diffamo,1.1716812540047525
immansuetus,1.3051090506984426
phaethonteus,1.2607549041960346
dolenter,1.0983700573656427
demento,1.1573620266936937
daphnido,1.0373996398178993
cureta,1.0930250239375066
enutrio,1.128810434684318
uluus,1.9695585789683387
simulatque,1.0586356188029489
transluceo,1.3182165326440802
subiecto,1.245303247514881
polypus,1.0547389716537443
hermaphroditus,1.2095505464067215
profano,1.0625455520086458
apparentia,1.5589808854696712
tinnulus,1.1816849848841777
uiresco,1.1078903732915812
pampinus,1.0287680990214412
fumidus,1.0665480003992271
perodo,1.6245771331584153
taxus,1.1319140949185829
sentum,1.1194684378288318
iuger,1.167007413326626
distendo,1.0231510169631584
arrepo,1.1176814028789535
caros,1.0426584570929227
uelutum,1.3002120518813347
apposeo,1.3294186893084639
acrise,1.133723296149418
danus,1.0667572776618295
parnasia,1.0561057036338772
admonitor,1.4113825608461086
talaris,1.0895815857952136
oblior,1.1423027238227819
panda,1.1960544470452767
anguicoma,2.023949295879313
praepo,1.934673076517255
munimen,1.0258453194124588
fragosus,1.088527616823488
clipeius,1.022853410294588
laeuo,1.0839688008113928
quaeseo,1.1211798961673944
assumo,1.0316899438059983
neptunum,1.5426790262075512
precantus,1.1708933765849465
perpessa,1.2102653301427426
inexpectatus,1.3322006954320484
troes,1.1059971605831562
hectorea,1.1617214222771497
fataliter,1.1372951893446364
candentia,1.0293123549451788
solamen,1.0354401474296704
irritamina,1.189231121686329
poeniceo,2.2758204011914365
tenedon,1.125025565385628
subiectus,1.0641390333629328
fremebundus,1.1304725161998392
nidor,1.0339965198209595
multifor,1.4194959766940662
buco,1.3339422674484431
adito,1.1565248753392945
achille,1.0740228227391588
denupdeo,1.2409892044131514
rapto,1.0419838242121329
cerebrum,1.0146926229161177
amycus,1.0779860188099295
funalis,1.0591989712827374
lapitha,1.0538811057512134
perstringo,1.0272375789858197
eradico,1.163333466004016
summergo,1.0609352994626338
reuulsus,1.1216183078482722
comprecor,1.3052566849878975
thauma,2.285500993976474
lycida,1.081367593666775
styge,1.1349138627906332
cubitum,1.0563613168828443
proteco,1.2828636187559175
thereus,1.78577186991548
dumus,1.0231322359893
pallados,1.0805142452540615
achilla,1.0793158600969384
disiectum,1.2214181139135911
passura,1.0977779982131648
mendosus,1.0663657126491262
sessilis,1.3480379017385664
refrigesco,1.0417912045564257
cribrum,1.081208703202333
drachma,1.0787893845970637
bifurcus,1.116763484427617
pelethronius,1.0294979867458673
mopsus,1.0529525974713898
halesus,1.4153425646753537
commoneo,1.043819834922177
retusus,1.145807975791712
dareo,1.096888021577367
euoluio,1.0689544814242162
detrusus,1.2004179120624527
clangor,1.0196025904391108
semihomo,1.3482375538751667
elis,1.3542367036767735
ruptus,1.0621032120342715
tractum,1.0824310609907242
thermodontiaca,1.5021294292975484
laerte,1.3858382813546728
septemplex,1.0715943831471932
sollertus,1.0811418159223969
naupliades,1.7843656399650214
laertiada,1.2801441568584842
ulixen,1.1615383646121473
palamedes,1.0888246057044797
conuictum,1.469114020151568
nestora,1.3490001992477474
ithacus,1.082273254189989
laertiter,1.162320784628826
tergeo,1.0412420765117194
comprendere,1.0448103077489401
nereius,1.187735635270388
iniicio,1.195020623937044
scyer,1.452572436561272
aulidus,1.1257563043084704
complero,1.1619277932500185
lubeo,1.6256039253512755
etiamnus,1.2040151022039716
dementia,1.0265779738865717
telamonias,1.172318053891837
sarpedonus,1.0732221440805048
deuasto,1.0811311565267274
benefago,1.0526457257468107
arcton,1.3946818059920085
ulixus,1.1055777945216185
philocteta,1.0701748029607554
thoo,1.0896534846510024
priameius,1.0902806664864828
astyanax,1.1914438150254207
dulichia,1.314833167946164
bistonium,1.1122050419091787
polydor,1.1750695983564787
achilleos,1.0515640191604445
ore,1.0702814414171193
inemptus,1.0953411094565104
quiduus,1.0669131021690483
polydorus,1.0403709841868374
obmutesco,1.0380793310838294
sustollo,1.056532681591775
expilo,1.1022678094573584
consonus,1.0925082845470446
praepes,1.182804998948835
duodena,1.2482082672329127
antander,1.4783942819825648
anius,1.190395814106516
implero,1.139074933966143
exequia,1.0215381205633274
ausonei,1.6060532407883832
ithaca,1.0716352462982368
chaonius,1.3771828440540483
pachynus,1.0353191268256698
reuomo,1.1430747777396462
dor,1.1605965626113965
praestantis,1.2335041801997226
alma,1.070461655449519
polyphemon,1.145461574037977
stolide,1.9577220562899982
compactus,1.0397930629583898
niuei,1.0230302941608693
ligustrum,1.0559089577399547
alnus,1.0226581357054811
detritus,1.1638738539871514
fallacus,1.269538165562535
immobilis,1.017980469734569
castaneus,1.085692220669199
stabulo,1.0630479359571445
disteno,1.054294493331832
fetura,1.0321621701100954
haidus,1.0443051834142794
dammus,1.1319865720606073
dignosco,1.2021532575554936
acin,1.5203122685001642
peritur,1.0206302506847813
cauum,1.0681442014943385
existo,1.019366622816907
refrigero,1.0383338746603503
molum,1.1152091915930915
pinniger,1.2989921307346701
zanclens,1.2821577327934233
nauifragus,1.4090967501240093
sao,1.1535541896711028
scyllum,1.1131552865138696
udo,1.0815141906217547
erycus,1.1693623617511841
sirenus,1.0788933064975716
inarimen,1.2871827571134977
manis,1.0807021684492624
auernus,1.0151884812293297
troiane,1.1130626775523418
orcum,1.1024458448603929
atauus,1.0481989104419684
dignor,1.2875791842945143
conuexum,1.1494908034383016
sibyllum,1.1303374778956414
ulixei,1.1426495520485938
obambulo,1.0912429159883208
protendo,1.048264796388572
inundo,1.0317986952653122
binum,1.2184523174915993
affligo,1.0302533941214107
frustum,1.0365626278541558
tremisco,1.3693562631102114
ligamen,1.174202781376713
antiphas,1.1912514404960632
allabor,1.105507712558253
antiphatus,1.0569502165658513
eurylochus,1.267079792146306
examino,1.036750243550056
patto,1.2817637551183558
hara,1.0667020682321942
circen,1.1588986618785204
pacifer,1.258343421251982
conuersus,1.063292230290275
bifidus,1.5169861471118544
laurens,1.122060289381756
caneo,1.0419407260923577
lauror,1.3172294805305438
contractus,1.1111805364633998
circaea,1.1960859967416575
rarenter,1.1168057091954455
coena,1.0539891565594448
peruideo,1.0315180439861127
erebus,1.1247261460836677
attonio,1.1385520697805285
attigo,1.1492680420669021
desuetudo,1.1035002416527204
prorumpo,1.0140734194935077
profugius,1.1397075112191168
iapyge,1.124548756909364
graecius,1.1588102114060628
caphereus,1.1729026551567971
diomedes,1.0636454630085392
resuscito,1.3277717006006355
nycteus,1.7751642722660843
peucetius,1.2131459157777946
oleaster,1.063366497535027
transtrum,1.052438713187075
antemnus,1.0555625043255044
alcinous,1.0355328169623486
euerbero,1.154955643858313
binominis,1.1536332722888094
capetus,1.196442368048233
pomona,1.1480132482731953
bibula,1.2536257690193062
irrigo,1.021124659048754
agrestus,1.1157854777238827
poteo,1.0945753941157919
piscator,1.0198006050159538
pandus,1.1385235595066512
infidelis,1.0828877029508874
pernosco,1.1108757152862927
propendo,1.3526044536288466
noricus,1.0534126123329501
paeanus,1.0829022413341505
ecquisnam,1.1589844837483827
auertor,1.063675808822569
salamis,1.2025828138598949
clausura,1.7139864684977695
pessum,1.0406447907674652
palatum,1.025332168326854
hersilia,1.141417159639323
uaccinium,1.0619406558970463
secessus,1.0207781689043955
quoquis,1.0995344750116525
euigilo,1.0745179526152457
quassatus,1.1447537763696987
bacchor,1.0148334229575509
confringo,1.0534946347628786
balista,1.2500417060163582
uelito,1.501078173072613
sarmatus,1.0270327680879432
apo,1.319457592493164
capeo,1.0634661883021492
proposio,1.1411602573899837
relinquendus,1.0210669875710414
comploro,1.110233218104913
rudor,1.5769447387476943
lamentatio,1.037004007467915
alloquium,1.0732763826707854
orestum,1.0392862102984708
repudium,1.047010980337141
euryalus,1.0432995775925493
deminuo,1.0232451818074142
infragilis,1.5372153515048657
geticus,1.0314167704351083
sarmaticus,1.0477511579009424
bellatrix,1.0302433982402266
lyde,1.23591107507041
incustodio,1.1393174356105829
uultur,1.0301024643120478
ecqui,1.1839066695278964
commoro,1.112251715558396
penelopes,1.0666437450672257
assimilo,1.2319233889653483
assimulo,1.0689485560555854
heroida,1.1211150891982349
relegato,1.9341877374975458
praeposterus,1.0544619406488305
tantanus,1.0333587589162
fauonius,1.168636124399181
prostro,1.0307817436078162
inoffensus,1.0264451371617607
coniectura,1.0412036921822727
aeolia,1.0901875739190878
lampsax,2.0450430255569185
seston,1.7152125442714306
cyzicon,1.2660530547655036
byzantia,1.6208104082955983
anchialis,1.7122997817935388
porga,1.1880635740729726
detono,1.1419053517829068
crudelior,1.054419195775791
intermissus,1.698890626653415
silesco,1.2170598296500887
parrhasia,1.0607749114820435
danuuius,1.3581559301924773
fugatis,1.140179751505586
sauromatus,1.109553011375533
pannonia,1.028437143849146
illyer,1.044068365341185
raeticus,1.0997081684644439
aeneas,1.077075553787666
sio,1.7301906701878487
arrogo,1.0646439390290574
pallado,1.108271082377891
lesbium,1.073758110763024
sapphos,1.0644064514749647
odyssea,1.1093651176641226
coturnus,1.0574267944478781
chimaera,1.048987071808765
phoebo,1.404447563724617
aristides,1.030132001577751
milesia,1.1525099209238756
catullus,1.0612173537702807
lesbius,1.0823637430813673
caluus,1.0348777118079402
procacus,1.1909112572069007
metella,1.2881989610233653
sisenna,1.050359510448742
discolor,1.0183726581660726
incomito,1.1430321786293
iocor,1.054934021413684
aeneidus,1.030625214160511
bucolicus,1.0264480887154936
quietior,1.1291744997357642
querna,1.1725636908030521
lycaonium,1.0881037489059597
affirmo,1.0321796964986567
gauda,1.0580819404129123
peremptus,1.0397723772533431
titulum,1.4428138954854446
nasona,1.0969514205262814
inglorius,1.0308238601715298
ingrauo,1.0985823709429523
cogniio,1.1228324165583023
porus,1.0635460083116157
dareus,1.0766693309777016
scissus,1.1595339807435656
mansuetus,1.0374519217688336
doctissimus,1.0384306622338084
croedeo,1.0297166115449774
domitus,1.036819119200219
iactandus,1.1095265219188684
alleuo,1.156792013032135
go,1.102823980528706
antiquior,1.0579408260710796
tomus,1.1876808142357893
conseco,1.0481585708491594
bes,1.1656477599139752
sutum,1.1010619726429294
angustae,1.085276173905101
histro,1.0810936761377081
tinctilis,1.8670626653704119
busiride,1.0827111766209159
maeotus,1.1134599561099208
hellens,1.1454790924934637
pubesco,1.0239060086281142
turgesco,1.052347877881296
uerbosus,1.1701556879177697
trochus,1.277162553896373
sauromas,1.0771379278642113
bubulcus,1.0210685411353806
adno,1.089290690459996
euxinus,1.029770839808831
cauis,1.1630112154236163
infecundus,1.0546438936420697
getica,1.0497180276066593
qualemcus,1.0442005386927427
fossor,1.049540133805417
harundineus,1.1509546379334865
obtutus,1.043001872057639
euxinor,1.8066748221023794
inpudenter,1.1607990002464512
tibo,1.1832482917632534
profudo,1.0867749156638025
uica,1.0352193412543016
erepto,1.8788128143306206
ueteris,1.2090017695574435
oblita,1.2025004117706337
puerus,1.6295422285618935
inceptus,1.151261471808833
itiner,1.1203878921666082
affectus,1.0259129419174546
euadnen,1.0816286795983359
propinquior,1.624125145377513
tauricus,1.0405364899112923
cupiendus,1.2358900441082645
confugium,1.5228673142801126
gaudeio,1.1141865460435962
lucto,1.4025655827026104
bonitas,1.0321235633538042
castora,1.0574297269248256
cognitus,1.0605870153757535
tergemi,1.2582250802720316
sphinx,1.0569017434842976
inertus,1.2473194352348298
quassa,1.404183906972361
euxino,1.181094841180446
dodonum,1.1499324079844873
istinc,1.0363298840717772
affesco,1.0387428704596524
clauos,1.2460941500877574
properte,1.2201062366719637
sodalicium,1.1780974304998526
herous,1.0363238667743353
bassus,1.0639382037235645
horatius,1.034634940819298
ausone,1.0986084842757342
uergilium,1.0319480914096055
suo,1.0649325655067596
commoror,1.0435847948225625
scite,1.1231402267071233
pisaeum,1.1831496608282153
uehementer,1.0480693894588704
sustulo,1.0931753686918917
lemnium,1.0680192911962274
strangulo,1.0396518881054746
rosarium,1.0881074891339821
quotua,1.2299411187107727
effringo,1.035635859391387
absentia,1.0245636225543262
obustus,1.3272739053177058
getico,1.0593423612530046
loquela,1.0968604123349672
strymona,1.1691204267732866
persidus,1.21198463052499
gange,1.0318789728627997
condoleo,1.170819263549719
nescioquus,1.0853082579917301
gnauus,1.5006952377400002
arctum,1.2459033388398328
subeundus,1.045187437005015
palinur,1.318139891834882
agamemnon,1.0558771263594944
pulsao,1.1334578992729194
tomitanus,1.1256102316297167
uerissimus,1.0273409272427012
iunco,1.0332251161431818
quamue,1.2572604036265767
triste,1.0798208873301187
exodo,2.1938390099619824
mendico,1.03639780756224
superabilis,1.2348316824716512
pauida,1.2505659228043204
thalium,1.1106268615851183
euxo,1.1222354680170687
persicus,1.0235734277731423
anytus,1.1143895482937878
steteo,1.050223998370443
caries,1.0598169484638822
iunceus,1.132685165174994
uexeo,1.4082016597378026
commodo,1.0153103095606602
naeuus,1.1947625111609192
absinthium,1.0287442540495284
inextinco,1.5643952441206557
admetus,1.0465793228855573
reuereor,1.031132207553295
uittatus,1.0695221910407107
execror,1.0320711821593564
iazygo,1.7982621703224
odo,1.0223840541097884
ossea,1.240310664360893
elysium,1.0981822656680582
sisyphus,1.1485796735849383
incoquo,1.1511889542176188
revolubilis,1.0895522203894763
inhorreo,1.0331628249683857
nequid,1.0618567754223036
cinyphia,1.7057525731856749
lavo,1.2467304863776552
heia,1.0716327136505484
caninus,1.0264446975701038
admoro,1.3416352593552205
clothos,1.1763362641914725
infusus,1.0907415458216398
prometheus,1.0211252183945516
aurifer,1.0347102361418024
cantharis,1.0477558036599475
olivifer,1.8736785889104717
milum,1.0729024537859149
thrasyllus,1.103139702819555
redeundus,1.118226856427972
info,1.024108886577174
bistonius,1.0584801992241404
polypho,1.1443605516705866
putealis,1.321869556625903
detero,1.1011488371500795
cassandreus,1.1630776508809868
contumulo,1.3645077217682824
abdero,1.2281675656666249
devotus,1.12388636065536
idmona,1.2277195408620738
thyesta,1.5523269569111524
mamercus,1.1235866443787237
praefoco,1.3599450160322621
anaxarchus,1.0871618190729935
pelopa,1.0914675362036363
trinacriter,1.1165595421319603
gigans,1.0243848946173868
strymonia,1.1752450911715622
althaeus,1.1048420129847722
comprensus,1.213697057243921
lycastus,1.1494772573333814
fissile,1.2376148635210984
rutulum,1.126743022553845
uivo,1.0424949315961998
tantisper,1.0805660220108793
adsimilis,1.4977251421847508
isiacus,1.082482742245705
fermento,1.0648504420719487
tabidus,1.0443418465259913
salis,1.066454238819744
nioben,1.0670880434568983
geto,1.176977557458909
pacate,1.3985980687474169
censum,1.1645261188663436
rufina,1.1051495008842334
medica,1.0244888582698946
podagra,1.0452402464086177
auxilior,1.0648341540729238
ualentus,1.7104695661252067
fomentum,1.0404819607669489
smyrna,1.04097428528173
cynicus,1.019025657104255
patroclus,1.097420972905426
notior,1.0304281635847063
anxietas,1.049972989061947
noualis,1.050885912916961
perstiti,1.2188460509082708
eiuro,1.130117890586031
marcesco,1.0455875799979184
ges,1.1411552121152841
tyndaridus,1.1532780804508511
getum,1.2111369164101777
procinctus,1.0822966430012073
caspius,1.0137985285517448
odrysium,1.1953540463143322
nocentus,1.0533669763501847
iucunde,1.076853776346698
pinifer,1.0821869686938055
umbrius,1.367166123661709
dense,1.069254309083363
lubens,1.1900005773666322
uentur,1.2066597381300863
ossum,1.109928549228207
hilor,1.0921302925845588
lappa,1.0586980131983115
frugiferus,1.0922782579007837
fulsio,1.6494352696177974
plausus,1.0650979998800139
redduco,1.6819341723280128
enceladus,1.0768143803092292
laruus,2.1916041102400428
remisero,1.7608835518569699
drudo,1.027370872558357
probator,1.064586921543232
auida,1.2145328857493047
supputo,1.1513136142849163
prosto,1.07135351132758
proiectus,1.0792434444540293
scortor,1.172448151616692
incomitatus,1.1282543822101652
iluus,1.2123989885266921
optor,1.4445565878836524
salua,1.107317972720081
ceo,1.0893457873533758
rasus,1.098912799703205
secura,1.1041291542678318
babylon,1.20604369851898
solet,1.045197008720433
ingeniose,1.1928348357038165
supplicum,1.2387651641008601
ceraunium,1.081448450600255
stichus,1.114554713322574
strophium,1.1043156418237792
eutycheo,1.852536176274106
proiicio,1.0519208453078677
tristus,1.118239675995275
beate,1.203333744552541
cumaeus,1.1478374690732014
nouor,1.0898448837518089
adnueo,1.1724152967583417
eumolpus,1.0818831243366078
laestrygona,1.1166274650746428
emollio,1.0845163989864877
loquo,1.082379803647722
hermiona,1.08775362221118
iasonium,1.3934453678774654
immodicum,1.0860143069554642
obloquor,1.0613411479898038
amphiaraus,1.0481961599165501
assuesco,1.031028475303846
pelta,1.1276936471476748
facetia,1.0390996707774276
uertendus,1.0732226246515366
capitolus,1.7238143265137869
basis,1.117269202005558
sacrificio,1.2499845216104768
pulchri,1.068471949390096
exaro,1.0412615928620907
uolesus,1.7861148366455755
ecquao,1.0566822054538636
liue,1.0776728296271745
memnonium,1.157987588840945
terebinthus,1.067586105434686
latens,1.4991681274364965
frigidior,1.046309758457541
sepulchrum,1.0199421442425352
rhene,1.1662695038458522
sauium,1.1256482944873263
saltatio,1.0589899750408045
machaera,1.064594284832446
gestito,1.1815208767410077
latenter,1.2089700575328883
consimilis,1.0166593767728591
curandus,1.0398352102126531
immorior,1.717340648767056
peniculus,1.3268548661540425
tectorium,1.054689706638852
aheneus,1.4714455360792011
undeuiginti,1.074914633258739
honorificus,1.0552039337586758
adlego,1.0387928437710228
hirtio,1.1201963860527497
tricensimum,1.0380830564652492
dictatura,1.0226440478945031
uinicium,1.1088273936123985
curator,1.0344047837630443
conlega,1.107846186415552
xv,1.0242918331467974
uii,1.0513685004477205
epulo,1.0579701800909815
arualis,1.2115910295610828
titius,1.0663716771972984
asinium,1.0680018183233702
tib,1.048602739369854
nongenti,1.037324722233094
exolesco,1.0798500780350109
unanimiter,1.297765562214863
sacrosanctus,1.089465336363303
perpetus,1.9091427266376546
sacerdotium,1.0414657829168041
consacro,1.3366682818763436
vestalis,1.0703228190371978
anniversarius,1.227667614498453
augustalis,1.1226832701468263
hs,2.096923042215328
patrimonium,1.0114524093562935
pernumero,1.1809348037637104
frumentatio,1.1515808000586456
xii,1.0198250290421786
decimum,1.940063146929936
fabricium,1.0285937660552855
lentullus,1.1766298800108257
nummarius,1.0757526035545224
chalcidicus,1.0555051272843399
flaminium,1.2574532017500237
iuuentas,1.314429772653663
inscriptio,1.033103085943932
indiligenter,1.557029400256739
mulvius,1.1106398751057616
coronaris,1.10855008378937
conlegium,1.092413601985788
silanus,1.1307604466611387
corium,1.0195319559630094
xiii,1.044332875526735
ct,1.0058720178185203
amphitheatrum,1.0406286539306409
sexiens,1.1095838317258453
biremis,1.0832386203138362
argentea,1.1037444593096755
lxxxiii,1.1764472913240636
clxx,1.2342102461892952
germania,1.0445954385071388
gades,1.0325410886302977
hadrianus,1.12637031453236
tuscum,1.25547441759668
cimbris,1.025167203919795
aethiopius,1.0502160436291323
sabaeus,1.0570008916696083
tigrana,1.0397827522237102
ariobarzanium,1.0582831017508092
tigra,1.0399407866814911
cyrena,1.080673697364374
narbonensis,1.0341927063877359
xxviii,1.1714544721899927
frequentissimus,1.0561558988666788
pannonius,1.0443326155000694
dacor,1.2843927580687489
danuvius,1.0942205913006637
his,1.2310781859232127
sarmata,1.027882225340962
tanaim,1.0407946290551975
tiridas,1.5867713567292634
adiabenus,1.0961851002025862
suebus,1.060277487420545
orodus,1.0396123325174926
rt,1.1396047034766632
vesto,1.1809204233042288
naumachia,1.4575714636949748
rum,1.2861766348480614
nitulum,1.2195300235892466
t,1.0537114603730269
nomus,1.3537657312621207
dan,1.2742821023887716
nn,1.1209356167511872
opulus,1.307209122249633
bel,1.6938699396829737
los,1.1962679942358552
ae,1.0850674279524697
un,1.5181059652734
tt,1.247803690735201
b,1.063027324969295
ella,1.378464758236071
c,1.0742538219655793
v,1.1543745740043174
pot,1.795194073635287
tn,1.0775310092052346
xi,1.0603758625990016
emeo,1.0916257629472488
st,1.4058109175561209
su,1.4550542167018508
busm,1.1642192032005103
man,2.1245987618929365
pe,1.337507986120135
timus,1.2802195689079976
urus,1.4369742407461445
praeso,1.1582266168192195
ens,1.6784817844001547
pt,1.1625637801150865
min,1.214566033332122
ist,1.1604490950038457
rn,1.2291645481184215
quoqu,1.2411996328161945
l,1.0442612430762643
qies,1.2445487065005154
rator,1.9270607091542649
u,1.0587026229261163
tata,2.015891053647881
ips,1.276553445942306
pu,3.154424353639941
on,1.4570732147066185
tim,1.297487753604084
ies,2.256432134074215
quadra,1.185589628736508
olus,1.0509464754595537
ces,1.3428164606352624
capes,1.2363505218257604
ia,1.2031454494264462
ntus,1.441481518394827
tr,1.0691028413732948
lt,1.2479504331210722
rer,2.182769354427311
susco,1.7038080945938987
er,1.1821929103725117
gium,1.397086001082047
iuus,2.0131644162501328
inc,1.9353745271215421
etus,1.2365259323648112
q,1.179322967533995
ocus,1.475439183086656
mor,1.6747211695526296
qitulum,1.1411302192585095
otus,1.533857149883808
mu,1.4386383249618928
nun,1.24187252750116
r,1.1284715000883825
capitulum,1.1593176442460178
ena,1.581359259612546
itus,1.3010586232701695
ue,1.0510726917952733
es,1.1054744230959936
luc,2.985685196765813
retium,1.9707722856388383
lu,1.9641525985379737
cro,1.5677775905726357
mis,1.375106910173652
ho,1.2155151553089152
stilus,1.019391149937037
hn,1.08721169852462
ane,1.476867475627863
lio,1.2936285393127087
gt,1.09187576661194
consum,2.8767628132996057
campa,1.2870675199647479
ann,1.791768947763404
cl,1.0589169861932939
pulus,1.839856366498793
ndo,3.8294742923284475
rb,2.6005401898957365
fil,1.2611119922486622
iii,1.1151710901815293
uiritus,1.8822855726020298
pr,1.236862313053879
facetus,1.0283678014261255
colon,1.1216086349582934
ns,1.376483318692439
d.,1.0733753993996547
ulus,1.6996052067606886
fabricio,1.1832806716620023
milo,1.044087208070702
arm,1.196507899332312
qus,1.599848342013172
ra,1.136212957577685
ris,1.543720202774336
onium,1.762732179739421
ons,1.7231164126445557
g,1.1170751903038296
omi,1.8731518396834004
rius,1.2241521667878374
iv,1.1030441839215217
bia,1.078419854034342
don,1.3402498934332514
x,1.0475791629527527
iu,1.4870199199783167
pies,1.5232829489114346
tis,1.173911279003149
tia,1.1671437236518627
uen,1.4204401216464262
ans,1.0796413297107652
inco,2.5711680403804733
suals,1.679033932921972
bas,1.7104706124398967
lx,1.0391192356164636
gio,1.7586226378999945
utr,1.632186533647009
ig,1.9180436458205432
cyrenus,1.0239955000197754
amus,1.8881088487433495
ateus,1.2597274152260993
im,1.5751695559894823
qu,1.3263791493383923
du,1.5739696152816345
fl,1.975755180505411
reg,1.7883726892133531
nus,1.225663187971955
tiridus,1.1749959432101242
tin,1.3870199684652749
marcomannus,1.3301243317652227
exper,1.9020078922618286
ta,1.1034989351901852
romans,1.3235034927594003
medio,1.119784570559102
poo,1.3839132243055488
uria,1.3263373109764403
pieta,1.6962389315439863
caus,1.2523079543633417
rium,1.9533880139875544
quadrig,1.321736571059108
am,1.4433722219507445
appo,1.0672958353033022
ton,1.0307647712889167
ch,1.4544145686130332
lia,1.3648903659847373
aqu,1.7863907885306607
offa,1.0255389343408021
actaeus,1.142953686208105
falernus,1.0185611668552552
triptolemus,1.1141520659528092
pauperior,1.1518343499946793
indigus,1.0507633609539557
cimber,1.1126547612747277
marius,1.0516978335566838
hilaro,1.0476319526566622
quinquenna,1.1511391135457834
caeles,1.164816051412598
itane,1.2433846039144358
suillus,1.0172449200405582
affinis,1.0838594175491876
nimbifer,1.2039001931726527
salutor,1.0862711008212613
gratatus,1.2834263347094845
sculptilis,1.231790429896447
nauus,1.3186970871451287
uirue,1.2027411851432657
puerue,1.112606504323837
propontus,1.050611559897301
cimmerium,1.0415662590764156
enarro,1.0452565265856955
degusto,1.027504892941395
festiuus,1.0466275719463753
epotus,1.8049866997313049
licentior,1.0408183256608323
languidior,1.0633989168898241
sagaer,1.7667141729784352
tyra,1.1800100971609084
borysthenium,2.0821822806298047
pigra,1.849198518279462
pedo,1.0929610811973571
illsum,2.025675776999114
imitabilis,1.1623167583799936
permeo,1.0402311357997227
labium,1.1805252224688274
sauius,1.2697759745009682
correptus,1.2255449156027018
mirifico,1.065808525138705
adiumentum,1.069980286901791
niualis,1.020557611338318
commuto,1.0235896644948486
naupactus,1.0831328806877059
interibio,1.3617536323379087
indice,1.8524064964672566
intumus,1.506945224140059
siqui,1.0982340241965785
aruus,1.3968053307872512
clus,1.2481363935058463
trinacrius,1.0538875934710943
amicior,1.229816249770654
inuidis,1.2160046386895702
camerinus,1.1057015888431354
ueliuolus,1.9901439499548763
prouicio,1.2923857911033205
cruo,1.1317970360616103
scarus,1.1591359038777318
obnitor,1.0315255277300768
praenato,1.2462190140994678
nassa,1.2225316302395504
resulto,1.034306704701932
sepia,1.131564517367002
muraena,1.4050415360004074
conixa,1.178296089346239
populatus,1.2897386723434836
mugil,1.2056924162082587
anthia,2.2538788464028947
uenantus,1.633280685850288
sublatus,1.2239538182059857
lucana,1.0209714213836263
sublimior,1.0414981090382398
rimor,1.0165420903113038
increpito,1.0194543932346578
uirido,1.0248174019658747
hippurus,1.8517972036091976
milus,1.498813882355926
thynnus,1.0845436707280667
cantharus,1.0657943066975641
saxatilis,1.2057458797325473
perca,1.600756735910407
metapontus,1.0943414268679572
cognomino,1.0220672797569927
salamina,1.4019726471362923
nonaginta,1.0375902537904305
menelai,1.0472772453061647
sterilitas,1.0262759222019828
clanculus,1.150425940800695
octogesimus,1.0183793960408696
centesimo,1.0460912717068782
hercules,1.0219945602348905
heraclida,1.546943606300775
cresphons,1.0801937434557114
abauus,1.2300768353713252
archon,1.177558220544824
megara,1.168940486875525
uticus,1.051047933358267
deuorto,1.0801116137446474
heraclidus,1.0680602221093578
commigro,1.0755404028919786
myrmidonum,1.180881855477463
uocito,1.034957766962861
chalcidus,1.1801661482593742
diligentior,1.0909620578724608
abundantia,1.0276713030418911
icarium,1.062503696897823
inlucesco,1.0739190807877985
carminus,1.0405266161631885
perfodio,1.0333018610526523
troicio,1.1021667213790327
brotois,1.0639743015812406
differentia,1.0166148367623116
assyrium,1.1874718344466018
tricensimus,1.0439442152564475
semiramidis,1.07940495230561
babylonum,1.0317908268291436
arbax,1.142672121073056
seuerissimus,1.03701150692762
spartum,1.0384720563190368
excelsissimus,1.1079132728440857
caranus,1.122531910153106
conseruus,1.0637186330836772
hesiodus,1.0367592769511302
perelegans,1.1773598930291396
cupidissimus,1.156755244373379
diligentia,1.020679551994549
efficacus,1.0542262574048433
pelop,1.1467879209932967
fabrica,1.0315280646170815
olympiade,1.0276150297527993
asylum,1.0489899576620423
fidelissimus,1.0455574104088117
speculo,1.1295905140664761
miliens,1.1062203107267372
centio,1.084038700012871
intuleo,1.1896448271289704
epiphanis,1.402655991112474
uirgula,1.0976008926716245
pseudophilippus,1.1349625386681907
comparis,1.1544996072123195
adultus,1.0117149254764592
corinthius,1.0550318719031595
exscindo,1.0313558383259116
aemilianus,1.0323580422898917
muralis,1.020895565255605
obsidionalis,1.1121601415740354
interemo,1.052519989749088
diffringo,1.1687328387895324
loreus,1.194874576107018
sexcenti,1.0627132746932442
praeparatio,1.1214727072605548
manilius,1.040075979061123
aleo,1.29775883639631
elegans,1.0495678416103218
panaetium,1.0821396431726427
praecello,1.0309072801259218
dispungo,1.1300429123842406
servio,1.1215884648949404
portandus,1.0623590462662584
impluuium,1.1245978292330538
imprudentia,1.021119562815269
convenientus,1.2510975765991912
calvinum,1.121550601121857
publilium,1.0549277198009213
suessa,1.6986916081644687
auruncus,1.1784564884232909
mur,1.2251573105978066
rufinus,1.069400298334429
cosus,1.3658842221846637
dorso,1.2275335066896313
sophus,1.2208728215028615
beneventum,1.0789983587242296
ualentia,1.1158712669475297
excessus,1.0323568988513707
septendecim,1.2465634685596176
lupercalis,1.0558507456468351
longinus,1.1029451286439387
sextio,1.1409696546239483
sextius,1.093589368703892
minervius,1.3079916112484116
narbum,1.1511969322852822
duodeuiginti,1.0399686345977124
marium,1.0360415164656354
gallina,1.012770389068571
particula,1.0591147210316252
excesso,1.2692555050232048
eminentis,1.2717256140069484
professio,1.0229230712856077
sophoclens,1.2491415194270388
aristophanis,1.1996646102137716
philemo,1.0780403243704915
paucissimus,1.0203310057857746
philosophus,1.016628081309324
plato,1.015124906192763
aristotelum,1.1024033226351364
isocras,1.0710115499483173
afranium,1.1144424757269622
historicus,1.038092691196367
prosus,1.0591685460347915
fannium,1.1690033658669348
plastes,1.3279844199520738
scalptor,1.2396353389572463
eminentia,1.08780059368237
imitatio,1.0293172806814597
naturaliter,1.0430280036699788
conditio,1.036352097466372
argiuus,1.0601693493991862
inlumino,1.0692765252306369
lacon,1.0641455804973556
transcursus,1.0913293738866983
amoenissimus,1.079051794719744
contumeliosus,1.0196586712688172
uiriatho,1.057920145807857
turpissimus,1.0321765213841188
mancinum,1.04172496554845
recusandus,1.0605837971786825
uiolatio,1.2177410914135298
tiberium,1.0462480979819901
innocentus,1.2633936680069797
florentus,1.1283612990979144
adorno,1.02837057494351
agrarius,1.05073947257403
concupisco,1.0227490301169713
praeruptus,1.028012095791087
iudicatus,1.020840901161457
consobrinus,1.036820016245797
cognatio,1.0887209520244745
salutare,1.0966349291343853
capitolius,1.029394583025706
inruo,1.0448727098979442
fructuosus,1.0669400385764733
aristonicus,1.0496668662907926
nicomedes,1.1120494176547189
mucianus,1.1118625197076868
scientus,1.0827129933050388
numantia,1.0213049865850818
adclamo,1.0236416254660843
quinquagesimus,1.0256752361645363
gallaecus,1.6716924739235473
severus,1.075807374158384
pulsae,1.4826219013760271
moreo,1.0752611594161658
praemunio,1.148737904069535
opimius,1.0385849426745883
opimium,1.0913043862885488
pomponium,1.0860581052054832
cocles,1.030726142348347
opimis,1.6154590614897795
perniciosissimus,1.1579954216389472
syracuso,1.039455492677407
cyzicum,1.0351082071171982
repetunda,1.0226349471256324
teutonus,1.0660470452570763
celebr,1.0908654443218444
moliior,1.3145462538891521
afranius,1.2315093205051113
lucilium,1.1739180144590804
sullanus,1.067358100362434
uetustior,1.0501457052929868
quadrigarius,1.2038519897493434
allobroges,1.0414971392253987
domitia,1.7545364332219606
iugurthinus,1.031325406669664
negotior,1.0415155659782336
lentitudo,1.3755789787148354
claritudo,1.044156087282533
duodecies,1.1499010393252593
copulatus,1.0774758553659014
bocchus,1.0538519120001955
cimbri,1.0761923052695603
teuto,1.0929446338848734
amplius,1.1006278555962306
repenso,1.1659631272122575
glaucia,1.062635262251928
saturninus,1.0433055464125072
apuleus,2.1080057262333014
eloquentus,1.0505289332869805
innocentissimus,1.1298392654799185
inlicio,1.050848064872262
malefactus,1.0694254517685897
quaeuis,1.0593709234997801
cultellus,1.048831390443573
architectus,1.0398093672249267
aedificaio,1.6684609742087517
asculanus,1.0370501597093553
mardo,1.0796846849049964
asinius,1.1289480710760458
telesinus,1.081880822079551
pontius,1.0838211876336026
papius,1.3434691599442024
ato,1.2132635617537562
hirpinus,1.1481481430788918
herculaneus,1.0909902223121632
didium,1.0707995068143636
nolanus,1.064924048413717
exarmo,1.045461309393988
inlustratus,1.087563661878302
eminentus,1.0337622515454938
adsecutus,1.0319322866278196
mithridas,1.0111604714573692
acerrimus,1.0134297495700364
mytilenaeus,1.1740234097687818
aquilis,1.3944993415341507
pertinacissimus,1.086459132352746
septuagesimus,1.0511231341347922
emissarius,1.1694642504881128
laurentinus,1.157129819783334
proscriptio,1.0245287729067198
cimbricus,1.0312999215393532
maris,1.0570953960707834
eiulatus,1.1667164701290145
aenarius,1.2543379032303887
iniurus,1.5290378104117777
largitio,1.0607893987424208
delectus,1.0858079473361772
marsicus,1.0453549347725486
praescribo,1.01550961074832
ben,2.061500031916775
iracundia,1.0490845437325744
execratio,1.0404649901402994
homost,1.123436169129976
creditor,1.033842707574358
quadrans,1.0390871857060306
mithrido,1.0122324273415682
allus,1.4081131350664169
flauior,1.029832406555437
fimbria,1.0985582729631704
pessime,1.0911486655144618
lucilius,1.0353191268256698
cinnanus,1.1637231308236997
marianus,1.1058808081889364
inlo,1.114725111874716
ulcisco,1.0343964928756604
antus,1.767385297886497
norbanus,1.0321121342760784
sertorium,1.0299804117769011
lautus,1.158209265982851
septio,1.1146737868801986
sacriportum,1.070566369985067
antistis,1.1135468662657853
pertinacus,1.1509655342501652
miliarium,1.030156669971329
adiiciens,2.135636435522673
erumpor,1.1519090052349839
prodido,1.386258984911562
existimavi,1.1173855818422285
ofella,1.1208725603614538
faventia,1.1105013004552753
fidentia,1.1764621405234625
histrio,1.0314740316214621
auctoramentum,1.4730027886339767
proscribo,1.0172502860657484
magnificentissimus,1.0466056340681624
magnifice,1.033130059898234
lucilis,1.2763643597890681
modestissimus,1.158632310763878
fidelus,1.235512428018354
satisfactio,1.0925018817527967
impotentia,1.0365924727191305
commilitium,1.0694934196753658
prudentus,1.0290055366372346
oscus,1.2914823612584605
evecior,1.3104929161493735
sertorianus,1.095737572368724
spartaco,1.2823828456272317
perquam,1.0165063060810917
laudabiliter,1.1979069278927434
gabinius,1.0675698695026061
septennium,1.1410384846779622
subclamo,1.1970575182406755
honorifico,1.367796993070282
cotscor,1.117073553988641
roscius,1.052345435578653
cilicius,1.1082762071216514
mithridaticus,1.0303439352723636
lucullum,1.0340733793726435
interminatus,1.1543270780165618
obiicio,1.0774326773796317
concupio,1.0756353552692504
adpetendus,1.1163855365887871
infacetus,1.3998173928054634
xerxen,1.053677114329749
pano,1.6944510850073864
uelocitas,1.0201367550595444
patientissimus,1.055943117138944
favorabilis,1.0784087630173742
sergium,1.270830131428519
catilina,1.0233680777073872
praeniteo,1.0858082986993831
contubernalis,1.028137210580834
commutatio,1.0414602876757235
supervacaneus,1.0724640645743286
calidium,1.4587895306917906
caelium,1.0442524684517136
corvinum,1.1071908935001928
pollio,1.0566777464087937
sallustis,1.0598469423079742
enumeratio,1.0551355137048244
perfectissimus,1.069631563626033
pompeium,1.063479400922135
armene,1.071508012671695
aggresto,1.0489308008433853
immanus,1.2206506667473778
fulgentus,1.708667969054738
infraco,1.1472246267260031
isauricus,1.0381291763324199
hereditarius,1.0403534365698903
delmo,1.1964821296637027
raetia,1.050579718167475
hiberis,1.2742813281035077
heniochus,1.0575945049415763
magnificentus,1.065162308024695
labienus,1.1362455846350854
antiquitas,1.0207662444365702
excellentus,1.109344578673021
coniunctissimus,1.1091901938191855
ueneratio,1.0176961722572206
scalmus,1.132934746040722
pugio,1.0439813727297804
alteruter,1.038682805944084
pontificatus,1.121130971831688
quaestura,1.0865018406892906
principatus,1.0373387684560083
praefectura,1.0338320048626513
clodius,1.0531400456729352
executor,1.2861803816971153
religiosissimus,1.071499390076448
indemnatus,1.0368375089448254
conservano,1.1639155983702756
exsil,1.3290638851086318
invidiosus,1.0413999084930572
clodium,1.0686438627274342
confidentia,1.0391783207535552
fraudulentia,1.172754995084167
integritas,1.0376741949082935
parthicus,1.029483204489537
transgretto,1.1054279523200807
orodo,1.1163069472561906
iureiurandum,1.1172092356727767
coercitio,1.0804358240524188
candid,1.6351659164739896
petreius,1.072721348472084
inlibo,1.0460987074983055
condimentum,1.1097858207751718
flagrantis,1.1303810400274517
elum,2.082087317475322
centiens,1.0650128086185133
sestertius,1.0261486239436652
saluberrimus,1.051514061727725
pompeianus,1.0855038926107103
gloriosior,1.200715768250312
terribilior,1.4133097237186492
rubico,1.1886212079401453
brundusium,1.1070130023690579
tetrarches,1.149885513260284
uariaio,1.219665136913046
salubriter,1.0303687403770743
dignatio,1.0444583534986258
pharsalicus,1.0301164421217337
conlisus,1.1195657019186855
effotto,1.341798892712255
pompeiana,1.4942548923592784
indemnis,1.0591647346434139
uicto,1.1112419182317432
favonius,1.1014049576305596
adgrego,1.0999610950402143
calamitosus,1.0450222711392072
digestio,1.1224443428115112
breuitas,1.0156280116733063
iulianus,1.0398909606827478
hispaniensis,1.0947620970404675
adstrugo,1.3203319131769977
alexandrinum,1.262662949496616
sexio,1.1713860949037436
trebonius,1.1790358777326653
imponendus,1.7606355626804215
datus,1.413302104114133
ineluctabilis,1.0627489528792164
abolo,1.151197880181859
dolabellum,1.0998018127190832
computo,1.032125023754196
dexteer,1.3217108518020162
iulia,1.0847965429724427
octavus,1.0404139525423055
auunculus,1.0170876651351846
avunculus,1.0465095361072643
rotundo,1.2037195797819327
conseruator,1.078431430526628
inmunitas,1.226050754793079
temperatus,1.0374205519659259
decreta,1.0939829949356745
dissimillimus,1.0652780281441345
cotidianus,1.0118514828375866
scriptura,1.118173345362023
consentaneus,1.0484941519252653
inritus,1.0513283776927997
plancus,1.0346679290312168
pollius,1.0500048597381926
camel,1.2780361232331818
antonium,1.0314368713677007
privignum,1.3523794139178904
uentidium,1.25517234775031
pico,1.0328868998788587
incoco,1.1754539069939762
coctum,1.0390732851547777
cicerus,1.2557728730803248
caelestus,1.079959279165268
ciceron,1.2839652733076645
miserior,1.0387922649020531
prouidentia,1.0205843687322573
libertus,1.027691887764284
inuitamentum,1.1405914315676047
suffigo,1.0257033286233632
thurius,1.2527194795707133
marullus,1.1254273543547246
animaduersio,1.0387832603567098
reverto,1.144376319184185
deceptus,1.1445929713467935
crispo,1.0886416882949523
laodicia,1.2426832843510436
uatinius,1.1256701213744875
postfero,1.5063517898931624
deformitas,1.0286263701532117
turpitudo,1.0350470935120342
pedius,1.246082396202606
prosperrimus,1.051450270746369
aedificatio,1.1045093183256651
oror,1.0588151394541994
denoto,1.0947656688725267
tarditas,1.0232825030886545
fulgentis,1.2553990743823915
coruinus,1.0875615468806437
cruente,1.1581103681469285
retulio,1.2609120056036471
statius,1.106032085658798
murcus,1.30527547166347
brutianus,1.1758760468645437
proscriptus,1.2196743583361056
mena,1.3768311281778236
praedatio,1.165459657706467
vindico,1.0365361147590166
cassianus,1.1163778108709856
perfeco,1.1166678214581829
diuisio,1.0269179160561572
antoniana,1.328411535756036
perusinus,1.0863765395936964
eluo,1.0436876280720178
liuia,1.1863385229289123
honoratis,1.7497504262465233
altinus,1.1272357809338152
uagum,1.1532345589228459
inlectus,1.0680794648021195
praestiti,1.0635162766544417
obscurissimus,1.1376048873865674
expostulo,1.0493284997003476
misenus,1.07006688900283
absurde,1.0260795897740502
inimicissimus,1.1777901832097595
delmatia,1.1294313554301036
calvinus,1.1577882877803531
aedificandus,1.0437256113853401
exercitatio,1.0283996977793055
avernus,1.0298485263755255
lucrinus,1.0917580325207865
speciosissimus,1.0776558701202767
livia,1.0972767063783677
auspicatus,1.0400119565430985
promontorium,1.070162993478513
cornificium,1.090846152035611
titio,1.0782280116007794
semiplenus,1.2190733069471824
pravissimus,1.1639736579161748
indignissimus,1.118996849614549
amiculum,1.0555854834546954
classicus,1.0571877190105954
emptio,1.0306177434743946
crassianus,1.3750364715593961
crocota,1.1214601133116677
obscenissimus,1.1740254636455663
silium,1.181475363946698
exploratissimus,1.8045228976885153
terribilus,1.138650514602053
amyno,1.0390960668084894
antonianus,1.1124726759089276
publicola,1.0458190901509758
sosio,1.449287386006251
clementissimus,1.3031291707732793
triumuiratus,1.1348605851495017
philippius,1.2538306660597258
aspis,1.0417764552983249
cibo,1.1128692380555651
timidior,1.0737629212938775
clo,1.0866663026572494
dissimulatio,1.0204566784401574
inmaneo,1.0414856955702696
resurrecio,1.813748571219769
exsolvito,1.0849101845351752
antistus,1.244118451425056
praematurus,1.1241916605176536
votum,1.0801027130527803
emendao,1.1726346644572558
coaluo,1.8000590105328436
murena,1.1034940722734914
paossurus,1.116983415303428
puno,1.1430150464271922
comparor,1.135878176822886
octavias,1.1860257049752916
trimus,1.0420343040207896
innutrio,1.6494072159678101
celsitudo,1.3509383856184125
ostia,1.0426481542500308
lucium,1.1460698718593294
pannonicus,1.0346730337780596
lollium,1.084951859074089
uitiosissimus,1.1697235354938929
suauitas,1.0228139378658745
pulchritudo,1.0239358790153887
pannonis,1.102192281297765
nium,2.2475709679783202
diligentus,1.0568844327469318
expugnatio,1.0364768174313177
ostentatio,1.0251705866293128
detecio,2.524547473506286
sumpo,1.1323601789075002
inieceo,1.8956273793901846
quintius,1.032957552683728
iniucundus,1.063045106950706
lollius,1.0972401074715092
obiio,1.159331263051551
adduus,1.6243234291575324
participo,1.0592862446030102
conuersatio,1.0877591231647503
remotissimus,1.8023092938641596
angulo,1.0365850433646189
hispanias,1.0505789945142285
rhodo,1.1454870698248576
aeternitas,1.0445975848108986
astutia,1.0494852477815468
mediocritas,1.0315566688815818
reuiso,1.0234138981563476
exultatio,1.2010758500023984
bructerus,1.0994253140582624
liberaliter,1.025648148465136
tiberius,1.057045178097565
perlustro,1.075028280242174
infinitus,1.0172048925124693
quadringentesimum,1.1607406145155812
albis,1.138522864151955
obseruantia,1.1028505133871656
inaudito,1.112847978578831
praedictum,1.1041457945959876
cavo,1.068157938650438
felicior,1.027949171916327
nauicula,1.065917004019517
respecto,1.030229037408678
elephao,1.1654701827007468
hercynium,1.1492108892306345
praeualeo,1.039314667002342
exercitium,1.083179104267543
saturninum,1.1108159184486093
cattus,1.1100975360677803
hercynia,1.1007228842307943
carnuntus,1.111675537251021
danubius,1.0647836036225404
divisa,1.7271194618646288
peritissimus,1.0543085391042446
tergestus,1.3484043190175687
eta,2.8999222525936834
negotiator,1.0348626469912265
temperamentum,1.0262875990672569
ciuilitas,1.0708383272593491
imperatorius,1.0342115768561506
caecinus,1.124044186152774
adiutorium,1.04122146235335
converdo,1.0511257683325326
incruens,1.1891471677015428
tibere,1.0995498241313115
prauitas,1.030241183988992
gubernaculum,1.0252864892361888
suauissimus,1.1951255008089807
imbecillus,1.0551241665227002
publico,1.025362936647602
balineum,1.058689996376004
praedicatio,1.0552111014552568
uibius,1.22140886610424
apronius,1.1399374248522047
splendidissimus,1.084408727564834
ciuus,1.0465737735494782
simplicissimus,1.0868267309421682
inmaturus,1.0524820239112407
amplis,1.1736266534407727
consummatio,1.0893683511044119
socordia,1.0447778407571575
frequentus,1.251699064292948
uaro,1.4256142629948714
atrocissimus,1.0660121612903861
marcor,1.2951262749229666
teutonicus,1.0866001459446413
uacillo,1.038904191565596
credido,1.0624452936692197
caedicium,1.112957901783277
aliso,1.698631928908051
caldus,1.0375867886233416
uiennensis,1.101108655191972
eluceo,1.041451430762156
raetor,1.1282873884555298
neapolitanus,1.1521331872715266
imbecillitas,1.0159885483087039
benevens,1.2079267543727652
festinanter,1.0489281120556158
confusio,1.0618557001176336
luctatio,1.213894642218621
ordinatio,1.0754016246771658
sacerdotalis,1.4422112440482797
maturitas,1.0253270926713371
generosis,1.2839920994596237
theatralis,1.0484831437115851
antecedo,1.0176108645984185
humilior,1.0290116585881777
scaeuus,1.0473866270233507
strena,1.3649310074781018
seianus,1.108793024574217
adsequens,1.6532180973268507
coruncanis,1.1054525711473149
inquilinus,1.0556011576543343
interemptor,1.1999274202378953
exaggero,1.0301729897117886
medicamentum,1.0523536866466399
florus,1.260315834372127
praecipuum,1.1229110255230903
silius,1.2606525914015838
obtestor,1.0333069523288063
agricultura,1.1500277855254926
inperitus,1.1055903985616242
aesculapius,1.056437479503727
subtilior,1.0565139192358184
soliti,1.0571521467908407
contemplatio,1.046710761423144
magne,1.042438577721255
professor,1.0598470762128702
hippocras,1.0522635259939048
dioclis,1.085653439837345
chrysippus,1.0072728401444302
herophilus,1.0508998680143886
serapion,1.1541542033903505
rationalis,1.0282672084985494
apollone,1.1336377275075946
empiricus,1.7658037771737358
asclepiado,1.0435502619385042
hippocratus,1.3525224537441987
transfundo,1.0283629478067011
inflammatio,1.1279184354103071
erasistro,1.1180997201221237
corpusculum,1.0308061264620691
inuisibilis,1.4239159807876938
inculco,1.0378830798346188
concoquo,1.074055482570686
asclepias,1.0681158442252965
uineus,1.0539019594208054
pluteus,1.0475312839563693
scrutor,1.0288484735499752
erasistratus,1.0576039052358253
mollities,1.0707777740618418
levor,1.516343252960433
extrinsecus,1.0207723308488796
disputo,1.0166348577226412
improbabilis,1.203749721434218
disputatio,1.0173017287661235
derogo,1.0449360306457474
ratiocinatio,1.1011662550610037
uenaticus,1.106351033930651
incomprehensibilis,1.1219514119774345
seneo,1.0677965378939418
remissio,1.1222172270735216
inrationalis,1.0319812258969638
eiusmodi,1.0256818829019803
elinguis,1.0519576493585694
hinedius,1.2017646379595435
cruditas,1.0515755535430094
trucidatio,1.1314863710151144
stultior,1.0572930507997658
discitto,1.132916385135021
saeptum,1.0930651877911592
latrocinor,1.1065879755135688
quodammodo,1.0308305104698885
aptior,1.0312233469352832
ulcus,1.0495892472195345
inveno,1.1255774573427269
fatigatio,1.042515013184908
luxus,1.0160486011025291
frugalitas,1.017811996279941
febricito,1.0481224250205723
excerno,1.1442183514519935
adstrinquo,1.2574374628346083
profluuium,1.0506266261818145
uehementior,1.0307229128467632
obseruatio,1.0425903584284673
euidentia,1.0735149602304843
obnoxium,1.047689000300121
adprehendo,1.0438485404414084
arteria,1.0318075791278045
medicinalis,1.1828743822897565
dempio,1.2539357169838425
exterus,1.257013320258625
suptilis,1.1496728405023355
ualetudinarius,1.193758694075968
deiectio,1.2050383270085856
inspectio,1.042678609783067
purgatio,1.0640099970116526
inexercito,1.0733960015697983
exercitao,1.2333250019848212
inedia,1.0866728483869623
reiecio,1.0644897897030006
repraesento,1.030562792942164
athleticus,1.1973803707370771
inbecillis,1.1215374056353438
uespertinus,1.040096870289185
grauedo,1.0956138525811343
urina,1.0405603683773204
meridio,1.2306815666931403
lucubro,1.1619183782412894
lectio,1.0347199998125107
ambulatio,1.1106557564254782
inbecillus,1.0548818197982992
flexuosus,1.0524210862148036
unctio,1.1386526784156934
abstinentia,1.0280182059269753
salsamentum,1.2095976375046142
assa,1.0788358625450785
palmula,1.0664358003044105
inedii,1.5386149598917032
uitandus,1.054051931540846
sexus,1.0094213046582836
paullulum,1.0294199740737011
perfrico,1.0500105112353184
contritus,1.2004373236252068
inhorresco,1.037144079384979
frigeo,1.034019844148954
calefacio,1.0394003040409643
frictio,1.168473667231453
perfrigo,1.5279965770111472
pituita,1.05249483294863
ambulandum,1.2017834044136408
acetum,1.0480853650384914
inplio,1.1933362661937104
salsus,1.0176242585592428
praefrigidus,1.452423421729436
asclepiades,1.1346034028195988
subtilus,1.116860576427642
conrumpo,1.1118060794472864
ructus,1.2531104966016622
similiter,1.0260561830235113
mell,1.0317681740176974
hysopum,1.1087101519257652
radicula,1.1067095870344938
continuaro,1.2467013036655386
inflatio,1.0547644347844347
inedium,1.02699674440653
aloe,1.056927644069504
carnosus,1.4756530496466376
frigidissimus,1.092699833938076
inriguus,1.0218892971371814
aestuosus,1.0836414871552642
inlio,1.2356503781216766
inminutus,1.0519732160044344
lauatio,1.099246092131191
dilutior,1.1331466280423332
elixus,1.1699890548120646
prando,1.0875387054300911
calciamentum,1.061615155444857
nove,1.0269605975282625
canalis,1.016023065491736
adtingo,1.0354170145887187
inbecillitas,1.0241705283936438
destillatio,1.116108220589693
fovo,1.6743103600723885
agitatio,1.0513754843600118
oportunus,1.03679611691884
iurulentus,1.1638586749538646
legumen,1.030074826049328
decoquo,1.024362690916138
offensa,1.046814603577655
defrutum,1.0555939182415695
acesco,1.1116415070211347
egelidus,1.1250103265994964
exerco,1.0822980393801236
coxa,1.2410820154758575
uulvae,1.0892791625468352
struma,1.2538271990233172
peregrinor,1.0406258784451488
hippocrao,1.1321066494568697
recentior,1.1073376327779865
praesagio,1.0456394523031383
aequalitas,1.030441264191494
septentrionalis,1.0669138484995482
subsolanus,1.144337915900806
promptior,1.0322411705662284
obesus,1.0917058880562003
pustula,1.1420968893049588
comitialis,1.0352179998379658
angina,1.1606982142551996
auricula,1.0634650423250722
tenuior,1.088013991146714
lippus,1.0804809826975856
mobiliter,1.131364670411759
distentio,1.2648648925764536
alui,1.1950768056863754
resolutio,1.0844282133859908
pluvia,1.0719763047535023
abortus,1.1217178958268648
durior,1.0271119284747
gingiua,1.0419515973538982
febricula,1.2781721451805677
glandula,1.1545771509391476
uertebra,1.2347953292556246
uerruca,1.0582453865176216
quadrage,1.0408706298901662
pubertas,1.0381204402212565
lethargus,1.1431184704362858
cholera,1.1128487167414947
ren,1.0746071492577254
dupliciter,1.0480985910917577
stultiloquium,1.2175104441704228
soporo,1.0369670245394034
oscitatio,1.1571071548675949
sternumentum,1.1930267888202661
nubecula,1.3088898039288501
foeditas,1.0210892972084458
lumbricus,1.0296309829691765
porreco,1.0732895655360326
glutinosus,1.061489954095279
inflammo,1.0249644700460632
quaeue,1.2971089694351807
decessio,1.1598634480069576
furfur,1.0412986888693325
phreneticus,1.0583577391089976
lividus,1.1232986700025738
micula,1.2035560293420844
conco,1.1852767031236235
uenula,1.2470283207880148
innatus,1.157955139806599
inhaeresco,1.2273659355726407
palpebra,1.0745698445394083
decoloro,1.1000268692380795
deorsum,1.0267144263973282
aridum,1.0436108907359622
devoro,1.0486960101496614
ueratrum,1.2529089225278816
gravida,1.079924312937014
purulentus,1.1604085620269713
accesso,1.0342344008428128
maturior,1.0771214692577171
deterrimus,1.0270410042234428
strigmentum,1.1096862116070347
li,1.1332573064839626
evito,1.1047951588508644
desideo,1.0450392605674708
inuicem,1.0457184436379539
articulum,1.0950783659241743
prurio,1.0503572088842912
praecesso,1.1150041862793978
uulua,1.089996550153684
exulcero,1.0950508477054324
caruncula,1.1725773767397807
bullo,1.47473300749628
frigesco,1.102209514999895
levamentum,1.1972276797017252
destillo,1.0741079487318366
calculosus,1.2012228157654938
scabo,1.3446881893622322
excuto,1.0418589400648506
mamma,1.0205557489269308
profluo,1.0390757305951683
expectandus,1.1567554836412597
prurigo,1.096254005127504
opperio,1.2128941195454175
coigo,1.154731315921115
iuuenior,1.1192712721848292
suffudo,1.215578476980999
quomque,1.305241249853739
maxilla,1.0617254027552865
septum,1.202194261113633
detractio,1.0418070540054223
calidior,1.1153665172040261
tussio,1.101761758530187
inalbesco,1.7963092674317487
uomicus,1.1243344266474216
inualesco,1.0894032241946348
eic,1.2514964503222654
urguio,1.7504876198703923
tantulus,1.1567988725200198
conveniens,1.1056839542919552
cartilago,1.0822723465848545
inaresco,1.1165321226288805
callum,1.0469282657757022
gravido,1.2836146711358356
mussito,1.0663297234391853
obtundo,1.0344292745449821
surditas,1.1468973602627774
minutior,1.0859102739109807
fumatus,1.2962810494603239
mortiferus,1.0439600003633933
araneus,1.0687379416577372
expuo,1.0446779149451217
spuo,1.0998099595860935
sanesco,1.0948113903814713
eus,1.5927520981677843
sursum,1.0318110058013636
conprehendo,1.0350144642288257
adtendo,1.050577349851467
xxv,1.0775856149921015
xl,1.020044835916984
arquatus,1.1875586622501217
inuerto,1.047846502363136
suspendium,1.0278630183850144
gestatio,1.15016914679622
praegnas,1.113440447531329
intentio,1.023670793370955
conceptio,1.0866814353777778
laesero,1.165646707085237
sate,1.0309476964696043
uerisimilis,1.087097433441167
sas,1.0529592059345039
eatenus,1.0717881171741852
incidendus,1.2729281553333236
penicillum,1.0788006221815836
caliculus,1.1749499442891669
pultarius,1.189224546548855
scalpellum,1.1246873916102096
confirmandus,1.0579015342622131
liberandus,1.1120268627552352
lactuca,1.02533981323618
asininus,1.0727625034016945
caprinus,1.0226531488253567
stercus,1.0304032290506464
infudo,1.1506716428556536
ualentior,1.193634864133559
mulsa,1.0378988748002116
tisana,1.0827746244317071
uictito,1.096541465034261
tolerabiliter,1.0642055208954764
praecepio,1.1172278349632605
curiosior,1.0535412080207507
interpositum,1.4075919044497605
pertracto,1.0641430831272984
luscitiosus,1.1066318430944608
celerus,1.074366503659888
quinquagies,1.0972881171250546
fulmentum,1.1450744278557796
inutiliter,1.0641645473930557
robustior,1.0699198307026878
circumio,1.1730669204491593
perunguo,1.0668598440065848
perungueo,1.1799545761667154
curiosus,1.0203017796942795
linteum,1.0561640103322318
utriculus,1.4653444004117968
lenticula,1.0596016853367718
saccus,1.0611534539572096
latior,1.0265238929430802
detrahendus,1.101976760721343
panificium,1.257951301558319
onager,1.0615428789593484
cetus,1.0454583777763224
adips,1.0785852065556976
phoenicopterus,1.1377052515369708
caulis,1.0177303734100935
capparis,1.0737565988908007
cochlea,1.0414534995168045
firmissimus,1.0463303135645121
siligo,1.1089001692047378
simila,1.1066633773477623
pollo,1.2232366028626154
rapum,1.0303564642321
specialiter,1.0886431010946247
beta,1.0501965188658926
porrum,1.0240975092843312
asparagus,1.0435680473865976
surculus,1.0099601727932501
sucosus,1.2517442645602836
grandior,1.0841881940876736
ficedula,1.096957014903045
bubula,1.0287904310292493
tenerioris,1.2157387041089367
oculatus,1.1652672457436204
mullus,1.0541977731748984
cohortalis,1.7663150154951957
cerebellum,1.1036314117202608
petiola,1.1590769646350323
lutum,1.0205836237278227
halicus,1.3523933676910074
oryza,1.1173958518153835
sorbitio,1.0579475640088816
pulticula,1.1118769622616176
siccior,1.06459246088893
puteo,1.0305882416537064
crassior,1.0365646772319896
portulaca,1.132062037577471
coclea,1.0367731156580695
garum,1.1058134574651235
porrus,1.152105337756101
rutus,1.0315483601623452
feniculum,1.064151857722502
cuminum,1.0366467870974758
anesum,1.048692798160395
sinapio,1.0407174127268233
uirosus,1.1518058823246724
defrutus,1.5777618658822816
ocimum,1.0578118211234677
cerasium,2.168420668969262
sorbus,1.111488028586015
pirum,1.0300943054943958
orbiculatus,1.2732377700131283
nucleus,1.0420381225642665
murium,1.1343603725295086
asperum,1.0155568202687932
pectino,1.18888004364013
praedulcis,1.0484575898209496
nasturcis,1.1016695887424568
pastinaca,1.206193009965325
coriandrum,1.0311137027758523
elixa,1.1403644320447184
cerasia,1.4148945994260378
iurulentum,1.7662750352866194
lolligo,1.2922132847705032
hordiacius,1.2126178866677644
ocimus,1.1463374487846159
betum,1.1383916890944878
peloris,1.085734868731769
echinus,1.0478902867935795
musculus,1.0409611092455913
conchula,1.5376787389895206
fringo,1.5387639803808972
palumbus,1.1514639058426654
posca,1.0393458939117615
sebum,1.5012650122331346
coliculus,1.0525995618250763
satureius,1.0429819662241568
erodo,1.2564435996866608
sucidus,1.1121387617362373
contrita,1.3181827681623164
serpullus,1.1319680891259054
puleius,1.0482509766815427
hyoscyamus,1.105757483885425
spongia,1.0534454197722196
linteolum,1.1132440696977233
gypsus,1.079339954512232
murteus,1.2947404749013272
tenera,1.2290359653034948
lentiscus,1.0363858354807314
tamarix,1.2513070609221395
coco,1.134161223637192
murtus,1.4554562554144064
cataplasma,1.7254054218601538
lolius,1.287086379131318
adeps,1.1275477533209708
euidenter,1.0684913430197085
recentus,1.1070941603893976
subrepo,1.0548336688864604
simplicior,1.1260760744300056
perniciosior,1.1024281691247733
pugnaculum,1.3174519737339094
cotidie,1.1004953050642337
pluresve,1.0847889677147373
abdeo,1.2740934949467886
faeteo,1.350551237895447
servao,1.321840082966714
adsidens,1.050207760307578
quamdiu,1.0275068437309416
exinanio,1.0865646076326279
recidiuus,1.1143221193646327
oportunior,1.120170582617409
conseo,1.068391456340752
septenarius,1.064602391323688
hippocraten,1.1872905708531667
coniecto,1.0241075112865852
commodissimus,1.1900718204807184
remissior,1.0973242886075503
vero,1.17491604399089
antelucanus,1.103107643759665
motio,1.1604297511903814
solarium,1.0386772114231602
periculosissimus,1.0742666849198514
indulgo,1.1146462377503106
sollicitudo,1.0169181926304474
despumo,1.0361143931648085
intritus,1.2180463693835424
eloio,1.1470693224474482
conchylium,1.0359174129380881
dulciter,1.1497919716810918
agitao,1.2677910116081825
fluor,1.1753573945610734
meracius,1.172384819583501
perungo,1.0594378200350456
infractus,1.1969531559788884
praesentus,1.1252508760036046
huiusmodi,1.0416324779023032
xxiiii,1.091435867957802
mello,1.2415076920390167
petrus,1.4541836212337718
assus,1.1287495268624397
herophilis,1.2447903593611638
circumspectus,1.2406000265168649
novo,1.1129142694906744
pittacium,1.0831678452106772
intingo,1.2114222717301353
papavere,1.344511998194625
olfacio,1.0992916124219074
anethum,1.0935272843505204
pulmentum,1.0618479714293978
detersus,1.252037024654446
admouendus,1.1406339264911454
metuio,1.1833018697720306
uehementissimus,1.108470762800023
nonnullus,1.017064173577041
foetor,1.0963272171473641
austerum,1.138212897820707
invetero,1.2279688126140205
confrico,1.1727340911934585
meminor,1.084520885759733
praevenio,1.1278122089460836
copiosior,1.163634426656117
sustino,1.0800694758283087
refectio,1.0394685018209517
attendo,1.0367240411708298
gallinaceus,1.036481811976947
sorbere,1.4635004102929938
sinapi,1.1888097855138977
portio,1.0986328002857706
castoreum,1.2126806438653548
phrenesis,1.0721870327176117
tondo,1.0516216276864836
noviter,1.0368857610972295
obiurgatio,1.0476572700527431
mandragora,1.1059424077540088
polluceo,1.0753409678546606
obdormio,1.0655001378140032
occipitium,1.0530348126554865
dispetto,1.203636071971302
patibulum,1.0319153398695535
delectatio,1.0486888651391106
aiacis,1.1332272236891627
oress,1.0520837788290884
peregrinatio,1.0516064669360932
delino,1.9019365221412285
gypsum,1.0650162565715995
hemina,1.025093854727918
perunctus,1.9367688941627204
galbanum,1.089480264147346
ceruinus,1.0558443666296053
conburo,1.0598722509344911
foeed,1.1134676414952462
comprehenso,1.0577095867086257
inplicio,1.746842952854381
malagma,1.084104685285431
epicurus,1.0166625187466896
clibanus,1.091911653203379
apsinthium,1.192392806674016
cinnamomum,1.0715365503456342
balsamum,1.0570695538653077
ladanus,1.2231067605285924
oenanthes,1.2849705947184307
cardamomum,1.0403527914481956
hebenus,1.253103102534885
cupresso,1.0226254101923422
styrax,1.1525996293344474
quadratus,1.080064608624054
aroma,1.180148465928743
scillus,1.1863682198553775
paululum,1.082761696686451
semihora,1.1555858497555234
inusitatus,1.0202185162320714
adtraho,1.0557746675991917
adiectum,1.175857586324932
pthisa,1.0810461675580012
deuito,1.0354556764082512
obtego,1.025181110757242
pthido,1.0601875718573208
pisciculus,1.0550421555509677
incogo,1.0533813942478845
quaterve,1.2156969476160704
marrubius,1.0816055288368556
incoctus,1.149814508530017
coclear,1.1012245837789614
delingo,1.2450850497838366
buturus,1.259223277069687
acutum,1.2955594243456552
comprehensus,1.0325384832114495
commodulus,1.188875831288241
crustulum,1.1433970606956987
discuto,1.033268196251792
betus,1.2037595674586012
cultior,1.036551036213329
exhilaro,1.1351695729484392
adhibo,1.139621656187155
aliquandiu,1.2576480387929614
iacior,1.6214357286885956
abellanus,1.9826286762859415
uentriculus,1.0709664273551063
musculosus,1.0796171523647926
saipio,1.1747863851734441
intrinsecus,1.0556690402816524
gibbus,1.1172148897915695
membranula,1.0925014549025152
conuorto,1.2328210251586456
dexterior,1.2334348059396139
peruium,1.1175147888792158
uoleo,1.1212845021790145
omentum,1.0885549494192135
abdomen,1.071308291507809
susum,1.159143431875723
alienatio,1.0393816301001342
ceruical,1.2384120244221717
gargarizo,1.1082647863290096
adrodo,1.556047406664327
hydropicus,1.079169094878435
manduco,1.0979022072739648
laso,1.0771799756637634
brevius,1.0381233950659299
inportunus,1.1115101197993331
adnecto,1.0259653272580562
subtiliter,1.0838695706356722
indiscretus,1.2284666704449383
uitao,1.137423104422056
adtonsus,1.4012169391976392
pilleus,1.0398229652453705
apalis,1.3348863443688723
taurinus,1.042789560727523
profico,1.1395727346690148
ecficio,2.119016810077685
angustior,1.074700560070837
sibilus,1.0791044031163635
cataplasmo,1.2154253361592677
frictum,1.0457166186209583
dorsus,1.248909888481681
pinguissimus,1.0929157988823701
validus,1.1401059890096747
uehementissime,1.1716985198531098
qve,1.2594391788114867
extundo,1.118668480926171
grave,1.1823997027582533
resipisco,1.0573254340496
utrubi,1.2777758441250828
intubum,1.227016931109046
computresco,1.2477905125261248
adstringens,1.2790516796704836
nucleum,1.3145497558551245
sesamum,1.0700806074065947
pinum,1.0991105619450594
renitor,1.1571004513302656
ephesia,1.0313708012154736
arabicus,1.0451801443871271
turbulentus,1.0310321502498763
muria,1.0315341531968047
tinctus,1.276604927477873
ferrarius,1.061740722292085
animaduersus,1.0304828465848412
trifolium,1.1565460823600213
esus,1.0771838486525134
nasturcus,1.4043007359572781
hirquinus,1.1620296782312884
xxx,1.0181750123029667
xx,1.025186623481916
coeliacus,1.2134521411871035
ti,2.0132387010127624
percolo,1.1451357815138818
uinulentus,1.1439643209370118
confectio,1.0809380697530786
castoreus,1.399489393563516
petroselinum,1.0874056237144059
myrra,1.171777736523612
dysenteria,1.1724282418442966
desido,1.0656904558761429
subluo,1.150232467099298
butyrum,1.222528155968596
uitellus,1.047986114815623
sinapis,1.0892472675678058
contro,1.4360296282043303
acetabulum,1.027193365115488
sextarius,1.0129252108930593
peluis,1.0554055955717947
decocior,1.136222499259098
contrio,1.0867109277977103
acacia,1.4158344235154605
emplastrum,1.052513849001809
alumen,1.0885367275362183
selibra,1.0760407980775823
sorbum,1.046953418505083
unitas,1.0942596297618874
gustus,1.0184187123910162
insuauis,1.108768549841667
excavo,1.1994320125905495
piperatus,1.148811371805682
efficax,1.0430177583656695
signinus,1.2419618851342549
circumcido,1.0658207803852369
adpono,1.0275158426302302
suffumigo,1.159912282806162
repetitus,1.9612973457770517
uesicus,1.283055126227536
hem,1.075356958534585
malos,1.8271151196212996
parcissimus,1.0843031097777327
arenosus,1.0838575970158606
apium,1.0649143823541192
cinnamus,1.2687928397353847
casium,1.4486588011645765
comprimens,1.2422605726660878
bu,1.6341750828960362
hordeaceus,1.0470162729458958
inula,1.1433263875065345
ustio,1.1013878936859585
castratus,1.0614546290138247
uspia,1.0336961379127716
feruefacio,1.3086582498229742
ibiscum,1.93096317187204
misco,1.162816548419281
assio,1.738348953439746
quispiam,1.0264649191760291
crebrior,1.0581975954997316
zeno,1.0317866388394743
andria,1.1627597324515777
mys,1.8653214555568454
innexus,1.239416559018503
glutino,1.093314711315717
gluten,1.0969667693374765
scissilis,1.339656261261308
propola,1.2739062975278928
fuligo,1.0836461766713883
bdella,1.5035433230344137
pyrethrus,1.0781377278956015
hammoniacum,1.180670359067093
bdellium,1.6574329630987088
coccum,1.0507758649467576
scobis,1.069239998557115
coagulum,1.0483194238210198
cadmium,1.33362225327988
salamandra,1.0925574462786711
caprificus,1.0984585833019553
tithymallus,1.2547534852859106
marrubium,1.0585880597069546
corallium,1.4894899843142575
ovilli,1.333529183223295
cruso,1.6952785831182053
resoluio,1.2166150184212157
helenium,1.1581593752301775
amaracus,1.0500626261629902
gymnasium,1.0303875981180206
pyres,1.1998920633136063
grossus,1.060792014539941
compositio,1.077050661494596
adcommodatus,1.0812636823820931
scripulus,1.219917978532425
pastillis,1.849352619175171
metallicus,1.243664892482229
laboriose,1.141067509083806
intemperia,1.7280202963809683
inlino,1.0796855186928567
andreus,1.6537648318922427
micona,1.3126226876051426
aristo,1.0927370558211646
numenium,1.2691734101116499
uiii,1.081331908935198
struthio,1.1093456056045135
irido,1.3462172240406571
cardamomi,1.0567744562314436
xui,1.0744239542800933
lysia,1.0496585916299424
iiii,1.0731064762872236
uiscum,1.0484562138775644
andrea,1.3155534255074033
sycomorus,1.2210436007462266
thymiama,1.1740153586410846
s.,1.1019515726860611
difficiliter,1.205186090994006
protarchus,1.2788264675329981
pinea,1.15559357049984
uiiii,1.0811835498271818
thapsia,1.1991684766775206
melle,1.151046473494781
quaesitum,1.0523396929116986
xiiii,1.102344941414245
nepeta,1.1087149143861326
chamaeleons,1.0985305795756217
numeniter,1.228048000489544
cedro,1.1627486116778738
callus,1.254640697426767
smaragdinus,1.1153661464506026
hecataeus,1.1046048002450286
supercresco,1.272869630451487
diogenus,1.1810186829020093
ephesis,1.364580526416945
tantundes,1.0306287596087678
nigerrimus,1.1063771530948552
reiciendus,1.3513700558873771
exempo,1.4088942854146091
pellicula,1.0752155402246049
xxxii,1.108746274377631
hircinus,1.158264198754114
xviii,1.1102205079843592
cc,1.038664800804523
scillitus,1.5756737216845864
diogenum,1.0525842407889243
xxxv,1.1180070316852322
rubrum,1.819966940097531
ephesius,1.0355012435483368
xxxvi,1.2025583333990382
leucus,1.204207559156464
liparus,1.122009412265103
xxxvii,1.196919169579796
altrinsecus,1.1154932551658134
myrteum,1.258481608267331
recrementum,1.4337304918767997
bullio,1.104580582780721
polyidus,1.1959669692960446
sutor,1.0730357149938197
deliquo,1.7036816190382573
foenum,1.250010784808463
elatus,1.0694332229875017
leoninus,1.0775989731436788
inspergo,1.0903802945594188
ingratium,1.1833769038301574
hera,1.4644755129264466
inmatura,1.1829503630490465
iolla,1.0437507403274662
sandaraca,1.7794170646625282
timaeus,1.0417779431431409
antidotum,1.1088054089074584
desiderandus,1.626363165505453
acor,1.2307163238697207
silis,1.1165211997873066
zopyrus,1.9397706482267694
cilicus,1.0615400579578098
stacte,1.2557893223278593
iridis,1.3286847520795824
opobalsamus,1.2628466667810794
zingiber,1.1442982664346588
aspalathus,1.1670098486099496
iuglans,1.044731063208934
mortarium,1.0453301844441643
uitulina,1.2236697585622776
sil,1.924302932330603
lacrimaa,2.0648868523773216
ommutesco,1.6075798372970393
lupinum,1.1943515310667643
dictamnum,1.1640120175391186
adtollo,1.0563215437395668
testiculus,1.0649082313166456
retundo,1.030312993843933
exercitor,1.1308594542529191
temperans,1.0740831934168644
penetravo,1.579293996802105
elanguesco,1.0790853163637126
singultio,1.659445463334116
dicturio,1.0700445717542484
coloro,1.0388149055914728
pinguitudo,1.2192625449723091
faeculentus,1.2656283322081856
subprimo,1.3333263397583623
crusta,1.1090398107576864
iuvenilis,1.0649736657753597
discindo,1.0222158016796488
bucca,1.0751513904789736
emaneo,1.1428469444717866
interius,1.076885087885003
conlocandus,1.1551679691889403
utrubique,1.0314079567085963
adstrico,1.0927407567970895
balbutio,1.2110349801762976
supervenio,2.1731484969789454
uitiatus,1.2710668839102142
tic,1.4128387723037985
lit,1.1089164405833472
neglegendus,1.11645091232769
derado,1.1495613743580608
filix,1.199461339621708
magisterium,1.0376175267467413
hydrophobus,1.1165550092756662
piscina,1.0305078482693317
vexo,1.1434865250670938
amaritudo,1.0403503399930525
exsugo,1.6510771769492636
psyllus,1.0784694891301099
uenatorius,1.2175692906808562
circulator,1.1971818885274388
anserinus,1.1237419018381856
solaris,1.0634171157307075
siluaticus,1.305051285436019
araneum,1.071266427241245
cerastes,1.092008452168081
dipsas,1.1986521142252105
mentastrum,1.2990194879062742
phalangium,1.2982190632313608
cantabricus,1.0669800725259826
yoscyamum,1.0914915371297518
sanguisuga,1.1310400600912491
coctura,1.2199966637225788
canina,1.2848050800341242
lipara,1.5663083631872887
novissime,1.105029032572941
carbunculus,1.0379710497843533
crustum,1.1150191551936215
nonnunquam,1.0756390792335153
splen,1.1964910038613563
aspritudo,1.2319951264230877
exacerbo,1.0625125117676322
adustus,1.115784884072793
exasperatum,1.26555501118105
licetne,1.0488427993870941
callosus,1.052866959292597
imbrex,1.0770875854751116
coctes,1.2843509701635876
adcedo,1.9946176808091645
repero,1.2696999620389045
furunculus,1.0939247888629107
fermentum,1.1128070858970946
planior,1.0265988917378301
minutus,1.084047245423405
generalis,1.0283949068964278
innocenter,1.1299134556837107
transcuro,1.143414983620827
transversus,1.151923715989267
tortuosa,1.5012963133480142
uessicus,1.8940326265695815
infusco,1.0631401563404876
alitervne,1.0737979020216353
collyrium,1.1019812483657199
conbustus,1.1789753116879804
papyrus,1.0762119111396666
intortus,1.643585319074024
utrin,1.0829457190209992
uerrucula,1.1327258493730996
aegyptia,1.5791792364653272
myrmecus,1.838725961354044
cantio,1.1065588540321438
propino,1.0825251385271717
amurca,1.0141645107560986
impetigo,1.1078338966527168
papula,1.0624696499955797
rubicundior,1.3384358699066976
pauxillus,1.1114507700624319
defrico,1.0777424038029164
cruda,1.0799810386172095
disperdo,1.0884610214391037
mela,1.1500601071241456
leux,1.0721279712075007
irenaeus,1.1860928672529822
excresco,1.081095348069944
glaber,1.0841834998791884
nouacula,1.042686515552715
fossilis,1.1750925608990515
trypho,1.0910813942614164
amarissimus,1.115229058731406
lippient,1.141983855740374
incogitabilis,1.3383179991522047
excipo,1.037207428676138
inlinio,1.2638564020881349
adglutino,1.1509765097342257
sux,1.089543870996861
k,1.2642447815251583
absorbeo,1.054396532458303
exaresco,1.0412772969467141
furcifer,1.0413004338685603
teneresco,1.1896246664438763
ocularius,1.2329033769521391
aster,1.4587384148864004
libanus,1.2362017580261817
peduculus,1.1483065690612946
coctae,1.1772477023019783
bn,2.448550882850528
adcommodo,1.051522102049417
inunguo,1.217415736207395
cervinum,2.2750720163506917
efficaciter,1.057191716038823
lycum,1.4459626986589444
crassa,1.148152857506737
ficulneus,1.0735166088036059
caesarianus,1.080498935873275
gravesco,1.2243580850635125
scabris,1.2395021752883373
insipienter,1.2084490512064778
malitiosus,1.0618371514548761
contectus,1.323984671426858
basilicum,1.2038547539990325
suffusio,1.1028523257874674
paralysis,1.1109397116533737
pupilla,1.0848234780789205
hebetescio,1.6947653466617734
obcaeco,1.10825519597342
expresdo,1.1218598092495105
chirurgis,1.3478417737520412
conprobao,1.2614104789027547
uermis,1.0343771054731699
eneco,1.0557385924971348
emolleo,1.9341362291319568
attondeo,1.1856146799779064
pulex,1.060350529915632
malleo,1.0522739537419377
vno,1.183087586844083
involutus,1.1311241693656118
consilesco,1.4190588217979583
ramentum,1.068401389738155
optendo,1.306379350486236
conuiuo,1.045611104362885
quadratum,1.2331128845664794
rhus,1.1277701333315409
syriacum,1.256413960491281
reteno,1.157859641502229
chelidonius,1.1135739176030957
apsus,1.4474175011978978
frictus,1.0888452398761315
exsicco,1.0492756701327903
refigo,1.1253529972325003
perspecto,1.3849838054658152
uerecundior,1.0844821184600952
explanatio,1.0712528152189627
cautela,1.1845569985433462
constringo,1.0105222580668476
superfluo,1.0750911063421036
nequis,1.1010431851180411
ustus,1.1801585107557855
fricio,1.759359394629603
cotonium,1.3058055802953463
dionysium,1.0300230320179737
compungo,1.0759149311559906
purgor,1.121535531301649
philoxenus,1.240491236190498
gorgia,1.048232703789509
sostror,1.0796515428805082
apollonium,1.1577123093313364
tryphon,1.0779880274640852
chirurgus,1.1239241564279703
intremesco,1.2419183078919906
misericors,1.0531787862379045
uindicao,1.0837217744722438
luxo,1.2044332796919814
hebeo,1.0721644213939836
resolveo,1.3636660385284138
ramulus,1.0390799136119946
obiceo,1.044283147782556
opitulo,1.2462470633494949
hanco,1.0816311899814275
alligor,1.3919272082134346
uetere,1.3550689725830842
retrordo,1.126354812437853
forfex,1.1020856325999788
plumbeo,1.2385678126525859
terebra,1.0510518182486233
uarium,1.3530429727754516
paruulus,1.0348284336130054
eiecio,1.3880067075509919
parvulus,1.0573675485680407
chalazia,1.8080063573068994
adprehensus,1.0560487993130894
expector,1.042393952366248
itas,1.5723686547372373
averdo,1.1017231958242621
incommoditas,1.0765029766268335
animula,1.3199409216620388
pulpamentum,1.1103526927675058
uenerius,1.0535090561554479
perangustus,1.0999698933258644
uenusto,1.0298229877568839
adglutinor,1.5337591333462843
asprehendo,1.229933184045398
quantulus,1.0319736085850832
uenustas,1.0406082576849547
aurichalcum,1.147671871175645
luno,1.0372171754078152
acinus,1.049540790371549
subtilissimus,1.0994908800840313
caesius,1.1184578027443697
caluaria,1.0825967378102803
primarius,1.0952965592971704
opsonator,1.1291995796365204
cinaedus,1.0359138949725142
malacus,1.2186714596440946
inrigo,1.0371311924703897
erupo,1.226913470768982
indecorus,1.0204820649712134
na,1.1992326782372986
pur,1.3572226907044427
dinus,1.8727894793830602
spatha,1.138567368564924
inplicitus,1.1447448719474318
enodo,1.1089280214049368
circumrado,1.5327293852516002
conprehendio,1.1132688901587953
molestia,1.024319787335951
tunicus,1.4546265450276854
raritas,1.0694345182016343
suauis,1.0188908692472
hariola,1.4461511514928342
uacus,1.615591290421642
quodve,1.1253669620339601
erectior,1.245187900940221
explano,1.0293361631072804
testiculum,1.0703748528628347
innasco,1.238526393294725
comprehendens,1.1237976785641082
increvo,1.2567250064606983
conexum,1.0548227924296172
libera,1.0604898076212692
parvolus,1.3743690717938648
austus,1.163600853356415
munero,1.0503356404276039
trigeminus,1.1194735172554975
uinctura,1.3631548149206207
inmoro,1.155836548063532
itis,1.2167136607836995
ingeniatus,2.4723250011144255
inprobe,1.1618406498966358
obsedo,1.3811051085907387
generatio,1.3583087723093494
spatiosior,2.4640662488514784
triangulus,1.1019164705919442
adtero,1.0916288171462314
infibulo,1.2172325463927445
confirmao,1.179356459397748
amplior,1.0145478127242746
habo,1.1904169300552316
sectio,1.0729800596606838
sinistr,1.5137702870306826
resimus,1.276417768279559
patentior,1.1142196962975202
conuulnero,1.0513331211101113
proletarius,1.048692404856939
prominentia,1.1731769210813199
calculo,1.1672788476169331
inquisitio,1.0279380240451197
patina,1.0713329190754637
perna,1.037867028532841
porcinus,1.0675687825959195
adseuero,1.035015741265806
transfluo,1.261111613067044
defio,1.03376919460453
coangusto,1.0874261336564783
lemniscus,1.2976255390332214
adtractus,1.2146771832594632
replico,1.0517600721484204
urguo,1.1072768277207807
concisus,1.1600441332441191
inpleo,1.1855554468105705
coerco,1.0703821598549907
vtio,1.0668498035729501
serrula,1.3511721954457458
moechus,1.017803845752985
subministro,1.0299737092112917
rursum,1.0735923112403674
tendentia,1.6327202382493244
pervie,1.8837216300152024
mentirier,1.3884851480264846
scutula,1.1114856722417563
durissimus,1.0204613956462254
pectoralis,1.2843601141080745
rotundis,1.1498117504765863
introrsum,1.074901823651226
digeo,1.1212213316010997
conlido,1.0823146565657953
cariosus,1.0548296896689133
superno,1.6996131269591723
necessus,1.0484836679069949
soliditas,1.063061272904598
modiolus,1.163116596552652
serro,1.1800507660770967
scalprum,1.0784366296309842
adulescentula,1.097798542132883
depresto,1.2107394970584902
reniteo,1.1652013691651697
circumspecte,1.896254073299556
audacius,1.0328883624402128
lepa,2.176402994542523
fluxo,1.137595399609058
rimula,1.2619784486312107
icueo,1.0684550060583426
calvaria,1.1867184872897487
solido,1.0699080950766622
propugnaculum,1.0243493066147495
mollitus,1.1793763564551483
contino,1.2231086330586471
implicatus,1.0495726348150465
fragmentum,1.0639196497030836
transvorsus,1.2925788576976598
oblicus,1.084024691434603
fascea,1.1487072297443763
addugo,1.1695121850907484
conferueo,1.3055295002914196
laganum,1.1340459992119845
umus,1.3040477581424792
subsistens,1.1721603040800532
canaliculus,1.1563844183944432
incero,1.3423183845085795
impendeo,1.0507217050619497
superiaceo,1.331234954667816
circumligo,1.0457157061148494
neclcio,1.3504939458370113
memino,1.051998018052974
fasceus,1.105815352503189
voluo,1.1716401780601975
resoluta,1.673384355090042
porrcio,1.0671185860253343
mitellus,1.6257820892809072
insio,1.0876666017070253
laxa,1.224718184126274
paxillus,1.1227778626953442
acutior,1.0409980546610946
scorteum,1.3606300356936747
obtudo,1.2045782142230446
hippocratis,1.0767866665785242
spatula,1.2517136326176392
obuoluo,1.0433287086758036
russus,1.1253482417305711
exteno,1.1862578286210765
renito,1.189076793725509
machinamentum,1.0439771501564172
andreas,1.3530712353759577
nymphodorus,1.1263772717086165
torcular,1.0975407931957404
prehensus,1.4312526024669232
condideo,1.671442825027783
liqeo,1.3002528628716286
palinuer,1.7920240628231092
periio,1.2962649244900828
rutula,1.6370634911341913
pallantum,1.450121167442714
mezeo,1.1478684896401703
pallantus,1.1875630333948874
trois,1.088277661418261
camilla,1.0443236446594024
mineruum,1.0863869509363095
formonsus,1.032944260823903
clytaemester,1.0627747369085188
illustro,1.0515990185536483
deputo,1.1242749049618974
suffugium,1.083242956638621
uitans,1.0297325381349665
manica,1.0451008437381624
urba,1.0974843616869916
aantehac,1.2252478580895405
conprehendiro,1.2030232875979554
adtentior,1.1509683768014907
praestantior,1.0522265025581563
paruitas,1.6413822183762588
decucurro,1.1833699759266274
diuinitas,1.038473599019538
claritas,1.0372936166550473
summatim,1.0122357252285692
dissera,1.147165402204947
praedictio,1.131080473684498
florentissimus,1.084187213204929
uelia,1.0647738725359532
mono,1.2189567457201924
propitio,1.0545468442320418
oboedientia,1.0486483567366147
occentus,1.3440648847241066
sorex,1.1704904848030053
discipula,1.1265780081266747
foculus,1.0700746012959874
scrupulosus,1.0579354224404025
inpensus,1.0586697544399888
marcellum,1.0321154359836444
famulo,1.1053689590012026
sublicium,1.0676917529526608
cais,1.4129215855880317
sordidior,1.0399253807204767
uersao,1.1588772083969683
petronium,1.083993873836807
parricida,1.023700587572287
inrogo,1.0275584479504278
uenerabilus,1.1157935662829177
cannensis,1.0290735764333223
abstergeo,1.0452902607266883
optino,1.658595669892205
absterreo,1.2114861299730173
karthaginiensis,1.0197595083432967
potitium,1.1079892944397578
extinco,1.0417846061524918
karthagina,1.0625495896535335
delico,1.1874414939388676
cellarium,1.1018122631170253
aeasculapius,1.0769193736886506
succisus,1.2276508157329875
fulue,1.0467168346422688
dictio,1.0540638516858207
taeterrimus,1.0241288912215392
pyrrus,1.047488772122585
locrensis,1.0169959863818734
meliio,1.3166227902689354
perpendo,1.049208016679047
dionysius,1.0144141454322355
gelo,1.055478765156702
epidaurus,1.0687791319308897
tametsi,1.035885112515297
perferendus,1.2113962055056624
veius,1.0481580469787672
ueientanus,1.1542502825733705
camillus,1.0160182046413697
filiola,1.1094482349902388
concubius,1.151019782027363
nuptialis,1.0233497257083526
congruens,1.0419783235028703
fannia,1.1891808827369479
paphus,1.049317277073923
conmineo,2.179336410543919
homerix,1.094742952417891
w,1.8410146266438143
philippensis,1.1666529445142915
adnoto,1.0404518269936378
liguria,1.0523323661517516
adrogantia,1.0232941743491015
diuinitus,1.0368539769701115
interpretas,1.3283534773007053
aeo,1.4093807247216745
puerulus,1.0545212590433288
rumx,1.9244940883679784
publus,1.2519881595100586
gnaeus,1.0353523503621311
exoptatus,1.2515453704532569
inundatio,1.0616963102905317
stagnis,1.5805658007911678
aruspex,1.0358773735052071
bilibrus,1.3026401708030673
uolumnium,1.3147410533403256
taeter,1.0146782627712523
semenstris,1.3239485212639477
boarius,1.0806838604645561
antius,1.1849917294617556
caeris,1.140229810063824
inauspicatus,1.1180179091141842
trasimennus,1.0963158980160317
obtrunco,1.0253747807500448
funero,1.101529265621594
uaesanus,1.038797667704192
mancen,1.1883437985855088
genua,1.1380201133325103
calamitatis,1.0936499629870386
adlapsus,1.109968790013969
uinarius,1.0218309791386424
foculum,1.2227762150822332
tius,1.4411751770242336
carrus,1.092273137816116
paludamentum,1.0242690706836073
ueteo,1.0419563212465803
adcurro,1.0883909744311533
laniatus,1.1792588906308923
excandesco,1.0464082345411188
excelsior,1.0294368389694841
ptolemais,1.4029873537082351
tralles,1.1257224640369954
coagmento,1.0524049781872007
exquiseo,1.237975770018837
xerxis,1.0697361840220951
lacedaemona,1.1009118348762437
uaecors,1.0971314015864484
leonidus,1.212976549156874
midus,1.0531396490266007
dormiens,1.1832121585561457
ditus,1.025576799290413
midao,1.0808125167777605
dulcissimus,1.0423617001342247
adumbro,1.0367016196485455
ualitudo,1.0369054349103153
adipiscendus,1.287358960734024
immortalitas,1.0431559572379336
ims,1.7584794154590748
decium,1.192584363221675
plebeus,1.1602578523521216
adtento,1.1361557108544307
negleco,1.0537242331722212
lecticula,1.1176590656791618
firmitas,1.020401192474004
haterium,1.1389972160542703
retiarius,1.0934306435190222
caliginosus,1.1958715768643564
adtonitus,1.0441644703729536
uastitas,1.0389048348919905
cassandrus,1.0563802733645489
indulgentus,1.1147269635140749
elegantissimus,1.0764508978339535
successio,1.0422683223963973
homicidium,1.026810442350878
cyrus,1.0132690821381207
medor,1.1096583947020695
excellentissimus,1.061854087164712
cyrum,1.1559114841017883
inumbro,1.1238223696250205
syracusae,1.0641586075095888
himeraeus,1.126002840709462
inruptio,1.074111043226443
meritorius,1.074373314849509
copo,1.7947095634206165
caupo,1.046541523278746
tusculanus,1.0544541203975386
reatinus,1.0526433481068758
promio,1.3568829604237995
diffudo,1.0795478916528027
coriolanus,1.0478226155394272
incitatissimus,1.1825779755177017
thurinus,1.0762705949492337
fabricius,1.0225392741874781
luscinus,1.0568911572352455
defendendus,1.0323307275065925
oblatus,1.0788780430148932
nominandus,1.0781963447577274
ardentissimus,1.1679961615421557
augustior,1.077815656771688
ptolomaeus,1.0107990288453277
conmilito,1.0647363689701599
ueridicus,1.047956264863866
pythicus,1.1798425541936826
uaticinatio,1.0678410539341578
coelum,1.163380980002545
auiola,1.4472066218188195
proclamo,1.0246311387605207
plo,1.0130629515988339
reuixio,1.741762732135145
tenacissimus,1.1908640037614264
inseruio,1.0626833203305102
narratio,1.0474771964209544
simonides,1.1020406769097697
scopa,1.0764226503048937
locupletior,1.0443855335946433
opinatio,1.0774466544899701
apollinis,1.024827668439257
tur,1.1952723763906075
insipientia,1.0905540140672312
fraudulentus,1.0687807659906707
pausania,1.0348431782803296
sentina,1.0675323725008168
conploratio,1.1534464897645231
mitrido,1.1115624794818755
deuico,1.44262358233124
strabo,1.0832448450489756
aristomenus,1.6524021719988953
schola,1.0280035921146027
tantopere,1.0498325839884977
comestus,1.12097276492855
calenus,1.1684297236560341
inebrio,1.1142304261549423
usitatus,1.024725513669346
relo,1.0714363672254408
bagrado,1.0516070601746297
karthago,1.0265873334203446
adbibo,2.0006813939502854
cenito,1.0713479698131145
contenta,1.142707065907678
centesimus,1.0654215803738372
quinquage,1.08946236500487
coniugalis,1.035474081726781
concinnior,1.2659524594452594
meditatio,1.0298999235243007
chirum,1.1749393296650188
pelium,1.1122853407094906
interfuio,1.2480534797086242
discubitus,1.2054224848311061
alacrior,1.069075795650548
splendidior,1.5863965575344783
actuosus,1.1971569440630856
nutrimentum,1.045184637148612
administrandus,1.0419813003500844
obliuiosus,1.1301052539686378
amantissimus,1.1169083108438904
obtino,1.112323687661249
lauru,1.0731841116808416
politus,1.0910561342031841
abundantus,1.1531245410019264
suessus,1.0951281166558506
pometia,1.1128949276737061
mirificus,1.0594200916304175
stabilimentum,1.132295372152358
fastidiosus,1.0544221115949743
pl,1.0955072570136506
attentissimus,1.1826997719647157
conpesco,1.6124925669345918
continentia,1.0366747151019509
conlabor,1.108175038805773
exultans,1.0306248342925017
educator,1.075727772372599
trabeatus,1.1085634881802435
mallus,1.104749909096524
ingenero,1.1010951414154309
uirilitas,1.048378511697859
peticus,1.1250782253593137
stolo,1.0433117099395723
intolerandus,1.0488858146475015
consualis,1.1392588699365698
inconposeo,1.1669165033547113
curetus,1.0338260802425296
gesticulatio,1.1569154962618808
atellanus,1.135160817002145
saecularis,1.1360243114333617
ualesius,1.4326203199423442
tiber,1.0530980028241268
tenacior,1.1442999834806051
potatus,1.235122403419928
spongea,1.216625517160711
furuus,1.0513231731591632
proserpinus,1.0650226792888353
lautitia,1.4065809063271264
consessus,1.0322372329581224
argentatus,1.1646905525700684
choragia,1.23825718928315
poenicus,1.0831566563177266
fuluium,1.1775248307360555
pera,1.1279701531792925
trao,1.2672176075493382
tiburs,1.1470813217335372
epulatio,1.1666568386058098
propatulus,1.1135410274883857
puls,1.055436468977915
libamentum,1.1769608787786592
sufflo,1.103682160470965
proserpo,1.1157617321730147
benefacio,1.0834730414557268
inmoderatus,1.0357586165895316
delicatior,1.0855208893275978
tenacus,1.0901838193773796
anapaestus,1.0281629807015245
modulus,1.05851465875976
cohortatio,1.128480608571257
facinorosus,1.111155514666607
honestas,1.0312452785654092
periclis,1.0299167409254681
manumissio,1.0768206696586882
planctus,1.0428212560746803
praebueo,1.110635684277687
instructissio,1.0866154175769713
facundis,1.7015083463807334
nequicqua,1.3101013865015614
sinceritas,1.0427215097433573
obstupefao,1.1197359173847492
deuerticulum,1.053974920657636
palliatus,1.3437577541200858
philosophia,1.021835024462636
cimbrus,1.0748903916786858
pero,1.331189112589045
amissio,1.0223023192442628
uitupero,1.0246991645483696
karthagum,1.0984388776753438
insolentissimus,1.1919759178067981
uacuefacio,1.1460826331539669
neglecno,1.2720487249727617
rupilius,1.281912913106342
tauromenitanus,1.2683597568397331
messana,1.1737568775516658
fuluis,1.148781794799003
copulo,1.0234006010639765
maecium,1.220556712779065
quintis,1.0515873518303853
cincinnatus,1.0272078301164496
deuoco,1.202467057650375
papio,1.3887899595843072
flagitiosus,1.039718508064981
trebia,1.03992692774197
duramentum,1.1903351732668508
alienissimus,1.1890665122371917
mutuo,1.1459176977083854
conto,1.4165001355523448
utilissimus,1.0887376257220411
descio,1.5427784699056781
adtritus,1.0946108870527083
pyrrum,1.0135027247087296
munusculum,1.0333994950161922
eneruus,1.1695948570556955
clearchus,1.0656949236173934
proelio,1.03539043226886
luatatius,1.1890608659217006
lutato,1.1929341550349322
lutatis,1.2240417766638787
calatinus,1.080881104222733
funmco,1.2173931215598222
ualer,1.0809269268786863
luto,1.3291899247480774
nimir,1.053704908642819
sapientior,1.0606680801560642
auho,1.3160896457546791
detractus,1.1327331147160238
myoparo,1.6097176299758051
festinabundus,1.6952826943744865
solide,1.1597823063339876
crudelissimus,1.0535775962437681
aduocatio,1.0864977596817316
imitas,1.0557743354046851
iniuriosus,1.063807259907588
muliercula,1.0306714335246678
luscinum,1.2820417281366825
pomerium,1.0159906401924284
imuidiosus,1.2973774861313006
frenus,1.0667372008443754
constrico,1.065863777539807
relicio,1.1115195456509517
valer,1.125210123259793
karthaginiensee,1.0243554983742527
postmodum,1.1456191812025003
apparitor,1.0301431970868757
minturnensis,1.1730147573382745
fauonium,1.2684297590642002
amicissimus,1.052735819795935
astrico,1.2214373213497098
definio,1.0148800784938568
aristogito,1.0875018368413032
xerxes,1.0254044862106355
cunabulum,1.019163452346992
destrico,1.2839375639540298
poppedus,1.0741816713173176
sarpedo,1.0518471789861983
adfirmandus,1.1762686353482368
perfacile,1.0744444591029192
commemino,1.1520440260965479
condiscipulus,1.0382843952883525
colaphus,1.0771653138872088
periclens,1.046084357820217
inplico,1.0765871836374716
inrumpens,1.0672325591750793
infatigabilis,1.0570628271067062
horatio,1.1275003175401093
cloelia,1.0939964773727835
inclytum,1.3736784747837407
porsenna,1.0223581367618118
acro,1.1091081416427295
feretrium,1.1633237862085675
lineatus,1.3038194337857953
adquiseo,1.137026037134059
stipao,1.4394238329208817
intercatia,1.314588999749889
luctuosus,1.0421067316731147
defunco,1.0311841765758931
atratinus,1.0771268631993947
demoueo,1.3028805271531032
materiarius,1.2977739946828848
corrodo,1.1540658405449196
aristonicum,1.0476634196824928
sica,1.1189710267802595
ubinam,1.0502757400007237
interficiendus,1.0874748390587776
proelior,1.0306230615788277
scaeuola,1.104487795359618
equitius,1.2090392337080151
dilapsus,1.2817760938580818
unguentatus,1.0638123189617903
aquilifer,1.140497225099997
execratus,1.1959420754335546
conuuldo,1.2087518646722553
capuae,1.0857879902793552
sagulus,1.1744834932835069
decuma,1.252377224271545
cynaegirus,1.0986564698618908
praeconius,1.1044594386782416
inexuperabilis,1.3073792374921958
britannicus,1.0722234869202178
audacissimus,1.2272470650541563
umbo,1.0346508284962987
tragula,1.1083237962914274
proeliator,1.0781686984222258
finieo,1.2979050131738332
uicies,1.112386818402488
obsidionalus,1.4301083499624514
clx,1.1164397681944997
adficiendus,1.26081999514376
tenes,2.1473482791644813
suggillo,1.0624354034356047
lepidius,1.3792506548828314
leonida,1.045019927813143
ccc,1.0214321430334836
clypeus,1.2205555584251697
leuctr,1.4949989422775838
porricio,1.143039966163673
dubitanter,1.1765223661196216
inlisus,1.1755421984577241
critia,1.0857685960960466
existimatio,1.0197484754114743
ferocitas,1.0609219487172223
inmersum,1.1727199917350761
gelonus,1.0824857454973735
molitio,1.0594318659009032
texeo,1.2055907879304217
muco,1.172068753309216
pompes,1.1082461182324914
praeditus,1.0252342358439812
dispello,1.0460486157881788
agrigentus,1.0799333497174006
agrigento,1.6137277728140629
timiditas,1.0576441750541534
phalari,1.2139373290220554
eculeus,1.0164298803879117
inposo,1.234162217894173
eiulor,1.088238907429209
amputatio,1.1032467732732458
conmanduco,1.1934985789817056
facunde,1.3363106623824352
hieronymus,1.086109359970863
fidicula,1.09408601203903
alienior,1.2172803258847553
demaratum,1.3238762268600826
mutuor,1.0228269702898105
macellarius,1.7058849068699697
sordidissimus,1.1119071012483859
punitor,1.4399960998640788
pho,1.1614680041041654
papia,1.0685981226621732
perpennus,1.7084946641925025
socrates,1.01822420028674
obstetrix,1.0524736387824234
mensuro,1.058383444035187
euripides,1.043252997191766
demosthe,1.0200976780961697
oratorius,1.051332330537587
petitor,1.0255513467149038
obsolefaco,1.2788623401728503
sculbo,1.6264260733575897
dissicus,1.6666063357046514
exheredo,1.0240131251682303
crepida,1.1008643021934326
uegeto,1.080044723073841
adepio,1.132623532653021
duellius,1.0730862970428625
celebratio,1.1848757365475395
publius,1.0567751218799961
corrigendus,1.0814746619943678
badius,1.1568832668302387
conlatio,1.0504293512866765
antiochensis,1.1196580512100986
quadragies,1.0619598803723325
expensa,1.2834566729746
trus,1.9680976845207128
prodendus,1.0671119343837332
sucronendo,1.0725459267113495
conmotus,1.116970401431078
dementissimus,1.2438148125412758
absolutio,1.03906684984033
honestior,1.065229396930589
adrogans,1.0302514961543687
elucubro,1.1847893842769026
toi,1.1047858467013971
ledus,1.119529095170292
phidia,1.027984884521536
adludo,1.0598471431653311
liniamentum,1.026240642105065
epaminonda,1.046654407922954
procuratio,1.0864138243780301
ain,1.1795005624296964
inustus,1.095312719931288
artificium,1.0281007943733578
aestimandus,1.0310210621303717
uicissitudo,1.0488608968411044
ap,1.8121065129468845
repraesentatio,1.124685883708025
teanus,1.1821340186057059
ur,1.1447964257864582
inritatus,1.0602164476969043
constantis,1.1204376495862174
arrabo,1.0997543037485296
conpreho,1.1908902927826106
eximium,1.0296879828422325
obfero,1.1101340428077315
contextus,1.058779190362728
commendatior,1.2869309802878954
enimuo,1.1341498764801827
aspiro,1.0307659112032743
socratus,1.03147593409558
lacedaemonia,1.1288879079944987
incitatus,1.9299436151288514
demochar,1.2175118578337174
nihilominus,1.0175983968042837
cydnus,1.0327564942108025
tarsus,1.0503667440026816
parmenio,1.037374815755033
festuca,1.1886847061672579
operosior,1.118106277442468
plebiscito,1.2620707231947512
laeuinus,1.1073781244647416
admittendus,1.0924960481611536
satisdo,1.0929790954885437
coniico,1.102918301213451
lucrifacio,1.1379489454997502
recordandus,1.2202332239547529
strictim,1.0340511360887337
interemptus,1.0824191889670407
humerus,1.0318462891713072
cypriacus,1.3411885557966667
conmiso,1.6609220379549015
inpie,1.3080057858064995
xenocrates,1.1153328537980127
theodus,1.0791563919140406
formast,2.065554312009184
thrasybulus,1.0428106259275671
restitutio,1.0377968580713384
pittacum,1.1427184292765364
captura,1.0728626602558773
adiudico,1.036645506032449
thaletum,1.1715250662077363
pittacus,1.096624822201932
spartanor,1.0664576283220852
fu,1.502939235435979
theopompus,1.0300881074092325
deflexus,1.2012715829787515
liuum,1.2424678439583567
acerrimum,1.2604104225742558
tranquillis,1.1535645800482859
conido,1.1666127070907333
speciosior,1.6076376032680897
epistola,1.03541937894769
redemptio,1.044229070173817
adplicandus,1.0891539978487261
cypr,1.2453063902686685
antonia,1.1640773558542201
supergredior,1.0251688952717635
patricia,1.0782727779701238
cominium,1.0706867521179886
accuro,1.1816898122844008
centenarius,1.0395513300440966
catillus,1.1446014829619833
spectao,1.1966137202046878
curium,1.1076223799030491
pauperrimus,1.2614364656835353
samnitus,1.0515369967406971
praediuo,1.1333829366352721
cinea,1.1395829521074303
detestatio,1.0556165666432984
epicurio,1.0735638013562039
praeclare,1.0725632057444716
abius,1.6462382806259963
erogo,1.0259869730624556
haedinus,1.0947440239275845
inclytus,1.0522189134055742
epiroticus,1.1095301173664986
libidinosus,1.030680931167717
phryne,1.2780302818509162
pos,1.2800493183064074
pelliceo,1.445191949548057
academia,1.0436033604379333
diogeni,1.1744881798040758
crepido,1.0380806156950917
aristippus,1.0556596079266387
adulo,1.075276045065516
quorsum,1.0154443360639882
menenium,1.0885628598839028
lautior,1.070253926388121
pediculus,1.125217066111235
praediuis,1.500615909168156
fieo,1.1144392185089782
uastissimus,1.1042252972343123
amgustia,1.247334365466866
mercennarium,1.0356381608211713
latifundium,1.1251779759558256
subsigno,1.2658267616491043
caeso,1.0957533881901813
domuncula,1.0720724099963124
indigentia,1.0745378416330817
uestaa,1.4779221863770047
cannendo,1.1195668972814434
suffragator,1.1070916034745482
sapientissimus,1.046065834272434
inritamentum,1.1164726068783994
honoratus,1.103902634106619
concitatior,1.153894948836075
amiseo,1.038002067563122
unianimis,1.227505664803153
admeo,1.1297876044157917
interuentus,1.0553859437637572
permixtum,1.080293484214892
calceo,1.1720507396357418
aedilicius,1.1231142874739257
castissimus,1.0380076548134736
alienigenus,1.0680935402850131
artemisia,1.0395997707048064
mausolum,1.3530746182373754
mausolus,1.213367365329311
mitridas,1.1299553108663904
adsuefacio,1.1074849958079556
iucundissimus,1.0892406200690374
asio,2.1521413639913427
taygetus,1.0747202493149763
explorater,1.1574668656349842
enitesco,1.0279011811061733
laeno,1.0970911535846373
laeli,1.4485527351193492
familiaritas,1.0251588098851974
delicatus,1.0166696036609089
laelum,1.23827528489855
laetorius,1.1716653796927032
reginus,1.1738435180456614
cimbra,1.031807325301039
hucusque,1.028346307173636
stm,1.2215162916008786
petronius,1.1186890682540906
adserendus,1.1672604123965538
petro,1.3873964138369035
trucidao,1.2710285584932282
damon,1.1200058426208106
mansuefacio,1.260106824918684
hephaestio,1.7490260697126523
adloquendus,1.20834634849954
promptissimus,1.0433859375003887
lucidior,1.0934968506236182
quantacum,1.0654087930496894
inaestimabilis,1.0445454256229665
pactio,1.0275904829331344
addictus,1.0513189568658978
praerogo,1.9762327413153247
apula,1.1938340407748458
fabianus,1.0535708476925545
faenerator,1.0657505027422856
pronuntiatio,1.0465869614797079
hiero,1.0431734049358372
adflico,1.1222883175551408
occupatio,1.0362684981150125
humanissimus,1.0756594925327354
tiburus,1.150034643859208
olbius,1.0592127468050092
mansuetudo,1.02856053344434
uendeo,1.2265229374089506
perso,1.0363016545899166
abieco,1.0794008549913074
pretiosissimus,1.0527805422907737
percitus,1.0229184560294313
darius,1.0504176447356328
pisistratus,1.0135329708415326
conmendo,1.1713592696319541
pyrris,1.1109520704219458
tarentinor,1.115289924781221
caudina,1.0489751350388823
inhumao,1.4398599104804353
lucanum,1.0491642532822623
considerate,1.0758335887633044
insolentus,1.3740920519253832
paenitendus,1.05524813610557
significatio,1.023771426032933
uolscorum,1.0665273890649707
ueturia,1.0612036603053459
uolumnia,1.0708782441729259
facula,1.0672665046629093
nautio,1.1622562874782474
salutariter,1.1881826323037465
attrecto,1.074283469130868
samnium,1.048268726229624
sec,2.1464591173058007
pilleatus,1.129944580423984
deuictus,1.3504506810523995
contigi,1.1327941472763325
cornutus,1.0555415184804524
libitina,1.1128866596211948
adlubesco,1.2274699212650042
sion,2.514278315351812
aemilianum,1.2768622030973993
inmutabilis,1.0643086098711148
laa,1.949400366961732
adleuandus,1.1485146481480961
indignior,1.055749554283971
pasdeo,1.3133376460958748
ahalum,1.1036855729292445
maelius,1.2714734874628053
custodeo,1.5342862423475292
inploro,1.3474487149647365
perfida,1.2364373552122272
auulsus,1.088337527285121
dignis,1.0982770162389985
ingras,1.2455844018639946
picena,1.0888243937136242
rogatus,1.1939043842704393
amputo,1.0100320410283135
adtempto,1.1291732077710508
pedisequus,1.267511330923403
constantus,1.052494634868359
uicatim,1.0401178913225018
scyrus,1.118380561533537
pisistro,1.057910406351038
miltiades,1.0795654664985748
maratho,1.0850163416477614
eueno,1.3190519773063398
themistoclis,1.0416723813968165
potentis,1.1264795218637078
glebula,1.2195308214147058
expeo,1.983155042381902
persica,1.0523972544308384
pulchrior,1.0473847307918156
miltias,1.0690475932561088
cimona,1.1865231041935913
solonis,1.0655307248945216
oedipos,1.1773832756743199
contaminatus,1.2155495014333257
arius,1.1858744709683968
muti,1.6142553742792978
iniquis,1.2331471447465463
uolscos,1.0258822660400042
ticinus,1.025414388413315
aspere,1.0403605974744312
animoser,1.169260001828753
claudia,1.1181550126649735
sacratissimus,1.2427696287220755
necandus,1.0580194851672964
exertus,1.074232567812419
inusitatum,1.0945272645142872
inauditus,1.0185410081173827
inclaresco,1.0588561030116075
uixio,1.086746898047003
obscurior,1.0325600895214442
scythus,1.038781459466374
darium,1.052088924920309
croesus,1.0377401123233903
rapueo,1.4813052623846368
impendium,1.0304975309714972
curtius,1.1126818430793268
genucium,1.0696327911261085
erepo,1.075327321012575
testo,1.26164079322397
aelia,1.1283819411712799
deuotio,1.135066583919797
exhauso,1.0480352792980872
procliuus,1.167650031040425
argentiue,1.098494256599638
ingenuitas,1.0380235820181511
delphicio,1.1532088756279175
percrebresco,1.0744279450903111
codro,1.170565944637416
famular,1.2864739856025962
obpugno,1.0482338826665447
themistocles,1.0186134843576207
karthaginienses,1.0482032982147784
philaenus,1.1722016622034563
cyrenensis,1.0360296805683176
philaenor,1.0769788951572585
aristoteles,1.0291379006176098
iucundior,1.0302001904283065
mathematicus,1.037413495625414
uegetus,1.089038758622149
saupera,1.0794853770766892
ariobarzanes,1.0200160603190955
tarquinus,1.0313526682779257
populariter,1.1496198224604741
adfectas,1.0873688346229022
torquo,1.1730091804248355
ar,1.3560234729595735
gellus,1.0570408491853291
superfutur,1.0877340872231305
taetrior,1.0912282237664848
adseueratio,1.037942923463444
horas,1.0450502616796582
puluillus,1.2821283377359358
nuncupatio,1.1058513594605397
clausula,1.046148608307287
ingemesco,1.043336105245431
vnus,1.0221628021120241
xenophon,1.0212345511881977
gryllus,1.1479229956593373
anaxagoras,1.0459702266728015
pedetemptim,1.0738974274416466
inbutus,1.1495761827490831
firmamentum,1.0887293594606846
castitas,1.0358267210218133
inlibatus,1.454215888948119
censoris,1.2921896968896422
coinquino,1.2077411923924155
animaduertio,1.0947318802738797
asseuero,1.1642562055160204
plotio,1.1285631988600024
plotium,1.0562694042224923
qualix,1.1053886227411953
amoena,1.0663283679608584
egredor,1.1366729873823267
cominius,1.1042524063270078
inpudicitia,1.069225552128679
corruptor,1.04680754949607
lusius,1.2168808069824284
gellis,1.2054208392788117
flagellum,1.0286821235350574
nius,1.3837288873130347
florentis,1.2727000738865062
syphacus,1.0546620592456344
crispus,1.040183668142468
iuuenilis,1.0855311438026527
manilium,1.062143287280072
accusor,1.0904346512623388
iuuenno,1.0601363897793983
municipalis,1.042859046705958
humilus,1.0544573677759412
apollinar,1.0788099176444657
castricium,1.077431155141988
depo,1.182871463355393
uenditio,1.0414825922495126
fiscus,1.0230137009021332
contumax,1.0233393639860302
oscitans,1.114919345326088
ebris,1.0719104863722428
taetrus,1.1490112925186746
cyrenaeus,1.12296544199838
senonae,1.1865723635386858
maelis,1.1135175990859942
flaccianus,1.1848550677555771
fidenter,1.0624477157953172
hispalis,1.0679771397143356
adiengo,1.186594602913566
manius,1.1275345678950948
profuse,1.872552860402909
reprehensor,1.608965515720178
uiolatus,1.2785586561048428
sobrietas,1.5126700830312374
praefinio,1.0248560901153148
inritatio,1.1471638334265986
archilochis,1.2190376099177826
exporto,1.0644703384467054
cambysis,1.0371141386379419
constantior,1.079209774142706
sublego,1.2867842053011422
ueserim,1.0935210121558054
uiriathus,1.0232545430770161
rutilium,1.1004198752541208
rutiliter,1.1190335708417103
lusitanis,1.2070233074732322
cognomentum,1.0297610429048891
decies,1.03893828896244
parmenion,1.1739878377629456
adaequo,1.0434631609442682
hilarior,1.7701165506035064
faliscor,1.0356867489484924
timochar,1.520857608695455
obtentus,1.0834156685060667
cateno,1.0720006890568394
reclamo,1.027649397270593
xerxe,1.1775235084063722
uulgor,1.10539146311702
zaleucus,1.1951464443372892
legislator,1.2192076102806575
hamilcar,1.0189776294258632
asina,1.182551885496449
cius,1.2573220247502719
saguntinus,1.0421194836068461
obsesso,1.056414995421652
inpatientia,1.0902964668792512
turia,1.3731047621167753
camera,1.0662401337355636
famulor,1.041162920009532
lanterna,1.1723210848075376
custodo,1.1033911626851949
conmorior,1.8441131646792628
uocitas,1.6400701808443208
insultatio,1.1079004694632302
tremibuo,1.0958523011034411
pindaris,1.3051131117177066
salernitanus,1.0821542312769314
conmuto,1.1449323627136152
adcursus,1.5535936611750025
egretto,1.0952804706439954
beniuolus,1.0424991421877945
praedamno,1.0813337906883902
obtunsis,1.2687997484364817
iudicialis,1.124644870319263
solutior,1.0752681886992224
ornatior,1.0420766978948173
ludicer,1.1402918856808384
proconsularis,1.070143266080869
tribunale,1.0717714108449323
asculum,1.1019329719164073
uentidius,1.033719257614655
decoctor,1.3372551113860103
polemo,1.1204639143070187
delibuo,1.058943654028747
ganeo,1.527932564553113
abdicatio,1.1154245060734904
iniungens,2.1926227695133824
extito,1.0850018166125435
cimon,1.0672775034641382
incunabulus,1.1720360834644932
polycras,1.0763151989248918
salebra,1.0595630061468642
crepundia,1.1143417328657634
incertissimus,1.2045228651781712
recutio,1.1104979927297307
castalis,1.2015316556222715
struix,1.1603189179551594
puera,1.3539301519195468
pulcerrimus,1.071134972824857
morigeror,1.078916826982284
metellum,1.3558871430224717
pythium,1.0512403687145069
aglaum,1.1476520089192421
sagacitas,1.0771218841743897
onerosum,1.081114436329514
adstipulator,1.157019376600993
inemendabilis,1.0561968563926944
pestifera,1.354488715551586
nonnihil,1.0239240056402064
aquilonia,1.2340037238085586
uerres,1.0199064302457908
mauritania,1.0490272784223362
conpendiarius,1.2664807393911806
exprobratio,1.0584283138073056
subsessor,1.1847196924471401
consolatio,1.0662292918274643
consaepio,1.0650976617925179
fortuito,1.0373462086185994
pidao,1.3754842458783556
humerum,1.0535040284691717
aristophanes,2.469006072658365
anaxagora,1.0367249380518944
anacharsus,1.0453729771978657
hanno,1.0382982747401999
mago,1.1304860751271335
detraco,1.5097120830663002
samnito,1.0556408765664207
inprouidus,1.1411077111008483
aec,2.143932198585856
excerpo,1.0291767894023576
bruo,1.9747319486258506
demonstratio,1.0567507596892662
praestigia,1.065352843659181
superausum,1.165969771769759
sertorius,1.0124629647420966
lusitanor,1.1117493502343743
inriio,1.1263491410464754
barbaer,1.1081836761896886
nola,1.0996029368333862
pigrgnus,1.6666321629144
immerens,1.287702321011912
asinarius,1.1243253096261032
uilior,1.0297722935588471
equiso,1.108567516885664
hinnitum,1.1243103911828716
intercepo,1.1502241869623284
extingo,1.310958430564559
lampsacum,1.6721148317576335
anicula,1.0896207893099166
demostheno,1.0261225153836886
perior,1.6052208377313604
togo,1.338509015731846
uolsco,1.0403162788644211
mettius,1.0461918595261224
fufetius,1.5110707451571512
gabini,1.6209026409156084
quaesiio,1.270231951952734
inclyet,1.133478345349657
lucanae,1.1220794257745355
insulsus,1.0654832209352023
fluctuatio,1.172747043320272
conscio,1.0441852012288328
agathoclis,1.0335562953191535
ce,2.1560166444346778
cido,1.6453854969820114
prudentior,1.0923512954454153
tuberum,1.0801338661161148
urbanitas,1.041574535969215
scurra,1.0307562853390584
industrius,1.0620569544369063
abomino,1.1134306196048471
praetextas,1.3672877937905217
pondero,1.0505907046619465
otacilium,1.0911666201098698
benignissimus,1.7608425234898428
pell,1.1283403542366055
uenditor,1.0155728651286113
hen,1.6857630267903956
extruendus,1.1183931609642148
sallio,1.2805943187897642
inpudentia,1.1095804560801739
improbissimus,1.2566572314348268
tullianus,1.1400899515789094
signator,1.1549411735874129
tertus,2.0695880620463813
inmunditia,1.9356916076959625
procreatio,1.1450251933693814
tettus,1.0948046747955809
ariminensis,1.1972293883954235
grauius,1.1224814408576913
nubae,1.1645287054677795
pollingo,1.2914126742782341
educatio,1.0948685476384048
lupanar,1.0278115724689723
conprobo,1.100357301623093
praelego,1.0681407332583177
praelatio,1.206065720066671
restis,1.0779228539190153
liberalissimus,1.0736036469162273
oppium,1.1770314774168193
oppius,1.0557718771718339
exher,1.0724693434139168
scurrilis,1.2492349958212932
tullum,1.0454267173531435
punitio,1.1943823107543854
pudicitius,1.0630596562870833
abruptus,1.0966837460906182
perceo,1.0796878116161124
gabinium,1.2245728319858364
cribro,1.0380872957249074
deformiter,1.252646337178456
ualentinus,1.0712395455402797
poeticus,1.0141162046030623
cosconius,1.2101803006217378
conploro,1.13968490431138
septiens,1.0850649015935703
sincerissimus,1.1653244689149167
inclyo,1.4756926373323354
decianum,1.2145407108775896
inquinatissimus,1.187047964271144
reuiuesco,1.0523646442649344
muluius,1.084445526915324
lolle,1.2059235478608987
tardius,1.273388042951417
extrucno,1.4514141957675344
haesitatio,1.1300691726527725
consideranter,1.3038872234841856
centumalus,1.117682966516376
lanarius,1.1373516257234617
inuerecundus,1.0488031314281498
stipulatio,1.048731867773848
animositer,1.1292118919955072
impudicus,1.0287239425378893
impudicitia,1.030699293773961
inpudicus,1.7048335682356515
aricia,1.0740022652533148
fannum,1.0737988641956662
octies,1.0622395878181043
tortum,1.3263150821435954
robustissimus,1.0719587706592362
uehementissimum,1.7310664912063118
cuias,1.041785899950597
neglicio,1.7188911046250965
stolus,1.2837592504540196
perrogo,1.4386373380621307
inpeditus,1.1284582930493863
lectito,1.0511095682255116
cordatus,1.1867356115553187
publilius,1.0597389590259547
roscium,1.0649110026544042
expresse,1.132847384052264
exilitas,1.0654864689342642
declamatio,1.2321174521751876
obluctor,1.1300275373732078
alacriter,1.0709761352283862
olympicus,1.1210818270277942
platos,1.2905854553191791
beatior,1.1582787524137688
geometria,1.055610323291836
archytus,1.097183778630834
pythagoras,1.1429754107099852
carneado,1.0364856539678782
xc,1.180847778244189
inedius,1.1205283466579004
chrysippum,1.1675079152148393
cultura,1.0504589476636872
archimedus,1.1850462188209785
machinatio,1.1460492038622938
archimedes,1.071731290394621
disturbo,1.0463656832897608
neglegens,1.1162427023836667
socras,1.038743770837141
musicus,1.0403570492661662
locupletissimus,1.082724592278157
isocrates,1.0927994063772757
eruditor,1.0678565504648492
uiuacitas,1.0514776182047874
subtilitas,1.024122389626397
sumministro,1.1066591434778266
simonis,1.1384227419424227
parto,1.047242075406451
laborandum,1.1378931444126315
sanior,1.1284836447648907
obstupefactis,1.2026398813389567
disertior,1.1009366864233818
maledicus,1.0819587554403567
dulcior,1.0605026782452152
decrepitus,1.1912764778149358
cyrenaicus,1.0703737602370678
attentus,1.343728910647703
adfectandus,1.1474213273859963
chirographum,1.0410257008481734
aeschi,1.0810422667457587
ctesiphons,1.1184704784794703
demosthenus,1.1207375596693048
demosthene,1.0752306313413806
perses,1.1875485751157804
paulianus,1.458277139494577
martia,1.1502265527035838
eius,1.355944455242973
perfudo,1.136360409840374
tudo,2.020770414673565
uolcanus,1.0410532839046747
praxitelis,1.104269268418029
cnidius,1.232337011811097
iphigenia,1.0323347928711546
aestumo,1.1115936325195754
inbuio,1.1666527822610424
explio,1.0822009996216828
disputator,1.1600394008667583
cascellis,1.0827167664376967
consultor,1.0942146679749853
conductor,1.0573465575263614
geometres,1.0758108233755157
institutio,1.0440245748658723
disertis,1.0675979260473487
ansula,1.1717898491073713
adminiculus,1.0795515732924812
uiuendus,1.031395528976081
centesimum,1.113979475605744
diuturnitas,1.0484293509445366
xenophilus,1.2339789457673347
aristoxenus,1.036730767816638
gaditanus,1.059260763319605
lxxx,1.0231634963968361
stilis,1.053589505662696
aethiops,1.0259611236860107
herodotus,1.0253981564217811
ctesia,1.1186011298546044
epimenis,1.5596159398747302
hellanicus,1.0664168879308613
epior,1.0444893050328956
litorium,1.9972117725529233
statura,1.0494229499095113
trecentesimus,1.1149823264583953
homericus,1.0379627658465462
impolitus,1.0970201349022497
conligatio,1.0915102841494475
inquieto,1.028732142741078
salamen,1.0578260274689488
inlustrandus,1.1031196112902972
anaxarcus,1.0593370770717312
admissarius,1.06733820463009
theodeco,1.207650605991373
qualiscumque,1.0183918829803456
innotesco,1.0690503180601991
congruus,1.5431384753267043
apolli,1.0995268366423137
conmemoro,1.1970188286347305
coruo,1.39982171422011
quemna,1.139908922605957
cimbr,1.1068695622112459
adsensio,1.0784534057495476
tigranis,1.0310099742493564
paterculus,1.067253265665797
uerticordia,1.1567135335188887
amphiaraum,1.137883883350939
ahenus,1.075919002048433
dodona,1.1123434521227737
hammo,1.0205766704055494
berenix,1.0814628109407278
gymnicus,1.0959278934847838
ix,1.1419931059273627
emendatio,1.0328171468709004
pensilis,1.082627825325731
aestuarium,1.159692358184038
lucrinum,1.0657171274932422
conmendabilis,1.2077048518775584
auicula,1.8191466049340883
unio,1.1742834055250173
culina,1.049389014138704
vrbs,1.0727047502107723
semuncia,1.0704583087474147
adfectatio,1.1203715068559015
sexagies,1.5514666567040678
arbuscula,1.0653962766540117
speculare,1.1274308381460376
palmatus,1.090109088125774
nequissimus,1.0524883623650012
clods,1.0452553543960033
noco,1.0523602875941886
empo,1.1895494284145716
probrosus,1.0596491347741774
fragrantia,1.070216240604631
uolsiniensius,1.1511853206788976
textile,1.0824232393929114
physcon,1.2262872488087764
archelai,1.020621682429108
effeminatus,1.0835078879934508
optempero,1.1057133212321772
uiolentum,1.2874356204148119
crementum,1.3232981557356038
praeclaer,1.146349041126254
nomenclator,1.1160788186174744
inexplebilis,1.0367595332201236
aspersus,1.2108717955380126
aruina,1.1270215609205518
uaesania,1.162388268710888
moesis,1.466294025180044
gaurus,1.0830970094331582
spado,1.0197332280447158
natalicius,1.1814695398933615
infelicus,1.2067892367611308
ochus,1.0885450615000252
mortalitas,1.0226340744576763
gloriosissimus,1.120633429941107
misertus,1.1724185739682682
seruilium,1.093213121620528
inpotenter,1.09974478802933
puteola,1.106873578614029
granus,1.0673391552625435
decurio,1.0352055439951446
cunctanter,1.133244676108427
exprobo,1.1414345546033706
usquequaque,1.0323946336600007
probor,1.3507783884037285
clitus,1.0656115996398168
babylo,1.2137232225806764
indagator,1.1008853952178212
tyrannicus,1.088764756897801
interfor,1.232580465118466
obtorqueo,1.111965762738578
profundeo,1.8141725962360378
aemulaior,1.081177975830438
adroganter,1.0861755272531897
plautis,1.7483686306042794
spurius,1.07364878589081
sabino,1.0737958402259467
lusitanius,1.071478860646315
bituo,1.143382722760145
bituitus,1.125582063751659
xanthippus,1.03760167617176
inuiolo,1.1229079440848975
nucerinus,1.1386998206827088
inte,1.5224339464370042
asellio,1.124663642620456
tabernula,1.5008012907243766
speculatrix,1.1643994702838352
capulus,1.0876157639178765
lars,1.0630395836958173
conlusor,1.0693298204884958
adrianus,1.1925143447101827
cyro,1.0514896119967423
berenicus,1.0897425221709767
laodix,2.0288157785345784
succusdo,1.2111423371706975
chilo,1.1826762610457242
uettius,1.0767578485760498
salassus,1.101332005738905
pollicitus,1.1272642588660473
inlustrior,1.0829881515766258
tigranens,1.0993586752875582
consenso,1.0818522888583868
immoror,1.0501768633560784
adegeo,1.3356028019196067
obue,1.0406453071545072
thalna,1.1831007686776889
maenianus,1.2152684486704366
sudarium,1.1104190541935368
fragilitas,1.039560347910227
quanus,1.0317552300005983
sophocl,1.1707445063223019
anacreons,1.1454567252744432
supergressus,1.3221955208592828
polydama,1.0615951373658707
hebesco,1.11451739699599
sapientis,1.1258986370070876
aerumnosus,1.0555680829816705
exquisitus,1.1396936527686108
conpunctus,1.1516776371067035
stipator,1.0706775961124508
paelicatus,1.1800912717839638
putamen,1.066091889748569
securior,1.090362720148626
doridae,1.2002823063123649
cubicularis,1.173617622575252
cocum,1.1742828301860644
serapio,1.125285140779897
impingo,1.0221200826068557
uictimo,1.5220741456576357
pamphili,1.0985412251801763
laodice,1.063006984189741
laodicen,1.7829212645878691
rect,1.453504063209329
intercolumnium,1.4884888248994703
centumuiralis,1.5152154956945114
mediolanus,1.1542973751545453
art,1.4858613833256031
suffragatio,1.0761982421829897
xersis,1.104147756589131
libyam,1.0600162920833276
anchora,1.1052873255474287
afflicto,1.072837413477739
cymba,1.2518061867543644
viuio,1.0654800406219753
coarduba,1.2354120786650682
corduba,1.1304449423060725
adluo,1.0247753366133214
agamemnonia,1.1334471022041706
diuexo,1.1720162695587346
expolitum,1.7848318585991363
inprobo,1.298190634793661
hamis,1.2217683888449038
noue,1.130520507123259
livido,1.3077495694545063
pyramis,1.0569685948855398
mausoleus,1.1787568782181432
externum,1.0785964398868146
inlaedo,1.21456761602059
thybrum,1.158627749927194
interlueo,1.1796154223397033
ferrugineus,1.0910714603911107
alluo,1.0397973161960183
inaccessus,1.0495405277449976
dampnum,1.2145954016677614
ht,1.257369610943659
triga,1.4553570189342313
conrodo,1.1598478923006919
solutu,1.3202837019186087
concideo,1.1546971417811083
quietae,1.5240044183477706
uinca,1.0454975976672687
uincar,1.581802369740813
laquear,1.0504400057902747
testudineus,1.1163344299801103
uenustus,1.0307522323973843
multimodus,1.0705916466211167
remordeo,1.0928099411921186
tinnio,1.0617000727366246
susurrus,1.0761599295338242
custodi,1.3576312508334876
libyas,1.0397987983930645
prorsum,1.0402085623246604
cascus,1.1316131353387704
vna,1.7021785006980292
tentigo,1.1184297680213067
eos,1.1500831275167813
dominator,1.1464743003637892
caelitus,1.051685043911062
domitum,1.091800234821556
ereo,1.0545292128550214
congredo,1.0681961597260279
terrificus,1.0391510300513134
tarto,1.080908123799078
flammea,1.1947315417172208
temnis,1.2957394300549907
luctificus,1.0974690701782435
claresco,1.0286034776981012
clamosus,1.0526839675980555
parui,1.1971990598073046
augeus,1.3325748522208845
caelites,1.0732573642118537
cadmea,1.2169542458078109
uades,1.0427005129471072
passo,1.1861061999957017
subrigo,1.08675576778951
permetior,1.0588803618816056
domino,1.0718609738124807
assequor,1.0229524477436376
effo,1.1099331753014898
tartarea,1.0659014282907957
geryon,1.0967790269419642
creons,1.1132755386845163
dsum,1.234058366082743
inremeabilis,1.1866860029086412
styga,1.1655852413811407
iuridicus,1.2041086871910596
lubitum,1.249197417559393
obtulo,1.17082441111996
paedor,1.0775135005366303
imgratus,1.1996905171538448
cocytus,1.0359556003926664
umbro,1.0386161900455582
uerane,1.23283796571789
oblitus,1.1986936500848442
quaesitor,1.0299169938229102
taxo,1.0848015932030235
danaido,1.282055639749525
torpesco,1.0414616453181262
adii,1.2503294769893747
charon,1.1440991240665657
subrectus,1.1797913630848549
inclutus,1.1842943568539244
iugo,1.05409603742398
ephebis,1.0475388710464846
vltrix,1.4101336512460028
cae,1.2081233348642608
exundo,1.0178051424189962
dircen,1.2303347344463331
macetus,1.0649053924002394
mimo,1.5641687371101318
nefo,1.1510761672326035
cyclopia,1.076164554519666
gno,1.089041515594962
undecumque,1.0609322804204517
temet,1.0444922962447571
pudo,1.2463082576794762
macio,1.4501812076499294
reciprocus,1.0719417165631424
reuerso,1.0254417144709984
profo,1.1305699496529862
quisquamne,1.65802394394119
caspia,1.208467156544435
aceruo,1.1135304587179347
nouercalis,1.1329474460153475
hiber,1.0511592896517747
arctos,1.0948670471841357
cerber,1.2455932795699125
secure,1.052688194847146
hercul,1.0463174583712644
inpauidus,1.153593769284904
hauds,1.1153263289676374
cirrhaea,1.18734838095381
strata,1.3248292242335207
montiuagus,1.108393357045524
dircaeum,1.1719119710345816
caspium,1.0329810845663026
hariolor,1.1814746151366238
inardesco,1.0861042975565072
exero,1.025558367988858
horribilis,1.034667354750349
doma,1.428344261526067
suauitudo,1.1927784405424275
illicitus,1.0621209631123307
sabaea,1.1197273979090325
nupo,1.101621845936455
ferro,1.1694984075661676
perimus,1.2810772730792144
turbidum,1.117372633014716
altisonus,1.0934657771843028
mysta,1.5482792606893294
infor,1.1102630476232325
taur,1.047844735355314
cydon,1.0861456419881654
reno,1.1337226832573541
lernaea,1.1884358049981665
optuo,1.2668384003322415
plutons,1.102045309854866
lethus,1.2416537842828799
belia,1.3856100586545625
bistonis,1.3504740523882526
garama,1.077169048452786
arctous,1.0518382104698842
fos,1.9667639114195101
amazon,1.108960199767582
gigo,2.197250924409687
stymphalidus,1.117907207633415
calpe,1.0704803700469705
chalybs,1.0126191594228442
perprurisco,1.835530208344274
unguicula,2.069637463446888
ubina,1.0925891084914578
stelliger,1.0735790522384159
lernus,1.116323882396324
ubinus,1.1178557381667362
caucasum,1.0756314244460556
prorsus,1.0209665752005501
inquietus,1.0347386980753133
calpen,1.114646385860271
conturbo,1.0474502528407594
relicueo,1.1541634135940222
ruitus,1.0464317958483196
pulsa,1.1759298659420765
garrula,1.396011504111678
accommodus,1.0516733752789544
arsura,1.164021951074658
planco,1.3226429024452062
pindum,1.0982929054543482
exurgeo,1.1048746095088722
inconcussus,1.0400332965066563
giga,1.1765049578137556
infer,1.6737648199656012
quaeritum,1.107317607298104
hebris,1.0816004385914864
plancio,1.8271799897778562
geryona,1.036030768180031
amplexa,1.3129705135208318
remetior,1.0753674354448133
inhospitalis,1.0678499575876106
subluster,1.3005525242192522
grauatus,1.505498854177304
paollux,1.222000385307195
thyrsigeo,1.0535416049696231
malea,1.100421246612921
clepo,1.9613817246048353
fello,1.1209227352968727
letus,1.080221076434138
parumne,1.1000777919466713
sipara,1.3259447461903981
recurso,1.147671871175645
lympho,1.1089530895813953
corus,1.0794125914492347
quatia,1.1638791828906065
perustus,1.0899131354897185
aggredor,1.3681933116375915
afluo,1.2387991902609206
tarta,1.060675925792459
augesco,1.0385907933767027
arctoo,1.058993785174543
hydaspo,1.0544470292530022
baeto,1.2148172048398587
maena,1.0838600477352256
vndo,1.9437036432881105
occultum,1.232587981198665
ubicun,1.1627466776519875
egentus,1.209894919271185
semetipse,1.094737237734951
generositas,1.0760671620945998
adspiceo,1.169010452395019
immoro,1.129281819126612
alcyona,1.1556380662842922
pandionia,1.2213945500601882
suauiter,1.1156166836441874
graues,1.1863188935733555
fodiio,1.1382140561147163
seneca,1.0852547621675113
uinctum,1.176745997277464
ionicus,1.1072007577202452
aedon,1.1194085339506625
quisquamnis,1.031543857019299
expauesco,1.0218373894361146
uorsus,1.2054825938731348
dirx,1.4285134319574189
pressior,1.0663550715186627
implexus,1.2681774037688203
alio,1.0420268611774994
iacchum,1.1340161811352751
phlegethon,1.0662221091847717
amphionius,1.1319576259139055
peremptor,1.0813390178149551
peremo,1.0519585068313093
castalia,1.0605374036745185
iamna,1.2989162005057324
regis,1.5631566021063443
obtendo,1.0497934323210447
ganges,1.1469989787417207
nebrides,1.2683225533226115
odorum,1.1929462848311192
recolligo,1.4448032747878488
hiemis,1.0307711041783632
repto,1.0255183730892579
lais,1.1754033430431128
meatus,1.0218658322115104
ceruum,1.0889802292625348
subditiuus,1.1587031283614786
potesneo,1.0470732535549137
exoletus,1.0735560386861691
concuto,1.066752122731186
optinens,1.077933103858677
quouum,2.2518154080065993
inseco,1.1427150825074348
lachesae,1.0601087240384284
inuolo,1.0865688298846428
utrumnis,1.0144463475020222
pauito,1.0541100116794413
ingredo,1.0695841024502641
postergus,1.5227874211772283
riphaea,1.038154807389399
molossus,1.0538626360473167
aetnaeo,1.2561708777711382
miseret,1.052609732069507
aggrauo,1.251249387416264
corusca,1.1001132819477255
phoebus,1.0331984553644862
scyphus,1.038949290675592
antiopa,1.0789328548027295
intractabilis,1.0421533392394349
sina,1.5711776844508605
effrenus,1.088316559362989
chus,1.3397277218333998
neca,1.2408764911479317
conciliatrix,1.231773427677285
uenerium,1.2962028320782621
nepotulus,1.242333611115266
exanimus,1.0262534481231493
intestatus,1.062978427587689
primaeuo,1.1313865669586507
quodnam,1.045791449541664
creticum,1.2320423528658404
trisulca,1.1016532399823864
monstrifer,1.1425058316282566
stellifero,1.096751925060194
tracio,1.0662119452331147
mobilus,1.0744117756115061
inausus,1.2126112256705703
phlegethons,1.1438174622550892
euersor,1.0681354289409086
reo,1.0899071170986405
stuprator,1.1825510519684213
famulatus,1.0732540000058852
imparatus,1.064561792552529
epidaurum,1.1187641139875055
physeter,1.3050762588938631
pistrix,1.051278179149732
proludeo,1.7089084964976842
deuis,1.1977254574742617
biiugo,1.245589857939102
hoco,1.0515006175300827
soluus,1.6141991507595643
machinor,1.059747928900717
tutemet,1.044909998576868
scirone,1.087579031108366
abrups,1.0807876603300184
lamentum,1.0422389267655339
quantulum,1.0818116194112304
saeuis,1.1900625347572948
deseruo,1.0540279596211404
dirco,1.683743846616192
inextricabilis,1.1271470995701418
tartarus,1.048254971914851
argutiae,2.00736951294008
membratim,1.0663112214575385
miserandus,1.094696665201609
praecoquus,1.1577012050094964
abstrusus,1.4795122337516338
indomio,1.1027572915493806
oedipus,1.042760135688216
transno,1.0642598645920094
defungor,1.099511704337199
deditus,1.8420137539355148
pistrinum,1.044622885844244
posterx,2.0223259402121503
haeco,1.0561249168745903
pactolus,1.0768225357435397
hermus,1.0462448357253993
frangendus,1.1322945315474306
adaeque,1.1790088666621878
neaera,1.1215317076803377
nerienis,1.0702212242606721
mauortus,1.12189544325868
malefacio,1.0707600058001678
quocum,1.2396458723804071
exstirpo,1.1320360665272642
inluuies,1.0501560253749282
exoticus,1.1068932228948254
amanter,1.1419695532252243
uendundus,1.0824904250157432
peregrus,1.3866394868880076
incepto,1.2572483439299187
fortuno,1.0782840740964499
captor,1.1869397977339695
thracium,1.137049694606088
thyess,1.057993931353808
patibulo,1.7547316849296772
incensus,1.1382393847331207
uadus,1.5224206839652519
deceptor,1.2929925668334914
possessor,1.0316145799322218
assueti,1.142642625871597
pisco,1.1975737042268733
accresco,1.0718614531652664
recordatus,1.619205770347712
alana,1.1660222826442768
auspicor,1.0459322754323104
querulum,1.1023169843592189
lensco,1.0585734989280953
flammao,1.1982607908147997
expoleo,1.1725945870538055
examussim,1.2692099914446497
indiligens,1.1999192673642038
pinnatus,1.0552237778977838
expolio,1.049713430108612
fores,1.1225031451026555
conluceo,1.153034909354218
eructo,1.0421409101474532
dano,1.855680014405475
uetio,1.330561583818194
noleo,1.0709457816182186
utrumna,1.3572577161943264
tigrins,1.1381592327832313
undo,1.01448683300481
cassandra,1.0526446690166247
substringo,1.1324252988262942
troado,1.2162158478779093
suffulcio,1.0701206726193024
idaea,1.6994673038329247
polyxenes,1.6298273310665454
perpleo,1.7007068227805615
uestum,1.1239056346759513
fartim,1.1165237261398284
tumide,1.2681808547596725
pegaseo,1.0636347412348897
arctoi,1.0987509424924553
repeo,1.0431140592021315
condeo,1.0926215552694818
phrygus,1.1034409458860506
andromacha,1.0538076941606414
naues,1.1125269706566416
auius,1.0462197170310492
fatio,1.1469867459344605
laetifico,1.2458239593286078
ulixis,1.1150029265376251
rua,1.213866186017443
machinator,1.094069174122418
maleficus,1.0489335552256376
largio,1.0491833460094213
reboo,1.0500216172615648
peparethus,1.0885001443572533
ithax,1.2477892132811494
inlaetabilis,1.1795906239748057
hoelena,1.2102538932386149
praeluceo,1.1013519599046615
hecuua,1.0519525045514841
assurgo,1.0406102585471042
troeo,1.0863059165647249
busirido,1.0311808174441317
adprobatus,1.1550571049520792
adlocutio,1.1510793262310428
corroboro,1.038801591202875
restringo,1.0607256845819117
reclino,1.0595025839291499
augor,1.1205683119089824
consolo,1.1015725160506313
adminiculum,1.0251273021608296
diligentissimus,1.0873654518429108
secretior,1.0250486352646284
pulchrius,1.0607613635688264
infelicissimus,1.0537710914810012
aduersi,1.0276820674268856
profecor,1.0752770098903446
obnigo,1.176170010147026
contractio,1.0835001207999573
contumacus,1.5339424162303774
minutatim,1.062452963773081
deploratio,1.3014863609833112
languidius,1.1746194175665408
malesuada,1.086537304528452
aduenticius,1.0583920571338883
commodatum,1.5819944811479454
conlaticius,1.168493198770413
perpetuitas,1.0327777281891073
explodo,1.0540916664059272
aetatula,1.0620064656415231
arieto,1.22041625282259
proiectum,1.0529674666300473
lineamentum,1.0773358162831206
ueneficus,1.0689474663397702
gaudus,1.6165316731875028
friuolus,1.0410804808083005
suaseo,1.2095198519613477
malivolus,1.080725141322785
pontificium,1.229054692779109
quaera,1.0727670306367372
exin,1.0228834063889607
lucretia,1.0235164784214488
insidens,1.2803823407349881
cloelium,1.3175786143024195
ostiatim,1.2763596017949295
gracchos,1.6694830351182983
radicitus,1.0210370979136227
sobolis,1.038665958259006
interscindo,1.1397248541124094
fabulosus,1.0253634379797256
charybdin,1.0599110196665074
stagni,1.1975861850143688
territorium,1.060719917151488
absterro,2.4753694176081233
ereco,1.0530119444424568
dissono,1.0351043753311588
secludo,1.2325568308129804
pernicior,1.2533702802741018
intemperies,1.0653456728199635
tribunalis,1.0974705059825338
exsolutio,1.457254575370413
cruens,1.0952238423446328
pertaedet,1.086787024226676
indubitatus,1.0761385998896742
dispensatio,1.0799544129541365
medullitus,1.1587876406877655
oh,1.8723463902246853
defetigo,1.1698627651568214
interuerto,1.1358814836640518
popina,1.0454744041536275
cordus,1.1233759903151332
subscriptio,1.0668770760021056
circumlatro,1.2017637771270844
arcula,1.0755161330791925
obduresco,1.1088501120567276
revolo,1.204595684821457
obsoletum,1.0901583175143177
adpetens,1.0523581752819633
uivacior,1.2291713922155776
offoco,1.4280859009380626
ueer,1.1346466037597527
molestissimus,1.0709194628760466
interfundo,1.1790151636109318
discludo,1.0588025770406695
invius,1.0833019201129197
elatior,1.1660077768527397
ignoratio,1.0287239425378893
adveno,1.1203808591434876
sortita,1.3028887226830417
adleuans,1.2329245782044198
consolator,1.0790535991444348
concurra,1.3212713842464772
confodior,1.1041426699546357
inopinans,1.0637658449265326
indulgente,1.0479526646556545
persuasio,1.0228000328228197
opulentum,1.1363119218358586
positio,1.0203411205131598
abrupo,1.2457031516544799
uelocissimus,1.0353411691262362
inlustrans,1.3661632819742788
pyrenaeus,1.051506087431759
pato,1.3052750654593592
diomeden,1.1010843017274732
purpurissus,1.282663440770527
grai,1.1230042282301838
fugaveo,1.2549782769699978
cantabrus,1.1968050133193402
incorporalis,1.033278696379611
contemplator,1.048605557569154
investigo,1.1118379092812385
praeteruolo,1.0836477865146397
depressior,1.3078729241282883
cenatio,1.1415522951730317
interpolo,1.1782960065922485
pigmentum,1.0825483985239281
offucia,1.8264624956753122
perscrutor,1.0475959085528046
erueo,1.090252822065908
phasi,1.1798489430231087
alioquis,1.0689110302463458
adgero,1.1094326816395719
retfero,1.0903296279370347
incomprensibilis,1.1441792564887878
differtus,1.7760634780225428
imperito,1.0285534079458698
extergeo,1.1833814946542909
sollicitior,1.093531489612269
stoicus,1.0203223805018216
menenius,1.0653228756045028
sequester,1.0963674807620274
dedignaor,1.1134868554227246
artificiosus,1.199092712251758
inuulnerabilis,1.0590114993142425
violo,1.2919239200057044
callidior,1.184718186591736
inspuo,1.3061821395652868
subrideo,1.0315472819414162
oscito,1.066181725561481
contemptio,1.150233965422535
astute,1.107899957334151
familiarior,1.0572512087149097
moliio,1.0780101231538584
etiamnis,1.0309907769392879
fortius,1.639849761708276
congredio,1.1124832983773483
indecens,1.0705661650442473
inbeo,1.2666874695591597
blandissimus,1.2354388247686943
argutia,1.0649706913073307
avia,1.0982885915947604
piamentum,1.3279864171463738
indivisus,1.15116762725292
convaluo,1.080987519029955
secreto,1.1142966598495994
uicarius,1.0490522697304576
mirabilus,1.5157403411306931
invenio,1.1144279664478935
deponendus,1.0649174916968036
utrumne,1.0302578860046023
uoluptarius,1.0595414594492047
piissimus,1.0794664157530964
inrepo,1.0414873765434014
connecto,1.185425439452121
conroboro,1.1748563940895338
austeritas,1.0595255341924197
sincerior,1.1673652653987496
consuluo,1.074573148173768
exemplaris,1.231146030516941
suborio,1.2528581181278327
cogitandus,1.0314510756536908
obduxo,2.351162154526416
parento,1.0437732080547868
drusillus,1.1682987263152191
principaliter,1.2278710328262634
peruolgo,1.2617617703815673
errabundus,1.103369973531168
sevoco,1.3756172138768201
constructio,1.0768087130462711
obsoleo,1.2110014131656686
humanior,1.0768544675309804
proluo,1.164010886903544
caballinus,1.1490643331447816
heliconiada,1.2098188403079881
psittacus,1.0582321033853657
chaer,1.7108969177737843
pica,1.084553626307078
largitor,1.0500559225658663
refulso,1.1369757201171429
sardonyx,1.063946570111762
plasmo,1.298846412866504
scalpo,1.0416012427781247
exsistumo,1.2282182755237998
ten,1.2568754554869395
cirratus,1.2605657332950142
romulidus,1.174430628633254
hyacinthinus,1.064818474810135
plorabilis,1.4860911823055296
eliquo,1.2080574819717185
supplanto,1.1576804349074143
cippus,1.13173863022736
scomber,1.5758911391384907
eug,1.226073513038693
belle,1.100451273009676
sumen,1.0585730313867878
horridulum,1.1439886580409155
perfidiosus,1.0902249082220108
sesquipes,1.0232710193275396
occipitis,1.146326953218068
sanna,1.2430197084657317
rubrica,1.0247399718387955
saio,1.1976573133716357
uerrucosus,1.1648670026039585
mensula,1.1131250059712678
sartago,1.1560312745258141
trossulus,1.170800552921709
bombus,1.0950289055974138
flexurus,1.141226315794486
delumbo,1.4396011969035372
eux,1.127568744548984
genuinus,1.09485604397849
infodio,1.0334157267008162
praegrandis,1.1321735738690388
uaporo,1.0640075677570728
arretus,1.1083750507373833
ebullio,1.0759915933026045
expungo,1.069600399706761
scabiosus,1.0951998914801895
nerius,1.1969347108594832
cuina,1.4449555834967647
estne,1.065946395982329
lactus,1.2176842610111838
lustral,1.310468042042854
calcauo,1.933512994718029
tuccetus,1.1837801139637405
iunix,1.3960010497539785
creterra,1.2769483086532398
praetrepidus,1.1660384906595105
purgatus,1.538704425169641
pulpa,1.0806606805221166
oliuus,1.0121063908776105
donano,1.27926448538499
pupa,1.310642487784121
pecuarius,1.0706066765381326
columbus,1.2122250130021508
poscio,1.132837440021564
succinum,1.3735647734662502
cultrix,1.0552728936924842
stemma,1.0236167684779147
millesimus,1.1802027598394629
craterus,1.0475675198432408
uicturus,1.1157797638583655
umbr,1.3527187466488855
pernus,1.1527648306882563
arcesila,1.0264370361759794
obstipus,1.1675123837391286
exporrigo,1.0619284225024401
aegrotum,1.0608821668300936
sodo,1.2303491706085197
deterius,1.0770424334618531
pulmentarium,1.0975682212918167
lutor,1.307242734326691
surrideo,1.197665008051315
catinum,1.0743272206051988
feruesco,1.0405345538674833
uisno,1.0849557179896432
theta,1.1544247746812317
mantica,1.3070402731809103
pertundo,1.0352204271653103
tunico,1.1865823501737167
hcepe,1.3162459707795118
pannosa,1.8354067134302627
unco,1.212688795765727
despuo,1.091244051635466
runco,1.063495782330312
gurgulio,1.1102944952549865
palaestritus,1.1834927704315295
plantaria,1.0384262916223963
mansuesco,1.040424275799114
uibex,1.0479441551709416
cerdo,1.181901674119589
tectoria,1.046031136997577
irriguus,1.045111846146965
canthus,1.248379070182749
tesserula,1.2218935865796634
uappa,1.1327944532205194
farrago,1.0670896723497454
masurus,1.347669301939263
sambuca,1.0817281275738022
garrio,1.107779181256277
granarium,1.0336487553093419
fixus,1.0738924094892282
rcio,1.3331178377722082
strigilis,1.0399331158739715
scutica,1.2320448861873075
baro,1.3205421512540856
cannabis,1.2207950004005717
nutriero,1.1566175222575517
deunx,1.54378270385684
dauo,1.2879155435517808
chrysides,1.8208004646741909
solea,1.0517646875916058
uiolens,1.2171551886620664
rixor,1.0438893283740984
uener,1.154538536674793
ennium,1.0221058850779579
pythagoreus,1.0530073180461679
ditesco,1.1147296298855585
rhombus,1.0735356364515205
inodor,1.1766337584692415
cerasum,1.0675780893060813
unguen,1.0588199506702407
coniueo,1.056708428062368
exosso,1.0857300908579428
lampada,1.0818053413813749
trama,1.335211109781161
popa,1.31456953201316
cappadoca,1.2145295447140123
cataset,1.096332375310053
paulina,1.124109256894084
adparatus,1.0375136404974015
exclamatio,1.0469019383691764
seculum,1.0924827449595824
prodigo,1.0640225483370271
defatigo,1.0372592423511384
inconstans,1.0706644773326714
uolutatio,1.1011098837335604
conputatio,1.081840010967216
discursatio,1.2657503618134438
optatissimus,1.2852438561201165
adaco,1.5220843641390036
territo,1.0501486632575197
praecoqui,1.2196403106978606
quantumcumque,1.5528865991786291
quippia,1.0475051224195364
inparo,1.2078789236660874
suptilitas,1.1261906676599553
patesco,1.0195052537236196
decrepo,1.2135491301683765
uictuer,1.6903801810236134
inmidior,1.0903588935375117
receseo,1.1256075884713022
corinthia,1.164024373913923
simplicus,1.0558559951042443
modulatio,1.036495771346923
inertissimus,1.7276085425574517
digo,1.6601791509832207
cocus,1.0979561668714823
enormis,1.0421991093371874
interio,1.151754169657514
semiuiuus,1.0888400105942633
intellegendus,1.039930408557159
caudex,1.0603089815742324
adpellatus,1.0612716612359718
conficiendus,1.053436027111077
lancino,1.079097601214347
praesentarius,1.125640288990015
adquisitus,1.08493880912669
praestatio,1.2026790213815612
ingratissimus,1.159717288938422
epicurum,1.0487991975792348
diuersissimus,1.0738013383653775
inhumanitas,1.0876352946561016
zenonis,1.0714245298839744
aristotelis,1.0362820676899602
theophrass,1.1098991782340042
simplicer,1.0844968398930424
tamdiu,1.027946841550379
condico,1.0583851132294102
caliga,1.1208692654482484
trudo,1.0292850116510104
concalesco,1.072497246715044
litigator,1.0523105184913109
exacno,1.2238075761882805
uenundo,1.0540478257755574
multiformis,1.0524451831602408
purgamentum,1.0561576275292186
ueniio,1.1302716079723916
priuilegium,1.0343338053135973
adsiduitas,1.0600870881576459
imaginarius,1.0968337366729422
petulanter,1.0992393220302559
seres,1.2047874622714356
dissolutio,1.0535824261423234
inprovidus,1.0537677159550638
inuiolabilis,1.0490516137753954
demetre,1.0865261866472138
stilbon,1.1262776864082382
iniectio,1.0915315173472033
calumniator,1.0496373801983894
fenerator,1.0559241763431721
imaginor,1.1113195015348756
conformo,1.0598824952460046
saevissimus,1.0714027033331965
accidens,1.1050275769231428
refuto,1.026059885360674
magnanimitas,1.0966187294603151
iocularis,1.082747231953649
contumacia,1.0380071410408152
mendicus,1.0450520843714992
invido,1.430231605537705
bactrianus,1.0173056766223534
lecticarius,1.1322514331127551
eruditio,1.0584474113228126
incontinens,1.1956101994634396
cinerarium,1.2935748777222396
nomenculator,1.2213677861823637
ostiarius,1.1038663907902528
sortio,1.2060255790296726
despiciendus,1.1448369691123181
consipio,1.5951142992069598
gracilitas,1.0750142280405364
indignatus,1.278514616349962
uervecis,1.131008417501154
corbulum,1.1399927294717995
depilo,1.1673889025655784
dicax,1.0995516977621196
toruitas,1.1302764813222144
enormitas,1.2748191021778252
herennius,1.047031236289759
caligula,1.112412559511184
thraetto,1.6463562093138775
conluctatio,1.0674876784290286
alioquus,1.3410994651818227
dehonestamentum,1.036023026993434
sueuus,1.1487929646597845
gratao,1.7356907193521385
marcella,1.0651268733440338
incassus,1.026396344786424
strepito,1.143217083342362
coleno,1.0745964118408662
tiberina,1.1677719418160961
labio,1.0489126353989233
obscaena,1.134984497922796
mio,1.1159250774742147
quadriiugis,1.135519614178726
pannonium,1.1561931584734009
crueo,1.3330254735925786
reuocabilis,1.1425982692007772
umbrifer,1.2850082892192662
ineuitabilis,1.0340654762051513
culex,1.0318366431182726
recino,1.1221943329012816
arnus,1.192283918111325
praepando,1.4500848198376863
adlabo,1.3097078414088112
phleger,1.1291246472414231
centaureus,1.3486891829558494
hellespono,1.3784293091855104
arbuta,1.1663628267009598
labrusca,1.1875514331197792
alco,1.3343564566845967
toreuma,1.0972711805045734
recineo,1.7976850803167108
hamadryas,1.0533156571281626
oeagrius,1.0849383180057672
tens,1.1767912289675038
pupula,1.086256893825696
requeo,1.4219900552667877
alcess,1.1070703450112562
ithacum,1.2041238107842516
phlegethonta,1.5724564880732628
obsito,1.2156474425793855
sonora,1.1017869378887022
orpheuo,1.2215356800029822
uulcania,1.1444971658421008
laertia,1.1881059779437342
strymonium,1.6024039665983734
hellespontiax,1.311887990276343
corripo,1.1552681947750076
horatia,1.124364792669051
lydi,1.164520137394532
timefactus,1.408731740441013
scipiado,1.152461390773627
regemo,1.285559885653537
congeso,1.076261895533439
chrysanthus,1.637379835610235
lisbyae,1.0672760097864713
tinus,1.6795815686290998
elogium,1.0309861519516494
sterilesco,1.2438135215623942
sertus,1.075418444371513
uirectum,1.0807615518471883
emerso,1.2650661351803447
piscor,1.060074093656849
deuotus,1.0644546023602328
emigro,1.0726332875310687
uaccula,1.2526217400578676
alcumena,1.0919196835953366
pergamon,1.0698542646027933
cyclopa,1.0802987708499905
trinacrium,1.0491067168603918
tityon,1.125762347428186
danaae,1.0948515427308327
commeo,1.0256070807240862
rimosus,1.099981937109013
incompertus,1.1766788990040684
morigera,1.2589980959559268
silo,1.2122962265534762
orbita,1.022364491374577
cometes,1.0534345719250398
praediscio,1.186560782609403
profesdo,1.1332219421419192
feracus,1.1828295156898267
trito,1.0859060567755148
subremigo,1.6081219223869025
momen,1.4237773786352976
suffoco,1.091747091716117
introspicio,1.06544329923095
luctamen,1.1469355434898454
uernaculus,1.0584091502100264
pigre,1.166617087643336
perhaurio,1.4305336776051587
obedo,1.0636470814082437
adiuto,1.1312325461736452
disiicio,1.2713614311933836
arbustus,1.0478177728641112
efferuo,1.2353671405407343
favilla,1.1737598337937736
praedura,1.2784142716043287
exsudo,1.1290004151346422
ogygius,1.063604869760322
eurotus,1.0496916253806
quoiuis,1.2478154771157441
nequiter,1.0638490154085865
dissigno,1.1264302851892471
tranquille,1.074127203654636
fulguro,1.069891515532167
crotalum,1.2510178137065555
corolla,1.0695604416270854
uimineus,1.1528204364252486
bromius,1.095630451878234
delicium,1.0595699655159478
lacerta,1.1575436903814373
crystallum,1.0644060462966576
minaeus,1.576971270955556
nemeus,1.0446165767315074
conglacio,1.899913866848521
colchidos,1.109778920226861
florens,1.1199006527340725
complaceo,1.118305716330346
biga,1.0361056269439082
corycium,1.1073980790385713
primaeuus,1.0436914587423696
viua,1.109940812078266
hortulus,1.0592679862360703
sophia,1.0776971276468503
peplus,1.157800192773286
typhon,1.1866288447885123
ossaeus,1.3221115402688777
auxo,1.09621532562083
perhibeo,1.0408267843835683
ulixo,1.0862135014917196
amphitris,1.189409858398457
notesco,1.1961877345314498
coniungens,1.1230942887672068
muratus,1.262994401702781
carpathium,1.0771186340023426
minoa,1.1850277203353634
domito,1.0815225568393156
aureolus,1.0984623950558632
periuro,1.1951716456533021
storace,1.285949498254674
fragro,1.031772615667035
coccinus,1.1900562880794312
sicyonium,1.0704333798902375
bacatus,1.4810413784056584
psalterium,1.1568590161646504
oester,1.090743318641179
extructus,1.0316884211945196
arrigo,1.0526729372798345
clar,1.878878672050693
dulx,1.0601284851346333
nutricula,1.092484452304229
circumuehor,1.2372352804488
deturpo,1.1026304597726455
largiter,1.0742309858217038
britomars,1.265180232886088
assigno,1.0503058537411116
expertum,1.3088766313255542
seuus,1.3626134291836738
denubo,1.4572720430513808
inuersus,1.1387391604144965
thallus,1.2028859714342457
bipes,1.0573095087055968
ellespontus,1.0919191861339959
curalium,1.1722021536046447
ancillor,1.193485164431285
scironus,1.6043236333422297
spelaeum,1.0991542707394972
cythnus,1.2892612536680497
uestire,1.0756879758970004
primitus,1.0867925154080669
concreta,1.1271052250063252
uillula,1.1347369296755554
pampino,1.0931204535208914
mentula,1.0181532005598224
maniplis,1.5949264177712272
thucydis,1.0547209360133307
tau,1.1735173893005157
selus,1.8765627521909822
uarrus,1.8234518737501086
scholasticus,1.0897445040937155
putidus,1.0921350558601304
dulce,1.218080416521944
pothus,1.5169849126277852
mantuus,1.0200671009095852
horto,1.2012960970945792
mous,1.228785180178735
hesperis,1.0330515594278087
raptus,1.0291671931953277
publicolus,1.3261067754749998
inmensis,1.0769380382494556
dura,1.359004363306107
perlabor,1.1475732732209765
tago,1.0554712618195594
mulio,1.0537952502880674
impes,1.2657435817735874
bido,1.2016199493416673
lutosus,1.083460586811283
deposo,1.3918300948833129
mula,1.025942176669408
inmeritus,1.0778289513836468
perversus,1.1827426276047743
thalassio,1.166637043910382
helluor,1.1995397235796144
thybrim,1.0914735718401491
compitalis,1.0600381929807003
hesiodo,1.2647928995198041
seclum,1.214899456180726
priape,1.064952033659592
rubo,1.1030221378696148
fascino,1.1079992460656527
graculus,1.4649092522361908
destitutor,1.332523731873022
rupeo,1.0860182437323178
excubitor,1.216057434109084
grabatus,1.0987294274944839
fomes,1.0628947871247512
afres,1.2446864657576524
emundo,1.190760803103419
subactum,1.3514790235869
mundo,1.2748342136569406
aggero,1.0481600114954377
carnarius,1.16147950243875
casula,1.0862393114249513
rediuiuus,1.0788622249521922
macellus,1.0544171414583223
sectus,1.1345419449843843
pistillum,1.1868806000188885
salebrosus,1.2634903363851915
olivium,1.654491545999243
effcio,1.8984480836523965
ocrea,1.1149872170557817
tropicus,1.106227531793989
trutinus,1.1219410580937572
protubero,1.237030845667845
amussis,1.0639548016866291
reputavo,1.0108184559806792
persensis,0.9999996423722592
monosyllaba,1.0706248496377586
seorsus,1.1241063948280918
controversum,1.0887990260705505
dissulto,1.0930779354468811
cuneatus,1.1745868520777534
dialecticus,1.0144961573965958
commeditor,1.000000238418636
aestiferus,1.196903970257066
quadruus,1.293440942657059
concretas,1.2179955233051807
frutectum,1.1833902590538206
difflo,1.1608536167005779
germino,1.0332260069805443
obelisco,1.1411399989416517
caucaso,1.6737982169794003
cataclysmus,1.0420220719258633
diluuium,1.0631700690902728
deucalionis,1.1199199398053286
tenebricosus,1.0924976132649917
benefactum,1.1254111987738897
thesmophoria,1.552128485016468
quacum,1.229405938649645
inacus,1.1755421160901036
bospo,1.651807872909016
isa,1.1088866833789564
memphim,1.7149008212957746
pellex,1.2748522316579645
parnatto,1.0359428709283174
sublaio,1.0782441575561983
parnassus,1.1720811175601018
caesia,1.5128950163389114
imprecor,1.0421233027746324
suauior,1.074746342117138
marsya,1.2209408786804141
hippolyto,1.1181538203152543
semelens,1.298869439947281
polydus,1.112807012086307
nysus,1.0519591004671023
dionysus,1.2335703877509516
iucunditas,1.039784749912583
erigona,1.0900136878540372
immoderatior,1.1226544973387067
constupro,1.0781547025723912
transfiguro,1.0543575697336345
aethalides,1.128813320754194
simon,1.1689198816310546
midas,1.256629841102824
mido,1.1697365027622704
pactolum,1.0814289323023376
euphras,1.0400537991696042
ariete,1.2060255790296726
cylindrus,1.0585921341250577
iasonus,1.1172195024045515
absyrtus,1.1207556028040373
adriaticus,1.09138936299057
iudicaturus,1.0846993351978431
schema,1.0297302628776617
deuirgino,1.242902114254697
pola,1.8672978987965838
glaucen,1.195291451578246
congemino,1.077317760533267
athlus,1.196019573777104
typho,1.1064680690761688
ammitto,1.2707344541536016
theseum,1.1037924588991126
parergo,1.3284791718416402
antaeum,1.0714633956618074
hesio,1.1196469924014207
hesperid,1.774499051839307
ducio,1.1964753034473905
philoctetus,1.057771071704947
minotaurus,1.078259264510296
gnosus,1.148175487299332
labyrinthus,1.040253258755838
xli,1.048246654004395
xlius,1.0555916600964372
consumpo,1.069637291983823
xlv,1.0399550972299318
xluo,1.0456062821076364
andromedum,1.1572628743578557
antepono,1.022981763513222
informo,1.042299597542225
xluii,1.0213379385176722
iocasto,1.2065963876650716
transieco,1.9515196054996389
consumpio,1.0586898627633274
antigona,1.12682399641452
iocasta,1.1239314598882488
ilo,2.0029558649217845
eteoclis,1.2445996701782862
eeo,1.0854414588269607
interiio,1.3250082471362477
polynicus,1.372584641698007
demando,1.1175636958808413
lium,1.0855920425193046
eurota,1.555038400436002
liiim,1.032340827455716
menelaum,1.0295158018239812
liv,1.047539786737207
heleno,1.3233855231833225
incensum,1.1009803238311757
annuntio,1.1724497903112043
sosia,1.077004752060996
amphitruo,1.3564439231213348
praeseruio,1.422738661613382
luii,1.0270018366060318
lviii,1.0414596411805854
oenomaus,1.21623136530199
oenomaum,1.0809569435206785
lix,1.1029444760693319
pelopida,1.2039118558711386
lxi,1.109077421029244
minervae,1.0667060697063764
compressio,1.115098156220203
accersio,1.1595513712933556
lxius,1.01692583586324
zetus,1.3099002889597995
circumcingo,1.2052528433744634
nioba,1.1164206750967531
superbius,1.1540977544052164
lxiii,1.0344200903658545
coniector,1.0507736931792844
paris,1.1542586207774335
regnaio,1.0686721118961797
scius,1.7841578563242355
mineruo,1.610047750923628
lacedapemo,1.153036098011686
pileus,1.1374539502168097
pyrrhon,1.2487895970325384
argiuis,1.089603734726699
lxx,1.0839801465618948
explorator,1.0245394089930404
lytra,1.4952866145986472
moesia,1.033049523917895
chrysus,1.304614404586535
zmintheus,1.220621182470368
argibi,1.2325124623426265
patrocel,1.2074461845206197
astrictus,1.3571486929492433
parins,1.1750232644887495
ulico,1.06661641675537
sthenelus,1.1204268746723476
acamus,1.2056815854397336
neoptolo,1.0812037560471746
sinon,1.1919196038305475
apollum,1.053195248535373
miseo,1.1092350746762056
polymnestor,1.1401472080514545
astyanago,1.0569781172373165
polyxena,1.131327822038902
nauplius,1.2771571093884646
palamedus,1.3845136014723503
maronis,1.1100626475642454
palames,1.2765469381947558
cassandr,1.1268697858511523
phocida,1.0590325565153587
laetabundus,1.6237746113327691
cicona,1.1497076633330348
maron,1.159464263500532
utin,1.4632562312963426
derido,1.07778574509388
hellenus,1.375460564707958
obsorbeo,1.2684651466904313
involo,1.1836465708026647
euryclis,1.146633988781899
denomino,1.250142117354472
cogitabundus,1.2907423338493569
moerus,1.5035592230883212
crucifigo,1.2498534083935997
transnato,1.2498844149309536
harmode,1.0567487628381953
scrofa,1.0746808027083887
porcellus,1.0789433321202317
harmodius,1.2793198928060094
editio,1.0932215985799576
thebaida,1.3568679262129566
ecus,1.054766556767488
hexameter,1.0308930908132798
manilus,1.237269678839104
uopiscus,1.070657918063337
haic,1.753463874845031
habitatio,1.1127292947600986
balneolus,1.2024897244608792
colossus,1.1221152238382708
dax,1.1966751731722247
dacus,1.0580872120798364
fereo,1.061281261279566
hevolbeo,1.0756119776381758
cespes,1.038889845593989
adrasteus,1.1885776726252768
cyllarus,1.2175707928434147
tergemo,1.203731238981305
apelleus,1.0838440832481284
elegeas,1.1133955951725296
propinquo,1.0217391277869392
tegeaticus,1.348415589885044
optatus,1.057016541336709
reminiscio,1.0412922905888673
stesis,1.4232080275466141
suggestus,1.0345352870837001
flammiger,1.1233893795437693
queritor,1.3816725558084924
naxum,1.1485527032537983
laconus,1.0644375835972768
dalmaticus,1.099791647328623
erycinum,1.9386660503813264
numquamnis,1.0829373307710322
bissenus,1.1538693948353782
daco,1.3573211839131558
lydius,1.2854914273069589
septemgeminus,1.5171839648461327
aspera,2.1349711457471585
mactus,1.041153292815117
intemeratus,1.0324594372420808
sicanius,1.178430745485345
prolor,1.1261823520630143
semeleius,1.0817423558480972
ortygium,1.16603816649479
thymbra,1.1411835438513365
ismara,1.168897322571934
nebridus,1.1695601236230815
entheus,1.0981924732138615
lavinium,1.0917341619569414
aonidus,1.0830173040401054
parthenope,1.1432158369435557
sulpureus,1.084323783172936
sarnum,1.3419321895049088
pisaeus,1.202030694268572
sestiacus,1.1675232708324055
picturatus,1.113972596773007
balneus,1.1191592025327881
defluus,1.1438409352744494
expaveo,1.201441654134057
abiungo,1.15415237724674
dryadus,1.1531582258156752
taygeta,1.1299888733528924
lycaeum,1.0406589270477524
bifer,1.5529921071212893
laurentia,1.179909847805756
uitrea,1.425692523117812
nivosus,1.2749092920214442
satira,1.568416607669895
persis,1.0414959107983925
ioc,1.3070582966048474
bellipotens,1.0631725618954024
inclemens,1.0273389141748595
arctoas,1.2010474757352447
captiuae,1.1129628484689114
dacio,1.0984093924742282
odorifer,1.047240114329159
paeonius,1.3803148265311243
recepto,1.0371501062111614
transmidior,1.3330614856265293
nestoreus,1.0956497706590376
uacuo,1.037606039844499
tegeaee,1.437950414362143
praedatrix,1.6094995803382448
nator,1.301348360118177
praeceldo,1.9114633688945784
thasus,1.1862826564696365
undosus,1.0443432766995369
nomas,1.0803109442196608
synnadus,1.5482832614065027
tyrio,1.2239586399665172
circumplecto,1.069624062297898
tabulatum,1.022999728049112
inerro,1.2896132624374168
baianus,1.033296006147099
bellaria,1.1077320776777133
damascus,1.0707275460755696
mustaceus,1.3585002583441184
mappa,1.1813527381477384
sparsio,1.3658440798785028
gadis,1.1118135946603946
scenicus,1.2195181449781025
gregalis,1.2090549170651037
internosco,1.1070682265149754
petasus,1.0998475232509177
pinnula,1.128224412694698
torulus,1.204159936104337
saturnalis,1.0555410536135852
opusculum,1.0622679702186368
pollus,1.8491873082376007
epigramma,1.0408446062646661
stilium,1.7711132893015133
pollum,1.110608040309449
solatium,1.0575703716180183
praecox,1.053693459855311
hyblaeus,1.0546969336544636
adfingo,1.073477319188552
uenturus,1.1414632108565042
abitus,1.0647601547090486
catasta,1.1248596960591397
pallans,1.065198421365407
fluctiuagus,1.0413570525723057
acca,1.1200753071872298
amyclaeum,1.4322311632483475
menandri,1.1936090482326531
adsurgens,1.0440242500244403
isthmiacus,1.2882919443743326
rescitto,1.9642576906190545
elysiium,1.4163022333339075
porgo,1.1642688094618159
optunsus,1.3224919346530126
implacido,1.2254396446424172
stadium,1.0177777278982587
gymnas,1.1026343005351884
polla,1.2564155600312075
phorcus,1.1402192710547066
ephyr,1.1433473470008049
sonorus,1.0940934323023976
scelestior,1.2578443507943804
iusdeo,1.0765078808576432
prochytus,1.468280362762187
megalis,1.87128111785997
iambon,1.3324932520414634
obstrepeo,1.2970248363490686
calens,1.7115629652617483
pholoens,1.8123627539349274
cax,1.1278853749227729
caelicus,1.9797610770554581
numquamnes,2.1033743070438122
inlaesus,1.047945791599577
phaethontia,1.1584177502915167
sturnus,1.321946527608644
foveus,1.4335483243627705
sosium,1.115291259312283
invitas,1.3629842707612156
achillens,1.1842128537496543
troilon,1.1261808401494915
pollentinus,1.0586905976334655
cyrene,1.0968785553948248
trieteridus,1.460064779151619
phosphorus,1.1161584154147497
saevius,1.2806729121662972
acceptior,1.1416255457899451
bassaridus,1.2999017706236364
hyantia,1.3285911073363783
tritonide,1.7178103110090492
baeticus,1.061957124373346
trapetus,1.074885639906222
gallio,1.162060826732222
meleo,1.4911832271466692
baetim,1.1703840899015299
popularitas,1.0371576077841518
pelusiacum,1.0786621803675853
canopus,1.0284786276960205
pharus,1.2476912208869908
maronianus,1.922164179831227
argonautas,1.1550517770060702
abrado,1.074643148701679
caton,1.1473089635837868
nocentum,1.2050380673498216
thiasus,1.0573842753598162
pyxis,1.0415004365964275
ecloga,1.1600084408420597
destinatio,1.0417478636278512
deses,1.0634344389097519
effulo,1.6745197507845249
obluctantia,1.4556317830856325
phryge,1.3448366137134216
molorchus,1.3124483303950891
quaenam,1.2233860983651887
exordium,1.0444006168837758
torrentus,1.0621849795036455
trivia,1.099427835683887
scrutator,1.0569262458049822
amphionia,1.0925946584615993
lemniax,1.328758519761316
cirrha,1.0639710627949197
libamenta,1.0692391808243278
flammigeo,1.092684106141591
moderamina,1.628420675522358
retinaculum,1.3533829661477919
supernato,1.6435360501567398
quosve,1.0906656745466143
populatrix,1.2848408952921377
phoroneus,1.1776278162820375
anhelio,1.1088761294832334
assyria,1.060585272183249
eoao,1.2518750275152275
germen,1.0622437576492025
opobalsama,1.7657405900825531
arabus,1.0756726650391266
missurus,1.390537965582204
meles,1.1454840196556164
stellige,1.0629768785706
hiberium,1.061085669500577
aestifeo,1.0652398127000196
atropus,2.120685244154381
pubeo,1.197199145237789
largis,1.6181982799305197
etruscor,1.18812036565904
diomedeo,1.3939485283426458
praemeto,1.3448279897609383
pergameo,1.1358463398488112
auxiliator,1.0770551558512835
praelibo,1.3642107016101332
paphee,1.0536747320282849
tergemen,1.1913154738434104
interseco,1.3278043818009329
retexor,1.1946622916826883
thylis,1.3139427525559761
impenetrabilis,1.073811097701535
lachedo,1.1174098430970842
dionaeum,1.380524609054568
interstinguo,1.6967961337374091
habitator,1.1835646558578041
dina,1.7027919765499424
thybs,1.1136339378311255
septimius,1.0525543924649192
sever,1.073162076090606
ornatissimus,1.1506245299950997
thebaidus,1.138292825638337
dalmatia,1.0602260956597644
grypus,1.2100777398401696
hendecasyllabus,1.0522905857677602
lusio,1.1691922063962499
iactantus,1.0799533702003137
reparator,1.113204920624873
hariolus,1.1014617930558708
bactra,1.0976728483710463
trica,1.0905151686711512
syene,1.3497528488493378
tranquillum,1.053670099806276
rhodop,1.1595950503201236
therapnaeas,1.051127941555608
appia,1.0524968797824645
flavis,1.1187049568186913
iniectus,1.6357977397284984
gauranus,1.8237495948060385
tensus,1.32842184376592
massicus,1.1741671163255207
uulturnus,1.2051513757526982
bagradum,1.1574606370484188
imo,1.1864080697621875
abnepos,1.1297109204140114
romuleo,1.0825441376089007
dextr,1.0661378220057622
quaena,1.0691947525563283
potissimus,1.0861036647580309
cleonaeus,1.0985668330199911
reverdo,1.2608849032903133
moderatrix,1.091663337885722
helicone,1.1101099495590319
atropos,1.1985452475545941
posthabeo,1.0670359893751882
thoraca,1.0559734238255931
heliconis,1.379025276681005
arciteno,1.1055893785708208
arbo,1.0249366058876557
leptus,1.0817215017894888
auso,1.3565897985469466
argeo,1.4140225198961036
lemnius,1.0642602696590326
promptarius,1.246248174236875
flagrum,1.0555255804214951
saguo,1.109711681078115
sylla,1.0928946541808464
dalmo,1.091804284708852
desis,1.150282860217578
mantuanus,1.10964232171726
orons,1.2208244042399763
sallustus,1.072837413477739
menecratus,1.7111579689447747
neapolus,1.0401907622180695
therapna,1.2504639521530965
gryps,1.2003555588117285
emptus,1.118891625300377
prunus,1.1722509681758606
lucanicus,1.111577282480636
nitido,1.373120270675621
codicillus,1.090159875927277
caccabus,1.156456635467945
statera,1.07594218602318
priscilla,1.1642397238448103
probatus,1.0668860992769345
afforo,1.2152589416394926
uxorius,1.2757937506758343
fatisco,1.031219543857337
iugatus,1.145695145352609
aequaevos,1.3815107704905127
uite,1.0543231815578709
babylonus,1.238002261832078
evolvio,1.0950583525370212
iubatus,1.1968091966722327
thyle,1.2179210746198446
modesti,1.456321675849902
emeritum,1.7206365114223379
consanguinitas,1.0459887468347044
furvae,1.2837685824391565
medentum,1.242828916879321
barathrum,1.0281096776739638
parcas,1.0751349236264796
unanimus,1.049069980827222
almon,1.5336974412346942
cybebe,1.1392157812049404
responsio,1.0874658166000228
lectissimus,1.0298403715799391
elysius,1.0913662894778475
inhonorus,1.1053085155885232
turmalis,1.2214744930112493
bolanus,1.305684037869875
telamonum,1.1393526398047213
thylens,1.8914753362773693
rexeo,1.0737443666266602
evalesco,1.275189533501892
extento,1.2508261444870865
eumenida,1.1121272611979902
tacita,1.1180536720163106
novercalis,1.169993542349218
troilus,1.1284998127711279
verso,1.0985728035587616
septenus,1.0813330937419998
peux,1.0860013720324684
palmetum,1.1681717438928703
caledonius,1.0589743337264435
unanimis,1.0553490322107852
praedoceo,1.6389541073358982
praeduco,1.1702041689477694
residem,1.2229045610246814
halo,1.0915603503696403
praecino,1.1045727286960179
omerus,1.1045133903325215
marathonius,1.0828215861902493
terrifico,1.0754083800649532
semirutus,1.0615908382795982
primaevus,1.175025815636852
athamantea,1.780809075778676
ibycus,1.64826318112172
alcmans,2.346042308902687
stesichorus,1.9704989208025137
flami,1.2716698985428625
achaemenium,1.089887646288752
senones,1.1483679551626849
seiungo,1.0787635806593818
pylia,1.3507444577680614
odrysia,1.123253997553069
incesto,1.0654646806530312
inlaudabilis,1.162987110259283
lugentum,1.718615717269279
tenellus,1.1158228790160827
qualitas,1.0444733088428653
extremitas,1.0317192549529512
striga,1.1493029191109962
decimanus,1.054651716708493
salma,1.4151434339944504
tina,2.113458521312343
tributarium,1.2286095295285033
uniuersitas,1.052949425438559
mensor,1.149229703379666
subsiciuus,1.184198142589681
normalis,1.1649962606997109
ria,1.969579851071298
bi,1.4308517411229615
finitio,1.0505131462416697
enuntiatio,1.0468204820515994
dimetior,1.0422149064568722
obliquitas,1.404048649404101
similo,1.2334465944791972
podisma,1.2276186568120873
corniculum,1.1088133965827547
nervia,1.9578033861849033
intuo,1.1005529851680795
transpono,1.2262811538428366
normaliter,1.1138941988749262
moo,1.8385234579400846
parallelon,1.3145553178394307
perticus,1.0990209229875114
perpendiculum,1.0719347307045448
conuersio,1.0529473768441797
inaequalitas,1.041621225281449
eminentior,1.1179988365018556
disconuenio,1.1438665149439802
controversia,1.084262255860754
alluuio,1.0798974815418243
podeo,1.564049019724831
attiguus,1.2401064953705234
promissio,1.1482422818196651
individo,1.2623268273087354
interdictum,1.0444977585019293
infestatio,1.3949243930282116
adtributus,1.0569020763886505
aliusve,1.1778664218245019
umt,1.376166839440629
reliqueo,1.1203222789881075
inmanitas,1.034163127039236
augustinus,1.6585350036636177
cautio,1.0335590332216846
colonica,1.5842944866846187
apello,1.150198479868118
decumanus,1.0945851062400007
decempeda,1.0750424016972342
greek_wordus,1.074095914755642
providentia,1.0788945553470861
inuentio,1.0630874089033835
competo,1.0647363689701599
incuriosus,1.073887391583704
ligio,1.1450494974835101
inpura,1.1057925395918657
exstito,1.1136647635416195
reputo,1.0396545939722994
decubeo,1.2184075428891799
pacum,1.078593735544976
zeugma,1.1868338338009772
affirmatio,1.219677018387901
fusior,1.0968635676066107
obscuror,1.3443214188902732
domitianus,1.0183400209152462
obtexo,1.3519755334017545
suscitandus,1.2268290464216132
tergiuersatio,1.0984577921865346
ignar,1.0418502057654058
electissimus,1.1625057805803267
incognio,1.550562740652058
ciminia,1.759870045912118
umbrus,1.0732130819644823
rhodi,1.2353743267823085
strigosus,1.176847608368789
byzantius,1.171648278466699
amendo,1.1829002363372798
refugium,1.1096807802284245
agredior,1.389943983750035
agesilaus,1.028874468628165
pertendo,1.0564530459673633
iphicras,1.031058509251291
poro,1.1890413149152068
armenii,1.051931200309086
decebo,1.1432211341572525
transnauigo,1.152480786509753
lignatio,1.3386458252214
andus,1.952595952032189
lysander,1.0483462811211492
afranis,1.1283686603389071
samniticus,1.0274653123920998
uocitatu,1.1137040188949532
ferundus,1.100662659012446
cen,1.720563281599163
duillus,1.1063201010967179
bucinator,1.1290171297896725
archelaus,1.0145294076100155
spartacus,1.1021488373816324
uesuvius,1.1542962633123866
aggestum,1.2449902532550803
fasciculus,1.0610582897202692
collustro,1.0831709921284691
suffugio,1.506488809231873
efficiendus,1.1417873052608039
samnes,1.055288160343867
peritia,1.0643685011122213
captiuitas,1.0496962226876494
afr,1.0704369313277324
tissaphernus,1.1005419395737637
aptis,1.1494468585159234
montuosus,1.0347083217181723
obsequentus,1.2614537275676987
attempto,1.3755038680372829
ardenter,1.0481611902089747
opacitas,1.0657006098877093
cohortor,1.0676280901762172
sago,1.1624233023205348
dimicatio,1.0560677445800508
praedisco,1.0790828871890834
umbraticus,1.1382832491533377
of,3.3444406591196283
interpretatio,1.0240015000021974
exhortatio,1.0284241571928263
contristo,1.071504796290573
agathocl,1.0359372419182098
conturbatio,1.18221298655908
sternuto,1.3594057357805291
circumvallo,1.2024669714664147
conspicuum,1.1428280273381488
delitisco,1.073157202297219
uespasianus,1.0440744729100484
pharnax,1.0819802466498836
procursio,1.1914972916280797
subiio,1.131812306554807
arena,1.0344058679658363
cleome,1.148581875300543
poeni,1.0429977870852214
instructio,1.0786288237002375
artaxerxes,1.0343408835895982
lenter,1.2562379418958682
baliaris,1.1450036253090248
cohorte,1.2026371226655435
postsignanus,1.0850051145332744
arbela,1.0518123608962051
alluuius,1.6121602034387952
excursus,1.0293832143057207
chattus,1.271747400273873
desileo,1.2224604561685404
apprendo,1.133199821413736
rullus,1.0669417348693144
aeneator,1.1640581331903483
centunculus,1.1516565291947727
sequella,1.7115357267388895
quamobrem,1.1174943936167294
consternor,1.238752176113338
numidium,1.0590939948496008
teda,1.1877621227061343
fidenates,1.0206162186890144
atheus,1.2123681493446055
triballus,1.195892290817416
asseueratio,1.1588773684946352
cxxx,1.0490188826595228
illo,1.11866281208487
rapidior,1.4377464734659193
inveco,1.1040082544562482
uoraginosus,1.1074869696861278
maharbal,1.6496141543469138
mandragoras,1.2274879723896681
semicrudum,1.1909054242889334
esculentus,1.0802485499055592
intemperanter,1.7212029737638164
editior,1.0449895957075317
memnon,1.14219198231991
sollicitor,1.2083211977011872
delsum,1.4707073356380576
magon,1.1230825605336854
internicio,1.1564422869869968
scutatus,1.0805307381178733
scuto,1.0652632151067454
perpernus,1.1344790362441675
quintio,2.2878518906001686
obreptio,1.16360117616738
ilerdus,1.1038612341189988
peditatus,1.0639969736376058
liburnus,1.0510042797004804
agiliter,1.449685617466789
commorior,1.0931842012188877
conspiro,1.0252292238081353
pharnabazus,1.0907938109609812
manm,2.3096689728183395
metator,1.1612773900673403
pelignus,1.1680054313607058
peruicacia,1.075728669034218
habilior,1.28426484649455
marathona,1.2286451595138328
megarensis,1.0367831745796916
sepeliendus,1.0741221147864959
dinumeratio,1.0835787775267738
pa,2.1356100660697845
obstrico,1.1583425689314388
aspixio,1.2105266044015066
exortum,1.0342133619361122
char,1.1831245467785851
transo,1.1137501530166927
interpellatio,1.2855641214454345
brittannia,1.122890583127235
tumentia,1.2155516151043801
attentio,1.0961847420915083
districtio,1.2302833083715972
deriuatio,1.1151954036221547
irruptio,1.0890580577249813
timarchus,1.422769428244353
assentor,1.2465375352532206
onusti,1.1527998410823659
agrigentinus,1.078871452099065
comporto,1.1179463901731266
propediem,1.0528731041609258
crotoniensis,1.03577933473658
invalidus,1.0902620325310715
sollertius,1.0865274532297953
catina,1.0698720028170743
cadurcus,1.7041691116951303
crisaeus,1.526873797774144
croeso,1.0775303171521966
arpos,1.5699635414185897
cornicen,1.0307545121731543
milesius,1.028376058987828
inexspectatus,1.5383662333646866
contabulo,1.097965795373276
superstruo,1.0887601642859985
himer,1.1805105197212098
interneco,1.3026775942027906
inspiceo,1.1421758861501468
indefensus,1.077116766891101
barca,1.3774366838431475
phormio,1.257389117612297
mantinia,1.7349209011586604
demidior,1.0779736899932277
cyzicenus,1.0616034669446108
uigiles,1.1490711799919402
hamilcor,1.0304301887775147
dispensator,1.0819944815573812
sollertissimus,1.1023862277416387
tarentini,1.1492032535383592
titurius,1.128965999699072
provideo,1.6518921192556824
humidus,1.0527595347963388
uliginosus,1.0150988642256649
repastinatio,1.1727096632772203
clivosus,1.2393671175766545
repastino,1.2389667872262744
provenio,1.0817726968006904
folliculus,1.0466117713581036
uinaceus,1.0888413532429233
feracior,1.0872784229695156
pampinarius,1.0706432966480368
uindemio,1.246396680676717
interveno,1.081167803434534
acutissimus,1.041629179695142
pastino,1.167757229898627
stercoro,1.0234756436430212
pedalis,1.071120543530016
sabulum,1.2046427368740007
arbustiuus,1.2344622517090353
bipedaneus,1.2089889625780326
uinacea,1.266607427718543
humor,1.022033097802319
aequilibrium,1.2822271104734069
putatio,1.040257709260115
oblaqueo,1.168417517693877
prorepo,1.0965450484867063
columbinus,1.0346288793843739
circumfodio,1.091825671454056
arbusto,1.074074804374553
peraridus,1.2420875775591416
adobruo,1.5457842747935464
adrado,1.5548559499234769
subplanto,1.1227177543846125
quousque,1.1135527790141577
pertingo,1.090007385083405
fructuarius,1.0800364492319556
adoria,1.6945652395682607
oblino,1.080182963653731
atquiiio,1.1634777140401804
gallicanus,1.0638218301139561
excauo,1.0646290085047387
lotium,1.074430284544567
tubulus,1.0973184751727452
adlido,1.3232899101803988
refodio,1.6444244710969926
superficies,1.1358072766282346
dolabra,1.044388849280326
ablaqueo,1.0550687612732805
conspargo,1.096850731501171
desii,1.0653109700281727
uolucrus,1.4118878297037951
ursinus,1.1127706983662173
siticulosus,1.2097959835896175
quoquo,1.4671746953445766
adminiculo,1.4382625374423945
argillosus,1.0667198377197757
oliuetum,1.0754918643616893
proceritas,1.0368394953325828
retorridus,1.118170513442733
pomarius,1.020545692022899
maceries,1.1744607189704361
praefrango,1.276348435213313
manubrium,1.1445967976535556
talea,1.044806403795506
glareosus,1.1953093351196127
praecoquo,1.4235778002786026
serotinus,1.1128404493755981
fartus,1.2641255185055587
arcio,1.044805492877236
adolavio,1.3219134050315897
trigonus,1.0627258627608283
prorepio,1.2132271513515553
semipes,1.0444828024575192
avellanus,1.1430424581970835
primitiuus,1.4959687296003343
cydoneus,1.0632478905476535
inolesco,1.1057541314810877
scrupulus,1.032747848290143
delibro,1.2737637354711415
anniculus,1.0603891325828982
osseus,1.089232699750902
paleatus,1.1241310994566824
insitus,1.4484524369464664
ficulnea,1.0719390454888094
flaccesco,1.3348315418454395
annotinus,1.250495548227572
gelicidium,1.0412749703857689
grandesco,1.099242923137393
exactior,1.2355945937964183
circumluo,1.1504066930494992
bosphorus,1.1056371744476878
cimmere,1.1093395907471015
incluio,1.1808617413604714
tanaus,1.2595043230763792
maeotida,1.0944110282751933
nilum,1.3249012042491688
ultrus,1.1976059325451807
aliquatenus,1.0872642600742548
bosphor,1.031346772040504
maeotidus,1.2113926193008167
inhabitabilis,1.0917794885016803
bacter,1.2803849790346051
scythar,1.1297535974279902
massageta,1.0715962311621179
cadusus,2.0941007643051095
cerceta,1.2229435157821245
matianus,1.6642719526419196
vegetus,1.5970309713596644
isaurus,1.447250191029045
bithyni,1.2272060403185794
maeoticus,1.1017323117174753
sauromo,1.6794208380038924
atlanticum,1.0833309495667087
propontidus,1.293505463384637
ultimo,1.3643777803403638
electilis,1.4448082516891259
aethiopicus,1.1686103203185332
atlanticus,1.0359398645175806
vltra,1.1274312169635725
pharusius,1.1010758469190225
libyis,1.071609646572653
garamantus,1.021415352837324
semifeo,1.3006326790664868
gamphaso,1.2284238551759858
abila,1.123735880390549
siga,1.0881584434806353
mauretania,1.0443382711092644
cirtum,1.4735403359895713
icosis,1.9586774235125124
hippo,1.0796394538434495
tritonum,1.4809868610783004
cinyps,1.1130925116117865
borion,1.0753547528952867
arsinoe,1.0614584569033612
uall,1.0855602226143024
mapalis,1.0389811390534835
sagus,1.1127411029611518
incultior,1.7482513022882133
trogodyta,1.1215137145183052
deltum,1.130470916572563
hippopotamus,1.325125878229158
crocodilus,1.5200804417264093
aethiopia,1.1002759737566212
obvia,1.193594612195951
antichthonis,1.840689633683671
absceseo,1.8333529120125414
tricenus,1.6645206198679512
psammetichus,1.100123525422644
explicabilis,1.2284747661044033
canopicus,1.3035813643955232
bolbiticus,1.203467537209314
sebennyticus,1.1961912312761087
casio,1.1179717932491153
azotum,1.1424242997881058
mesopotamia,1.0230055916105962
damascenus,1.2923844968855145
antiochea,1.1013490679517783
immissio,1.1213482794606957
ascalon,1.1931865565158974
iope,2.005267988837242
cephea,1.231814396587587
phoenicen,1.0907850879368732
adiacens,1.071171971039591
seleucius,1.0452208411000687
berytus,1.160495811768716
amanus,1.086078704961847
issus,1.4038150947380998
issicus,1.1801688878227934
mallon,1.4364338883757033
adsignans,1.2578573649948133
typhonus,1.2020197569468103
eurymedon,1.085677958555682
aspo,1.3123933014593607
pyla,1.1372191787033863
niphates,1.1227873303409677
cragus,1.1563312577258054
hyla,1.0997165301974718
argivus,1.148786829075566
posideo,1.4656504767823582
inchoans,1.102117415083462
astrologus,1.0347363368239586
physicus,1.026723599920639
endymio,1.2185399294930803
amazono,1.0748919067454061
epigonus,1.3805115454766428
colophon,1.41945742515921
mantus,1.4086107433207926
myrinus,1.1749135755989761
oenomao,1.0965192481518493
amazonus,1.0216138855859547
antandr,1.0834886451503156
ander,1.4847716621033484
asson,1.1533103471648365
achivum,1.0972548902654593
scamander,1.1593952757237558
simous,1.185632275128162
parion,1.7512773502430274
apertior,1.048910602482192
propons,1.0594211620078289
scylax,1.1308564052615793
pelasgoer,1.5696426028656063
supervolo,1.5486964467580489
perniciter,1.1105046817061983
distermino,1.0483255812267844
calchedon,1.156957780170232
paphlagonus,1.2908221778198719
caramba,1.4594378579064986
cytorus,1.9676771235527462
paphlagonia,1.0478533741168747
promiscus,1.049287416868637
bechir,1.1376286460928753
bosphorum,1.0352391435189385
adtollens,1.1209591336581404
milesio,1.1821066988166613
amazonicus,1.1093098108286472
caucasius,1.0950178276684606
adposio,1.0625913137809422
sindus,1.2304022264148564
sindon,1.3255418360015276
riphaeus,1.0489042414710654
innauigo,1.6379215797416984
essedo,1.1006437406998868
agathyrsus,1.1034105384116355
cimmericus,1.1225332620716437
theodosia,1.1269654637258422
portuosus,1.1318184148674648
carcinis,1.082997169796949
gerrhus,1.1421638337596736
panticapis,1.1151484084763215
dromus,1.1193414671410757
borysthe,1.0272316668111643
neuer,1.2466811081757805
adpellans,1.4806107094158198
memoror,1.1456489867381758
into,1.125151112481606
exemo,1.177518136472574
mansura,1.5991380378541993
anthropophagus,1.0544716829885494
melanchlaenae,1.1175412889454162
cinctorium,1.3064875926159834
alicubi,1.0454336876932162
obiectus,1.023012266171962
maenas,1.121763196210352
orpheum,1.256351205286357
puerperia,1.0913004110943436
anchialus,1.2213846801879935
perinthus,1.3245567544774566
mastusia,1.151995218769844
aegus,1.3474689522718457
praeuehor,1.082725570516169
adluens,1.9824204099824696
doriscus,1.1656382845237994
zo,1.767914218960159
caprus,1.5216223221850713
strymon,1.0686485594736637
abluior,1.0692858617398102
gynaeceum,1.0884140635273492
ambulacrum,1.1716258594338027
nauigabilis,1.3876602308414248
peneo,1.1442475378568029
libethras,1.834012475103358
hella,1.242835913991558
atthidem,1.2592103290994678
oenomai,1.0948667613837888
tegeas,1.2352736360570091
erymanthus,1.098155310033261
inmersus,1.1704258126879585
rhamnus,1.1181963738698795
sunis,1.1919363704431152
submouens,1.228842421464452
cenchrea,1.5980303817126031
contueor,1.0306500328105797
bucephalus,1.2218819288487437
acritas,1.1827959096670553
saronicus,1.756724118704311
acherusis,1.2230115365600438
callipolis,1.2177193485180118
rhion,1.2096258067102401
architecton,1.302182666624961
exaedifico,1.0529940999950542
ceraunius,1.5306142631670179
illyrica,1.077895983380943
parthenus,1.172733107499314
salona,1.491291386425361
tergeste,1.693858139566581
hadria,1.062112154738069
uenetus,1.0464513766892656
piceo,1.160803819138618
calabris,1.0395452108668966
lucania,1.0834275623987992
patauis,1.1430535167264382
timauus,1.1410137297338692
uesulus,1.1534824139339046
ravennus,1.1285524189268255
fanester,1.273850294108558
aesum,1.3574040961894143
picenum,1.0726101087837818
cuprum,1.3186508607707481
canusis,1.0569241151233013
lacinium,1.2153142253462155
crotus,1.4535527978906644
carcinus,1.154735448744915
scyllaceus,1.6689039460013022
caulonia,1.1695123481403202
lira,1.47422865847095
vltro,1.2653816712914563
lemannus,1.2037429847734966
uocontium,1.0577526654683538
uienna,1.0477100676291045
nemaudo,1.25119349211759
tolosus,1.0911517880103494
arelo,1.0961649031033278
antesto,1.088216743364733
antipolum,1.1202470240754192
cebenna,1.352863930992813
atax,1.176944365699553
alveus,1.1017847672090169
narbo,1.061202787694558
salsula,1.2746830181388318
salsioris,1.2530707194222788
ceruarius,1.2929425450610916
tarraconendo,1.2219825842228107
lusitanium,1.0562610251373288
tarraconensis,1.0576715789521463
clodianus,1.7524054397925342
cautium,1.1073998333212103
barcinum,1.2456301788911874
rubrico,1.2830865263500837
saguntum,1.0267247937473711
tartesus,1.2380077430384453
mellarius,1.1260682140077942
arium,1.4275484457858933
eon,1.4820807201952078
mitylene,1.3358036797545663
coos,1.2109272926087256
cypri,1.0797126174993696
canopos,1.0644780378173209
meninga,1.0949177076528391
cercina,1.1232693392058333
aego,1.1913113288080608
euboeo,1.2372546236053226
myrtoo,1.2334617385491788
asterium,1.2104186579121128
echinades,1.234116190502952
strophas,1.1365430081522219
melos,1.036285268113202
olearus,1.2574596105230709
thera,1.1618256847633617
sporado,1.1723002782963245
myconus,1.126901272978361
clitella,1.4431916929933717
pasiphaae,1.0442466187839354
daedalis,1.1571371621295408
insculptus,1.47721272205672
adcola,1.9288237890339783
gortyna,1.171714395063177
caudus,1.3079265549874806
hydria,1.202732476656451
perfluo,1.0874926024619784
peloria,1.0962631023709153
therma,1.0294600843757375
gaulus,1.5847554103157304
galo,1.1204990855196877
didymus,1.0790429114861761
hier,1.1452718772305106
strongyle,1.144732296639667
pontia,1.1655092887678293
antiquis,1.1052488797122344
caralis,1.0813010351791803
stoechado,1.814655111805847
dispersa,1.0811101170292918
ebusus,1.1362932204256524
colubrarius,1.0684158819437621
adspectus,1.0848802987058555
reciproco,1.0711474876465603
exubero,1.0289875498832046
ana,1.3795224991162767
celticus,1.3236372518498098
durius,1.1523195446662138
artabrus,1.1933786228572347
pertulo,1.1348392447886475
cantabris,1.157071243966955
salubris,1.154088545249429
superstitiosus,1.02640143103368
garunna,1.1320817458166754
aquitanus,1.0541512080862165
sequanus,1.065245358842172
celtae,1.1391526624846897
belga,1.1057461878215262
auscor,1.1007230286637
celta,1.0632237680464338
terno,1.5547255514283933
adaugeo,1.1140703877302833
santonus,1.3338423658244363
gesoriacus,1.211465834568769
sagis,1.4632563589169791
reticus,2.0882596682675993
sarmatia,1.1284263393660352
uistula,1.215314665523299
belca,1.8538474934209537
navigabile,1.1733299391102963
hyrcanium,1.189606868247967
amardus,1.335558678567795
cerau,1.5707469766763413
senius,1.6063549444351197
iaxars,1.094963513325039
oxus,1.0837550968519765
hyrcania,1.0457569008345753
erythia,1.0815960456785194
nonnisus,1.7491276368200128
triquetra,1.262359500639674
orcas,1.0846693207330478
alioquin,1.153270390615908
colidus,1.6859066769164293
sacus,1.0694530605584263
distinco,1.1821036170904462
proceo,1.2456115902380411
paliboter,1.166359015657666
argyris,1.084466696435197
taprobanis,1.0359991004207794
arianus,1.689935439394681
thalassan,1.0694137951519853
aequabiliter,1.0670491551168155
chelonophagus,1.0774770317376705
carmanium,1.455751519768707
chaldaeus,1.0267268672425043
maca,2.083046908241705
ogyra,1.1814584743502097
ophiophagus,1.7269886130566976
macrobius,1.1310721619737585
pretiosior,1.0562539761686434
helius,1.2674426747750123
cornuta,1.5597397647172573
pegasium,1.1671196092630969
theon,1.124578305322464
catoblepas,1.0893482629543898
gorgado,1.0533278912825417
gorgonus,1.1650286201563953
hesperidus,1.479205166474344
exilus,1.306454222828991
sala,1.1468246074755022
lixum,1.1943024739048234
cleandrum,1.1784021895227297
gordis,1.2300450903195737
dispertio,1.0453548696385675
compellens,1.155854783463105
uecio,1.1433866968258257
explicatio,1.2496326825872552
hellesponto,1.1509517164923488
redhibeo,1.0809294340053948
memno,1.089039960377813
sogdiani,1.0710197544646847
mentor,1.196138867531946
diuinatio,1.03809153501919
manico,1.826758416079187
interniteo,1.1759789090544093
cubitalis,1.3578367220946983
intextus,1.202406473374389
acinax,1.1473543929457317
cidaris,1.1441350925385854
armamaxa,1.353489092157488
pelex,1.0836597554992262
praerupta,1.2454434852311398
thracus,1.1670415082180867
fervidus,1.2219241113105586
vergo,1.1885928296264054
nuptiae,1.0250897835601838
flagravo,1.3861563619106287
persae,1.092543216668386
mallum,1.7076323168995813
digredo,1.2536895637983174
expetio,1.2437268476819328
adspirans,1.2459600579029404
conlucens,1.5241898082009386
adventus,1.3108452471669754
retrocedo,1.1086810651712629
pugnacus,1.6806735349968684
nicanor,1.0411719012440346
perdicca,1.0201255899073745
suspensio,1.520311304130659
inveteratus,1.0888766166221686
liberator,1.0739877586048185
iactum,1.1147265191200677
concurrentia,1.152550220679921
incitamentum,1.0761780845572453
inprovide,1.1784894344025978
lamna,1.0981213837551995
perductor,1.3194211702990062
provoluo,1.3383763980995091
perseveror,1.1418858440579855
luculens,1.2877916741122282
satrapa,1.061430654965204
mardus,1.1027841836347014
damasco,1.1835691646424604
metueo,1.0403099571579124
pleraeque,1.2250909295368198
dare,1.216616606454214
omnes,1.0841153333432414
aradus,1.209928424968528
mardonius,1.0991997834256408
inpetro,1.2978973822527409
sidona,1.307547766535781
hephaestion,1.0333126800744503
abdalonymus,1.0802690689793497
mazax,1.2620192680186906
paphlago,1.1776855985653718
improbior,1.0894139058514871
aristomenes,1.172226232767581
infumus,1.3546160144604629
superfudo,1.3122151050853565
anniversarium,1.1901803897799461
harpagona,1.0736213035669468
excudo,1.0723156613274851
iaciendus,1.1023384228031374
accensa,1.325598077864077
ueraet,1.8211702645813592
strao,1.0952543722785464
everbero,1.4046351106032302
tyr,1.0439969640657971
intermissum,1.0857996552305267
ferrea,1.1492656015403537
inritum,1.1785636937791366
diverbero,1.614185639060923
ruitura,1.2973455832976852
occultas,1.5566397759996644
crebra,1.2189609968018398
sibimet,1.0497756311024422
statira,1.2457703977518355
hydaspen,1.2071933608601824
sogdianus,1.0286389204439552
aeolidem,1.2709965903154292
persepolim,1.1319017999280536
ecbatanus,1.0215267381196453
temporarius,1.1411281236339303
pharnabazum,1.2407776544272013
imbrum,1.0628997701652176
bellicosissimus,1.171244703566578
beto,1.3446657722647841
uicissim,1.0404490524513028
sabulo,1.056552176518583
autus,1.2055790060500216
ingredio,1.0335676927298316
iouem,1.0332281068175488
arabis,1.0403275678171429
nasamo,1.0506181390076963
syrticus,1.1384216604714852
uespera,1.0348925217163019
zmaragdus,1.0568020147828177
contumaciter,1.1855528497350012
alexandrius,1.0425474692590098
memphin,1.1159407391680245
samarita,1.2686093069370417
memnono,1.131749242081129
iuo,1.9420285828849027
perarmo,1.232013582303058
equitabilis,1.5784354826448657
praemissus,1.5876122229710536
reddiio,1.1219630415674031
paeonus,1.4197239659554965
oblucto,1.0838875665735626
portens,1.084563582068866
persido,1.0545868152887663
alexandr,1.8283169598434754
reverentia,1.056379142607963
questio,1.2973583241782736
specio,1.650815129289228
ultus,1.0424895550440696
uidesneo,1.022542577254392
hinnio,1.065393299824816
susianus,1.1212058959821423
polypercon,1.059394804593207
mithr,1.4248997797153855
conductus,1.5675282806883133
uersabilis,1.139225992243422
bion,1.2963379407584974
circumstantia,1.4707636774351798
contempso,1.087455525540778
timidissimum,1.192093643907021
obtreo,1.0786911003954207
deleco,1.1500955841408818
perdiccus,1.0240073750531162
susa,1.1311848761241414
resudo,1.1832651491182649
interlino,1.1949784910914456
babylonior,1.1827961598289045
belus,1.0927856687144057
laterculum,1.167336268532451
coctilis,1.1175600481789607
persides,1.1019481709419674
debilus,1.2649596879871619
sardius,1.4345700158974681
numerius,1.0710443003933836
ueronis,1.5771470879181673
philotas,1.0801499996587756
olympiadus,1.0491754726356772
clementior,1.0981641513356364
tauron,1.2617907134542297
subiacens,1.1457985854483472
fouea,1.0562360216734297
conplego,1.101958376237257
conmoueo,1.3475811883718662
pamphilia,1.1222766061486615
dao,1.265049728172763
inplexus,1.6896190525585912
mes,1.1241413431577345
delao,1.1313758856103815
polypercons,1.0439157642939858
obiego,1.1045445858096716
inuisitatus,1.0461661562590572
semedo,1.6596757792842642
ergastulum,1.0332452876227283
plumbeus,1.0561975213138004
adiego,1.1916340511030197
tirido,1.0414677870779827
parmeniona,1.1497506826835193
uergilia,1.0722714567531269
inuia,1.265196643279017
reppereo,1.2089508917312195
persepolis,1.2012074209419945
avidior,1.0896789629003416
temulo,1.1856316048271553
araxe,1.1103451972910494
serium,1.4992406042423934
fidelitas,1.080025533516861
bactrina,1.5407218460286125
pessim,1.7101890255941983
patron,1.3712629743984077
exsequeo,1.2633554233823996
intaco,1.2311121524548803
cogitas,1.0887315496544618
patrona,1.093960881604923
conservo,1.0949191367890574
intego,1.0312753885366215
arbitratum,1.6001297102216423
armigeo,1.1094442732463177
perpoto,1.0377232310191935
maestior,1.2540176333074515
hystaspis,1.0692973111123079
xxvi,1.339870558845891
hecatompylus,1.057954635600267
fugitivus,1.1256757859299116
alueolus,1.1699173404802645
maeotia,1.617204201572939
satrapen,1.7931234382381296
latibulum,1.0700273737757697
bucephala,1.1587442625561761
submittens,1.232317822111039
adgestus,1.1023081484864927
communicandus,1.1838154465569986
femininus,1.0452778218228296
inbueo,1.9180289542389586
interpellor,1.3576824480147114
artaxerxens,1.070513702775445
captio,1.045243502403462
molniiscor,1.081331002908219
inarso,1.3441923856892344
semustulo,1.1790209634916506
artacanus,1.2387706520647634
satrapes,1.1621558117987116
benivolentia,1.1042349633264708
coniuror,1.1534499789897017
metron,1.2878974509984242
decucurrio,1.1197481737000257
ueritum,1.1890413149152068
celao,1.0686962099578503
delatio,1.0813775607215623
tibicinus,1.738502426431943
taedet,1.1401472080514545
coniurao,1.1001405502113892
exhibo,1.1931972488185707
invoco,1.095729700410575
adquiescens,1.0970539214317583
diuersorium,1.0934115454352367
verio,1.1028813250024585
archelaum,1.2893148552104303
adfirmatio,1.1957113450143355
polemon,1.134517240964248
profugo,1.1774225242513494
adfectio,1.0328528805986468
conloquens,1.1110116612009684
ignauissimus,1.1927268839183214
inplacabilis,1.0736408158720427
calcaria,1.1765628774891712
adclamatio,1.0882887445784108
euerro,1.2430663102914963
excepno,1.1626799576985927
temeraris,2.03058461372368
satraps,1.3752188378865986
arimaspus,1.1049056070949081
cyer,1.0652484701179332
menon,1.2852823543661
inconditum,1.1821531765280684
defosdo,1.192373823890139
cohaerentia,1.1146209855774805
xuii,1.0651460104837156
promethea,1.1442590879682948
uanissimus,1.045531151902871
hebetus,1.0778317903797379
mordo,1.1134595127255429
oxo,1.0866160509719152
scirus,1.3923570483008143
sollerter,1.0584884799930145
converro,1.3764102547273755
bactrus,1.1941597464373899
honestissimus,1.1092314811404977
declinatio,1.0456875495662108
aestivus,1.0824154877423202
ementitum,1.3941676891982604
nudius,1.096869663069148
pereger,1.3571590126267472
bilinguis,1.0772090237582623
xerxi,1.0814787750678163
ld,1.5104631787363518
percuro,1.2882983745703296
dccc,1.1515815114551267
istrus,1.2145134552488284
obsido,1.0762862680611784
menedo,1.0686760600917278
aspecto,1.0435323472824969
consaluto,1.1178911927472936
absconditus,1.130842532558571
lascivus,1.7230565975261922
margianus,1.1725088683076408
collao,1.3603129725500371
indius,1.0910778464298274
occupavo,1.1435367185274146
praetergressus,1.1983721434385202
phrataphernes,1.1057889683267415
lysimaceh,1.0542940295627101
confesto,1.0644928290260114
euripis,1.043552209220785
procaciter,1.1240089426466027
procacissimus,1.1147864414424382
uerior,1.041500371941893
abusus,1.1086520532035118
adulio,1.1475872454676461
dapsilis,1.1039900927097583
daho,1.336396030770885
uesperugo,1.510253514442598
mardos,1.1253419011238517
arsax,1.1048164027793839
corculum,1.110299712207296
adplicatus,1.1606989369609604
saca,1.1679144471391685
oxyars,1.0971834198669455
roxane,1.1044269393495927
uirguncula,1.134386373637192
cxx,1.076242356882041
adulator,1.0732373166022116
callisthene,1.2023984591265398
polypercontum,1.1582127041257164
nicostro,1.1566018940258287
conuerso,1.083089807498872
gratuitas,1.1612912961033182
olynthium,1.7130445792235904
adsentans,1.251342339570572
reuerbero,1.2395898183086322
acesi,1.1573126879005091
crocodillus,1.1265710484704696
uiuarium,1.0954342259861443
obequito,1.1206944381820763
choaspes,1.1192829956235977
xxxviii,1.0848495025902656
perpes,1.1262691427038543
inposio,1.1515407261428845
monstraio,1.1315939776800228
potiundus,1.0955543282033988
adiunco,1.5974608535722268
admetior,1.275218029680114
tranio,1.5559238787698928
praebitum,1.2134450321974313
taxilis,1.2304507746818925
parvus,1.5631458247111567
sperneo,1.2102239487807098
promico,1.4852035721620644
adpotus,1.3364800260266516
plusculum,1.1707280038273389
ptolomaeum,1.0549427111295056
iacula,1.0653151640076568
iniacio,1.2866584811996284
solidior,1.1512177073763992
obsoelno,1.1424271003071718
adgressus,1.307282052464838
rhinoceros,1.0577670036047595
condiio,1.0908841698404874
insolio,1.0812360875701663
phegeus,1.1080085392894823
phegeas,1.296594614638061
prasius,1.2946071974510989
primordius,1.0783562917361962
hydasps,1.0989742733153198
asum,1.134348331122407
inpio,1.1441991547889134
harpalum,1.0624318376142257
nicaea,1.0617966289134695
hydaspes,1.2726736209567513
sibus,1.3331320324848714
derelinquo,1.0899422371184058
finisse,1.1972920153846867
devoluo,1.1596163700860014
peucess,1.1843652527789905
timagenes,1.0619211632586718
componens,1.194972958716235
persidis,1.9985300385549207
angiportum,1.0898203888433242
obsolesco,1.0721096785329112
confito,1.1088435162834387
samirames,1.0898220170834239
scortator,1.1935491834178407
pensito,1.0656399594659332
riuo,1.5088542532288365
inmutatio,1.0619601492510482
dioxippus,1.3461914073862005
pugil,1.1652734776974931
clypeum,1.1210239975026015
aliquantum,1.2021657478389312
candidum,1.3562711068337738
suffossis,1.186694312697317
pithon,1.0981410779918854
agniio,1.42373690271412
praestolor,1.0486423266271592
coercitus,1.0899842283385235
evergo,1.0472679623150685
ccccm,1.100528656276862
plerasque,1.0798185243421057
onesicritus,1.2564050219607814
sibyrtio,1.4742084502329469
carmania,1.0992269344018877
conpenso,1.1742521736543816
nearchus,1.130525077899904
euphro,1.040249130785912
gada,1.2134122968137362
coenum,1.3025429811523053
promuntorium,1.0592806265769121
colluuio,1.1650339596395267
adclamans,1.1950442026037198
tributarius,1.1058404259259917
seminudus,1.1358289609976373
invictus,1.190463472251354
uincto,1.1071473468961373
perdicco,1.094313802917515
fundendus,1.1033630799750038
olympiada,1.6194531884438343
ceaterum,1.1303223994784293
precarium,1.2098422213562345
tractao,1.0298013062109779
perdiccum,1.0237821713470876
barsina,1.5275978389371545
roxanis,1.060753852003697
arrhidaeus,1.2631090769522189
conceo,1.1519871505339503
desitio,1.4744062816263415
adnuntio,1.100463471701425
pasa,1.5091392736723217
insociabilis,1.2191118408264596
addubito,1.1218620597515419
trapezuntum,1.8450415956561526
advenus,1.0732408180142978
adserens,1.5455215503840263
stygis,1.1501538500350863
sphaera,1.0724751707647173
figuratio,1.1962476937394348
definitio,1.0176060502654645
deformatio,1.3780440174956852
aequinoctialis,1.0193831599122236
zodiacus,1.0586529869537544
seriter,1.216949125986886
eclipsis,1.1372773806663843
pertimesco,1.0470616870351255
scriptio,1.1092988821463299
breviter,1.2327037222955666
scientissimus,1.7089469662838486
centrum,1.3647587974235782
dimensio,1.0689918740587423
virgula,1.1617135389921356
parallelus,1.1606879358706899
inclinatus,1.0477274717138458
antarcticus,1.0544894449963589
arcticus,1.1091894605020054
isemerinus,1.0557175332181459
proocyon,1.1510706390270562
imperitior,1.1118792465774714
trifarius,1.062460364855477
libya,1.0320208377315296
canopicon,1.6268719283211996
temperatio,1.1940021822978806
singillatim,1.0150279926196792
retribuo,1.123949003639439
uirginalis,1.0536743349790882
nonacris,1.214629871705693
administer,1.2267886775670571
septemtrio,1.0537943236284628
pherecys,1.1588522337026113
eratosthenes,1.0550186693202044
icus,1.183140983428059
posus,2.0113533241240904
protus,1.402930453776976
consopio,1.1143126459208061
semimortuus,1.1752640264558145
solitarius,1.0533029603603572
concesdo,1.3311354581293984
hermippus,1.058501702779678
iasione,1.8067610136211247
quamobris,1.1496485760664983
philomelus,1.1052446566585241
philomelum,1.6295091498329768
parius,1.1059696741310914
descensio,1.1121474610193256
stephanus,1.306328897878117
panyasis,2.066954059559099
obprimeo,1.2840443792842384
excaecatus,1.1637412930353994
pangaeus,1.2324360474050933
maercurium,1.1064207850639272
caduceus,1.2821871291988087
certatio,1.0682630872004601
musica,1.02406912966659
beneuolentia,1.0876613837400444
gorgona,1.3079398104404325
aidus,1.4573842006020048
genealogia,1.2512978216048327
quieque,1.1480296665056786
euhemerus,1.056876975988659
cistula,1.2302809627233406
erechtheum,1.109570622794627
myrtilum,1.9552955521066095
ioue,1.2087664955020012
titanis,1.2243143942257648
aigo,1.6316523844215722
beneficus,1.060487863647934
aesculapis,1.0164114685021006
inscientia,1.0472902548452547
revigo,1.1944879260519183
bacillum,1.156713055017934
adrepo,1.1181401084762552
excellentia,1.0593002230455857
recusatio,1.0958172286350722
vulcanum,1.1715689156747995
interfeguo,1.0812577591345511
ganymedis,1.6859874908714956
permoo,1.6026320387209714
subripio,1.0256413767638395
atlanto,1.4687665050259322
nauicularius,1.1664500820787338
suauus,1.1407839247615872
taena,1.0846224089271868
servulus,1.1006002021688046
hippocrene,1.298281248500693
antia,1.9602590261364117
evolo,1.223424726949803
thitin,1.2171335549831934
constitutus,1.0915380508050192
inmolo,1.1538147987754879
tostus,1.197800878180857
salonum,1.204173764551711
salmoneum,1.054581578443843
seorsum,1.0506840662434092
arietinus,1.0532872220834766
pherecydes,1.0782829652637578
thetim,1.1171507635374462
boetia,1.1376296489172417
meropen,1.089911577782123
atlantus,1.1759343991674294
uergilias,1.22219347138398
mordicus,1.036530479300054
sodalitas,1.1177330796897382
coniicio,1.1744886731242061
bucino,1.9840110422977857
collocao,1.2000263792114647
conon,1.08304750680858
berenicen,1.0617338015693991
themidus,1.6751776751824679
conversao,1.3480061665044587
admiro,1.170319266268027
eubulus,1.1261963374555513
cephalis,1.45029240170499
isus,1.0654948596901626
annumero,1.2056590580644884
argonauta,1.1602250352551176
philyra,1.2759042608813034
pertuto,1.2297146603232765
elaior,1.3755467229745075
phylarchus,1.2386799239717103
statutum,1.2368871158378492
demophon,1.0506090598569557
interitio,1.1702188609621145
perdoleo,1.284005463821773
coniecio,1.4490536834786514
marus,1.0560544495847344
isum,1.4845463431847883
esito,1.3520337139373
planeta,1.1579626524754283
phaenon,1.3360736679412706
reieci,1.1061152876785736
enus,1.2459731049432716
novissimus,1.2238870318010298
booo,1.1811261055006526
lineola,1.4039015525978915
confio,1.1142424882413964
antipos,1.0702591834927675
antipoda,1.1993440401010533
horologium,1.0983081480296335
libuio,1.0473240550077452
cuiusmodi,1.0263037964493293
pou,1.0821728683268586
booio,1.6242570671021457
huiuscemodi,1.0578595106001492
depingo,1.039136548539105
navicula,1.2880307348413624
converto,1.088507700912792
admovero,1.1957295820060587
mensio,1.3336753662750698
tonus,1.2584730178892596
caepe,1.0504818366721824
hesper,1.2165511476417397
exquisitissimus,1.1250337130248083
herculee,1.426832993716811
cossensis,1.2153063022132387
computatio,1.0291839235406612
praefulcio,1.2218371687884013
ludium,1.272267407343202
annonarius,1.2245540620848288
fufia,1.1036237889205414
obnuntiatio,1.1323363340501038
absolutus,1.0702492155200405
dissuasio,1.0700741917909011
seplasia,1.136572112292448
unguentarius,1.0764189899756444
novies,2.2501430211224647
novpensis,1.052866959292597
dcccc,1.2422731744050741
hyginus,1.0340724870734899
lucilus,1.2076166178633256
dialogus,1.1235153140860232
epicureus,1.043488731561455
iudiciarius,1.0553404685684062
ahenobarbo,1.1978013912794157
arroganter,1.0762700426011926
quum,1.0302403615552431
mucia,1.1141911336843462
duodeni,1.2693888958917787
consiliove,1.0669529305373426
lxxii,1.1313475047220354
iacueo,1.2074864201810076
disiunctiuus,1.0913840382471935
appositio,1.2573700821120968
praepositio,1.0138875484645242
praenomen,1.0434150734066048
subscriptor,1.2677162903035195
april,1.0052178745892257
clodus,1.3295363673083602
uisito,1.163272163353287
raeda,1.1358744085854942
bo,1.156216265686628
fufius,1.0735541152100638
rumpia,1.2555483604404907
interfectio,1.1838318188755697
ivo,1.2945335769229849
ulueo,1.1441915075171807
perlaio,1.4331016158211287
articulatim,1.0947416666090277
consulendus,1.0336617468812646
crebresco,1.1058477149250014
martesis,0.9999996423722592
sallustius,1.036729934989089
ateius,1.0808717033982433
sodalicius,1.2256936326996268
sortitio,1.0528540090522818
apprehendo,1.0555933204963295
acclamatio,1.1259571972650673
perfecte,1.0765735051465288
expositio,1.058894997935822
interregnum,1.1687658946841029
postulavi,1.1551760820418528
ulmeus,1.0679748962609774
catapulta,1.1268259641484957
perditissimus,1.1704032771148887
sept,0.9999998807907247
novius,1.122781619678467
confeco,1.139448901499011
mentitus,1.0554186086582467
cosss,1.0539491645846983
contiono,1.2080633101415814
interamnus,1.1547295674276437
salluss,1.1576683726133015
basil,1.1458386519860242
faesula,1.1989036000874387
profito,1.1615063595756405
favonium,1.1051766553754818
plautia,1.1169472746690912
seius,1.0560530536296455
xviiii,1.2891744702327246
supe,2.3407959399007647
globulus,1.251986197509343
imminutus,2.1292462619847883
tractavo,1.2351557750868967
quatriduum,1.1379512610158125
appelo,1.1951163914545968
xxiii,1.096962681060752
lano,1.4654242674872773
ponto,1.929235890064063
pecuniarius,1.0542491783912178
correctio,1.0777043272705082
iustitium,1.082742340585555
factiosus,1.0861094302825058
uerginium,1.3340331675958077
tricostus,1.6454771586936705
ueturio,1.074842462681786
uelutus,1.2675956052617423
uindicia,1.0867190930465578
papirus,1.8599104279024876
cassia,1.1186597539180259
othos,1.0400512846485832
max,1.5533786128527023
enarratio,1.0515960524130237
sergia,1.0891165954512034
cornifice,1.1593383129118648
coitio,1.0673600696049514
uolumnius,1.1583728002627
resecro,1.895352193522491
sexennium,1.1432801079250159
proticio,1.1759197281282237
praeuaricor,1.0939759328393366
reiectio,1.1209032638930554
carmentalis,1.1087215086295712
luscius,1.1286606830996793
lus,1.2638920110578016
sicarius,1.0358409185667385
agitator,1.091978529363313
aleator,1.0612736752167353
obtrectator,1.0270097579056299
graiugenus,1.1522483972985387
torvus,1.1133675181050127
scopulosus,1.0683173018818113
ceta,1.4516548149983768
repostus,1.0502511505851833
iasonia,1.2640889439413872
accubitus,1.304734733275899
tritauus,1.5088098811610555
edacitas,1.3868699978011405
capito,1.050528538605065
inlabor,1.4829938322676635
bebrycus,1.8103261825452577
undisonus,1.1095770804550418
daio,1.391831365005876
spretus,1.2504697306668815
biiugus,1.152000755859871
paelagum,1.0506839346438792
tiarynthius,1.4803273495714016
progenio,1.486622914184674
stygus,1.8400230402970497
lycomes,1.6730272528312806
deidamia,1.0715241633028552
therapnus,1.210304094998234
obrepto,1.3753112793419051
transmisdo,1.260710377142699
grego,1.3850721900865541
hilaer,1.1505002557853432
thiasis,1.3178896284591997
sthmia,1.218071396055785
liberta,1.1226399236852895
tractim,1.0681127161775135
belligera,1.1522816352422074
scutra,1.1560768396351815
concaleo,1.1310617915701824
agamemnus,1.1441827679032257
ithacesia,1.1906608313185258
parcor,1.2951066795365127
uirginea,1.060636497614373
missile,1.053161663350038
euhius,1.1227230136048696
adfuio,1.068416562338664
patrocl,1.5001606368174578
aequaeua,1.2539479006564962
opaco,1.1576229215909455
ostensus,1.2294902675339896
gluttio,1.2019231382305573
porrectum,1.80217454797711
perstrepo,1.0422048713458538
caepa,1.4645235798616416
naidae,1.4427544637570762
rheus,1.625904195868103
infremo,1.1296775265679873
semifus,1.2319497128375922
retectus,1.4107711160336525
uentosa,1.0953553405279262
inlicitus,1.0175458132322557
adrido,1.4079559691504093
bisseni,1.0630760921275975
exhaustus,1.5812672991591596
maceta,1.7512821032066723
balearicus,1.290460575502471
suspensa,1.1420572394959247
palens,1.6207687582947765
imperitia,1.051106802403487
praepositus,1.0684222096497975
commentarium,1.4820608198057383
miliarius,1.0609584460235408
subterraneus,1.0428471193498516
erogatio,1.1092262008853728
plautius,1.1068355334955113
lucullanus,1.8843455546718801
salina,1.0647917129972349
carvilium,1.2276784845328552
tiburtis,1.145274222644122
sexcentesimos,1.030764138004252
dextrorsus,1.1307340018396685
uolcatio,1.099909317817187
septingentesimus,1.0442535733963192
aedicula,1.0426128410190938
adquisitio,1.1021156050978218
providentus,1.1294095344983486
transtiberinus,1.0936408377714184
nonius,1.370969168013757
aspreno,1.1447990817160534
titianus,1.0540907392249401
octingentesimus,1.1222118224633855
curtio,1.1268395114266248
deriuo,1.042053202848445
praesidiarium,1.1208618519643625
purissimus,1.0977851813144541
praeposio,1.0404269856879722
tueo,1.2851389084219522
adsistens,1.0408234267061791
pressura,1.0811747708083348
tuburcino,1.8918063524273603
milia,1.2843886283193904
uiminalis,1.107000219787224
scus,2.886387855202468
inibi,1.0834843768304592
neronianus,1.0475813215352023
octavianus,1.0539646578041884
conceptaculum,1.181688147659179
discrepantia,1.2112565341456307
diuersitas,1.0321875708670054
senarius,1.0277713386768341
capacitas,1.0738647084863215
substantia,1.0465601942458582
dexto,1.1034359383346612
septunx,1.2290941303873548
octonarius,1.0975027407777955
uicenum,1.1406991483995335
tricenarius,1.1232827258922808
uicenarius,1.1427445814497283
quadrator,1.2623022284459986
duodenarius,1.212850015535442
uicenus,1.3465791935204505
sextarium,1.1399670129307844
modium,1.253499322788843
multiplicatio,1.1781086813561452
consequentia,1.0715317597426415
quadragenarius,1.049800592391024
xxii,1.1170395643435336
quinquagenarius,1.107312418332058
xliiii,1.3231369163696278
sexagenarium,1.3762632468861593
octogenarius,1.0798913647264403
xxxi,1.422399834099293
nonagenarius,1.1159472711891893
distributio,1.0258734839179877
dodrans,1.0444387171317617
depressus,1.3132165477713647
deprehendio,1.0518909026934757
expeditissimus,1.1847405238396567
curtis,1.6087782140269808
adscripo,1.499004845859219
derivo,1.1194717992089667
omisdo,1.3098027287765037
breve,1.144411758647029
cccus,1.328398282835529
xiv,1.101762047941563
xix,1.2517163408692247
xlium,1.2168861027550144
quartamdecimus,1.1815248707184625
xxui,1.4289860079225638
ccccxxx,1.1661717376214795
aucueo,1.3857563231287409
limpida,1.175086305780598
fullo,1.0515575600167324
rigatio,1.215069360251803
limpidus,1.1500992108036778
defaeco,1.0806336037104733
traianus,1.0565736018071792
manceps,1.2174270438462567
tuberon,1.1441663814869074
praefo,1.3083195402809766
cocceius,1.0738941279608039
uitelluo,1.1033003162946422
quintilianus,1.1016014479992635
turpilianus,1.112412559511184
paulinus,1.0624065411535546
galerius,1.139485506877746
trachalum,1.0559774116770326
domitianum,1.097193106574291
flavianus,1.1176096291851367
tio,1.1554049591626043
aviola,1.199069573442048
adsidue,1.4742491263536586
adnotatio,1.2829644669988653
explicitus,1.0882538722126056
circitor,1.1512777460746442
tector,1.164318096741603
alienatus,1.2751603601626091
diuerto,1.206650538882603
interruptus,1.4096933593013146
uicinalis,1.5694916529040508
harundinetum,1.1735061438834167
decucurreo,1.199991874749841
exsecutio,1.0925373826353066
subinfero,1.5862210719528298
phalereus,1.0585854547675546
democho,1.1308455814751046
formidolosus,1.0491226584752318
desertus,1.3165524301210951
intelligens,1.1687784336160232
inliberalis,1.0609540850000654
maliuolus,1.040326664691909
illustrior,1.3332947636211747
theophrastus,1.0161489715659413
beatissimus,1.0713132853397291
demosthenes,1.6568126246765815
acquiesco,1.088921635517561
succenso,1.2342519221624269
concitao,1.3306479078156892
iteratio,1.130164861695523
bardus,1.1652011263905733
exturbao,2.0938168115463083
eloquens,1.0575567721087475
sceleratis,1.1239199400405107
efflagito,1.0457906672815291
illustr,1.0810603778978096
deliberandus,1.116672949826308
proprior,1.37033234766837
myron,1.119142106604301
praeministro,1.188289678869858
recogitatio,1.180189891564899
separatio,1.0857208162817327
quotidianus,1.1119497702362378
commento,1.2375558891986815
humanitus,1.2210870584488283
prologus,1.2231549131233639
soleatus,1.1552464777555083
potatio,1.1100299645346783
scythum,1.1969368456821756
evaso,1.0887437018574402
consequenter,1.1730158235189407
assentior,1.0367022602500091
pateficio,1.301595409431321
suspiciosus,1.0517144473752738
",",1.7377544114487922
usurarius,1.1968591430421947
uxorium,1.7014182731409986
auo,1.0483676369321597
commerco,1.281527797956151
aleus,1.3422723128797518
conserua,1.237240754865696
allego,1.0552011463474138
casina,1.0926147242086948
lemnis,1.1152917041566799
curculio,1.1468164547210538
oratus,1.1687187539641501
pedisequa,1.1426550774859596
percunctaor,1.2328283629907884
protelo,1.1510346280162214
ultrum,1.1528545787878037
let,1.1762903252155132
depro,1.824988499468022
peculio,1.7582131242941221
proxumo,1.4545651272999034
symbolum,1.1963509946086104
pseudolus,1.2331518579361491
opprobro,1.2595133057605794
auceo,1.075694252095323
abstrusum,1.3632783199608858
calliclis,1.1789833481374874
imdotatus,1.181656853577859
prela,1.2102143459155918
corydon,1.0984405317701027
cornigeor,1.121439498827206
laadon,1.1239657949528776
triuialis,1.0682861464739817
armentalis,1.079192627389501
iubilo,1.2475974187253953
feruo,1.0673903561120084
translo,1.116795747430744
respexeo,1.248359563403453
astacus,1.8230928349472955
surrepo,1.2560542615642238
liquentia,1.0880610556721837
arbus,1.0532468866304845
iollum,1.0915759037900494
palear,1.4768380948725761
tityris,1.0286539307415863
passer,1.0703148983210748
legulus,1.1130194800779243
cantao,1.088877676678951
mopsis,1.068285738336593
auenus,1.1936820829466386
bucula,1.0686349458300717
tityrus,1.0571272343394764
palumbes,1.1058538377584275
manualis,1.159841718244289
caricus,1.2641829562722808
astrepio,1.572257403440535
uolueo,1.716908491091522
meliboee,1.067879252335021
odora,1.1633119286786708
iberus,1.1885006305128254
hyblaea,1.1410228090086934
modulabilis,1.6366517873778965
alexin,1.0695444183211869
succino,1.18982689472015
fructifico,1.422374509939071
palen,1.235913988506892
malignum,1.768258187455931
calcator,1.1789957758524365
paganicus,1.2435975047723005
micon,1.0859309383482412
pullo,1.1316703832041421
redego,1.3454007525711003
obtusus,1.0465930985506584
internus,1.0726041428186284
nyctilus,1.0799717229617558
aedona,1.09581035755733
hystrix,1.2948020275735181
frutico,1.1287155823379578
irretio,1.172639500157403
torque,1.0620874786202017
aegon,1.039606599139685
stupefaco,1.2504915403774919
arbutum,1.318232690492661
necnon,1.1171482343465422
ebulum,1.0645392990590399
prunum,1.3072918314364066
mandragorus,1.8487987095491643
hausura,1.729878652281339
daedalius,1.0870655956624198
hauso,1.0866679214862902
abnego,1.1092132204718839
atlantis,1.3155330008146995
nepa,1.2976932884123908
eia,1.0628069855363316
marra,1.387016987081075
caurio,1.0968392581416564
uera,1.5389505789221432
rudere,1.261756171710944
dirumpo,1.1166322214764939
qualus,1.1090381245869336
quaecunicus,1.0682479189586127
maio,1.2291368122944628
calta,1.3465210491829804
purpuro,1.1679270491123117
uiolus,1.2011650227138764
megar,1.7061435631612785
lactucula,1.1305945582557004
ulpicum,1.1073192151566071
pelusiax,1.6683423461641
prorito,1.2313262931566897
planto,1.5666181382668143
resolutus,1.259537323250758
pullulo,1.058939242715129
extermino,1.0733459396703795
priuigna,1.099815150573159
sicanium,1.2068204872421935
caecilia,1.0991947422779567
melo,1.181925570574497
molocho,1.7484641081217858
nysia,2.0885965862336406
napaeus,1.1498464241107018
dionaeus,1.1560118387538247
alexis,1.1073276930332052
flammeolus,1.2641941967775783
caltus,1.6420064812274695
extendeo,1.1579231720930374
irrepo,1.0986069735532291
limax,1.1188934908073782
dilapido,1.154791960130352
amythaonius,1.1388210174087972
areola,1.7954397893314986
pluit,1.0466341012543852
prototomus,1.6257731092624268
tartesiacus,1.0612585705473259
thamnum,1.8346361995076934
atriplix,1.7712935470823654
chelydrum,1.1333329415322704
fetidus,1.2587388075199542
effeta,1.340658474827038
interuello,1.4034025695897445
chalcidex,1.1117182621344504
nursia,1.2048370384988485
iaccha,1.2585640252165664
maro,1.0463209820983939
confitor,1.089522644303718
thybr,1.3603506946561617
perfudeo,1.6401368793280697
oppando,1.5315161741891226
accendeo,1.1299996807456918
sandyce,1.7456077621892097
contexo,1.0356613035447964
ilignus,1.067308260574578
obseruans,1.7175122364901083
uerutus,1.1765900241430332
spico,1.1526148328496426
lucane,1.5580718122834136
umbrosa,1.4222600800972112
genesta,1.248925135729623
termes,1.2150468326917188
uehementus,1.1053853454026128
hyrcanum,1.0953448996052317
pugnator,1.1403700129165955
dorcas,1.3281775448973567
dianius,2.0464954810748566
percenso,1.0519112159992277
aequi,1.7487770340593838
perpenso,1.2965090453853465
maza,1.8129291292908607
falaricus,1.1942421994786603
mauortis,1.2604833380853477
calles,1.3230232897046976
uermiculus,1.0819030776415552
collaris,1.1240194100384353
lucifuga,1.4280168585020936
promoneo,1.2379499187562013
extorr,1.1165668245027391
ilicet,1.0296134798401
frax,1.2016159044139998
callaecus,1.3143320514510854
scruposus,1.1264583442719085
spadix,1.3863104166620186
quosue,1.0622350144926067
aetherea,1.4642744585976644
circumuagus,1.1591540833590812
flexibilis,1.1299040196708658
aedonia,1.171493081073721
stridula,1.058595473835418
neapole,1.2322788109312601
colentus,1.1289061385541683
focilo,1.6109990148997966
clientum,1.0745115524996562
lepos,1.07144580991658
puldo,1.0574299935144456
maeceno,1.0443347607239324
excellentior,1.1505319727463832
praefatus,1.6456020803548028
carbaseus,1.4818139423144865
syrium,1.2827009019617648
myrreus,1.2045591874151356
illudo,1.0524994548427902
sacrilego,1.892106542598465
armenio,1.0869475585814885
minois,1.3522603824968804
circumstrepo,1.0730057935299167
dominantia,1.3340439873414953
aduigilo,1.117606055632177
acherontum,1.0931436724919348
indiuiduus,1.0819854102495081
nauseo,1.1374861087390717
saccatum,1.9117408571033983
fluuidus,1.195972084601621
cadendus,1.2455290115361954
austrinus,1.0497316233008012
conuoluo,1.033974024949533
ulterius,1.306791559965943
notia,2.0565419796630877
uerdo,1.213316733640377
aliumue,1.1811276022383477
gyrum,1.2270264435165539
iux,1.3493771245358435
sagitto,1.1822758019369286
exusio,1.1526659892885958
cloelis,1.0981047088953846
aetherium,1.734996255385017
umidior,1.4886629003220055
coeptus,1.0659677976017716
immersus,1.517376070264542
glomus,1.2926366196150016
titanius,1.132175713135998
futtilis,1.065898719514876
cometa,1.0970756578151493
vltimus,1.0945252651565365
petentus,2.1153074191652683
immersum,1.212445250241662
rarius,2.0245315472666583
uitas,1.0570339895970091
perdisco,1.1913109058468918
utrus,1.056984177005053
quadrum,1.3091437091526983
centesima,1.0606796810099246
praelabo,1.8702316506853118
dictao,2.2543806808096316
orscor,1.140143876326461
erigonio,1.1248379005888611
tippula,1.1913562489938718
lenonius,1.0939551750840424
quotquot,1.1037700198422098
quouemodo,1.1119658364378102
constiti,1.0454318636700124
ecfluo,1.7633068730351316
utcus,1.7740931800916675
supino,1.0634767718542393
breuius,1.2504163280492118
daemonium,1.280239986392713
unicuus,1.4291867404322092
undum,1.3007826304452563
quotcumque,1.1419928727275301
nascentus,1.1499250779686732
tempium,1.4691563454004535
athla,2.122886156713217
substito,1.2269941378270321
uernalis,1.2479085695040124
criuio,1.4268346925664546
crumen,1.1257489015752364
partita,1.6558906686032682
aestivae,1.4273744033895133
dicandus,1.3154407881283958
breuio,1.1269369251911459
triplico,1.3795752472669927
quauis,1.1631694958861825
animans,1.1695206637287634
iussi,1.283921744611149
unius,1.123554138311973
adcumulo,1.1295928717460324
peracio,1.2693984043026885
iactaior,1.1237706551404125
fibr,1.3100340743463852
autumnum,1.1481442929915375
pauperus,1.2958281005012706
sortiio,1.2177941261225635
eiecno,1.5325876912604073
expendio,1.18218291418535
cursum,1.0334907173375523
phoebim,1.62391716454569
touo,2.0816738442358
ambago,1.8354328166611438
animantus,1.0976536018106569
confusus,1.402879071825614
quasue,1.05671681424736
undena,1.5299585128232345
uitreum,1.1624798437722592
glomeramen,1.148388471059231
vnius,1.9148359239458008
cestus,1.2660133114941239
percido,1.1010863251196907
morticinus,1.1164124288634778
hadriacus,1.0727080423870552
sortiior,1.1625576576687697
portentosus,1.0960975848140075
aegyptum,1.2239128347752806
aethiop,1.0902480751946315
progeno,1.650540986201529
macetum,1.0467522305043893
recturus,2.103505638781941
complecto,1.2228035754645656
nutricius,1.5106344069591475
ileus,1.525780835140762
peruolito,1.1725008379390864
uolantus,1.0625301419460436
salmoneus,1.2181846037447603
petulcus,1.1077206680967746
hvltimus,1.124339324281905
stellatus,1.0603676192914013
resego,1.2367855401528827
concerto,1.0654695524894973
improuidus,1.0895264650474448
alitus,1.1290171297896725
macellum,1.0811799267227606
anguiteneo,1.2330014162026222
reuersus,1.0957286269705
pactus,1.0524379209509294
grassator,1.0462122795192288
squamigeer,1.1270906112888055
sagena,1.5873810461176652
vmor,1.369137682048818
damoeta,1.030125929538992
cuius,1.0759726165063503
hyperion,1.1151192794044036
cr,1.1555880784133938
nests,1.229451975741335
uixeo,1.0948831236939003
ieceo,1.1654620865344285
gyndo,1.1740708150761152
tamyer,1.1696755835648787
ualgius,1.0933296735250275
gylippus,1.2084547090663116
simius,1.479631755732408
instructe,1.3557344071540351
moecho,1.3963678590003725
nasis,1.2694625657886325
cinaedo,1.1978025029944677
graphex,1.40877787384845
stomachor,1.0906534794011384
iocunditas,1.187058546838858
suopte,1.0406647365893555
paterfamilias,1.0758584248306748
sarcophagus,1.094786671716485
expingo,1.2807145588355076
adio,1.309613172242397
pilosus,1.067171734262457
rictum,1.1502613302230444
insidiatrix,1.2865231134854136
fiber,1.2054006599765648
papilio,1.0458076817035507
uespa,1.1235815275582999
uulpecula,1.135178559454829
scarabaeus,1.172713925793335
locusta,1.1135054048817992
cantrix,1.083103861847901
calumnior,1.0511438129420407
tigillum,1.06857185112133
adnato,1.0981076557087708
cluo,1.2128891215143531
inlico,1.1079622942376335
tenuitas,1.031828647184707
intelligo,1.2169431234930759
uosus,1.2279260320407206
servia,1.0879875323694335
praemetuo,1.8372132012641862
corcodillus,1.111221162486499
lagona,1.1644424646717342
uulturius,1.1015759154758031
nociuus,1.163106194658363
libuo,1.1223746591843544
setosus,1.4912309425414614
concurso,1.0782664716467192
cirrus,1.1605860451718595
xystus,1.2701451150690326
donatio,1.0314513293052103
alapa,1.103593589149046
consiliator,1.1378939933508292
tintinnabulum,1.127041396892625
rabula,1.1697350347551922
phaedrus,1.2389900275030532
litteratus,1.0331888476406932
proprus,1.2415401233857577
orpheo,1.3180567362815094
miseritus,1.1419382288593893
auerteo,1.194552052663567
insitiuus,1.4255903990012753
perennitas,1.4514727106399186
lanius,1.078670502518837
ridicule,1.0684726979030896
persoleo,1.1224203129971615
uentito,1.0686290240033651
possido,1.2904859862887341
eunuchus,1.0486155196973985
sterculinum,1.1316680168442808
gallinacius,1.143931327093941
fucus,1.0244301180897424
inconueniens,1.2818199668566286
fauis,1.1438205035554314
libitus,1.027442219903119
melus,1.1189111761227684
inlittero,1.167121233096369
baiulo,1.1174137875110886
muscipula,1.5956187196563392
operarius,1.0490081257848154
apotheca,1.0477611692357
inprobus,1.1851925529864744
fictio,1.0643628965726903
ueretrum,1.1022742548131979
masculinus,1.0736266625096726
culus,1.1907466894162102
obsonium,1.0301476880092033
pelagium,1.386091314126862
cia,1.6291567627342447
simonidus,1.1470241509159975
extrico,1.0916606386545697
simonidem,1.075791163134124
camara,1.161726490159728
praxitelens,1.0770723730416563
paenula,1.0610416477991684
futilis,1.192975380382666
uoo,1.2694907105227673
pegma,1.0608825693300312
translaticius,1.144442203991178
noteo,1.6513188283848377
calceus,1.0580886134178566
protrudo,1.1137184353974288
comosus,1.182582810216758
phileo,1.4556954381103568
pelusia,1.1219848758359188
quea,1.149482927757055
ul,1.8883171098326401
adnixus,1.200915681944472
gaetulicus,1.1125849597585913
calenum,1.1963463026051875
caesareo,1.2054081946584514
lucustus,1.2415128368421389
flammifero,1.279448089637847
solymus,1.1007527826504122
polum,1.2490022144061843
thespiaca,1.14073032726171
argum,1.1193006185795906
saturne,1.1663570696026109
acclinis,1.1540094795805478
minyas,1.1193390773807816
chilon,1.198344667117037
chaonium,1.337244026317631
iphitus,1.1694521044185928
elus,1.465244194905973
aulon,1.465392140421488
bus,1.276393588245614
lenonium,1.140813091363761
inlex,1.271846219040984
limquam,1.2642529745393867
phlegrus,1.8905995130278626
pyracmon,1.989001061766953
oenotrium,1.0953064272383017
strucueo,1.3082170129182524
dehiscor,1.27363986586453
elysis,1.368989095718335
quadrifidus,1.1658832363895986
infio,1.0249118738027603
sequentum,1.0739646587791207
infindo,1.2503542637224558
lurcho,1.2651710737821198
furax,1.224362999361007
aco,1.2873998579328003
nihilne,1.1348669567077878
cupredior,1.0983198678445647
terrificio,1.1255433257823992
indecor,1.079021536804792
sepio,1.3569682337478517
flumineo,1.2179403490595184
terrige,1.7671321237880286
aduerso,1.2364800018867188
praessus,1.1689550657284025
implicesco,1.1781870296740318
hyperionius,1.16962470010322
noctiuagus,1.0847755709902016
immutabilis,1.089824211675604
ignipotens,1.0874944352270803
lemnum,1.165785534911968
horrificus,1.0300502880567277
sudus,1.0946223852582746
agglomero,1.1764727001822082
condendo,1.2529804112026075
iliced,1.0698558337288036
arrectus,1.058188785336393
iacentum,1.0976851291783485
soporus,2.292553498944745
thresdo,1.2428589313639862
obnuo,1.1587255357318604
pauidum,1.194792716423157
trietericus,1.1879937488980201
pangaea,1.119414285042297
moesus,1.3614541639657578
tiphyn,1.3869261756728493
frondosa,1.2485702688860474
illuster,1.2637813822699262
rotula,1.2985856303523784
hammon,1.0275631051715703
nubifus,1.2207298905948474
crudesco,1.0352882691816045
pister,1.6572558164712334
adsueo,1.227210438900746
phas,1.3717491182719177
regificus,1.2576260730106366
bithynos,1.18807484782258
mygdonia,1.1961645371333474
postprincipium,1.1104748392026393
orichalcus,1.4600135739396372
sonorum,1.6842883032366591
triuius,1.1885148593968966
nisaeus,1.1844663443131627
clipes,1.081508892084246
trilix,1.2077951855687863
uhirtusue,1.5725994592847083
celero,1.0321395644878675
ruentum,1.0856733216930876
thyio,1.1977182750451754
reotrorsus,1.11229006019164
quina,1.6832821542684102
clango,1.1614298923713031
peruigilis,1.102743519830231
candentus,1.3009313050118514
pultor,1.1631594156116072
admouo,1.194491667999242
nemeen,1.5344119716432392
primitiae,1.1056878163562978
praerepo,1.092196697815713
spiraculum,1.2132253966885744
haeso,1.1121172352817883
sentus,1.2293102718076483
abiuro,1.1843784630993592
ouantum,1.1471310469410347
massylus,1.0843880509304857
armentarius,1.0537388594003105
car,2.768708697127021
undiso,1.1113347397561388
halcyon,1.133642400125951
caucaseus,1.1573933246783474
iapetus,1.263830601120476
auricomus,1.2135416689270642
bebrycium,1.1187338259290716
melius,1.5527788061425463
tenuiue,1.270012334335432
paciferus,1.2312163221502042
temno,1.0457085364794063
hesiona,1.2911471175359717
uixdus,1.0676250329233707
immortuus,1.480614498733238
audentus,1.0349859871228353
frondes,1.948361252672038
iasia,1.8722914367065504
casdo,1.3000958805461527
extoro,1.280236957920831
traxeo,1.3084398391365797
miserescio,1.0623733077409587
cocytia,1.23639990511009
lapdo,1.4307461922873566
transabeo,1.2688614503118227
anhela,1.6330159909306825
pergrandis,1.1995805490414562
fumeus,1.2576555808694285
amazonidus,1.0750342043196122
adlao,1.207040154342598
affsco,1.2052197692863929
intermico,1.1638455954661593
imperuius,1.232985830362677
glacio,1.3037182183436085
appropero,1.2732060770997289
bebrycia,1.191792430038238
congemo,1.098906609533254
egenus,1.0298105349789792
sepo,1.511721843157792
aequore,1.1869805258318997
parthenium,1.0933379385400408
sinope,1.1636103763551757
creatrix,1.0434818520336036
mossynoecis,1.111625892115171
macronis,1.1105818680333017
sestos,1.144827204079591
chrysopolis,1.1376167666156733
publiceo,1.1367450739874176
monstriferus,1.2206205608292575
phasides,1.268285447864856
adluceo,1.1964238533480076
sonor,1.0582487907911275
circaeus,1.1585667821903847
gemmiferus,1.6148991175104326
suppressus,1.4670548682124773
salmonides,1.5668103832701135
subligo,1.0795797768747042
amnigena,1.2638459292436186
choaspe,1.0706199305423763
aron,1.260806066821185
manipla,1.042325046406072
arctoa,1.1509673503230036
graiter,1.4794455655784
irreuocabilis,1.1204560572101758
concio,1.1281658439596665
alanus,1.0829343250130854
syenen,1.1654295410807756
cateia,1.5507269846129046
aclys,1.1958066266520533
centumgeminus,1.3846931190791039
quamobre,1.1948950853316604
neurus,1.2124619859361423
temnio,1.1013962086776588
erua,1.5675235940703394
cadmis,1.0712009695785907
choatrae,1.2425533301585445
monstrificus,1.4110821128699764
maeotin,1.4085150721429665
sarmo,1.0419026137588745
tremibunda,1.8107413777193284
phlegra,1.290417498565153
subtegmen,1.1073173880450335
profundae,1.0841104296064246
impago,1.1684413602440735
recollego,1.497693187614611
complurio,1.146863961824284
diluuio,1.2260069430692002
colchor,1.1815007408492442
recollicio,1.365858646481386
incanesco,1.2301023588597244
infletus,2.0022197537075854
flabra,1.0300328971461818
audenter,1.0700543994187326
astriferus,1.5842029324892921
illist,1.1562200107357474
floresco,1.0585832505980757
horrisonus,1.0656195185801713
opipara,1.2585807364984314
permixtus,1.304538830038826
immurmuro,1.2577953141973777
mirascor,1.3593154200710218
nullane,1.056475797777884
indiligentia,1.1585087007875783
pauitao,1.2412903630585144
persaeus,1.9559470482274581
aesonidus,1.7999999141693157
uellio,1.0831695235645573
postremum,1.1126859017739872
diremo,1.4341240189728994
passur,1.1118272254532193
istane,1.1567491031983146
hebros,2.0042535932924013
idalis,1.0826774991962465
cythera,2.138276809668858
calentia,1.3447753860458405
haecen,1.0693526532026978
coieo,1.4110322682112661
trabalis,1.1624545524714989
ogygia,1.5590931634686789
pedico,1.055306480908615
trophaea,1.1497076633330348
carrha,1.3402263393223752
arsacidus,1.099140588864998
scitum,1.6900717996761334
cohercens,1.645545266085079
latiaer,1.1694929455604801
libyes,1.164384924029321
rubicon,1.326298515856522
furentus,1.1867634815147539
senonus,1.0841837100667588
coherceo,1.1023884007919065
lingo,1.1181032968327769
rutenus,1.3550210365983426
tarbellicus,1.2615722972306374
biturix,1.6742067703064187
uangio,1.215062320299543
batauus,1.1167416299039283
reditura,1.6639679068689837
criniger,1.1909731403769197
illabor,1.062432375849881
alps,1.5013915681173935
monstrosus,1.0638453051748429
uisob,1.0723727557291978
lucas,1.3190790451302103
septemuir,1.2116101041652072
diffusus,1.6076454597608465
terraenes,1.1257915063925774
edona,1.2635675104425428
nubiferus,1.1411434141085872
conclamatus,1.1086398920727156
uiceo,1.3321993202432691
hibus,1.0393468597223803
calentum,1.1983052951455726
samni,1.1700684485065622
spiramen,1.0399060433401621
pacemnis,1.0337884318240804
incassum,1.1808921621500252
deuos,1.1600969138998178
iugulus,1.0503578007141865
discrimino,1.0636973891215786
adriaca,1.4055011799205166
phaeton,1.2009773196667402
editor,1.9503204206044276
sarnus,1.2699967601381936
commisdo,1.4836597897027537
luceria,1.089744928792383
nequicquam,1.179169791376013
moturus,1.9058739626570746
populates,1.1557287400349214
exerto,1.257306289118419
syllum,1.0813682209585116
trophaeus,1.2652057073413339
cretum,1.2378641514523558
hadriaca,1.1363958163940715
hibeer,1.0907869318165195
cilica,1.3803400379516633
immaculo,1.746109370378365
assero,1.0809527647699368
sardos,1.9172201682519878
maenala,1.1059521039319231
tinguens,1.196079004503222
carmanus,1.2566120521453208
massages,1.8580880667250692
marmaricus,1.1292125760233236
lambio,1.0423311335958438
caaesa,1.248120886952666
densis,1.3255131408750218
subitum,1.274917817607713
apluster,2.0843360688675547
iniecto,1.0707294594363288
iuueno,1.8886093903552368
uetto,1.3240825793241686
duratura,1.2309892133363347
delapdo,1.0611999013767905
inuoluio,1.0965020486031003
eualo,1.1593318238327555
prolo,1.0216942038037202
mempheo,1.199157162829394
asturius,1.9168155929918367
distena,1.7326255584849384
garamor,1.660142188353308
salonus,1.0791037090408007
cupa,1.0972052331379052
spartani,1.1598357046161794
permissus,1.423551588634949
olympiacus,1.1054721650212738
stao,1.4397685964569464
antaee,1.309945494726243
nasamon,1.0751721986876237
garamo,1.246765785388423
exploratus,1.1195701845421893
aspida,1.9001363613712245
euinio,1.449420982044586
surrigo,1.2171263144950935
correpo,1.2826562822055196
cirrhaeus,1.1459590249617357
tripoda,1.174537020507403
phoebados,1.5870130145310515
uteer,1.188172029684301
desaeuio,1.0460963593422241
decanto,1.055656021018969
menstruus,1.0991221548779904
bosporus,1.242328459507367
motura,1.612611135322448
coris,1.3096700129942698
pelagis,1.193673250366628
adria,1.2902789572262305
bolus,1.2389102456270213
quoties,1.0782084707907722
euerteo,1.1954039564746604
nullusne,1.1384792902853416
nymphaes,1.1438340726309264
ephyreus,1.3058664616370375
rutupen,1.3091494297934447
praelapsus,1.191436876957267
letiferus,1.1020459613658942
impacto,1.718874374614713
absque,1.1095426649275215
pardus,1.0623509739031147
percussus,1.1595322978148175
gortynus,1.2458555989004056
impeto,1.1552512506568224
euellio,1.0922183132517571
emathus,1.763791818684914
rhoeteius,1.1102227120306505
isis,1.1758579983842237
oblimo,1.1095970409715599
spercheus,1.1029207663823402
arcanum,1.1903576383727708
excanto,1.103317729779219
torio,1.3247302644815149
praemordeo,1.1650168896456352
suetus,1.154916527257455
ematha,1.7067552129271029
conspersus,1.1913872129020666
praepondero,1.0957316326080102
strideo,1.2264403598876634
illisus,1.4556276153912961
illatro,1.5640095068031254
desueo,1.1058493185176788
hauo,1.30482504510093
subactus,1.519718723858516
recoquo,1.1066061498464081
signiferus,1.0762114969237566
armenium,1.112912497693209
euganeus,1.2410987247776766
aponus,1.1787400662550602
antenoreus,1.2090578795226845
timauo,1.043354207818781
sicci,1.0711493341204203
parthia,1.0583641485321813
stridulus,1.4846787672431179
expaueo,1.450140971387463
confractus,1.2478808166808806
impo,1.112359234697152
congesta,1.1511586227717474
despondo,1.1375281412038212
nilo,1.1692239030417342
pachyni,1.5303984092891443
scriptumst,1.1273580341419045
dependo,1.0776696453525236
lesbi,1.304961652806732
cerucha,1.1895967462888066
inoffensa,1.0996755877522217
nysaeus,1.0726363735345263
securiter,1.115489324298897
niliax,1.0992398261838348
emathio,1.2381514593165437
patimurnus,1.1114934776703789
arsacis,1.0870366474425357
indiga,1.0348673706577396
pellaea,1.0422994680346456
pothinus,1.0732176816557621
ptolomaee,1.037763413276644
nilusne,1.1695346863614227
celsa,1.6479024751319915
ustor,1.1560646514131308
obico,1.0848534309268545
sertor,1.335133117671167
uilus,1.1014595513440169
astrifer,1.342909756697693
proiecueo,1.3287734637130793
niloticus,1.131478282263138
bucetum,1.3403148856600775
profatus,1.0981283557217203
floriferus,1.748662931606032
mecll,1.3570523103483754
insopitus,1.414186764993963
arctoos,1.0880953511291738
maurusia,1.297458855493156
tacitum,1.2438314110799138
miscueo,1.1197407003051298
gorgo,1.135838034844736
libyssa,1.2168838079145678
protens,1.8732070528681515
aspidus,1.1751217797686098
cenchros,2.2756341076497932
scytale,1.6538103143322895
natrix,1.3491446949309256
praester,1.2902654619524634
tabificus,1.1918082617810049
seps,1.7466481798009408
disteo,1.1016604738871678
basiliscus,1.113732112937103
implumis,1.2805585444029504
panacea,2.054561454684749
centaurea,1.425427006621434
calchedona,1.0753581302841422
restitua,1.172712532275042
caelipotens,2.399300226219479
pelusiaco,1.730099318817612
ptolomaidus,1.114208004688154
hauseo,1.116524692101167
dependio,1.488661843595713
crustatum,1.4594232581768014
iaspis,1.0730092934314859
cinnamon,1.1831774460522955
platona,1.2189083917532904
cataracta,1.1006898100935965
iunxo,1.2132372407621927
honestae,1.7292622617102746
berecynthius,1.2637425430207012
fatuus,1.0405257772259084
capsula,1.0977136418198061
augurinus,1.267751925519381
convictor,1.3869578207227364
lachesa,1.0872107121634222
comoedus,1.0421607191530735
graeculum,1.1656633905951066
decollo,1.0947067366238143
fatuor,1.1400753091013764
tergeor,1.176051203588126
arar,1.1355764893682114
notor,1.3276187193332887
causidicus,1.0395160974526514
praeputium,1.1288891233468248
notarius,1.1460250921412258
larua,1.1523895926485401
diespiter,1.121506817292601
ciuitatula,1.3538441674978292
antecello,1.0614244098026093
corvinus,1.1552393980245295
proneps,1.1591749063731482
poclus,1.1457776142372083
agathum,1.4249550869315881
reuiuisco,1.0757598461985232
edio,1.0750604501457308
trogus,1.296272235762282
pantomimus,1.0322569212990678
percrebesco,1.0392568538841145
sufflamino,1.1913820521389282
fritillus,1.7584064307565506
tritis,1.1628537034233772
discessio,1.035710021718949
converso,1.349713431941514
sublimitas,1.0526416969743513
diffusio,1.7553129259864262
titillo,1.1414340110027188
indiscrets,1.1562285367891236
uniuersum,1.103532250951198
herbula,1.148607746091193
stultissimus,1.0749629819474924
dicacitas,1.0975672160494356
suaso,1.1353879008202001
nomentanus,1.1667892531866004
apicium,1.1612825344580215
adplaudo,1.1355680345876427
accerno,1.132164023668719
abscondeo,1.1492686718818876
distinxo,1.6372219676311028
temperator,1.5151539179504638
adficiens,1.852433903619912
districtum,1.185091756015374
paedagogium,1.2014811464347257
acto,1.2992964435576924
zenon,1.1455171031278488
malivolentia,1.2759725752707272
inveo,1.753444082711914
conspuo,1.096122362712066
sentia,1.128483492954821
dispositio,1.0586966770528288
indifferentia,1.1042953620652671
effluxo,1.3089090016859486
scrutatio,1.3872000219607548
hospitor,1.1405088546860735
infrunitus,1.2608680360051838
tomentum,1.2130643402430668
abstulo,1.2037155207062664
halucinatio,1.125980849780102
abnocto,1.2305096152633155
expugnator,1.1290582347509113
aristophanus,1.2120239433955913
democrio,1.0886539091334466
ruptura,1.3684248732834654
adlisus,1.7341926350323489
senecus,1.080206331754863
assilio,1.1286506605787454
uernula,1.444692920811663
tralatus,1.1538403503580077
cleanthe,1.2332036147535326
expliceo,1.176304593130896
mutor,1.6233328082589682
oblectatio,1.0656544445418386
gravis,1.1026721298524476
assessor,1.294990319151531
subverto,1.2336904864326679
pausa,1.046284767145547
ceryx,1.119631973693492
obstinatio,1.044048743635411
circumsaepio,1.183375985669605
irritamentus,1.3766296958103552
ephe,2.1608109769381443
catonianus,1.2917544212203176
aegrotatio,1.060717972334439
eleganter,1.049416517041618
dioge,1.0247618163405168
circumscriptor,1.2177868777731387
plagiarius,1.1254265994107098
diogenes,1.2116143916588966
uestiarium,1.1362742118041502
rapacis,1.1990390658578933
staticulum,1.4553538627796891
euersio,1.0554122348615214
contractior,1.2981685358082378
bibliotheca,1.0421499729977493
armarium,1.0559855868666466
compedio,1.2545877823253537
assiduitas,1.0413586038563227
mimicus,1.0994843231295441
siparium,1.162935436668767
mendicitas,1.0576683784236665
auguralis,1.0650219356018213
proculcatio,1.3000432928912484
stillicidium,1.0817798812294876
resaluto,1.1741582414881446
obstitsum,1.0977976801347833
theodorus,1.0800426372193983
altercor,1.0540496799881787
annuens,1.101674941981739
oo,2.3004731355653956
cotidianum,1.209988809712904
tripudio,1.1634803766723558
menstruo,1.2779514284162556
audacior,1.1510538178139287
exsultatio,1.1363270065493911
subrepens,1.1263833214969607
inlibao,1.2362002095404956
quietissimus,1.210464331949101
profutur,1.0596164082617816
adsignavo,1.1523018955008812
inperfectus,1.1673237605250517
cleanthes,1.0165061213153566
fenero,1.0746773607334845
theophro,1.0598909988445397
congregatio,1.0889258054309288
lucellum,1.1425687000000682
cupior,1.214363922745242
exceptio,1.0388481608933844
metrodor,1.1220682440383076
allino,1.4925193512601782
avo,1.2438545575595052
assensio,1.1354200194637059
errandus,1.0421126221214858
saltim,1.0441664849341232
allido,1.1429123418569822
erexo,1.1677301641900601
impatientia,1.0479272020710177
convino,1.0398448130466522
eversus,1.1885857563111057
distinctio,1.0340167851607405
appetitio,1.1281985415580507
poliorces,1.2486055792310677
interdius,1.1473819347768581
conticisco,1.1484284044847342
exueo,1.4380618361199762
infixus,1.1482044044436177
erubuo,1.3331190029984263
temperatura,1.2088322515203336
composuo,1.183684734847309
exscribo,1.1593943943999283
diligendus,1.0833582316763102
peccator,1.1372452339450148
sigillarium,1.089656173965522
pupulus,1.5615819122798216
heraclitus,1.0242750113387988
pacuvius,1.0213115768014958
daemon,1.2818793177008774
subplantatus,1.2911222768710162
proiecio,1.117335276585038
contestor,1.1329111829866036
intellega,1.051058073640903
uertio,1.2809925659561043
lymphaticus,1.0556540283030182
extor,1.2767785382812882
nauigandus,1.2312551757258932
civila,1.2375665698898184
aduersum,1.557236499104162
kalendarium,1.1931358979723707
acerrumus,1.1985614304654004
fullonius,1.2853588653990629
pugillar,1.0579190117522903
mediator,1.7324913694085224
recordo,1.06587501831284
efflictim,1.065297982430207
philosophao,1.2805384099714168
elaboro,1.0491098657829503
additamentum,1.1720563074393284
ualedico,1.2596620587269611
saturnalius,1.09882945419721
hilare,1.2723315697216135
festo,1.1058978658430074
uomito,1.229542708635182
grabattus,1.1006904600029117
sagum,1.1028864000218774
scierum,1.1611608496789114
saturitas,1.0467439364252717
exardesco,1.0930485237063778
affatim,1.0625458211840169
digesso,1.2088458390861512
captao,1.4486285307329447
varius,1.6692571309404274
epicura,1.1007203566610833
progener,1.6308737723645645
capitolum,1.387734264510309
commonefacio,1.0745505737438226
preso,1.5761845776030974
adulterus,1.1556689526717052
dissix,1.2246382629966777
conculco,1.058216684690242
praeloquor,1.286591583098467
delicus,1.3704226780999686
personatus,1.3716826119208534
excarnifico,1.1966231084440262
particulatim,1.032860383723901
puerperium,1.0697707664496099
cantilena,1.078818450187966
larvalis,1.3274402507268703
clepsydra,1.0827192818740785
complusculus,1.4055682977846227
uasculum,1.0374343441813711
ueru,1.151542939225233
profego,1.1780747639860785
interquiesco,1.3157357285056588
strophus,1.105840644594564
delegatio,1.33191767795682
hesios,1.0711024903626276
lyrica,1.1942804547560963
aegr,1.1617626906069196
ne+cdum,1.134774998260016
colluctor,1.08646363521506
marcellinum,1.166400046496889
peripateticus,1.019748165501106
academicus,1.0252822285683205
attempero,2.326061613288813
homunculus,1.0445060170230436
distractio,1.1351996053342666
incubeo,1.2361447398765566
poeninus,1.1346695484030054
hospito,1.1084278477729357
flosculus,1.044680842187352
invinio,1.234647575465086
palaemo,1.1401346560727545
panaetio,1.1371145843217525
nugatorius,1.2285873967903211
aristos,1.2038868893332417
elementarius,1.335054284771203
conseruatio,1.0845220775651168
lucrifico,1.2211544284456535
breuiarium,1.232143693851229
inanitas,1.077697543007139
tractatus,1.035377844483029
suspendeo,1.8524404487315522
laxitas,1.0773331874389847
bratteo,1.1372890217738865
quingentesimus,1.0432809579082565
subaudio,1.513332252116446
uolaticus,1.1257896933559335
adventicium,1.1161529947502167
experiundus,1.0951023829544029
cina,1.6135128252277566
inmodeste,1.7790230885105875
formonsum,1.1347451418355674
inpieta,1.0579283511058637
emancipo,1.1122034198306692
collectio,1.1557941868234545
praestigiator,1.0572871873781562
sophisma,1.0407042431925222
altilis,1.0748067941623822
ornor,1.246708159164023
dominicus,1.250370850882172
algor,1.092977529004867
stultis,1.191870238210426
conclusio,1.065572683481035
muscipulum,1.1670757674726948
lusorius,1.3588771188191002
grammaticum,1.057747263759632
circumcurso,1.1250761882772689
perrepto,1.3630491611063231
praescriptio,1.0493842226109522
responsor,2.5539376326321346
suffossio,1.815721912517032
quaestiuncula,1.0637992329736614
exhorto,1.195126096752892
aequanimitas,1.0578104205185215
deversorium,1.1605550559621478
irritamentum,1.1560703073534966
eligio,1.2993930486735976
invisus,1.0653675915375964
phil,3.0243495127429525
absolute,1.098193479601893
auditorius,1.1978476574729573
importuosus,1.0679262904192517
corporalis,1.053853964115783
superfuio,1.1244329903332981
circumspicor,1.0891414829609363
uatia,1.2076288742311425
turpissimum,1.1432332867741666
bais,1.3595754957034174
retentus,1.135615613582944
respiratio,1.0722441819502795
avoco,1.0586034892262597
auocatio,1.3100037963619577
compostas,1.404126439886888
lascivire,1.182258389578615
recrudesco,1.1100189482168306
ceroma,1.2237308086548608
cryptus,1.096480908230298
despexeo,1.2383237252596777
affectio,1.0430643177619063
effligo,1.441794185219312
alburnum,1.6455183129598812
essentia,1.176205384675623
specialis,1.1026809715613584
generaliter,1.0440937057213382
idea,1.1457037516073585
eternus,1.4498035008799641
reformatio,1.1864346658210798
platonicus,1.0586072965794306
imbecillis,1.1447873644723496
deductio,1.0943579162472454
noviens,1.048881880178307
liquidissimum,1.4241081591850102
demonstrandus,1.0443478272777875
elatio,1.0714802292505163
supervacuo,1.2196574229450978
translatio,1.0333539217176577
plausibilis,1.2130341688462247
parabola,1.189341982706877
adminicula,1.2853775760467605
temperantus,1.1389511316352452
infatuo,1.097849689776551
ingestus,1.156567609078701
uergilianus,1.1253674904386584
longula,1.193589856872085
oblivisco,1.184446191521855
suaviter,1.0807584885345543
placenta,1.2352782745644333
retractatio,1.1961137959615977
annaeus,1.0646449524282375
misericordus,1.5760964753649438
aquis,1.602671077704808
diadumenus,1.229380534137971
discrevo,1.102634445470148
diviso,1.1076514842616085
strio,1.1048534361013143
contremesco,1.2346888266552176
claranus,1.16337404223277
honestamentum,1.2313231301993137
temperatior,1.1529933871247957
inseparabilis,1.1834406777401392
diuine,1.1454202826558006
perpessio,1.3890489016413368
indeclinabilis,1.0793549533082218
inflexibilis,1.1427353190848237
morbidus,1.0587092369535187
crispulus,1.308419430647956
parsum,1.280230705637109
perpetiendus,1.3659902047623649
adhic,1.2266211303661334
amplexo,1.1350446982790057
digitulus,1.125282046298083
tractator,1.367099392558388
distortus,1.299205788697667
tolerantia,1.0956295932815658
scitto,1.2630453659095517
confertissimus,1.118378101322805
malacia,1.5502383679102478
dementus,1.3915136756737478
uilissima,1.1356376749869428
bestiarius,1.097303475360043
farcio,1.172311910191876
mundissimus,1.128982029585718
sequus,1.3938507853633677
litterarius,1.0503919964628847
tutamen,1.2093558549203973
obstinatus,1.228776540447885
uticensis,1.1772053265381832
innigo,1.2401049370871235
solidissimus,1.31028351180513
exitiosus,1.045784995930548
profeto,1.516476201925467
rectior,1.1298427655167027
irrationalis,1.5263487137422929
stabilitas,1.0573078429023492
cessim,1.6559125690999263
praestrico,1.1971064603315622
incisio,1.2958601289278107
evoluo,1.350339270687745
invado,1.0758187566588553
agilus,1.7956379093593946
degravo,1.2510384298070367
caecitas,1.0284000129705335
convenientia,1.150889027518495
inprobabilis,1.2636720101948102
mordeor,1.2366111497298868
putavi,1.0760534277988798
dehortor,1.0638854445325032
alexandrina,1.1327611827584043
marcello,1.2550778868402173
summula,1.1210125371781223
inpubus,1.319522659365879
ostreum,1.1812347119836644
conquestio,1.0895205216798933
surrecio,2.093504591625241
intercapedo,1.0640548727371366
intepesco,1.167529770686382
posidonius,1.0576715122742721
eloquendus,1.260032344194016
admiseo,1.0362065434393288
disieco,1.0572926510189538
eruditior,1.2288681637809598
metrodorum,1.1960969968919843
indixo,1.087195705603091
interpellator,1.753042105905493
lusorium,1.789782953339614
ferventus,1.1301712567676696
involute,1.2402279618608754
coctor,1.5638057043266163
benignior,2.220304667615327
manifestior,1.0947514531191467
talio,1.0338419430876014
paradoxum,1.37606920398083
proclivus,1.0939258587716016
compensatio,1.160598489491209
hilaritudo,2.090103387588282
obrigesco,1.0731105945936057
emunio,1.2546553343067126
subduho,1.2845638710285996
circumdao,1.5283378817584377
conpescio,1.1722724282167938
adiaphoros,1.0935327725799193
indifferens,1.1470458735868758
aspernatio,1.12793307060278
lacona,1.0524651877641598
circumscriptio,1.0896977892611233
captiosus,1.0885875808270902
interrogatiuncula,1.1308057944069612
subula,1.1347941102664503
inefficax,1.0674141247539546
tenerior,1.2942763204638443
dormo,1.1495100205534705
probatio,1.0438802352467718
sanctis,1.2118191766886466
inpos,1.1874641020924281
ebriosus,1.0321550581221872
mandavo,1.3510780742670252
matuti,1.175396096448916
syllogismus,1.064167382360814
uinolentia,1.0722805715066182
memoriter,1.084014675523119
condituro,1.202180650378739
conprendeo,1.1721024076100093
fixeo,1.1447433097823698
argumentatio,1.058711842502155
commissio,1.2103247007520264
organum,1.041442703293957
traductio,1.0994346801546044
demoror,1.0769283602482789
lado,1.0952687441012634
tardissimus,1.0589062258680952
conluctor,1.132040267645772
immodero,1.3238547072185884
siciliensis,1.126894687784604
speusippus,1.0331499095566707
moderatissimus,1.0949680154934316
adtulo,1.1926415878442405
adpetitio,1.0512725139984058
rectrix,1.264919059642763
praefiscina,1.3611456614801225
inserto,1.1078377005977902
uoluntarium,1.3545288493087688
cisterna,1.0610237985769297
pauimentum,1.0379299524774388
alexandren,2.183894089334268
crustus,1.2970176168549354
epitonium,1.3922742017077856
specularis,1.054251298301582
nundinus,1.0501171782236904
spurcior,1.0863930712105723
capillamentum,1.208511290578646
culcita,1.1373551724589097
opertorium,1.1668527124925008
cantherium,1.1068764996525429
caballus,1.0374392196568858
lanista,1.0683760803501188
chelidon,1.1200584823626607
gubernatio,1.3333459431463268
sacculus,1.0866128136277382
propositio,1.135178329029811
inritans,1.2765252785577101
adtrahens,1.252993231369462
interrogor,1.2267237341407948
orbatio,1.3435012198420813
flagitiosissimus,1.1055911271276357
modificatio,1.3354617237574444
conputo,1.2840605947564745
nescioqua,1.3081492822620298
statuarius,1.2296131777773347
accommodans,1.2424792537074127
litteratura,1.068387238104578
moralis,1.0704466296040114
conprendio,1.3588652321429004
aristarche,1.0826799445818527
syllabum,1.0303415307593857
apion,1.0863449550523034
odyssium,1.1322438683004818
protagora,1.0817314753693745
parmenido,1.8280498140157326
eleato,1.060492354907462
tripertitus,1.0133671903265964
aratio,1.0420315210321576
beneficiarius,1.2355085156348324
beneficentia,1.130441590874758
adser,1.1846996146898319
fissilis,1.3518090819258113
receptura,1.1846301843584792
lacunarium,1.1396075675978221
perula,1.148078531201029
imperavo,1.3448756384810483
inpenetrabilis,1.7256153641868606
uirgea,1.5911445604079923
tegimentum,1.2214869433558286
textrinum,1.9634106052298819
magnidicus,1.931641251045424
minutia,1.2666739850996904
percogo,3.0095121207226287
sutrinus,1.1493826010226955
tubus,1.2969013138599914
effeco,1.141735167399481
genium,1.3881851795495161
inventus,1.1869840529327085
invineo,1.0398817437185959
exercitatior,1.1399987714780695
politis,1.2568613317059847
scirpus,1.0836683649323309
imper,1.623726522951089
impellens,1.0983679001285658
celsior,1.0875480110904225
inrational,1.1257461822282953
igniculus,1.0745248345450322
titillatio,1.2508205491879203
dissolsco,1.1469574980364152
adstruo,1.097204443826792
severis,1.148661299971806
inpuro,1.1722335222330575
ballaena,1.2553009163047475
tunicula,1.5935380144203979
misellus,1.0690723213621758
fenerans,1.2568932519029024
praeceptiuus,1.213738764271122
ignavia,1.0850068687545973
caer,2.1904525464743823
scitulus,1.132628120450888
uteruis,1.208910471305445
ineptior,1.1014842106762823
phaedon,1.1894577554738315
suasio,1.1322454729491838
imprecatio,1.1207233352008474
herculum,1.702304580446224
tegillum,1.3216838841013883
teco,1.555410351592196
adpetitus,1.0790608169035463
elua,1.6992029233570802
minutissimus,1.0714271983947639
discrucio,1.106537834967913
pliraeque,1.1326395136430099
dogma,1.090605410495484
actiuus,1.1951741147583188
algu,1.1112235913102466
aegroueo,1.314527199401266
conditura,1.4596219665188241
quassatio,1.270102518369578
commenta,1.1890742654741915
ductito,1.301675692882974
boletus,1.103057237920275
praesentaneus,1.1332885391668515
ueneria,1.1185228994231051
destructo,2.238412326065647
peruersitas,1.0469974550245278
effrico,2.31612848583928
flagitiose,1.11935446164127
inreo,1.110104440578946
licitus,1.518184680983527
ascensio,1.158977358127959
fornicatio,1.232518166681298
praecesseo,1.2580192162454478
praeceptio,1.0978364713894817
descriptio,1.0447908533372159
tuberonus,1.1724741254638087
consaeptum,1.346384246070642
introductio,1.3745367337488543
senatusconsultum,1.0932012968378955
frugalis,1.128648382757903
catonis,1.1354523704606432
fructifer,1.1693222632133735
evenio,1.0967228171234815
tumultuo,1.6061030555963742
successo,1.0937145567576243
redio,1.2030745304290684
diuulsio,1.6388782195429683
secreio,1.100435898712401
inconstantus,1.21253427892974
prus,1.0761649686994421
gar,1.0523787706878807
hedo,1.133775241159816
henm,1.0593186831809736
toutos,1.0487005331883161
tonm,1.063938473605001
strucior,1.9474071044099492
exiliens,1.2427043630531425
eloquentissimus,1.1568901274003938
praeterlabor,1.0995961623362391
senecio,1.186236188979126
iacentus,1.452684374981871
districo,1.254859347912362
provo,1.3284136394185302
convexum,1.1633126546429424
foidio,2.283897132974819
olidus,1.0598229738766507
imagino,2.0776319981176847
aversus,1.0648272605470617
extortum,1.2087926228646553
convivo,1.3958477371616858
socratum,1.0605640861477714
atriden,1.0907686351329342
eblandior,1.103915853704114
murmuratio,1.1806589761439161
conversor,1.1864044621867351
unguentaria,1.2535502728680132
uorta,1.7739046620727106
excussio,1.5292063068443247
proximior,1.2077850125722631
sotion,1.1155402793821594
tirunculum,1.235518615094033
excolor,1.0976435479056978
inreparabilis,1.7929302795597253
subnoto,1.262065786353827
ennianus,1.0648979572147192
auditio,1.0759897300966108
obnoxiis,1.1423924059562431
commonstro,1.146657655913908
quaarumdus,1.1458429561752983
rationaliter,1.078005967155585
ordinator,1.2261322941489825
imprecatus,1.1698541999853849
intendio,1.1249501298869191
emarcesco,1.112418607738215
exoculo,1.828773340213627
soloecismus,1.0107530522367103
barbarismus,1.0143088436048642
ridicula,1.3791647122517605
sobrium,1.319989315596279
cinnus,1.32524918305526
columbo,1.6611779290050388
inremediabilis,1.198986366806493
inuestio,1.2493556522059663
enervo,1.362613207845991
exoleo,1.2964139705526105
sallustium,1.0934957102827032
sallustianus,1.0915951508736585
infulcio,1.1522100177729386
inprobi,1.1711210856739747
securer,1.1742696797351393
concinnitas,1.0590255373552766
contrucido,1.1148388139389405
pronuntior,1.0815657843587887
panaetius,1.0972820170108244
homuncio,1.1464200101664286
praesumptio,1.0646425202734466
effatum,1.17524311535097
insecabilis,1.1723912098275824
siligineus,1.10744383839568
analogia,1.0560000765380915
uictricium,1.266905651669089
proto,1.1779697979650179
induster,1.3906594510575738
maecenas,1.0284322895751459
officiosis,1.3439437596777204
conciliatio,1.2259917127330209
mortifera,1.1585524613035891
faeles,1.303661082631638
caveo,1.1881825481552282
inaequabilis,1.1016023159812027
discoquo,1.8327951289811464
perverdo,1.38434224044371
conuiuor,1.1337361670358341
averso,1.4017383771759793
pomare,1.1965143845893043
recitatio,1.1492870942756073
adsector,1.259921727703908
fabulator,1.146483858477728
lucifugus,1.0694355407413234
unctor,1.141753349063743
murrinus,1.071220804389184
ephemeris,1.1230558721972579
superciliosus,1.1750113318463262
adridens,1.1002271972373026
sensibilis,1.2099897696346746
intellegibilis,1.091437501028678
proieceo,1.4963838228158803
intnio,1.2887498358069196
turbis,1.6211768953040684
lepusculus,1.1942130421019985
aemulator,1.1016886146803553
contradictio,1.0861033132036404
lasciveo,1.2361525727292206
conuentio,1.1262756449803608
comminatio,1.0846948469479523
servilianus,1.170727023495743
permadesco,1.4043311805052514
trino,1.3239006723501259
persulto,1.0389427282221626
complano,1.1071369722038091
quippiam,1.0506176126758322
impos,1.2850771882778143
sobolus,1.1035902498527206
pereundus,1.1422489835156606
blandiloquus,1.1020721672258849
subripo,1.0670821387620149
caerulum,1.44090807044135
revomo,1.813967227266181
scrupeus,1.0812298162184317
pelida,1.1826779284559912
aequaeuus,1.1347934962160735
conquesto,1.2500012852264744
troilis,1.088032830580482
ioeus,1.27962725701391
noverca,1.1263707682586266
dissico,1.59122937270879
decennus,1.1574914612215341
deseruus,1.6896983508808787
subcumbo,1.091569227838411
pelidus,1.2163942339725973
chrysis,1.2001123915070018
extuleo,1.2120122981146324
remoneo,1.2864509027123774
arcesilaus,1.1220941349750104
quaterdenus,1.612518294018554
locer,1.2402055002261645
guneus,2.323793303760765
menestheus,1.6709127974417048
nasto,1.483125192825009
chromius,1.7755135106933175
praeduro,1.204599490365554
transadigo,1.0599921150794052
achiuis,1.0342877032376605
ode,1.8801624514752422
nidamentum,1.6831820107611102
astyanactum,1.19290260175555
thetideius,1.2182399770427494
briseus,1.0666573080248192
dolon,1.7493293472313052
sapo,1.8383999628314216
caes,1.2018947239170101
dardanidus,1.156168936731077
pugnantus,1.453160872200577
sarpedonum,1.9486110822358576
oppleo,1.0236357546112438
pisculentus,1.2763809644955055
uinitor,1.153682773847599
direpo,1.099595946130258
defletus,1.3222607538404927
afflico,1.1793130198220727
iliadis,1.2140240293631273
collapdo,1.2090805340900541
fuluum,1.0974478207139906
illuuies,1.0721382482648352
porthmeus,1.2406097506958882
megaera,1.135948316743569
mauorte,1.2751822642725543
disiunctus,1.0926167877493036
cumulate,1.1463515476093271
melleus,1.0982528597607348
noueo,1.1391257463343498
praelium,1.176087065634305
novor,1.2724838486054206
basia,1.1743808103172264
conca,1.1706461517936675
disseco,1.1515024727780276
defotto,1.1752133141961727
infrenis,1.1460636087512037
adoleeo,1.2621675690380296
defuns,1.2188920089532957
adsimulatus,1.1074436190926182
cyperos,1.2818691316867674
telus,1.3122247527281674
stilla,1.057589971526063
uiminea,1.1881746382477252
hellespontiacis,1.237222598235773
infelicior,1.228106881182317
sceleratissimus,1.2040288409170194
inconsideratus,1.0493525208654404
profitor,1.0555894683765776
privignium,1.0671251698747009
incallidus,1.0824842787909883
indubitas,1.0945428311923142
palmaris,1.1731401698804247
plico,1.1719296529939809
ominosus,1.080322630912657
obiter,1.7487072220042634
impudenter,1.0848989596174727
nitidior,1.1376892044266302
remunero,1.0336221363438292
exheredatio,1.0881756645880662
credibiliter,1.0969857049113099
impatientus,1.224432697281688
prodiio,1.6083348192288298
flagranter,1.1069943033778562
inpatientius,1.0675990130133788
ecquo,1.0923565585084607
innocentior,1.384022594164626
reatus,1.0826589146266323
uirtutium,1.4047240217944184
uoluntaria,1.2922106970284388
voluntarius,1.1320013893945582
praescium,1.174209191454314
adfuo,1.8487249614876882
obseque,1.2366312937324526
loquacissimus,1.2182871279241656
cre,1.3664384493253088
proreo,1.242829101012844
atqui,1.0350749992473176
attulo,1.731524212954611
parricidalis,1.0672556418718622
monstruosus,1.0710032088188703
casuve,1.556903260267685
contentiosus,1.1342931893456916
debuo,1.0806093123015388
paupeer,1.2811801887205974
taxatio,1.0806045098313648
pasceo,1.3548631345009594
extraneus,1.030981590360652
prosperitas,1.0433100879517052
impatiente,1.7041118164113087
abiudico,1.170413238384372
colluctatio,1.1198631270805677
instringo,1.209410602841289
transtuleo,1.174064817312702
obticesco,1.0772928570437876
redembo,1.1960743999030434
effraco,1.3330401959242724
sustentatio,1.171207255709012
prospego,1.5339234829169095
emensus,1.1145385722238534
accersiior,1.182644080948573
sepelo,1.2998591688864658
dissignator,1.2375917660967661
tuleo,1.1502681124786887
excusater,1.2059457383876835
subterfugio,1.1238297470427587
lator,1.0623607280240213
colludo,1.5687050687305948
indubius,1.1643671457673541
seposio,1.1614724265136018
infelicis,1.130193716225397
ha,1.8095672097743198
citulum,1.386860023838442
fraternitas,1.1027746878968274
religiosior,1.1132660830273333
concesso,1.0703732139250208
agnitio,1.1312318596964208
indiscreet,1.1167755270817075
peregrino,1.2393367222037792
brever,1.1984281271324648
ainus,1.0
cautissimus,1.1837009365206654
involveo,1.2570073869305431
adloquia,1.367109864120302
adloquium,1.0710643345339586
saeve,1.673316594066121
amissus,1.0832605121147088
conditorium,1.1562078194946932
perpesto,2.327121490975325
redempo,1.0300165186074075
lentior,1.1033131586863107
cistella,1.4378557687338573
munerarius,1.1900286008913785
offulgeo,1.1534404629707546
muo,1.2494229210486885
obtestatio,1.1656499465643542
opm,2.590165771871659
inlustrus,1.1370285030135239
inrationabilis,1.2644925242373648
affinitas,1.0780869456256497
generosgnus,1.2783505657373238
reservao,1.273548405412978
uerta,1.3127074185205867
incendiarius,1.158357364491643
redemo,1.1831225443753393
indubitabilis,1.0796591160358944
cellula,1.0646208340511834
praesepultus,1.1851487661493603
incanto,1.102747796274618
conflictatio,1.100347703298869
inspersus,1.232853547819802
idne,1.1026312569098409
quisve,1.4345112613712219
sanguino,1.176269707452162
iniurius,1.4523751399376639
effregi,1.9502514998097666
transmigro,1.112019786896881
formidulosus,1.0396011235008173
repromitto,1.0531493669478063
desereo,1.4990956576376586
detestabilior,1.1046811685726237
praecipitium,1.1730755327296936
gregatim,1.0328559327042415
funestis,1.2663227252526423
habundo,1.0997984242347167
legas,1.583997422886273
nundinor,1.139517548188094
porculus,1.161062250668431
egometipse,1.1112745254540655
onuso,1.2723457538576182
semesus,1.081787135506844
iocundus,1.0774069383034652
dupla,1.825930358691603
suspo,1.0695356227531163
triplus,1.1774547513551048
quadruplus,1.0771062558671265
partir,1.1252477062398833
stipulor,1.0596277853477034
egresdo,1.0808141182127557
novendialis,1.0480733178349335
speraveo,1.101974661674423
euiscero,1.0748661511920052
multerosque,1.7123001313117354
flosculum,1.1228858484137676
oportunitas,1.040163031381805
conno,1.3469264348551846
consertum,1.0835243324192028
porrecta,1.1846500924646435
aluearium,1.2395352345747932
uernaculum,1.4237359361530924
textum,1.5236393087160274
abaco,1.9683325105167226
pi,1.8196140086241024
conpensatio,1.153915345232693
fraglans,1.3290673595652485
medella,1.14444345306553
extincno,1.1572391665336563
uivesco,1.104440680443087
divina,1.2187008498035372
nocentissimus,1.084820672276254
praeuaricatio,1.090968016977707
concussio,1.1486290569491402
prouidenter,1.1686494745916571
amaro,1.4732573470047607
pigneres,1.7418887761699144
facultatium,1.2144147297772003
defendio,1.1507935070757422
exosculo,1.1528935558361075
inpatientus,1.5011613114274154
rixatus,1.2070189655728119
censio,1.3761672909662674
secreti,1.7580644417627824
everdo,1.2318872972372068
profecio,1.1244311063088104
lassesco,1.1317104601564394
deceo,1.235525166182881
notabiliter,1.0839647388103095
absconsum,1.234875945401771
reconditus,1.2525361720502806
convoco,1.0907839532448047
conpono,1.2914655601429776
compereo,1.3821320642849135
invise,1.2590803915894482
optigo,1.5626607045956369
insatiabiliter,1.045423590501816
recesseo,2.0327351318552886
extergo,1.2888147804111278
publicatio,1.1351016794985562
absolvito,1.0414712135649615
oportuo,1.2089878300010752
denotatio,1.1671566337846764
interveneo,1.0853350780930486
atquin,1.1556744455269115
parcis,1.276729665999887
praescio,1.284205569447553
adsertio,1.1176540771598402
novero,1.1165355407048398
sorsus,1.2695631433243193
gnus,1.7816224353467982
excipeo,1.215198293804466
uenientum,1.2536972458396387
cladus,1.1443131736872063
belum,1.1404813317159106
massyla,1.1863266110202715
garamanticus,1.0659293972071193
aurifeo,1.1116507141288212
iuror,1.4595888235406191
pyren,1.0855772913380304
feruentus,1.1449904973222704
sternax,1.8048915513723702
pandeo,1.3865542252912928
condensus,1.1520847679557966
cristata,1.1406825513919248
galerus,1.2169687227759616
karthalum,1.9272526349042245
chelydrus,1.1126543185313815
hostus,1.08842585558435
galaesus,1.1916343050173785
spectatus,1.0436976268299933
iaciniscor,1.2010758500023984
tramitto,1.145637565011039
saguno,1.0921216192641081
pyreneo,1.1795380449378734
impresdo,1.5188144256634237
orans,1.2392787737111413
fatiferus,1.5855518834624447
samnitum,1.1042816972716887
pactor,2.0364418501194694
cremerus,1.2603425335075369
garamans,1.1027621479744854
autololus,1.1383618737750232
spreo,1.150786797558034
gortynia,1.02867310419588
puluerea,1.1518988028357342
nomadus,1.2290303831855982
infandum,2.1767676862692387
letiferum,2.1470134348816536
conexa,1.2243531708054676
daunius,1.4491246499778925
assulto,1.145261713882534
trepidantum,1.1006443183486598
depropero,1.0907411912584235
minantus,1.8575414581152878
laco,1.1546590757602004
scyllaea,1.3707509677326581
aegatis,1.0746390874582388
scyllaeum,1.1759875641459416
pauesco,1.0738027129090328
byrgo,1.850195940472915
ultricius,1.1573868573539925
ledaea,1.1011172550406625
condenso,1.1251873331975015
pacator,1.1028937951337878
supremum,1.7459233002468633
infrendo,1.035876797880978
saguntinum,1.070969845600271
castulum,1.4054818700031875
phoebeum,1.8110179545054659
exhorresco,1.396684862102351
armaro,1.4316765341875892
rubra,1.293055647613924
hamilco,1.0466770661327687
exustus,1.1870740010862326
cateius,1.5749181854757934
gaetulia,1.0964068875188717
autololo,1.110463079050689
dipsado,1.173526090282074
callaecium,1.8359839689157262
uiriatus,1.5972578205789507
uascus,1.5477793338093684
arbacus,1.6984460385625402
uitiferus,1.2107526906551909
tartessus,1.1310999189895592
celtus,1.1752061522654456
defletum,1.22510882129794
proseo,1.1102060349644556
celtas,1.1345528396456632
illapsus,1.2256191353378185
druentia,1.4260200731606791
mimao,1.9903923313283742
edomio,1.5210376830262466
rubueo,1.1429040110598059
desuesco,1.1396928011429797
praecelleo,1.2161548400266293
lapso,1.106855541542735
cornigus,1.540473003689026
diuulgo,1.0486225326248853
carpathis,1.0456112346947253
sonoro,1.119633542793382
uincentum,1.1582107052029618
hinniior,1.7620679145185931
crixus,1.1651345290467694
seminecus,1.0784510487426986
circumuolito,1.1978516770707137
tulle,1.4308554020556394
uelinus,1.1693376665946686
annecto,1.1903623679768052
praegelidus,1.9251961289104003
laba,1.4294451341511492
batus,1.52900896486961
circumtono,1.2360381865091818
plausa,1.2303267044777464
tapeta,1.1761691855913172
ses,1.6367268304237426
sonio,1.1818579635927344
metas,1.3028584705599866
ufo,1.2192238243601956
fucinus,1.083307725879215
phalantus,1.5229119640772777
argyripa,1.1200271521474912
garganum,1.1888508105332654
fugientus,2.2865231319580253
labasco,1.6640973025644443
eridanum,1.0656916743473144
thapse,1.3158974395978928
percio,1.0656112612261848
piniferus,1.1990598039905158
trieteris,2.541525310627293
bellantum,1.1658861531033353
nutribo,1.1936846308305482
hortamentum,1.1549386294014388
orfo,1.3975602445919688
terrifix,1.423760825517756
maceo,1.3398789053209685
pilor,1.476635971364351
lateranus,1.1511076000391358
uelocus,1.5720761933176237
praefrago,1.2947172942431546
nerium,1.9607254579106255
magonis,1.1617249617460397
tethyeo,1.1249425114640137
abundanter,1.1599086741827578
prauis,1.0848972057450637
gementum,1.1323776046306946
sidicinus,1.1596101984942058
uiridissimus,1.1880945353312118
luem,2.5599914062788485
assueo,1.110269733769653
interlabeo,1.8338019886608947
uolsca,1.2111062288260361
nasamonus,1.1280171734487123
memorabor,1.0416094555588584
polluco,1.960357288247449
fractaeo,1.9598054073906035
perusina,1.1431787578221597
ingluuiem,1.3441987398329103
exsibilo,1.2085654396947514
semesum,1.1685784127472802
consertus,1.2679625207287324
balatis,1.1727725385322854
elissaeio,1.1173419737691415
agnoscisne,1.0545300082427898
hiscis,1.1335558480377717
dator,1.0608260210816935
sarranus,1.3248814298900995
trinummus,1.2386315471857026
conducibilis,1.1390153106208942
senonis,1.0509516762641953
ser,1.201431243742104
protendeo,1.1833941822080523
tuder,1.272502958415621
stagnosus,1.241085504194019
euandria,1.5581748422968484
impasta,1.9309829517014172
phaethontius,1.0454747298980984
peruulgo,1.026537773803108
uuifer,1.1988648767268788
effultus,1.2270684434562555
maniplius,1.1351716467449777
laestrygonius,1.2200513146525425
idumaeus,1.1753534421712815
gradio,1.4745917238824973
patiarnis,1.086710716629109
obnico,1.4840810757640306
extimus,1.0642224647321077
cleado,1.6526989121210316
casca,1.1115390606174862
soracio,1.1989160229343958
carmelus,1.245094567191791
impaco,1.0967272620778992
anhelum,1.2554434149297442
balas,1.647492097010376
sibemet,1.9040741236741336
agenoridus,1.0590098949903928
uaniloquus,1.1257506389426601
sidonum,1.722069540249175
prsesso,1.2541180282023048
aegerrimus,1.9117831190481889
lauinia,1.181387925986369
aegresco,1.1513656034554935
oblatro,1.2567487294469133
allatro,1.5159600244220302
sceptrifer,1.3102632504200489
penniger,1.2572678468360678
incelebris,1.2246956549668628
uligo,1.052825400722077
li+rim,1.1397972509071996
promus,1.4280877243323113
amiternus,1.1046965162441038
implumo,1.7256315157127953
asus,1.3510402118731044
superauo,1.4574145848515445
tarcho,1.1422118115585145
cudo,1.2180096713528858
angitia,1.2072934350909492
caietum,1.1717089941702343
inarima,1.1544281109568866
leucosia,1.2074947631157815
cremonus,1.1223157952759655
uerona,1.058836389321624
athesus,1.242103486314605
uercella,1.208627429848715
exsomnus,1.8250822048780424
properium,1.0803866339534673
gaetula,1.0540759707762661
ausonis,1.7480757036130323
circumuolitare,1.5322588997413997
habio,1.3091289991632045
coepto,1.0691892333514175
flictus,1.2719418709503194
retrorsus,1.075620321749754
pariendus,1.0965709933810501
concretum,1.4821190823224084
contremisco,1.1866313626514338
antisto,1.042373745915087
luco,1.172415460618403
uulcanius,1.2453219194025738
maurusius,1.0587810612589443
mincius,1.3555753530049883
opiter,1.2149141482342731
luca,1.1716922189869243
interstruo,1.307865073592091
calpes,1.2721719958640725
obiectao,1.1955511560966945
immorio,1.8701766127599313
cernuus,1.1037135268393596
coeptao,1.1036731574908227
conflictus,1.1399316933077623
barcaeus,1.393385536101858
insciens,1.4728243398009655
circumstipo,1.6263289545060278
ianiculum,1.067038839662831
primaeuis,1.0752914824705453
essetne,1.562952439420885
defetior,1.5537989835838626
superaddo,1.1137303385346133
illuxo,1.0860931885348566
atella,1.0732768632903928
crotons,1.1189635637553579
apporto,1.073869519972359
quiro,1.600009307915476
attactus,1.3757032789646304
temeratus,1.7260528045810746
sidicinum,1.1053752950188056
nasamonae,1.0842081624436601
eheuc,1.1402112119438934
posticulum,1.1191165756661017
manuue,2.1783395312053475
tuane,1.995278088972297
exoptabilis,1.2286392210394343
applaudo,1.1856063015184781
mollita,1.1751532225414698
uolentum,1.671841232831761
mauortius,1.1738220825715866
pieriter,1.1841860228745344
qastalio,1.9606081418004992
annectens,1.4205411483399433
illecebra,1.0436192650743255
assuo,1.0962863834058214
fauentus,1.320704318286194
discido,1.0857468136003101
mimantus,1.1552902308271427
rebellus,1.1714234724072126
baulus,1.1239095497921627
uolscum,1.2354472855119696
pedianus,1.071708835207964
apono,1.281891756610727
messapio,1.2265641855033633
nuceria,1.2484418675741473
uanidicus,1.4951008607524456
mitificus,1.503900211943487
arpa,1.2248497995892056
amius,2.902575529009941
rursusneo,1.0909468766366106
tardandus,1.0451863300832487
tuatim,1.1061987939641107
fluentum,1.0580276252835643
oppetio,1.1528624215186487
pauitantia,1.1724433994285102
quadrupedans,1.0390336448845856
perculdo,1.233070832344802
hiulcus,1.098920501523646
patefaco,1.2341010303584798
anteuolo,1.1628919086583283
iaco,1.214850543880652
tetendo,2.243456641182003
alama,1.3142304326948309
armisona,1.1307827771133645
tydido,1.1950315193785717
aequaeuo,1.4026773343571177
atlantiaco,1.0772672629904483
uerreo,1.5648715165337734
perpluo,1.1719468442993977
ausonidum,1.219371720214302
gradiuo,1.2227495688509487
acherusius,1.0909641861168613
posta,1.1552935721069986
impollutus,1.067954977527848
naiphaten,1.5996036748554923
praemando,1.266496131865484
troiugenus,1.097262927679813
hersilio,1.1955709217692512
tullis,1.1234338370808212
orthus,1.1498532802814387
impactus,1.644070437471741
uenerabio,1.3584492194543747
asceo,1.6406526930531569
lipo,1.229379993627853
caurus,1.2198272414736795
hieron,1.1677657643912382
insontus,1.1936222957265215
fecundo,1.1122324704985742
uincentus,1.3914586258086086
caphareus,1.234530015610051
malefidus,1.669786274686806
elissaeus,1.1150516139228854
sidonii,1.1052851410533073
pollentus,1.9935674797327605
undiuagus,1.134762641040313
sitientus,1.7264663043435757
sufficientia,1.1996150298523471
exspuo,1.1063624153142801
inexhaustus,1.0645956359057462
sustuleo,1.2479380872390993
hyperionia,1.710691587904525
sociao,1.8064376919456657
cephallenus,1.4695761277408463
conuecto,1.2185379824228322
sollem,1.1592926505647962
euaso,1.2200937257286142
clausor,1.228865103449084
cassum,1.9201886171603846
mosus,1.3341568626047653
euo,1.8663016799947316
tartessiacus,1.74319151533728
tagio,2.024183963462122
cyrnus,1.1902568898435226
admordeo,1.2803655340445248
diomedo,1.1293531993362502
spectantus,1.1593150807419355
potator,1.1314309730113656
praegressa,1.7644813231052157
thero,1.1721461365227706
breuium,1.1529380023938085
metaa,1.2301140837854032
asturica,1.235004934950521
annon,1.316268896064974
frendeo,1.427031665201264
phoenitto,1.0776691607906395
ferentarium,1.3978040670017509
cedentus,1.715473335505127
rudeno,1.775261571801036
ticinum,1.1611712971729715
aequiperabilis,1.2513747267477924
falciger,1.1488004375752399
calenis,1.3678229759668354
sila,1.2014332225630509
caudinus,1.1762125587905912
obueno,1.2651811869670444
uerecundo,1.1545537913841681
incoo,1.3045693631307644
eteoclea,1.193777381209046
perurgueo,1.104065068257416
parthenopaeus,1.070744014868835
genitrix,1.089604230080509
polynix,1.6129010425799624
agon,1.0862023902360227
labdacius,1.8105012251508479
iocastus,1.2339798533703354
thiodamas,1.6911341540894993
euadne,1.0375759440833112
crispis,1.164981537741944
ascitus,1.3879069256466379
parnasa,1.6369834657724405
uaporifer,1.5085979625152808
transmido,1.409276425629769
quinctus,1.1572546523424707
affingo,1.1385913220329413
ulixa,1.106913086965816
obtunsus,1.1138304532475405
permixscor,1.8903242939881206
uictiem,1.1612601888419956
uincta,1.1356273744338012
uoluissus,1.2440692799076833
her,1.979723698935775
apprensus,1.4544360030390446
euandrius,1.1894842354423878
bissextus,1.9587448829805976
acclino,1.2407438865289726
tensa,1.6310431036259496
quindecimuir,1.0987980769545642
thula,1.2197092059342374
amazonis,1.6086509539885918
thulens,1.7578645798462273
difficilsum,1.2763615438290687
expo,1.9014200570090005
umbrifero,1.7371717877904809
praemonstro,1.0961770069493344
ordio,1.7843284440860543
cocyton,1.7472424553309163
rogalis,1.1932339944624186
abago,1.255774658977775
inopinum,2.0208002311658744
abolio,1.2844686715256937
inlapdo,1.4262637429245622
exanguo,1.171039750832864
calcandus,1.1506779564299416
erecno,1.4420457549889483
amphiara,1.1299643672139574
dissensus,1.1357934359742858
bimember,1.1319554110982153
multiuagus,1.2845298414866022
lychnus,1.1192577569327942
praeseco,1.314043709307229
asprus,1.2631136415721584
deculco,1.4917821441035708
adempno,1.8770254793110868
biuertex,2.6645833515316353
latonius,1.34871715553852
taenara,1.182621239144407
taenaer,1.124945000640346
suamet,1.1310298427722245
sicyonus,1.2631396034754903
excitus,1.2195932323297014
infrenus,1.2380042716021105
aracyntho,1.9647566289627654
excusso,1.6989135073074517
uiridus,1.4128386533261788
ingemeo,1.4768039054653452
pertempto,1.0386775972502547
oedipodo,1.3172198625749971
concubinatus,1.1883688821783938
arbusta,1.5515213211907415
tectos,1.1799540782442184
inexplicio,1.8165897104624777
prodigialis,1.0923840126055209
deeo,2.1555914309373563
exupero,1.0581443362949683
tremefactus,1.3187472557566424
pelethronia,1.0970116706624657
unusne,1.4811964544266696
inrisus,1.0573768115467062
proterreo,1.16905867564924
interlabo,2.4149304314813516
tardatus,1.3309553037374318
manhuue,1.2134238812516165
frigentum,1.2729302801002367
prociduus,2.053243138820922
parceo,1.2584989781812976
cristo,1.0942382902944132
sithonia,1.136044004023807
deferuo,1.257748827261964
introgredior,1.1511134445190634
adsocio,1.9382328931805626
branchus,2.2044423467962186
supera,1.222184746031138
amotus,1.4609133006967918
suppingo,1.1833092141762809
recuro,2.013993575878965
gortynium,1.6319558462263513
accinctus,1.1739811015057582
seclusus,1.1428369019648341
uacuao,1.6016202915241706
salutantus,1.1615319312973473
drepanus,1.1442793792693375
oliuifera,1.6488640065886881
liuesco,1.1229200444637681
interuio,1.4930300502134684
tercentus,1.0814942516584158
innumer,1.786853118134105
montosus,1.5591938652361585
eriphylaeus,1.1513711344946407
dispareo,1.1109737724963995
phar,1.5923650982210007
inrugo,1.959943462953667
turbatrix,1.159987908680113
disiecto,1.1842575745768436
tremibundus,1.1613978933121247
suadus,1.207509537345622
sanguens,1.0825920573727041
conuulsa,1.4634951761196113
interfluus,1.6431733865948277
prolico,1.6657204175357385
inclute,1.5877306163934364
recaleo,1.1802413663469309
indomo,1.2124621611814608
aegaeon,1.2420976929056087
trieter,1.1602334600051023
leucada,1.1499186150214984
falsidicus,1.22056061983922
bistonides,1.0852148894456013
fremor,1.2802590367863127
tapes,1.4608532589747671
lycastis,1.0951058140447194
thoas,1.2060806327524927
liquent,1.2158072473556514
claro,1.0819759204286832
inmeritas,1.4676732014914313
exangueo,1.5457973777525609
aeacidas,1.243332818279877
toerrigena,1.1157868134411442
adsibilo,1.9560070222744326
archemor,1.253650124556386
malui,1.0422002099406618
praesudo,1.888857740456702
ausura,2.0614907862611647
fauno,1.6240523538872644
iliceus,1.3088791841349376
dicaro,1.8405662512491434
emisdo,1.1656133414981493
acrisus,1.1828781352265345
regentus,1.2233288290639996
rutila,1.0932630592165347
insatior,1.0733960702450211
amyclaeo,1.0620609883693253
internigro,2.0043644572706825
transfumo,1.6662071091514976
exerro,1.7636366293056351
uerberus,1.148396488965145
cydona,1.2932015641856611
iamduduam,1.2470651197916356
intolero,1.061339536599706
sestia,1.4443195592286502
dyma,1.1987514625158309
indeprensus,1.3018600288412174
edisserto,1.1371998307609237
lacersco,1.3783691745509512
permendo,1.315651225248635
conlo,1.1218051998348173
procuruo,1.2440815493595254
libyns,1.681902304558441
inlabo,1.219198750310119
cyllenis,1.1077694530150888
ruimus,1.184068098459955
fugia,1.184262590207361
anhelis,1.0912552662779471
plataeo,1.5743951484817469
lact,1.1960114739202707
pultus,1.4577229300331545
hyrcana,1.254216095129911
albitudo,1.333606139994013
diuiduum,1.1688075021748094
abo,1.2285030117963183
pressi,1.909655570955989
reflo,1.1011373459669667
tantalon,2.0602523650783553
profanor,1.123619152326425
commaculo,1.0495397398661321
remulceo,1.4383550169754913
laetificus,1.129276878338457
euphrano,2.293474099639825
sedentum,2.0721218046606023
aona,1.8433561857334617
politen,1.6194050430540754
damasus,1.585663525530064
atys,1.1482601212005568
inludendus,1.2731457876202832
menoecea,1.1351147353004973
melanippe,1.8956220248173352
profanatus,1.3430226321655903
conlectus,1.0861357977903632
transmissus,1.1641442362869432
formidas,1.860350744285957
astyage,1.1772824807928313
nomius,1.5220947208479565
anthedonius,1.1676422296174342
strymonus,1.6674298892376473
extantus,1.745795763359843
famulas,1.5101332081100949
debellator,1.2576476616915124
frondea,1.2485598620075202
aduerbero,1.0978318737642434
asseruo,1.1722887285439232
dissice,1.2520364640384265
obtunsum,1.1937854508337429
proflatus,1.709959465808895
exsertum,1.227412717974155
litamen,1.4548635626623878
agnouo,1.6119515584864166
cunco,1.3504752481527698
furentum,1.307719906636065
thebs,1.141479131618871
effloresco,1.1802852064758462
astriger,1.3478527103645863
restruo,1.4965132946863178
illaudo,1.2801616415036536
rauco,1.190583096478213
adsertor,1.0426297521945156
lucro,1.3978723152523511
surrepdo,1.9086195182927967
funesta,1.179082280006685
agenoreum,1.062202262562357
effosdo,1.9485936554505217
exsequialis,1.3149617790513304
incepo,1.1019437559437169
sceptrifus,1.6452005908799576
marathonides,1.7457238276944798
malesuadus,1.5680222901728222
busiridus,1.0550797755061638
reuersa,1.5705965493940965
creontus,1.671833402755495
plumbeum,1.0597193463213237
illumino,1.358601907557145
augustissimus,1.3935045103298827
sublimen,1.1425792046724126
aduiuo,1.5318512206944894
urbis,1.1317872631622121
oblique,1.05884427470953
capaneia,1.5277624009919901
refugum,1.1440980317839258
euhadne,1.4344361999600719
aeneidum,1.2421988554325565
lucendo,1.4053882715211705
sophos,1.0702210877215321
thymelens,1.0625929962741638
arria,1.4167885380183727
catenatus,1.6435479645914362
actito,1.0919078157126485
titis,1.1235264494422956
uaticanus,1.0783691144972607
iugularis,1.103473387211239
aele,1.173129751990124
caecilianus,1.1703221235816907
vrio,1.246470484134285
vuus,1.409308151756098
clinicus,1.2092556128177283
gellium,1.1505038850007412
spurcus,1.0379140281458716
liuida,1.0643464209187532
salarius,1.1047066270284656
urbicus,1.0521917253401658
procacitas,1.1870617384439326
caium,1.3043838535265064
lingonicus,1.140112109693995
arretinus,1.0924704380081312
crystallinus,1.0817385895037697
fronto,1.0645731409820738
haua,1.7450657826306561
sportula,1.0773257852362612
apollodorus,1.0965797375170805
naeuia,1.367336935943082
proculum,1.1085385841058215
madido,1.1877789407388277
iustinus,1.4997524282723604
vxor,1.0250962348101873
fututor,1.1621243362133356
cunnus,1.0324158527607
nouiter,1.6343447820096386
terentianus,1.0857915037924875
cosmus,1.4391302162330288
alcimus,1.1802016805540412
aenigma,1.071693226669174
zelotypus,1.0599857528932526
basio,1.0818256406076665
scazon,1.2210536428444063
amethystinus,1.0766937910601746
galbinus,1.9083151512835264
esuritio,1.1262854741455124
ualerianus,1.1566616184739722
graculum,1.2128997314188603
luperco,1.105933149156339
ammianus,1.2165435612268043
uitellianus,1.2779783932490825
thermis,1.055124033808564
tonstrix,1.7095294467929183
marcellianus,1.3497355833088363
imbrix,1.212890261412549
attagena,1.3809855139554952
mado,1.750333667078658
ianthinus,1.185264142643011
philistio,1.3269097502607201
podex,1.0859963809217419
condalis,1.2374927217010072
cammarus,1.0987830366639866
synthesis,1.0976455586719556
nates,1.4143634485373746
irrumo,1.0731434048968405
telesen,1.3006633320849132
tritus,1.433283424923211
culum,1.987796364691068
mammosa,1.3250501063414644
alpha,1.1381683439005628
paenulatus,1.1038214349533384
capillatus,1.0799640759020162
oppignero,1.1912100804739842
rhetora,1.0769860160523221
lalaga,1.1021119127455496
distichon,1.0567064979275227
vtilis,1.0930306495477569
cocta,1.1967941708877663
obnoxiosus,1.7433922212060562
iotus,1.1673318825772618
fator,1.0765980990462634
balneator,1.155313620192008
stropha,1.1704062981377197
salarium,1.1572975996920718
philomusa,1.0451414040609048
adludens,1.1036432454179692
argonautar,1.1236208831263812
impudicis,1.1345849110602921
gulosus,1.1629384998737053
phiala,1.3067818902628905
lomentum,1.2767564821363695
bilibris,1.2225947050532802
ferior,1.236500323879759
carruca,1.1244860470551505
rauennus,1.063032578674613
faustinus,1.2858673978677118
guttatus,1.8015260749207003
phasianus,1.128485466488913
lactes,1.298728273655717
palaestrita,1.2314529151668536
uilico,1.1446982431561032
somniculosus,1.0820341179790904
glis,1.0508483281535912
sugo,1.0660957511576334
mitulus,1.0637019750479284
sucinum,1.0632055758226222
basium,1.3000606201543299
terpsichor,1.8252100726974085
pannosus,1.216760428852306
mutunio,1.1578943227468266
dropax,1.1153784555960171
placentus,1.3496185367643037
allec,1.141740606298173
petaso,1.1649055828997368
mingo,1.2259223746914774
prasinus,1.1041248671029715
sciscitator,1.6443880454910464
concubinus,1.1251384357819594
bustuarius,1.7226507430908498
sabella,1.2139457613383116
uulpa,1.3467370082931989
metrum,1.033137312569616
silum,1.3790355916801915
castalidus,1.2016725358796019
maronum,1.2360293534221187
textrix,1.389680333737661
togula,1.1951397184900558
chloeo,1.7309754045149843
persius,1.0593150713647277
melpomene,1.052214755916225
hippodames,1.1476721852089349
gratianus,1.266843087605032
paestanus,1.1002053357927462
coracen,1.305933447835531
cunnilingus,1.4120319700727477
burrus,1.3244766560935681
olympiadae,1.073615188941234
sabellus,1.1942359088454606
semodus,1.3252815308198835
defruo,1.099897636165076
syrmas,1.173799251778202
abolla,1.574134424864267
lautis,1.1660391389894922
argiua,1.6712834817715196
carduus,1.1028858925178338
antiqua,1.8408447434173942
perusius,1.9573031773071952
ilicetum,1.5432721898057775
serenior,1.2992169563712037
pomifeer,1.7982681454785236
gestator,1.5992258386271598
celeuma,1.9765118907860766
hospitalitas,1.2618561961252932
arseo,1.129421471279896
deformius,1.1086094171579366
hemitritaeus,1.0900481065165417
erudite,1.1537394202659557
myrtalis,1.2298716037027477
cothurno,1.128730238224475
taliter,1.4448315191574426
uulcane,1.0756545960288424
menandrum,1.051761193038041
adamanta,1.2142218965746965
ligula,1.159650194781676
saturnalicius,1.2853513812925057
hermis,1.4461676060558104
mauricus,1.1904751294874274
flaccilla,1.1212063455572678
euclido,1.098099174678841
nitela,1.2247950755943688
trabeo,1.1814869290228243
extemporalis,1.1130317374820702
gannitus,1.1702128208671154
perfectior,1.1327338794943846
syriscus,1.1669207238612984
trebula,1.2857988082238563
theodor,1.2304409383852366
botellus,1.2691942448905886
cenula,1.0975321055244855
undecies,1.133039338049351
pylado,1.1013493571463833
sagatus,1.133134918517592
laberi,1.1949715117957846
otho,1.0506475486385563
catullum,1.0699038648559887
trieterides,1.118576891420365
santrus,1.3346613216198826
choraula,1.1120964468256773
glycera,1.1102918500584622
illotus,1.3695543426158485
oppianus,1.394724588876614
illoo,1.1101832609256388
exoluo,1.2512267114259534
extirpo,1.0511211584951512
testifico,1.5338801484252447
blatta,1.1038124297008765
stigma,1.0541218669070314
gellianus,1.9498827203122933
marcianus,1.0821026511786362
crusmatum,1.4465046329885547
rapacitas,1.1565574037195765
buccella,1.1726572860417277
potor,1.1322831452945492
setinus,1.3976576934871257
transtiberen,1.1496759130201912
abortiuus,1.1154659621709186
palmata,1.266189882414987
quindeciens,1.0619944324027124
symmachus,1.715919863677307
recutitor,1.7287437428257595
stiria,1.1982246762685291
collegaeum,1.4996081869311684
lautum,2.099734542253563
urbicis,1.2749563779333328
hiberi,1.177954331740163
caesio,1.66122151727962
phidiaco,1.821211187001472
libidino,1.234358894295889
publis,1.1597092725017648
esquilius,1.0272021069586674
uerpus,1.2253138087078763
pustulo,1.3268205527765202
ichneumon,1.1594440711063099
elegantus,1.18882073647407
finier,1.1220849792028704
cymbium,1.17173207106093
lapithus,1.1353112229858686
parthenio,1.2884242214798602
caryoueo,1.196917461771475
colocasia,1.2739368645109617
bombyx,1.30625607396972
hippolytoo,1.0689070122124096
fau,1.220512049755104
creuio,1.2175289987623847
uergilis,1.1486057801847276
octio,1.3120108957203673
bombycinus,1.0758578729056087
cotula,1.2808049003573794
inscriptus,1.165809189157037
condus,1.2556302996597186
sonticus,1.0969944556624964
diffindo,1.1443204323329759
perendinus,1.1489067208226167
perclamo,2.5898764873131723
uasus,1.2112722750803846
cunae,1.181238371355384
cythereus,1.1927693669317856
lamnum,1.1787939821785676
permutao,1.8864569271106355
cinxo,1.1849260308307046
coleus,1.1588201363973902
burdigala,1.07635338452228
arsacium,1.4339216521518547
pacorus,1.075609150323948
rhenanus,1.6379244580650558
cybele,1.0873552331561755
oggo,1.1569421427420796
decennis,1.359276543954453
corinthons,1.168903511974401
iugix,1.2318646844500691
litterula,1.1829422724270333
caementum,1.0551182607759413
synna,1.2197628556202376
santonicus,1.107031409805518
stupidus,1.0510259414695655
herodes,1.0610954675103543
tolosa,1.0761009817042098
circulatrix,1.403033698299706
coturnix,1.0241025727735549
uenerum,1.189079237712002
gai,1.5237078053395476
aratiuncula,1.7330418557739755
mensus,1.1282212261563194
rusticulus,1.2441405014540245
plinius,1.0469641332815547
diodor,1.2256546816272003
vter,1.146343401579415
adiuuans,1.2205142695101172
addixo,1.3070880312494182
muno,1.221299236881612
condiscipula,1.2241375184088883
ueridico,1.315616766718751
sporta,1.2620316092835948
nicerotianum,1.1076704248541749
dindyma,1.9656122457109035
philer,1.0816588049645417
pilatus,1.145677620288114
sigma,1.0688431363405047
prognascor,1.303828451739773
structor,1.1363597171254594
frontinus,1.0936322830200733
phrixeum,1.048225434106381
hygo,1.4360864174440695
baiae,1.2231379701114042
lemma,1.7649513184996013
mattea,1.2858166447691572
celaenaeus,1.068993508769113
plotia,1.0398195495954132
criso,1.1601330930809328
praetorues,1.1270836452977664
latto,1.3004806453190703
maeuius,1.7666842206076527
simplicius,1.3599123870074232
cenatorius,2.061936065073604
pollinctor,1.1131539570896185
caecubus,1.7393953405913474
horridulus,2.1242723191647364
bilbilis,1.2202629557534728
circeius,1.1551841950087212
alabastrum,1.1741676093759754
patauinus,1.5987325416928204
talpa,1.06456591308528
rauennatus,1.2463871433519174
allex,1.2956996023596459
folio,1.3951517500085235
ahylan,1.2910710087608086
causidica,1.1578565250865913
minutal,1.157316599722474
gabata,1.3447957587177144
cimex,1.0539303614601028
motor,1.995725013879014
aelianus,1.1778097793950038
maeuis,1.1560769989600472
uerpa,1.1765863935149374
theca,1.0953573429194092
amphitheatralis,1.08839895312121
opperimino,1.138599358260898
caelis,1.3305014380206213
suburanus,1.3371046259542398
abortio,1.3951352757371163
canacus,1.083786600986138
solymis,1.0903022770043087
telesillum,1.2900576108612887
cuculla,1.2948294084024756
symplegas,1.6887841494493832
laidus,1.197647310435866
ueredus,1.2922276170680607
indecenter,1.0986960413398301
naenia,1.2461644929322653
hermogenes,1.0723220353109433
consiliarius,1.0746020558409253
ductilis,1.3070762186944005
anguilla,1.2511899463405496
nausicaa,1.186319900191172
puleus,1.158945974415649
ficetum,1.2013859907465039
callistrao,1.2986623261338244
elephantidos,1.119267912008809
comissatio,1.1394359005774326
crinita,1.1732569941706446
platanona,1.1995728297284884
condecet,1.1368900450318402
insulsissimus,1.2357825333591432
nummularius,1.0815436123929623
malleator,1.2680673653531904
uernulum,1.1179901944386286
enterocelicus,1.1619837231565269
pragmaticus,1.2377956557524847
hypnus,1.459404469389305
quaternus,1.2581942246801328
alica,1.075892162325585
neronianum,1.5746136910508246
nauige,1.3395053419043965
instanter,1.0667484600475832
xenium,1.3225668929435417
nitro,1.1566876950338425
rauenna,1.304557190298207
ientaculum,1.1613043986269138
tubur,1.0734155743639902
musteus,1.2298826931188593
gnidia,1.212353431197137
squilla,1.1006900267299495
gobius,1.3349429571267388
oryx,1.2423843935365741
uitifera,1.3857573532697447
mamertinus,1.1388615251275356
tarracus,1.1215640218499277
hereds,1.1896855723567632
expulso,1.5102192557722363
uernulus,1.3263421343121329
botulus,1.229768562837821
clurinus,1.2439484433494696
propudiosus,1.129262360272662
crispa,1.1095421512791017
maura,1.0850367615578178
mauolt,1.1746280526581139
foliatus,1.1636098921311382
lignea,1.4666093446035642
saantonico,1.8279014333975094
craticula,1.1105530505494046
cincinnus,1.0976011799011707
elephas,1.0758264830994433
pauido,1.1347235755756955
bubalus,1.2057501258234402
fuscina,1.0783062512292032
subtraxeo,1.2188609271215258
horatus,1.1790892406628115
emendatus,1.1548619115585548
divisus,1.5056028849194683
educandus,1.086508947344596
uitor,1.5394975083163178
rhetorica,1.0582077407180317
interceptus,1.2351729617442182
maleficio,1.277020234158211
elocutio,1.0469805978776965
apertiter,1.1198666403318613
versor,1.7757373284668505
rhetorix,1.1233331920564353
paedagoga,1.1452866534966428
leonides,1.0783037562562279
inbesco,1.1482422032333104
aristophanens,1.1524347919685183
permutatio,1.0337305949262638
syllao,1.064621374507047
syllo,1.0518947278664186
repetitio,1.0238791392666418
sanctissimum,1.2310572287854853
incomparabilis,1.3206996398331485
optutu,1.1122215578869825
perspexo,1.2648696606179077
peculiariter,1.1173507546432695
celebritas,1.0349066298249503
vivo,1.1158057364459149
didico,1.1839405057972607
adplicitus,1.2353281179797164
proveceo,1.103178219674628
reuideo,1.5386969458125548
permieo,1.4907071682659478
scripio,1.0829948627960584
grammatice,1.0699232422701799
rhythmus,1.0386355437840502
consonans,1.0327135838959571
semivocalis,1.132011395133284
aeolicus,1.0855607845390494
digammon,1.1152026682095089
adspiratio,1.0332989335915819
geminatio,1.0622477930007908
scabillum,1.2625581414949965
pinnus,1.3027417247031656
exculco,1.3392353549111595
loior,1.1848239404094267
inlutus,1.3327190263785524
theodecs,1.1314544745322501
pronomen,1.0376641186898794
participium,1.0439393434062612
aduia,1.0956455490895065
subiecio,1.2864735910163172
eheum,1.2315461133097392
neutralis,1.1262272577454397
glycerium,1.0162382200838238
ablatiuus,1.0380541533449266
datiuus,1.1088137629926391
aduerbium,1.0649807640048372
horatis,1.1195610699121086
locutio,1.0364435216905308
tralo,1.0818569629015602
euphonia,1.2579429070576085
barbarismum,1.1257316792664862
soloecisma,1.084493334753708
transmutatio,1.105040241204844
complexio,1.1418335417740857
mastruca,1.1771799686220359
tris,1.9266563955854563
saoloecismum,1.0584259099730675
pluralis,1.081133525263156
singulariter,1.1710298606326983
pluraliter,1.0347870741912488
aedus,1.3671645639288497
prosoidius,1.0508191047314372
accentus,1.0673094148494373
advia,1.140722260924976
disyllao,2.26470079256083
iotacismus,1.078230436928027
labdacismus,1.040670029783733
barbarisma,1.0671447182772942
hyperbato,1.1083209408259893
dualis,1.4074354452059392
superlatio,1.2720390803708783
possessiuus,1.3607132423585868
quantitas,1.0454606579219747
soloecism,1.105232133309688
inproprius,1.1000780804740327
soloecismi,1.0973835748054126
interiectio,1.042816329882
pollium,1.112151515816418
petorritus,1.1368438228305549
gurdus,1.0859445042057558
inperterreo,1.1669843598146872
maleuolus,1.1074989593195264
epit,1.6825947308595153
copulatio,1.093638556491307
bius,1.321135502014003
etymologia,1.1884428765288422
proportio,1.1806605547843865
funiculus,1.0912243201025686
prandio,1.4543153480607631
feruio,1.1422777584491857
epicoenon,1.7036767749307145
aprum,1.232277091237717
nominatiuus,1.0853424503426803
confuto,1.042246502132953
faciliter,1.2322524729931812
frivolus,1.142729248036349
iactantia,1.0586448372120258
pessulus,1.1464656825288315
licentiosus,1.217676218567781
inuenustus,1.067775606443485
symbolon,1.2873127322467726
triquetrus,1.182780649994353
beneventus,1.136082006499359
multipliciter,1.353848646721549
porrecio,1.198604758293178
foedissimus,1.0586327464329262
uolipes,2.089121027061782
gavius,1.1123517858562415
exanclo,1.1377150497548116
perspicuitas,1.102607633151121
ineptissimus,1.479122747005117
uesperugi,1.5680766619510633
messalum,1.236467061772884
enoto,1.277095667445738
gaia,1.1006742125002755
optinuo,1.1509768255785922
significanter,1.0879195215783597
licenter,1.0668746336381743
comma,1.1247079748793203
oeconomia,1.1722515415255172
metaplasmus,1.091490542987597
tropus,1.030250420642816
lexis,1.1463426966399617
dianoeo,1.1134079347527592
deridiculum,1.122608223539688
aucio,1.1769214958502774
brevio,1.2450385736584784
uniuersalis,1.1376234777184084
antidotus,1.1592912086545293
dubitavo,1.0586841842557508
archytas,1.2139656128786802
contuleo,1.2130666207003462
psaltes,1.385652172333036
spadicus,1.363971027309719
spondium,1.0509266602072185
ineruditus,1.0697161313309107
enthymema,1.0637845959354022
rhetoricus,1.0447736117384288
apodixis,1.6715492372863963
octogeni,1.2391634421282227
nicius,1.1264549408046385
dion,1.1540263872918273
hebetior,1.5426351956097297
palaestrica,1.0947029508901842
heroicus,1.1296221534251814
benenes,1.1181782639927775
citharoedo,1.1170275903660822
geometer,1.1292018596827427
aluear,1.1393650198185976
nouicius,1.0562493212409023
pronuntiandus,1.0941141953049234
saltator,1.0692864069424648
pythagoreor,1.0888577479567874
perdidicio,1.171107597205321
suasorius,1.1331560417573128
thesis,1.1716534333291548
uituperatio,1.058389586695892
transeundus,1.13591978290176
cacozelia,1.0139892083491633
inpendio,1.2920194318699363
abundantior,1.2013971746297858
exsculpo,1.11649690280413
circulatorius,1.5492530446996735
egere,1.4806529156669719
patrocino,1.2738008720378455
rusticanus,1.0547244502625273
copiosissimus,1.0835177545890038
emblema,1.0877177263290236
amplificatio,1.1359282429209874
lascivius,1.0963217724727388
scripso,1.5566953834003125
composeo,1.116690490687865
sagaciter,1.12531601105461
intuio,1.3435658822105823
luctator,1.121755545888819
ephorus,1.0424933121469506
pancratiastes,1.1056697450421793
situla,1.2763764976898926
phonascus,1.2403985134632187
emendor,1.0906641855898183
contraxeo,1.1371452592355515
perplexe,1.264822172528962
panegyricus,1.1289380434504672
demonstratiuus,1.1316351941636247
auditorium,1.1009302567004002
pliraque,1.2852356841549264
plebisve,1.118353350714015
immolatio,1.079047908287061
plautum,1.2667390191819736
aliorsum,1.1391947408543572
persuado,1.177686177243524
inveniendo,1.6167675242160267
persuasibilis,1.3281994156061145
enuntiatrix,1.1796085384081136
critolaus,1.0245484811235313
legalis,1.1741334255253335
hon,1.0791098169363966
hymeus,1.1257105297836747
dikaion,1.3009151650156725
pratteinm,1.1269698543979336
conticesco,1.0444824773308758
mellontus,1.064330215855087
phaeder,1.0570513052339527
puerperas,1.164992943956971
busirim,1.119986851655823
clytaemestrus,1.114527614313175
socraten,1.1324439495723673
diffiteor,1.1853070168466577
confirmatio,1.1077800590007274
perceptio,1.0891510281883094
seiunctus,1.0870324215540004
astrologia,1.1432688112896836
statuarium,1.3156614393513135
didici,1.8354241824333668
ostiensis,1.1508648696110282
diversissimus,1.2046131559266462
corax,1.1244992366479751
tisia,1.1697844596863942
empedoclis,1.1699165246681362
prodicus,1.0950377681019612
abderito,1.0509360081733543
evathlus,1.1169088313350906
platus,1.1637793951615925
oratorium,1.2123816412937203
apollodor,1.0897921431915305
matis,1.1496371532288923
abusio,1.0525248759862862
laudatiua,1.1766430008561883
anaxime,1.1565432121914092
sophistes,1.0736144332058135
sermocinatrix,1.2065426751533725
rutundum,1.2211353187863103
hypotheseus,2.0392411208401025
coniecturum,1.0320562624284069
controuersus,1.101678197355389
zopyron,2.340035061717857
conflictio,1.6142123520629075
chronon,1.3169564059052767
praxin,1.2757456328117218
ergon,1.3171491283783454
directio,1.2306677546459914
infitiatio,1.06373360552863
pamphilus,1.0406230384288078
kat,1.0850907973300008
constitutor,1.2380052764895737
amphibolis,1.049994805480906
comparatiuus,1.0399056565998914
subditus,1.2726744898311377
symbebekoss,1.0728254079539226
aristotelens,1.0878183677293567
significans,1.3445777277257542
iudicatio,1.0881811698111543
impediueo,1.1199250980881414
intuendus,1.2330361232967333
nothus,1.0756078401101996
intestas,1.0910832391429608
chaus,1.2999782190395968
thersita,1.213366224534156
iro,1.3942058061271967
impudicum,1.1687413061311838
iudaicus,1.049828839491328
praefica,1.3964435221319758
philippicus,1.2745218857211402
suadio,1.2755820980131982
possibilis,1.4172952910279613
emeron,1.1748712854286323
scelestissimus,1.3620810986787732
commixo,1.2768788207597106
egressio,1.2558586958954527
usitatior,1.092177216214974
trebatio,1.675880477707191
intueo,1.6504016758586735
propitium,1.1250889390233385
commovo,1.2139852893823784
praeloco,1.298495476647041
benivolus,1.0830643567702465
quibuscum,1.0748572678783135
epilogus,1.102692712410375
iunianus,1.2701606929051117
diffidenter,1.3688371911629915
inminuo,1.1236379656554434
ironia,1.0407469808366563
insinuatio,1.0817085991792867
rabirium,2.01436076536319
commutabilis,1.1635874568593212
clsuentio,1.062577854026977
transgressio,1.1222729276163015
transcurra,1.0993944791147554
chrysogo,1.174454552792127
intesto,1.0529629727955954
cluenter,1.1747130122805187
digressio,1.715566832774318
adhibio,1.1223483798908693
medulum,1.5200338920520746
solvimus,1.3673217806168312
tautologia,1.0917235057922354
intellexeo,1.1620089134916731
interfatio,1.3122506173216102
commonitio,1.2599646850947428
tractaio,1.433564983355326
repugnantia,1.0959111420008727
tantillum,1.3524905070125532
utrumcus,1.1116511560738263
tou,1.1293854336129239
deverto,1.0995536434624096
maledicte,1.4611180139153217
minutio,1.1863633541554146
aeschinum,1.7359220315437711
iudicati,1.0848238288052743
reuortor,1.2066524481488476
suspectior,1.0812565744928304
interlocutio,1.6294841438383671
testatio,1.073870344802866
amoenior,1.1881897849713667
quantumuus,1.1513861475830605
insolubilis,1.2133197170196184
factumveum,1.0846654638545077
vulnero,1.0602492112850974
semeion,1.1562237558091277
adiunctus,1.1138452427662735
ariopagita,1.1205413687299715
adultera,1.2259349158750719
commentatio,1.08936778523089
adgressio,1.1989646030214778
numerose,1.153527619710554
impossibilis,1.0850635682422274
commotio,1.1099482286639895
adeptio,1.1323951837545196
liberatio,1.1234641544750354
undeuicesimus,1.0613991612922573
inuocatio,1.099692670761025
atrocus,1.1073805365178733
desicco,1.248883020761771
frigide,1.7967149786184353
corpulentus,1.1442899934673252
baiularus,1.2253740384731964
passienus,1.577353344788436
pathus,1.1267394660249141
ethus,1.2305928319495547
temporalis,1.2946255789163559
invidus,1.194955425680919
phantasia,1.0331917108509474
uisio,1.1068429086404217
inlustratio,1.4570320889447712
depravo,1.252678137169066
sequius,1.0585624784214278
exculo,1.1618367878898512
horatianus,1.1105958362294377
obscenitas,1.030811193173939
festivissimus,1.2211967384705866
uenustissimus,1.0854309251508711
piscatorius,1.076087798705607
iaculatio,1.2552604364392392
privernor,1.1012652079242289
tiburtus,1.1186488639962662
exiguitas,1.06542604586093
turis,1.2893038571183535
satago,1.1109425070650585
phormius,1.1193783603603316
myrmillo,1.1499290976431933
hyperbole,1.117185429484579
ambitiose,1.140265303159725
metaphora,1.0733796571166516
tititer,1.2055369050356404
orchestra,1.171207909799513
redarguo,1.0488080487807927
uibium,1.0699273361798889
mordacius,1.1153328537980127
sexagenarius,1.1196635806963595
rectene,1.1287522607384826
hypo,1.3854610791774578
larte,1.2338621484030894
candelabrum,1.0839437989773704
legatarium,1.2319967548608428
praedurus,1.1827426276047743
arripo,1.1081806018511668
adprehendens,1.1157708592495494
detraxo,1.247804340372425
discretio,1.2827941721813796
ctesiphont,1.0705352881905532
proma,1.1789912189932008
agnovi,1.1272652435011412
aditio,1.3501814798561425
restitutur,1.1132318814836362
transaco,1.409167170834101
restitutor,1.1173267936004245
peregrinitas,1.1369847352429217
adpro,1.113482421380605
ratiocinor,1.0660246921612961
atomus,1.048931522227815
commiseo,1.2663108733922805
sosipater,1.2662074657655933
extrarius,1.224740714114581
filiolus,1.331552344484514
declinor,1.0404358897078978
encenium,1.3393593750237
securius,1.1205957054692675
tarentina,1.197791727997045
amatoris,1.1463639235301677
comprehensio,1.0819533827713734
clarigatio,1.3403013941687214
provido,1.1611252492456106
amasius,1.1136246239233785
arcesseo,1.2747943046294414
centumvir,1.5285229348829552
invor,1.194301793764525
quinquennalis,1.0378471256081352
optavo,1.1061893852021365
libers,1.070443692783489
vomer,1.188527488869343
leons,1.1546826779869124
subiunctus,1.1392273073147134
lacheo,1.1923896710832205
productio,1.1270381413225965
correptio,1.1839189506168832
reservo,1.213692315994909
enito,1.2318943525967105
pauxillum,1.0895951014897651
asianus,1.0569442903599064
translucidus,1.2585788481957552
calumnio,1.2242949175156788
hiberica,1.5915871326053823
soleus,1.124904571745888
eloco,1.6445182825204279
atabulus,1.1431355278500193
homonyma,1.1082573190149327
aemulo,1.3946299830862663
indistinctus,1.1247736503459822
intellegentia,1.0382694881422698
intuendum,1.1749120945688065
perihodus,1.1007543715007688
redhibitio,1.0816009266951299
epithetonm,1.1851468406074666
pusio,1.0883823604015306
erucius,1.1849408437712656
progigno,1.1691774586714645
elimino,1.1375431039684873
expectoro,1.556470089663101
beatitas,1.3394825625599445
beatitudo,1.1835095512654015
fimbrio,1.1452265344554684
figulo,1.587412436554467
ovidium,1.1582163821616125
periphrasis,1.0783706393864325
pleonasmo,1.0474514299585107
operositas,1.085455995635717
languidulus,1.087780915950701
parabolus,1.1308461912603842
redditio,1.0807460962197564
georgicon,1.0991437572687863
auloedus,1.1604131368944792
inadfecto,1.1071278397130229
symposium,1.0684677305182921
conixo,1.386235733056591
enthymemo,1.1211598164441028
catholicus,1.392828086198984
inpunitas,1.2947091012780236
dormientum,1.2662636593122127
insigniter,1.0625864009312285
adloquens,1.152590048158504
periclitatum,1.3118936323424963
decimo,1.1200800182286887
conspergo,1.0676041081961503
extuo,1.9509234585496025
synecdoche,1.0545540692899165
metonymia,1.0638851746779692
aegialeus,1.521516479950694
antonomasia,1.0250562133174577
onomatopoeia,1.0450381539595393
catachredo,1.0677728201759304
abusiuus,1.0975954353388075
catachresi,1.1437734042054215
chirons,1.333056189617154
innisi,1.7035904506338297
allegoria,1.0498205622765788
inlusio,1.558002216853435
circumlocutio,1.200995287780952
perissologium,1.0483654751080298
anastrophe,1.115625437422012
reuersio,1.0919359579377392
superiectio,1.2993743303103797
pinda,1.1284355230184566
hymnus,1.211053075664903
ornandus,1.1048343734526542
conformatio,1.1532313088130428
meanus,1.9772395865681434
obseruabilis,1.334320056289337
promero,1.1199339943686943
commoratio,1.2441342277260607
percursio,1.3903613077962738
minuendives,1.4422197984477145
traiectio,1.2870563627075597
communicatio,1.1329921277071051
impulsio,1.2544537319499351
laesio,1.4204367543374536
concursio,1.0561822283401703
adiunctio,1.0907705498733897
progressio,1.1525873559559152
reuocatio,1.2908498871780794
permissio,1.1108324667446452
dissipatio,1.1716489330498934
diiunctio,1.1158632514786977
gradatim,1.031426281819755
transigio,1.9349747517706284
loquentia,1.4591742190883135
indifferenter,1.045655353889667
falculus,1.2342246826456869
inofficiosus,1.0599923159917908
damo,1.4528392306052313
cantandus,1.0846304727006608
suggestio,1.413567409960277
prohibitio,1.2794633110592495
sermocinatio,1.050823975188923
audac,1.390909173813738
auersio,1.2262791819550631
eleuatio,1.268697564906388
concessio,1.083281005880325
consensio,1.0465400870781005
reticentia,1.1709414284170852
interruptio,1.2845029928603318
aurifex,1.0910748662691234
polyclitum,1.1654792505405651
fideicommissus,1.0981710519632377
abolitio,1.0783854033091484
sententiola,1.1527839198023975
adsevero,1.1004358265336147
anankaion,1.0981405748456587
effugo,1.4041580520777999
obuias,1.7813470088737056
pugnacis,1.1690382291553
excitate,1.4190740654590976
avena,1.2986374970189467
interpositio,1.0703650193112366
hyperbatos,1.236125067102963
mettus,1.1404195455482882
spurium,1.5696245402028557
elevo,1.211130009382401
acerbis,1.4332486511302247
regressio,1.2901735825191383
polyptotos,1.1460683843649513
interceptio,1.410127014019476
confesdo,1.415182587160359
colubrinus,1.1912514404960632
paronomasia,1.0392813818268902
conservator,1.1380247449533318
menandr,1.2173839345992357
transcurrero,1.6885796738769308
occultatio,1.094349564421606
galliambo,1.2539302812678068
alcumenum,1.2537089564496244
uenalicius,1.234739167744851
herodotum,1.2046599498482473
lysius,1.1158522675047278
inadfectatus,1.132405120022463
contrapono,1.3312355884514002
dialectos,1.1157071212413616
circumiacens,1.0755371622570231
modulo,1.4327825513807808
perhorresco,1.0403825969058922
subsulto,1.457486119441261
dactylicus,1.0302063898623641
sescuplum,1.106893661065172
metricus,1.1133195687035478
dactylus,1.0133569685620574
rhythmi,1.0944350160422003
percussio,1.136130628758301
tous,1.066531321429089
theous,1.1044486053561744
balleum,1.3467899818161209
crepitaculum,1.1399481135620213
trimeter,1.1649974741468954
ediior,1.105257617167196
trimetrum,1.0832377110888487
trimetron,1.1485376853385443
penthemimer,1.0868042723548135
hyper,1.1430326458783702
hemisyo,1.1898025933206815
pyrrhichium,1.1111588999026085
pariambus,1.5409721841431163
trochaeus,1.023403347852863
palimbacchius,1.044587373686998
tribrachyn,1.0829218128511608
uerene,1.752718313366998
dochmus,1.089482457363354
tribrachysicus,1.0735154410637884
pentameter,1.0886620329640309
spondius,1.2229264003427678
pyrrhichus,1.058487277937881
synaliphes,1.0792821852670775
nequum,1.6225048397931283
pugnaciter,1.3689518983243385
caesis,1.1226504407167632
graciliter,1.1582504450822246
trochaicum,1.0648445621144138
uersifico,1.2078587489402484
mansus,1.7915181139936298
aeschinus,1.0352234932792788
theocritus,1.1031862715604976
euphorion,1.1111355716297369
cratinus,1.2130005786206501
sophoclum,1.0848690042554225
praelaior,1.1521124582427273
isocratus,1.2191339878364302
hyperis,1.1031120680892204
reapse,1.070985706543353
uersificator,1.2569499401426223
rabirus,1.0740327923718471
tersus,1.4186823952888545
pacuvium,1.1038457643943036
ovo,1.2235303658357555
nonianus,1.1694274054715144
insectator,1.0743441443010608
effector,1.0950540640492317
feco,1.169441018293497
reu,1.6855912886082542
lucubratio,1.1330053645698515
vacuus,1.1514644590386394
deiciendus,1.7475882561331204
xenophontis,1.0860347644463841
destructio,1.2228681936055976
oporteatne,1.7600271580118338
uentilatus,1.557136483571294
lucratiuus,1.2232810195486203
digestus,1.2988237888006708
scurrilitas,1.0596115898049208
enthymematum,1.0630015960341814
cluentianus,2.1147685507196323
indulso,1.651396035243765
allobroga,1.5267442990571198
praesento,1.8371156309075587
inmoror,1.3465936763484465
acs,2.320602206293444
abnegatus,1.4341246319210132
advicio,1.9664091430928965
larissaeus,1.3746509339427155
revolvo,1.3783481116824692
son,1.0966744984921164
optudo,1.5001948430873804
vigilo,1.6216919799244136
pellicio,1.086930587576991
depositio,2.08496395228617
inceptio,2.054987257699703
trochleum,1.1152416613875562
commiseror,1.308331477346669
lascibi,1.4867412163366271
suffusus,1.537431583021886
fraudulentum,1.0875869273954804
advior,1.0934552297210562
obsecundo,1.2566629732021963
instantus,1.676128439917858
compliciti,1.1438888980933362
displicuo,1.2093289186704517
circumversio,1.60793188904694
protendio,1.2526137906246833
ic,1.5561244772251497
supinitas,1.4661429506365278
flexio,1.1466333618512878
cleon,2.2599167100012725
complodo,1.6281667177777175
reiego,1.2248954066539066
inepte,1.2620635078248885
rutundus,1.1168355212097163
nigidius,1.2384537103896638
plinus,1.1130262733047034
sicuti,1.2530868171765615
lacunari,1.2061365586089485
salaminum,1.175280163092629
pauperculus,1.051808536322286
ceruicula,1.5566592742463006
uultuosus,1.3564748504780022
praeuaricator,1.131762831652092
cohortandus,1.1242671450040012
perficiendus,1.1474745352435731
rectissimus,1.0992509176795693
mucus,1.4499907005429638
subieceo,1.1569724605895166
dissolutus,1.1427443479428858
pupillar,1.180878863251385
deferuesco,1.7455374764994813
iactanter,1.1646696117750837
perverto,1.2344193808043158
agnitor,1.3682433000001795
quantulumcumm,1.7279895059231054
interiectus,1.0916874184596064
addido,1.2620855339492651
exsuco,2.0049154870945607
vanus,1.1145310201271998
ny,1.4475917196783397
plurimi,1.0947299516007307
condiendus,1.6180874716582758
contnio,1.2260391967949904
ischnon,1.2736256528604397
hadron,1.2228804941082074
antheron,1.0862303797833874
exquisititer,1.101311763121176
praemo,1.5237812903828178
elium,1.56436650778905
matho,1.3484999106209337
gillus,1.3095927271353456
moechi,1.2121859498352079
lacunar,1.963825436344759
quadriuium,1.1687604395184883
prouocator,1.1187261422735675
caulus,1.1483974322555544
galeas,1.983585764239969
framea,1.1575053565928868
mamilla,1.12764218210639
multicia,1.1096272766511157
procula,1.5606655938643572
scutulatus,1.4228081598952205
pathicus,1.1327334206272441
aurunco,1.1549305198834525
podium,1.7587419155730886
cocyo,1.1604352893947387
cophinus,1.1446295956180839
praesente,1.575107149469238
isacus,1.2864524810032743
graeculus,1.0596139990278735
detere,2.5732770983587496
uesteo,1.2271083819631945
sordidulus,1.5350007598508186
sarcinula,1.1587512252477845
exodium,1.1589209967573149
urceolus,1.0981553819131942
opicio,1.8939353419679357
asturicus,1.5658623443934412
frusino,1.2617036035662053
uitula,1.050095488171384
liburna,1.4791951243704333
assor,1.2987414438564562
gutus,1.375785857428205
caenosus,1.4609541369757706
gallinarius,1.0959256026533377
induperator,1.0773118804388635
silurus,1.1519362125165524
inquisitor,1.1690776565008787
patinus,1.0869451642997823
tyrannum,1.1487702318620814
rubrius,1.0781043343773018
uelarium,1.5008331095426781
edor,1.032141850404663
trebius,1.3409637614344523
ligulus,1.4507882814619282
perego,1.1898336452850657
berullus,1.4962553074373999
quassao,1.1721163284454446
squillum,1.1212518294374505
captator,1.2695633354647577
contenio,1.2084331224394866
tragoedo,1.0887978955067303
conopeum,1.2876813683186414
conuomo,1.1513226211909808
attro,1.2846023285481485
canusinus,1.2347617044364299
dacicus,1.712932993194709
zelotypa,1.7852873023088722
sodeo,1.1844276281466137
laomedontiades,1.072569514101643
psaltria,1.1045474218495193
simpuuium,1.057867381444651
magistrus,1.9823473280187842
reticulatus,1.1108792459281638
triphallum,1.2791051182606163
heliodorus,1.0865066957209724
tragoedum,1.0919072471977973
exorto,1.739089728805214
antiquarius,1.172201007002513
opicus,1.1874263662871225
commagenus,1.1979431943607641
genesus,1.2859003156113815
agrippina,1.1019887037266929
adipatum,1.2147326779011642
papo,1.311317469021823
russatus,1.8151869806776013
pelamys,1.1905710991788239
stipulo,1.2247616355602484
sophista,1.1755650147330867
uentidus,1.5258685365265596
insus,1.1510722974831449
catinensis,1.3990445225155959
osio,1.8245558323535684
nanus,1.1361432466068848
priuus,1.189659167781123
sufflamo,1.0440093725034982
lanatus,1.0622511558172016
troiugena,1.2184655027349212
secutor,1.1120283369037267
utrix,1.6229152646385758
obtrudo,1.2346506646657787
fodo,1.1082718876916289
collusor,1.7754013411478065
pigner,1.1937671881548397
suffeceo,1.8358698548404482
nortia,1.2566175111369167
scriblita,1.3593168518118213
umbrifeer,1.5377810628325386
ramix,1.3134188705572967
diluculum,1.085748781015632
uerginia,1.1791501499097534
candidulus,1.581815344740699
tranquillaus,1.258326055631741
miscellaneus,1.7914435088050498
suburus,1.3153775669897403
haedulus,1.5083658971465397
holusculum,1.1321555432258938
mansuesceo,1.2514619097852067
liuidulus,1.3937802660634702
tessella,1.1964022678081012
tirunculus,1.1856465192037353
iliadus,1.2282998336688047
megalesiacus,1.1025227119251768
osor,1.2688441770202776
clitumnis,1.2320504957219163
escarius,1.1990615179178665
hecatombe,1.1085203462434614
relicno,1.4340286506294917
iudaicum,1.1226056695774502
moyses,1.085194041671251
sectiuus,1.4833887707050184
genesis,1.2436342859413243
saccum,1.2523123477736418
uocaro,1.9085157360369136
uolusus,1.539492705282474
phaeaca,1.354335747916778
syrmo,1.2152438891447022
uesperus,1.0561524415585757
uasco,1.318490130155313
britto,1.4858046683971458
defendier,1.1270716821662499
iupiter,1.212939892903782
conditus,1.4472533121333337
lacrymi,1.2902285498516144
solemnis,1.0974997972101348
ditio,1.1476101669687337
emendator,1.1602479829566006
poeniteo,1.1258897968263832
adoptas,1.3268474156979917
lacryma,1.1731112955521354
induciae,1.3332911610697027
conteco,1.0838944990203598
danubus,1.0898281761225923
cominus,1.145840843205614
disiunctissimus,1.1298996822017062
praetixio,1.3900368031470751
praedicandus,1.0948912693057185
interfudo,1.476868385669922
defo,1.59762879401005
abactus,1.484570908164849
donatiuum,1.0404533755818406
edocio,1.8879694669854916
moestus,1.0854569085883916
nequidquam,1.177378400770602
indictio,1.4286518628777551
feracissimus,1.7638760069061212
conferendus,1.08667538223899
humens,1.1728590337645108
ubero,1.4424903681884111
foenus,1.3487507675408097
congesio,1.1588475910896219
cotscun,1.3938635236004135
gentilitas,1.0895377151707
coheres,1.062011642034838
quadruplius,1.1542958662264202
mulcto,2.334571988933851
collatio,1.0526917616149742
fiscis,1.1509700349629146
quotusquisque,1.0687580257744653
quicun,1.0939247888629107
admissio,1.0989472068026034
immanissimus,1.1041635981225315
bellua,1.2065097037670995
xlix,1.0769598143881056
septus,1.2231274478455167
dedignero,1.8179654544416268
ganea,1.1352874073298143
radiatus,1.1792392461962873
diffuse,1.1858425356813707
praemono,1.1556289121309717
seculus,1.2584470586682162
negligo,1.156907598289506
prolixe,1.0630529877918076
sexies,1.074691679494004
papyrius,1.2623107762046686
procerior,1.2342340347442302
danubium,1.3462787991383027
invigilo,1.1232097798397922
fucatus,2.0367172527287494
annoto,1.1930479982125488
negligens,1.2241225131158986
resultao,1.2242963469779162
humesco,1.3817604044963587
sedentarius,1.175962670797845
praecursor,1.1252044633899452
renuntiatio,1.1230260278698578
civilis,1.065678677465134
occuro,1.2838675098234458
inviso,1.076825023866736
transfreto,1.466546526260434
superfluus,1.2832352071701765
auocamentum,1.4848649628421244
uendico,1.2573970335345277
aphrodisia,1.1394687903876446
assentatio,1.1966159392297822
tertullus,1.1269921867941486
seipse,1.4663560529213384
diminuo,1.1184859134389582
coherco,1.604076521983893
ballistarius,1.240517101975818
cohercendus,1.1980992336462668
orae,1.6015388015199006
laterculus,1.084266810604674
tyrrenus,1.1638067624231148
uniuersaliter,1.8154232704899318
oleagineus,1.109624047519367
iuniperus,1.1736635993379383
finalis,1.2163338255058664
gamma,1.123474235559186
testeus,1.1618219837683572
acervatim,1.0501652281668503
cypressus,1.1758932717300379
spissior,1.0962732742706858
siluosus,1.2183285317075414
congestio,1.0734059595688747
ribi,1.1142945876146924
metatio,1.152408590179465
sanctuarium,1.1567435203684764
acceptio,1.111027185280619
suscriptio,1.1840001625976786
uill,1.2522478518668905
sumpio,2.0329548437067184
miscellus,1.228457585443042
quasve,1.1334143293829744
coqua,1.3741347063855858
syllanus,1.1745315935619947
dacia,1.0557821088109254
inlaturus,1.1437257629483844
miliaris,1.140962283238999
palmus,1.123049256693142
amfor,1.0761617933293068
miliare,1.1073936202618806
summitas,1.1337425259744793
geometricus,1.0370099685680683
cohibitio,1.6205524006314829
diastema,1.220952962732268
conexio,1.1536612750526316
pluriumve,1.144095223066714
circinus,1.1056263180092787
pedt,1.2652899616292579
inscripo,1.1357263904701211
uenditum,1.2819749174142783
pulvinus,1.277020428562447
sacrificalis,1.7322366462711343
caesura,1.176504710306012
interpreto,1.2372402074218265
uexillarius,1.1580782319851333
quingenaria,1.0558195157767059
praetorianus,1.0359834271955455
officialis,1.428570114837609
cognominor,1.0764162274794868
expedito,1.2981016407384964
praetentura,1.2451191468019396
decimana,1.2857835342275585
bucinum,1.89096368364045
ueredarius,1.5641397174497271
uersarier,1.1276482454901036
sessibulum,1.6475684610531889
stricte,1.1211066985546818
cccc,1.1838581324791957
methodus,1.413288889057366
propudium,1.265139590373631
teneritas,1.1158375730668997
solummodo,1.2954356806744671
petrosus,1.2733932620701736
propugnatio,1.505083415014254
fundito,1.4742641537685959
rectura,1.2394471414403967
dipundium,1.2627922968629381
congressio,1.0863057055534973
connexio,1.169844411371603
demetior,1.390472044967935
obumbratio,1.2709288076921679
inhabito,1.1992546232039378
accepta,1.3201957046702708
h,1.2058598413161492
indultum,1.1479295932808564
conterno,1.5367927839727868
terentinus,1.2303147048324046
typus,1.228955209602033
descripo,1.3840783132231937
determinatio,1.370267321607409
subscripo,1.1584627038089919
pascui,1.2701220374957123
interstitio,1.198273713847179
colliculum,1.1212196831166685
agrimensor,1.1859545262947764
lineo,1.2161834917956695
subtus,1.1043359950184735
plagatus,1.4633870541325869
porrengo,1.135949162782324
prolixus,1.063033386941579
angularis,1.1888588979348333
uitus,2.0708341569803412
conpascuus,1.3098180674651065
cancello,1.2516748778873594
praetermitta,1.1151238747294063
spania,1.2479126536356917
ptolomeus,1.1042159220133605
monetalis,1.2053834258284541
aethiopss,1.1143053929242486
collectus,1.4862644340179996
cordolium,1.5670205314687613
peraequatio,1.1024230258819336
sanatio,1.1759034090877232
adoptivus,1.3876769881585374
integre,1.044668287686373
insimulatio,1.4307919485409342
suauium,1.133625241847524
negligenter,1.166105434536016
flagitator,1.0767488648618952
interfego,1.3935510407973697
morigerus,1.1152871815885124
gentilicius,1.1571323736323158
superduco,1.117985202962979
fescennina,1.0686688444460637
cecino,1.248226190524019
cessio,1.0990338819326448
proso,1.5878466230135138
lauernus,1.1880900761374857
cardineus,1.0906796425773695
aborigineus,1.0757408086001732
lampadium,1.861984312343209
uargunteius,1.1678908699843102
satyra,1.4935598460932968
grammatica,1.6604116425848883
grammaticor,1.857264676347817
laevius,2.0523499697907077
melidior,1.1763836914945616
manumissus,1.174336174723182
pescennius,1.1271120398228138
iaccus,1.5042590236671403
scienter,1.0728684232739811
litterator,1.0843940085239239
problema,1.229141314778181
allocutio,1.119280008736903
opilius,1.0579456293446894
smyrnus,1.1302144253977475
nutritor,1.2387752254051607
nonnido,1.398984558918197
epicurea,1.2396636422130145
affectatio,1.138283866986217
herma,1.120398965616008
sallustio,1.1492478096277736
uerrius,1.1181730472645801
secius,1.1038449655001077
textrinus,1.0843286888400638
herilis,1.174012565418501
promercalis,1.2388193141384405
devito,1.2059445248221403
obprobrium,1.0876398072729927
sectator,1.066871173641747
atqne,1.2961663805948846
el,1.732151695591242
concionor,1.560524203626207
al,1.6713212751767108
conducticius,1.2341471474038372
uulcatius,1.1898624204271577
admoniio,1.0827408731837445
dimidio,1.0367622240522032
coëmendus,1.1099121012799449
vagi,0.9999998807907247
prosperior,1.0730928174639978
genitura,1.090388444176041
depango,1.1074595553412734
evaleo,1.0370935593838915
cebes,1.0001537440124635
alexim,1.0019086002626654
hierium,0.9999998807907247
asconius,1.0677495112389739
maecenatianus,1.1054934349941066
catalepto,1.0635565260305548
alfenus,1.0597027463740847
georgicus,1.0357834273081028
aeneidem,1.2452964074585295
aeneidi,1.000051501065309
aeneido,1.0397309438772522
aeneides,1.002099023095944
kolon,1.1663061501367127
eros,1.0884359531775505
octobr,1.0579072710846018
puteolanus,1.1148631128927073
hemistichium,1.0457375415193348
numitorius,1.1412290328138746
antibucolica,1.0010939870571318
eglogus,1.2538903583149044
insulse,1.1015133549470622
parodeso,1.002215873934491
uipsanius,1.0378872532544061
herenniter,1.02091010192053
perelle,1.0
asconis,1.0029532848703364
dileco,1.1365574830409408
occupatus,1.3276082136718226
horatium,1.0947710981018948
septimi,1.1079412949901781
uenerio,1.2599090492100906
aquitanicus,1.7398062376285264
uolaterris,1.1016353003084696
fusio,1.2797233020143197
cornutum,1.144666768916881
iudus,1.599818441014785
cornuo,1.3329987835758104
scriptito,1.0671292423995133
nerum,1.183755223710417
cordubendo,2.0346201126224197
adolescentia,1.2291921050792227
latrina,1.0928429705769318
liburnicus,1.1363138458841782
decemuiralis,1.0283331337210593
suspecto,1.121549551469517
planasius,1.257263889675746
adscio,1.247145584624767
proferendo,1.225834056193725
aspectare,1.340467165608803
regnatrix,1.327867121603899
iuravio,1.216673072544023
cunctabundus,1.1075020298771512
uieo,1.1237187196188099
inprospere,1.6437484428091758
subdola,1.0919669444897155
uarron,1.2500881838420377
filo,1.6665902768816796
curatus,1.5186497235200576
infructuosus,1.084711818338163
pervicacium,1.0541245161563535
sirpicum,1.2009290061601132
interieco,1.401797522951977
contumaciaa,1.1132895747218239
perscripo,1.124044186152774
bellulus,1.210766670938972
adsimulans,1.191040525950818
drusa,1.4891951526199005
ostentus,1.0811513607883945
intolerans,1.3329581151291698
commotus,1.1084973483488512
chaucus,1.8330628625283922
adieo,1.0945918191324644
comperco,2.062287863628438
defector,1.079918682404169
concaedes,1.686192864331113
impeditior,1.3440601469786995
inermus,1.2985067326130662
civile,1.2593416168426084
coeptor,1.3510337928845235
conciliator,1.1446076520099147
ravenna,1.066879179157785
contermina,1.2261199281424189
adtrecto,1.1055592168363357
munitor,1.1546481888629674
circumgredior,1.1759771780513908
sonore,1.1882106544231859
uesperasco,1.2518539167890872
obturbo,1.2020017581655469
atrocior,1.057569371642188
dilargior,1.190236792847973
interuiso,1.6639040416667865
uitellius,1.0477386603593741
utensilis,1.217145210584014
uisurgin,2.04978643191292
moria,1.54582102061019
immodestia,1.2485506632146972
exundatio,1.1188767014683059
florentinus,1.7182800542280032
moesius,1.2997301721459875
uononis,1.73828681539325
uetustissimum,1.269177346584291
utensilium,1.155635280222277
artabanus,1.0255743542837275
artaxius,1.274918883314014
tigranes,1.1581883976931797
tigranus,1.0525894578158106
antium,1.2429853579736183
adcrescens,1.2089857390953442
dom,2.090822687695093
adcurrens,1.1212291245022132
interiacio,1.1940494301773692
praefuo,1.2396480706826007
adsultis,1.156981955189508
inpromptus,2.0620722840625634
capitium,1.0699387310602015
adultum,1.1767813239205132
exhaureo,1.769608335879721
truculentia,1.1966948053115247
clauda,1.6982220268414217
scicido,1.1180985278903244
rebellium,1.6183462560465343
curate,1.2395138053625625
innisus,1.3815282897151948
proo,1.1266075119720234
quinquiplico,2.0392530184858937
suscenso,1.0739408037521192
supplo,1.1667018659270487
ualesco,1.1864462442886612
intutum,1.203340735561155
angor,1.0502762659901048
ducentesimus,1.1716361688095291
philopator,1.0923739838764108
praepolleo,1.088168606691233
insuesco,1.0935233642203919
conlustro,1.1293839130868242
nescis,1.1347611827526367
ditas,1.5076998011267388
uitellium,1.1333115054731884
inreligiosus,1.7491265426770122
inconditae,1.1734951449248194
uetustae,1.2798877051650284
agrippen,1.235817397200387
propontis,1.5404790858576713
obuii,1.1074528298959962
theophilus,1.0891226758173347
corruptio,1.124884509231618
artaxo,1.091261157606536
pompeiopolis,1.109742950673067
oflicium,2.0310430713111263
contiguim,1.9938851963803672
bithynum,1.2150799203331524
elephantines,1.622973352991531
abiio,1.204428437612889
subiecta,1.092671296506154
insolesco,1.0960196777977507
quadi,1.063294251947235
rescriptum,1.2308840887040968
percarus,1.240244648173359
martina,1.5256992486002934
gratans,1.3457288198430242
ademptio,1.3461957280961963
pacuuius,1.0499940169198503
deterus,1.4828946062380826
augusta,1.4085649756352545
inieo,1.1538130530564923
festiuitas,1.100729672618329
sanctimonia,1.0893916231622314
atratus,1.1094505827036918
praepedio,1.091479749560766
imitamentum,1.2136581625363734
firmitudo,1.260826059271514
qualicus,1.128301502060198
interfectrix,1.401808884197221
ignominiosa,1.1261640581819998
lepida,1.2971996327960196
turbator,1.148814125061978
corbulo,1.5284700182034727
inreuerentia,1.1882319453855203
socors,1.0881510329259225
adhaeresco,1.1854029088594673
intenter,1.172742124757409
ancharius,1.2054814678561574
complementum,1.447043728672401
philippopolis,1.73600393945825
belgae,1.1879908887646413
turo,1.176976484064265
lugdunus,1.1683474604038238
gladiatura,1.1763647201144138
genticus,1.3044375028767698
trevir,1.1040492295511026
uitellia,1.2096112422822216
lepid,1.1790436664307251
sumptuarius,1.6037350476836665
adsumbo,1.6393573590827455
praemino,1.2199068906800954
disquisitio,1.1497383911120205
crebresceo,1.3407143997041948
leucophrynus,1.0764985559500306
amathus,1.2611167320381313
salaminium,1.3532600467395821
venero,1.825157255556693
pedarius,1.1258063886223957
insignitus,1.7257050000982312
maluginensis,1.092300729951149
restauro,1.2456788264500755
leptitanus,1.076188370374661
uulsinium,1.1190868656899602
criminator,1.0895874590663102
ueravio,1.5361626734764697
misen,1.2768608426061903
ravennam,1.1619487160379203
deteris,1.346775278542968
spectatissimus,1.2708030823679157
attus,1.2774850293200246
dolentus,1.67537172362045
agrippinus,1.1519952978707553
mithridatus,1.1944892867573234
flamonium,1.1599560692258843
praesco,1.1161192096032515
pomanus,1.471886901024447
receptor,1.1703608211464462
exempio,1.2701849258540894
donusa,1.4128410328823844
amovo,1.8259740788374865
temperanter,1.1376748549901967
adgnitus,1.145086776216464
set,1.540708121531167
occultor,1.4728291237345768
salvianus,1.1335367777174281
inclementia,1.1078930070577495
aquilia,1.4021390263495446
segestanus,1.100839164987138
saltuosus,1.1018918642716835
opuleo,1.0806198918067176
proper,1.1929047222193188
sobrina,1.1574644700168337
ulcerosus,1.1272541853904443
praeferox,1.5529923946284576
improvisus,1.3092935860111776
appellito,1.6695888656764037
caelus,1.2993820792447897
adpuleo,1.2707877775376666
infitio,1.180506283404267
latiar,1.3993975252911341
transrhenanus,1.125857535122451
rubellium,1.1282360968227554
testamen,1.213871894716256
messalinum,1.2204026702302324
defunctum,1.2782109026169273
oblido,1.207710850519974
corinthiensis,1.6512890853529385
permisco,1.179386553957277
circumvenio,1.4623197128217822
execuio,2.1884067848476336
incelebro,1.5750094089101558
octogesimum,1.0653663061558036
spuris,1.3210749570658136
erythr,1.8260267445204121
auctito,1.4235193387665135
diuendo,1.1354599782074624
attium,1.1700593091152702
denupso,1.3239008812898292
heliopolis,1.952910517411608
aequabilis,1.1520692619765043
arsacen,1.6768263424157843
ueterrimus,1.1149296441069712
arsacus,1.457894950883902
euphratum,1.2183806443151368
tiridates,1.0707925358353785
adulatorius,1.3900255167519242
oroden,1.1128093002252786
hyrcano,1.2719092782604793
papiniter,2.046886231033346
execro,1.4370767714781836
arsaciden,1.0971811237836142
sureno,1.7558701110316872
nominatio,1.0944287334301566
duraio,1.201521243670556
uigueo,1.8660803962530719
sosibius,1.2086526804699744
incubueo,1.259406561936415
cincia,1.674155314349373
uarda,1.4240897851712204
uardanus,1.596543433282625
adsimilatus,1.7592693647165807
detractor,1.795923732724345
aborigines,1.0313559651282365
alimonium,1.072788021043946
praestigiatrix,1.1725618059385923
mattiacus,1.1061504390062509
curiatus,1.0758066153335832
adseuerans,1.093541254497348
transpadanus,1.0946745230100532
rninus,1.389599877085315
inueterasco,1.1831453221122268
trogum,1.1876193567924482
concimo,1.5730413604133866
exarsero,1.1427543109863272
pharao,1.4044573219820733
dissertavo,2.163263914090504
praemineo,1.1970764796229911
emercor,1.230158640541524
arsaca,1.3286861200219657
bosporanus,1.6045327634352187
impedo,1.1599008956708952
cilo,1.3773998175586537
claude,1.402752158113559
bithynus,1.1108368061572023
uangionas,1.1145757418772277
nemeta,1.128862234288145
lugium,1.5617783023873666
hibernia,1.3481605242595056
silura,1.2276225193867396
certerus,1.3922011847125217
catervae,1.2061947443456529
expugnabilis,1.2805448607397725
ferentarius,1.1033537193892666
praeiaceo,1.3279087412264725
occidio,1.0410778321162761
praefecueo,1.3248207503567462
sumpse,1.0300358061303194
orfio,1.1676804250783652
adversatus,1.1847903046320276
obpugnatio,1.0520682089109539
divulgo,1.1262037460744985
zenobia,1.1601071818194453
uibia,1.1645358995134445
remanendus,1.222049964060816
repertoer,1.6916497986169123
soranus,1.093825367815804
iudaea,1.0489407691524728
galilaeus,1.1802462649875873
minusculus,1.163545413230153
fucines,1.1167792440027058
effossus,1.1481486930934788
statilis,1.0712748408752402
matius,1.609058565640151
pseudophilippis,1.6839706466727378
transmeo,1.8033422401119763
byzo,1.1613830199778568
chalcedonius,1.2007574472555993
ner,1.4126368961153954
delectabilis,1.3869617191258872
inliio,1.331373345069562
consecratio,1.1125990521709197
uividus,1.6464778712670494
consultur,1.7190499678982285
sustinuo,1.269188580067316
aristobulus,1.2114396789946416
arrium,1.730288812290678
corbita,1.6434851742442143
praecalidus,1.1858654182714083
inlusus,1.111574336578812
rubellis,1.1789782114251686
cretens,1.1827361240198158
quadringenties,1.2885680059373057
habsolbeo,1.1027287337357494
antoninus,1.1214634116995128
aegerrime,1.1577075160727577
galatia,1.0912021052378262
nudatus,1.190553019198476
discretum,1.3604230563642685
balear,1.6096621854089748
conscia,1.1789773829273735
abusque,1.1988185319224465
flagitatio,1.377019847970824
quadragesima,1.2129912824378086
mosella,1.1400199964692928
cavea,1.1081898249179056
pervicaciter,1.2568258353379336
chamavo,1.1227735046264204
aresceo,1.5350885411786752
pervulgao,1.287921969990891
anicetus,1.5965352291417743
iutus,1.3541433573573582
herculeius,1.3433166274307216
conuenticulum,1.1875318476623717
caupona,1.0780798101647795
multatus,1.2440794275573133
perditis,1.2137481597233526
convico,1.1822058223644643
mona,2.5547490737878538
intercurso,1.7127063678944323
subverdo,1.9428242420396415
aliudve,1.0914155614846703
locano,1.1647825716279643
gerundus,1.5243348009231843
absolvo,1.241569983772548
burra,1.449318059581867
plaus,1.1854050865001784
musonium,1.184551645878619
mareo,1.378725302402248
castior,1.1475232742041908
patrator,1.7579463611649429
praesumptum,1.2310417823864308
nisibin,1.0730958374753732
alaris,1.203891035952946
commagena,1.2120629961216218
fabre,1.290692684620068
paulinum,1.1961120051753618
praevalo,1.1791876930291414
corbulon,1.112113917922847
tragoidus,1.213540527804129
meditamentum,1.2546285941109268
imaginatio,1.1883274695672523
deterer,1.5484368760058318
minutum,1.783187133073343
rudus,1.0682948534792331
pervigilius,1.2518995019030836
chrestianus,1.098924964310125
christus,1.2336592802969861
represto,1.523301897079796
restrico,1.6233343789676937
aspr,1.309421933210117
quintianus,1.1554386181911644
meno,1.7093491749799006
pertaesus,1.1368314975449716
ferentinus,1.1145447916744171
inverto,1.2596198785383792
maximilla,1.2241684233261023
musonius,1.0980721512538425
nymphidius,1.197869124148108
obvius,1.1970880104870323
indutus,1.6766649657385915
excrementum,1.165486699228831
obteco,1.6465995512026292
fortunatuss,1.1670834801415062
inpexa,1.5567665955612913
orfitus,1.3012263339938268
lugdunensis,1.1447298753388362
antistiter,1.111947559327408
nescium,1.3318303433358376
melum,1.1125235033064607
coacior,1.3911298022568068
soranum,1.1915424797144938
proconsulatus,1.0426774433681858
properanter,1.2660698699776491
abnobus,1.1307013857231933
tungrus,1.1065643278778399
serratus,1.19888723659228
contacio,1.1211444574397607
elector,1.3975064614162571
largor,1.4108414669198641
intectus,1.1439064464710902
defeceo,1.5404800759826942
invitor,1.1588884153404817
uinolentus,1.0692428606317201
adsciscendus,1.3138148551180875
heluetii,1.7221443125420215
osus,1.3007293821502561
hercynius,1.1150316048937674
chamavos,1.1028181086751891
reverenter,1.7478547981314645
mallium,1.3173292880373249
cino,1.2288874262197267
quadus,1.0807936480532307
quas,1.2545192995480139
inso,1.4163921494202296
suio,1.9473670953867948
eduro,2.9622469776270868
sito,1.774625373441868
peucinus,1.218368345691754
pelles,1.2809441529435415
incompertum,2.2688101780730032
dissociabilis,1.0989928463214182
anteponendus,1.0385095966658187
transgresdo,1.261320007734573
decessor,1.3333262337956695
aquitania,1.1074662808682365
habitantis,1.149295754579296
terruo,1.2402158599810846
suetonius,1.120393354043348
lucrosus,1.072021101489577
intolerantia,1.0671482479263166
serviturus,1.0895369368528056
inglorium,1.3033329531962126
privas,1.1801208227834032
priscinum,1.3224862010585114
festinano,1.6782452125063019
curiatius,1.0682760791760861
pervinio,1.0877378249102434
abiecte,1.087319081688971
uirgilius,1.1655959306031585
accuratus,1.1467921539291464
niceto,1.3603931621034715
inpolitus,1.8677789402926286
odoror,1.3571412277484527
inquinao,1.1591831556971526
furnium,1.2424461292084386
attento,1.1714148843671226
expolitus,1.254476525058775
uerrinus,1.7917725835517886
collego,1.1227336824601772
inservio,1.1074887242504101
aurelia,1.9249204633838994
uniformis,1.1506124564659583
mucianum,1.2785679126338672
omissus,1.2992234960889826
prodideo,1.2698063435913827
tolerao,1.671892546636153
indefensis,1.1638158851296532
noricum,1.1809478545416459
licinianus,1.1853709152143934
reverens,2.014202242054241
corrupte,2.2323751976023134
instinctor,1.0959620423264407
turbamentum,1.1577572081137881
tesserarium,1.2770548390445984
veturis,1.1228888545764208
tiberianus,1.2876215778253497
prospectao,1.7394191449553968
serviliter,1.1399605065199847
casti,1.3347454175152749
instigator,1.393111208982757
pacus,1.568147746647341
exosculor,1.0848650056554254
argius,1.8946505636052668
suffixum,1.1969142169490916
burdo,1.367902938112015
coelium,1.0705182793571997
cottianus,1.320927050996875
mediomatricus,1.0754901407728403
spolior,1.1240810887734576
placamentum,1.633519859419983
duodevicensimus,1.311545043804118
helvetius,1.0822000921377308
subsignanus,1.4946855467808637
prodiga,1.1962760122687839
apronianus,1.1872037822465467
emeritensis,1.3465791935204505
cons,1.4142358790656335
manipulatim,1.0904296901911856
uitelliana,1.291245396577401
obstruco,1.8215350727573214
poenina,1.1209217617106153
cottia,1.2419657465563785
mulvis,1.1187479999394523
ancilium,1.815451951577606
quantaecus,1.7403460377892028
audentior,1.2300018944292637
postus,1.425627951839089
obfundo,1.198595767083199
hierosolymus,1.0782817178297053
circumtego,1.2066151317672638
conluvia,1.1141747071452366
subfodio,1.2622578769347144
cast,1.197323032267715
epiphano,1.1191299382048379
rixus,1.1233046115556609
sustentaculum,1.692811490911131
contremuo,1.1679536361025784
obpono,1.5023809705039408
reputatio,1.787389377608285
congresdo,1.2381070526324878
decoer,1.4693409840490494
obstructa,1.1999672421814847
suetonus,1.0955680640241812
desertoer,1.183420726786045
reteo,1.1903457300719165
extrucior,1.2175229021912155
dirempo,1.2069146825104222
bononiae,1.1939207819528925
diploma,1.1165713574549663
revalesceo,1.7339236128479636
caesariensis,1.0912079959924297
tingitanus,1.1992370500220588
galeria,1.1249715525399944
aedui,1.5809043312187978
ferocio,1.2458991753273998
fraudator,1.1746493530934952
desiderabilis,1.159877079638982
militariter,1.7045872588695918
floro,1.263842501804928
moesium,1.61399059882061
alliensis,1.221966385686724
cremati,1.8739665643632823
spartiaticus,1.2158855793710421
suomo,1.118422610444894
flavius,1.2100702339465446
quaeno,1.2431495760067588
impulo,1.1307362880866263
concitator,1.0973342648923092
igio,1.1665714179428015
adsco,1.1841382151073678
opitergius,1.735258969871195
saaturninus,1.2049079923792365
hostilius,1.0930216770829329
postumia,1.1557674339558406
inedio,1.4791070987763162
aperto,1.5738703917486239
ignoratus,1.4051248498955362
sarmao,1.641144589951457
convecto,1.7831412684170709
hormen,1.9545358698207562
superiaco,1.682810249914717
obpugnans,1.11417085955744
criminose,1.1374737695227262
repentinum,1.2665832354613373
ravennas,1.1907785513286944
brigantia,1.2902486924835619
egentissimus,1.161176440623723
dalmata,1.058040970007444
narraio,1.6600534847563893
exploratio,1.1869853965956731
ostentum,1.0519984798043285
narnia,1.2407434277386635
interamna,1.110547610681984
nequivo,1.11889938585039
torpedo,1.1962453054910354
sacricola,1.1646662968920187
ocriculus,1.1953838556357985
salare,1.1991242510305031
tripertito,1.0423971906524079
conflictor,1.542651933213971
sellula,1.3219926728335225
interficiscor,1.1363605637771361
conclamatio,1.1782317102546624
supplicis,1.1994119475534084
procliuior,1.0509297542339358
adiuuao,1.21672283763062
mogontiacus,1.1892119865524446
arvernus,1.0509169174335833
suppletus,1.6195155628644273
bonnus,1.6896088430150322
belgus,1.3841447709173782
uocula,1.1494100040749853
traditor,1.2075464745020024
usurpao,1.1588587974603104
bonna,1.3695882186072046
incurioser,1.1398459593806443
nervius,1.205916526809608
illicus,1.1599976934478846
protractus,1.4018580793429591
reposo,1.7094381739926243
tettius,1.334622250365133
ambitiosior,1.3323968475882157
eloquentius,1.6496133433585114
oeensis,1.386110667494946
iunctissimus,2.042463507732823
patrimus,1.1052723255283854
matrimus,1.312564255322811
lingonae,1.1271435404898447
mogontiacum,1.148650761809172
vangio,1.317243649172527
imbuio,1.7491659326874316
abscesssum,1.0917451735456833
reciperatus,1.5562740216619573
dediticium,1.272810338452276
serapidus,1.0334932002357593
eumolpidar,1.1128927130047372
osirin,1.0879093630199876
hierosolyma,1.1745611956916835
hierosolymo,1.0977297302107272
iudas,1.1882991894426391
convena,1.0822023259471196
hebraeus,1.2283999302961388
conquisio,1.4063861195660101
agnatus,1.1494381171847248
iorda,1.1471515186656045
superiigo,2.990326168965067
belius,1.695226851514105
herodum,1.331709827680856
iohannes,1.192167170993952
eleazarus,1.0950632128637887
eleaza,1.104942719168629
quartusdecimus,1.2054527118277265
spartio,1.1036981338617227
secundior,1.246162271457844
dicundus,1.0914364359819002
actorius,1.4977508137894857
statueo,1.214070942309397
inmoderatior,1.8326888182078462
syngrapha,1.1651079893350622
arbitrarius,1.244271895235984
gergouia,1.805927849283553
comus,1.1464583182998003
obstinatior,1.154267594407822
ponticulus,1.3284652864224393
pharnaces,1.1336543499481122
quinquio,1.784983773954191
pyrricha,1.2348564038812428
labere,1.1613525509313025
desultorius,1.1914746988701341
recensus,1.3323901812756362
uegeo,1.1409545239893193
caluitium,1.1704605975585918
fimbriatus,1.0630131132830956
fluxior,1.1226050686468478
nysa,1.812726196187241
facetissimus,1.179433232579805
oppi,1.2809330037984668
emendico,1.2165640271209723
calamistrum,1.1326278910601117
memorialis,1.1964382725813139
equitor,1.1848547330442316
spurcissimus,1.0710914125839268
adquisitur,1.7800733240290147
cynegio,1.1017081476956787
hiempsalis,1.049039544348659
inuaseo,1.4455508160962858
criminosissimus,1.3817501624937696
suggestum,1.2623154300330597
constitueo,1.3383615576646357
semibarbarus,1.30715361517946
trebatium,1.1512649478269665
affector,1.1256279788719858
allecio,1.1886305553965413
commenticius,1.0629035411458176
ubertim,1.0564443978753757
irruens,1.320239234310449
superuiuo,1.1648228446472508
patriciatus,1.3651691308613758
diuisor,1.131550474648861
atio,1.923088015247873
octob,1.011670634625355
permodicus,1.1255002867214814
distinctior,1.1265289897695805
demortuus,1.1171531439628761
conuitium,1.2356556565079113
dediticius,1.0572796583071418
compectum,1.2157364135940436
confisco,1.5186054607541897
processura,1.209715904649916
consaucio,1.2963257207275773
cantabria,1.0787397200520967
lollianus,1.5852712742470767
rationarium,1.6496266436690088
latericius,1.1188565549265
festinato,1.7932123665395605
publicao,1.573159508181365
demortui,1.2417800577294096
exusdo,1.096277787216247
ducenarius,1.1063486263602746
damnatorius,2.0704292287482007
triennis,1.5883258558549176
pugillaris,1.2520149741361528
tribulis,1.1339433672297627
ignauior,1.113089853066335
disfero,1.171636659736708
studiosissimus,1.0651433055459179
xysticus,1.1870118505797937
plurifarius,1.0653185462732302
latinitas,1.1067762438224975
provinciatim,1.1590931402977926
corripueo,1.0327393932283282
submoneo,1.4826270112128355
sponsalius,1.1518832227763043
scutarius,1.0900908141750136
assuefacio,1.253488271663879
plerus,1.809885990625004
tractabilior,1.5306620217324385
pupillaris,1.2536756988888633
thallum,1.50803548660147
suburo,1.7845138695584701
tympanizo,1.1808323194649084
saluia,1.3832505251535308
postera,1.1899175274432146
pavimentum,1.1017870826009852
altiusculus,1.818641589674125
licitatio,1.2529748901896698
duracinus,1.098510583659962
largissimus,1.1678068942667037
calciatus,1.26351431547732
coxendix,1.0584632374085379
subucula,1.1807498794773716
feminal,1.1332959648374072
tibialis,1.4221655597421368
peristylum,1.9181094317818306
lavor,1.1529716763100324
hispanicus,1.4648617994858162
deambulo,1.0630965702793025
fetor,1.2477468036986437
conlaudans,1.2063911084432197
asparago,1.5914722394259808
ixon,2.0609644272930976
compluuium,1.1912048366681598
evinio,1.1366003709129708
expergefacio,1.083993873836807
purifico,1.6633911525426148
pictus,1.5627189263997459
puerperis,1.059796596465074
nigidium,1.192372722229274
coaxo,1.3715582522565386
delibao,1.8111446411989134
matrix,1.10747936663848
praecognosco,1.6311536318489803
cuiusnus,1.8098567041722287
adgrauatus,1.159250115719684
hema,1.207103030316984
chara,1.271644837815261
bifaria,1.0640792354305093
const,1.0823232446390627
conmigro,1.1980599633538478
anienes,1.0448013937646767
pyrro,1.1424268669300586
notatissimus,1.551441262701759
gallius,1.2217462349880692
thyatirenus,1.1669065203548736
enauigo,1.1218979189686777
conuiciator,1.4326816112127732
pacandus,1.1240313837688662
adstriho,1.2959756445922352
ducatus,1.157019376600993
circumcludo,1.076155166530254
cubicularius,1.0994569432856072
diritas,1.1524906033760527
toutou,1.6807277496530295
ek,1.4727503867269651
pyrus,1.2601848167148366
apposio,1.158839266497412
germanicianus,1.0897055747884203
obfirmo,1.151195747416756
discriptio,1.1272057897736198
trebianus,1.4246233080215527
deglubo,1.3665713437661788
consiliarium,1.1510616360631056
exaduerto,1.2654508679205207
pistoria,1.7076578670032878
pridianus,1.2165788476810973
iul,1.0070222345149742
grauissime,1.082584652583977
asellium,1.14421741501446
teneritudo,1.1136655027882434
ligurio,1.3137565223996244
exposceo,2.2073505260266852
praediuio,1.1784628622504438
pandataria,1.2129398052120532
sermocinor,1.0760825532043718
impatio,1.2956639796613416
uiridiarius,1.2922045263007258
rhodiensis,1.2091946911724663
carnificinus,1.072206904062076
obstinate,1.6385832204870565
morositas,1.137152350154639
sireneo,1.1872349507505873
nostras,1.7079436631188887
nigrs,1.4923385320637397
sicunde,1.2024839499451445
funco,1.3787818421609737
puellus,1.0786895745998075
professus,1.1815062323880232
libertina,1.2223475210860792
praesido,1.533576875527026
decursio,1.139758070323465
phaleratus,1.2063480832780031
aulicus,1.1073536390655763
capitolen,1.1416616696503594
quantiscum,2.326929286227064
infulatus,1.3869690573559752
graphus,2.343864872627945
battuo,1.2534237482229322
amicula,1.1190412587207823
nepotor,1.35249737597766
extructio,1.2828887312327273
fossura,1.3376904521928727
lueo,1.3830434477954603
edulis,1.192363909015639
subnotao,1.9743492068871737
patentissimus,1.1454939523176957
frequente,1.778665868289882
expallidus,1.2428206309272491
potiono,1.3392676406945327
calcio,1.1952233287036271
plurifaria,1.1898523785039272
scabellum,2.1897212334248413
praesaepe,1.291043289908707
ctor,1.4619281413666398
occubuo,1.4270607970087652
septemtrionalis,1.0741965270931324
honorarius,1.1655743094250444
augs,1.1204595741827585
nuncupao,1.1617634146388753
ocurro,1.2787846511536087
adcido,1.8189197965030397
succollo,1.2337248694391452
adorio,1.6111186014629617
qvo,1.4179331369927881
emissarium,1.2170978831677972
obeliscus,1.6123207124757055
uaticanum,1.2116183291798308
obrogo,1.1821852466139007
chrestus,1.3116056412153925
eleusine,1.1129906097892026
ualeria,1.0855848073660157
consobro,1.1659441663304233
permansur,1.8593341038622606
paetinus,1.3848575939480101
consocer,1.3791744624601716
obdormisco,1.2168331471032752
adapto,1.9201196119432946
inconsiderantia,1.2169667807236453
offula,1.1070222060107688
infacundus,1.3438145836887665
ineleganter,1.074498270782631
praegustator,1.1624801659615334
gnaeum,1.245906669669815
uicissis,1.0858557348198001
soa,1.639568032108812
lustricus,1.3021957048353008
tralaticius,1.102350518509388
assoleo,1.1581544183709076
sy,1.1240051774454185
graciae,1.1962161355122816
supersideo,1.1717729897685427
Martius,1.268743041740708
honestis,1.337769383392497
christianus,1.37383100581281
testator,1.2530031508026676
uacua,1.2669050776587636
cottio,1.0824231695577258
alexandrinam,1.2414989643455294
rastellus,1.180156020286858
nomon,1.4097780550371881
agona,1.128367370217565
matricida,1.1130610529712581
helium,1.3113963936711732
hypocrita,1.713199389558676
pythia,1.0921556735021916
citharoedico,1.0609512000350083
ludibundus,1.133081501664515
excultus,1.1238541383786458
heiulor,1.487847158019714
fistulatus,1.9507365426840357
delior,1.917838861085645
antidos,1.475437496278915
interfecta,1.2988774845347544
eleuso,1.1196520734485507
initiatio,1.3069529124412806
abneptis,1.4329183842334374
aurigatio,1.3716414552342282
conspurco,1.389433238290157
prouulgo,1.2705010966895152
orfitum,1.2731207652983483
gaias,1.3604378385137208
pyrio,1.4731627827868452
libitinus,1.795507425783634
isidorus,1.17970151974004
cantito,1.1014805948693345
atellana,1.1782998960423763
septuagensimum,1.106061471094899
gesticulo,1.3418936573565812
probatissimus,1.0522122482401213
amanuensis,1.1176035988277737
superinduo,1.2390404454314101
fruticetum,1.5340619172591952
ou,1.1079758307598448
toioutois,1.1708655933114196
trepidanter,1.2242193394539864
superscribo,1.4348398087874148
extispicium,1.200854050548741
reviso,1.8318537767781102
lauretum,1.8506569819401941
inlita,1.4609262764632194
succendeo,1.141497771124513
praepinguis,1.0890460398882886
teknon,1.2524849303598378
arches,1.0707982082917915
hemon,1.0464953057084252
pepereo,1.0705271594035701
obstinatiter,1.213185742658683
uiduata,2.0531817022831853
legatarius,1.1616580372587135
salvo,1.6633088623766203
extabesco,1.1001365103833267
adaquo,1.4756569434231774
gesta,1.3602606944934514
dealbo,1.656326826383603
secundissimus,1.8469579913563876
balnearis,1.6435875732781593
tributus,1.3034421087878851
assimilis,1.2596501420645128
atro,1.2219871234500659
gratulabundus,1.0922434849364526
uexillatio,1.3619118180554046
articulo,1.2783818334199317
praedur,1.1951816924201721
absimilis,1.6004424746259633
iuraro,1.2193064962900912
betriacus,1.6397558410846156
consolatorius,1.9251671891566873
genueo,1.1627193602235897
perinfamis,1.7327889393778524
oct.,1.104801051776552
delicatissimus,1.4152093271528416
famosissimus,1.1542370211065038
firmiter,1.097609868666
syriaticus,1.2392136911074545
gestatorius,1.2081974605783574
antecessor,1.1145726319705567
tracior,1.1166342280956782
rubidus,1.2093782591232383
uinulentia,1.25374380851931
beccus,1.4508443620414122
coactio,1.5353043152321604
iactao,1.2744789949544135
transpadanum,1.0926737160809514
perseveravo,1.2079038821258805
proximans,2.171537613797325
arefacio,1.1934967111148418
praevalidus,1.9208914781846465
cachinno,1.0709423635266635
uiridior,1.2297167334095376
carmelis,1.1566020534954482
grasso,1.2529209926871938
commagenen,1.0392757808560642
hipparchuss,1.1694474580023415
mettis,1.0996392610928296
quoquomodo,1.177722883134077
refector,2.083495209773736
mechanicus,1.7397443561696253
stas,1.5076134984171474
docilitas,1.2353783292822202
inscensus,1.6452848099714137
apid,1.8488736859853498
cessatio,1.109730618791373
praemio,2.2162233066228385
semo,1.3493931870556437
conflagratio,1.1349257626590081
uesevi,1.8299158873418069
veseuus,2.507581124107376
mandator,1.2187697274776768
perdeo,1.8400280853743614
chi,1.8657981592036814
th,1.444288226529521
mansio,1.0713823828611677
quadragesimus,1.0931486582892043
praeacutus,1.0651086159365675
graecanicus,1.251953311555581
sportellum,1.6098218884597877
odeus,1.7875373482032535
novello,1.5109165625825434
assertio,1.3834146574759048
dixe,1.1907670571795756
fiscalis,1.1094538841925456
hermoge,1.426330797024442
tarsensis,1.575911566733881
circumseco,1.195431127750803
soi,1.0635608410523494
trago,1.7420439601630815
destitutio,1.1517049125207734
uespillo,1.0676541794460666
kalus,1.227940142110449
dispanse,1.585638648218162
contumeliosissimus,2.1967501819035524
capitolinum,2.0083805744203342
panton,1.0779128119374433
pridiana,1.1145550835367446
teter,1.1555512270677486
uerneo,1.2246899334075667
donax,1.1436066381908168
dulciloquus,1.5564052575893146
naucras,1.3304364444648862
sarcinatus,1.2585465590968408
har,2.7082585163076565
boccus,1.3013321088336174
conlibitus,1.264032371831239
samis,1.5505038448802657
patritus,1.2681666674729453
memordo,1.0469645906244551
neuis,1.6394919272406037
aquilost,1.00634299233019
perniger,1.0
depinxio,0.9999998807907247
banus,1.3474911382535255
sillus,1.3765204747502775
lepidissimus,1.156446272640434
periero,1.7611436274598824
apluda,1.2510039145471754
apella,1.2346659291784665
congeminatio,1.173253055894295
cauponius,1.221618398907555
baiolus,1.5719100470901721
utrumuis,1.5429995333445292
simplus,1.156820009825638
conrado,1.2582942513635595
parso,1.023221592167677
potesse,1.1223290841646336
macedonium,1.2398598770191898
dionysia,1.1017117649967492
glandius,1.3205603410853959
quaepia,1.0876320512358406
obsono,1.177094899554973
summo,1.3520990912998858
poeniceus,1.317107766871237
sospitalis,1.352214388787944
phoenicius,1.4324304848565779
uenditus,1.7499499074552622
agnina,1.0776215374057743
uendiio,1.199354500091432
publicio,1.0706771861457165
diecula,1.1546620160523278
aliquantisper,1.0719573323410225
libella,1.2483300257267111
ahenum,1.1200389661993857
copus,1.9036590927116677
oggero,2.152863671538083
aluo,1.472565019530962
essito,1.5472638903580702
aquilinus,1.4027925052697061
coquino,1.3733976858092607
protollo,1.1297748991047305
praerodo,1.7494409827525297
adsio,1.3170142994338725
cruciabiliter,1.42015227438983
harpago,1.1532035647189276
putus,1.2421044059083044
excuro,1.418051186449904
conduplico,1.174354916327327
conspondo,1.3181579119805238
queus,2.0421198067551702
eso,1.4313902214535306
senatuus,1.323647694758795
cem,1.652265801699536
trinum,1.1913088756374612
ingurgito,1.1029483190197988
compromitto,1.3639533961083643
remano,1.61135256597173
albaus,1.7821146695349523
bipatentis,1.056909999574142
tetulo,1.4602501898509697
heries,1.275523619767328
spinetum,1.341908683557899
balantum,1.1124216318763938
gracilentus,1.2028307777899658
haece,1.132751087280531
regundus,2.596103249211098
insece,1.6506389071941034
uersatus,1.2772601740224598
peniculamentum,1.2515424762169336
uiua,1.176066949642523
lama,1.3458952888174525
ueliuolum,1.1540445656185956
praepete,1.7397255941479939
stlatta,1.1459001658347607
saxifragus,2.080326578672519
inalbo,1.1631337721806831
brus,1.2517989948728907
massilus,1.110470870123509
tanus,1.1636348301931365
tremisceo,1.8695280764356024
prosumius,2.524588121391745
putridus,1.0991656485576922
taenia,1.0709254101150434
duriter,1.0630760921275975
quantisper,1.2833970778058927
blandities,1.2237876692634042
licito,1.3979660801150822
tuguriolum,1.1135874437646245
obsurdesco,1.0921509100467737
singulatim,1.0654126495119467
prolubis,1.1130335835000618
largitas,1.1249933531900564
opipare,1.1311830456743408
morosane,1.032403654847724
properatim,1.3689610578553828
flocx,1.1711047360549447
expasdo,1.1044419891364912
praestrigia,1.1677584491042197
demeo,1.1158056622367993
grauido,1.4957688038550523
vtrus,1.124898386984737
hierocles,1.0672685414608483
quisquilia,1.177379888025084
leontis,1.4114424045614484
opino,1.1455047454843714
ridibundus,1.2367295621221377
navita,1.1978238825315233
bruttianus,1.0750441927375571
uerauo,1.0403973067221934
eanis,0.9999997615814777
carnificina,1.0683724745402736
succidia,1.1578179308679037
iniudicatus,1.1500925882193016
nauitas,1.1482306511561822
posquam,1.2099180414940944
patrocinor,1.0850093948432677
scrattus,1.1078269472051352
biber,1.3557924734081583
teresia,1.4636654974592727
dapalis,1.2074272407969133
hinnulus,1.2956169526944115
progenius,1.0994513233810579
grandinat,1.2568738547758156
caprigenus,1.2718487258630826
gradilis,1.3280234188852678
gressio,1.3406722949086274
amolo,1.2074867678009882
conglomero,1.117985202962979
inaudio,1.1923106087983104
obstupidus,1.26673710631953
pauus,1.1608889594979035
adiugo,1.526007880346223
poteso,1.430869191736903
creper,1.8853840174491017
nonen,1.1565330072628262
incerto,1.2569878921040718
tenebrico,1.3849541939954337
itio,1.469807870015885
mia,1.5028762281759016
inlaqueo,1.1098229677542266
sospito,1.3336038078401573
red,2.1435778776207446
lenitudo,1.1731651079442051
mollitudo,1.140175257298978
sparteus,1.065532958090868
succussus,1.1376685290095299
paenitudo,1.299717686701186
uastitudo,1.2974196243540246
properiter,1.3669498004190992
proteruitas,1.094884409835077
repedo,1.0984045023987885
calidonia,1.0574715164886725
nigror,1.1666042705635953
salacia,1.18102974020848
scribundus,1.1522900241691387
clinia,1.0610787573148635
symbola,1.208968489399017
dictust,1.1357521466942064
incommodo,1.2197573574188385
pamphil,1.156225747879321
coest,1.485875332440066
uibo,1.2134796125102878
amulis,1.050797912185316
decro,1.2860114993718348
pamphilis,1.0983689068381473
sollicitatio,1.1573450211005625
pamphilo,1.0750822882008786
philumena,1.0768880601565534
obsequella,1.1668049956442716
obolus,1.3639302211974156
percupio,1.3843087728747954
conteo,1.6077448279140083
ueterator,1.0981250494172818
lucinum,1.2426333978701374
pamphilum,1.1137179178754968
deuinctus,1.1744942641146463
aduesperascit,1.121134717801388
alterco,1.3172015578218288
interturbo,1.3408348361620346
capiundus,1.3874744353869652
adeon,1.3266301300495134
mansueto,1.557273791420448
uoluio,1.173318943454476
sobrinus,1.3281862720649693
ellus,1.3261154754505806
chrema,1.7773747357331944
crito,1.198074079829254
conglutino,1.0580138805698887
adtempero,1.3755840540564694
uoluissum,1.1573477355748676
adulescentus,1.2909559684034189
bacchidus,1.0971845679122147
insidiabo,1.2309296043819562
parmenus,1.3651510243464393
bacchidis,1.0424930530355376
oculo,1.2950948826000064
semidoctum,1.2723898521371126
syngraphus,1.1481444501374547
portor,1.6953849682921518
myrrinus,1.1015992780503998
decreuis,1.2233791401265526
obsio,1.6267496763413893
opimitas,1.2362970429027942
seruatrix,1.158101574492577
hauton,1.3117474671957894
statarius,1.1085839250065879
adsido,1.2666143126405076
conrasis,1.2671015152230352
meretricia,1.2945700365178714
gestibo,1.2678473457994945
cruciamentum,1.127616565029913
pessulum,1.1111708219849374
clitipho,1.023816407921968
perspicax,1.1291127167332458
antiphila,1.2050802200878978
insperatum,1.1899985516208158
permagnus,1.1303140989052862
inpune,1.3430856356771212
inmodestus,1.334354758662815
subuectao,1.8602273934333056
demulceo,1.249625887964441
oce,1.270998130913622
delectamentum,1.0918573623247223
helluo,1.214579134599799
pertendio,1.2105225866305827
inclementior,1.213501292036389
menandris,1.20234658453616
studo,1.2066803935552861
expressi,1.3324692289901925
phaedria,1.0586754995972831
aliorsus,1.1482465254987932
exclusio,1.2165100409911547
macilentus,1.1424392360484545
rufulus,1.873457226106302
dubiumnis,1.1927948921137772
decrepio,1.1989536357441803
abligurrio,1.3147936003596141
cetarius,1.3554176502077009
parano,1.2125582032369402
cursis,1.5027798426763737
infortunatus,1.0800345719913567
contera,1.165113734109149
thrasos,1.1227038552539716
pamphila,1.1478422594816693
nequando,1.2006453931578192
ratiost,1.1150862979412144
scelerosus,1.1321911466586045
ueternosus,1.198464082721745
acrimonia,1.091462423716691
sequior,1.126104947307263
hueus,1.1147339257331124
mundior,1.0797139377323854
praestolo,1.3305810004647496
mortualis,1.1482084906792842
iamdiu,1.1123479508483392
sandalium,1.2563438670061404
congreo,1.2735881397881819
perfector,1.2525270080824542
gubernatrix,1.3562732996580056
praefiscinus,1.36939270007266
benedico,1.6225327703493377
puellula,1.058801240631241
citharistria,1.0707195510349539
tenuiter,1.068904015732189
depeciscor,1.1816194027338391
dicaculus,1.2015104016646903
loqueo,1.1083954806164098
opilio,1.0314999692896465
dorium,1.4982822264060425
hemientia,1.1295745429479893
plusculus,1.225050406630156
transito,1.643205895837347
suasus,1.3032116681500474
propitiabilis,1.1722195986137565
hpoto,1.0979920231189888
denarro,1.1505744225599386
adgredo,1.12107965456731
oggannio,1.0917329542478225
duplius,1.1262038216731534
uendidio,1.0988324768702573
aedificator,1.3420856960721
caeduus,2.3881461110387527
centonis,1.1665881279335122
olearius,1.0880678299120958
morbosus,1.0563644429926293
consitum,1.0887696321742633
viridus,1.5073138865961477
putesco,1.094467215561079
orbiculus,1.0503752928766978
conminuo,1.4988196400109741
autumnitas,1.1771549421733676
querneus,1.271676356659657
diabolus,1.9084106625740882
raphanus,1.089330863254214
sergianus,1.4056052742235485
umectus,1.0522211571436348
mustea,1.2125770453888407
orcis,1.492693175471889
coniugulus,1.9254230378944357
delphica,1.2856428334476784
torcularis,1.211014350230629
factor,1.1737344598669766
luminare,1.2481602576368391
uic,1.7010601451920346
partiarium,1.2222312233257315
calcarius,1.2252556429354373
ridicus,1.0732998648748413
hornotinus,1.1392080456915885
quadrina,1.8880081348617108
sucula,1.2834507819371221
quadri,1.266757956831873
coagmentum,1.2295205422630977
corylus,1.0543123156257606
prelum,1.0859099927675973
semipedis,1.154713195427513
qualum,1.0450489597608073
lixiuus,1.427886571247363
tribulo,1.2520755214886738
percocio,1.3624257606488237
defruto,1.3714880646024117
uicia,1.0534458827950586
iligneus,1.5949850975341222
carpinus,1.3055817199434476
diuarico,1.4078346327056492
lentim,1.153867252160043
restibilis,1.083880564192076
rorulentus,1.1742907205979993
sario,1.0703418702051908
ficulnum,1.124371122269714
quernea,1.0907642383469591
fimum,1.0957989775243595
mateola,1.8420711917257735
taleus,1.260634972540948
stercorosus,1.2680919977297538
porrinus,1.2554337386532948
ficarius,1.1882629995800018
depurgo,1.2597581568797325
radicitu,1.2906009428950476
resarcio,1.3279879938829593
conquasso,1.0892389935657363
passerculus,1.3583771775492786
agnellus,1.2361341747906733
congius,1.1040883912164472
granatus,1.3054309648564488
cite,1.1241291411233267
sublimiter,1.5260603490564553
subtero,1.6174513201817284
similago,1.1033578554424495
testus,1.8074629147364023
conmisceo,1.335024113995284
fus,1.1818080126636457
nubilo,1.9091642344870028
insipio,1.2709546104521623
coaequo,1.126959407682544
quartaris,1.108761881763504
amando,1.3365772352367158
ricinus,1.1310643841532484
utio,1.6488669234988471
murtea,1.320998191554161
conmixo,1.0967745815679393
refrixeo,1.0834048942639625
concinnatio,2.3994899880112857
caliculum,1.1965003901752016
resticula,1.1047097548625502
quadrantal,1.1455673967945965
acinum,1.1129202493487707
praeterii,1.1834805816664804
refrixo,1.0433113206620244
minutim,1.0976103713260261
uigilantior,1.1855783183222315
stranguria,1.1726270421634268
fracesco,1.2083160632378263
inferius,1.06507785024006
praecidaneus,1.0711347676662817
fertus,1.3697371586855625
centones,1.3999938917426542
uenafrus,1.1486828487570395
uinaria,1.161531609633478
casinus,1.2076433040326864
xlvs,1.292285148517292
uenafro,1.6394382575293045
auerrunco,1.337234007279331
laris,1.5332661557490297
quadrupedo,1.8081281410392922
deportatio,1.170583994373008
inpraesentia,1.1154690029004348
usio,1.3816482059475084
locao,1.6723060042358826
interkalo,1.8824855805503156
quotiescus,1.1755896441254208
incilis,1.3349789666137015
plueo,1.1959030316681767
intinguo,1.2385129531712744
defundio,1.4544266726818373
esco,1.1785910156370467
iusculum,1.1186883969162285
putor,1.0866534225806486
fistulosus,1.117661150446699
articularis,1.3099459038424481
polypi,1.2489557243191112
pugillum,1.2323849886760432
fossula,1.2539225963703755
storax,1.5435987662777557
uspiam,1.0927235332376597
orsum,1.4839918113931458
debaccho,1.1113761868873873
memordeo,1.1235770880018687
oppressio,1.3978857094626487
defraudo,1.3257817088258295
ctesipho,1.0546233420713549
putao,1.1516194538743119
tristities,1.4441151751594385
inpulsor,1.179313517203683
raptio,1.295430879456292
disrumpo,1.0637187679686873
demeus,1.1895417533209889
pernimius,1.1915710836829094
subex,1.182950446458097
poclum,1.7095196919826934
inspico,1.0973221354763663
micio,1.2137134762999036
gannio,1.1973298681605276
silicernis,1.1377032456234217
dormieo,1.0732634747623524
confecturus,1.2698088423786906
conpreco,1.1439925583140942
materfamilias,1.0635598297159747
pollinus,1.25380068151414
quaerundum,1.7329437591225758
fructium,1.2866468376672457
numquidnam,1.2132329417754033
adfabilis,1.911849347709605
adtentum,1.4750514485377906
festiuiter,1.2314922356504228
cronia,1.3844024404513273
odibilis,1.167677661918622
flacceo,1.293690784355002
inmisericors,1.1012928224884815
pelopidus,1.254406553784241
uano,1.8833202856027367
inenodabilis,1.8383580628774574
tetulio,1.1281776786024091
expergo,1.1076839542454575
inclusco,1.2535680689083706
diuidia,1.12079520989638
domuitio,1.405555933485898
eniteo,1.2061605779718818
stupiditas,1.175341749840448
sanguus,1.4406327745790366
camus,1.4939093502455074
terriculum,1.3247527540360535
eurysax,1.2857941767156762
quibusnam,1.201573907625316
scrupea,1.32940541628467
mansu,1.4212752258914942
acritudo,1.2520039491682642
iuaue,1.2982856690051037
scatebra,1.1083749042893563
pertexta,1.057126634856451
agro,1.343309636291008
caprige,1.094367767282367
uiperinus,1.09625092499269
aspernabilis,1.336163262601561
ingredor,1.1481112933019446
sanctitudo,1.0871404737569794
thebani,1.0804447998153537
mundula,1.2169812579900317
corporo,1.413685090933236
maestitudo,1.2517357659137274
adytus,1.4844121040184608
adfo,1.7478657237182544
catames,1.226829674402558
exalbesco,1.3147542412170343
foeteo,1.317824101456932
quax,1.207998681493291
patrocinans,1.3247154113339603
ostrinus,1.7118436074427965
conplusculus,1.368725071486553
strofius,1.9844287569441397
extro,1.6296747152088549
faenero,1.0665657647541076
firme,1.1677268318622382
blatero,1.1240148917158885
calautica,1.2467459584014153
spurcitia,1.0619382360823446
perspicacus,1.8500317027637092
pausia,1.2400874295839792
protenus,1.2190795076368603
intrico,1.3506719258762208
paululus,1.2581897899029337
supparo,1.6035881986527434
confoueo,1.1586952059628974
petulcum,1.588154002286829
receptio,1.7236591856896522
uelitor,1.3624341692173914
terricula,1.2196798557892718
dominatus,1.0770223133399344
mulierosus,1.2641926726295525
miseritust,1.046366270630105
siro,1.8266949680792512
genitabilis,1.0881077008457711
carneaden,1.3272124814748774
cephalaea,1.0652757283761558
cantum,2.1146851186544033
inpuraio,1.8183449426503102
torax,1.521127598268637
capitatus,1.3011475186962418
bulga,1.2383665935702461
exlex,1.1711743886020656
composta,1.4079680212341368
uermiculatus,1.1954225247993362
capero,1.2402983774826164
symmacus,1.54028674285282
rinoceros,1.1330602281597466
salernum,1.1396725947627226
incrusto,1.1089467124816537
strictura,1.2590646119144837
atechnon,1.0197218238082926
lacrimosa,1.1364009736196754
ancarius,1.4967140871303515
muginor,1.3425761862364545
gracilus,1.3715918910588927
gizerium,1.1710468620717622
quaesticulus,1.2008575746281824
praesul,1.1364726408081431
barbula,1.1718392841402323
cenus,1.7125117907833
prostibulum,1.1224031172928604
tricosus,1.0588820994741823
bouinator,1.2942092268979453
babylonis,1.1420008015752696
inunco,1.3448548321766705
succussor,1.1007862216958975
trulleus,1.4979463212306627
cantherius,1.1002619753189569
ceape,1.720833115800208
amphitryonus,1.1612932252906847
eminulus,1.3304668302719853
frouniscor,2.37470482885346
pacilus,1.3165813584932609
zopyrion,1.2063544154181858
sumtus,1.649613505556128
percrepo,1.3700748537786287
fulgurita,1.413686043895579
idiota,1.0967873441901483
tricorius,1.4807897431850965
uersipellis,1.211200394810004
cernuo,1.280683470220504
cars,1.7746625413195822
sabucus,1.2220424869355238
sarcinator,1.1207942365316363
armillus,1.163142803700323
argutor,1.3275203928466586
hymnio,1.2291160112479114
inretitus,1.1101535826127717
discerniculus,1.4047589542706065
centonus,1.0896676390868758
deblatero,1.2538566225900547
longincus,2.1484549558917387
carta,1.1299588116221877
rupex,1.2691219501789244
canalicula,1.9119171061216
cecilius,1.1630548329931747
centutto,1.1783126403780215
crustula,1.1823244592839746
uitiligo,1.435676210021057
querquera,1.2653079017035016
resis,1.8227812674343247
scruta,1.1025667649897073
scrutarius,1.008215010666137
conter,2.021216658697318
albina,1.8217455218125618
seruia,2.0558162172733394
flammaso,1.0079926412738143
tertiost,1.0277489249726603
interdixes,1.0029994540577523
propheta,1.2155212317896043
subido,1.026271590529208
subidus,1.0160253421085335
epidice,1.0569026756170141
coligo,1.4571758494256533
partitudo,1.2167369561269608
spicus,1.2186888102897067
obstrudo,1.4738212327143165
labia,1.2519075356893894
paci,1.8437131203055401
vndus,1.2318795183447606
uinio,1.2947517657811323
peredo,1.0906485872391922
scabrum,1.1554195206293136
celeripes,1.316833812485028
sagmen,1.237031392926457
infulo,1.2116840458069462
prolubium,2.024335635039801
ito,1.2186110018157992
exsendo,1.152783602965468
saura,1.7633076143386794
odorisequus,0.9999995231630692
aeditumor,1.487750975489891
refrago,1.5672649947831683
ariolor,1.3300198346950198
pappus,1.2310486474048226
camellus,1.17172208732999
quadrinus,1.5129285779213566
conpingo,1.208594431489239
cossis,1.297048701359947
stic,2.3793679389793656
liro,1.263434293564671
frustatim,1.1052099997127822
orca,1.12335545576998
stinguo,2.4692493590366267
tristificus,1.2019545677482566
fulix,1.1401890499765672
jam,1.0615009684798316
cic,1.2657693654108473
jouem,1.115803064923978
caeterus,1.225466766298016
jupiter,1.0931295700544863
reflexus,1.3482288862496647
moerens,1.7911049941048134
dispendo,1.7344525958405308
juxta,1.1246461519423845
justitia,1.7193351852901326
jouus,1.307271968053636
cujus,1.1444921690920555
obcludo,1.419865985740081
ualvae,1.0436467909782852
juba,1.2886535199635798
quadruplico,1.1539399488495552
iocatus,1.2795333732967866
acutor,1.8866032986626509
gubernaclum,1.1214501433027322
nitescio,1.0661870104925635
spinifer,1.1579035927401062
detexo,1.167092816666458
niteor,1.3466294524304474
solers,1.434591360069501
implego,1.3120831313656953
quei,1.2532925679220994
camur,1.1548848860921077
eburatus,1.1862928898718323
quun,1.528302519293694
pauperculum,1.3288946063193483
uecordia,1.2577719288591704
fruniscor,1.0579622410021712
dominatrix,1.108352644639248
imitatrix,1.10553371906916
curialis,1.137054241268865
subpono,1.0861286960156091
ademo,1.533063281793269
excogitatio,1.1974731835339387
pitulum,1.3373732214089835
coniuncte,1.075113083432943
definitiuus,1.4980870325837994
remotio,1.1847712284726726
inquio,1.0299814867247858
idonee,1.1233191272598329
circumitio,1.1505690569830558
defatigatio,1.1167708437964767
inrisio,1.0653985769425112
subamarus,1.1792757173969644
apparatio,1.23357238315734
supersedo,1.1049720467471515
enodate,1.1528561631692726
permixtim,1.1489160835018473
perfectio,1.0613804271367004
occisio,1.133066656040997
attributio,1.4209435936612689
negatio,1.10351069346437
consecutio,1.133224927358225
comprobator,1.322884543479423
assensus,1.336947568933554
assenso,1.2040752437939286
assumptio,1.1856409891102218
adprobatio,1.1372676670769553
adsumptio,1.086986150224126
epaminondus,1.0651570332473024
saepenumero,1.0489454910492222
longinque,1.445188214886048
pelius,1.3165222633156584
neutrubi,1.3172872946422107
reminisco,1.7218138079951395
disiunctio,1.0718853528691619
quaro,1.3069389643134772
mutius,1.2872255195906344
praeiudico,1.0983342483273155
adgno,1.619488986709299
patrisfamilia,1.0907338873074524
uindicatio,1.223168824578837
remuneratio,1.1283984857311924
intellegens,1.1740289963304456
inutilitas,1.1468108105743386
curiatia,1.0751965907920598
indamnatus,1.7733922081677946
poenitus,1.2980460005425154
promeritum,1.3903384942124393
nescii,1.5265416193106984
dignusne,1.1997370151968545
ignorabilis,1.7603300148719059
fatuitas,1.3382799945311263
implicatio,1.3219898602784157
consideratio,1.1395725024566346
admono,1.1326223857093614
heredi,1.0547259090143548
geno,1.19788332165477
assolo,1.319802924973509
inmutatus,1.0829550161498744
susceptio,1.1093926264328946
permansio,1.2300571748904403
vehemente,1.1719319451388956
epodus,1.2424960926715225
incontinentia,1.1488616404782495
exuperatio,1.290990438621763
adtentus,1.1612204029134443
adteno,1.8001235188361933
clytemestra,1.0656678469721437
praesegmen,1.2017590425706037
conlocutio,1.206322061482015
exposuo,1.2457247029144103
innocor,1.1457904472752638
perspectus,1.7475614971858342
sanctio,1.1163067987046031
neclectus,1.335921214389861
caepium,1.2733473546221032
persecutio,1.3552342573477316
expensum,1.0367467199256484
interposio,1.2440468634139108
dissimiliter,1.1133387775210524
huccine,1.9125951725292079
adcuratus,1.6847124829191211
auctior,1.0625940057726544
pulsatio,1.1538955043703996
strobilus,1.245775762952649
exputao,1.5723679179218957
conparor,1.1115593863677546
instigatio,1.1721937179414177
adtenuo,1.1207669081347043
cenatus,1.934102337677908
porrectio,1.1911019151808908
perceler,1.2824281325504687
femin,2.2194320234769678
subpedito,1.0877312663442047
pulcritudo,1.0633882000860486
transscribo,1.3540939567848056
corrogo,1.1337246751589842
usitatissimus,1.1191610689321498
trauerto,1.084745201630569
pedagogus,1.152518075656888
habitudo,1.185571951072838
ratiocino,1.706750698581758
peiuro,1.6881827621220415
compellatio,1.1578562054551669
maturissimus,1.2687855472991822
uehementia,1.2171279921614977
obpeto,1.2678339324427097
plenitudo,1.3615507308877728
spartiata,1.075662802870483
insignior,1.0896057869097016
disiunco,1.1232958120627174
numantina,1.1085667843915912
redintegratio,1.1537286300431138
uerasto,1.256681140123274
praecisio,1.2350962165625765
istiusmodus,1.220644982920503
denominatio,1.1567953630044272
intellectio,1.2185799343135983
apertissimus,1.3176784747264951
mitigatio,1.231079360266697
commoior,1.295299859948519
astutior,1.2666014990957168
absoluio,1.1447215961295167
ueliet,1.1729007692024287
avaris,1.195239166579158
titubanter,1.1471971708896977
argumento,1.7624931124773808
tripliciter,1.7784522459865555
prodio,1.3051025531201872
clamys,1.2462167924306582
inluminatus,1.1415996001697033
choragium,1.1311009865942965
libanum,1.6928849396933272
sannio,2.20998441162376
inuictissimus,1.266516018348959
tropeum,1.3444184793818688
abscisio,1.2648862536823873
saturnen,1.2338632373206868
thasis,1.279534251562942
uiminacius,1.168888852969512
gratiosissimus,1.2747850057975112
circumcirca,1.229231461443388
veneno,1.2269962914867432
ieco,1.3068929477842346
confugeo,1.3540047825767645
consobrina,1.0810956963898106
kalenditulum,1.0105158063549706
imbibo,1.2824776381495073
cancellus,1.1048121830299293
opulentior,1.1074939879766132
concordus,1.6365106612268532
honesta,1.2752190958883702
quinctilis,1.0542601755188317
uolgarius,1.1623814233096565
astipulator,1.750514103210869
linteo,1.0711261510770882
electus,1.2387785182311561
recto,1.4415320512280747
immaturitas,1.160789201955763
funestior,1.5910341066966338
cisium,1.121318975484421
procrastino,1.3798889835743755
luxuriens,1.1533681463576941
erucium,1.249942335166489
commenticium,1.1253284653123996
relegatio,1.0626786758726718
exprobror,1.2305885896119475
ueientus,1.13980700775605
immanior,1.1627814911023446
lauor,1.3477376141198218
obliviscor,1.1819948507762161
percusso,1.15333960282237
deieceo,1.0536761878778995
reduuia,1.4708530338046368
iaedo,1.861514099259354
appendo,1.2394125303089605
asperno,1.1985782132048657
qum,2.1310303209053836
auarities,1.1785067359183534
nominito,1.2029473803159128
memordi,1.020346643363061
uocifero,1.1555887151743645
thasia,1.2486517644598405
cauilla,1.2603095858016613
derectus,1.4173173215793056
compromissum,1.1413834584051805
qvod,1.188484718140703
repromissio,1.1115548203736094
eumnis,2.0688952867850015
constabilio,1.4192673402678613
augmen,1.3587471471091097
globo,2.010799714366324
sursus,2.3578669484209014
ulixeus,1.4729718802691298
multigenus,1.3329854389682156
turicremas,1.051607719329344
organicus,1.1741999872622253
angellum,1.2621387036241278
adamantinus,1.0670260813508985
haeresco,1.5494306052056948
transmuto,1.1903590741414511
omnimodus,1.156587860871517
maximitas,1.2610725585815796
vnicus,1.0864774958223902
procresceo,1.4972259242620656
pellacia,1.5346251691752226
raucisonus,1.0767326254513416
aeres,1.4193575131707863
uocamen,1.6510362315959608
formamentum,1.6686275796906858
sterilus,1.6101336632703651
gignundus,1.6895351678002932
mutabilitas,1.1288001816606814
positura,1.2002545705952647
caulae,1.1178929059457516
moderanter,1.5248259315046868
inue,2.0114720891908595
primigenus,1.7273500955965855
uietus,1.3670817917838276
florifeer,2.073877520672221
aborior,1.608052716076007
cunctantus,1.6193556501097879
indeptus,1.1060541063600688
thus,1.1842441997698316
mendicabula,1.1319769486391218
fulgidus,1.1508530278699445
democreo,1.1821714187790977
obbrutesco,1.332563209560718
coniunctim,1.1752546410647473
mixtim,1.2068507843925567
animalis,1.1045533848525986
torto,1.1517208040098068
ranceo,1.336643469106422
exos,1.3838333198886217
contage,1.2521121517423666
dispositum,1.162119264859066
homullus,1.4339596452010535
careno,1.2858995271427307
tuio,1.0722870821396995
substro,1.098923740639258
contrudo,1.1242540361922448
oculiue,1.1224390111076343
interposiio,1.242668557297934
capripes,1.1115382505486398
canentum,1.5954719876403627
renuto,1.2647486588461874
differitas,1.8653743414652912
circumcaesura,1.1546689297711965
romulida,1.3528716764877688
interfodio,2.0411643916113933
quantouus,1.777546853760326
babylonicus,1.2821268680184421
uiuesco,1.3943880778819338
caesium,1.2798440619684628
charito,1.3422301101771366
mammosus,1.082322546416634
amaracinus,1.6957425957131629
diluceo,1.1950952787185314
gelum,1.1824390364919797
omniparens,1.1262256701097433
recresco,1.1637525942532434
innumerabiliter,1.1521760718286036
lychni,1.1312471912195796
subortus,1.9623994278855275
melicus,1.0822445606412647
coperuo,1.3100331537113628
superantus,1.41266365893954
omnigenus,1.1202763468550467
globum,1.1623810206415066
largifluus,1.3451948210225178
flaccidus,1.3351456552976357
uersando,1.7572244067231375
bucera,1.3319123910318047
ubus,1.1127835407524447
effutio,1.6009154404622088
alsia,1.3472746126605244
vnguis,1.3606024495232478
molossum,1.1751571735848074
circumretio,1.2865934577292735
interno,1.4573077391799312
pollor,1.097760256355814
frugiparus,1.1378632780295177
eunomia,1.3626402115740326
pertexo,1.092574522300294
extulo,1.4620428005188237
uesicula,1.1726478602754629
displosus,1.176582020288117
vro,1.747688381912653
corrado,1.3216306807842557
prester,1.825521676607509
recello,1.6604039192034914
dispando,1.1932182096822326
scintillaris,1.2087900971702845
oppilo,1.3412194347284943
arado,1.2427836216901877
inanio,1.2327731049214032
pestilitas,1.2343555341081143
brittannus,1.2951126780612265
rancidus,1.1685872848307246
remedo,1.4765646239314802
aerumnabilis,1.3143310218002853
contagus,1.5452280312563638
paatefactast,1.229525227771068
graus,1.250225122576672
delcio,1.1636110219878524
infantibus,1.290313292063118
laetas,1.2816410661325761
fluctifragus,1.096409180362837
uuesco,1.2733042529575274
persedo,1.131726797099924
squamigerus,1.295332662345704
durateus,2.4707924997678647
denseo,1.120696758872074
musus,2.2824111784875756
uigesco,1.3638134715430248
simplice,1.1206884493490679
opella,1.4518842059151513
specius,1.0291914365896924
albicasco,1.0519043568731914
recento,1.1976255097445287
tonsilis,1.3402856544387514
praepetis,1.0313881739285247
inretio,1.1387151234380624
ingemescens,1.2114852551570863
oaptutu,1.9954878790272013
academius,1.3373589362358147
optutum,2.058758217992655
admemordo,1.0542819717087575
saeuitudo,1.1554304220768734
conuerro,1.564073807447532
spiniger,1.1976235434466844
arquitenens,1.0826376758997387
inuisens,1.1921843681536175
dispargo,1.9612961993755778
anuus,1.1854688279130823
haeresis,1.1689470839650213
dispolio,1.2570566446692704
manuor,1.3304591281826188
obba,1.129160972251817
cocio,1.0715649526574558
lanitia,1.1533719522691512
elucifico,1.0148473577802923
bibosus,1.1407916041212394
transuersus,1.2218605717508482
fullonica,1.0621032120342715
miseriter,1.8334496823605986
mendicimonium,1.1837994923352846
moechimonium,1.361853779195019
adulteritas,1.5084646280972713
depudico,1.2580243101426032
abluuium,1.333103007798278
elutrio,1.109246662154012
expoliueo,1.11249126536179
mellitus,1.06369475897578
turgidulus,1.2191564014297454
litoralis,1.2019716178729454
dormiendus,1.3540630286150988
inlepidus,1.1053064766488978
febriculosus,1.1925626616899598
peraeque,1.1606265905488427
ecfututus,1.132369044559299
iocunde,1.4512728252251272
curra,1.265124326254751
pulcre,1.082343772781053
thynus,2.2617786704762888
reglutino,1.3142252852530107
inger,1.0465200459622044
amarior,1.2512220456862817
ebriosior,1.114610840598551
adoneus,1.1901825850089576
false,1.4001592173430233
ueronus,1.7178036273787158
sapphicus,1.3072906090569598
urius,1.608204237870829
aculeatus,1.3461394530204422
fodico,1.14246872075045
destimulo,2.225327822765539
insapiens,1.115645838708562
sabo,2.024477069113336
sestio,1.0930360615818895
legeus,1.396328694056229
sauiatus,1.2357867205572834
praetrepidans,1.0500798455988782
demano,1.3985778987523332
loquella,1.1622194121740725
diona,1.132513742445646
au,2.401175998624891
semihians,1.7601593680671732
albico,1.1460501433005328
labyrintheus,1.1017652314767326
increbesco,1.623402550655081
fauonis,1.259371677931081
unigena,1.356058546186871
construco,1.2415826633866078
ueridici,1.1664358900270286
inlecebrosus,1.133401542370952
ariadneus,1.127395760745468
gnascor,1.1365110569105141
multiuolus,1.424166669071797
arpocras,1.1374991423270613
quintia,1.189911704255463
realligio,1.3598880264928748
moechor,1.1177811866063596
immundior,1.847114362728427
pipleus,1.415686161008453
spurco,1.132823059732099
hellespontia,1.2146980261356903
ostriosus,1.5201342941668894
condemnor,1.1303996996599615
herciscundus,1.0509582596350278
reppulo,1.128082477454274
pertenuis,1.2964564469421385
conventum,1.3298348170955725
proposo,1.2337536292568438
impudentus,1.1855709457239225
tendicula,1.8860154044904058
agnor,1.1974231004401439
usucapio,1.1456228579170076
hausio,1.4392915794591192
deiecio,1.1949864918477429
uilitum,1.1959676513342599
quiritius,1.1008494942174487
fonteium,1.1167301826376486
hirtuleius,1.1046130184246843
inuitissimus,1.2364298832345302
infidelitas,1.1398494442481724
iniuro,1.354623342531444
multas,1.2430565475643607
iactano,1.9480829853856758
delinio,1.2185828551224092
pelicatus,1.2422077769187336
magia,1.343399988933928
investigor,1.115923889875554
sequestre,1.2011062033541051
harenarius,1.7083824523877384
pharmacopola,1.1420682789701218
circumforaneus,1.148824115559933
deprehensio,1.6876451220823565
scamandrus,1.3135537870527871
inanissimus,1.1122857831592408
epidicus,1.1799068605035676
condemnatio,1.1232427923950405
bacchides,1.1686707215635537
sedatior,1.1226645638975745
rumusculus,1.1378168994932756
aurarius,1.3537853940887374
praeiudicao,1.1754469891933415
uiolentissimus,1.2052440118958214
uoconium,1.1334464896106917
punentia,1.3903027774787606
importunitas,1.1134405953210214
huus,1.6663196412229677
potuus,1.739772319549036
exsectio,1.2028633759237704
tortuosus,1.0380438128416933
conscriptio,1.1921095683591463
tigrane,1.0530131340937876
adfictus,1.143385060442494
iniuriosior,1.2500053830676632
superbis,1.1912358772877405
pastio,1.0978292157797194
conscendeo,1.7962454168334197
processio,1.274417035964578
redempio,1.174826859345968
suscepto,1.8415248687723245
exercitatissimus,1.3109798403011597
teutona,1.6615362431482443
potentum,1.1925218886824256
parcitas,1.1317648166729202
morosior,1.3940757073823156
sterquilinium,1.1418108504458702
ubicus,1.0698334570626529
augmentum,1.2935190265201524
conuero,1.6272072296457687
sarabarus,1.133915087297226
malefactor,1.2515618025003163
pugilatus,1.1716972924063302
saliendus,1.0874362831923223
prompto,1.415878394515675
orichalcum,1.6103718243750735
secueo,1.908080103986013
officiosior,1.2412749343080511
retrudo,1.4213843191735558
maleuolentia,1.27875726241999
multatio,1.2262286320882
obductio,1.266914357556129
insequo,1.1332173495321596
fr,1.3930307015795838
inertior,1.365911578127394
spoliatio,1.3184046511101584
nundinatio,1.5383366116282338
coronarius,1.133685987552657
adiunxo,1.9815344204053962
qvi,1.1179416225690564
obsoletior,1.2700432915900703
uendibilis,1.4355038650381917
cvro,1.3320199353426458
nummatus,1.1817612291229214
trebulanus,1.1345616629401831
quoqui,1.3591625715572422
imio,1.1107484800479648
constipo,1.2257363474111593
plebicola,1.820647528825915
opportunissimus,1.2709529736788021
fraudulens,1.170021284252164
gratificatio,1.408827914267917
vendo,1.1826210724191533
accommodatissimus,1.22261207849685
meministen,1.1728723166268467
laecus,1.2959574249826662
perditor,1.1514578207220345
increpuo,1.2414364041562316
sagacissimus,1.2235312581337672
fortissimi,1.1369237896122406
euocator,1.3761126585150314
facinerosus,1.0381158795157568
conivere,1.1565197730142887
dilucesco,1.1432959235895364
distributum,1.4912213992182144
hie,2.301188930020589
credino,1.1614577120816838
circumsessum,1.8603313536034434
allobrox,1.165980630112089
dissemino,1.089144381864152
perfungo,1.1275717758378263
titia,1.1670506005256078
occupao,1.1806719377380033
coemptio,1.1310452450700188
proavus,1.3501206337413794
uigilanter,1.311326386006154
adipisco,1.6059700692462175
aequabilitas,1.1738396579599675
candidatum,1.3505691766359451
manilia,1.2200965650691367
aequatio,1.1493011082868565
testificatio,1.3153774638607105
seductio,1.3113053749150207
replo,1.620645386644091
zenus,1.0669274861770852
testarier,1.0203936210315276
deleto,1.0883181125146992
prauissimus,1.1730444470935937
eripior,1.223091245500129
propulsatio,1.6219861025510882
lapidatio,1.1812272269757649
coruncanium,1.155373450359902
praeclar,1.1606872131786288
immoderatio,1.1837284970870368
adreo,1.2141713692857172
importunissimus,1.1363816535078295
regi,1.3755336406578798
heraclia,1.1291418215366442
unumquidque,1.2032037783712402
iudicaio,2.01108268863322
patefaciendus,1.1399758431785245
tolus,1.6202027810692603
pernecessarius,1.218310837438674
tabernarius,1.124805699138831
refella,1.1496273849133443
degeneravo,2.1605943418836064
ariolus,1.747240453724708
temnus,1.2324031846527854
lysania,1.1925084960782848
apollonis,1.154853485142148
puditus,1.1565303763338755
nysius,1.2015646136507785
pergameni,1.0946298127989853
castricius,1.2852293829515218
falcidius,1.4645954304722018
adflixeo,1.2084188478356854
expeditior,1.0867336640971967
gl,1.5786495037673223
diadematus,1.3023054787255843
miserrimi,1.2529277296214232
empio,1.926604845078367
adambulo,1.2391088044205267
revixo,1.7552927247992351
pseudothyrum,1.2451583283372776
praerogativae,1.1083736594826894
observantia,1.205377450284119
diribitor,1.1813274507828226
derelico,1.203695657539255
conuocatio,1.3933365866525107
reportao,1.222202374933671
uexator,1.4129892950405278
cosconus,1.223295825827433
moderatis,1.2982321226483533
conluuio,1.084887945392758
impurissimus,1.9008465835903434
consecuio,1.1417357889852804
thessalonicensis,1.7119526059415837
subplico,1.2544185590245793
exostra,1.1743498198669824
taetra,2.017953383555594
domiio,1.1916084909446165
uiriditas,1.091844287841253
sir,1.4411379147878156
praedicator,1.2148550302764884
praestabilis,1.0899908141016241
eliceo,1.310257929352102
gaditani,1.1602479027183006
dicatio,1.684011889611265
postliminium,1.0552132252359072
concesdeo,1.9783589631112792
areopagites,1.4248671056970765
rat,1.312809829146773
tugio,1.6040386413737209
uticendo,1.1392324129143847
maso,1.3053385379182854
sotericus,1.5637218954037588
adoptatio,1.12301956306085
adaequatus,1.1663340417775379
obfuerum,1.2106873371109967
dimano,1.858192199525429
maledictio,1.2330404731486606
pontificius,1.0570837402804458
neon,2.113023846559441
cuicuimodus,1.1546880819994862
cogniscor,1.1864381057769817
herennis,1.1025406805132305
pastoricius,1.3444225732511352
mineus,2.1742334684830276
prolapsio,1.7431697810130244
collocaro,1.9184046470144305
vestio,1.0953514787935972
percelebro,1.951802942685766
seiunctum,1.0997155931003748
excisio,1.9876776707660535
impuniio,1.3785934320897613
inlaqueatus,1.1271972319826962
ostens,1.1070065014762647
expiatio,1.0966031036795243
praecentio,1.3850250807088476
libatio,1.2202914463886034
sibyllinum,1.1018894037000992
nulli,1.1137273812096953
introspico,1.1696306525872193
theodosius,1.3875017450026763
effrenao,1.144570716804363
fasceolum,1.9832443601734386
fallacissimus,1.5282368107127684
regnavo,1.1687202194214878
gellius,1.5127201382051365
antonus,1.1742738714093925
duumuiratus,1.1931557535723094
obstructio,1.3568958001230953
sordido,1.1805627701302113
testamentarium,1.567632125757293
suscepo,1.1670997988610055
xxi,1.1736039944413146
xxiv,1.2483835289607559
pessinuntus,1.085224716957089
xxxiii,1.2908031097052342
nitedula,1.3074868302226401
gauia,1.4004581877584819
xxxiv,1.335438443941719
cispius,1.1787033797445765
concertatio,1.0674825843575253
facinerosissimus,1.6492025991342116
messorius,1.1692311552150578
xxxix,1.4345749225474618
incitao,1.3908316879059304
turbulum,1.9105700296836605
petulo,1.277351293121662
insaturabilis,1.1846798722254084
declaratio,1.2055051146544409
conlacrimo,1.183746537425439
festive,1.059795458382955
invulnero,1.1104524216281337
aristidus,1.1883027243846043
repressor,1.4869959328610083
perspecno,1.3072351969227034
gurgustium,1.231029768788481
inhalo,1.3068804261479905
saltatrix,1.2416839258288246
oblite,1.1106947999338503
mediolanensis,1.3689962449986217
despicatissimus,1.6043171899938637
libidinosior,1.2425969519771383
expiscor,1.3381589492544628
argutior,1.20555449008116
expresseo,1.828160169046793
profitio,1.3361787992401473
aristarchum,1.1567955225274011
symphoniacus,1.2980348529901806
cherronesus,1.1190929867118007
debilitatio,1.3375698334489086
abiectio,1.2475077121484957
suavus,1.1850944347828545
abstrusior,1.6790399821940187
polis,2.251527867515724
procreatrix,1.2258897688149408
disiunctum,1.7472568306375151
academium,1.2093899410212838
colophonis,1.6022647061548156
admirao,1.8029186122272567
referto,1.7994440961628906
cretio,1.3360969699093366
maluo,1.3616831183335039
umbratilis,1.1818287417866706
pervoluto,1.3878639859516255
perspergo,2.2532207735765892
incitatio,1.21496306565626
inuolucrum,1.2844049508170416
adluuio,1.4133788991995055
inlustratum,1.7011498355349879
erudis,1.242318156419741
nidulus,1.3120470125487858
administrator,1.1936819980173623
physikous,1.7320715813216598
placito,1.425576105215118
agnascor,1.1428814328743429
controversus,1.4085163729000136
hostilianus,1.451647404343015
subnigo,1.18264491460775
ieiunitas,1.767428866038897
inconcinnus,1.6683045214676715
argute,1.24634973622477
sessio,1.1360880071226527
rusticor,1.3473134544585488
vts,1.3962092371155024
baiulus,1.1975148086784695
humaniter,1.2992999653669033
loquacior,1.7999750021591483
riuulus,1.101885929970688
revereo,1.3370958877558436
dilorico,1.2166217234776326
subactio,1.4044252260553898
percalleo,1.1683097907932776
pompilis,1.040692816954868
mansa,1.7220529250658476
semidoctus,1.2367234540768852
xliii,1.5187460933097547
simulatum,1.8910389218523038
imploratio,1.6004783534202212
intolerantior,1.3406737947795824
plancium,1.0448979591836736
iocandus,1.3681045020390423
caute,1.2340469289272558
superstitiosum,1.3330105397610146
salsius,1.2582570697769824
salsissimus,1.4722223294737977
immutatio,1.0738872541075002
pulchellus,1.3879009552626307
cors,1.5970706501184722
eiero,1.1609623830056726
cincius,1.131152691578809
lenitum,1.2155369956966617
allico,1.1000851494416632
prolusio,1.2191858149843762
descriptus,1.2692744219644214
informatio,1.5048664675811159
pignio,1.213871279930727
exedra,1.6040768287167837
enucleatus,1.2038832610644323
congruenter,1.1538981233251344
dilucido,1.5498574319496914
adsuefao,1.1774897900028705
admonuo,1.264992497756867
platum,1.629256909346135
antisthenes,1.2017236637022095
uoluptaria,1.1531210537453889
carneades,1.1587393807188582
carneadus,1.0877555263811196
als,2.2216902346602785
obsoleto,1.424974814614242
infuco,1.1922433336107168
stupesco,1.2039285296028988
politicus,1.3306796753332506
fugiendisve,1.7209074277170744
hippio,1.5667590255345654
coruncanus,1.221989170563587
utros,1.0630412002522829
conscripso,1.3332683806802943
syracoses,1.0605101862534567
fabricatio,1.322405831721236
modifico,1.2601988259728163
chorius,1.1484703061236015
euus,2.362363473602579
imminutio,1.3036201587106222
inflexio,1.1164081200693219
tauriscus,1.1966296802992156
remissum,1.0753972130411562
fistulator,1.1529081332955473
coniugo,1.279089027704344
auscultator,1.7761969801122917
concisio,1.2604177137457462
superlo,1.1967314252404864
coaedifico,1.4771830674402826
bonar,1.2259987903127685
neglixio,2.153177406982509
enucleo,1.1217916983267686
provisio,1.1199082777758642
sedao,1.2291279875220609
resistendus,1.7460061547043317
quadrimus,1.1217325205507351
diuerticulum,2.3259701896451643
fug,1.3262571019493365
aeq,1.3723815310597427
vticus,1.1046944068232192
invenueo,1.0901995461210139
pervago,1.1788564347433335
choragius,2.2786173858563474
cepeo,1.1426365558079883
inuocatus,1.2476218189195096
prolao,1.165132829821683
callisthenis,1.6169690023409462
adsignao,1.1745360337863258
naulum,1.1941242186370091
singularius,1.6252817226892589
uiculus,1.1158243632460687
pratulum,1.2574293579180829
reputaio,1.2917076776200302
perspexi,1.2345701687771165
polo,2.1604890314773546
macesco,1.1124979783724478
pri,1.6061198149764604
sescentesimus,1.0992743978180697
perantiquus,1.6084062085578532
prodita,1.0896548293066028
adventicius,1.4905745936932724
esquilinum,1.4187359011922402
subagrestis,1.180198110624017
sybarim,1.2147334694620502
croto,1.2158009036972277
cypselus,1.0915577226665807
cypsel,1.0935069712534622
titiensis,1.1262848692688567
tignarius,1.1509769835008403
xxxviiii,1.362725103214315
tricipitinus,1.0700028744357557
inpendeo,1.3069077093708992
porcio,2.112218986082473
larcius,1.1812750494925834
incommutabilis,1.296337540098093
axinus,1.4072687510673698
uoconia,1.1307309535247727
digladio,1.1634314023269716
scrupus,1.344381851134765
nee,1.4948281767162281
uno,2.0959573043365283
contrectatio,1.249444042912641
responsito,1.1993234636032855
cohorrus,2.597778700966339
alacrus,1.151703884728124
eiulatio,1.2378096282597957
eluvio,1.2602991716552396
exustio,1.282186541257491
postulaio,1.3096845306679405
poeniendus,1.2139686872903377
apenninus,1.7948347467060441
cassianum,1.2999602896184665
clodi,1.0626613099987055
speratus,1.1992674819559996
anteuerto,1.1714503824149387
mercenarius,1.1202668467047705
conseruitium,1.9097592598284119
tit,2.2320952728005192
conquisitor,1.2282813090380267
nefans,1.6388141846787059
reuiuo,1.4105898732267905
prop,1.7080839885553636
excepeo,1.1823980361324122
semino,1.172317398560773
glandiferus,1.7278777440017863
atticio,2.1288308660132853
megillus,1.7991118119064988
mon,2.7735001809356183
le,1.7842643038151307
unc,2.6163652733873137
disseror,1.1041348947610503
suffimentum,1.3035076311747897
aristum,1.2089310296325162
mamilis,1.1242258608154336
florenter,1.6627711259750209
oppresseo,1.7440867156609736
sur,1.5121235106987423
definito,1.9648900901926463
saepimentum,1.6615523692736505
educatrix,1.5013346018941789
usitas,1.0972818734795415
locrum,1.1741805931869709
aspersio,1.1546454075717805
hpythagorus,1.122982955604625
evanuo,1.3053570222588633
inpia,1.5544147004952809
pugillatus,1.8718634111814088
violano,1.5097050187574632
audace,1.684040287562965
totumnis,1.0750253182279388
debueo,1.5983615123847368
adscribendus,1.562113631619298
denicalis,1.1735980835418716
operimentum,1.1601594868561091
poplicola,1.1388379468109724
tubertus,1.062007205123193
respersio,1.124614413782258
aeuitas,1.2790846394410738
creatio,1.7284342052694466
repudiao,1.184588530065793
simpulus,1.227797798057123
gratifico,1.249748016291731
xviiim,1.0907441695966047
prasum,1.5299405148329002
promulgatio,1.2391801913351717
pleo,1.900262479082884
uiolaceus,1.2060416177844027
lathy,1.1105529035252601
cauliculum,1.1258517176348977
racemo,1.217456904089839
zenodots,1.1708411614633867
pascero,1.0954712052208975
maluus,1.2420724968030574
furenter,1.2389655062914888
aethereus,1.1239789723439213
priena,1.1828699621947585
minusne,1.1437025285541904
urnula,1.1968624729484172
inrisor,1.4274096213844087
daimon,1.0786191846317421
aetio,1.3011622516882435
denuncio,1.3647449203622983
cumulatus,1.337644910995177
pompo,1.5223907061045203
supparis,1.3722408821423269
subobscurus,1.1560654480211014
digriteor,1.1154156812913418
limat,1.2402655525390631
demado,1.124359292002542
sauior,1.3826040699641229
menstrualis,1.1275193368387217
syracusio,1.2917058875068541
protogene,1.2625623220793623
paullus,1.0948116761529112
legitumus,1.3904185754944387
indisertus,1.1977552141696108
defensito,1.2162800361551749
industris,1.2689762336828563
praestigius,1.2246463082757928
fufidium,1.1162054214670745
iugurthina,1.2509225780081143
sabellius,1.2731963183191142
criminositer,1.1689111673786503
commemoror,1.569916383869511
consultus,1.2212593200169228
superor,1.3055380339567806
uispillo,1.127946189517799
afella,1.3331161429013452
iactavo,1.9796323620944871
nitens,1.180035328158416
amen,1.3284385683263686
cratippus,1.1706361048776528
subrusticum,1.3902929845013787
ieus,2.22380992840079
liquidius,1.1769017640952988
charis,1.662797164054033
thucydides,1.1206033399788078
menippus,1.104492812462537
adramyttenus,1.3248387443972252
comprendens,1.2390018309695956
confeceo,2.2585402266588317
crebritas,1.268150467513445
aristus,1.1689470839650213
attis,1.1673677834018956
attio,1.136258820673752
archilocus,1.2133830734191815
pindarum,1.5856806104012013
ingressio,1.158626389684608
rectissime,1.2676774003918514
porrexeo,1.2695091541653243
panathenaicus,1.111380825035788
erudo,1.5915406298196442
deliquium,1.286050043620275
duritas,1.1474238385603583
vinngo,1.1899636929920432
incitatior,1.138319856908855
praepon,1.397825495768835
ceteroqui,1.2036899577949849
summissio,1.610725254823401
robuste,1.790711559861851
argutium,1.1095566803750738
cyprium,1.157501523353674
quotiescum,1.1672427086361212
pervulgatus,1.3667398919819338
duellis,1.3567758626559712
inusitatior,1.117366009879874
abfero,2.282669702749264
naro,2.110133939646821
aspiratio,1.1206154655901273
subrufus,1.2815465930182162
frequeo,1.2468176720771282
nuculeus,1.099455069977707
decurto,1.1490968367196677
iambicus,1.1383910711445564
mitylena,1.1430974414487778
circumscripte,1.1531709076672334
cornelianus,1.3575263416353884
infercio,1.2918174807134604
deliaco,1.747853341396879
primvs,1.0539980955780583
senatusconsulo,1.0838299396656172
antecursor,1.1327139955926198
longinquior,1.2442895210915372
ualereum,1.2315420452011292
studui,1.2339756784075866
igilium,1.5445638258363525
afrane,1.2223674702455676
editus,1.6934033618322475
supporto,1.1829497791860208
exinanita,1.2365460735911225
lapidarius,1.2908867355151246
rapiditas,1.79925285370462
sicorim,1.538130983593542
iurisiuro,1.1971794965474407
pabulatio,1.101140236808064
offrenatum,1.9116524180490846
obsecror,1.7455599963626398
contabulatio,1.4741347466756172
contignatio,1.085785741642884
storia,1.2290584743578643
capreolus,1.086347135663177
ordinatim,1.9420189166435835
contigno,1.3136101475762534
fiduciarius,1.194945297608559
carmus,1.730255978056961
opiparus,1.7872098271519665
panicum,1.2395403630431554
lenunculus,1.2556486246869152
ceraunio,1.212675647593491
constro,1.3717262384622604
provicio,1.313637712513027
liburnae,1.143824792596221
dalmatus,1.375956122187792
praesecio,1.6654675891195352
buthrotum,1.4918153060929604
gladiatoria,1.1961790354017237
sentinus,1.8285686383971147
uectura,1.0943904681689571
ambulatorius,1.1219214762710343
ganymedo,1.2076937241189967
cx,1.3556136890898784
periclitas,1.7939062717692915
pharo,1.7975489064256966
comanus,1.893339237740174
nicopolis,1.1605149972341542
iadertinus,1.8374713600420565
laridum,1.1715535352640964
interpellao,1.7501963560039453
italicensis,1.7259862155382024
uernacula,1.141560994648334
trygon,1.2331089873650034
edundo,1.3675804701556733
pharnacen,1.3307554591245523
mazaca,1.524349481762375
zelo,1.5662073252040094
circumposo,1.3208617415594108
interciso,1.9672602024292543
coartatio,1.2845670183605653
axioma,1.0680035179940712
aristoxenum,1.0897100338223402
spirabilis,1.173043954985953
cineus,1.207594713485162
flabilis,1.1433201543479374
concretio,1.1680127497424446
physica,1.0666384556072532
secretio,1.2549251456549384
revero,1.5297636268890997
democritum,1.8618615712590958
theombrotus,1.1926048786771006
not,2.3680464496415867
hypanim,1.175002937994793
bestiola,1.105512666085045
humatio,1.2575270008415886
sentiendus,1.1964683919827308
leuctra,1.7170935242550538
diagoras,1.1002649337219745
diagus,1.3344589827571698
diagora,1.731169734379224
oppeteo,1.1878998764180873
codr,1.1301567918268156
extinctio,1.1252431780369738
passis,1.35897860428044
reflao,1.2925448005036677
uituperator,1.3120427030500124
modialis,1.7628803562155626
trachinius,1.0855179394459988
intoleranter,1.1170142036144801
functio,1.2670951034885487
olympis,1.1238568485924338
toleranter,1.186380803747266
forticulum,1.6805639377879809
nipter,1.3280498049073488
emissio,1.1318111612535235
aera,1.9473268619818371
exaggeratio,1.1308246967262516
uenditatio,1.2259385886988434
invidentia,1.0744866409477187
callisthena,1.0770061348180937
epicur,1.249365235014959
cyrenaici,1.1428835349436042
parietina,1.9878013105789076
evertio,1.1677407302333
accianus,1.1912584609894326
opinabilis,1.099596450611013
halicarnasi,1.0859163888155872
alcibiadus,1.0903153854407304
accomodo,1.2262328444179278
prauior,2.0072788495211102
anis,1.5605896696377362
lusito,1.6879205221711144
upupa,1.2407772873749485
statimnis,1.171418892103494
matus,1.797999110067808
inhospitalitas,1.1117032343872544
cuppedius,1.2832190125375544
uitiositas,1.1415656551360744
hebetis,1.1827301207741048
logika,1.7881689266562812
pervolgo,1.1408266667537048
sitienter,1.7787980645416432
invexo,1.328809667355946
arruns,1.0714908360516227
placatio,1.2098605429584024
receo,1.4195548288695676
laetitio,1.3515581749809076
rogor,1.1995494150868726
stirpitus,1.7696340943354611
affluenter,1.2874344348863305
antisthe,1.0620599126510173
citieus,1.1683468095044
soliuagus,1.6498062188544944
uacuitas,1.1950489695230464
praedicabilis,1.2782622257537304
cylindrum,1.2130861803591606
suavis,1.7154277307791646
indagatio,1.3383141558901737
balbuttio,1.6321516008732975
vastus,1.2889747938258465
chalo,2.3007411316258763
apricans,1.7687645080152665
sardanapallus,1.0918466326983975
leuiculus,1.2953759680546502
exsuperantia,1.12064256204033
infinitas,1.2119524991819046
mundanus,1.9785633435202619
defugiendus,1.303062876770378
deosculor,1.1184958308116333
effectio,1.224321988523762
socratica,1.1512248168953738
exhibiio,1.1690256031915374
inuestigatio,1.1407399449661426
condolesco,2.0369388155262835
cohibo,1.1653302967667762
deiotaro,1.0774280414874775
myrrhinus,1.402446345853846
suspitio,1.1715126318816316
hierus,1.750810588672609
deorsus,1.1834331647495935
atomium,1.1041618540782385
priuatio,1.136276597466685
concetto,1.1760356228289148
patefactio,1.3306704932038884
luculenter,1.3136584898344483
situlus,1.5989298544198687
finite,2.2814766322999054
aristippio,1.1446852002712766
selectio,1.201262121657782
commemorao,1.25768999274122
impetibilis,1.465429131468622
caius,1.3201485421426247
assido,1.3119610331397857
adolescentulus,1.2077733616585666
rugo,1.1054317397605902
indulgenter,1.101498023277373
peragratio,2.076046393353569
porrectior,1.2789585628706728
flagitiosum,1.344768271924883
ephippium,1.3762682143804026
proegmenus,1.9818302865413047
j,1.7617583543832587
conlinio,1.2406371810412196
gloriatio,1.2874503409086548
recter,1.6036913580530137
communitas,1.1210579304255428
squalidius,2.414060161800526
conseruatrix,1.1400700410004057
procreator,1.3439763805420488
descivo,1.1604266209243452
imponens,1.1478954278470768
croesi,1.2680734993963936
absolvdo,2.3511064716465984
sorites,1.3641534649230793
illustrus,1.0882359427568151
carneada,1.152211046469144
pra,2.6839674245386846
compactio,1.1651314542621476
bomen,1.2831903539470235
expletio,1.617391131658879
oer,1.6079462208958244
ual,2.447998002755841
tudi,2.034964255464598
dieio,2.002089654919344
comprobatio,1.219859170864173
aristis,1.8454880943515504
concupo,1.7981141533244214
corporatus,1.360933888602137
cerneo,1.4346914653503853
conligatus,1.240470966240282
lacunosus,1.72336137941094
consumptus,1.3256629137912206
consumptio,1.3111455076905427
individuus,1.5840638262716866
dividuus,1.8526916523385004
medietas,1.2503795173822279
sesqueoctauus,1.2530564938441413
moto,1.106318423185846
medianus,1.4231656524151175
optutus,1.719122892802791
mercurum,1.2809872843587182
pinnigeer,1.1947451544617465
aquatilis,1.0995328896809868
animatio,1.2960232983009081
generator,1.1246233847195433
indissolubilis,1.1420828949403459
neutiquam,1.0748676661903918
permixtio,1.1736864248546046
abscessio,1.1946653541681087
trebatus,1.3674908483950061
requisio,1.4762807320610927
pervestigo,1.2311607567626195
coniugatio,1.085064831417102
fornico,1.4025324006979383
enodatio,1.4492677305607817
meditullium,1.1777774501730807
annexus,1.4022278562095152
praesensio,1.180817692175482
y,1.5081625087331527
lienosus,1.2925443026047856
omnianus,1.1176079168548252
verus,1.278893340433716
percusseo,1.160716844291117
foedifragus,1.3300392355333834
colligatio,1.231198793665275
quiobrem,1.136999914880282
excellenter,1.7180206960613011
plataea,1.453932838995022
parentus,2.0027823956058493
placabilitas,1.8975660073472194
antegredior,1.1812034419136588
fruo,1.21657770083915
affabilis,1.071185786185463
formositas,1.9386987578020152
accubitio,1.3136007881033476
sophocla,1.4451607034707443
impertiens,1.9659499094083384
intelligentia,1.2992634401020315
inrigatio,1.1389028861723411
tonsorius,1.9122723172026497
accommodao,1.2558069000000749
equitandus,1.211977801377622
adfabilitas,1.3983791446567384
apparitio,1.3955372661962422
cimonis,1.1664268072951733
octauii,1.176304345707449
expilatio,1.292955498535165
oeconomicus,1.2487423792117625
cohorto,1.5485327755475082
excelsitas,1.2365283930224347
quaesitio,1.3886113320548485
otio,1.9539897646588982
pythus,1.297550069536404
aquilianus,1.1884454862816607
duplum,1.109981567808104
fraudium,1.2005511429848235
gygo,1.1312852548572085
debeatne,1.2721833788882912
caudium,1.114326116022059
redamo,1.461345314056285
affluentus,1.4482085027398386
fractus,1.1750735488375208
adiuuis,1.157019376600993
intempero,1.2907027134565314
exarseo,1.172357866628243
timonis,1.2000086117408784
archyto,1.6545874886511769
solitarium,1.1820026786173488
repugnanter,1.184331726643351
rusticatio,1.6276514602495125
coruncaner,1.762663286162184
tempestiuitas,1.7377905909023064
operto,1.4962203465332629
epularis,1.163532018009582
refrigeratio,1.169600727698817
ania,2.0663538991628094
occatio,1.2051970860136298
tepefactum,1.1933974678703725
herbesco,1.3390025584939134
adulesco,1.2565889931351744
geniculatus,1.665417164902269
silvesco,1.364302112791048
dulcesco,1.392591082518322
fossio,1.1383291250685792
loquacus,1.5378325117824576
cultio,1.3107955755574032
cyris,1.836124220078603
honorabilis,1.1718691599817248
absurdis,1.073621578383221
tartessius,1.0757399808937909
conglutinatio,1.1530759590778425
solonus,1.139318286675329
admixtio,1.1351186520996448
assyrio,1.4639707450456698
observito,1.3554992349207398
cilicum,1.3860803207383432
ranunculus,1.1451389079909764
cilic,1.1720580269187741
pisidus,1.2159961777463895
solistimus,1.0831654675515836
syracosius,1.571789878092059
circumplico,1.307777500623597
deletus,1.1459915096489985
politia,1.1880059466802717
taetris,1.6154169083454077
angiportus,1.2322727467701458
ritualis,1.2013838400235906
lysandrum,1.2537100806796924
plutonium,1.4550037408820606
disparilis,1.1422520942493928
claris,1.9591751321436512
indua,1.2814068179405338
adsessor,1.1784067418298383
praerogatiua,1.1535389613648837
saepiculus,1.1237181927613038
astyaga,1.1603807925526326
anaximander,1.1874007342015347
nosus,1.8049121336364395
babeo,1.9641622564219037
previsio,1.197932502367166
patrix,1.8071157889929463
perflabilis,1.106819761238229
scammonia,1.4726913071777525
pinarium,1.1922220680966988
hippocentaurus,1.1471936409489454
miratio,1.293677217617348
haruspicinus,1.5484814656714008
mitifico,1.3191163818826175
inconsideror,1.1682552026447894
aius,1.1687579155038683
praeneste,1.0558008451835914
cassand,1.2070750653317281
proclis,1.1196964598506192
eurysthe,1.053963598424245
omnesne,1.2313368665893003
diuinum,1.2938308576036281
effuto,1.9350704953126154
flexiloquus,1.6237150513069736
croesum,1.2318708350459766
serapa,1.0838494046915728
ambestrix,1.2114907665185437
tan,1.3696513911860797
citharista,1.0807887046955693
edomita,1.3039974854632228
efficientia,1.2461004435977279
individuum,1.4128970737482016
concubeo,1.9557226912551984
uisum,1.8114579149445242
indomabilis,1.301538661569705
allienus,1.263361131388318
leptim,1.3600511814304534
ecum,1.2927631163257614
prospeculo,2.2879238057677656
trieris,1.2268785691783288
avienus,1.5297036505168622
explicor,1.2009751704067837
zeta,1.2520228225366878
uxorculum,1.1927959097516512
praepilo,1.5559746729128672
iulianum,1.1880669393489616
ignaviter,1.4935840454480993
funda,1.1589783989434552
hadrumetinus,1.8088937081347631
thysdritanus,1.1167502526750541
depostulo,1.3267794210359327
loricor,1.2383405431769843
coagulo,1.0945648966459458
carrum,1.7194516601201193
postumianus,1.1439484867748044
fundanius,1.1052064322093995
nogo,1.5620740709843053
iugulatio,1.1901586912211088
manumidior,1.1016144678719724
imparo,1.642889387778204
exesus,1.5735658595472912
leucopetra,1.0712037737658506
apollinari,1.1762490079448544
impuritas,1.2240971478619107
diiunco,1.3276924737574993
eiectus,1.2598367677466715
compotus,1.7449868287797532
emancipatus,1.4000094295183143
denticulus,1.3021537611362128
celebratissimus,1.129214172091451
licuitne,2.102023966047306
aleatorius,1.3451717399067717
cauponula,1.0004821955581475
nuntiatio,1.3010751704202737
adparitor,1.3209317310612267
pudicissimus,1.1456392860786373
perbacchor,1.218820284040968
obsolefio,1.2653315681115511
arcer,1.0727497450357908
ector,1.7308091513717907
tacueo,1.1202230882504354
institueo,2.284693026158629
detesto,1.4835018362929007
uicturo,1.513059837107141
pallio,1.2831338256857185
adsensurus,1.2863565082307125
inrupero,1.3033403444170604
uastaio,1.5308963891129548
procrastinatio,1.1682949026105
audieo,1.1375131017081732
adsensis,1.1683341984712199
occipo,1.2784293710203902
absurditer,2.0788052444643244
prohibio,2.050280035537567
praeposuo,1.8616357616768509
obio,2.0244063496062643
recuperatio,1.2376780434891022
ian,2.254377348643427
inspero,1.2904963097065119
crucior,1.2153325369821575
dissoluio,1.4512685569159491
luculentum,1.174530935753838
appenni,1.5025880507769167
coelis,1.288126364206687
poten,1.0723595953759442
philadelphus,1.108708246953074
conscripio,1.2836459022253452
placetne,1.0892039895632009
odio,1.2772123344068367
effrenate,1.0814589768319236
occideo,2.2205534277970744
absoluus,1.170870577860495
insomnia,1.3670526066881314
antecapio,1.4874582824169658
coepet,1.2012020887487684
pistoriensis,1.6540780430449118
mustulentus,1.1460587548894894
syphace,1.2432243772879903
adherbalis,1.0410685941007907
micipsus,1.1573806296284799
adherbal,1.0714522419899009
puerculus,1.3041292567686056
extinctor,1.6870976451629933
oceana,1.1461881008665336
transuigo,1.866869868037801
philaenon,1.6741922353486616
bomilcar,1.062371155040996
missito,1.1753259408616274
uitabundus,1.144596875741715
necavo,1.1594710745857815
advecticius,1.9658186075570263
confertim,1.1345086485137703
consueo,1.1692353924815584
quisco,1.144183548220472
opulo,1.1737039140706167
exagitao,1.590801027270456
tumulosus,1.8069159066326432
illeco,1.1486612213280851
excubitus,1.2144344208426896
affusum,1.1951437199343515
sis,1.6917876298912045
indiguus,1.308811180693657
dabo,2.4218502151769683
servitum,1.4132471025311597
dehonestamentus,1.0826604516720975
advorsus,1.1909932622466386
moriundus,1.3358084658289593
sucro,1.1323209729911483
ltus,1.6925063197051524
ratum,1.2608193318833258
samothracae,1.055627725157518
suadela,1.3870433613091895
nicomedis,1.039072512912835
chalcedonum,1.7320249110228436
exquiso,1.5577829089357296
uiburnum,1.0993758204912836
alego,1.2326170502752432
luteolus,1.2092349562931015
semiputo,1.1222040909588318
meliboei,1.0317432380392937
aegonus,0.9999997615814777
mulgeo,1.099090544909852
hirquus,1.6078539159368788
carectum,1.187244780510443
bacco,1.6889987065639864
assyris,1.0838578070770863
calliopeas,1.1833755683243703
saliunca,1.237992761189349
rosetum,1.096817172600334
uiolum,1.494151758515696
paliurus,1.14905394498077
daamoetas,1.095847648503995
lycte,1.0909999418643743
concreueo,1.6221090510818061
hylan,1.3514225236550268
rumino,1.116213813169357
permessus,1.2471264871923833
adsurrexo,2.1222834170106726
petiueo,1.7889024222111496
coder,1.1319702276163983
praesaepia,1.1960429360839946
sardonius,1.203860973607247
iuniper,2.1904994495097814
ulula,1.3097389236874752
vlico,1.1007818882276905
cyrnea,1.0057758378310004
subterlabero,1.1238070128620223
upilium,1.150610246958641
subulcio,1.1622983185167666
prieneus,1.227691600698393
nicaeensis,1.8159585381857275
euphronium,1.8357089539909004
aristome,1.2375401880045491
mnaseus,1.1261893825142235
aeditumo,1.1556043160373524
arimen,1.1165449033678998
ccclxv,1.2443289272972526
incentiuus,1.2091119904932748
lapidicina,1.3181465198771454
pestilentus,1.4496172263149358
prolixior,1.1549290092995474
fossicius,1.2849702010538504
primatus,1.4392165108100266
uindemiator,1.272010243883614
sabulosus,1.0683340367593364
fluvii,1.2592903839551493
tritura,1.139826831709456
saeps,1.4280566057088333
terreus,1.2100665683114065
uiolarium,1.8110951765382155
requisitio,1.310085734273805
subulcus,1.070608931062083
ficulna,1.1825872281659793
bura,1.5354926051657491
uomeris,1.1863401167939884
tribula,1.1874228365571764
cannabum,1.2848835023067027
aeditumus,1.1513779298440565
xliv,2.8367842842449327
excruciabilis,1.1958096097749353
uiteus,1.1158937554053838
cicercula,1.2381131743523106
palmar,1.2022093366544084
serpillus,1.183616675961504
biperteo,1.2126324359424339
arao,1.053986574204518
aspargo,1.1476153479828373
auiarius,1.0715906871364658
exsuctus,1.433480712426555
caldor,1.1018870878780582
nutricatio,1.7753979593715614
alimonia,1.1015819187672422
aliuduem,1.065816108462434
praegnatio,1.1315690202689008
heliotropium,1.1568352451173864
messio,1.2406533278985967
grandissimus,1.2677145660696942
uentilabrum,1.2265615849980809
ollula,1.2701762711233076
scopus,1.6004003381812142
resipio,1.454772732514814
eliquesco,1.1686927020026623
denigro,1.2970554198197444
lorico,1.3637693491480962
sirus,1.3312655882313733
uieta,1.2424572625235368
oliuitas,1.8783342747088687
catinus,1.315331985534592
neceo,1.1660914940152483
apertio,1.1486752987256763
anniculum,1.1708605270919135
uillatica,1.0607543885405353
leporarius,1.0347366559113498
mou,1.0925740953932481
pollon,1.0533919764422972
placiditas,1.1567020496052427
belo,1.538085436946964
cantheris,1.232940343710858
adsignifico,1.2478280989984927
ruma,1.2528753331536102
novenus,1.091976183939611
admissura,1.1359240128956218
novenarius,1.0887761326107972
vetula,1.146711419983238
incio,1.3622279679493654
villaticus,1.307389731079543
umbriferus,1.7018689073659432
contenebro,1.177585082532722
pellitas,1.2933046425932302
fecundioris,1.200443679760066
caprarius,1.196344084580017
noxus,1.4040238569679886
il,2.526419963535512
colliquefactus,1.2230192038587921
bima,1.1591428712767584
adtexo,1.1099584358103693
bupaeda,1.2229947758231399
quadrima,1.4209127856027994
bimatus,1.3642288941211982
rutundo,1.2625053164959317
hinnus,1.3712631985550798
admissarium,1.1222612916012964
pascior,1.2634749217351489
displodo,1.2320410862090134
pontianus,1.4140713841892385
metapontinus,1.0481710129248811
edulium,1.158056009513373
mythos,1.4632335151776799
intritum,1.1778440949609394
abrodo,2.112299032323412
perfrigesco,1.1869406374603462
vulneraio,1.177017935033263
agninus,1.4309546204645796
rumus,1.4405537315244945
ardeus,1.046207060275829
hypobolimaeum,1.3651333626259174
lithostrotus,1.135102601074724
trapeo,1.1714499734390038
lanium,1.3640037404944951
empticius,1.3276842784168021
damnificus,1.2838274261860387
apprime,1.1534525166212726
character,1.3376565359710324
ornitho,1.070953233133438
ornithonus,0.9999997615814777
leporarium,1.0459527505017416
pelagius,1.6262364185999039
cibatus,1.118414260054866
museum,2.127644199872713
plumula,1.4667311506011098
epistylium,1.1367279756962734
faler,2.959668878407194
peripetasma,1.242289087915201
uatillum,1.1238824457007042
columbarium,1.0931631173584797
pinguioris,1.1186596793287995
deliacus,1.5180635198750023
pauoninus,1.1177659945011178
inego,1.5762558069485895
perimbecillus,1.3135345556451312
nasturtium,1.0513896501274473
testaceus,1.119198323565629
leuigo,1.2078237926057112
fugitiuarius,1.1598859002775062
geneum,1.4831508908249862
geometra,1.5492468930506131
uocifico,1.8966926840066107
fumigo,1.2216332539188495
recinus,1.3841338083839627
fonticulum,1.5697427627341485
ingluuies,1.216454736640614
conlibuo,2.2056370872503144
rusticius,1.2868656331528279
balbinus,1.4746784351118198
birrus,1.3722934116450156
hermogenum,1.360162105043666
baius,1.9025233823543086
lampadio,2.34962229296067
lippa,1.524054534233238
beneuentum,1.145002453155111
oppidulum,1.9615456879228823
singultim,1.1620721758258992
lasanus,1.2392225697660324
uespertinum,1.2468869846057482
conpositum,1.3251431478967721
ficulnus,1.300827713375604
diuellio,1.2032760934057847
chremeta,1.9700641469146118
apicula,1.311984732782641
ames,1.7951166650313914
hibericus,1.6144386715102732
inpubes,1.378171141071912
folia,1.3873944634105781
ueneen,1.3488395763426377
inmeror,1.407327065913932
complestis,1.6967685051780255
lycambus,1.254365475090882
sericus,1.1950474372948299
fascinum,1.22937539931104
contranis,1.1545291615846567
inaestuo,1.2349514814663236
iterao,1.3386599242757669
unxo,1.7423886109051332
achilleus,1.2006300990519603
recalcitro,1.1772818198997432
adclina,2.0994632466016023
harpyius,1.130477391282317
repotium,1.3858096635541624
elixo,1.2131700396775325
ofello,1.3588474025185127
elclebor,1.1264870854823286
ungueo,2.0438910106135504
uesania,1.7023835193294703
prandor,1.1611518489117068
mura,1.2545252094107398
fasciola,1.4188760434021463
hellade,1.1460611035271204
commoo,1.3344899771762757
eliseo,1.2796387738446635
inlotus,1.3423684332648969
toralis,1.3159170498989445
coher,1.2792020602383034
ador,1.6235205294755128
praelambeo,2.0516417141314927
cessator,1.126168744987449
elias,1.8357601740475633
ianitrix,1.2653141045070984
tribolus,1.6275382484025798
eleusina,1.826180585458752
pelusiaca,1.5764213919235495
dimensus,1.0975103510502948
immundo,1.225020083294744
refugo,1.919759283112961
proleo,1.1457744842715332
oleaginus,1.4938980433277391
orchadis,2.0520417105712974
turiferus,1.4686637739052
temptano,1.5179860528401092
supinatus,1.0523812791577747
arbos,1.6904661936807788
thesida,1.6054750616770277
oscillum,2.0337212510406673
procuruus,1.1809525096659899
taxum,1.6276893589468209
baccheia,1.2894977879291125
ephyreius,2.092165454399779
perfutor,1.6697495477591786
eurysthea,1.0419440909824027
umesco,1.5072629698456956
instrepo,1.2421536981231482
cerus,1.8671343512573475
irreparabilis,1.1392907437706514
acalanthidus,1.8722373221358386
aduolueo,1.4995659653944995
lanitium,1.290911567117381
uolutabrum,1.3148480064051091
natantus,1.0639554764115287
serpyllum,1.5029749149665959
praescisco,1.5624392102840834
sudum,1.7917477073998431
spinus,1.6851582031505032
hydaspeas,1.080616202876784
stelio,1.2061649136988863
tunsus,1.108622090416592
amellus,1.392995771664222
insincerus,1.2734228378845893
ligeas,1.9173093423429066
spius,2.1595184890541677
beroe,1.2075930619968007
ephyrus,2.5739389619029875
tityra,1.9950346549123217
memnonia,1.9822037563913935
irrisor,1.492907424024386
contempo,1.2529498123026632
arabium,1.6931403519288755
xersus,1.3051673287457672
caucasia,1.1776514575609416
brimum,2.1575543522572045
iphiclis,1.2276538700197863
ericthonius,1.2179283245668595
patroclon,1.1136018572491913
simoo,1.97758661864035
persephona,1.0986429442649377
longaevue,1.1197525083147746
adones,1.2291359118016774
morigeor,1.8683453235006575
ceraunum,1.4490223953430124
abiunctus,1.193665776747175
transilia,1.2127828573394792
incino,1.2736760282711899
flabella,1.1914665758407323
scyllus,1.386116507966618
maeandris,1.1023815919297009
vrbes,1.1986076697615118
gypsatum,1.4543858222570438
culno,1.4631397229427943
subrubeo,1.4219170215268873
cappadoxs,1.3069674717535613
osir,1.1772650499859307
transnauo,1.621949880199415
tantaene,0.9999998807907247
pelagi,1.7717836447370825
ualla,1.9870811188151905
liburnum,1.1499852183871064
byrsus,1.951576811187578
subuoluo,1.5874373695563768
atrida,1.6830916722896072
aeneans,1.1476028665282612
fotus,1.2762636726648335
pellacis,1.3451879181759112
eurypylum,1.1312880010303308
othryas,1.1660098027795949
suffarcinatus,1.5720144735534012
seruantus,1.6549705542930777
neoptolemus,1.659254922341797
regnator,1.7926203162159904
soniio,1.9533798263648507
dionaea,1.091118222116084
cotue,1.007027432785971
corybantia,1.0879964223750453
nimbum,1.9514567285133737
adnigo,1.1922795121445788
proluuio,2.1872868084458403
laomedontiada,1.835589451639892
circumuoluo,1.1358572595760261
circumflecto,1.1942336986387179
adora,1.8485605774548148
oblitusue,1.666690608209565
lilybeia,1.9014521662358033
persentio,1.148943070901688
fulseo,1.1283356493384824
mnestheus,1.1351445343734552
dedeo,1.8080166839308107
persento,1.3137920152356253
messa,1.6334735776855798
pubo,1.2929689504945001
recincio,1.8851605158061768
libystidus,1.3024374138243835
uoluiso,1.5296383792515253
pristim,1.2889992548225062
maeandrum,1.0352139756098162
cymbia,1.1098033661727795
decoraa,1.1667494120603075
traiego,1.9272397943875161
obtorio,1.038841985666679
irremeabilis,1.4586351794940635
pyrgo,1.1901556517974439
naus,1.4766277836038073
pergames,1.7006954444108235
troiam,2.4449788116465885
soporatum,1.8168171186000173
emoo,1.0385430895742251
lenibat,1.6402718962284497
marpesia,1.0740022652533148
caduco,1.5280310903008572
mersor,1.6460841910645772
unoculus,1.286576586248677
omniparentus,1.2662118616795504
aapes,2.0210910185182174
complo,1.8132653617059542
regnandus,1.271405750314494
ululare,1.7612758204099184
bifrons,1.318811734246939
dialuuio,1.068443234501643
innocuum,1.6447749485285301
abolesco,1.5300599512761932
laocedaemona,1.054724516569341
coro,1.330291603428345
fundator,1.3425875747628475
fescenninus,1.1468299381853155
mutuscus,1.7260378881889171
abella,1.5600565209839174
montosa,1.1004404459950243
archippus,1.2373733417884
somniferus,1.3682908369653157
phoebigena,1.6841618348564913
pallanteus,1.0571495489135356
cyllena,1.144536985253216
scelerisue,1.381102834735314
doliue,1.1888635313915596
mugeo,1.7087003371118377
cauernus,1.0221325369043155
porgio,1.337528565716994
tecio,1.546928487035455
incassumue,1.8144166671983926
pilentum,1.6235615354511908
pilumnus,1.172281438391838
quassano,1.2540114470329935
messapo,1.278594416279284
cloacina,1.109834567518047
exhausueo,1.0104731419190864
caedicus,1.3232456573106823
uulco,1.5239475228155452
transfodior,1.0741713550480858
lucetium,1.2251249243297755
impropero,1.254496035867492
discusdo,1.0960647164409223
cythus,1.2572295953297037
oricium,1.1494257535468888
gorytus,1.249356117387474
minio,1.7373137190720045
intempestae,1.4344370584612143
anchisiades,1.2619338351117417
exscio,1.2525419697318323
thymber,1.3690013835899508
thymbris,1.1224945083648414
caeculus,1.2909993793248538
tanton,1.2348447701534273
sacrator,1.6923413988766154
parthenis,1.0994768295630355
excidio,1.469730743222852
bellen,1.17358306027377
maerentum,1.386889487567589
dardanido,1.3057445013819995
infleta,1.2963056883884123
padusa,1.1398166873346507
deriseo,1.1123756077476092
immulgeo,1.6096106053140162
thermodons,1.547505225310982
redargueo,1.3821600749291318
aunus,2.0680575326025807
uenulum,1.771042991232727
la+crimantum,1.0092007704403083
proeliaris,1.503342849513528
superimmineo,2.058010568374426
iapyxs,1.0886040385346722
deposito,1.5259208568694296
paeonium,1.6322718076518383
sax,1.2719125567395184
arboreum,1.8982388706614142
leueo,1.5183344419557003
acroceraune,1.2002316445150936
larido,1.0822509135829546
mercurus,1.0872713062446817
imperiose,1.8618229338964267
dindymene,1.1140612144751059
lucretilis,2.5484091634917023
inuleo,2.048919162343947
iactes,1.1906138512232287
uenusina,1.1653467283851873
iccus,1.9537708619736942
hydrops,1.1145564163097956
noo,1.5036982955198308
hymetto,1.142931339643116
redono,1.9049187873759
aeacum,1.121582466503041
nalis,1.7405843710877686
daedaleus,1.795540477267072
porphyrion,1.15518753567526
integra,1.212863868934602
pacor,1.099394839326073
rhode,1.3102388966551344
deuium,1.3924047733381448
parra,1.349034910100609
oscen,1.2036324452141574
europus,1.202953245537113
parx,1.300387204546871
saeuo,1.6308923209844837
succus,1.2029777420792138
tarbellum,1.2100238042090283
iugeo,1.157506634344933
gypso,1.4798410962026338
granda,1.3562643091237168
clamnis,1.4100384841335942
mausoleum,1.3405682763320153
diuerse,1.8303173542005227
romum,1.2549781830944489
lcio,1.6758699313128924
eurymedontum,1.832156849040934
omphalis,1.1977849723435674
nexeo,1.226137939582734
pancratium,1.7848698350136376
asopus,1.3012175538402175
salmo,1.2362901192237876
tantinus,1.7628696125834717
minturnas,1.6465783811566415
conspexeo,1.343748390618311
nummo,1.5714835008533596
gargilius,1.1253855319824857
mytilene,1.1460332336478731
tesqeu,2.1715079612951844
opulento,1.753483484158285
incuro,1.2964822947866195
amiculus,1.4404021019967046
posceo,1.1915028764868383
periscelis,1.225251079393086
inconcinna,1.1517529045740005
inmemoro,1.3696381971394793
sordesco,1.1171558219536104
pylaemeneum,1.782895307337991
mezo,1.466539988333915
lavinis,1.2521465412779866
silvius,1.0658649964073499
silvis,1.0644038853508964
silvia,1.088999031486836
romular,2.035718593223354
inuus,1.639395164095705
pinaria,1.7853874247216732
caeninensis,1.1014562249496942
antemnas,1.1267838864120827
violao,1.1809768665399287
lucerus,1.7557804378625823
laurentis,1.2457364500524921
lavinius,1.1199435636349655
obsitum,1.2536143409781129
fidenatus,1.3281528360689272
recenso,1.4820307083904278
consultissimus,1.15783886571485
suoptus,1.1425730574703374
fufetium,1.1588948194055224
deservo,1.321788741533397
ueient,1.038369027157237
piacular,1.6236240696241915
sororium,1.1013216674518769
aventi,1.1236536188253259
murcia,1.3372606539891174
lucumo,1.1075793843028505
tatis,1.1913405984504606
superpositum,1.1297179189189863
uenaio,2.1907756175571618
anieno,1.5011934141612873
geminao,1.7423247361959902
uoluptabilis,2.178143969217381
uerutum,1.682178869350117
tullia,1.1409369108842293
adsenteo,1.776983357240444
exauguro,2.209871320811505
aquilium,1.2194315444860737
uindicium,1.3817609735009544
sublicis,2.064491232577811
obstinor,1.730207442776629
herminius,1.3611870742034964
excitaueo,1.1679446923316024
auruncor,1.2523549748016913
mansueo,1.1666879111423207
secestto,1.8706316068336881
longulus,1.7044223995422694
coriolus,1.0573281660605873
pugnavo,1.114379925664237
cremer,1.0917611585052547
uolerus,1.108917540018043
recentis,1.5825606458069805
duillis,2.018011273509658
caeno,1.5729879711144734
exstincta,1.414267590448485
contracio,1.4921336035154027
multifarius,1.7707728816965427
fornus,1.2093254318649724
refectus,1.3388654623922265
demero,2.4011665480315503
impeditur,1.378000667266692
iuraso,1.1893134013485849
uanius,1.2328307183628349
succidaneus,1.109713809703564
subitarium,1.2453108271245499
inbio,1.5217459844364316
aternium,1.0686947803814957
duillius,1.0563496772750671
decemuiratus,1.3291778146386093
poetelium,1.1590444545200251
lacrimabundus,1.1184285750855427
congratulor,1.0736862328216095
saevior,1.116464136987727
honoratissimus,1.2217376049881965
hirudo,1.2828563598637592
exsugeo,1.7650216908557546
apollino,1.4317517957897805
macerinus,1.1737660747982368
territandus,1.2246034907282937
incontaminatus,1.7291416025783533
pacior,1.6020807970404525
delatura,1.4356652760023898
mugillanus,1.111211373698415
ostentor,1.434049856118195
dearmo,1.7675204778786235
adgravo,1.2422667355283934
tolumnis,1.102495905039768
tolumnium,1.0977964589731257
abacno,1.258141952910836
medullinus,1.0922643911158518
carinus,1.3516102218023676
feretrius,1.7442179923173058
contempio,1.636100192756393
cincinnas,1.091309426308551
lanatum,1.3920245660921053
uibulanum,1.074376617275564
iunium,1.1327087188282094
opero,1.2966977335789998
uei,2.501038446057751
praestino,1.3720967833875788
aucior,1.2229173971008112
fideno,1.486994614909958
procursatio,1.1994336418324354
attracto,1.6693747263681593
auentinum,1.5200121331229728
efferatus,1.2397419637830345
liparensis,1.662261734736087
clusis,1.0768161772587208
circumcolo,1.0564371468919884
duria,1.5635964174466297
senon,1.18366669639259
allia,1.0495645586186488
forter,2.274629389454869
antiatem,1.3134507461920049
sollemniter,1.4703022401905015
auda,2.7825140886077606
adpensus,1.3108789440719688
renitens,1.4494257403708208
renouatio,1.7079052384892974
ampliusve,1.2638582110515848
exstingueo,1.6680943602094869
causaria,1.5950680450290744
furianus,1.2219847203255534
circumlo,1.286226824717378
edoco,1.4423770191040923
adacio,1.7713459109908292
creaturus,2.2430503701847804
peticum,1.1667048678720444
ludio,1.4238840769425578
iactito,1.2051742304497353
quadringentesimus,1.099523161615634
naeuio,1.4362432872520645
erego,1.240711405013439
tappes,1.1162101000111906
superscando,1.7899349488594312
torpidus,1.4159441171347202
salonium,1.127793255577974
deceptum,1.2086874235664717
antepilanus,1.0706385140287769
novensilis,1.1242626246895535
uescia,1.551208021094752
diuidundus,2.40524424520072
sellularius,1.1127907001424184
plautes,1.5821297925717526
sango,1.7691035841785947
sangus,2.2543456935557677
pandosius,1.1091992870327765
terina,2.165011302382643
prorogatio,1.292049978748489
implicitm,1.2508814473862269
eventus,1.9845782852054357
instructis,1.3433767542363226
circumsedo,1.3070806992935842
furcula,1.0512084888582232
silvosus,1.7788995351933305
exentero,1.1770238804315722
perquisitor,1.690596336399853
postumo,1.825309361310968
cerretanum,1.144026257781931
flaccinus,1.3102671389201108
ausono,1.734996255385017
bovianus,1.0764188518504998
potitior,1.0969801819680802
nequisco,1.2435399867042183
opulentissimum,1.276473220732452
fenebr,1.2651382547485246
lintea,1.385411312067622
guttula,1.2489361995145611
saverrio,1.1522483972985387
circumvado,1.667016023099654
uolumnus,1.285795950480824
uolumnio,1.31544903929627
laetissim,1.286743347207618
superstro,1.4942446448758722
uigilius,1.5203012472072968
quingentum,1.2628816485041476
civicus,1.5110305975028193
seueritudo,1.343459370146118
barcinus,1.748479961314454
prolatao,1.7996295880738773
hamilcao,1.2253912224933268
transgredio,1.5694859267747934
uaccaeo,1.154002970640677
uerticosus,1.1818642910117196
phalaricus,1.2149361429905743
deveho,1.4906198862498505
oretanus,1.142674844981129
himilco,1.0795926982198565
alconis,1.3547530734499755
alcus,1.4695817916806817
pignerus,1.9092307163579945
libyphoenix,1.1688617347797203
unguiculum,1.2972858951029846
circumfusus,1.2314511073889052
extentis,1.7174916652513947
erayce,1.2958443146943315
ignoraturus,1.6701213786422129
lunula,1.2470582603668328
mortemves,1.1742064794898648
gisgono,1.0266509702115338
vibonendo,1.6335252670789648
strepero,1.382064547358064
citto,1.4806086187662366
tutamentum,1.7000783098052632
arretius,1.1812726374816214
arpus,1.2574357664480853
ocriculum,1.263959045150263
coepta,2.037270384265874
adfingens,1.6010022142920124
carthalo,1.1085092866272634
praetentus,1.4983799093035004
flemen,2.235310536887978
gereo,1.3966190549763184
stolidissimus,1.285335034731256
cincio,1.2461764334929764
pin,1.6667972441819074
haudquaquas,1.2117257896302973
fornicor,1.429043580370337
percommodum,1.243222534783773
pugnaio,1.1743826188290232
punctim,1.9021411595734958
circumdedo,1.8704103377944115
honos,1.6611915809355844
consaepo,1.2493927747794658
interneciuus,1.768925077387499
iuveo,1.4779406738272647
versi,1.5034708338299434
artius,2.0314984151259137
ganaeus,1.2925977791365062
tartesius,1.7340802485252187
transio,1.1583766392748216
discreno,1.28100753071855
xenophanes,1.4299312453725141
gisgo,1.2565907813546708
pervigilium,2.036950191702992
uarronianus,1.7205414020903842
apustium,1.4112347543690769
devasto,1.4070905311918525
paupero,1.3092725378372707
croton,1.0638169733341543
thraso,1.4110808073697219
uariatio,1.3017622485273215
spoletus,1.2306968234977396
morta,1.1690310608327308
carnifico,1.4375499809308798
sublaueo,1.257232139076845
beneuentus,1.1829114123076763
heracleensis,1.2148718325631713
themistus,1.2603822055886267
sopater,1.3857769262398194
hieronymo,1.2843317977994628
elucto,1.6355129363440084
turbatio,1.1048975300915564
syracudo,1.1214830525016029
agrigentum,1.1652091380056713
praeveneo,1.5520683215804936
defeco,1.5670192142084045
salia,1.44630100156154
uerandus,1.2771943468605684
falerium,2.864206323998051
adiusco,1.1807771365865036
iugarium,1.6974541651793773
gerundo,1.9487883099761298
congium,1.2208820611967168
tappulus,1.2275005456260037
fundulus,1.3546280456635464
scriptur,1.822487227980147
nicum,1.290990736643204
nicus,1.4301594295666418
arpoas,1.4281317303256893
scobina,1.5957537915904088
crispien,1.9492293689560087
conferti,1.2096893884704827
saturio,1.5041389961819192
offensor,2.191472282190386
acilianus,1.4868190847083376
pervagaor,1.1139700819521376
uies,1.5107173829672838
stagneus,1.133573233989354
gisgonum,1.0552711679248996
ignobilior,1.2272714837043532
laevino,1.2051494712337392
circumlatus,1.6533394721365084
obedio,1.213567827564337
potentatus,1.3094477896318857
pervii,1.7068363015814865
perco,1.6388157854893264
paupera,1.2897800183458985
libralis,1.1954048933946553
androgynus,1.8377517346249241
duodeuicesimus,1.3021015121630097
transcensus,1.3313262257177143
metapontum,1.1479867758443207
compedo,1.28461236132326
concursator,1.5300540906418383
capital,1.322928772198809
careus,1.9069161390520304
duodeviginti,1.2040565785195971
locror,1.2032126662661509
pacificator,1.1485571064866524
aeropus,1.7323373459739912
orestidem,1.646616035126833
cupresseus,1.0751739212575495
ostiendo,1.1981963509795237
undevicensimus,1.2507272083303607
narniensis,1.3030918226351522
gas,1.4625619218358459
dissipatum,1.279241172781496
toro,1.8811530668387717
heracleae,1.1490116859771013
opuns,1.2852025050746345
multiiugus,1.2092479428021627
turrinus,1.2441182669092827
dexteritas,1.161011310389613
atrius,1.5033802995108634
speravo,2.0660461260379046
agathoclo,1.1393695076400678
uolaterranus,1.8630406782149198
subolesco,2.1075718351529966
induuia,1.2613518703133153
falto,1.234315758140203
eugenium,1.3753024855954556
prosper,1.4048711733726205
creavo,1.950904175523067
scitamenta,1.3967199772758077
correctum,1.5249907285538726
uerminum,1.4157491180056463
consentium,1.9707484413174536
transveco,1.2993259267210369
deviho,1.232357469413659
clavum,1.1855219370318382
maevis,1.1931188430487552
heraclidi,1.7592955609948737
cyzicena,1.7961650330771892
abydenio,2.141052269550633
comparao,1.7285793428515763
intromissus,1.8988004561498975
semiruo,1.1985595467178594
longo,1.6161311645454075
lecturus,1.9269484934688808
pelagonium,1.1511953524611227
superatus,1.555398527151029
maleo,1.9633906150270883
prasia,1.1898979482556733
andrus,1.36015328341818
megalens,1.19399827346813
charopus,1.3605307307148853
transgressum,1.3802988143503485
metropolis,1.2560959211585911
densatus,1.2508054421302113
nabides,1.040819810770141
nabidem,1.0884923760450418
circumciso,1.9848835148537225
elegio,1.7181783427109754
agraeus,1.6200569682603476
nabido,1.1011876487678665
plataeensis,1.1190568587223746
concepo,1.5211474582829978
innexi,1.8887014508827429
pher,1.3853973550374197
dinocras,1.045752989804024
cantherinus,1.2018908493419809
chelidonia,1.198236400420495
perintho,2.164703605416657
imbrus,1.4234791190680791
phocensis,1.1271602002082703
hierons,1.2487262069996243
selymbrius,1.1358903276361938
tenacitas,1.1980372921349582
soliferreus,1.4252919848513386
demessus,1.4587206583730115
cleomenus,1.0722878360075845
dromon,1.133033140032908
cleomene,2.064360409037591
lacedaemoni,1.228762591138888
quave,1.2155648257150127
disso,1.8218913218950683
perplego,1.4086762660626657
sarrum,1.3384060799566277
nabis,1.1804479748369474
lampsaco,1.8343134544071773
formius,1.887600926900594
aquo,1.43248087431694
phara,1.4428964132053983
inauris,1.2322863233330195
lignarius,1.1520393587665447
summatis,1.42343902241194
aradius,2.120169353565818
mentiendus,1.259397391698999
pachynos,1.3705471677983319
terrendus,1.2771923050630123
tripolitanus,1.249113153735952
chaeroneo,1.750455658285239
perpaco,1.3540218296790467
thespiensis,1.171719877838758
hydruntum,1.186501706604119
hypata,1.1323902921174311
amplecto,1.647968679077334
sexdecim,1.198639183029711
palpatio,1.4439365729527145
