Token,Cosine Similarity
[CLS],0.9820025
amicus,0.9941995
cum,0.99447125
uideo,0.9953595
obliuiscor,0.98484135
miseria,0.98071647
inimicus,0.9772108
si,0.9904783
sum,0.9938517
comminiscor,0.9834446
neque,0.99306357
libens,0.99434096
aeque,0.968784
[SEP],0.971499
postremus,0.9912486
dico,0.9838836
primus,0.99369
taceo,0.9925438
apud,0.98741084
latinus,0.96928126
marcius,0.9863522
uates,0.9965638
praeceptum,0.95943755
compono,0.99272376
ex,0.9874707
qui,0.99591964
ille,0.99176186
ne,0.98774016
medeor,0.9900991
queo,0.9950664
nullus,0.99216336
hic,0.99425244
unus,0.98460656
multus,0.99290884
consentio,0.9856269
gens,0.98480844
populus,0.95693046
primarius,0.95378876
uir,0.9875201
-ne,0.9800615
an,0.9926361
cimex,0.9255171
pes,0.99355763
respondeo,0.97376573
ego,0.9855135
corruo,0.9830656
quasi,0.9724012
ictus,0.99428034
sicina,0.88485205
hau,0.888994
secus,0.92627645
meus,0.9503721
puera,0.78967
quis,0.99189955
uerbum,0.9835008
tuus,0.9611543
os,0.98947
supra,0.99046993
fugio,0.99521863
quando,0.977586
dies,0.8866028
aduenio,0.98370767
profor,0.9822972
morior,0.9921028
daps,0.99196327
festus,0.94799334
inferus,0.98920524
superus,0.9934599
tu,0.9873507
fero,0.9947552
deus,0.9694226
funus,0.9934953
ulixes,0.9900216
malus,0.99091464
imito,0.9893272
tum,0.98931396
pretium,0.97542596
pro,0.9863988
noxa,0.9858217
do,0.99127185
nam,0.9903203
pergama,0.98876435
accensa,0.89771086
et,0.9889073
praeda,0.9873523
per,0.99094546
particeps,0.979894
aequiter,0.8550664
partio,0.9889709
autem,0.98052216
lasciuus,0.99456716
nereus,0.98991525
simus,0.8954445
pecus,0.9932153
ludo,0.99428964
ad,0.9904788
cantus,0.99099386
classis,0.9899723
lustro,0.995872
oculus,0.9800515
species,0.98158723
laeto,0.9937209
optabilis,0.96122575
nemo,0.9867747
uoster,0.90335035
ruminor,0.8606254
mulier,0.9689134
que,0.98921484
adeo,0.9847569
laudo,0.9927725
lubens,0.9276677
in,0.99166054
sedes,0.989622
conloco,0.98904496
sui,0.99149656
regia,0.97993743
clytemestra,0.952581
iuxtim,0.9141468
tertius,0.9913709
occupo,0.9953799
ipsus,0.8929033
terra,0.97730637
saucius,0.9922133
cado,0.9936073
quin,0.97720915
paro,0.99520445
uos,0.9828776
maiestas,0.9843142
proco,0.90212154
tolero,0.98867023
templum,0.98060703
deduco,0.98959905
mirus,0.9929855
quod,0.99252814
facio,0.9871377
iam,0.99316806
diu,0.99129385
praesto,0.9858762
laus,0.9835778
uirtus,0.98564726
sed,0.9928489
ocior,0.9909664
vernus,0.9584617
gelu,0.98929775
tabesco,0.9875318
ubi,0.99128824
conuentus,0.98265505
campus,0.9950869
totus,0.99182093
etiam,0.9850017
mitto,0.9817281
is,0.980368
magis,0.9878496
quam,0.9910678
hice,0.9748709
ops,0.99262583
peto,0.9926491
precor,0.9927301
porrigo,0.9948143
obsecro,0.95062906
mater,0.9871416
rarenter,0.9027622
uenio,0.99284905
nimis,0.9750953
pol,0.8479265
impudenter,0.94570315
seruus,0.9851079
puer,0.99291134
interea,0.9871125
ancilla,0.94382167
subdo,0.9873237
lacto,0.98195475
fames,0.986669
credo,0.9815844
uoluntas,0.9898318
numquam,0.9917585
limo,0.94267535
caput,0.99107087
flos,0.9910893
liber,0.9857558
carchesium,0.9646598
ascendo,0.9664305
alo,0.9932865
celsus,0.9888447
aruum,0.99736845
puter,0.9913986
mare,0.9889524
magnus,0.9910774
namque,0.9936056
taenarius,0.9567615
haut,0.97731566
ut,0.99173343
chirus,0.8209977
doceo,0.9967053
quisquis,0.99227136
uolo,0.99457544
castalia,0.9687034
struix,0.8995328
saxeus,0.9860775
lapsus,0.9750282
accido,0.9928815
lacteus,0.98583615
locus,0.9888344
manus,0.97956604
conficio,0.9917387
pulcerrimus,0.9165162
praeco,0.98486024
medius,0.99108493
prouoco,0.9917249
fabula,0.9926115
probus,0.96017957
gnor,0.93476796
geminus,0.99499863
alter,0.9922378
falsus,0.99562323
occido,0.99378026
subluster,0.9276767
noctu,0.9825684
interficio,0.98758566
ago,0.98766124
de,0.9815347
equus,0.9926966
sinus,0.99270284
pax,0.9796113
postea,0.9887825
uendo,0.988908
nisi,0.9884853
uinco,0.99786603
dedo,0.9928892
opus,0.97604156
non,0.99388164
uis,0.97871065
nolo,0.9853704
cupio,0.989896
semper,0.99201065
plus,0.99250996
potior,0.99032694
habeo,0.9912961
libertas,0.9559928
pecunia,0.9774299
quomodo,0.9742588
modo,0.9819528
dica,0.98534036
nimium,0.98955256
o,0.9725901
ars,0.99260116
colligo,0.99348605
cur,0.99428153
res,0.98495716
inquaero,0.7899512
umquam,0.9910693
quisquam,0.98801374
carnifex,0.9883386
cedo,0.9938084
quidem,0.96651065
loquor,0.9751186
perdoceo,0.97017527
longe,0.99279743
promico,0.83164585
oratio,0.96807873
est,0.66335094
scena,0.931975
nocturnus,0.99515516
coepio,0.99127996
tollo,0.99452037
caepe,0.89354396
profluo,0.9747598
perdo,0.9931226
caepa,0.8606819
profero,0.9938916
item,0.984147
leo,0.94598055
obdo,0.9549259
oreus,0.7676757
heri,0.9047624
praenestinus,0.9724071
hospes,0.9919487
suopte,0.9799082
uterque,0.9919872
decet,0.9918449
accipio,0.9927966
cibus,0.98125297
inanis,0.9930058
madidus,0.9946517
nux,0.9902054
procliuis,0.97750026
mensa,0.98414135
asto,0.9797046
ipse,0.9882432
edo,0.9936507
admodum,0.9898494
ab,0.97686696
abscedo,0.98334235
decumo,0.8972115
pars,0.991564
quantum,0.99419874
alienus,0.98375714
polluceo,0.96879065
publico,0.9722574
epulum,0.97519386
hercules,0.9844391
uereor,0.99214506
asser,0.9618059
laudes,0.72417
uotum,0.99439704
multo,0.9822949
praeter,0.9889852
eminus,0.9680725
efflictim,0.9311556
amarus,0.98732674
uiuo,0.9933783
prosum,0.9942062
possum,0.9915708
ultrus,0.8338332
mereo,0.99101144
amo,0.9913981
ita,0.98767626
suus,0.98024577
riualis,0.9598779
saalue,0.9264051
atto,0.83967334
istic,0.93575627
uero,0.97513556
aduerto,0.99560654
tam,0.97170115
cito,0.99292547
utinam,0.9893024
nasus,0.97434556
aufero,0.9871577
mordicus,0.9736838
num,0.9856896
moneo,0.99470675
quippia,0.97023714
homo,0.98213315
formidulosus,0.96542335
stm,0.69878507
caueo,0.99117005
demolior,0.97267187
anima,0.95494246
ueneo,0.98719335
stilus,0.9825106
pungo,0.99236214
altus,0.9908401
nauis,0.989257
iubeo,0.992378
destituo,0.9915133
anchora,0.9561247
uter,0.98036236
melior,0.99325866
uidua,0.97004837
uxor,0.975535
duco,0.9915265
virgo,0.96083635
mustum,0.9940356
cupido,0.98819995
multum,0.9871018
ualeo,0.98878837
pecu,0.94622034
belua,0.9929662
saxum,0.9950697
silua,0.99655557
lapis,0.9896912
mons,0.98175955
disicio,0.989246
atque,0.99110276
bonus,0.98887724
omnis,0.97617084
heris,0.6389452
at,0.98209757
enim,0.986253
spissus,0.9810964
tarde,0.9948786
incedo,0.98915994
parasitus,0.9637854
alius,0.98740256
perna,0.9734073
callus,0.8316708
desino,0.9941046
socrus,0.9817624
frater,0.97987413
patruelis,0.96272725
patior,0.99380267
patio,0.9215932
mora,0.98663807
impero,0.99326843
labor,0.9947742
uisus,0.9950098
propitio,0.97704685
theatrum,0.9954247
probo,0.97915095
plausus,0.97381854
audeo,0.99488217
rex,0.9723416
rumpo,0.997075
quanto,0.97362494
supero,0.99541104
seruitus,0.98733395
chorus,0.9807849
communis,0.98696494
alium,0.9881507
adnuto,0.8025856
teneo,0.99411887
alibi,0.96747214
percello,0.99042225
anulus,0.9898434
spector,0.97186387
labrum,0.99181056
inuoco,0.9798323
canto,0.9898349
tamen,0.9921754
digitus,0.9928087
littera,0.97829366
facetus,0.98128337
defrico,0.9498144
utrubi,0.8721089
cenaturus,0.8236023
triclinium,0.98537755
ibi,0.98001814
eo,0.9883617
duo,0.98778003
adulescens,0.98694277
ante,0.85685986
pario,0.9907377
patria,0.9921236
peregre,0.96193767
prodigo,0.9756804
serius,0.9858091
salio,0.98449665
fortunatus,0.9635056
noster,0.9795388
pater,0.97375923
etiamna,0.94853354
appareo,0.98880255
confidentia,0.9693522
amica,0.9590237
fio,0.9898329
fidelis,0.96923244
nec,0.9947105
morigerus,0.92056626
deuoueo,0.9862391
redeo,0.9950935
abeo,0.98008275
ignauia,0.985544
domi,0.9892353
colo,0.99279946
pereger,0.90538764
probrum,0.99122393
immo,0.94833827
scicido,0.90883386
ius,0.97930646
conscindo,0.9355609
abicio,0.99111795
quaeso,0.974128
adimo,0.99148446
filius,0.96102196
rescisco,0.95738125
argentum,0.9534297
amor,0.9944756
causa,0.9856226
sumpse,0.893726
mutuus,0.9859071
extemplo,0.95204234
despuo,0.95835483
theodotus,0.9584525
ara,0.9914354
compitalis,0.93064946
sedeo,0.98335767
cella,0.9768361
circumtego,0.82216775
lares,0.97143775
penis,0.98269904
pingo,0.9962671
bubulus,0.9864174
quasso,0.99313366
aula,0.9880117
nox,0.99055266
necesse,0.98758686
mortalis,0.9837655
dictator,0.98397034
currus,0.982886
insido,0.9819755
perueho,0.9838823
usque,0.96748257
oppidum,0.9839801
saepe,0.99334234
gero,0.9877323
gloriose,0.9590421
uiuus,0.99248683
nunc,0.9934759
uigeo,0.99281836
solus,0.99457914
eos,0.96224946
pallium,0.9676658
abduco,0.9836715
lingua,0.99120086
faueo,0.99535847
animus,0.9944339
libero,0.97796494
ludus,0.991919
liberalia,0.8612138
tantum,0.98854285
mola,0.990168
crepo,0.98263156
compes,0.9758517
scapula,0.9736978
collus,0.8751377
callum,0.96111864
nescio,0.9893509
ecqui,0.81900203
adsum,0.9936049
hercle,0.93689454
apluda,0.85049915
hodie,0.9364225
nequus,0.9701923
pessimus,0.98486245
audax,0.9939371
ganeo,0.86031115
aleo,0.80342305
uagus,0.99468637
rideo,0.99634016
egomet,0.9814802
ebris,0.91275054
coquus,0.9795011
neptunus,0.9945085
ceres,0.99587446
uenus,0.9959073
experior,0.9902965
volcanus,0.9736996
obsorbeo,0.9039556
pariter,0.98886293
penitus,0.9565426
offa,0.9733714
merula,0.77754384
amphora,0.97696805
nascor,0.995147
sponsa,0.9372364
praegnas,0.9369576
uel,0.9810848
aio,0.9495187
nego,0.98995656
spero,0.9861972
nubo,0.9786836
adulescentulus,0.9920527
licet,0.97805566
senilis,0.98716706
tracto,0.9927971
detritus,0.9430306
oportet,0.9805237
opinor,0.9809104
praefica,0.8174876
mortuus,0.9778036
collaudo,0.96593493
dum,0.99307805
modus,0.98954725
scio,0.9810694
scribo,0.99161625
conspondo,0.6867723
miser,0.9902209
nex,0.99377775
ingurgito,0.9511448
imum,0.9742328
capitalis,0.96868867
compleo,0.98062754
immortalis,0.94596255
fas,0.9909482
flo,0.98671746
fleo,0.99348295
diuus,0.98126954
camena,0.99217904
naeuius,0.96024406
poeta,0.994191
itaque,0.9755074
postquam,0.9876823
trado,0.9922294
thesaurus,0.97870743
obleo,0.97740877
roma,0.97839516
seco,0.9960289
sequor,0.9970843
troia,0.99214613
strenuus,0.99262285
summus,0.9896283
regno,0.9738798
genus,0.98882914
odi,0.9844559
auis,0.9923944
aspicio,0.9952976
anchises,0.9722513
sacer,0.98465455
ordo,0.9847889
pono,0.99464214
immolo,0.9716527
aureus,0.99440473
uictima,0.98442113
pulcher,0.9893477
saturnius,0.94350255
pello,0.9948467
uita,0.988019
insepultus,0.98458004
laetus,0.9930328
redux,0.9849746
casca,0.8896088
sponsus,0.91941047
ueiens,0.9254122
saluto,0.98915535
uibo,0.8209565
albanus,0.9872067
comitor,0.9935907
senex,0.9870444
sapio,0.9916852
contra,0.9796265
mi,0.8433325
salus,0.9738969
uester,0.98683107
publica,0.95118415
tantus,0.9937131
amitto,0.995894
prouenio,0.9944285
orator,0.97470796
stultus,0.98559904
mos,0.9933621
uerus,0.9933663
lingula,0.92718434
formido,0.99270546
ualentia,0.8832901
contemplo,0.98277193
placide,0.9805327
forma,0.98987925
facies,0.9478156
uirgo,0.9914931
excido,0.98883516
ee,0.96343255
inuenio,0.9938701
compos,0.9816157
aurum,0.9876806
rubeo,0.99518156
fons,0.99042344
lauo,0.98673207
memini,0.9903546
desubitus,0.89087945
fama,0.99250364
uia,0.98362726
quisque,0.9890649
merio,0.91332805
praesens,0.9834566
indignus,0.9919871
exigo,0.9931288
innocens,0.9813928
quondam,0.9923902
fulmen,0.9975606
ico,0.9421081
iuppiter,0.99474066
manubia,0.98094404
suppeto,0.9832618
sonitus,0.9872834
clarus,0.9917131
effugio,0.9944573
tunc,0.98797107
adorio,0.82986534
hinc,0.98737794
sparta,0.9704424
refero,0.9956085
nuntius,0.9717816
passus,0.94535446
uelo,0.99374735
uicinus,0.9959315
aquilo,0.978833
orestes,0.9905019
portus,0.9883893
foras,0.94517386
terminus,0.9739795
tuto,0.98420036
alte,0.9908932
iubatus,0.9334025
anguis,0.9929495
inlaesus,0.9778682
melos,0.96036494
regalis,0.98444444
corpus,0.99068785
custodia,0.98204416
agito,0.9947182
actutus,0.9204448
ingenium,0.9918549
arbustum,0.9684
obso,0.91708803
arguo,0.9922142
muto,0.99591714
quadrupes,0.98645204
alis,0.9927884
sublime,0.89990073
saltus,0.9811505
inlicitus,0.9882436
inuius,0.97839624
bipes,0.9236752
uolucer,0.99509156
linum,0.99091756
linquo,0.99442464
lumen,0.98930407
uti,0.9689137
uenatus,0.9916205
nos,0.9894646
poena,0.9883876
decoro,0.98814595
ferus,0.9970118
pergo,0.9845059
baccha,0.9554152
itus,0.82786554
tute,0.96036917
pactum,0.9106949
poteo,0.97116023
dolus,0.97509813
ferio,0.99573183
ira,0.9917429
acer,0.9930279
acrimonia,0.9313606
contendo,0.9939978
iniurus,0.81603765
sic,0.99218035
amnis,0.99525225
celo,0.99133563
rapio,0.9969591
inflecto,0.9917762
flecto,0.9971087
duplico,0.9936366
timus,0.7686819
laetor,0.987682
inter,0.9937714
propter,0.9838573
aqua,0.9857546
sumo,0.99491173
palla,0.9641956
crocota,0.88228333
mortualis,0.8732923
sine,0.99234647
ferrum,0.99533933
suesco,0.98247766
mors,0.98877287
meo,0.9872356
flamma,0.99311477
flora,0.96283096
proinde,0.97653675
huc,0.98849005
progno,0.886421
lycurgus,0.98747563
sol,0.9950681
aestus,0.99552035
candor,0.9890181
liquesco,0.9907372
late,0.9903153
ferueo,0.99158573
obstino,0.97683364
male,0.985546
dilabor,0.9882524
dubius,0.99110216
fretum,0.9929458
intro,0.96494544
curro,0.9964141
amico,0.96837837
fermes,0.9504504
iniuria,0.98794496
malum,0.9806136
numero,0.9863536
trio,0.96083283
moderator,0.9545231
rusticus,0.99327344
aperte,0.9833598
timeo,0.9867614
propitiabilis,0.8226023
foris,0.9767845
desubito,0.89034283
oro,0.9826993
lacrimo,0.9885809
genu,0.9847483
strepitus,0.9945879
audio,0.98176736
esse,0.9807487
clueo,0.93714714
miserrimus,0.9864991
cunctus,0.9921723
cautus,0.9942359
fortis,0.9859314
ager,0.97923905
depopulo,0.97058743
dominus,0.93977654
aequor,0.9945676
salsus,0.98927927
uegeo,0.91649824
ingens,0.9933644
uentus,0.995716
spolium,0.9884235
detraho,0.9929198
inscriptio,0.9507574
malo,0.9900248
conuiuo,0.98201376
quidquid,0.9912676
celere,0.94237214
contemplor,0.9924313
inde,0.9765883
liquidus,0.9902963
pilatus,0.8692194
aether,0.9933227
orae,0.6605439
restito,0.90829945
occurro,0.99423325
obsto,0.9953629
ennus,0.91519284
uersus,0.9929905
flammeus,0.98346514
medullitus,0.92299044
bene,0.992182
falso,0.9866457
crimino,0.94295466
testis,0.9881673
latium,0.99276394
africa,0.9792478
polio,0.9850302
tristis,0.9958489
quaerito,0.9136039
sinapio,0.9690324
maestus,0.99463326
quippe,0.9868139
cura,0.99207246
lautus,0.90929836
aduenus,0.84285104
infero,0.98427236
expedio,0.9943411
bracchium,0.9949364
alacer,0.9923799
lupinus,0.99078995
expectans,0.97162414
impetus,0.98818064
mox,0.98698825
censeo,0.9599371
fides,0.98103887
seruo,0.99588984
uoro,0.9875518
argumentum,0.98682415
promptus,0.9860603
situs,0.98983556
exspecto,0.9928395
possio,0.92041636
lepidus,0.9864599
postulo,0.98956347
frustro,0.99039453
frustra,0.98958725
sentio,0.99223995
canis,0.9910117
memordeo,0.76849383
marinus,0.98497015
plaga,0.9728167
ciuis,0.99235976
defendo,0.9914886
hostis,0.988238
sublimus,0.9873128
subex,0.6727611
unde,0.98589647
orior,0.98974776
imber,0.99363184
saeuus,0.99677503
spiritus,0.936293
incertus,0.9924439
gradus,0.97556
regredero,0.75295687
pugno,0.9938262
proelio,0.9382622
consilium,0.9859265
concedo,0.99105835
cor,0.9690942
callidus,0.9900972
fluctus,0.9948032
eicio,0.9810964
extollo,0.9918839
gloria,0.9685012
exsurgo,0.98875916
audientia,0.87905055
sileo,0.9962255
imperator,0.62458515
prolo,0.97837245
aer,0.98211807
assisto,0.97831404
achiuus,0.9803386
statim,0.9825966
missus,0.98636836
sanguus,0.7912177
tepidus,0.9920479
tullium,0.6133393
efflo,0.9865148
circumuenio,0.98995
morbus,0.9894692
exilium,0.97872835
inopia,0.9872354
pauor,0.9895234
sapientia,0.97142065
exanimo,0.9904405
expectoro,0.8029128
terribilis,0.9831532
minor,0.9886637
cruciatus,0.9864398
firmus,0.9879299
refugio,0.99195856
timidus,0.9944843
sanguens,0.95050514
exalbesco,0.8402667
metus,0.99320686
expeto,0.9777577
auxilium,0.98763
pestis,0.9874507
abigo,0.99335736
excrucio,0.96041405
caeruleus,0.9951276
circumsto,0.98760223
ardeo,0.9957299
taeda,0.9946087
eccus,0.81721646
intendo,0.9894031
crinitus,0.98665506
apollo,0.99279267
arcus,0.98694867
auro,0.9914273
luno,0.95816445
mico,0.99452007
diana,0.9850442
fax,0.99367833
iacio,0.99453163
laeuus,0.994143
aspectus,0.98660266
caelum,0.98235637
corona,0.98699135
taenia,0.9443171
dudum,0.93776387
auris,0.98959804
aueo,0.94926226
auide,0.9908367
appello,0.9962403
stolidus,0.99073887
intellego,0.9892419
aduento,0.98830944
paupertas,0.98264825
obscuro,0.9909375
nomen,0.98959893
quapropter,0.9821422
pasco,0.9950365
pastor,0.9837358
alexander,0.8136154
uoco,0.99476445
derepo,0.94334775
paulus,0.95410335
sapiens,0.98021317
uirginalis,0.96534634
modestia,0.98024374
optumus,0.9461053
missa,0.9227889
superstitio,0.989295
faio,0.98784363
for,0.9908695
demens,0.99221456
inuitus,0.9934311
cieo,0.9927347
aequalis,0.97141206
pudet,0.9895728
miseret,0.9437861
pigeo,0.9935164
progenies,0.9916802
priamus,0.9944782
extra,0.9887506
doleo,0.99544764
me,0.8433008
obsum,0.9663168
obsequor,0.9923015
obuoluo,0.9769522
sanguis,0.98315156
incendium,0.98811316
annus,0.97831535
lateo,0.99685985
restinguo,0.9915011
texo,0.99136496
exitium,0.98860765
exame,0.9662376
fera,0.9944906
litus,0.9960747
eheuc,0.88563883
iudico,0.98864466
iudicium,0.9740869
dea,0.9909048
tres,0.9855065
aliquis,0.9879725
lacedaemonia,0.89803624
furius,0.9265696
lux,0.97814393
germanus,0.984268
hector,0.99564725
iaceo,0.99701947
tuor,0.87650037
lacero,0.995435
aut,0.99549305
respecto,0.9852778
maximus,0.9602005
grauidus,0.98708445
armo,0.9930367
partus,0.9891212
arduus,0.9932115
arx,0.9868987
purus,0.9875403
putus,0.9393449
longinque,0.7122283
domus,0.9612857
bellum,0.99339235
summum,0.9710492
industria,0.9831518
andromacha,0.9609113
indo,0.98678607
recte,0.9859756
duro,0.9897918
gemitus,0.9894743
conor,0.99446
traho,0.99755985
seditio,0.9872004
numerus,0.98675126
irascor,0.99240327
blo,0.9671199
sincerus,0.98867166
sono,0.9855541
acherusius,0.95743847
orcs,0.9457216
pallidus,0.99333644
nubilum,0.995986
tenebra,0.98625463
salueo,0.9548974
loco,0.99062485
clupeum,0.86593604
praeses,0.8806354
exsequor,0.98480403
quoue,0.95809805
exilio,0.9877324
fuga,0.9894943
urbs,0.98207444
orbus,0.9923769
quo,0.99202436
accedo,0.99138415
applico,0.9870083
sto,0.9791461
fanum,0.97926664
deflagro,0.945403
paries,0.9898751
deformo,0.9862117
abies,0.9807596
crispa,0.91166043
saeptum,0.93957937
altisonus,0.9653734
cardo,0.9928509
barbaricus,0.98071885
tego,0.9964727
caelo,0.97594714
aurus,0.8812222
ebur,0.9921671
instructus,0.98402226
regifix,0.82572824
uides,0.92098224
quantus,0.99211836
aerumna,0.9797962
quadriiugus,0.96495044
murus,0.9879377
musso,0.98335844
cauus,0.9951391
biga,0.9752106
familia,0.9762298
obiectum,0.9855102
scrupeus,0.9356084
inuestio,0.8347808
ostrea,0.98016346
squama,0.95149416
corporo,0.8463626
uulnus,0.9968316
circum,0.99249226
occulo,0.9931148
rursus,0.99242604
prorsus,0.98405385
reciproco,0.95692563
differo,0.9948176
membrum,0.990914
spumo,0.99338526
bromius,0.9633143
bacchus,0.9953828
lyaeus,0.994383
uitis,0.9962106
inuentor,0.983054
euha,0.9246378
euhius,0.89941
ignotus,0.9963739
iuuenis,0.9976657
coetus,0.98810196
alterno,0.9941316
uica,0.9597735
ineo,0.9810247
insulto,0.9927097
sortio,0.9245169
adiungo,0.9910797
adficio,0.99009216
inprobus,0.9410721
existimo,0.99012417
nuptia,0.9263511
sin,0.9381232
talis,0.99157697
cogo,0.99654067
erro,0.9964495
post,0.98724747
cognosco,0.9901238
fugium,0.9453202
gratia,0.9688433
parco,0.9945706
letum,0.9906564
deprecor,0.98334736
potestas,0.97763085
motus,0.99443966
concilio,0.9868089
confero,0.9888943
concordia,0.9844569
pius,0.98454946
aduoco,0.99066454
nitido,0.8250298
inico,0.9443195
cruentus,0.9940094
liceo,0.9907428
miserus,0.9864445
lauor,0.87549984
lacrima,0.9947712
salsa,0.8120778
lapideus,0.9721949
arma,0.9956949
arrigo,0.9829145
horresco,0.98791957
telum,0.99671745
fabulor,0.9589667
nouor,0.946246
maternus,0.9770159
exanclo,0.93925065
ulcisco,0.97455597
aecus,0.93817776
eloquor,0.985127
facesso,0.9781311
quiesco,0.99212104
nosco,0.99327505
ambo,0.9840945
ulixeus,0.66314197
educo,0.97925615
castra,0.9820297
troiani,0.9678414
omnipotens,0.93920815
exposco,0.9887891
fuo,0.91320056
clamor,0.9870527
tumultus,0.9784565
usurpo,0.9878336
strepo,0.9854631
fortuna,0.9941596
cerno,0.99599445
uictoria,0.99489784
ecce,0.9513805
caligo,0.99064034
oborior,0.98931134
prospectus,0.96541244
achilles,0.99471235
cuncto,0.94917125
comminus,0.9900822
machaera,0.9472227
hasta,0.99152106
aes,0.9751871
sonio,0.84710026
frango,0.9969198
sudo,0.9893003
consto,0.9901328
scamander,0.8889333
arbor,0.99414325
uago,0.99296004
sublimiter,0.87217677
quadrupedans,0.9463654
uastus,0.9965402
specus,0.9905103
domo,0.99412477
tenax,0.99291444
ostrum,0.98719716
imperium,0.98709446
uigilis,0.9854125
nanciscor,0.9815111
sperno,0.9949302
procul,0.985756
undo,0.9800892
salum,0.9818717
caelitus,0.97966975
commisceo,0.9868461
stella,0.9906701
splendidus,0.9863141
intereo,0.9901383
etsi,0.97221005
peruerto,0.9929031
facile,0.991977
achiui,0.8894487
opulentus,0.99009097
ignobilis,0.9911684
idem,0.98964655
aequus,0.99439263
misereo,0.9678705
anuus,0.75230527
priuo,0.9884285
oppeto,0.97999626
prior,0.991199
eueno,0.8031948
pauperies,0.9803754
grauiter,0.9873246
gemo,0.9956948
lacruma,0.9134582
guttatim,0.87057275
parens,0.9911222
concubius,0.9529776
uerecundus,0.99013364
modicus,0.9697763
tandem,0.98285764
gratulor,0.9905412
clipeus,0.99415445
temo,0.9830153
iter,0.98986626
procedo,0.98902756
nitere,0.7749135
cesso,0.9866142
otium,0.98763233
utor,0.9947233
negotium,0.9782419
negotiosus,0.95371944
miles,0.98965824
studeo,0.9898535
mens,0.98898995
delecto,0.99235415
otiosus,0.99106336
militia,0.9711653
imus,0.990644
illic,0.982221
uentum,0.9884112
lubet,0.9510338
exupero,0.9718637
usquam,0.9841974
inpudentia,0.9061952
malitia,0.9618621
menelaus,0.9700242
obiurgo,0.9879896
regime,0.9648326
pecco,0.98885036
delinquo,0.98658013
malefactus,0.9462361
helena,0.9840907
pereo,0.99599
reconcilio,0.9647084
necor,0.9484397
filia,0.9670156
plebs,0.94594145
antisto,0.96539724
honestus,0.9915532
astrologus,0.9697442
signum,0.98434293
obseruo,0.9899242
capra,0.9847146
nepa,0.90184355
exorior,0.9896563
aliqui,0.987052
specto,0.9973104
scruto,0.99326265
achero,0.97516155
obeo,0.98975444
obiaceo,0.9756424
uiduus,0.9751569
elicio,0.98380893
nemus,0.99302566
pelius,0.9070883
securis,0.9925864
caesum,0.9862116
abiegnus,0.9062909
trabs,0.9802449
incoho,0.98397845
exordium,0.973115
nomino,0.9920876
argo,0.98045444
quia,0.97007155
argiuus,0.98529524
deleco,0.92452174
vectis,0.7699156
pellis,0.993419
inauro,0.9729599
aries,0.9830075
colchus,0.9892851
pelia,0.95523155
era,0.9132826
ecfero,0.93773776
medea,0.98997414
aeger,0.9895805
antiquus,0.98534226
erilis,0.93914455
fidus,0.9932815
custos,0.990667
aedis,0.9743891
elimino,0.93542176
capio,0.99481785
proloquor,0.97701675
corinthus,0.9861906
matrona,0.99191105
aetas,0.990458
inprobo,0.8852525
ter,0.9922412
sub,0.9898768
semel,0.99203515
secundus,0.9683942
offendo,0.9953957
nequaquam,0.9488419
insum,0.98956144
certatio,0.9540951
supplico,0.98156106
ni,0.9860455
ob,0.9781544
repagulum,0.97495806
recludo,0.97785467
pernicies,0.9886625
maeror,0.99177635
luctus,0.99216616
uorta,0.7757909
incipio,0.9955207
ingredior,0.98494714
honor,0.9587952
candeo,0.9878708
sublimo,0.9816103
spica,0.9874718
contineo,0.99135816
inspicio,0.99309194
facinus,0.988962
scelus,0.99262136
nequiquam,0.9868778
medus,0.97925407
effero,0.9955497
athenae,0.9936159
anticus,0.9489855
monstrum,0.99616385
coniectura,0.97086453
auguro,0.98858726
ausculto,0.94954073
no,0.9935565
regnum,0.9842199
tremulo,0.98941225
caerulus,0.99237984
undique,0.98989725
uenor,0.99274236
maritus,0.9695125
cupiendus,0.91985464
animo,0.9789603
fortiter,0.9777739
innoxius,0.9880285
aduersus,0.9766977
aduersarius,0.9915768
pectus,0.99467707
gestito,0.86572623
obnoxiosus,0.86345047
obscurus,0.9950448
scelestus,0.97071826
metuo,0.99428666
exerceo,0.9921485
duriter,0.92880833
suspicio,0.9855125
futtilis,0.94916093
despicio,0.9936938
curo,0.9938737
humanus,0.98736537
absum,0.9892622
superstitiosus,0.96887165
impudens,0.9712429
ariolus,0.89071566
iners,0.99426186
insanio,0.98881876
egestas,0.98430854
semita,0.9794815
monstro,0.98371947
diuitia,0.99330044
polliceor,0.9912039
antiquo,0.9707906
ingenuus,0.9769748
aiax,0.9866442
obsidio,0.98655045
proauus,0.9681288
candidus,0.9930035
claro,0.9460709
pietas,0.9896422
pudor,0.99252874
strata,0.9408047
uestis,0.9948926
sordidus,0.9925842
abnueo,0.9832872
relinquo,0.99440825
saepio,0.9922073
mendicus,0.98115075
stola,0.95325726
pala,0.9903512
muttio,0.916865
plebeius,0.97599053
piaculum,0.9854509
caedes,0.99182343
uestitus,0.98110384
squalidus,0.98173
lubenter,0.877077
enodo,0.96918535
ciuitas,0.9776042
incendo,0.9956343
itiner,0.916667
conatus,0.98096144
profiteor,0.9901313
spes,0.9810538
ducto,0.93533856
delphicus,0.9823551
pulsus,0.98430663
increpo,0.99163604
cogito,0.99399394
penso,0.9917663
puto,0.9905517
tardus,0.9967454
senectus,0.99035835
impetro,0.9881457
uitalis,0.9897748
abigeus,0.6785934
condicio,0.94848776
repudio,0.97169703
reddo,0.99693125
ilico,0.93290913
contagio,0.9744059
haereo,0.99630356
quisnam,0.9923579
heuc,0.96320933
conglomero,0.87996876
contigo,0.89555544
figo,0.9956015
asper,0.9972085
euiscero,0.9517141
pendeo,0.99520725
spargo,0.9961649
tabum,0.9776937
sanies,0.98660123
ater,0.9910931
sepulcrum,0.989779
recipio,0.9920024
remitto,0.9945872
requiesco,0.9804814
uulnero,0.99438214
mandatum,0.9519322
hostilis,0.9929311
ullus,0.988537
potis,0.9776335
consisto,0.9918983
deuito,0.98304325
aesculapus,0.88852036
sauceo,0.94049364
oppleo,0.9832102
porticus,0.9907006
participo,0.9764023
proelium,0.99184173
sustineo,0.9899588
acies,0.98921216
inclino,0.98588514
amicitia,0.9887223
inimicitia,0.9785007
frons,0.99611783
promo,0.9918016
haud,0.9807727
obduco,0.9924563
crassus,0.9670473
puluis,0.9876268
peruolo,0.9723359
patefacio,0.99317586
tueor,0.99541074
sudor,0.98530877
philosophor,0.96116054
paucus,0.99185026
omnino,0.9808316
placeo,0.99146974
fremitus,0.99369323
lugubris,0.98764956
succingo,0.9924546
marus,0.9743379
areopagita,0.8889538
pila,0.9790208
vnde,0.9212485
summa,0.98626775
certus,0.9898787
dimitto,0.9818851
temere,0.9889977
turbidus,0.9932821
bonum,0.9816923
nihil,0.9946895
extemplus,0.9762689
neco,0.9916718
fauces,0.9861671
russus,0.9069977
plaudo,0.99325746
premo,0.99742866
ala,0.97213984
reduco,0.9878378
deueho,0.98760766
desero,0.9860372
potus,0.9505813
perpetior,0.9884728
titani,0.86565894
triuia,0.9760686
stirpes,0.9906932
gremium,0.9943222
quaestus,0.9873581
fingo,0.99596864
suscito,0.9524648
sententia,0.9837357
accendo,0.98754483
nilus,0.99303347
minus,0.98687315
luceo,0.98746145
defio,0.9712812
concutio,0.995669
labo,0.9906609
fornix,0.97504044
exsecror,0.9850252
flagitium,0.9874157
principium,0.9799622
nudo,0.99247026
almus,0.9791849
apto,0.99362314
pinna,0.99480015
iurandum,0.9804065
sanctus,0.95312065
societas,0.9832463
occumbo,0.9818973
obuius,0.9929614
perduellis,0.9702302
sospes,0.99035513
arbitror,0.9849756
induo,0.9825805
uox,0.9954476
concido,0.9798523
obruo,0.9909727
adito,0.8962076
festiuus,0.97677946
festino,0.9915812
cubitus,0.9147574
humus,0.9916208
imprimo,0.99369586
gena,0.988244
opprimo,0.99238175
conuenio,0.99075806
eus,0.7705761
puella,0.9819493
e,0.983178
succedo,0.98500055
uillosus,0.96815205
uerso,0.9912677
mucro,0.99270475
foedo,0.99402887
uanus,0.9913355
uoluptas,0.99205554
peruinco,0.96970177
pertinax,0.9781197
peruicacia,0.93791807
statua,0.98326755
romanus,0.97436786
columna,0.96746516
geso,0.95913154
scipio,0.9845053
inuictus,0.9956928
eques,0.98934907
magister,0.98385143
consul,0.9841314
munimentum,0.98157465
mundus,0.9813584
silentium,0.98684937
unda,0.99515355
pausa,0.9583185
reprimo,0.97929823
ungula,0.98924196
constito,0.83759254
perennis,0.9833951
uaco,0.99347484
hannibal,0.9915943
copia,0.9861469
considero,0.9916617
longus,0.9964903
splendeo,0.9855456
horreo,0.9960276
seni,0.9818909
ennius,0.9702202
imago,0.9821294
pango,0.982577
funerum,0.99455374
fletus,0.9874582
uolito,0.9951168
a,0.9851705
maeotus,0.9587971
palus,0.99466836
aequipero,0.9751722
caelestus,0.94150627
porta,0.9674484
pateo,0.9947435
uio,0.847172
veneria,0.73878384
corolla,0.9625635
cyprius,0.97975963
bos,0.98201805
tenere,0.98687553
tonsa,0.9811196
rhetoricus,0.97666675
icior,0.980339
retro,0.95085114
recido,0.9875728
supinus,0.9927583
auena,0.98532975
lolium,0.95424616
cresco,0.99530923
triticum,0.97562474
seligo,0.9449292
secerno,0.99514747
sedulus,0.98657817
opera,0.9714173
addo,0.99501413
quoniam,0.97155976
studium,0.9877462
sereo,0.97723573
clipeo,0.9469449
mustela,0.9688095
mus,0.97092056
aenus,0.98896986
plurimus,0.9922456
abydi,0.9228431
mitylena,0.86466837
pecte,0.9871302
ambracia,0.95834607
finis,0.98749167
brundisii,0.9184954
piscis,0.9871868
tarentum,0.9889721
emo,0.9716761
glaucus,0.9904039
cumae,0.957561
praetereo,0.99523187
cerebrum,0.989844
paene,0.99022067
superior,0.98378843
nestoris,0.7521125
turdus,0.9810958
umbra,0.9870563
polypus,0.9535542
corcyra,0.9377079
caluaria,0.9276141
pinguis,0.99528575
purpura,0.98401594
dulcis,0.9941033
quoque,0.98548967
echinus,0.97035235
somnio,0.99010974
frigus,0.9943099
misceo,0.9954965
calor,0.98958814
humor,0.9776243
resumo,0.9852484
denuo,0.923424
cibarium,0.97870785
frux,0.99484074
ignis,0.98718935
sumptus,0.975806
iupiter,0.90181947
graeci,0.99200743
nubes,0.9851244
iste,0.98648846
iuuo,0.9976482
penelopa,0.89287114
soror,0.9772819
uiduo,0.97737116
careo,0.9958676
sollico,0.8898734
officium,0.9743939
magus,0.9766357
crucio,0.9848736
unicus,0.98404396
perhibeo,0.9680971
inprobe,0.8664724
inmerito,0.9828796
saturo,0.9626661
senium,0.9929644
neu,0.9876411
persa,0.9923757
parum,0.98070014
euenio,0.99274594
memoro,0.99026453
quom,0.91378385
ecquis,0.9790633
suos,0.6766093
posthac,0.962319
quamobrem,0.8533717
memino,0.96156627
aliter,0.9753842
obnitor,0.9923323
inmemor,0.98678464
gratus,0.9926011
huius,0.5851749
benignitas,0.98248494
paeniteo,0.98514485
cogitandus,0.9452729
augeo,0.9940097
propemodum,0.98532647
ostendo,0.9944811
igitur,0.97900206
quaero,0.99231637
usus,0.98744035
maneo,0.9933854
habitus,0.9872285
supellex,0.9847655
monumentum,0.97554636
commonefacio,0.95947075
bubula,0.9814722
habito,0.9576609
nitidus,0.99217933
aedes,0.9770035
maior,0.99022853
inuido,0.9559613
ind,0.39295727
offirmo,0.9013443
exoro,0.97434074
dedecus,0.98483247
equidem,0.97605944
occipio,0.9520282
ratiocinor,0.95827204
adsimulo,0.9533127
culpa,0.98759
tempto,0.99525654
leniter,0.98763645
minaciter,0.9685006
lis,0.9616633
decurro,0.9948995
spatium,0.99174595
turba,0.9902692
deinde,0.989293
paternus,0.9881125
ecastor,0.6826016
osculum,0.99574065
adsido,0.82985556
sat,0.98376626
adsideo,0.98925376
subsellium,0.9858235
mane,0.9587755
puluinus,0.96210843
procuro,0.9692416
so,0.9532615
sedo,0.98683465
satis,0.9889221
perinde,0.9570835
pudicitia,0.99028593
socius,0.98466444
auceps,0.98333883
adhibeo,0.9924237
imperitus,0.99298954
discipulus,0.9631667
magistra,0.9855261
exquisitus,0.85614455
peus,0.98410237
peius,0.976286
moror,0.9919894
reperio,0.9912046
exquiro,0.99025756
ergo,0.98099303
ambulo,0.97247314
meritum,0.97766507
uicissum,0.98845005
nuncia,0.87890184
tempero,0.9854659
uito,0.99514043
uitium,0.9955572
cottidie,0.9920473
pridie,0.9577256
postridie,0.98618996
auctor,0.9830564
olim,0.99399614
oporteo,0.963345
nupto,0.91210514
regina,0.9628163
latro,0.9876247
pendo,0.9943955
nuptus,0.9749058
abhinc,0.9552619
triennium,0.984267
inuitas,0.9410471
neuter,0.9844972
persequor,0.987949
arbitro,0.9169837
narro,0.9942621
familiaris,0.98074096
forte,0.9846888
i,0.9772193
arcesso,0.98457724
adduco,0.9840418
asia,0.99285334
interuiso,0.83063173
propero,0.9929283
actutum,0.9313028
suspicor,0.99171305
satur,0.9740497
aluus,0.97144103
mensis,0.9790575
gesto,0.99402994
decem,0.9841527
paruolus,0.95144975
pauxillulus,0.8974185
uterus,0.9692731
maxumus,0.9268563
dolor,0.99218315
nequeo,0.99404407
uolgo,0.98244315
soleo,0.99515593
elephantus,0.9842568
grauida,0.99138206
perpetuus,0.9912797
semen,0.9821114
certo,0.9920261
complures,0.9796071
ridiculus,0.98197603
quispiam,0.9745397
uenalis,0.9943025
ornamentum,0.9867073
quaeritum,0.7981396
paruus,0.99750173
pusillus,0.9746405
attingo,0.99276173
annona,0.93621016
carus,0.98358655
propterea,0.92894363
acriter,0.9857708
siqui,0.97095484
essus,0.76146346
pessumo,0.93242174
cena,0.9831294
promitto,0.99208343
grauo,0.98911345
commodum,0.9713848
inquam,0.99062145
uicarius,0.97742003
nihilum,0.9530493
ceno,0.98616314
herclne,0.8989726
lumbus,0.9639554
diffringo,0.9488615
uere,0.9824585
subigo,0.9955103
barbarus,0.99361944
disco,0.9955194
compendium,0.982723
auctio,0.9485086
praedico,0.9838146
uendito,0.9888792
illsum,0.731316
priu,0.66079426
conloquor,0.9796368
curiosus,0.9907987
alieno,0.94988704
perquiro,0.9834197
caussa,0.84354806
praedium,0.9784653
dos,0.9124801
diuortium,0.9894077
laboro,0.9958863
damnum,0.9781981
gaudeo,0.9910306
maliuolus,0.9718039
potatio,0.9265853
demortuus,0.86261356
quot,0.9948294
defleo,0.9905561
potio,0.9645766
mello,0.8889737
prandium,0.97950363
prae,0.959842
aegritudo,0.97434956
consenesco,0.9928794
emorior,0.98211896
decretum,0.97471166
logus,0.8996589
licor,0.744469
coena,0.9559394
posco,0.994348
ehem,0.8692808
sino,0.9908775
unctio,0.8380203
graecus,0.98681986
strigilis,0.9560692
ampulla,0.93355787
rubidus,0.86601865
recondo,0.9908455
reliquiae,0.9624669
decuma,0.85862637
adhaereo,0.98788977
infumus,0.79353464
uenter,0.9933382
mecastor,0.88673747
eu,0.8716947
rogo,0.98781335
extum,0.96838343
coquo,0.98929113
agna,0.979585
modius,0.98614454
sane,0.9671307
demiror,0.931205
miror,0.99074876
periclum,0.9830302
pictura,0.9803116
uinum,0.9924608
poculum,0.99348724
mercurius,0.9892926
affero,0.9919246
nuntio,0.9844927
onustum,0.95686316
porto,0.9863029
laetitia,0.97884905
prŏfectus,0.9956974
amoenitas,0.9829638
uener,0.8937662
adfero,0.98572195
ripa,0.9935608
abundo,0.99099356
horto,0.90589374
honesto,0.9844899
decus,0.9916209
egeo,0.9914082
subuenio,0.9911452
maius,0.91562694
exspectatio,0.9781131
aduentus,0.98423874
cupide,0.9806904
floccus,0.936125
depulsus,0.9882736
tranquillus,0.98509383
concinno,0.97705257
harundo,0.99581283
sportula,0.9422123
supplex,0.99547184
donum,0.97957206
quadriga,0.9862156
ueho,0.99720454
nugae,0.96665347
adporto,0.9611336
gaudium,0.98411846
grandis,0.9843906
uix,0.9950317
domina,0.97410023
exopto,0.97352564
ultro,0.9902831
deporto,0.97974825
impertio,0.9825851
superbia,0.96455145
recogito,0.9386796
eximo,0.99183613
insperatus,0.98160374
opportunus,0.97736657
contemno,0.9943459
simul,0.9852278
meditor,0.99539024
olympii,0.8503759
curriculum,0.96652555
occludo,0.9190046
ianua,0.9904874
aperio,0.9898494
adpropero,0.8805745
remoueo,0.99535614
pultus,0.7339108
erus,0.8907424
defessus,0.990331
postremum,0.9495485
uae,0.8999056
compello,0.9828101
saluus,0.97925895
piscator,0.9826881
pridem,0.9703616
colubra,0.938098
iracundus,0.9827199
ea,0.62178665
inclamo,0.9709849
uiso,0.9959424
properus,0.9896686
prope,0.98248446
respicio,0.9930679
rogito,0.9748305
quidni,0.9729329
fastidio,0.9916896
propudiosus,0.92496055
omitto,0.9911677
retineo,0.99332994
lassitudo,0.9805278
celer,0.9954262
nimius,0.9937674
salua,0.8897079
medulla,0.9956057
percipio,0.9866023
nequior,0.95963454
iniustus,0.9934055
induco,0.99083793
munditia,0.96324426
scopo,0.94607365
araneus,0.96965295
textura,0.95973766
improbo,0.98191905
deicio,0.99224234
tela,0.975097
algeo,0.9854524
suffragium,0.96557724
aedilitas,0.9511826
conspergo,0.9442279
aranea,0.9672798
lectus,0.9945675
sterno,0.99491197
lignum,0.9771986
caedo,0.9951922
depurgo,0.8671405
glandius,0.78870475
uelis,0.99065185
semul,0.8156717
percontor,0.9930843
portitor,0.9734871
ueno,0.98032403
conspicor,0.9774337
interim,0.9835108
peruenio,0.9878074
interibi,0.8667662
conspicio,0.99170166
stichus,0.91044444
adueho,0.9919776
lana,0.9844838
leco,0.6199882
eburatus,0.7515135
auratus,0.984382
accubo,0.96661365
regius,0.9909197
babylonicus,0.8796375
tonsilis,0.91816324
tappes,0.87539005
postis,0.991511
fidicina,0.9612287
tibicina,0.89462495
sambuca,0.9286214
eximius,0.9885863
adbibo,0.8112358
unguentum,0.9810418
optingo,0.9317496
hereditas,0.95177853
perquisitor,0.8505474
perierum,0.7284
adaugeo,0.95281786
uoueo,0.994027
aliquando,0.9870659
importunus,0.9805349
pamphilus,0.94885516
ceo,0.9653245
praecurro,0.9914744
exoptabilis,0.8743737
ilicet,0.97131777
discedo,0.9957273
famulus,0.9803833
diuinus,0.990054
ui,0.79697776
administro,0.9814677
expello,0.99372935
gratis,0.98068565
tempestas,0.990819
mercimonium,0.9305576
lucrum,0.97524786
quadruplico,0.8682816
antipho,0.7978773
adfinis,0.9810023
cumque,0.9491877
reuenio,0.96885085
ibidem,0.9729236
naua,0.7538474
aliquanto,0.9675493
seu,0.9603222
mulco,0.98534
cadus,0.9752208
uetus,0.9915232
propino,0.9542527
papa,0.6166457
rogatus,0.85026026
necne,0.98064256
ratio,0.9893943
insto,0.9936366
proxumus,0.9500367
condico,0.9398006
symbola,0.77292883
syrus,0.9471978
hortus,0.9888686
transeo,0.9940162
tempeo,0.82076406
uerber,0.99483573
seruolus,0.89368594
poto,0.9922097
inuidia,0.99528384
inuenia,0.8573557
ostium,0.9737078
posticus,0.9647902
commeatus,0.9776461
secundum,0.96121
confido,0.9841367
delenio,0.9720643
auspicium,0.9815914
exeo,0.99158627
apstulo,0.9407494
strena,0.84488136
augurium,0.99269456
adloquor,0.99277985
prosilio,0.99168646
plenus,0.9874574
faco,0.8917579
lubeo,0.73636377
conuiua,0.9921982
vnus,0.9799348
apertior,0.985135
plane,0.9608432
uenia,0.9922153
nouo,0.993001
lectum,0.9273745
accumbo,0.9815984
legatus,0.95939237
publicus,0.96825016
summatis,0.85992444
cras,0.947023
reliquia,0.9672262
obnoxius,0.98448586
incertior,0.8158872
bestia,0.98707926
decio,0.82723755
conuoco,0.98798203
consulo,0.9929548
lex,0.9823658
uolup,0.8246914
aps,0.8562983
uocem,0.80525255
par,0.99340653
desidero,0.98910576
perendie,0.8722349
pacifico,0.93331194
itidem,0.91461265
nimia,0.7702993
exilis,0.98775697
socer,0.9907475
magi,0.8678828
uectis,0.97884893
exonero,0.9607513
clementer,0.9797609
onero,0.9937034
nosmet,0.9808774
continuo,0.98735195
praeso,0.86180425
apologus,0.8894576
nupta,0.98853254
porro,0.9257281
cubito,0.93633485
quattuor,0.98833096
dao,0.85233915
contrunco,0.8558477
uidelicet,0.9583689
parcus,0.99178135
nequam,0.95042366
denego,0.9611312
granum,0.9908151
se,0.944578
concubina,0.95234656
doto,0.9827367
indipiscio,0.84856415
benigne,0.9803052
paco,0.987253
foueo,0.9934521
opperior,0.98577
fabris,0.9342279
opu,0.641691
famelicus,0.9502368
lupus,0.98799
sermo,0.974114
ludifico,0.9601621
memor,0.9900882
delibero,0.9893314
cognatus,0.99165714
iugulo,0.9909088
adgredior,0.9935322
saluo,0.9592125
medimnum,0.825202
mille,0.98340183
fabulo,0.8621805
malignus,0.98712444
inuito,0.99174285
scitus,0.91347605
superfio,0.8712598
uasa,0.8891598
utrum,0.9269806
renuntio,0.98056793
suscenseo,0.9354242
excuso,0.9807199
decipio,0.9924979
perspicio,0.9841307
inhio,0.986146
suadeo,0.9923562
celeriter,0.98417485
ibis,0.9696474
percusdo,0.9849211
prodeo,0.9912662
puplicus,0.89794505
siquidem,0.9709288
condio,0.990331
p,0.9446687
um,0.9450651
cuneus,0.9861997
ferreus,0.9899714
tantillus,0.92405725
catellus,0.9550878
cubo,0.9906746
reso,0.7528616
huce,0.8895279
carcer,0.99109256
genius,0.98622835
inmortalis,0.96351135
crux,0.94087327
perduco,0.99472594
meum,0.7424685
depugno,0.984294
confringo,0.97934616
satius,0.96946156
felicitas,0.98822594
tuno,0.972589
grauis,0.9965446
uide,0.6161467
crastinus,0.9767365
intus,0.97445315
iunceus,0.9358963
gula,0.9647721
committo,0.9930108
stulte,0.9821875
prouideo,0.98704416
transfero,0.9934988
nix,0.9836144
nutrix,0.99535847
graecia,0.9924092
conseruo,0.9867876
mando,0.9913106
facetia,0.9588527
dono,0.9817208
iocus,0.9947409
sauium,0.93673116
saltatio,0.95411646
blanditia,0.9920269
dionysus,0.87313664
conuiuium,0.99628913
datum,0.9745269
attineo,0.98274404
proi,0.872329
eluo,0.9798313
peregrinus,0.98756564
scaeuus,0.93123853
spectator,0.9849663
certior,0.98177624
arcessitus,0.9756328
apparo,0.9700907
ceterum,0.9523708
adlego,0.955257
pompa,0.98692477
praeficio,0.98521847
comissor,0.89447284
ministro,0.9778329
satus,0.95037913
commodulus,0.8318634
olea,0.99029917
comminuo,0.9669148
crustulum,0.9018233
modeste,0.9811467
ampliter,0.8365165
suom,0.8717464
diuitiae,0.9890438
cantharis,0.9380394
bibo,0.9870728
ecficio,0.83904684
moenia,0.98579645
mica,0.9652333
pacto,0.7723123
diuido,0.99688137
prouincia,0.9677992
inhibeo,0.9724572
exorno,0.9869854
lectica,0.98111606
cantharus,0.9756338
cyathus,0.97703993
tot,0.99544424
graeca,0.9562261
pulpamentum,0.89012873
cuppedio,0.7877428
tibice,0.9899093
siquis,0.9926688
impendeo,0.97499204
eripio,0.9959839
tibia,0.9911536
uorio,0.8131632
quamquam,0.98736125
noceo,0.9967548
labeo,0.9355234
sufflo,0.945773
bucca,0.9563961
proserpo,0.9227526
agedus,0.9232093
demuto,0.9213023
ora,0.9827253
primum,0.99147594
scortum,0.9838892
unianimis,0.7972724
inuideo,0.9956974
euoco,0.98603106
salto,0.99150586
suauis,0.99023974
amabilis,0.9846746
amoenus,0.98778653
egredor,0.8681551
hilarus,0.95673
hilarior,0.8042399
mel,0.97117704
amabilitas,0.7459687
morigeror,0.9299809
deliciae,0.9838629
tertus,0.6834099
orno,0.98786175
inficio,0.98726904
meretrix,0.9816905
odium,0.9918104
inmunditia,0.88152415
merus,0.96061325
uapulo,0.98112524
peculium,0.9414807
actus,0.98725146
dispereo,0.94728446
mulsa,0.96635485
suauitudo,0.8960571
prurio,0.9699174
consuetus,0.98466754
antehac,0.9347284
cantio,0.91200066
perprurisco,0.83661795
unguicula,0.7971426
dudus,0.82838476
grauatus,0.8592162
fur,0.9794359
inflo,0.9886519
suauiter,0.9384824
nouus,0.9944277
ionicus,0.9199401
uorsus,0.8805003
tatus,0.673813
cinaedus,0.9718622
poueo,0.7608509
fungus,0.9462973
neaera,0.93256503
nerie,0.9369065
mauortius,0.90740764
conubium,0.99240816
uoltus,0.9699937
uendundus,0.87527156
laetum,0.97784346
adiuuo,0.99236494
peregrus,0.81559896
amplus,0.99167055
perpetuo,0.97356796
incepto,0.91687036
adfico,0.90754336
concessum,0.9294016
s,0.97953475
praesum,0.96524245
approbo,0.98621964
iussus,0.98543465
metuor,0.84729636
precarius,0.9513582
etenim,0.9608676
quiuis,0.99188334
iustus,0.9779554
facilis,0.992245
insipientia,0.93130326
iniquus,0.9875583
ignoro,0.99082404
debeo,0.98572135
tragoedia,0.9881518
mars,0.9919387
bellona,0.97041184
commemoro,0.99102616
benefactus,0.81714404
meu,0.762746
architectus,0.9761285
exprobro,0.98954284
contraho,0.97125745
commuto,0.98819405
comoedia,0.9775783
super,0.95718235
singulus,0.9898009
delego,0.9632701
cauea,0.9833382
pignus,0.9464997
toga,0.98956645
siue,0.97584295
ambeo,0.9494527
palma,0.9883758
histrio,0.9757555
artifex,0.99031484
aedilis,0.98953253
perfidiosus,0.9122021
magistratus,0.9820038
uictor,0.9952761
ambitio,0.98509705
perfidia,0.97808355
ambio,0.99286735
quiue,0.97336286
corium,0.9880684
proscaenium,0.93066746
praeterea,0.9910177
una,0.9611254
thebae,0.9894192
alcumena,0.9385184
electrum,0.97220427
legio,0.97655976
thebanus,0.9847873
ipsemet,0.76595825
exercitus,0.9654288
amator,0.9707065
complaceo,0.9160883
clam,0.9790004
usura,0.94506943
comprimo,0.99399877
utrimque,0.9835701
qua,0.9913796
admiror,0.99172103
seruilis,0.984971
schema,0.9716053
ueteo,0.955923
incesso,0.9797256
amphitruo,0.70628256
uorto,0.9101083
sosia,0.9385777
praeseruio,0.7903158
crebro,0.9872496
complexus,0.9832419
moechus,0.9887866
internosco,0.92151856
petasus,0.9031161
pinnula,0.8833812
torulus,0.7975022
lanterna,0.9395367
audacus,0.9595686
iuuentus,0.9926227
promptarius,0.7784464
depromo,0.98205316
flagrum,0.9661784
dignus,0.9915505
deputo,0.94021803
incus,0.96118695
octo,0.97478974
ualidus,0.9942197
hospitium,0.99050957
ingratium,0.8549671
excito,0.9939512
nonne,0.9904849
durus,0.9973957
diues,0.9968991
adsiduo,0.9937519
dictum,0.9740132
quietus,0.9900649
expers,0.987463
reor,0.99336237
reputo,0.9834261
ferundus,0.93365514
onus,0.9864062
queror,0.9968203
uerna,0.9877311
natus,0.98320556
uerbero,0.9765582
ingratus,0.99411476
contingo,0.99577147
duellum,0.96875715
exstinctus,0.97929776
interneco,0.8534781
acerbus,0.99252075
obicio,0.99424046
uictus,0.99679244
expugno,0.99255586
ero,0.88404506
adoria,0.77711916
popularis,0.97987527
creo,0.9769162
stabilio,0.95721984
praemitto,0.964466
ductus,0.93963224
mendacium,0.97143626
simulo,0.99393904
tango,0.9960331
deligo,0.9866891
princeps,0.9809251
lego,0.9824156
raptum,0.9908174
raptor,0.9876793
asporto,0.97314286
itero,0.98462236
magnanimus,0.99113137
fretus,0.9897947
superbe,0.9819038
ferociter,0.9620474
tutor,0.92534393
pertulo,0.88133836
produco,0.99207246
praeditus,0.9865764
exitus,0.9868896
dispertio,0.96916413
instruo,0.9820224
uico,0.97850615
focus,0.98514843
tuba,0.96678233
consono,0.9784455
illinc,0.97494316
suscipio,0.9829999
hortor,0.9966004
boo,0.9164618
anhelitus,0.99010736
nebula,0.988487
uolnus,0.9645289
denique,0.96236855
uoluo,0.9952589
crebris,0.93548167
ferox,0.99156624
recedo,0.9913529
demigro,0.9629017
optineo,0.9896289
dexter,0.99394643
pareo,0.9944688
co,0.9849482
inuolo,0.96563405
protero,0.98565584
adhuc,0.9842578
perperam,0.9643866
penetro,0.9926501
manis,0.9548434
uesper,0.9898123
commemini,0.92670494
dirimo,0.9849632
interuentus,0.9721818
ignosco,0.99404156
peccatum,0.9530232
dicio,0.9781397
arbitratum,0.7407382
patera,0.9822823
solitus,0.9893448
capesso,0.9868721
eludo,0.9910025
status,0.98374367
similis,0.9919986
astutus,0.9747021
aspecto,0.9731446
certe,0.9789943
obdormio,0.95721793
septentrio,0.978232
commoueo,0.98967946
luna,0.9877637
vergilia,0.74642617
pulchre,0.9318554
locum,0.95788777
longior,0.9825889
pependo,0.82628477
perpes,0.9229671
longitudo,0.96320987
dormio,0.98713046
adpotus,0.7125125
plusculum,0.7694585
ai,0.9235664
furcifer,0.95483077
infortunium,0.91091585
scortator,0.8798352
conduco,0.9892012
sapienter,0.9649817
complector,0.9907185
opsequo,0.903772
detego,0.9900593
deludo,0.9791411
dens,0.9916503
misericors,0.93648446
uigilo,0.99484444
pugna,0.9884622
clo,0.9489914
concipio,0.98999596
pugnus,0.9601558
sopor,0.9921341
nudus,0.9894125
quintus,0.9795159
autumo,0.9602561
cingo,0.99714434
apagio,0.84927297
largio,0.974553
pondus,0.99338883
pondero,0.9727009
tractim,0.943033
continuus,0.9944751
peruigilo,0.98858476
nequiter,0.8866648
interpolo,0.92689043
exosso,0.9118452
percutio,0.9637966
murena,0.8893862
aspexeo,0.9272002
oleo,0.9711761
quidam,0.9902824
gestio,0.9896015
aduolo,0.98679715
infelix,0.9941623
interuello,0.7601198
iumentum,0.9844026
lassus,0.9897013
nauseo,0.9457672
existumo,0.9488499
nescioquis,0.89111364
uicis,0.98885906
torpeo,0.9927783
uerum,0.9896393
confidenter,0.96638894
cornu,0.9822006
concludo,0.9765916
mentio,0.96545655
proficiscor,0.9920102
numquid,0.96501446
pudice,0.92503613
adseruo,0.95188725
familiariter,0.98132217
horunc,0.79780006
superbus,0.99049675
quonam,0.9903413
fustis,0.9833205
prohibeo,0.98697764
haecine,0.9023421
compositus,0.9885488
colume,0.98698175
consuo,0.9732998
tunica,0.9669442
mentior,0.9926578
futurus,0.98640406
clamo,0.9786544
indutiae,0.9675974
parumper,0.984483
ua,0.949276
fallo,0.9960716
iratus,0.9714025
libere,0.98130035
foedus,0.9829419
uera,0.9560682
utut,0.82153785
reticeo,0.98915696
sanus,0.9874258
nonnes,0.97749615
persicus,0.98914737
contundo,0.98730516
dubito,0.9831206
ementior,0.9544652
solutus,0.99079096
gestus,0.9871952
memoriter,0.94070953
cistula,0.9015054
capto,0.99383354
impleo,0.9831338
merum,0.9798616
factum,0.96775883
ebibo,0.98299676
illac,0.95363253
iuro,0.98510003
falsum,0.9783205
interrogo,0.9938308
speculum,0.96840644
uestio,0.99218535
sura,0.9744375
tonsus,0.7243689
mentum,0.983377
barba,0.9906579
tergum,0.9923182
similior,0.93288094
optempero,0.8788885
insco,0.83081555
immuto,0.9873408
possideo,0.9899249
rado,0.9918078
caluus,0.9843833
pilleus,0.9777615
prosperus,0.98484534
amoueo,0.9885495
molestia,0.9578719
error,0.9884236
dementia,0.9805732
satietas,0.97043806
demos,0.98157996
redigo,0.99326706
coniunx,0.9937751
concieo,0.9815559
insimulo,0.9847514
tranquillum,0.9640787
fetus,0.994025
stuprum,0.9931123
clandeste,0.95267767
delictum,0.97339374
subditiuus,0.92970943
usurarius,0.83447254
subito,0.99365425
sycophanta,0.9211278
blande,0.9877574
palpo,0.9599946
femina,0.9898386
diligo,0.9857632
concaleo,0.8842372
herius,0.7885606
hocci,0.85949075
depereo,0.9611984
conspectus,0.9567002
curatio,0.9440958
ahus,0.90553945
clanculus,0.9375843
primo,0.9769846
enarro,0.9828716
persentisco,0.92859906
abitus,0.9596019
corrumpo,0.99126995
tempus,0.9894653
lucesco,0.9526448
condono,0.97278845
condignus,0.8723436
qualsum,0.75087655
opinio,0.98540837
inlucesco,0.9663898
breuus,0.9828884
disparo,0.95332015
quamobris,0.91206264
tuatim,0.77750254
deterreo,0.9858443
audo,0.98512715
promereo,0.97638905
improbus,0.99409634
merito,0.97123736
maledico,0.96554005
ebrius,0.9918736
opto,0.9961531
nusquam,0.9902283
disertus,0.9895572
deliro,0.96339524
neglego,0.99335825
inrisus,0.97130626
donec,0.98302144
edisserto,0.87674296
lact,0.7794362
lac,0.9897337
nescioquid,0.963336
fateor,0.98558885
factus,0.8448621
quotiens,0.9937421
somnus,0.9944548
diligens,0.97272515
compareo,0.97702074
infectus,0.970906
praequam,0.867091
molestus,0.99281394
comparo,0.99011534
dis,0.9879924
comes,0.97186255
consequor,0.9873941
incommodum,0.9902928
repens,0.9919164
beo,0.94582045
solacium,0.9875144
perfero,0.9926038
merces,0.97697216
praemium,0.9894575
anteeo,0.9874658
prognascor,0.7203498
pensum,0.9657351
praesertim,0.97063494
expecto,0.9902149
reo,0.9118518
ill,0.77123994
aeo,0.59451956
melius,0.65031105
sero,0.99316645
satura,0.9496739
praebeo,0.9928862
dicto,0.9833369
situla,0.82822806
puteo,0.9693352
diiudico,0.9779431
deridiculum,0.95179003
dedisco,0.9687255
periclitor,0.9931518
reuortor,0.8832805
commoro,0.9467346
lusor,0.8498713
deliramentum,0.8716684
paullisper,0.99164337
defero,0.99112844
adsentor,0.9175411
bacchor,0.99100536
insanus,0.99005497
resoluo,0.9963263
salutare,0.924073
inrito,0.92428434
crabro,0.9115008
stultitia,0.9731356
pudicus,0.9914581
ei,0.96994376
prehendo,0.9810699
paritura,0.9088342
insania,0.9825481
omen,0.99204254
ominor,0.85743594
condecet,0.92543423
fortasse,0.982862
bilis,0.9534036
diluculum,0.92563653
commemino,0.899252
somnium,0.9871864
expergiscor,0.9755955
prodigialis,0.9479732
tus,0.9826549
iterum,0.98001623
inclementer,0.9428333
abio,0.91250014
thessala,0.9792623
secedo,0.98927283
cerritus,0.86195385
circumfero,0.9884493
larua,0.9011848
infitio,0.7340573
conuinco,0.988285
estneus,0.9242897
praestigiatrix,0.8437078
exsoluo,0.9620579
congemino,0.9732752
posterior,0.9796177
interpello,0.9908674
cenus,0.7081802
adpositus,0.9875617
dormito,0.9557885
ablatus,0.9845102
cubitum,0.9578137
cubiculum,0.98438215
edicto,0.9629135
captus,0.96603024
adsentio,0.95780957
munus,0.99181986
fungor,0.99457204
nimi,0.68558216
praestigiator,0.91733134
iuno,0.9867265
impudicus,0.98779064
audacter,0.977742
proteruus,0.98412156
munificus,0.97624564
examussim,0.9194988
inquiro,0.9894843
matrimonium,0.96467566
conlibitus,0.733135
cenaculum,0.967322
interdum,0.98988414
transigo,0.98947334
insons,0.9910817
accuso,0.9921063
frustratio,0.9460112
inicio,0.99127096
clamito,0.9821982
admitto,0.98904526
sus,0.98349655
deque,0.9744168
adiuro,0.97478086
insuper,0.96653444
exhibeo,0.9868303
osus,0.7676565
heia,0.9456051
purgo,0.9897008
aegre,0.9803963
da,0.9886817
sio,0.5316292
inro,0.97722656
sanas,0.8138845
arbitratus,0.969004
propitius,0.9535159
huiusmodi,0.9299066
interuenio,0.98238945
bis,0.99122715
uas,0.9809666
adorno,0.98340076
redio,0.9263804
gubernator,0.96761906
prandeo,0.97166145
collum,0.99506813
traha,0.9572836
instituo,0.9834398
derideo,0.9835662
ioco,0.96828383
ratus,0.9610637
hisce,0.8419013
diuine,0.91712344
adsio,0.83998233
decedo,0.9886371
senus,0.9882216
adsto,0.98628294
admoneo,0.9947715
inspecto,0.97917545
susum,0.9023758
escendo,0.97462916
accesso,0.9760357
sobrius,0.9840638
suffero,0.98481727
seruio,0.9877757
dein,0.980881
tectum,0.9933008
platea,0.94751775
perrepto,0.8360107
gymnasium,0.9787206
emporium,0.9433594
macellus,0.9498555
palaestra,0.9789643
forum,0.9899869
medicina,0.9842776
sacro,0.9834162
compleeo,0.8289321
quaestio,0.9799193
feria,0.7963649
heus,0.9499631
fatuus,0.9831291
publicio,0.94031173
ulmus,0.99369085
adulescentia,0.97336245
mendico,0.9813832
maco,0.8473895
macto,0.9917182
occasio,0.9735087
infringo,0.9930137
cinis,0.9747947
infundo,0.99548215
medicus,0.9905261
dixe,0.7624754
medico,0.9685225
scrobis,0.99293506
sexageni,0.93410397
thebani,0.98213303
impudicitia,0.9699435
impedio,0.9891062
thensaurus,0.951224
nil,0.9768481
clandestinus,0.9885519
decerno,0.98057604
aduocatus,0.9665362
neue,0.99045384
parturio,0.98230815
inultus,0.9926391
rego,0.99520355
ulciscor,0.9906008
thessalus,0.9841253
ueneficus,0.95331514
perturbo,0.9930407
adulter,0.9933094
constituo,0.9876531
perga,0.82566136
sepultus,0.96306646
enico,0.823134
prospicio,0.9924857
crepitus,0.9809238
tonitrus,0.9884422
tono,0.98082227
insisto,0.99303937
exclamo,0.9932717
cultor,0.99126065
terror,0.97722876
horror,0.9876817
accurro,0.990086
scisco,0.9245831
surgo,0.9853601
bromium,0.9663954
egredior,0.98296773
impello,0.9956763
puerperaus,0.786676
pura,0.94507056
operio,0.9855648
ruo,0.99525595
aurea,0.94178706
ploro,0.98080033
erga,0.9741372
conligo,0.9866395
incunabulum,0.98162556
diuinitus,0.97343457
latus,0.9939854
suppetiae,0.9517418
cuna,0.97693074
deuolo,0.95408726
iubo,0.9347173
deorsum,0.9737178
impluuium,0.94285285
paueo,0.99191463
cio,0.964538
citus,0.9862087
exsilio,0.9757861
perniciter,0.93953
formidolosus,0.97781646
diuos,0.854914
consuesco,0.98845285
dimidium,0.97321546
hostia,0.97440094
teresia,0.77335787
coniector,0.9662805
hariolus,0.95242983
haruspex,0.9884667
concubitus,0.98695886
migro,0.9874476
promissum,0.9832801
clare,0.97398
grex,0.97672737
conductor,0.953684
auritus,0.9674324
resideo,0.9863508
maccus,0.78362083
barbare,0.9534533
asinarius,0.87777746
lepos,0.93620217
sicut,0.96582836
gno,0.9453871
supersum,0.99292636
superstes,0.97387785
superstus,0.97278756
dius,0.93391365
fidius,0.7295726
mendax,0.9779899
dux,0.9901188
tero,0.97601277
polenta,0.96878034
insula,0.9916641
incurso,0.97816384
libanus,0.86394346
etiamnes,0.8839648
ample,0.9899757
us,0.96713763
donus,0.89661396
minitor,0.98827595
ceterus,0.9908935
euado,0.9909922
inuado,0.9928111
adiutor,0.96750927
leonida,0.9378222
qualis,0.9945172
incommodus,0.98546016
obsequella,0.8728094
gnatus,0.96425796
beneuolus,0.87429905
ornatus,0.9635284
fallacia,0.9709716
leno,0.94210917
pudeo,0.9934068
struo,0.9941657
beneficium,0.97700524
percupio,0.80512977
conteo,0.66294575
concredo,0.9313639
pudens,0.96481997
dotalis,0.9217622
uiginti,0.9890653
mina,0.97003585
defrudo,0.8970331
uestimentum,0.9725931
penna,0.9926548
te,0.818174
circumduco,0.97686017
piscor,0.966692
rete,0.97847426
iaculus,0.9889971
optio,0.9837056
leonidam,0.79228294
fabrico,0.9873184
perficio,0.9882579
insidia,0.99176776
deuenio,0.99098164
redimo,0.9900769
intercepo,0.9340459
fiet,0.2000067
lubitum,0.6558655
dehinc,0.9749692
patro,0.98244315
exordior,0.9812809
argentarius,0.96253014
nempe,0.98466796
misere,0.98264873
perfectus,0.9791747
contus,0.98290175
acerrumus,0.8912945
oblecto,0.98648953
panis,0.96671873
pannus,0.98489034
mansueto,0.7617858
inlecebra,0.9915762
nummus,0.9853999
philippi,0.9282749
emptor,0.97610044
remigium,0.9722304
portorium,0.9667615
traco,0.96528494
quomque,0.8440552
solitudo,0.9640408
posca,0.9566021
expleo,0.98765415
modi,0.5137197
fictus,0.9755888
poema,0.9869286
lena,0.9603517
recens,0.9870202
sucus,0.9952625
suauitas,0.98090947
assum,0.93062323
pedisequus,0.92020833
famula,0.9802058
catulus,0.96685493
maledictum,0.97903746
decor,0.98977333
talentum,0.9779658
abutor,0.9897706
mercor,0.98094404
pistor,0.9852989
merx,0.9944274
oculo,0.7166202
coactio,0.62473494
despolio,0.95291805
inlicio,0.9786502
adrideo,0.9582298
columba,0.9603727
pullus,0.9884752
simillimus,0.97618955
area,0.98754793
offundo,0.97760874
adsuesco,0.98607624
capueo,0.95557505
esca,0.98543817
inlex,0.8750415
osculor,0.96517813
papilla,0.9893735
pertracto,0.9789157
oblio,0.9861698
semidoctum,0.7333977
remeo,0.9856077
minae,0.98305
prosus,0.964883
castro,0.9143485
syngraphus,0.86716616
impono,0.99185824
porti,0.55310154
lenonius,0.8774295
faenus,0.9688546
socordia,0.9472328
reicio,0.99049246
segnities,0.9556854
fraudatio,0.76073575
celox,0.85567176
picus,0.96873504
cornix,0.9751548
coruus,0.98075426
parrum,0.7654997
tundo,0.9732091
temerarium,0.91904664
pix,0.98720604
uirga,0.98802
leoonida,0.83465254
requiro,0.99581516
triumphus,0.99092555
scortor,0.88140506
compilo,0.92349416
indiligenter,0.90173876
ducenti,0.9894314
largior,0.98796254
albus,0.9890522
indipisco,0.9001186
auxo,0.88345957
obuenio,0.9664411
opimitas,0.88490415
deuinctus,0.90227467
uincio,0.994959
nescioquus,0.88541734
fraus,0.9916402
concessus,0.9913599
largus,0.99223846
patrona,0.93910587
praesidium,0.97255754
quoad,0.9807241
catena,0.98953086
colonus,0.9841207
lasciuia,0.98722595
expendo,0.977844
centum,0.9881649
dependeo,0.9773391
propendeo,0.9112755
testamentum,0.9777236
compo,0.71594214
improuisus,0.99054754
concelebro,0.98516214
audacia,0.980479
confluo,0.98561877
gestibo,0.7290433
hariolor,0.89273417
coniuror,0.8578983
cruciamentum,0.89300287
firmitudo,0.9233825
tergo,0.980423
soluo,0.9917619
pernego,0.9400322
obduro,0.941911
edissero,0.9764393
placidus,0.9959308
adquiesco,0.9815181
asinus,0.9847845
mercator,0.9873022
pelleo,0.74026483
deuoro,0.9834243
uetulus,0.9827783
claudus,0.97522473
rus,0.98917353
ulmeus,0.94560206
infit,0.9805868
demonstro,0.9906948
callide,0.98317045
aduentor,0.78668886
excludo,0.98921967
seduco,0.9491093
sorsus,0.8789048
interminatus,0.91896
imitor,0.99601513
recurro,0.9936524
puerus,0.9028413
exemplum,0.9918225
ianitor,0.9665342
calcitro,0.9306278
tonsor,0.963944
pellaeus,0.97668755
mercatus,0.89816076
adfuio,0.8902764
macilentus,0.9185164
rufulus,0.82033443
aliquantus,0.981291
truculentus,0.98552144
commodus,0.98621464
pictor,0.98860097
describo,0.9934896
crus,0.99503934
decore,0.9851893
imperiosus,0.9723952
libertus,0.9655769
emitto,0.97859687
moratus,0.672229
detineo,0.97838664
stimulus,0.9905816
contera,0.7990625
praecipio,0.979398
stomachus,0.99114877
suppedito,0.97651243
stercus,0.9931061
splendor,0.9692391
bulla,0.96251523
tamquam,0.98635054
ambulandum,0.8285551
adsiduus,0.9887924
hara,0.84556955
oliuus,0.9919754
uinarius,0.98165226
dromus,0.84982824
dimidio,0.94579786
scyphus,0.958797
he,0.8661293
herclus,0.9073982
abegeo,0.7938265
conticeo,0.99103993
tinnio,0.96702266
iracundia,0.959093
repromitto,0.9598731
periculum,0.9868007
iracunde,0.8998363
impurus,0.95499545
supplicium,0.98612034
fugito,0.976297
contumelia,0.9843963
scilicet,0.9476289
fortassis,0.94004893
capitulum,0.88892037
sordidatus,0.8518075
enumero,0.9856957
rhodos,0.9684603
adnumero,0.97654283
interdico,0.9888019
pio,0.9772465
minuo,0.99276817
culpo,0.9926679
sas,0.4420735
dicaculus,0.86972725
amatrix,0.86067384
castigo,0.9876368
loqueo,0.8270516
taco,0.9777347
remus,0.99011195
uotus,0.98422074
contrecto,0.98335755
blandus,0.99500966
accerso,0.98392385
portendo,0.9919795
trudo,0.98402774
excusatio,0.9618005
consulto,0.9742127
opilio,0.8892541
ouus,0.947996
peculiaris,0.97517735
solor,0.99014413
astutia,0.9652854
lammina,0.9762901
neruus,0.9894018
pedica,0.96518815
gnarus,0.97535574
cicatrix,0.98116195
comitas,0.9778812
conlaudo,0.95789564
fido,0.989069
fraudo,0.99244785
infidelis,0.9327916
perfodio,0.9803778
furtum,0.9492221
infidus,0.98610246
prensus,0.95044553
languor,0.9850216
duritia,0.9742686
lictor,0.98451996
adfectus,0.97934484
lor,0.9271536
relatus,0.98793554
collega,0.97949064
risus,0.9930271
estne,0.89399517
lacinia,0.9315877
pertica,0.9533275
crume,0.8361709
offero,0.9770088
supremus,0.99124295
caro,0.92719907
solo,0.9719784
conscribo,0.9411366
gerra,0.6736795
orcus,0.96094006
abiudico,0.85268563
intellega,0.9179419
deficio,0.9867612
oh,0.52735436
dulcus,0.9880353
circumsisto,0.9667224
fumus,0.97895485
amplexo,0.8717791
patronus,0.9639404
ideo,0.97875875
uelio,0.8453785
praecedo,0.98828083
diabolus,0.671074
polleo,0.9875407
suauium,0.9432901
aspernor,0.9908591
amplexor,0.97396064
interior,0.9633135
colloco,0.9903634
umerus,0.9954201
ocellus,0.9837799
rosus,0.97354937
leonidaus,0.68717897
diiungo,0.9611467
passerculus,0.8634732
gallina,0.98959136
coturnix,0.97015953
agnellus,0.8434289
uitellus,0.9666747
auricula,0.9615124
labellum,0.978989
atquis,0.9592625
confrico,0.9168497
frico,0.96292984
daniel,0.80435824
fer,0.8178122
seruandus,0.9866775
belle,0.85059595
fus,0.83087784
inambulo,0.9635961
tantisper,0.95499253
amando,0.918889
hirundo,0.9847184
circumdo,0.9868947
torquis,0.9766582
circumplecto,0.97078246
inscendo,0.9614596
demo,0.9938391
hordeum,0.9913835
calco,0.99239075
quadrupedo,0.8213414
descendo,0.9862937
adgredo,0.8496647
didio,0.9456248
experio,0.9366411
opportune,0.9112012
pago,0.88371754
dispello,0.98237115
angiportum,0.9243425
pellex,0.9417476
epistula,0.97791696
cero,0.9065424
tabula,0.98182845
inutilis,0.9860469
quadriduum,0.9710424
abalieno,0.9616861
comburo,0.9762702
cera,0.97843695
adicio,0.9816279
caecus,0.97548676
poclum,0.84003854
segrego,0.99066657
talus,0.9633167
admoueo,0.994092
religiosus,0.985216
nuto,0.9917074
nicto,0.9276467
adnuo,0.9883071
lucerna,0.9585238
moueo,0.9961433
captio,0.96850556
relicuum,0.825963
atticus,0.9682078
tussio,0.8651673
proso,0.7999927
grauedo,0.9204985
quoiquam,0.8642345
sertum,0.9911301
uenerus,0.98312706
pus,0.8761991
spurcus,0.9815028
indico,0.9904065
praeripio,0.98965627
suspo,0.8497311
tacio,0.9821536
propediem,0.9619215
luxuria,0.989383
percitus,0.97663146
concio,0.9688023
expilo,0.9564924
decumbo,0.98035437
adpono,0.99004805
numquidnam,0.89082134
siccus,0.9917939
minimus,0.99245906
incontinens,0.93428326
osor,0.8797864
chaerea,0.8622862
clinia,0.95424277
chremes,0.96356153
cratinus,0.9216876
demosthenes,0.98656476
corruptela,0.9605989
lustrum,0.9887751
senatus,0.9765119
cluo,0.945925
sterto,0.9819406
faciendus,0.9844253
fundus,0.98024416
aro,0.98841786
incultus,0.9905749
amplexus,0.9843282
delicia,0.9886043
annuus,0.9917089
adsuetum,0.97237366
capulum,0.97866476
suauior,0.9799567
foeteo,0.8272648
necessus,0.96285653
faenero,0.9347323
fundito,0.7544
uenerius,0.9533387
iactus,0.99022615
mulsum,0.9767705
fullonia,0.6888548
mirandus,0.98388684
pollinctor,0.9113909
subduco,0.9917252
glisco,0.9865918
litigo,0.98288125
fruor,0.99617404
receptio,0.65559053
ingero,0.99063206
murra,0.9526882
dissuadeo,0.97574407
liberi,0.9621318
canus,0.99515533
iudicatum,0.9700095
lar,0.98375857
auus,0.9831323
defodio,0.9872329
ueneror,0.9948776
auidus,0.99594194
inops,0.9931768
impendium,0.9814441
moro,0.9663284
compredo,0.80386883
stupro,0.97936165
uigilia,0.9866487
anus,0.98359025
extrudo,0.96630347
conscius,0.9899225
seges,0.9945252
testudineus,0.9191843
suspendium,0.979095
seruia,0.74017596
murmuro,0.9860244
unguis,0.9911949
excedo,0.987491
discipula,0.86932814
scelestior,0.87672806
imprudens,0.9869373
occipitium,0.9610006
condo,0.99526876
sollicito,0.99570787
quamue,0.91181666
intemperia,0.7957771
interdius,0.8302429
sutor,0.95319206
propinquus,0.98965377
partitudo,0.7983752
appeto,0.9909237
laqueus,0.98812896
defaeco,0.9074495
quippini,0.62105465
philippus,0.9407892
dareus,0.9341694
pauper,0.98487103
exstinguo,0.986056
aufugio,0.9782652
culter,0.9839506
pistillum,0.86378187
mortarium,0.9425303
uinio,0.8526323
cauo,0.99104154
pessulus,0.9131014
discrucio,0.9529611
curia,0.957496
pauxillum,0.95216453
copulo,0.9860383
odiosus,0.98089385
loquax,0.9886761
mutus,0.9660891
saeclum,0.9787061
occultus,0.98408175
eligo,0.9930903
sempiternus,0.9547106
procreo,0.9846654
excutio,0.99539006
grandus,0.9802985
fortuito,0.9686438
postumus,0.9435445
dego,0.98196757
factio,0.96436685
dapsilis,0.93285084
nosti,0.8794004
pauperculum,0.696543
despondeo,0.9749568
curialis,0.8999399
fortuno,0.90906006
indicium,0.98894125
perspicuus,0.9725445
praecido,0.9923458
conqueror,0.9875552
cassus,0.99035484
ostento,0.99270767
harpago,0.9164592
pactio,0.9703822
inuisus,0.97291654
inrideo,0.9728489
derisus,0.96931404
factiosus,0.917804
asellus,0.9925386
coniunctus,0.9772912
lutum,0.9857709
iniquior,0.9484297
neutrubi,0.84718025
stabilis,0.98752666
stabulum,0.98168284
scindo,0.99306417
transcendo,0.9758789
propinquitas,0.9740506
thensauer,0.902971
confodio,0.99235547
pauperior,0.9187203
congredio,0.90692586
radix,0.98605037
quoiuis,0.82365936
idoneus,0.9745331
spondeo,0.98912835
meminor,0.91855174
propere,0.9787808
macellum,0.92594254
adfinitas,0.9861653
deblatero,0.87629354
uicina,0.9959129
uasculum,0.97337925
subeo,0.99387574
celao,0.9043226
occulto,0.9882671
edico,0.9745363
bifarius,0.96852577
propalam,0.96162796
prostibulum,0.92899156
pumex,0.9872758
exsistumo,0.93137825
tigillum,0.9510323
follis,0.9724474
inferior,0.9873163
guttur,0.9901423
profundo,0.9890729
praesegme,0.8410919
ess,0.84141016
pulmentum,0.95481753
miluus,0.9780254
praetor,0.9471385
eiulo,0.9366436
sescenti,0.979105
celerus,0.905802
nonus,0.9843781
coctum,0.96620697
uitupero,0.9915321
agnus,0.96690816
pinguus,0.9758368
subdola,0.93159807
huccine,0.81824607
argenteus,0.98067284
perio,0.9511759
comprehendo,0.99203306
puteus,0.9825562
prodo,0.9936114
temetum,0.9295875
allo,0.8773016
inpuro,0.766062
comedo,0.95702094
coxo,0.76322436
superi,0.7107136
cenatus,0.87175566
confirmo,0.98946357
caros,0.97844756
agnina,0.94493634
uitulina,0.74939334
cetus,0.9637666
porcinus,0.94349694
carior,0.9896699
profestus,0.92177165
tusculum,0.82106507
floreus,0.95687795
larus,0.97602755
uicinia,0.9821872
nimirum,0.98528033
configo,0.9880517
sagitta,0.9913724
gallus,0.9827639
fugia,0.7523025
incola,0.9895922
accola,0.9858369
coquino,0.8062016
pulchrus,0.98508114
onustus,0.9832438
comminor,0.9374321
fodio,0.9849294
mollus,0.98820084
crudus,0.9878259
angulus,0.9787849
conclaue,0.96200764
peruium,0.95640755
temperius,0.8402852
findo,0.9930477
coco,0.9605899
ueluti,0.9436251
gallinacius,0.9176343
circumcirca,0.8376762
manubrium,0.91903543
opulentior,0.9383724
indoto,0.8840047
concordus,0.7408129
paucior,0.97842634
altercatio,0.96136224
mulus,0.9897641
uilior,0.97856104
gallicus,0.9844596
cantherius,0.92717385
parsimonia,0.98430943
mulio,0.9707417
pernosco,0.954846
praefectus,0.969985
plaustrum,0.9946501
uilla,0.987981
fullo,0.95615876
lanarius,0.84958774
caupo,0.9637635
uiolarius,0.9247829
propola,0.87234795
linteo,0.89223945
sedentarius,0.7636099
sarcinator,0.88815737
treceni,0.9070761
atrium,0.9769833
disputo,0.9900301
prorogo,0.97282153
incommoditas,0.92911184
intolerabilis,0.98516226
nitor,0.9950422
oriundus,0.9705119
seuoco,0.9066779
quingenti,0.9783578
argus,0.97591496
oculeus,0.88210404
io,0.97534806
curio,0.97381586
maceo,0.8440708
punicus,0.98972285
depono,0.9903624
adfecto,0.9879879
colonia,0.9796535
alicubi,0.95718455
fiducia,0.986645
maturus,0.9937709
serus,0.99327636
incumbo,0.98897684
scirpea,0.9428001
ratis,0.99207234
pessum,0.9614146
edisco,0.98351264
censio,0.8811389
speculor,0.9905734
latebra,0.9928482
inueno,0.9424982
lucus,0.98852575
perscrutor,0.979669
uspia,0.9636923
ludicrus,0.985808
emico,0.985852
erepo,0.96414316
comparis,0.9137769
adflicto,0.98141676
dato,0.82633346
cauilla,0.63175297
laruus,0.82747614
fator,0.9045266
dexterus,0.9731869
scrutor,0.9842614
turbo,0.99455136
perscruto,0.79273176
subleuo,0.98778725
siluanus,0.9705177
auius,0.9747119
salictum,0.93679875
fis,0.8516193
iuxta,0.93543094
resecro,0.7275922
uterum,0.9854003
lucina,0.98542565
strobilus,0.83485335
iniuris,0.77487075
comitia,0.9555467
mendicabulum,0.8176415
declino,0.9908217
inuestigo,0.9899701
creta,0.992076
heu,0.9938843
maestitia,0.98082423
laetifico,0.94411445
quie,0.8735923
maereo,0.99554634
maestitudo,0.7945
demereo,0.9629829
perditus,0.9723737
deripio,0.9718042
impunis,0.99324775
reposco,0.99119717
confiteor,0.9831172
dimidius,0.97019506
excipio,0.99267006
antimachus,0.90515965
eunomia,0.83980274
repudium,0.96053207
feliciter,0.97928846
impulsus,0.9873831
sitne,0.8034084
adglutino,0.9367836
uado,0.95343274
pedisequa,0.877273
ditus,0.97129166
adii,0.6878589
nutricis,0.8843055
faba,0.9861406
arca,0.93320704
vndus,0.9082648
garrio,0.9511865
strophium,0.9199789
uxorius,0.8490127
admemordo,0.9241333
deni,0.97742236
holus,0.9844062
sublego,0.80999863
modicum,0.9431449
uinclum,0.9927968
saeuitudo,0.78094304
conuerro,0.7589708
scopa,0.95473546
cognomen,0.98363006
taurinus,0.97679615
petra,0.90409267
gloriosus,0.9760636
limax,0.93414724
saeuio,0.99467355
intra,0.98468924
ciuicus,0.9843774
sodalis,0.9795229
excanto,0.89688206
lenocinium,0.9844763
sector,0.98703176
memoria,0.98689187
desum,0.99281114
monendus,0.9671862
germana,0.9617606
cognomino,0.98916566
miserior,0.9741524
dignior,0.9774465
emereo,0.9885489
reueho,0.9851593
uiscus,0.9959431
palumbes,0.9527427
conducibilis,0.90630853
inlectus,0.94998693
mala,0.83447766
latebrosus,0.97682923
aculeatus,0.76550233
fodico,0.93733793
destimulo,0.7798016
saucio,0.9791651
discus,0.9474171
turtur,0.9671594
ubique,0.98197633
cestus,0.85303855
galea,0.99018663
insignis,0.98900974
plectilis,0.7192144
lorica,0.9830895
scutum,0.9898589
pretiosus,0.9887425
operarius,0.96022975
conciliabulum,0.93294096
quamuis,0.9905846
rapidus,0.9959678
fluuius,0.9921019
inlecebrosus,0.8580385
moderor,0.9634026
caleo,0.99350953
uecto,0.98773056
nequitia,0.982105
uenustas,0.98186004
dus,0.9265513
lydus,0.9564831
thalis,0.9661715
argutia,0.97139263
dignitas,0.97068024
disciplina,0.98574674
paedagogus,0.97805
consentaneus,0.9813373
magisterium,0.9807825
barathrum,0.98535484
fia,0.50085586
linus,0.9374645
phoenix,0.98988837
impudentia,0.96603924
biennium,0.9650706
ephesus,0.9719595
pollicor,0.6172445
solidus,0.94029295
moribundus,0.9775182
factito,0.98276514
regio,0.9873214
samius,0.98223263
indiligens,0.89200836
ecquisnam,0.9288997
intermitto,0.98556876
actor,0.9305966
epidicus,0.81019425
nanctus,0.9783382
philippeus,0.86892855
amittendus,0.84274876
bacchidus,0.90700555
aurarius,0.8012788
machinor,0.9749447
machina,0.9746557
concrepo,0.9430379
quinus,0.96927565
piraeus,0.97332287
desideo,0.9719698
chrysus,0.758536
arietes,0.94699126
tondeo,0.98969394
cutis,0.9728489
miso,0.6011034
saluis,0.721506
ubinam,0.94676936
vieo,0.76535153
aspergo,0.979018
athleticus,0.8726194
infitia,0.9701725
symbolum,0.84858227
adulterinus,0.9576819
adultero,0.9796266
recuperator,0.93300545
damno,0.9885179
etiamne,0.8634188
conscendeo,0.8145904
circumspecto,0.9726155
lembus,0.9482546
maleficus,0.9741831
laedo,0.99733794
praedo,0.9859868
dempio,0.8496744
ueo,0.9931901
statuo,0.9896163
tardo,0.9899209
apertus,0.9858885
sco,0.95635796
sacerdos,0.9623611
ephesia,0.94253004
ephesius,0.96563226
priuatim,0.9821071
atfero,0.92453885
attulo,0.8838006
permultus,0.9190557
tutemet,0.96319354
reporto,0.9910234
soccus,0.98580945
nauigo,0.99488324
bellus,0.95691454
futurum,0.7400603
excurro,0.9881501
reprehendo,0.99173236
fabrica,0.9713415
pando,0.9943943
reliquo,0.9519763
bacchides,0.95869356
sorbeo,0.9922075
opimus,0.989559
opipare,0.91405106
infamia,0.9802258
lutulentus,0.9828159
caenum,0.9848765
malefactor,0.8064779
beneficus,0.9585859
ingratum,0.9755014
specimen,0.97901857
specio,0.8291521
certamen,0.98303366
acetum,0.9720105
istaec,0.93364865
adsentatio,0.9656132
prauus,0.99315953
odo,0.9531311
mediocris,0.99178326
cursus,0.99433494
luctor,0.9914291
pugilatus,0.8538251
pilum,0.989956
saliendus,0.8302554
extendo,0.9848272
praecingo,0.98436713
sella,0.9881607
syllaba,0.9865019
maculosus,0.9833551
oboedio,0.9865828
septuennus,0.8713278
postulatum,0.9595612
defenso,0.9534284
attigo,0.94982386
ungo,0.96568537
linteus,0.98782134
hoce,0.9319593
acris,0.8713479
postulatio,0.9701922
consimilis,0.98626554
lupanar,0.98434126
rite,0.97874933
custodio,0.9793443
intersum,0.98100895
triginta,0.9784463
compesco,0.98882157
prompto,0.72379375
sirum,0.59099215
aestuosus,0.9496167
samus,0.9639574
identidem,0.9660091
gnao,0.854323
adfatim,0.96090794
dedecoro,0.94561124
bacchidem,0.9178723
ramentum,0.9454557
plumeus,0.96314603
propensus,0.97952104
opulentia,0.97553444
grauus,0.9894829
remoror,0.9804659
obiego,0.9234308
ignauus,0.99571383
perquam,0.98890233
accuro,0.9337977
funditus,0.9690591
consultum,0.9612418
etiamnis,0.94154257
prolecto,0.91556376
aueho,0.9707661
pulso,0.99007726
propudium,0.8559574
pulsatio,0.91810536
exto,0.9831886
interpretor,0.9909315
cautio,0.9491911
integumentum,0.94580364
progredior,0.99311274
petulans,0.96964705
indomitus,0.9927494
incredibilis,0.9819814
inpos,0.8758092
inamabilis,0.9556835
inlepidus,0.9108112
credibilis,0.98681635
consolo,0.94006246
insipiens,0.9791783
plurus,0.6185907
repello,0.99460363
reiicio,0.9527645
duplex,0.98590887
perpello,0.9604275
expromo,0.98669326
digitulus,0.8838449
primoris,0.9784645
rarus,0.9968205
praesagio,0.98048127
crimen,0.9892336
conglutino,0.9708164
prendo,0.99247503
unumquidque,0.8036777
agio,0.9209841
ballista,0.98659
turris,0.9851524
propugnaculum,0.97800213
corbis,0.9594362
tabella,0.9771445
stro,0.98529476
imperatum,0.9487868
rectus,0.9823647
interturbo,0.7197858
quemadmodum,0.9845203
adscribo,0.9914958
es,0.7836731
scribundus,0.7919762
scriptum,0.95446247
ablo,0.9281482
obligo,0.96928465
conscriptus,0.9507197
stratum,0.9710077
molior,0.9919447
sensum,0.9648453
frictum,0.9184881
cicer,0.9641068
adambulo,0.83677125
repeto,0.9958112
cupia,0.7536387
ferratus,0.9915749
pistrinum,0.9655276
contero,0.9552469
minito,0.83818626
obliior,0.9604887
transenna,0.8199716
lumbricus,0.9659664
tenus,0.9809065
constringo,0.99315923
impingo,0.9903125
quanti,0.9330466
putidus,0.9604136
tunus,0.89625883
astringo,0.9931474
atquius,0.9666383
criminator,0.91517556
audes,0.96581995
exheredo,0.9548923
pertimeo,0.9686451
paciscor,0.97983956
ducentus,0.9637453
exsorbeo,0.868362
conuicium,0.9934313
terreo,0.99424917
nenia,0.9811137
minerua,0.99148375
castor,0.9918793
summanus,0.94806004
saturnus,0.9898341
periurium,0.9874596
suspendo,0.99452686
introeo,0.98315245
demetrius,0.98399234
simillo,0.93481636
consigno,0.96663874
atrida,0.94129634
pergamum,0.9738025
bellator,0.97209394
lamentor,0.96407986
ligneus,0.99308944
sumpo,0.93518656
ellus,0.80193347
bustum,0.993454
exuro,0.98923206
armatus,0.9871768
excidium,0.98813206
ilium,0.9635435
agamemnus,0.885889
lartius,0.75402546
patrius,0.9945306
deprendo,0.9926216
fatum,0.99613655
foro,0.9855247
periio,0.8093984
phrygia,0.9758569
limen,0.99079204
resto,0.9955808
troilus,0.94230264
adsimilo,0.931966
prodio,0.9354485
hecuba,0.9665651
persuadeo,0.9886168
inermus,0.81968963
confligo,0.9899352
consero,0.9850173
deuinco,0.99101377
dispenso,0.9830439
triumpho,0.98499644
quinquaginta,0.9773842
congredo,0.8790091
gradior,0.98267806
recito,0.9469428
gerulus,0.9327143
suspectus,0.9855762
noxia,0.98403805
duceno,0.93795484
diuidia,0.8190337
binus,0.9885543
procer,0.98601335
soluus,0.7911828
curao,0.73808193
efficio,0.9879061
ouo,0.9870624
integer,0.9513467
quaestor,0.98675805
praeceps,0.9937637
inscitus,0.98187137
modestus,0.96866596
desidia,0.9900626
fe,0.78162616
fatus,0.9686247
bardus,0.9147326
indoctus,0.9917705
uro,0.9896816
eradico,0.8961452
consector,0.9775497
spolio,0.99215674
attondeo,0.9424921
infortunatus,0.94119006
ouum,0.9910774
adigo,0.9921039
niteo,0.9955513
derido,0.89215934
detondeo,0.98159546
vetula,0.8307555
intueor,0.99194014
fructus,0.9716155
decido,0.9865541
palor,0.98725736
grassor,0.9897572
balo,0.9627498
ouis,0.9768045
prodigium,0.9713366
mordax,0.98974353
trux,0.9960445
ulterior,0.96388936
lenitum,0.7372427
inlico,0.8308278
uehementer,0.9870366
uiscum,0.9765586
stimulo,0.9846319
aequior,0.97668874
coxendix,0.95680887
ips,0.8877597
tuo,0.97498447
desisto,0.9916542
oppugno,0.98859906
mecus,0.9017191
deterior,0.98731124
acceptus,0.97751737
terebro,0.9697901
addictus,0.9660638
adplaudo,0.9264959
captiuus,0.9919505
natis,0.98182774
quadrimus,0.883349
profugio,0.9924208
fugitiuus,0.99077606
belligero,0.9805908
aetolium,0.9758514
alea,0.9781357
commerco,0.8173643
aleus,0.8395636
confingo,0.9874668
insciens,0.892045
prudens,0.98538315
commentum,0.98251486
homunculus,0.9591816
aetolus,0.98476577
scaena,0.98353195
comicus,0.9847939
choragius,0.8158841
ualentior,0.9477131
iudex,0.9773574
derisor,0.9567821
estnes,0.9196094
inuocatus,0.7559256
planior,0.98525643
prolao,0.7518027
calo,0.98161733
coclea,0.977479
ros,0.98071367
uictito,0.9059577
uenaticus,0.9452985
colaphus,0.9334202
trigemina,0.9440756
saccus,0.94143224
aetolia,0.8498685
filum,0.98525375
inhonestus,0.9853393
tranquillo,0.9919822
und,0.69305503
saturitas,0.9632214
singularius,0.7236829
iungo,0.997077
diligentia,0.98232853
postilel,0.8229164
mene,0.8989197
carcerarius,0.80313146
gnascor,0.8598816
macero,0.96371984
macesco,0.89102936
gusto,0.9904929
eheu,0.9374585
remissus,0.977928
remissum,0.94017774
aliquot,0.98149663
panicus,0.9032521
placentinus,0.8767525
natalis,0.9870212
contentus,0.9861596
emptus,0.92738426
addico,0.99036103
profundum,0.98777425
lepor,0.98034704
calceo,0.9291247
sentisneus,0.6828687
terrestris,0.96784425
aegrotus,0.9705018
leuus,0.96691436
lenis,0.98790574
habendus,0.9921032
eiulatio,0.81573063
dehortor,0.9712914
hiscis,0.93921244
arbiter,0.9784006
breuis,0.9963119
permaneo,0.98198426
dolum,0.9209192
astus,0.98649216
cautum,0.98145473
accurate,0.9220085
diligenter,0.98136675
uilitas,0.98478276
fere,0.9783113
imperito,0.9818939
prex,0.992156
bonitas,0.9744423
conseruitium,0.7604161
hosticus,0.968016
scitor,0.9537842
nescium,0.7672183
adtineo,0.9745873
inquino,0.9795706
pectino,0.90847844
milesius,0.97924984
nugator,0.9479667
excoquo,0.9624068
sebum,0.67166114
auaritia,0.9940073
fcio,0.86823344
nobilitas,0.97850275
aequabilis,0.9142374
arto,0.98440844
insuo,0.96882
saio,0.8347916
honestum,0.95984256
utilis,0.9807559
filiu,0.70998394
cliens,0.99234724
pluit,0.9558201
fidelior,0.9720613
audacius,0.9760516
collaris,0.9119034
fideliter,0.95906144
mutatio,0.9826071
utrus,0.8463707
rectum,0.66588765
rota,0.9893273
honestior,0.9813422
commereo,0.9425396
egenus,0.9710442
auarus,0.99423534
setius,0.9595684
liberalis,0.98460317
meritus,0.87621593
cumulo,0.99085116
fluxus,0.96065664
commendo,0.9933
uiaticum,0.979854
constabilio,0.8055338
malignitas,0.9787041
iliceo,0.90451384
laco,0.9479786
penus,0.9580524
apero,0.9452192
tribus,0.903041
sons,0.9857305
condemno,0.9853921
reus,0.98211205
menstrualis,0.8801039
epula,0.98993856
compectum,0.8482773
irrito,0.9779711
restringo,0.9807231
obambulo,0.96969366
inrogo,0.98488307
cenaticus,0.75008607
decollo,0.91849613
retinendus,0.97660375
emineo,0.9886146
protinus,0.9847451
subdolus,0.97858644
fucus,0.9685098
deprecatio,0.9336736
praestigia,0.9618881
ineptio,0.9586233
proripio,0.9850135
imparatus,0.95115083
atrox,0.98460144
rabiosus,0.92257684
immitto,0.99127555
insector,0.9882098
sputo,0.9519957
uereo,0.93623227
intuo,0.95998514
rabies,0.99227893
planus,0.9928947
restituo,0.9863589
maculo,0.9799831
macula,0.9611438
luridus,0.97758263
inluceo,0.7323477
istinc,0.95746267
apsus,0.7748014
sacr,0.97701734
opino,0.9086121
deliquium,0.784888
exquiseo,0.9550677
scelestis,0.91713154
exploro,0.9907836
acuo,0.99368024
niger,0.9930557
subrufus,0.82150877
crispus,0.97149014
cincinnatus,0.9870958
amplector,0.9938803
nuculeus,0.88292974
putame,0.9579962
susus,0.90197444
corax,0.8764553
lora,0.98557067
lignor,0.8369297
manica,0.97244215
sator,0.9794466
messor,0.97652006
occo,0.9614066
sario,0.9339916
falsidicus,0.93956
uosmet,0.9781013
permuto,0.98817015
ast,0.98698413
memorabilis,0.9861896
praeopto,0.96725214
nuper,0.99000096
lapidarius,0.74268293
octoni,0.96901566
cotidianus,0.98996484
apsoluus,0.8569783
hippolytus,0.98462445
faber,0.99131465
deteris,0.8744714
documentum,0.96292627
offrenatum,0.82297593
elabor,0.99393976
orbitas,0.98123634
redduco,0.84375554
misereor,0.9743823
opiparus,0.7811779
festiuitas,0.9492378
aptus,0.9915181
des,0.9230276
conicio,0.9890526
aeternus,0.9760743
adipio,0.9646994
uoluto,0.99298376
auctior,0.9686669
conlectus,0.9397127
interminor,0.8695151
sisto,0.995127
furfur,0.9805809
odor,0.9855374
scrofa,0.956828
exculco,0.7932904
basilica,0.8600377
foetidus,0.9382738
cantherium,0.8676058
odus,0.8807638
lanius,0.95679766
liberus,0.9741264
duplus,0.98415744
dano,0.84879744
petrus,0.8190866
ueruex,0.9699081
aedilicius,0.9177528
adaeque,0.8472359
gaus,0.97015166
patina,0.9461206
laridum,0.87752235
foculus,0.9646698
gallinaceus,0.97891647
scomber,0.89019537
trygo,0.8187692
mollis,0.99587166
caseus,0.9853363
edundo,0.86289024
cottidianus,0.97397137
proprius,0.9843989
plax,0.9250488
filiolus,0.9215441
condecoro,0.86582613
asperus,0.9804274
natio,0.98089474
siculus,0.9926458
quaerundum,0.82271385
cellarium,0.9092691
pecto,0.98489636
cibarius,0.94851756
labs,0.97115374
sume,0.9705261
calamitas,0.99047303
porcinarius,0.796556
praefectura,0.9694852
indemnatus,0.97150797
pernus,0.8512228
diespiter,0.93862027
clades,0.9834145
intemperies,0.9595245
sur,0.6445721
ns,0.8022466
frendeo,0.8891598
deturbo,0.98535585
carnarius,0.88248503
arripio,0.98972464
gladius,0.97932553
calix,0.9648427
modialis,0.80943537
seria,0.99141514
feruesco,0.9791416
refringo,0.9647387
armarium,0.9554924
sustento,0.9911033
munero,0.9611961
suscenso,0.90206736
compedio,0.90331185
libella,0.8120966
uerax,0.95940226
rubor,0.9846405
facundus,0.9876791
sex,0.9841658
isnus,0.8456577
patricius,0.9236463
anis,0.42089793
lusito,0.82238865
upupa,0.77549267
tueo,0.92700386
regredior,0.98613083
suppositio,0.7904022
circumductio,0.93000126
rumor,0.991203
studiosus,0.9888008
plautinus,0.9223775
senior,0.97250915
iunius,0.9675529
flagitator,0.9329199
latine,0.9783158
sortior,0.96401364
plautus,0.9537756
sedecim,0.9758525
crepusculum,0.9785099
expono,0.99377555
adolesco,0.9894626
uilicus,0.9825307
excubia,0.9840186
armigeer,0.8987098
praesepe,0.97687495
impedimentum,0.955519
ablego,0.963398
pons,0.99364746
interrumpo,0.98965603
nuptiae,0.9803506
carthago,0.987761
apulia,0.977882
urna,0.99259263
poenus,0.9818318
apulus,0.9787344
sitio,0.99013764
atheniensis,0.9936439
auspex,0.9891114
casinus,0.9165959
repto,0.9772396
urbanus,0.9746288
praerepo,0.86775374
oblior,0.946431
tenellus,0.9336206
conserua,0.9397733
incubo,0.9926889
sterculinum,0.8232454
ahenus,0.9103883
dolium,0.9890396
gustare,0.84689295
ieiunium,0.9503041
firme,0.94945717
animula,0.9066506
olympio,0.78995055
deosculor,0.9313021
passer,0.958961
lepus,0.9811002
medium,0.9757376
taedeo,0.978824
sitis,0.9894149
ango,0.98400486
pabulum,0.99099576
quesior,0.9538703
colum,0.8916335
querella,0.98301005
despicatus,0.8750916
ancillula,0.9589963
anteuenio,0.95518655
salis,0.9433948
condimentum,0.91324294
inieo,0.8710115
admisceo,0.965819
fel,0.9837607
sollicio,0.97229004
unguo,0.9738686
appellandus,0.9617935
detergeo,0.9880284
culex,0.9808703
unguentatus,0.91036004
ignauior,0.92388844
madeo,0.99382234
palliolum,0.97357506
rugo,0.9017706
gutta,0.98905134
disperdo,0.91921616
calidus,0.9873564
armiger,0.9829424
nilis,0.58582324
plumbeus,0.94508624
opitulor,0.98159957
permitto,0.99041414
porrectior,0.8563437
uilico,0.9456429
caelebs,0.98689795
sors,0.99035525
tragula,0.8914323
suffragator,0.93973553
attamen,0.9648373
specula,0.97042096
culcita,0.9136872
furnus,0.9245214
torreo,0.98535144
uenator,0.98667425
cano,0.9797158
fermento,0.94466555
turgeo,0.990052
conlatus,0.9768139
attollo,0.9956001
corculum,0.8009106
atquus,0.95187646
ah,0.9309967
uoto,0.9393656
manes,0.9883707
nato,0.99150443
furca,0.9721487
sortitus,0.97856855
emungo,0.8807783
malitiosus,0.96374154
suspico,0.8917656
herculeus,0.98855144
prognatus,0.93942237
deliqeo,0.93582606
litteratus,0.98198766
percido,0.92911756
porrectus,0.9830917
lienosus,0.81704795
restis,0.95345557
trepido,0.9909288
candidatus,0.96290624
uesica,0.9634426
lingo,0.9593829
dorsum,0.9909521
uoleo,0.9181409
conturbo,0.9864157
barbatus,0.9885835
adhibo,0.9584867
aper,0.97002864
astute,0.9321548
marsuppium,0.9563225
molliculus,0.8662349
battuo,0.8294352
quinque,0.985981
uigo,0.78382534
scite,0.93667716
quaesitio,0.7066902
uilis,0.9944169
adiutus,0.9871
adiutrix,0.9640918
maxum,0.59753877
hirquus,0.79341775
edentulus,0.8670951
puluinar,0.9767333
decrepitus,0.89988685
surdus,0.96863425
praestolor,0.94925857
adiuto,0.89009774
meretricius,0.96256644
amasius,0.8660444
traduco,0.97610015
tremo,0.9956914
perfugio,0.9482467
percio,0.96411514
impos,0.8556482
ludibrium,0.99164927
timor,0.97610015
praepedo,0.93591076
interemo,0.9711719
hes,0.87780714
mussito,0.95740676
deiero,0.949507
infestus,0.9920646
protollo,0.92331886
altero,0.73312473
perpetro,0.973994
saepiculus,0.7078538
remoro,0.8518825
sentis,0.9830353
patrix,0.6168504
excuro,0.7998503
resisto,0.9936773
recreo,0.9922286
depropero,0.94725776
interimo,0.9909392
olympia,0.96937853
culina,0.9783057
dissimulo,0.99489325
oratus,0.88506436
distendo,0.9872395
ambestrix,0.8608644
corbita,0.71839845
prosequor,0.99280745
abripio,0.9868832
speculare,0.8898749
lampas,0.98359394
compar,0.98066056
hymenaeus,0.9559895
hymen,0.86064655
salubriter,0.96763206
cibo,0.93206364
intestinus,0.9847346
cantandus,0.9266099
indomabilis,0.68118346
uictrix,0.99186504
corpusculum,0.97293556
uxorculum,0.9313442
planta,0.9845126
luca,0.8866625
bellulus,0.8490492
icio,0.9396307
nuptialis,0.9815833
astutior,0.8276498
optunsus,0.8948151
progredio,0.84165955
auditus,0.9609058
tenebrae,0.9614458
fulcio,0.9825238
mollio,0.99081594
inruo,0.96938825
frigidus,0.98985803
cucumis,0.9765731
im,0.74304974
saeta,0.9914202
compungo,0.9676548
fungiers,0.64880633
reuoco,0.99380887
massilienses,0.9270551
caninus,0.9843588
adulterium,0.9865796
oblitus,0.8737372
palleo,0.99424565
nitulum,0.9092481
ue,0.97276163
am,0.64088845
r,0.88087356
qu,0.9139238
ho,0.89013076
ra,0.8854854
famosus,0.9870885
ilius,0.6930049
dandus,0.97784007
insignio,0.97468436
suppono,0.97838616
hircus,0.9741292
creuo,0.9838336
frequento,0.9932927
infusco,0.9605919
iunctus,0.9953642
indigeo,0.9893669
potesse,0.92667794
supplix,0.9825387
aditus,0.97156763
blandior,0.98740554
suffundo,0.91320086
paelex,0.9868847
libertinus,0.97716486
aetatula,0.96762234
tristior,0.97358584
abhorreo,0.98544127
hilaritudo,0.77719295
suspiritus,0.9286015
indidem,0.9724227
cordolium,0.8382343
occipo,0.7070354
gustus,0.9803148
oggo,0.8032898
peculatus,0.97644055
accerno,0.8044813
morigera,0.76782644
imminuo,0.969721
insinuo,0.98750794
dionysia,0.8942352
consuetudo,0.9728526
accersitus,0.96068966
clauus,0.99109894
excieo,0.90302074
inmundus,0.94112384
squalor,0.98473525
amiculum,0.9691132
sustollo,0.97538227
proieco,0.9776126
angiportus,0.88180554
nobilis,0.9920899
sicyo,0.9491528
muliercula,0.97965384
lemnius,0.9564165
uinulentus,0.8830432
perfugium,0.9735027
lemnus,0.9450278
proicio,0.9877026
commigro,0.9513428
susfero,0.8657532
persoluo,0.9867761
expungo,0.95654345
perdio,0.962206
laureus,0.9875502
poeni,0.9943137
iacto,0.99688536
distraho,0.940103
diripio,0.98392063
nubilus,0.9612776
fugo,0.9936037
rapto,0.9884398
coniuro,0.98934716
firmo,0.9885256
inmodeste,0.8922815
u,0.81794274
adfor,0.9734354
hastatus,0.975281
ueles,0.9614707
nocitus,0.80465627
toxicum,0.9731119
expurgo,0.9564074
raucus,0.9955221
altilis,0.9369816
adhinnio,0.93189216
expolio,0.9698434
utpote,0.9650231
lepida,0.7756709
materies,0.9855664
uisne,0.81685406
dator,0.94692355
stipulor,0.9550546
recula,0.9218875
uegrandis,0.8708284
exercito,0.9853933
mustulentus,0.8484478
naris,0.98961115
capillus,0.99109405
liuidus,0.98118466
febriculosus,0.80791336
ossea,0.8356637
puerculus,0.7639277
illeus,0.85496175
tis,0.8540453
amantus,0.93021774
locuples,0.986645
quicumque,0.983208
seus,0.8927368
satio,0.9937295
tessera,0.9856448
commentor,0.97064084
supeor,0.98804533
patruus,0.98177683
auia,0.9856806
ianus,0.98490804
minutus,0.9589267
pedo,0.9563496
lemnia,0.8862972
moderatrix,0.9542734
exsculpo,0.91153026
paullum,0.88237095
extimesco,0.98869437
pergus,0.8317772
luculentus,0.947243
tuscus,0.96747816
suadela,0.7475937
filiola,0.95032865
exquiso,0.78659695
conscio,0.96969765
deico,0.89283085
confragosus,0.9731329
proiicio,0.9664626
imgratius,0.6789361
crepundia,0.9267123
cistella,0.74576974
salubrus,0.92427164
uoluio,0.77327347
seuerus,0.79710066
excruciabilis,0.7958846
cista,0.95733804
puerilis,0.9936788
lampadius,0.9019407
sustulo,0.92624897
inrido,0.9580737
petulantia,0.98015994
socors,0.9372103
tenuis,0.9930173
circiter,0.953973
mei,0.8158722
quisue,0.9713003
fatigo,0.99461156
muliebris,0.9887353
uestigium,0.99617064
noscito,0.95745975
utrubique,0.98410547
signo,0.9884342
il,0.6256894
los,0.76763237
concilium,0.9647186
masculus,0.9640138
agendus,0.9867001
mero,0.8312434
damnificus,0.763512
pampinus,0.9814731
folium,0.99498534
intorqueo,0.9915996
implico,0.99221265
euolo,0.99072564
gratuitus,0.9787723
loquela,0.96607184
confabulor,0.91314554
adopto,0.98662114
ambages,0.9869029
obloquor,0.95695335
gener,0.97695184
septemdecim,0.86309326
repono,0.9950957
alumnus,0.9848031
lampadio,0.7788681
uespera,0.9842107
intercedo,0.98095715
cereus,0.9798207
apicula,0.82025594
congeso,0.94509876
febris,0.962065
siro,0.8535063
intestabilis,0.96773505
saeptus,0.9554814
iugum,0.9894974
quippiam,0.94473684
inpudicus,0.8118518
fumo,0.9920542
quique,0.9864826
aequum,0.9812917
iniurius,0.91796124
caria,0.96538043
antepono,0.97506386
uomeo,0.95975435
ianitrix,0.728616
lagoena,0.9221861
chius,0.93631583
neuus,0.788887
oliua,0.97715425
capparis,0.9102365
exsuscito,0.9399438
cupidus,0.99432665
prolico,0.8091562
profusus,0.9862795
sepelio,0.98137
liquor,0.99284875
quadrantal,0.84958947
uindemia,0.98956394
sagax,0.9876047
leaena,0.9746686
sicca,0.9566548
sedao,0.82128847
grandior,0.9582528
cloaca,0.96266353
paullulum,0.9877056
pluo,0.95147383
serua,0.97249657
uineus,0.9824616
ludium,0.8967347
spicio,0.5762787
morigeor,0.7923199
egredo,0.93429327
tremulus,0.99406284
condisco,0.97997904
uadimonium,0.9650424
recuso,0.99206537
palinur,0.8532249
palinurus,0.91073847
inmero,0.8002597
inscitia,0.98269475
expergefacio,0.96691436
modero,0.9924919
aurichalcum,0.8838963
seruius,0.9849782
claustrum,0.9893333
aeditumus,0.8951449
consulatus,0.7465614
uindicta,0.9904912
egoquidem,0.71677816
ualetudo,0.9912675
decresco,0.98785794
adcresco,0.9607822
zona,0.98443794
lie,0.93169636
exturbo,0.98484766
tormentum,0.98769575
color,0.99295044
cappadoxs,0.66086364
re,0.864462
pulmo,0.9829067
iecur,0.9918792
hier,0.84971917
perduro,0.9685699
concorditer,0.9503473
capitolium,0.9923274
aesculapium,0.96368885
quies,0.990517
notus,0.9937806
tyrannus,0.98253167
pallio,0.8089193
suffarcino,0.7760805
unusquisque,0.9516343
excio,0.97548217
scurra,0.9762102
factor,0.8952678
solum,0.9872406
proinus,0.82566786
seruitium,0.98298204
curculio,0.83301705
opportunitas,0.9845884
dextera,0.95329845
inedium,0.97259253
succido,0.98057246
expallesco,0.93125266
assido,0.8449955
lactus,0.8678393
abdome,0.9541374
lanx,0.9763
responsum,0.9868165
epidaurus,0.9625258
lyco,0.7627033
cappadoces,0.78617096
uisito,0.9465034
religio,0.9827791
demoror,0.9575725
basilicum,0.79341173
poclus,0.8867386
cla,0.9386712
exinde,0.9423988
obstrudo,0.86554205
stabilimentum,0.8859549
assa,0.948991
beatus,0.9415107
plerusque,0.9912027
clarior,0.9860048
mature,0.98703676
prosapia,0.9726114
unoculus,0.83167315
catapulta,0.9457492
commeo,0.98587734
insigne,0.9854946
comitium,0.98380065
hamus,0.98280084
interpres,0.9801966
india,0.983647
arabs,0.9876951
rhodia,0.81717205
lycia,0.98235714
libya,0.9917117
miro,0.9887581
iuratus,0.9678673
lepis,0.7180706
uitiosus,0.99022174
cloacina,0.8896737
damnosus,0.98533726
exoleo,0.9113752
canalis,0.98500484
garrulus,0.9911317
lacus,0.98960674
quibus,0.9111211
uicus,0.98669654
oppia,0.917915
adsero,0.97788566
reditus,0.9662493
abiuro,0.88895917
lenonium,0.8423672
musca,0.9774517
pulex,0.9534834
luscus,0.9633985
prosto,0.93534243
rima,0.971497
excidio,0.7703954
reddeo,0.9535337
summani,0.78479826
aegroto,0.979007
umbraticus,0.8963983
exulo,0.9883464
delingo,0.8316903
sal,0.989494
territo,0.9732823
proeliaris,0.74050224
formica,0.9877663
calamistrum,0.9047932
latrina,0.9256709
centuriatus,0.7980052
manipulus,0.9712604
canicula,0.94059473
matertera,0.9359646
libera,0.9477951
chlamys,0.9887483
trica,0.865203
furtiuus,0.97236097
intestatus,0.9369397
heres,0.9702211
cleobulus,0.72796655
pertimesco,0.9702954
pauidus,0.99134785
uelut,0.98559177
pilus,0.9814212
torqueo,0.9955056
delico,0.87376004
robustus,0.9722196
hoco,0.92477125
intesto,0.9255001
aesculapio,0.929129
itanus,0.86982
uteer,0.86667997
adsolo,0.96493864
corpulentus,0.9188482
adipiscor,0.9900128
milito,0.98532903
uarius,0.99592763
uoluptabilis,0.7060698
praetura,0.9683566
epidice,0.86368734
fascis,0.9901483
transfugio,0.9692339
mulciber,0.98698795
neri,0.7977666
scutarius,0.931492
stipendium,0.98566175
exuuia,0.9875956
supersedeo,0.9844248
etiamnunc,0.96762973
adulescentula,0.9304433
uelum,0.96198523
quadraginta,0.95831716
trepidus,0.99192506
dinumero,0.9849372
turbulentus,0.9794178
puppis,0.9965679
pereundus,0.85956687
ruina,0.9912908
suffulcio,0.9630733
senso,0.9759958
dispolio,0.87303615
praecaueo,0.9832302
bo,0.8861723
id,0.8185111
diffido,0.98763883
fornus,0.67402947
inrigo,0.97858196
desipio,0.979283
succidaneus,0.87061995
occasus,0.99363506
loculus,0.96743387
inbio,0.7972556
interimus,0.82630795
extrico,0.8268213
euboicus,0.98018765
adductus,0.97921
tramitto,0.9184108
consiliarium,0.9085394
cunctor,0.99404705
adeundus,0.9176973
reuereor,0.9889855
ux,0.30649853
uiuendus,0.97837985
sextus,0.97957885
acutus,0.9757815
hirudo,0.893559
exsugeo,0.7991986
lanienus,0.8095223
respiro,0.98959196
scit,0.6906123
ternus,0.9854562
concursus,0.9866097
tibicinus,0.81309456
uenefica,0.94430584
noue,0.9132709
regillus,0.9560357
mirabilis,0.9617765
fundo,0.98792064
quotannis,0.9667816
linteolum,0.9133153
rica,0.826755
exoticus,0.90134907
carinus,0.7332311
laconicus,0.9637507
uocabulum,0.9953846
conspico,0.83801544
fortunate,0.9368098
actum,0.9637761
retrudo,0.83453435
catus,0.95935684
meto,0.9884069
fierior,0.9717384
praestino,0.83517563
consultatio,0.96073234
uiue,0.9333349
difficultas,0.98310304
quans,0.8854259
rhodius,0.94808114
abito,0.8213999
ferax,0.99023235
decutio,0.9317823
conducticius,0.76162314
exspectandus,0.94855505
exedo,0.98344266
ile,0.9717053
sina,0.68159246
adiumentum,0.97707444
quieto,0.9766578
pollingo,0.87839353
impetrabilis,0.89833176
importo,0.9738966
ductito,0.81018966
scelero,0.99321795
adligo,0.96039855
dolosus,0.9718575
prospera,0.844136
aedicula,0.9325049
lupa,0.9866912
ridibundus,0.8010669
amicior,0.82386476
armor,0.9845141
explico,0.9919291
indeptus,0.9245594
demitto,0.99420226
centonis,0.8547887
sarcio,0.9694892
pauculus,0.97565186
liberta,0.9303429
sexaginta,0.98512447
introduco,0.96945745
largiter,0.9577314
eastas,0.6500912
destino,0.991336
articulatim,0.9312428
cerua,0.97703564
quinquennium,0.9768446
exentero,0.78082085
fictor,0.9402221
malleus,0.9356047
sapientior,0.9504038
miseresco,0.89271504
multiplex,0.97491854
munio,0.9854173
miseror,0.98877054
dictus,0.8329164
pauperculus,0.9595283
incerto,0.6705312
congredior,0.99380714
adhibendus,0.9755534
guttula,0.85830784
paupercula,0.74080503
leuo,0.98900265
saluas,0.73520267
aerumnosus,0.95895016
impensus,0.98518366
haecinus,0.8053895
immutabilis,0.9516383
stupidus,0.96236515
agnosco,0.9889836
quare,0.95389247
circa,0.97834814
soli,0.98706734
quaerendus,0.98921275
exitiabilis,0.9745869
seueritudo,0.8312285
undecim,0.95555466
commoditas,0.9747446
unguiculum,0.78493303
apelles,0.9583203
pigmentum,0.9598602
plumbea,0.9652557
matura,0.7779566
utilitas,0.97497654
philippa,0.5762045
lunula,0.8265234
aureolus,0.95114404
calefacio,0.9771637
edoceo,0.98230964
misor,0.75254357
apiscor,0.9004831
fleme,0.7114865
amburo,0.9787625
duodecim,0.9653223
sollicitus,0.9854997
uincire,0.7886002
abor,0.55912435
benignus,0.98410535
vi,0.94351476
messis,0.99139154
meta,0.9824678
defetior,0.8676669
necessitas,0.9841074
porgio,0.8245007
paupero,0.8884052
murrinus,0.94831985
ueternus,0.9701073
clunis,0.98737776
quasis,0.8689232
reciprocus,0.9677572
terebra,0.94505644
pertundo,0.9626259
hora,0.98329526
solarium,0.97035927
aridus,0.98609084
accensus,0.98114204
meridies,0.9893652
fabrem,0.8276977
summoueo,0.9928843
serra,0.97886086
afer,0.9858527
tegula,0.9869504
suo,0.95326734
patibulum,0.9665794
adfigo,0.987668
nexus,0.9784114
salius,0.92423147
circus,0.9921547
latrocinor,0.9724914
lauerna,0.8596017
celebro,0.9901427
salubritas,0.97641635
olo,0.763342
arabicus,0.9624788
nondum,0.98954576
barbaria,0.9824019
papirius,0.9756131
populo,0.9280468
arretus,0.8589063
dictito,0.98528975
intercus,0.84052074
querquera,0.85132736
tussis,0.9757968
accensi,0.9679326
triarius,0.9669106
argutor,0.75655735
uibex,0.9705883
puellus,0.9391908
uenum,0.965986
alueus,0.99308395
apis,0.99357724
peredo,0.9716892
scobina,0.69496757
ualde,0.9658168
scratta,0.66899586
honus,0.987688
exoletus,0.9161183
trames,0.9868655
coloro,0.9852777
catulinus,0.7903052
saturio,0.7705681
retraho,0.9897318
glaber,0.95356506
paetus,0.9282458
praemordeo,0.7843534
epeus,0.8404211
fumificus,0.8598433
coctus,0.9532093
densus,0.99680406
gannio,0.86083555
hermius,0.7183699
eiero,0.8939173
fiber,0.79743695
salix,0.98384297
ceruix,0.995284
stagneus,0.87243795
quini,0.9859885
fartus,0.93856037
concha,0.99055135
naualis,0.98956066
scriba,0.96147287
sis,0.7494912
sacrus,0.95895016
profanus,0.984183
suillus,0.9803324
dauus,0.54294366
uestibulum,0.98193115
cilix,0.94715023
sosius,0.7925062
parmenus,0.769583
priuus,0.91830444
glis,0.93238825
tippula,0.8387619
frendo,0.98858696
contio,0.98793936
conculco,0.97632456
inscribo,0.9821831
paupera,0.71644783
castrum,0.8987304
antea,0.9820843
iaculator,0.9503885
cooperio,0.96288836
textrinus,0.9407673
gallia,0.9753924
appendo,0.93865
pernicitas,0.97580725
aeneus,0.9821737
misericordia,0.9358966
syracusae,0.9894536
mamma,0.98249966
gemi,0.92482
aberro,0.98046565
egero,0.9907179
ingressus,0.9631082
rapidum,0.96923196
longula,0.8020935
peniculus,0.8615529
compedo,0.6987462
lima,0.95670706
clauos,0.9523363
rostrum,0.98657674
lento,0.99205637
escarius,0.75900286
artus,0.99376136
menaechmus,0.8190962
iudicatus,0.9728849
exstruo,0.988817
interuallum,0.9929173
careus,0.60766584
delicatus,0.9891199
iurgium,0.99370164
congratulor,0.9584367
articulus,0.94800395
aquila,0.98470604
adoneus,0.8150096
similiter,0.97447336
litigium,0.8869551
cautior,0.98329526
rogus,0.98899305
umbilicus,0.9853431
leoninus,0.88276505
agitator,0.971415
olfacio,0.9561982
collegium,0.9404526
odoro,0.9761689
spurco,0.93311715
diurnus,0.98760563
expedite,0.97792995
fores,0.8621681
commoror,0.98068416
samia,0.87336445
adiudico,0.96150726
exuuius,0.9007826
supera,0.9052794
exuo,0.9814794
mendicitas,0.9708748
detrudo,0.98617375
scitamenta,0.80984724
suggero,0.97755915
nauita,0.99501777
messenium,0.68113977
circumeo,0.9824387
quaesitum,0.9467245
histri,0.9423903
hispani,0.9368341
italicus,0.95993924
acus,0.9672092
scirpus,0.9496735
nodus,0.99334073
historia,0.98742443
aestiuus,0.99258083
uoluptarius,0.9331629
potator,0.91589624
fermis,0.96337175
deuorto,0.89075387
porcus,0.9832329
sinceo,0.8961842
cylindrus,0.96894586
seius,0.92045426
porculus,0.892169
iocor,0.97679734
urgeo,0.9936087
appono,0.99483854
uiolentia,0.991608
adplico,0.9797857
pellicio,0.9225881
praedatorius,0.94775593
lucro,0.85156965
accubitus,0.9006217
benefacio,0.9376523
floreo,0.9925044
heic,0.8084749
extergeo,0.92983186
baxeus,0.7678562
cantherinus,0.85506475
ritus,0.98717636
malleo,0.9522432
pellio,0.8160763
palo,0.9892554
moschus,0.8638286
sicilia,0.985488
agathocles,0.94564164
liparus,0.9415331
hiero,0.96260715
intromitto,0.96115404
phrygio,0.84284556
messenius,0.9481658
taberna,0.9837768
immergo,0.98560256
census,0.9858614
etiamnum,0.9787577
subfero,0.8504353
exaudio,0.9345396
dispendium,0.965904
pluma,0.98772895
sinciput,0.9243274
uncia,0.96006906
armilla,0.9503739
inauris,0.79308033
sodeo,0.81077015
morus,0.9466371
clientum,0.91839254
sponsio,0.96609056
praes,0.9184401
placo,0.9924214
virus,0.8889128
palpatio,0.6443081
pallor,0.99398667
incutio,0.99105793
numquis,0.85683525
responso,0.867898
aliquoi,0.6273376
fro,0.6754392
noctua,0.96332407
defedior,0.849923
uirilis,0.987547
displiceo,0.9937358
compingo,0.9556169
frustratus,0.941236
graius,0.9909515
coebo,0.95890176
decius,0.93933046
calcha,0.9119033
corpu,0.7274153
iurgo,0.9704601
querimonia,0.97232807
illis,0.9013674
aurata,0.981194
disserto,0.8423569
inuo,0.8202702
uireo,0.9918723
uiridis,0.98716563
colus,0.9837068
scintillo,0.9596083
alus,0.30051583
testimonium,0.9674036
deuincio,0.9914158
neus,0.7013245
titanus,0.95578265
cygnus,0.9798439
comminua,0.7006568
anceps,0.9887254
dedolo,0.88515663
olens,0.9761361
mino,0.9767597
edictum,0.9690391
incido,0.9933273
manendus,0.9195446
perfacilis,0.94983906
suspiro,0.9904888
euoluo,0.99218744
ellebor,0.77657884
purpureus,0.9952639
puniceus,0.99052244
luteus,0.97212243
aua,0.7502818
pennatus,0.9561635
locustus,0.7554532
crepito,0.9912589
nestor,0.97123766
prosterno,0.99145806
elleborus,0.96144485
prouentum,0.8426788
spectame,0.76154536
recordor,0.9755822
uerbus,0.9832244
ignauius,0.7652332
facilius,0.6957204
molitus,0.9474421
sublimis,0.98752344
sementis,0.9764116
obo,0.5674806
rapax,0.98554116
quandoquidem,0.9698825
dissimilis,0.97978294
syracusanus,0.969942
fabulasticus,0.78772545
gemineus,0.79098004
deerro,0.9286543
adgnosco,0.9798932
multeus,0.7073132
praeconium,0.983262
conclamo,0.986765
dio,0.93642044
philemo,0.92095274
macci,0.8386587
titus,0.978406
implicitus,0.98620117
elegantia,0.98318946
insomnis,0.987865
ineptia,0.976658
excors,0.9590274
cupiditas,0.98780656
auiditas,0.9868089
multiloquium,0.8699882
idcirco,0.9766443
reuorto,0.96910745
ephebus,0.97697616
iniustitia,0.9671234
abnuo,0.9853878
intemperans,0.9775221
exhaurio,0.99505126
excesseo,0.9390341
cohibio,0.869861
peplus,0.94458574
confestim,0.9702432
metreta,0.9058186
trecenti,0.9887133
amens,0.9905392
iio,0.82097113
aedifico,0.97353506
praeterquam,0.9294398
hilo,0.93198
discubitum,0.77367413
pigritia,0.973408
restio,0.87273765
genua,0.86427605
cursor,0.9780785
praecordia,0.9924757
charinus,0.82965624
resina,0.9539874
aegyptius,0.98711824
istiusmodi,0.9450064
currendus,0.8895938
dissoluo,0.9902569
armamentum,0.97044617
flagito,0.9922408
uus,0.9818342
hio,0.98082674
nugo,0.7972884
complico,0.96800417
lembo,0.81442285
ilicus,0.7914562
contabesco,0.95959985
lamento,0.98560417
formosus,0.99152774
discordo,0.9794726
custodela,0.90535957
simia,0.9610107
mediocriter,0.9819668
ambedo,0.8044915
haedus,0.98150665
lugeo,0.9907745
pertineo,0.9823474
raster,0.9641843
coram,0.932535
iudicandus,0.9664701
deicus,0.8555475
eio,0.74835813
litterarius,0.9411719
terni,0.98280734
adiicio,0.98599696
trans,0.97545636
amoenum,0.97546417
abdo,0.99161637
nescioqui,0.8421618
ineptus,0.9912871
amolior,0.9801463
sciscito,0.9019807
nausea,0.9559961
molo,0.9608798
labefacto,0.9888357
paullatim,0.9779849
sibilo,0.99068636
uellico,0.96442455
carbo,0.94835836
obiecto,0.98076797
adsentior,0.97030926
uirago,0.9753058
pinso,0.89988416
flagro,0.99468935
redhibo,0.9009361
uigintius,0.8387295
septem,0.9821464
incuso,0.9867758
lysimachus,0.99113995
pentheus,0.9659109
eutychus,0.9504297
nutrico,0.79889214
subteme,0.9747617
uberior,0.9828126
lanificium,0.93498516
antiqua,0.72071207
recolo,0.97803766
facteus,0.72585654
hircosus,0.90810335
uomitus,0.94668657
percoquo,0.8491382
amatorius,0.95792603
optulio,0.8550067
inmortalitas,0.9392788
nuntia,0.97672784
iugulum,0.98954564
argutus,0.94722784
mancus,0.96377695
debilis,0.9913769
subniger,0.8850701
oblongus,0.9717552
pansa,0.91175675
aliquantulum,0.8913614
cyprus,0.98718214
cnidus,0.9297168
zacynthus,0.8980852
lesbia,0.96909577
boeotia,0.9667454
paritas,0.7349622
exsilium,0.961472
corripio,0.97984445
relico,0.95303047
octoginta,0.9720045
deprimo,0.9892537
laurus,0.9896886
sanitas,0.9628719
sumptuosus,0.97663164
hortator,0.97760856
remex,0.98777354
haeres,0.8269403
noxius,0.98250276
sequestro,0.9569844
conductum,0.9381641
abes,0.90068257
ano,0.40238482
unica,0.85930884
uei,0.6835979
uea,0.7058407
drachma,0.9161949
dare,0.745626
iusiurandum,0.97739387
iamne,0.88345706
plecto,0.9803944
cultus,0.98882
penates,0.9897642
penas,0.9638092
increbresco,0.89795876
pertinacia,0.980044
apparao,0.81487775
agaso,0.9411136
quoquis,0.936324
grando,0.98427385
lamentatio,0.9709499
fauonius,0.9011224
serenus,0.9949757
auster,0.9899672
tranquillitas,0.9864508
nubae,0.91262776
sinister,0.9932462
porga,0.76233345
fluctuo,0.98964345
reticentia,0.853521
inceptum,0.9805559
mentitus,0.93549126
ueraus,0.83745503
ficus,0.9746331
conscendo,0.98702574
calx,0.99222136
detero,0.96068203
adsimilis,0.8391551
dextr,0.96074444
suapte,0.98796
adsisto,0.99090767
delictus,0.95532
inueho,0.9911261
lorum,0.963666
radium,0.9635942
praestringo,0.98673695
consolor,0.9781637
quem,0.6528725
nepos,0.9623921
tectorium,0.97005606
plenior,0.970248
conitor,0.98333
cilicia,0.985427
sardus,0.977165
macedones,0.98804206
communico,0.96063364
cappadocia,0.9877838
hebes,0.9797639
hereo,0.9040921
caesaries,0.98821765
seleucus,0.9883625
satelles,0.99394834
labium,0.93525434
sauius,0.8727167
naupactum,0.89374876
opipaer,0.84597486
intumus,0.82288444
clus,0.8427459
adhortor,0.98504853
conuena,0.725741
conseruus,0.96914893
loreus,0.84582263
alearius,0.81716675
elido,0.98817587
tumultuo,0.77732146
contubernalis,0.97780746
degredior,0.9828886
fraudulentia,0.818259
iureiuro,0.97670496
nixus,0.9810437
femur,0.975656
computo,0.9882661
dexteer,0.89901984
incoctus,0.9332682
suffigo,0.9767045
aedificatio,0.93332845
occubo,0.98674124
perfeco,0.8802389
intercludo,0.98411614
subitarius,0.8663482
profligo,0.98240685
elephao,0.8820961
titubo,0.9891173
prolatio,0.93274504
gemina,0.98832035
pluteus,0.9629005
persecutus,0.97462964
insilio,0.97522223
desilio,0.9932667
lippus,0.9353755
dupliciter,0.9513355
supprimo,0.9800142
stultiloquium,0.74585235
opperio,0.92640495
luscitiosus,0.8171919
subrepo,0.9587383
pugnaculum,0.74514294
totiens,0.99373895
dispetto,0.833629
abauus,0.8127438
uiseo,0.9778766
dorsus,0.6087805
resipisco,0.97279334
praeuenio,0.9893066
neptunium,0.95588213
neutr,0.88779366
perplexus,0.9879648
altrinsecus,0.9227874
domicilium,0.971702
mas,0.9889597
hospita,0.985833
diutinus,0.9740405
imbrex,0.93126833
plenum,0.48161066
transcuro,0.76240706
transcurro,0.9918752
incogitabilis,0.7458478
insipienter,0.91918457
oror,0.9378632
nassa,0.75290346
consilesco,0.8161544
lenio,0.99090016
inpius,0.96758014
frequens,0.9843742
cohibeo,0.9930584
perspecto,0.84376776
insidiae,0.9807367
oo,0.7273282
cautela,0.8297607
nequis,0.97384715
sterilis,0.9911436
obiceo,0.9810314
opitulo,0.9297544
sollicitudo,0.9769407
hanci,0.9228695
pernix,0.99146986
mobilis,0.955464
indoles,0.9892598
itas,0.630322
umor,0.99198854
exaresco,0.980396
cauillor,0.973132
itis,0.83909154
uenusto,0.98316365
discidium,0.9800658
lenus,0.98881614
lenior,0.9853382
opsonator,0.8589364
dinus,0.8001374
lepidius,0.81602466
hibernus,0.9891405
hiems,0.9938448
hariola,0.8206581
supercilium,0.9894609
cl,0.9375267
dido,0.9569733
certatim,0.9925314
trigeminus,0.9420583
ingeniatus,0.77642846
longinquus,0.9838717
ilias,0.90346825
odio,0.82662845
ueter,0.97815555
proletarius,0.9526236
adseuero,0.97203106
mentirier,0.6382898
aequi,0.9397445
quaestuosus,0.884993
como,0.98247874
crinis,0.99517244
uitta,0.9744657
praecipito,0.99430925
delo,0.9815448
eiusmodi,0.97308016
diceo,0.5273695
hemina,0.9763504
urceus,0.9587736
aemulor,0.9819505
aantehac,0.7579709
sagina,0.9764905
promptis,0.95045656
casso,0.9483164
lubricus,0.99164796
bilibrus,0.81847024
fraudulentus,0.94170403
commoneo,0.97042334
obliuiosus,0.9502819
peior,0.9806533
adieco,0.9792849
simulare,0.95811415
lineatus,0.8021913
carina,0.9953066
inperitus,0.9559442
materiarius,0.68597007
magnidicus,0.7812866
dolo,0.945131
conlatio,0.98259556
arrabo,0.89646935
undis,0.8504901
pulchritudo,0.9790176
festuca,0.8812064
internuntius,0.9182124
demorior,0.93242043
aucupium,0.9624427
contremo,0.9559791
attrecto,0.9404317
adlubesco,0.7805037
nupso,0.87513936
procliuus,0.90620315
pedetemptim,0.9220267
cognomentum,0.9769018
ca,0.903757
praeclarus,0.98631555
occurso,0.9813765
occisor,0.81612885
uerres,0.9820839
massa,0.9647375
merita,0.8940067
insulsus,0.96151674
gigno,0.9818218
octingenti,0.97436583
cordatus,0.89258736
guberno,0.9892466
maturo,0.98110163
turgidus,0.9876104
nauclerus,0.86771595
equa,0.98511356
admissarius,0.94283533
consecto,0.80421036
congruus,0.82196903
curatus,0.8556809
utique,0.9522125
usquequaque,0.9725362
circumspicio,0.9933127
quartus,0.9878625
dotale,0.9518914
expolitum,0.7871745
ferrugineus,0.96543026
scutula,0.92532855
laneus,0.9672899
conexum,0.96945673
solutu,0.802544
prorsum,0.9756177
celeber,0.99072444
limus,0.98037493
parce,0.9729637
inclutus,0.89935225
fastidiosus,0.9736994
praedicatio,0.93302876
exsupero,0.9912592
conscisco,0.98633015
prohibendus,0.9557955
clemens,0.94959295
diuino,0.9796526
naso,0.9563288
optuo,0.7900336
deprehendo,0.9908342
flendus,0.97342354
afluo,0.86399573
ferocus,0.9653548
proficisco,0.96895766
adfligo,0.97958827
necto,0.9940282
nauta,0.9946294
spiro,0.9920644
adsequor,0.9904453
adorior,0.98130435
formasticus,0.7674741
quaeque,0.97254634
discindo,0.9845129
conciliatrix,0.86627835
iura,0.96537983
nepotulus,0.79242045
mitis,0.9912355
moecha,0.9488874
frutex,0.98564696
obieco,0.9533804
cis,0.79732484
haecines,0.7688131
fu,0.7965213
inluuies,0.97256386
alio,0.9493102
cribrum,0.96150947
patibulo,0.7668445
estus,0.9238404
pisco,0.79930544
recordatus,0.7506657
simulacrum,0.9855875
arbitrum,0.88461983
uinca,0.91505355
expoleo,0.77423346
piger,0.99333334
tignum,0.9859298
aedificium,0.97644824
fundamentum,0.9642406
firmitas,0.9641231
materia,0.98006284
eatenus,0.9586863
uerecundia,0.9937148
neglegens,0.9576918
permano,0.94732195
doctrina,0.9622243
scapha,0.98592246
euentus,0.99454683
hornus,0.87476027
lauatio,0.9470507
uenustus,0.98612124
perpleo,0.7922516
uestum,0.92972964
fartim,0.8884069
praecipue,0.9868257
inseruio,0.9719561
algu,0.9282137
deseruio,0.98361313
sola,0.78583616
malesuada,0.9590569
angina,0.80472267
extundo,0.92970216
exin,0.9829494
arcula,0.9537978
commodo,0.95567656
cerussa,0.9310182
atramentum,0.8888418
purpurissus,0.8477511
offucia,0.8247429
callidior,0.89977694
uetula,0.9622091
fuco,0.99069136
consocio,0.9766871
confundo,0.9857824
calleo,0.976796
doctior,0.963453
turpis,0.99236214
purpuratus,0.9327762
peis,0.94957376
puta,0.9246352
mensula,0.8804747
hilor,0.94250923
stratus,0.94436
coeo,0.9943647
fala,0.79208827
transfigo,0.9856416
praesentarius,0.8766699
faux,0.9625015
clauis,0.98320585
dissigno,0.8896569
tranquille,0.87794006
liqueo,0.9867786
sarcina,0.9802618
neptunes,0.9683918
imposeo,0.741786
aegyptus,0.97359014
expio,0.98818004
emigro,0.9442917
tutum,0.907395
oblniiscor,0.98672634
transmarinus,0.98485196
haic,0.5613778
habitatio,0.8499422
praematurus,0.9441402
inpia,0.91367364
expostulo,0.97881174
pirum,0.9770115
argento,0.67094594
iniecio,0.97473335
responsio,0.94563097
extento,0.8693102
taetrior,0.9405377
inpura,0.82207227
perfacile,0.95716083
mercatura,0.92610943
totidem,0.98813313
adpeto,0.99089026
bonas,0.76832736
inspiceo,0.8438864
eic,0.6599728
perconto,0.93926126
simo,0.7427237
musicus,0.98524237
electilis,0.76500595
comis,0.94666624
subducto,0.95225364
increpito,0.99010116
gynaeceum,0.9188041
ambulacrum,0.8749767
architecto,0.80360425
exaedifico,0.97181404
aestas,0.98755634
quaepiam,0.77825046
vmbra,0.7578138
agathocl,0.94429743
tertio,0.9769762
clitella,0.88563466
nouicius,0.9719152
redhibeo,0.9342055
perambulo,0.9560498
perductor,0.743489
crassitudo,0.9505444
pulchrior,0.97472996
improbior,0.93231755
intempestiuus,0.9898308
pica,0.9709531
opifex,0.97614264
coagmento,0.9636912
coniueo,0.9692038
uicissim,0.9877327
intuor,0.83597565
feto,0.9764268
pauxillus,0.921907
implo,0.9274638
uocito,0.9856688
mula,0.9780541
pastus,0.9894571
mulceo,0.992581
empo,0.8969126
abiectus,0.98034555
conlocatus,0.97262293
suasor,0.970097
cauis,0.91798335
cantor,0.9626862
nudius,0.9009293
desio,0.9726312
intermissum,0.88134426
perpoto,0.9759713
carbunculus,0.9669317
paenula,0.958902
requirio,0.5747007
tranio,0.7367451
dissimulandus,0.89746225
q,0.9245323
tutus,0.9923671
conquiesco,0.98059076
riuo,0.6202648
praeoccupo,0.97504187
conecto,0.99038863
sensis,0.98618215
linea,0.9723275
doctus,0.98457986
nostr,0.7655586
faciundus,0.795616
confugio,0.98720354
praesideo,0.9818367
firmior,0.9873662
radicitus,0.96602255
sarmentum,0.9935881
elixus,0.8847374
assus,0.9120614
suauus,0.7283568
crapula,0.9649191
sodalitas,0.8663475
perterreo,0.99028915
disceptator,0.96033365
supplicum,0.93562335
excetra,0.8791294
ceruus,0.9885161
antaeus,0.9786897
praefulcio,0.8031843
plusculus,0.90792096
tribunus,0.9725284
triduum,0.97038794
sicinus,0.9549407
pao,0.9058065
atauus,0.97848976
tritauus,0.77662176
edacitas,0.8217574
capito,0.94860846
hesternus,0.9866624
obrepto,0.7528294
auxilio,0.8596904
scutra,0.8744799
calamus,0.99060625
balineum,0.9130997
incogo,0.9382043
cruda,0.89924574
gluttio,0.84632385
macrus,0.95454717
foculum,0.8422456
tuburcino,0.8756279
cynicus,0.981568
inibi,0.9387374
adfirmo,0.9937359
decuria,0.95945597
infans,0.9921106
scateo,0.97144353
peculio,0.712358
opprobro,0.8718692
obex,0.9866745
confito,0.9379405
formula,0.9649582
foede,0.97701526
peritus,0.98904526
leuiter,0.99478245
tecus,0.87185895
tacitus,0.9819803
uiripoto,0.7836677
prospero,0.9609518
dispicio,0.9846543
iusso,0.94883347
eruo,0.9695872
morticinus,0.92555654
defigo,0.9936596
bilinguis,0.9516724
magius,0.9032114
graphex,0.8393295
subnixus,0.9797547
ualo,0.8014844
promoneo,0.74209523
tumeo,0.9929992
presso,0.96750045
coorior,0.94669056
inmaturus,0.9766453
reiceo,0.8666817
uagor,0.9958063
incolumis,0.99256474
perennitas,0.7707932
attalis,0.96849746
dignum,0.66636294
demoueo,0.93893063
praeterio,0.9184959
amiseo,0.9511153
accipiter,0.98249245
procax,0.9878817
liberator,0.9498348
lurcho,0.8571819
edax,0.9918173
furax,0.88746846
fugax,0.9933249
liberandus,0.92733955
emissus,0.78272057
rotula,0.84312874
postprincipium,0.87090623
persia,0.7355703
tiara,0.969382
tragicus,0.98524797
ciuus,0.9235537
auctus,0.99206936
pergrandis,0.8786733
promeritum,0.7507361
salutes,0.8794143
chrysopolis,0.79121554
arabia,0.98451895
comporto,0.96614265
publiceo,0.7474286
persae,0.9651576
facula,0.9525197
adluceo,0.8694865
tantumdem,0.9378897
complurio,0.7685267
contemptim,0.8720125
uido,0.9503614
exsulo,0.9764334
obtrectatio,0.97440857
octauus,0.98919576
indiligentia,0.8938478
simplex,0.9885415
uotuero,0.5803631
sera,0.9706534
atqui,0.9135241
subo,0.96384025
indicus,0.98472023
fouea,0.97734696
auspico,0.96237826
aduigilo,0.91516286
angulo,0.97814083
faustus,0.9823717
tactus,0.9864216
ema,0.516002
bolus,0.8797318
praedor,0.98289204
ansa,0.9684384
auare,0.9242281
persimilis,0.9278096
multimodus,0.9483676
tibi,0.62539214
squaleo,0.9844315
attero,0.9846714
feles,0.9374247
integro,0.95967436
caelipotens,0.7180106
lectulus,0.98447174
er,0.92078644
go,0.85012877
septeni,0.98237586
optatus,0.9574944
corruptor,0.9741461
diuexo,0.9262584
eiicio,0.9756349
persono,0.97670364
coniecio,0.8875339
ardesco,0.9889133
sicci,0.91312575
staticulum,0.7768409
diodorus,0.9206346
ionia,0.9723249
persus,0.8997925
frustum,0.94892675
arcturus,0.98326945
exscribo,0.94766796
cyrena,0.9436389
daemo,0.927332
exsul,0.98912984
cyrenas,0.9133793
alligo,0.99105066
agrigentinus,0.95488715
proditor,0.99000263
meretricula,0.94151884
hibernum,0.9728731
uehemens,0.9861837
uehementus,0.9455409
eieco,0.9687631
euripides,0.98295164
inlustrior,0.95543367
perluceo,0.97635114
sexus,0.98348176
furo,0.9947467
uestigo,0.9729061
praeloquor,0.9165313
complusculus,0.79271805
ueru,0.9349462
palaemo,0.96727514
eno,0.81465036
experiundus,0.95060676
hanus,0.7350727
cina,0.6721873
praecipuus,0.9922878
indecorus,0.9890682
inpium,0.9720265
inpieta,0.87984425
algor,0.9596002
secludo,0.8600195
circumcurso,0.86676025
v,0.89130026
aemulus,0.99245596
uuidus,0.973023
necessarius,0.9865926
precantus,0.9587631
uectus,0.93237466
eiecno,0.9463071
nescius,0.993139
misericordior,0.7384155
pabulor,0.9059093
balanus,0.83239985
urtica,0.97118753
musculus,0.95933706
strio,0.76492965
saxatilis,0.89527154
rubicundus,0.98190653
semihomo,0.904523
silanus,0.90439856
fraudulentum,0.8623864
omino,0.90702546
cocior,0.830603
nuntium,0.9521118
nauus,0.86721486
aleator,0.9424249
periurus,0.97196865
liberaliter,0.9797189
calefacto,0.78419423
hilaro,0.9757487
pagus,0.9826554
ferramentum,0.9821431
extraho,0.9833359
praefiscina,0.5453783
delitesco,0.99137133
quidue,0.98276293
blandimentum,0.9882494
thyesta,0.94638896
tereus,0.96010804
uomis,0.7683681
uomo,0.9910512
corusca,0.9498826
tremor,0.9854315
ferrarius,0.94128156
exio,0.985163
areo,0.9894007
manduco,0.93358785
conruo,0.8215625
quaenus,0.9828738
ballaena,0.90349036
tunicula,0.82270515
misellus,0.9620882
aequo,0.9898006
iactatus,0.98694605
scitulus,0.8613836
uteruis,0.7913866
aresco,0.9785926
amicio,0.98604524
elua,0.7573839
accepto,0.97267663
aegroueo,0.8828203
nidus,0.98943007
ascensio,0.80182433
eripo,0.93333495
scala,0.96609914
philomela,0.98774654
prognum,0.5611669
cyrenenses,0.9380741
imploro,0.9903427
agricola,0.9518124
uindico,0.9888886
antistita,0.94865274
capua,0.98479307
lippitudo,0.8496094
siccitas,0.98506516
uber,0.9934733
uiolo,0.9940309
sepia,0.9170868
uiduitas,0.95903265
inportunitas,0.8942864
propello,0.9947958
aho,0.56034166
amplexa,0.8835027
abrepo,0.8582519
aram,0.90417695
opsideo,0.7517384
cyrenensis,0.9304783
innuo,0.9607416
exoculo,0.74282104
iunco,0.9767383
flagrantia,0.94601715
trimus,0.97394574
ueneri,0.9728812
mergo,0.99261
conflo,0.9724697
inhumanus,0.9849644
venus,0.95087105
claua,0.97369874
tetigo,0.74903506
capero,0.8483905
proueho,0.99443084
columbus,0.9203439
nidamentum,0.8464401
congero,0.99435186
significo,0.9933852
gripus,0.8815177
sapo,0.539837
incolo,0.9892795
pisculentus,0.8345203
inpigre,0.965446
inpiger,0.9540671
stratonicus,0.69978166
rudo,0.9749972
reto,0.9604125
squamosus,0.9771979
om,0.7394385
nanco,0.9392552
philosophus,0.98682344
thales,0.9605556
exurgeo,0.9361279
proreo,0.8125433
ress,0.7179975
praesido,0.78401554
accersiior,0.8692962
exaequo,0.98382074
aucupor,0.97987336
iniquos,0.8185701
diluo,0.980237
tacisco,0.9711697
portio,0.9201513
nominatim,0.944443
angustus,0.9952227
daedalus,0.97403806
promiscus,0.95796657
egresdo,0.9565956
complexo,0.9893178
licentia,0.94079524
repleo,0.9813701
plerumque,0.9911183
consulte,0.9111273
extergo,0.72963434
robigo,0.96902907
rutilus,0.9850184
tenuior,0.9609876
gaulus,0.8165029
trama,0.8763219
glans,0.98749673
septingenti,0.9812191
adrogo,0.9234835
praeeo,0.9814085
testor,0.9921417
reddideo,0.9678726
pontifex,0.95319116
labasco,0.89548826
susurrus,0.9594097
trinummus,0.90338546
herba,0.98848677
inriguus,0.98692596
priuatus,0.9877849
uenero,0.9915229
felix,0.98929626
callicles,0.81833255
ualens,0.90485203
uictura,0.9788654
superss,0.9763986
obrepo,0.97631997
graues,0.91349536
protraco,0.7753085
adultus,0.9842167
seleucia,0.9819211
corrigo,0.99430096
mandatus,0.70300335
tutela,0.9420508
taciturnitas,0.98155725
enuntio,0.99034333
profecor,0.8639016
fidelitas,0.9455967
inconsultus,0.98888224
praesentio,0.9766407
essetne,0.7712816
castigator,0.8481484
posticulum,0.8457602
stultior,0.9614074
argutum,0.8535721
auctoritas,0.96560293
defetigo,0.97017634
indagator,0.89027715
sagitto,0.92612636
unctor,0.83134466
cantrix,0.8856001
tor,0.9751898
uanidicus,0.8362074
percolo,0.939708
saeculum,0.9389001
inuidus,0.9935427
hiulcus,0.955358
imbuo,0.9880227
mheus,0.8917093
consido,0.99225056
benefago,0.94163644
praemando,0.83487725
inmunis,0.9666846
solet,0.95021856
commodior,0.98831576
indotatus,0.84373593
uetio,0.92111576
grauius,0.95351017
acrior,0.9761128
hiemps,0.9934029
quindecim,0.9673058
confio,0.95540273
olympicum,0.7208357
exactus,0.9630652
dependo,0.95445776
ferentarium,0.6377378
benignior,0.844763
aequiperabilis,0.805394
obueno,0.7838481
epulae,0.99393153
arcanum,0.89038885
proscindo,0.9862065
quinctus,0.89842576
sulco,0.9894903
frumentum,0.97367215
incito,0.99353087
alternus,0.99359673
anginus,0.8754329
scabra,0.8820712
exsto,0.9867364
uixeo,0.89866626
solstitialis,0.97640616
patientia,0.9729053
castus,0.992317
arcanus,0.9846122
uoluissus,0.83105814
neglegentia,0.9880201
ambiguus,0.9930122
gestandus,0.7390518
frugalis,0.82759464
difficilsum,0.8232421
depello,0.99170095
posterus,0.94917786
uindex,0.9942376
difficilis,0.99507195
praepono,0.9900629
enixe,0.96595687
meror,0.90981454
spons,0.98605084
morosus,0.9690237
scintilla,0.9889289
abusus,0.9205357
leuis,0.9945612
infamis,0.99233234
concubinatus,0.8262023
emolumentum,0.96792513
interpellatio,0.94807804
accessio,0.968613
accommodo,0.983007
suppingo,0.8704183
pharetra,0.99312145
cassis,0.9845767
tabernaculum,0.91252756
pollicitatio,0.9583459
indago,0.97809935
resigno,0.9769207
vxor,0.96741015
natura,0.98823905
medito,0.9774816
mis,0.819821
inmanis,0.9896839
intolero,0.93638647
uesanus,0.9810325
fidu,0.7082064
passum,0.9742549
procella,0.99425864
infensus,0.9673215
antemna,0.9735247
uela,0.99309105
nugatorius,0.8919693
macedonia,0.9888705
foer,0.7142013
albitudo,0.7199229
singillatim,0.9889226
uexillum,0.9912139
sesquipes,0.96718097
ridicule,0.9592329
c,0.9578825
callinicus,0.86548185
charo,0.9175781
latito,0.985035
cecropium,0.8455593
pontus,0.9953835
apsinthium,0.95954186
solium,0.98228955
plumbeum,0.9411158
mier,0.91893566
aculeus,0.9753954
tintinnabulum,0.94252497
gurgulio,0.94555265
ie,0.6001574
abrogo,0.9831916
subsum,0.986207
ordior,0.9889786
datus,0.84147054
propior,0.9860463
desponso,0.95376426
leuior,0.99399036
tumultuosus,0.9688108
perendinus,0.7732446
paratus,0.9775709
pristinus,0.9863026
erco,0.76825935
perdisco,0.9099492
perclamo,0.7961994
oleum,0.98269933
piscina,0.96336496
iaculum,0.9858063
inieco,0.9794481
or,0.9716007
intercipio,0.99267864
uasus,0.8146769
tempestiuus,0.98776007
perscribo,0.982535
suppositum,0.8792784
commercium,0.99145454
exporto,0.97957516
aggero,0.98082656
grado,0.90446854
publicanus,0.93105435
pecuarius,0.95681155
aratiuncula,0.7855904
aratio,0.95100373
utri,0.93013567
comestus,0.95320845
enitor,0.9901977
acerbo,0.9872922
dulcia,0.99313545
uo,0.97709835
opperimino,0.7707537
abortio,0.81753063
naenia,0.8766959
consiliarius,0.9553875
auxiliarius,0.9292885
adrido,0.85004073
attigeo,0.88354015
agrestis,0.9907919
transilio,0.9888407
anser,0.99260646
arieto,0.9280252
clurinus,0.84809494
lignea,0.722512
sarculum,0.9739509
patulus,0.99477255
stramentum,0.96728027
pernocto,0.97797155
cincinnus,0.9291941
quanus,0.9618223
buccula,0.83698744
erubesco,0.98608416
rubrica,0.963557
maceria,0.9610982
later,0.9863337
uiolentus,0.9950628
hortamentum,0.92906296
exo,0.9611463
reuideo,0.7439508
balneator,0.9113174
optigo,0.86435664
confuto,0.97879195
uer,0.9797205
sordeo,0.97254944
augo,0.9819615
redimiculum,0.9497119
aliorsum,0.89159966
tonstrix,0.8333543
puerperas,0.7912631
relictus,0.676476
discordia,0.9861318
munusculum,0.9720699
reuiso,0.9872942
dumtaxat,0.9537169
tantundes,0.97332734
puerperium,0.93296695
senio,0.77044207
defesdo,0.8445711
babylonius,0.97632825
puerpera,0.9496611
uerbena,0.9194456
bellaria,0.89518434
oculatus,0.91180474
maleficium,0.9753703
gratulo,0.91725206
granarium,0.95447344
extinguo,0.99311686
perula,0.86427796
amomum,0.9754778
exspolio,0.8358762
deminuo,0.98559785
herculanea,0.77952605
deriuo,0.98113257
geta,0.9034211
desicco,0.8555653
uistto,0.73486245
aditio,0.70042574
notio,0.93752366
condoleo,0.9548726
cumprim,0.8011923
conlapsus,0.9818829
dicax,0.90753293
coneo,0.66657174
ciconia,0.9619352
progigno,0.923994
laeo,0.7430943
exinanio,0.95431924
extuo,0.6739031
utier,0.8299475
calceus,0.9653932
confesdo,0.7917635
colubrinus,0.8224192
liuor,0.99246734
reapse,0.9477566
audiendus,0.9856644
ducendus,0.9705228
derelinquo,0.94725144
cubile,0.9950323
amplius,0.93590474
furtim,0.99172556
fascia,0.96175957
farina,0.9664221
omnus,0.67189753
obduresco,0.93295115
ades,0.87061864
horridus,0.9937646
campa,0.8191768
apalis,0.8000498
prouocator,0.9288771
discingo,0.9852433
hoci,0.8632928
pauperus,0.92662936
myrtus,0.9827095
laboriosus,0.98905516
iactandus,0.92470413
mollitia,0.9733604
mercennarium,0.9683175
murtus,0.8513127
fuscina,0.9628227
myrtetum,0.8366987
oppositus,0.9875392
culleus,0.95821875
insus,0.6288073
surripio,0.9859654
sor,0.9596837
t,0.9785735
cogno,0.92795515
nus,0.8992457
rapno,0.82133424
lycus,0.92962676
lucius,0.96770954
obtrudo,0.8255291
enio,0.67497134
hannus,0.96115935
aristarchium,0.90145576
esurio,0.9784775
colis,0.9521378
dissignato,0.82692325
obsideo,0.9886162
uario,0.99463
haedo,0.93205667
canorus,0.9884543
curator,0.9400887
popina,0.9834365
inruptio,0.9703891
scriblita,0.8021734
aestuo,0.9948628
gnarur,0.6576673
limes,0.9926536
confinium,0.98553413
determino,0.94585013
argumento,0.8664889
carthaginiensis,0.9880638
sexennium,0.8334518
calydo,0.9541966
hospitalis,0.979783
reuertor,0.9877129
quinquenna,0.9214527
uesperus,0.97121567
dirumpo,0.9587953
opipara,0.7589434
grates,0.9870414
scitum,0.7019931
sai,0.7133113
mil,0.8801182
defugio,0.9461229
aphrodisia,0.86250514
intentus,0.9865754
ballistarius,0.7751089
iucundissimus,0.9677494
spectaculum,0.99120545
ornor,0.8916662
aurora,0.99141175
concesso,0.95172155
tergeo,0.9751906
bini,0.9738283
celebris,0.9707313
uersarier,0.85655665
delibuo,0.9709761
sessibulum,0.82359874
sordidulus,0.837096
abstineo,0.9908893
silex,0.9905578
lacesso,0.99547917
comprobo,0.9872914
uua,0.9875697
pensilis,0.9347662
laterculus,0.9265337
secundo,0.946368
salveo,0.944831
abstrudo,0.9884817
lymphaticus,0.9493089
comperco,0.6692907
cursum,0.94400847
impius,0.9738278
maleuolus,0.93287575
ulcus,0.95386446
oedipus,0.97033244
sphinx,0.9553932
lito,0.9883029
avarus,0.9641903
avidus,0.9817544
adieo,0.8713783
exta,0.98643243
uolaticus,0.942108
adhaeresco,0.87886107
globus,0.9866925
necaba,0.66459394
credie,0.5731211
minusculus,0.9146606
mercennarius,0.9827678
inaequus,0.82867384
tardior,0.97254044
procus,0.9773098
loripes,0.88128626
tardissimus,0.9249693
cribro,0.97302616
tumultuor,0.98266834
cochlea,0.96069664
assimulo,0.9660069
aliunde,0.94642663
quaesio,0.9686276
optimus,0.9822959
eugus,0.8705723
fabre,0.7511909
tragoidus,0.79682475
comitialis,0.9634261
c.,0.8492359
exsugo,0.8260591
lyce,0.8260202
invo,0.96434766
tantundem,0.941789
chlamydo,0.7140391
onerarius,0.97039425
ignar,0.95588213
attalus,0.9872242
quorsum,0.981356
molliter,0.9873599
antiochus,0.98458225
leucadium,0.91984224
lesbius,0.9481312
chios,0.9416324
uetustas,0.99347335
unguentaria,0.86840177
prodigus,0.99296004
promus,0.8919413
reliquus,0.9906583
spartiatica,0.8155703
esto,0.7675687
puls,0.9426347
adstringo,0.9763751
advenus,0.9241359
advocas,0.91705644
spartanus,0.98691803
manifesto,0.9663185
arbitrarius,0.83407354
potissimum,0.9871318
comitio,0.975534
levus,0.9467254
processura,0.7390754
praepedio,0.9647354
pedes,0.9769337
fictilis,0.98392594
moechi,0.89895004
devello,0.7761564
hirquinus,0.93201214
paris,0.97344273
servia,0.5227679
unum,0.89045966
cessatio,0.9044238
uernaculum,0.86970353
hanno,0.9505748
li,0.92801
chi,0.45417276
thera,0.86363375
chus,0.6488415
th,0.7204402
sarcinatus,0.72224414
uerto,0.9970549
poenio,0.9219239
boccus,0.74550664
africanus,0.98285615
ligula,0.88296425
aruina,0.8698295
aduena,0.98707676
bisulcus,0.90091723
consanguineus,0.98206127
popularitas,0.95386773
patritus,0.8028097
sobrina,0.8747232
memordo,0.92473274
neuis,0.76780564
incesto,0.9597303
allego,0.98019606
parvolus,0.9526421
adflo,0.9745791
perniger,0.99999994
proximus,0.98507345
tunico,0.9320768
banus,0.78587455
sillus,0.7527844
tas,0.90590185
codex,0.95232546
iamdudus,0.8281757
evenio,0.91435385
sever,0.9026687
serium,0.86572117
delubrum,0.9921062
lepidissimus,0.888918
uenustissimus,0.9552357
praepotens,0.97609186
aeuum,0.9946231
invictus,0.9030751
oblitum,0.913378
fuligo,0.9523456
adpro,0.8415072
antesto,0.91220397
periero,0.75073206
adprobo,0.98976105
salvis,0.8315995
despondo,0.87478554
apella,0.879814
militaris,0.9808433
cortina,0.9693631
congeminatio,0.8000443
cauponius,0.7838061
baiolus,0.8378104
ulpicum,0.9375254
tympanum,0.97912353
converto,0.9724406
novero,0.85974556
sate,0.9268212
solvo,0.9617002
simplus,0.88997406
festum,0.97195834
duodeuiginti,0.96837926
assero,0.9542463
torus,0.99162996
poene,0.7666337
parso,0.91637707
respondo,0.98420006
gesta,0.74578035
scando,0.99208724
porricio,0.95098215
repentinus,0.98587537
macedonium,0.78028715
exprimo,0.9932856
praestituo,0.96758395
compressio,0.95284814
arta,0.9644563
amantum,0.8966961
tener,0.99563265
orgium,0.98256594
iuncula,0.75092006
distractio,0.8893852
exspuo,0.9385368
oppono,0.9874039
pubes,0.98809564
alexandrinus,0.9546607
inprobi,0.8837402
dure,0.9850868
prostituo,0.9843068
quaepia,0.8713027
frumentarius,0.9642559
acereo,0.8379797
iason,0.9930173
taurus,0.9847503
distringo,0.9704485
obsono,0.9067676
pergula,0.9394845
tendo,0.99612135
summo,0.83716357
poeniceus,0.91332304
inuiso,0.9865464
nata,0.9441689
tametsi,0.9705502
sospitalis,0.83732164
mantus,0.81800056
simultas,0.98609763
pos,0.7543769
uenditus,0.853188
argentatus,0.83297294
nouerca,0.97795355
quater,0.98295295
uendiio,0.7433886
parricida,0.98374647
uaticinor,0.9893671
praedator,0.94822466
gestor,0.73537725
auditor,0.9803195
fors,0.9916149
uiritim,0.9779537
pseudolus,0.8311697
socrates,0.9773978
diecula,0.84655154
antecedo,0.9820522
disturbo,0.9823075
aliquantisper,0.9414077
condus,0.8166264
procurator,0.9537481
procudo,0.9617485
conlocutus,0.9472035
sternuo,0.899729
ahenum,0.88171023
scius,0.813832
chrysidem,0.83687156
harpagus,0.79762125
opportunis,0.9019582
copus,0.6661072
praecello,0.97449905
declaro,0.98595333
resono,0.99387527
trinus,0.95671946
triplex,0.9641897
libellus,0.9799332
carystus,0.8826072
necdum,0.9625501
defrutus,0.8887864
mella,0.85237956
lambo,0.9925472
anguilla,0.89931273
aeschinus,0.9614158
turpitudo,0.9822639
fullonius,0.81418854
pratum,0.99455124
patinus,0.874774
oggero,0.8083578
coriandrum,0.9852887
feniculum,0.9811557
rumix,0.80051804
brassica,0.97797537
beta,0.9795312
blitus,0.68419945
libra,0.93023974
sinapi,0.9090532
strix,0.9559695
duceni,0.9379626
essito,0.8206754
feruefacio,0.8347474
aquilinus,0.7087223
sorbitio,0.9391103
concoquo,0.95332587
medicamentum,0.95349514
uenenum,0.9916553
seruator,0.97741485
praerodo,0.7337642
suboles,0.9929191
adiuo,0.930023
cruciabiliter,0.8691575
hisco,0.9561258
euomo,0.98618305
cancer,0.99158585
ingredo,0.93271196
luto,0.6235615
adueno,0.7073445
dentatus,0.9624919
oppugnandus,0.94162136
uenit,0.95333827
ueniio,0.905866
luxo,0.8079497
curuus,0.99547607
iamdudum,0.9789525
macedonius,0.76337826
explorator,0.9702367
uagina,0.9852207
unctus,0.9465995
praeceptor,0.9670675
nuga,0.9492831
iamdus,0.96489215
rufus,0.931339
centurio,0.9829513
insidio,0.9821493
troianus,0.9828476
conduplico,0.883776
lemniscus,0.8467676
perdidicio,0.9126084
ludibundus,0.9297153
casus,0.98382956
ructo,0.98045623
ructus,0.8913597
massicus,0.91612375
hiberna,0.9776495
diuitus,0.7688794
leibereus,0.81563944
xii,0.84173054
kalendae,0.97455305
februarius,0.9741669
uco,0.7275238
purior,0.9518493
postumius,0.9889421
nt,0.9553225
octob,0.97364223
marcus,0.9670439
claudius,0.9750006
valerius,0.7780924
f,0.8798432
minucius,0.98108274
queus,0.8417829
eso,0.7559675
bornellum,0.96733505
sibeum,0.78975284
ubeum,0.6218732
rt,0.8976132
senator,0.9771021
it,0.93692464
adeso,0.70010597
baca,0.9823289
senatuus,0.81414324
mt,0.91528463
ht,0.7680319
mul,0.7050142
st,0.9323589
trinum,0.7706031
tabola,0.70482105
x,0.79359597
q.,0.9894253
spurius,0.95603585
nonae,0.8315206
october,0.97623295
scribendus,0.98183596
m.,0.9820947
l.,0.9947015
ualerius,0.9528576
publius,0.9625834
gai,0.9409809
foedero,0.96143454
compromitto,0.8241318
uniuersus,0.9787586
dimoueo,0.99084306
musa,0.99550354
olympus,0.9949406
reuincio,0.98908794
homerus,0.9908755
riuus,0.9931072
remano,0.80456406
ou,0.77735865
ueto,0.9967128
martha,0.97267663
pelasgus,0.98388535
pulcer,0.98288727
transno,0.95363784
aura,0.99372923
hesperia,0.9712732
saturnia,0.98279595
priscus,0.99197984
cascus,0.91123426
tenueo,0.98759156
saturnum,0.9784974
caelus,0.8995985
obsidium,0.9801682
exterreo,0.9901649
exim,0.9556979
effor,0.98476064
bipatentis,0.919219
genetrix,0.9935152
tetulo,0.7412101
ouile,0.98126686
permetior,0.9746877
romulus,0.9913191
remi,0.97670305
auentinus,0.9824536
induperator,0.9398632
radia,0.9867619
ingo,0.9809115
laeuaus,0.88951033
praepes,0.90703076
scamnum,0.961925
impune,0.9889554
sa,0.82090867
mauors,0.9887009
heries,0.7798838
quirinus,0.99048257
quiris,0.96914774
tit,0.51104945
genitor,0.98548746
genitalis,0.98624974
mu,0.7609463
sonus,0.99073946
ancilis,0.8996308
libo,0.9808136
argei,0.7540715
humanitus,0.91883564
horatius,0.97486585
incluio,0.8537756
tractatus,0.9649111
spinetum,0.92365474
adneo,0.97654665
concors,0.98648226
ancus,0.97756386
tarquinius,0.99311537
etruria,0.96434057
concurro,0.99150354
fulgeo,0.99125516
quadrata,0.7415864
iunus,0.94070554
augustus,0.9843472
incluo,0.9028288
campani,0.93691945
horridior,0.9398726
inritatus,0.9533281
intempestus,0.9789265
fluo,0.99482244
agmen,0.9838374
flumen,0.99265003
euo,0.81798446
decimus,0.9753219
quercus,0.98971087
ilex,0.9907472
fraxinus,0.98683226
consterno,0.98590845
pinus,0.98625
procerus,0.99224246
quiduus,0.9697825
asp,0.7826801
aecides,0.93915355
bellipotens,0.97353315
cuias,0.95204794
elephant,0.9548806
habilis,0.97743624
gracilentus,0.8537047
uesta,0.98911226
uolcanus,0.83760893
quatio,0.9939804
flexus,0.99202013
promulgo,0.97651136
conserio,0.9492692
recumbo,0.98103404
praecox,0.9477832
obstipus,0.9309766
denso,0.9951177
haece,0.898286
libenter,0.98623574
regundus,0.8028406
quocumque,0.97776926
olla,0.98141557
lychnus,0.9599456
fuluus,0.9903011
cyclops,0.9802535
disteno,0.95855594
insece,0.7783309
sulpicius,0.9638071
cotta,0.92570806
acanthus,0.9737906
egregie,0.9715323
aelius,0.94767636
po,0.9775386
epirotes,0.97773373
uersatus,0.83822155
cremo,0.9891026
rimor,0.98679245
clipeius,0.98449826
strido,0.9923538
acume,0.9906529
graii,0.9853332
passim,0.9778121
hellespontus,0.9761759
lama,0.8384955
robur,0.9886573
agunda,0.81915516
uerro,0.9930036
marmor,0.9910667
flauus,0.99536526
confercio,0.98065734
rate,0.80951947
ueliuolum,0.95700026
ru,0.57087994
praepeo,0.9732193
iaciens,0.97208774
uetustus,0.9915612
longinquo,0.9816625
confeco,0.9062836
epulus,0.8964697
cos,0.92825425
stlatta,0.82980263
transporto,0.9342912
sisyphus,0.8456996
proficio,0.9862207
caelicola,0.99290717
minturnenses,0.8723027
saxifragus,0.84193695
abiicio,0.9923751
inalbo,0.83721864
hera,0.85519
carbasus,0.9516337
pandus,0.97360826
brus,0.82509243
massilus,0.9101799
tanus,0.8207973
rostratus,0.9840671
theta,0.85982966
erebos,0.91944325
olympius,0.96701765
antrum,0.99467945
alba,0.9678974
romuleus,0.98681116
ar,0.8219613
tristitia,0.9643569
sidus,0.9968933
lasso,0.9924892
protendo,0.96760523
fuluius,0.9858552
nobilior,0.92866504
conlacrimo,0.9256766
prosumius,0.7089232
putridus,0.9380934
sepulchrum,0.9825967
mutuo,0.87204933
as,0.9363444
obnoxium,0.9395274
balista,0.9176358
antiphus,0.8798321
claudeo,0.9858935
caterua,0.99426615
gladiatorius,0.9682127
uersor,0.9921503
quantisper,0.7167436
transegeo,0.88948274
equi,0.90017396
aucupatio,0.85109687
blandities,0.7985748
septimus,0.96573186
magnificentia,0.9502069
tuguriolum,0.8178173
deposco,0.9882
continio,0.9555173
obsurdesco,0.9402193
singulatim,0.9296756
prolubis,0.8679482
largitas,0.8906089
balneum,0.9878631
resupino,0.9873084
cruento,0.9879148
candelabrum,0.9134264
remedium,0.98236406
silicernis,0.8397757
anhelo,0.9934393
peniculamentum,0.8518991
peluis,0.9602677
optudo,0.8006142
ieiunus,0.984534
nono,0.86227465
properatim,0.65641373
nurus,0.9796977
flocx,0.8046508
palpebra,0.94996256
flammeum,0.9921435
expasdo,0.920651
auerto,0.98900795
dissipo,0.98392
libentior,0.9866638
praestrigia,0.87454194
demeaus,0.90957177
asticus,0.77764297
conto,0.75198317
rusticanus,0.9695314
mysterium,0.90236205
grauido,0.82620126
utras,0.83011734
adiacens,0.9468385
compitum,0.9819838
hierocles,0.9411764
uicinitas,0.97816557
innocentia,0.9810017
eloquentia,0.9832994
quisquilia,0.9409645
quii,0.51690096
sano,0.9865271
atratus,0.92609847
ilignus,0.9352789
prorepo,0.9324146
oscitor,0.7947479
mundo,0.8175652
inscientia,0.9803122
uallo,0.98740685
tapete,0.95895386
leontius,0.9177313
seorsum,0.952604
decuriono,0.84550667
industrius,0.9748223
miraculum,0.9651189
parandus,0.97099715
meatus,0.9916557
ultra,0.9804414
pyrenaeus,0.9810467
allus,0.7999773
turma,0.99170625
cohors,0.98587483
cuiusmodi,0.9709156
uallum,0.9879806
animadverto,0.9805398
uicissis,0.9393295
monimentum,0.98484254
consedo,0.96058476
censor,0.98742557
segnior,0.99046814
timidior,0.9621687
cato,0.98159945
hispania,0.9734788
navita,0.9077957
camerinus,0.89580387
pulcherrimus,0.991711
deuerto,0.9899381
fenus,0.9782431
excresco,0.885928
decemuir,0.98217744
bruttianus,0.9332398
eanus,0.91901547
carnificina,0.9461597
nefarius,0.98319703
succidia,0.8740592
trucidatio,0.93476087
iniudicatus,0.77825534
sacramentum,0.94661266
gratissimus,0.9862497
fo,0.9826014
nauitas,0.8250565
rogatio,0.9667995
aduersor,0.98413837
nutus,0.98945725
apo,0.73767626
formonsus,0.9823742
fetidus,0.932825
effringo,0.98698026
tiberis,0.99068046
maialis,0.880841
euerro,0.92819875
abstergeo,0.9813394
far,0.9850137
posquam,0.703585
solis,0.6684697
claudo,0.9939892
absterreo,0.91956145
patrocinor,0.9185059
nobilito,0.98389363
ancillor,0.8902273
extoro,0.91429424
biber,0.66609955
uultus,0.99474376
obsonium,0.97385895
cerebellum,0.9099062
caesus,0.8888407
paula,0.89293885
medio,0.87277746
fimbrio,0.8006577
gestas,0.51442134
amictus,0.9909545
oreo,0.95479333
setinus,0.93668354
auolo,0.9817095
feruo,0.94521415
dapalis,0.8188791
culus,0.8838579
hinnulus,0.83330035
linteum,0.9251387
priuignus,0.9847934
lens,0.94003606
femininus,0.96019506
uocula,0.94218177
rictus,0.9875743
ruga,0.96985877
saxulum,0.84812087
progenius,0.92451763
obtestor,0.97158575
censorius,0.9824479
plumbo,0.9759365
axis,0.9956831
grandinat,0.815995
caprigenus,0.82063144
gradilis,0.7541662
gressio,0.61534715
antiopa,0.9429014
humilis,0.9811052
anguinus,0.9417656
inanimus,0.88965297
animal,0.99044967
dictio,0.94744194
testudo,0.9782143
uapor,0.9946405
torrens,0.9578203
pruina,0.98936075
attendo,0.9856198
flor,0.95238626
dispendo,0.88765574
propago,0.9901029
coma,0.99453884
prolixus,0.9596155
uescor,0.9870164
causor,0.9814837
residem,0.90709794
iuror,0.8858246
armus,0.98351634
inaudio,0.83110535
toruus,0.9930876
praegrandis,0.9518701
igo,0.93089974
metrum,0.9782827
gradio,0.8876238
coerceo,0.9891902
extremus,0.99482685
parthenopaeus,0.92191243
primordium,0.98284316
obstupidus,0.8018391
abdico,0.98177236
nemoralis,0.95988226
transmitto,0.9764269
insolens,0.9867666
attempto,0.9294458
brachium,0.9638488
dissentio,0.98633265
arcadia,0.9733793
silesco,0.9065449
uens,0.95714414
horriferus,0.8486197
portentum,0.98162097
pauus,0.907159
nigro,0.9849016
formo,0.9911692
aeter,0.7978897
adiugo,0.7241465
ida,0.9781091
promunturium,0.9166348
uortex,0.8782555
harena,0.99125165
poteso,0.72758466
inhumao,0.81864536
egregius,0.9889914
unanimitas,0.8619389
amentia,0.98314184
fremo,0.99612457
explano,0.9741914
contueor,0.98700684
graia,0.9859371
delphos,0.9600031
inexorabilis,0.9770474
turpo,0.982582
creper,0.7188418
uulgus,0.9940187
plerus,0.78346443
mactus,0.9757868
lesco,0.9731464
tenebrico,0.6954194
moena,0.859964
peleus,0.97581923
penuria,0.98579764
stirpis,0.88206524
intolerandus,0.97275233
digno,0.9845184
bello,0.9797225
ultus,0.9708679
danaus,0.986745
itio,0.7830757
fortitudo,0.90538245
brutum,0.82544726
elinguis,0.96926177
absoluo,0.9885961
tyndareus,0.95744276
clepo,0.8676127
contorqueo,0.9929745
gratatus,0.83807987
probitas,0.988479
uarietas,0.9919052
mia,0.78437924
denudo,0.9755107
foes,0.84701973
stagnum,0.99137247
rimo,0.84576404
inlaqueo,0.914559
alterco,0.7904816
infernus,0.9664452
caelestis,0.98037905
ualua,0.9642756
repugno,0.9932283
uecors,0.9800544
sceptrum,0.99409527
ignotum,0.63477963
collis,0.9909182
exul,0.9951604
porgo,0.9134201
crispo,0.92053515
camilla,0.9612134
expectatus,0.96999186
exanimis,0.9882049
altar,0.95343924
regredio,0.85436076
red,0.432577
interfectus,0.93799555
ostentus,0.9455222
insuetus,0.982658
nuncupo,0.9827758
similitudo,0.9701673
lympha,0.9907085
ulixi,0.96908396
permulceo,0.99084544
abluo,0.9792166
mollitudo,0.9074035
lenitudo,0.8687509
compages,0.9896989
aluei,0.7487567
sutum,0.9096569
sparteus,0.95419466
aetna,0.9906942
scruposus,0.95455444
nisus,0.98709476
succussus,0.8893307
quassus,0.9311909
amplifico,0.9857429
figura,0.9907112
seneo,0.9181669
uacuus,0.99558854
melanippe,0.89763206
timiditas,0.94949925
mitesco,0.98892003
inbuo,0.9755361
arceo,0.99153507
fraternus,0.9932729
delfis,0.7016338
scrupea,0.93307835
melus,0.9030065
desiderium,0.9687092
paenitudo,0.8762162
scaber,0.9708742
uastitudo,0.88369185
murmur,0.9951016
teucrus,0.8869434
salamis,0.96326804
indix,0.93980616
orbo,0.98472315
properiter,0.9461895
citer,0.9666731
subiecto,0.7986048
stridor,0.9851496
tonitruum,0.9712036
rudeno,0.8016292
sibilus,0.9409765
conficto,0.78827214
putro,0.8138261
proteruitas,0.8849649
ferocia,0.9749638
iubar,0.98684037
debilito,0.9910933
stupeo,0.9935932
iniectum,0.85361165
opaco,0.94162977
lanugo,0.9718424
exhalo,0.98835415
umidus,0.99060744
auxilior,0.94968367
comprecor,0.9112232
brutus,0.9691263
saxus,0.841774
globosus,0.8542791
instabilis,0.99053836
temeritas,0.9805572
aggredior,0.9932724
refigo,0.91391045
alcyone,0.9282868
subluo,0.9239964
mol,0.9868039
obtutus,0.97053283
ales,0.9732153
repedo,0.9003591
altrix,0.98312294
profectio,0.9736703
lasciuio,0.99259895
inhorresco,0.9785169
nimbus,0.99502736
obcaeco,0.95104814
nigror,0.92256165
corusco,0.9828496
mixtus,0.9955448
undi,0.9092278
erumpo,0.990138
existo,0.97339344
pelagus,0.99559855
saeuitia,0.990857
salacia,0.8043481
adpello,0.97140646
prologus,0.88553804
adtendo,0.9734272
menander,0.9735623
andria,0.844231
contamino,0.9681665
intellegendus,0.9504782
commemoratio,0.9448239
exprobratio,0.9418289
nequid,0.971151
obsequium,0.97710836
ueritas,0.98788226
coago,0.9818592
phaedrus,0.86530817
enimuero,0.8472113
continentia,0.9604067
conflicto,0.96342295
chrysis,0.8407272
nonnumquam,0.9691111
mansuetus,0.9828506
adcurro,0.9733025
glycerius,0.92679197
comperio,0.99191964
satum,0.7673849
consumo,0.98779076
incommodo,0.90063894
coe,0.86934566
dubium,0.8699627
lenitas,0.9843643
necopinans,0.88178915
aegrotum,0.94238204
segnitia,0.97788787
pamphilo,0.8633934
inceptio,0.8697332
andr,0.79857635
temerarius,0.9888151
anicula,0.94701827
facultas,0.96292984
praesco,0.87848794
inmuto,0.9713525
glycerium,0.9183166
abstraho,0.98621964
inuenustus,0.94250727
chremeti,0.90192574
contemptus,0.9894805
neglegenter,0.9831269
pamphilis,0.8771337
obstipesco,0.99240756
obmutesco,0.9799
sollicitatio,0.8985625
momentum,0.9809149
coacio,0.96923506
ferme,0.9474134
obstetrix,0.96438754
philumena,0.9358965
obtundo,0.9813999
percurro,0.99325365
excelsus,0.97321784
cohaereo,0.984551
pisciculus,0.95605934
obolus,0.7992566
perspexo,0.91074336
propulso,0.98817223
ducio,0.83835685
nullanes,0.81465137
ueterator,0.9262366
inparo,0.8512777
adortus,0.9666892
adparo,0.9641525
pamphili,0.8443682
auello,0.9861483
integratio,0.6870524
coniugium,0.9915651
discessio,0.9618369
aduesperascit,0.90970725
pertempto,0.9796045
solu,0.82234204
inspero,0.7519728
obtingo,0.9593362
inpeditus,0.9566096
impeditus,0.97156954
innascor,0.98119766
promoueo,0.96795976
coactus,0.9173192
coniectus,0.9757168
gemino,0.99414414
instigo,0.9878269
mysi,0.6522039
capiundus,0.724151
narratio,0.946447
initium,0.9534271
substerno,0.9813795
inpudenter,0.89485866
inludo,0.9861601
prouoluo,0.98855615
susurro,0.98715353
iocularis,0.95731986
sobrinus,0.85697156
defensor,0.97612405
obtineo,0.98537135
inio,0.92321634
uxoria,0.9613103
chrema,0.6549866
adparatus,0.97517174
seueritas,0.99333954
impotens,0.9856585
inuens,0.71040326
crito,0.8146853
sollicitandus,0.9588552
adtempero,0.718936
obturbo,0.906516
rhamnusius,0.7739903
scrupulus,0.9722473
miliens,0.89414
uinctus,0.98729056
ubina,0.9476578
longum,0.915686
uoluissum,0.81696266
quamobre,0.8824178
adulescentus,0.8368856
inueterasco,0.88042104
scriptura,0.9500394
euanesco,0.9794042
caecilius,0.96758956
scaenicus,0.977627
placitus,0.9488954
praesentia,0.94332033
intellegentia,0.98089254
pugil,0.8813199
uetere,0.9109521
gladiator,0.98899424
conuolo,0.9647341
musica,0.9488435
fautrix,0.9214641
mutilo,0.96163577
nago,0.96622175
eximium,0.9840046
insidiabo,0.69298255
praefinio,0.9701657
imbrum,0.7648902
infirmitas,0.9707578
litis,0.91878194
nescioquo,0.847402
coniuratio,0.9806534
docno,0.8860011
assidue,0.98841214
ereo,0.9213315
iampridem,0.9492868
detrimentum,0.9505615
duxo,0.9666796
facilitas,0.9865906
refello,0.9854794
purgandus,0.9659449
meteo,0.8633909
lo,0.97724426
rescio,0.890123
absens,0.973779
amplior,0.983
dedio,0.9579317
ausus,0.94019556
aliu,0.7732122
infirmus,0.9715605
pauito,0.96234256
oblo,0.97761655
reminiscor,0.97963035
abortus,0.9515424
contego,0.9914662
leues,0.9640583
caesius,0.93943846
myrrina,0.8316804
decreuis,0.80160075
consobrinus,0.97267956
reuiuesco,0.95212007
sublo,0.98239756
obtempero,0.99015456
uagio,0.969519
hem,0.74456847
pepereo,0.85545325
peruicax,0.97619784
ro,0.9760797
iens,0.9702153
iniussus,0.9600169
quitasticus,0.80267346
detractus,0.936231
perfungor,0.9864829
longinquitas,0.9722709
absque,0.90699804
ficio,0.9563451
turpiter,0.9812439
etiamsi,0.9777267
d,0.6369806
alamus,0.6556421
igna,0.9067117
amandum,0.9210136
reuoluo,0.9936731
sanctior,0.9793833
suspectum,0.67388976
compero,0.9122334
tantumnis,0.9306199
curso,0.9309888
lucto,0.8440939
cognitio,0.9713232
seruatrix,0.8267679
obitus,0.96503425
iureiurandum,0.8165793
ageo,0.6453184
rhodienses,0.88024724
existumao,0.9336766
facundia,0.9881621
latina,0.9835362
arbitrium,0.98114
statarius,0.90765256
notitia,0.98034346
tibo,0.8554758
beneuolentia,0.9842479
profectus,0.93307066
inceptus,0.9042561
siquus,0.952966
monitor,0.98480344
haudquaquam,0.96776307
menedemus,0.88518167
pueritia,0.9876075
familiaritas,0.9851695
tolerabilis,0.97728574
conuiuor,0.9400264
exiguus,0.99423087
clitiphus,0.92161775
nequo,0.77562857
satago,0.90729207
ignarus,0.98603934
meretricia,0.71061695
magnifico,0.9602353
relicueo,0.9645041
uesperasco,0.8212004
antiphila,0.9362818
quaenam,0.94053876
pessulum,0.89294255
reiectus,0.92659914
neo,0.93556654
mittendus,0.9709033
adempo,0.8991413
perspicax,0.9065858
inuerto,0.98333466
mirabo,0.9057353
deserta,0.92455655
insperatum,0.92314124
augesco,0.97964907
adaucto,0.9267248
proterreo,0.92255116
satrapes,0.88120496
nedum,0.9678489
asperum,0.98768294
permagnus,0.90119815
fenestra,0.9767733
ambigo,0.967123
comparatus,0.94610345
congruo,0.9847227
magnificus,0.96872485
inpune,0.62592375
insero,0.99556625
inmodestus,0.7779223
deambulo,0.95798874
corinthia,0.80459446
purgatio,0.93372023
prospectum,0.6348086
iustitia,0.967157
sostrao,0.6839385
tollendus,0.9596691
euge,0.7969695
uidendus,0.9805831
interloquor,0.7478156
clitipho,0.93162745
magnifice,0.96515155
dicendus,0.94931453
transduco,0.9596081
quodsi,0.9804985
cudo,0.9288032
demulceo,0.9118459
glorio,0.7963922
menedemo,0.64496726
simulatio,0.9823359
oppignero,0.8808236
obsecundo,0.9427769
indulgeo,0.98440254
oce,0.81762815
paulatim,0.9910804
praemonstro,0.9536685
caudex,0.9507552
stipo,0.991816
calliditas,0.9778166
ultimus,0.98888
diffluo,0.98602754
itane,0.7756007
delectamentum,0.91288817
eieceo,0.9330324
quodnam,0.96633327
huium,0.65028
prauitas,0.9843476
delectatio,0.94188404
adripio,0.9782437
subditus,0.83520025
subdio,0.9459456
au,0.7073834
helluo,0.79086125
infamo,0.98636395
pertendio,0.84174824
aduncus,0.98027617
elegans,0.9758523
inclementior,0.93415254
menandri,0.95350945
defungor,0.95382684
eunuchus,0.96172684
persona,0.9581769
inprudentia,0.9773718
studui,0.77318186
pertendo,0.9749974
gnauiter,0.84637296
expressi,0.6644391
phaedria,0.92330617
tulo,0.98327196
aliorsus,0.82546914
calesco,0.9728378
exclusio,0.7735681
thais,0.89130497
perfluo,0.93964714
effluo,0.98774153
dubiumnis,0.82485795
praeposio,0.97657657
perdoleo,0.8674911
aethiopia,0.97168595
gerundus,0.7623879
thaidi,0.8832348
forsan,0.98070943
obfirmo,0.8998519
mollities,0.95532095
decrepio,0.8098049
abligurrio,0.8125335
sentus,0.8623885
obsero,0.9860634
ignauissimus,0.91469646
habitudo,0.91166455
uberrimus,0.98388886
cetarius,0.78480256
frigeo,0.9815983
nebulo,0.96933746
urus,0.7356356
uicissitudo,0.98300135
sursum,0.96778804
cursis,0.7327169
deleo,0.9830638
pollicitus,0.9234657
cellula,0.943346
adpareo,0.9704409
pugilis,0.95241094
annius,0.9640611
stomachor,0.8901881
infeliciter,0.97486067
incuruo,0.97060716
numquamnis,0.9047879
sicubi,0.98871315
hi,0.8018133
perpaucus,0.97007406
sacrilegus,0.98945063
rhodium,0.9774151
adludo,0.9387486
perdeo,0.86004096
pamphila,0.9260595
mordeo,0.97832936
nequando,0.877901
dorus,0.82841074
sollers,0.9923131
infra,0.9735949
infimus,0.98571676
pythias,0.9119792
frigo,0.9637988
iamdiu,0.8702922
sunius,0.7562375
coniecto,0.97934985
sciscitor,0.9904704
emergo,0.98743385
adspectus,0.9634724
submoneo,0.82466125
capo,0.9833171
suspecto,0.9243174
danaae,0.94454813
homuncio,0.95186144
flabellus,0.88401437
perstrepo,0.96055716
scelerosus,0.9201332
discido,0.94722027
uitio,0.9900094
temulentus,0.979873
info,0.981565
distorqueo,0.9670192
uestus,0.96383667
uieo,0.9428002
ueternosus,0.8719138
militis,0.80106425
donax,0.9114195
syriscus,0.8865918
cornus,0.975517
uolnero,0.8984267
pyrrus,0.9699649
funda,0.9336889
attica,0.96903455
sangus,0.57396746
dor,0.6404224
criminor,0.9862385
difficillimus,0.9858265
palmaris,0.90724254
mundior,0.9394151
sordes,0.98566246
praestolo,0.7671152
conprendo,0.9452843
sorex,0.9218995
sandalium,0.8784579
congreo,0.6579574
perfector,0.8786781
clientela,0.97040737
gubernatrix,0.8743163
thraso,0.90566665
benedico,0.8359413
phormio,0.87066007
phormius,0.8471574
aequanimitas,0.93796825
conrado,0.88110596
ditior,0.9453264
demetior,0.83719957
initio,0.9716897
puellula,0.963883
citharistria,0.94424456
beniuolus,0.98199046
tantummodo,0.937549
scita,0.7382208
tenuiter,0.9075551
adlatus,0.97792315
incogito,0.8109304
depeciscor,0.89751977
impendo,0.9887918
punctum,0.96425134
plurimum,0.735552
protelo,0.9306476
defendendus,0.97687924
depingo,0.98138547
admiseo,0.9366838
obstupefacio,0.9749857
inmeritus,0.94769216
ueritus,0.9494523
accingo,0.9680399
abrado,0.976672
damnatus,0.9062392
absumo,0.98611826
coitio,0.93857
acerrimus,0.98738706
illo,0.87451214
subicio,0.99043274
malefacio,0.9509336
dilucidus,0.9699216
demiphus,0.6444617
rescindo,0.9814466
dorius,0.8236802
milies,0.83737856
fenero,0.9652168
expereo,0.7988193
cantilena,0.93488467
phaleratus,0.931195
ueris,0.9658168
uanitas,0.9758994
extrarius,0.8823872
uixdus,0.9439877
ulterus,0.9340774
peta,0.7578534
coepto,0.955256
libet,0.9916488
emundo,0.89884824
excerpo,0.9808912
pollico,0.9459771
bruma,0.9906336
iustissimus,0.98417544
transito,0.74227333
digredior,0.9937258
suasus,0.7299377
uiolenter,0.98780906
infirmo,0.967572
antiphoni,0.57893205
casa,0.98876494
planissimus,0.9510586
haesito,0.98033494
bina,0.74951816
illico,0.61619973
euoluio,0.96458733
hpoto,0.8230045
familiarior,0.9506242
ornatissimus,0.9295218
mida,0.9468412
uetitus,0.9881476
mirificus,0.97252774
dilapido,0.9130995
posthabeo,0.9741467
rescribo,0.96843857
discribo,0.95351005
denarro,0.925833
inritum,0.8026161
inridens,0.9730764
misero,0.9897936
indignior,0.9644137
crebrus,0.9809982
mansio,0.9385592
exsequia,0.97622925
oggannio,0.8809233
periculosus,0.99245894
foenero,0.75827575
duplum,0.88670874
quadruplius,0.9284322
calamitosus,0.9709454
fortus,0.9629604
inuidiosus,0.98299885
institutum,0.93599963
saluber,0.98845416
aquarius,0.9889354
uendidio,0.9528984
aedificator,0.84634405
instrumentum,0.94833577
iugerum,0.9902163
uinea,0.9860283
irriguus,0.97560334
caeduus,0.7893944
pluvia,0.8612279
pico,0.970105
funis,0.986773
fossa,0.98997664
uepres,0.9825269
spina,0.9789604
runco,0.9091104
olearius,0.8909517
armentum,0.98526
pell,0.91790533
morbosus,0.9637028
consitum,0.9128389
caritas,0.9446163
torcular,0.947686
viridus,0.79840446
tabulatum,0.97968674
putesco,0.9152585
cxx,0.9002919
trapetus,0.9659331
impar,0.9897908
orbis,0.99097055
contritus,0.79484564
conmuto,0.86982787
fibula,0.9822763
duodena,0.93506527
graecanicus,0.88968074
orbiculus,0.9409848
faliscus,0.9780105
clater,0.83394647
meles,0.92512196
adiuvo,0.9801172
feriae,0.9643997
chaldaeus,0.9795389
bubulcus,0.9772041
aratrum,0.9965514
cariosus,0.9500582
cavor,0.73948276
triennis,0.71902835
scabies,0.99078244
inpleo,0.91431844
conminuo,0.8301089
autumnus,0.9920838
eueho,0.98891044
autumnitas,0.8763099
ablaqueo,0.9625845
querneus,0.89600146
faenum,0.96353567
rapina,0.9898704
nebulosus,0.97840244
rapum,0.97364104
raphanus,0.91273385
caldus,0.9719673
radius,0.9833199
sergianus,0.63394976
xxv,0.92207676
xxx,0.7177167
favonium,0.8958143
licinianus,0.90623784
hostus,0.92029035
muscus,0.9713549
ruber,0.9880331
umectus,0.9382657
cacumen,0.9959662
harundinetum,0.9468862
asparagus,0.96835864
apicium,0.8122278
lucanus,0.96482617
miscella,0.8086547
suburbanus,0.9431469
uite,0.9468173
uinaceus,0.96767443
sapa,0.9801372
duracinus,0.94839525
passa,0.834637
pomum,0.995314
mustea,0.83765703
lotium,0.9409102
tarentinus,0.98355985
muria,0.97295874
lentiscus,0.9729159
biduum,0.978695
defrutum,0.9541437
sorbum,0.97502995
sicco,0.98985106
marsicus,0.9495416
cretosus,0.9023798
hiberno,0.9566734
pediculus,0.91948324
crassior,0.97018564
stercoro,0.97520685
summitto,0.99153113
bulbus,0.9712409
delphica,0.94108796
siluaticus,0.8453162
sollertus,0.94868356
aquosus,0.9818162
umbrosus,0.986272
ccxl,0.84392345
uncus,0.9881903
iii,0.8567172
aheneus,0.866044
torcularis,0.77300596
craticula,0.9006523
operculum,0.95230216
xiiii,0.7667086
conca,0.90063876
ii,0.874267
trulla,0.94655645
quinquagenarius,0.9347798
sextarius,0.9859004
spongea,0.86471486
trutina,0.94595796
aedificandus,0.96460235
caementum,0.96347404
aestiuo,0.9902999
luminare,0.8188497
l,0.9441521
s.,0.8988734
uallus,0.98167753
quaterni,0.9877721
pestilens,0.9763621
p.,0.962428
xiv,0.9403454
n.,0.8280529
sesquipedalis,0.9657908
partiarium,0.8203541
fornax,0.9754138
calcarius,0.8169291
ridicus,0.8972218
solstitium,0.9906987
cupressus,0.9889078
bimus,0.93361926
hornotinus,0.8149265
quadrina,0.7685584
forame,0.990412
digo,0.8383521
stipes,0.99276567
derigo,0.98181546
sucula,0.8206613
prelus,0.8114605
pauimentum,0.97214776
iiii,0.84515315
xx,0.9516852
exaduerto,0.927835
quadri,0.73599404
latitudo,0.9630326
plumbum,0.9583677
xxxvii,0.916963
xxiii,0.80778134
rutundus,0.8556497
semipes,0.94786966
libro,0.96302855
glarea,0.963531
testa,0.9858391
pauio,0.86153495
pineus,0.96650195
xxii,0.8571861
coagmentum,0.8419466
corneus,0.9727123
corylus,0.93143845
altior,0.98684645
prelum,0.9335057
pollex,0.9937637
laxamentum,0.95446736
columella,0.90556836
miliarius,0.9346877
perpendiculum,0.92492247
salignus,0.9687072
effundo,0.9862001
modiolus,0.888407
oleagineus,0.9202319
cupa,0.9548366
bifaria,0.87242985
fistula,0.9791827
dextra,0.97883916
lamnum,0.9296327
replico,0.9621563
extrinsecus,0.97627705
cludo,0.9820151
pertudo,0.9269475
ria,0.59198505
intrinsecus,0.9320919
lx,0.96447736
lxxii,0.91828346
miliaris,0.91450065
circumligo,0.977184
miliarium,0.9513685
altitudo,0.96586907
cccc,0.9593344
semipedis,0.87433016
rufrius,0.77688146
qualum,0.9620576
mena,0.70521164
caducus,0.9907247
miscellus,0.8964208
lixiuus,0.8341309
quadragesimus,0.9570258
fiscella,0.9697534
permisceo,0.99489546
tribulo,0.8976951
percocio,0.8436625
distabesco,0.75833654
defruo,0.890096
tricesimus,0.97671247
oblino,0.9784558
faex,0.9804561
uicia,0.97308975
eruum,0.96315336
supputo,0.93797386
effodio,0.9927325
fimus,0.9808865
reseruo,0.9908239
favonius,0.9105167
ficulneus,0.95667887
aridum,0.93577796
cogendus,0.9509574
uime,0.99311304
iligneus,0.84918493
ficulnea,0.9116061
carpinus,0.75841546
uineas,0.89551157
uites,0.97784793
sulcus,0.9946337
ramus,0.99247503
diuarico,0.9103552
nodo,0.98365253
marita,0.9281012
altissimus,0.9594675
uinia,0.8591653
circumfodio,0.9657867
castratus,0.9504726
nouellus,0.9854201
interpono,0.9703121
macer,0.9676954
palea,0.9779216
frondeo,0.98906165
coepi,0.9856448
pampino,0.951578
caulis,0.9756936
copero,0.9014975
subligo,0.9462162
coicio,0.96760166
frigidissimus,0.9590652
harenosus,0.9887012
uligo,0.95804554
adoreus,0.91657436
herbosus,0.9827485
siligo,0.933957
apertum,0.9592365
lentim,0.75302434
restibilis,0.9235169
columbinus,0.9414067
caprinus,0.97903633
ovillus,0.847547
amurca,0.983429
uello,0.99216884
nucleus,0.9785036
fabalis,0.8162261
ebulum,0.9589327
cicuta,0.9663768
rutrum,0.9316661
conburo,0.9604503
inaro,0.8017975
infodio,0.96133184
lucubratio,0.9386953
uii,0.7420216
gelidus,0.99584913
rorulentus,0.85508
destringo,0.99073756
ficulnum,0.8895754
codicillus,0.93613875
aceruus,0.9880491
lacuna,0.98018724
uentosus,0.99075043
fumosus,0.96027386
ustio,0.91175663
papauer,0.9647142
quernea,0.803215
sulpur,0.966065
gypsus,0.924181
contrio,0.9057787
emplastrum,0.9599148
conmisceo,0.8066357
seminarium,0.98973906
aliquantum,0.85873264
defluo,0.98858416
conuello,0.9914428
surculus,0.9892937
argilla,0.97393423
fimum,0.88597393
lentus,0.990204
praeacutus,0.9593061
capitus,0.80647093
oblicus,0.9156768
obtego,0.9800008
insitio,0.95081866
pirus,0.975526
diffindo,0.95406985
obliquo,0.9933592
inseco,0.92265797
obliquus,0.9893818
coniungo,0.9891701
intego,0.9850979
gemma,0.9929353
palmus,0.9402535
controuersus,0.9472563
oliuetum,0.9783347
xv,0.770279
aequinoctium,0.9864555
uernus,0.99077654
xlv,0.96277547
talea,0.9733637
pedalis,0.9520179
mateola,0.7941015
transvorsus,0.7926234
stercorosus,0.93247163
simillimum,0.95524794
dispono,0.9877733
pomarius,0.96064
cupredior,0.9233146
porca,0.9713087
gleba,0.99143374
paulum,0.97147334
concauus,0.98415715
creber,0.99320316
incerno,0.9491898
transuerto,0.9892087
complano,0.94993377
cratis,0.98614883
ficarius,0.7317431
subtus,0.9238727
euello,0.9840442
gemmo,0.99164265
radicitu,0.9158585
resarcio,0.8927966
antequam,0.98844916
profano,0.9467041
propagatio,0.8826703
platanus,0.98350596
qualus,0.92667234
traicio,0.98884916
conquasso,0.90857506
priusquam,0.9724171
semodius,0.9025107
interdiu,0.9793354
triticeus,0.96863806
hordeaceus,0.94631076
condeo,0.9202841
carpo,0.99740136
renascor,0.9828495
falculus,0.7461524
pascor,0.9888685
pitulum,0.8203363
coipio,0.98761916
congius,0.9366594
undecimus,0.98193115
duodecimus,0.9808193
saturnalia,0.97284114
pulmentarium,0.9426081
saga,0.9400296
sagum,0.93201727
lupinum,0.8631152
dxx,0.7499535
granatus,0.88138217
tenuissimus,0.97785413
exaro,0.9602075
cultura,0.93495405
legulus,0.9108329
cite,0.6605175
collecta,0.9805242
taeterrimus,0.97489846
stringo,0.993224
acerbissimus,0.97088754
gelicidium,0.920144
quatriduum,0.93796813
mundissimus,0.869365
purissimus,0.9562928
uasum,0.9603607
frax,0.8177222
subtraho,0.9890639
frequenter,0.98136437
fraco,0.9702903
spongia,0.94521415
effingo,0.990308
subripio,0.97582847
prela,0.88799787
vii,0.91520673
suppleo,0.9805135
tepeo,0.9834767
linio,0.97195923
micus,0.9211386
porrum,0.97461283
fibra,0.98654526
sabina,0.965464
subtero,0.81142616
anguina,0.80747926
serpullus,0.86024153
testus,0.7941485
libum,0.91699326
disto,0.9944244
selibra,0.9436265
similago,0.8441659
placenta,0.8957623
alica,0.9599869
testum,0.9062424
conspargo,0.94007885
acidus,0.97876656
mellis,0.97094595
balteus,0.9785664
pruna,0.9802557
spira,0.981305
balteum,0.923514
ungue,0.98146486
rudis,0.9915059
cauum,0.96017474
lardum,0.9270236
pulpa,0.9258741
catinum,0.94439423
paulisper,0.9700729
catillus,0.87347865
cortex,0.99500036
amulus,0.8841802
exsicco,0.9680989
refrico,0.9627265
aliquotiens,0.984135
salsamentum,0.9532893
nubilo,0.85639656
cotidie,0.96795964
farcio,0.9509174
intingo,0.9490645
palumbus,0.9253598
insipio,0.8387992
conbibo,0.97380066
coaequo,0.9405849
refrigero,0.9732342
circumpono,0.970891
circumfundo,0.9839436
grossus,0.9301501
feracior,0.96356404
bitume,0.99216515
quartaris,0.69828874
minutissimus,0.94636345
excandesco,0.9811586
frigesco,0.9583976
ricinus,0.91033363
quadripedes,0.8917972
utio,0.5381934
decoquo,0.9738562
calciamentum,0.9627173
aerugo,0.8945209
murtea,0.8315996
fasciculus,0.93619615
acerbior,0.98104495
serpens,0.9874965
momordeo,0.82698596
acetabulum,0.9566952
morsus,0.99528146
conmixo,0.8773786
aequabiliter,0.9103894
lxiiii,0.90489024
superfuio,0.89376754
bullo,0.64168453
refrixo,0.95194244
odoratum,0.9588616
diffundo,0.99312794
cous,0.8747492
concinnatio,0.7051849
circumlino,0.9676036
odoratus,0.9680369
sirio,0.87140346
aduro,0.97345614
duraio,0.838654
caliculum,0.8568951
resticula,0.9075805
lxx,0.9313382
haurio,0.9925291
inplio,0.933808
transfundo,0.98232085
pluuia,0.9853615
acinum,0.92684746
suffio,0.9371035
unguentarius,0.9393437
xl,0.9721111
quadriennium,0.96652055
circumseco,0.85610783
mouendus,0.956031
perfrico,0.9635184
cuminum,0.9757284
ruta,0.94267476
menta,0.88796055
mustaceus,0.88432956
anesum,0.95618165
adips,0.94155985
derado,0.95836234
difficile,0.97274494
lagona,0.8336343
minutim,0.86437297
uigilantior,0.93754935
murteus,0.8528658
semodium,0.8538642
tormina,0.84649837
nigrus,0.9876895
stranguria,0.86678916
deciens,0.97624886
fracesco,0.91852725
grauissimus,0.9799429
polluo,0.98564804
interlueo,0.9504607
inferius,0.85467327
prunum,0.9127773
ramulus,0.96951723
caeco,0.95454514
praecidaneus,0.93263435
praefor,0.9799253
strues,0.981272
fertus,0.79950464
proseco,0.9627527
minturnus,0.91175056
falx,0.99396735
ligo,0.99267393
murex,0.99330664
venafrum,0.9140415
suessa,0.9666781
lucanae,0.97479343
nola,0.9526744
hama,0.9457342
urnus,0.9475844
uinaria,0.80809695
spartum,0.9468729
mennius,0.7388647
nostras,0.7906158
sallio,0.8550715
xlviiii,0.85511184
relo,0.95928967
xlvi,0.9837634
extentus,0.93349886
lv,0.93629724
retinaculus,0.957125
xxvi,0.8874327
xxvii,0.84051013
xix,0.83639044
funiculus,0.9070486
secundarius,0.7112241
communiter,0.97236526
piso,0.9372192
curandus,0.97805244
indivisus,0.9257703
coerco,0.9608239
interceseo,0.8200975
circumago,0.9770846
quotus,0.98094934
auerrunco,0.8975716
uinetum,0.98628163
uitulus,0.9863894
satisfacio,0.97191876
luxuriosus,0.98896635
conuerto,0.9923167
idus,0.9676389
pira,0.84882486
pasdo,0.97047865
suptilis,0.92020285
legendus,0.9913305
manlius,0.97242725
redemptor,0.8704723
deportatio,0.83961314
metior,0.98811954
inpraesentia,0.90950805
cc,0.65072244
furor,0.9860056
sumptio,0.8417505
usio,0.82150275
centesima,0.9491049
cotula,0.86275035
k.,0.88531923
locao,0.75733167
inlatus,0.97522175
inlutus,0.8322193
octobus,0.8144876
quadrageni,0.9487542
aceo,0.9562987
degusto,0.9870734
ia,0.98410356
admetior,0.88142437
september,0.97940606
martius,0.99251485
controversia,0.90910774
iu,0.78413427
relego,0.99240065
doneque,0.8855407
cupresso,0.9669794
nolanus,0.95981556
tarentina,0.9642532
flauesco,0.9865031
tenerrimus,0.9407906
gramen,0.99431705
quotiescum,0.9321164
a.,0.7303488
suggestus,0.9630914
obturo,0.94491845
incilis,0.76338947
diduco,0.9807581
plueo,0.83795637
intinguo,0.8368393
leuissimus,0.97105557
libido,0.9876361
adprehendo,0.9791783
pituita,0.9658177
defundio,0.7131632
aquor,0.95890796
iusculum,0.8747078
sorbo,0.78704286
pythagorea,0.93199116
uehementissimus,0.94621813
tumor,0.9757874
tumidus,0.99471265
putor,0.9739843
purulentus,0.9337026
fistulosus,0.8574083
conseco,0.9525943
articularis,0.69419885
sirpicium,0.8265779
edeo,0.9065398
paululum,0.9378153
madefacio,0.9680242
inunguo,0.88172555
erraticus,0.95046467
taetrus,0.9672692
polypi,0.7263019
instillo,0.9716347
coliculus,0.9324721
mercurialis,0.86925554
mitulum,0.72196066
scorpio,0.9594958
lensco,0.88719666
pugillum,0.7684059
interquiesco,0.89505064
ponticus,0.98487955
luxus,0.99021477
coio,0.9166652
tarsus,0.9376322
intermorior,0.92987394
uiii,0.38380754
digero,0.98723525
fossula,0.71450526
ofella,0.91429037
puteolanus,0.89751
perunguo,0.9546093
uermis,0.9836322
commorior,0.9586054
storax,0.5424223
uspiam,0.8983866
quisquamne,0.902713
studio,0.5809783
praetermitto,0.9896103
instito,0.7709914
liberalitas,0.9764358
inreo,0.9134268
orsum,0.7130849
alienior,0.8927367
humane,0.9625255
deferuesco,0.8696606
debaccho,0.8975151
sannio,0.7986381
concerto,0.9722562
inesco,0.89352196
oppressio,0.8193833
labefacio,0.97249156
tuber,0.9530073
defraudo,0.8559036
ctesipho,0.93803483
putao,0.7978309
tristities,0.71161014
absoluus,0.7844464
circumuallo,0.95524853
reflecto,0.98810965
inpulsor,0.84837854
dispergo,0.98754215
uicio,0.97954655
posiio,0.9364309
raptio,0.63867676
laete,0.9631244
disrumpo,0.9557926
distribuo,0.99298304
absurdus,0.9840821
ella,0.74141955
ado,0.95937705
quantu,0.6250442
uigilantia,0.9832716
psaltria,0.95223653
uitas,0.97276336
fugitus,0.8622425
tribulus,0.90000427
inliberalis,0.93474317
extor,0.7909518
defunctus,0.97485834
micio,0.7907173
fereo,0.96184945
infelicitas,0.9726446
uisob,0.91656005
refereo,0.7986876
cliuus,0.9866847
sacellum,0.9837805
caprificus,0.92390466
suspiciosus,0.96402436
impotentia,0.9600506
garrula,0.7609292
miletus,0.97949755
confecturus,0.7813071
conpreco,0.85039103
amandus,0.9674408
iniicio,0.9269832
corrector,0.9484304
materfamilias,0.895034
cantito,0.92921
uillus,0.97487605
omissus,0.84559965
adtentior,0.9474626
fauilla,0.98882633
pollinus,0.8831397
stipula,0.9585872
subduho,0.87419283
clementia,0.97571206
fructium,0.7831748
demea,0.8641595
adfabilis,0.7519865
adparandus,0.82925415
diruo,0.9903133
rectius,0.5325097
largitor,0.962715
prolixe,0.9549697
adtentum,0.724211
festiuiter,0.8714148
neq,0.74674726
plautius,0.9503631
ardea,0.9702103
cronia,0.6946724
epulor,0.972621
odibilis,0.7990877
breuitas,0.99076664
expectatio,0.9685124
peragro,0.9907626
essis,0.57836604
languidus,0.99010754
uisum,0.8270558
prostro,0.9807877
resupinus,0.97715443
dextrorsus,0.92451644
radiatus,0.8908857
hebeto,0.9841393
commutatio,0.97228634
tullius,0.9868809
flacceo,0.87141675
indoceo,0.97257686
inflammo,0.98552877
infreno,0.92114305
gressus,0.9815459
adcelero,0.9726282
inmisericors,0.91928047
taeter,0.98878586
adlido,0.8900177
inchoo,0.9819882
ultor,0.99222016
pelopidus,0.62519807
oblittero,0.97033906
renouo,0.9866047
discrepo,0.9922418
arquiteno,0.7642014
comito,0.991163
adstituo,0.8859935
retracto,0.9856167
depressus,0.8843386
inpietas,0.936728
tento,0.9766704
protraho,0.9909845
segnis,0.994688
inenodabilis,0.88498855
progenitor,0.9305758
dedico,0.9855101
dirus,0.99540067
horribilis,0.98132
angusto,0.9907865
includo,0.9950988
funestus,0.9886763
statura,0.9632386
impetibilis,0.8318699
cometis,0.8073154
beniuolentia,0.98011774
tribuo,0.99127245
humilitas,0.9379386
moles,0.98968136
sentum,0.9123332
paedor,0.95087457
immanes,0.9233486
perseus,0.9786328
matutinus,0.9856269
armipotens,0.9820103
solio,0.99167585
infandus,0.99134874
effrenatus,0.95891416
antigona,0.8605957
expergo,0.9488572
tropaeum,0.98948455
pulcrum,0.83361226
uincar,0.8890556
cunctatio,0.9797917
subitus,0.9916695
dispar,0.9906589
pelopida,0.81919646
dardania,0.9125848
argius,0.59500897
arquiteneo,0.9498583
augur,0.98641545
locupleto,0.9801334
domuitio,0.804239
obscenus,0.9905471
uastitas,0.98492694
crudelitas,0.99175406
pisaea,0.8945953
thyess,0.948119
atreus,0.8104086
adtracto,0.8575279
uigilao,0.951756
lacerta,0.85992146
funesto,0.9700594
alloquor,0.991462
infitiandus,0.92989427
eniteo,0.9326284
siluicola,0.9276835
thyrsus,0.9884868
semela,0.9111091
genitus,0.97625077
cithaero,0.92098486
uirido,0.98820937
parnasus,0.9840127
tripudio,0.9304602
circulus,0.9770542
irrideo,0.9805707
stupefacio,0.967751
ostentum,0.9583209
uenandus,0.9374121
affecto,0.9771247
parto,0.94923115
amyclas,0.9662258
nefas,0.9938217
execrabilis,0.9591868
ogygius,0.95663494
insolentia,0.99244547
praepedior,0.88977915
grate,0.9878707
noto,0.996364
stupiditas,0.8345246
hinachus,0.91383004
camus,0.79904884
pallas,0.990145
ardor,0.9912768
incursio,0.95488745
terriculum,0.87228686
lucifer,0.9886885
aextorrum,0.90854144
oceanus,0.99591345
anfractus,0.9913523
inuisitatus,0.9723265
euito,0.9893874
moerus,0.8880781
solitas,0.9697644
steteo,0.9347396
subsisto,0.96965075
exspes,0.8659822
mitior,0.98747534
aestimo,0.99094856
quibusnam,0.8197415
pinnatus,0.98019713
cauda,0.9927331
adulo,0.9586706
uertex,0.9962098
prolabor,0.9818734
reflo,0.8945544
interruptus,0.9030581
strages,0.9902904
trito,0.9814882
euerto,0.9922938
erigo,0.99424434
delphinus,0.98342997
melo,0.91673535
tumulus,0.98444366
immanis,0.9926548
hiemes,0.9750687
frenum,0.99437666
inmitto,0.9832139
extispicium,0.8595356
uultum,0.95102954
dominor,0.97855574
inbuio,0.9001415
permeo,0.9784242
traiectus,0.9688946
ensis,0.993505
gaudo,0.96336555
remaneo,0.9871392
atalanta,0.83803177
en,0.9068681
internecio,0.9804355
mansu,0.6696999
poples,0.9896066
ingresdo,0.9862659
acritudo,0.79060686
acritas,0.77451074
atrocitas,0.98227656
torridus,0.9918174
terraenes,0.6516564
peruado,0.9676429
vulcanus,0.9907212
uorax,0.9722056
accio,0.98099923
ulixem,0.86631227
adtempto,0.9183136
iuaue,0.7343505
phryga,0.9429766
radior,0.9629591
ardentum,0.8801724
cornutus,0.96285105
pisae,0.93838215
europa,0.9841913
exubero,0.9813815
scatebra,0.90996236
rupes,0.9967001
alpheus,0.9629941
accolo,0.9532349
grato,0.9779749
conceptus,0.96556103
conmoueo,0.9032667
pertexta,0.8559205
lucio,0.524186
inclute,0.75610447
ductor,0.99160194
expiro,0.97845083
prometheus,0.9824136
agro,0.51102185
uolatilis,0.9369182
discerpo,0.9907819
equinus,0.9906497
concito,0.9925083
pinniger,0.90822315
eiulatus,0.9400749
questus,0.9862714
flebilis,0.99131876
uiperinus,0.917122
uena,0.98747885
uenenus,0.99329686
aspernabilis,0.74669605
ingredor,0.8268793
latratus,0.97540224
echo,0.9725499
clango,0.9208014
cachinno,0.94110847
cruor,0.99539065
feruidus,0.99586487
radio,0.98909956
sanctitudo,0.9206725
exanimus,0.9792842
dircaeus,0.90585786
mundula,0.71738684
iugulus,0.9487616
sonipes,0.99452865
subinde,0.9838729
menelai,0.95645523
bellium,0.40006292
thessalas,0.912877
langueo,0.9929205
seno,0.8318192
ortus,0.9936804
adytus,0.79626226
nigo,0.9177114
subter,0.9759616
mollibo,0.8367418
mysius,0.86521614
adfo,0.80832934
numen,0.9931505
fulgur,0.98918486
dardanus,0.97625136
progeneo,0.9054301
trous,0.8440212
ilus,0.8278543
catamitum,0.8066931
capa,0.95238394
quinam,0.76818615
luendus,0.952891
phryges,0.9724752
latex,0.99485993
oetaeus,0.96468335
intonsus,0.9783165
rutilo,0.98881614
polus,0.9902996
pictus,0.87123966
expertum,0.92029834
eiengo,0.9211303
sagus,0.88441974
uulgo,0.9954854
gracilis,0.99238545
intercapedo,0.9491434
aster,0.7884791
alga,0.9798408
pessime,0.91544193
singularis,0.9405328
innitor,0.97992903
uociferor,0.98949784
patrocinans,0.7746364
ostrinus,0.8187823
repeo,0.9557886
conmigro,0.93166316
indignissimus,0.9384192
extorr,0.945627
remulus,0.91268545
incessus,0.98833245
caries,0.95779395
scopulus,0.99372363
celero,0.97255754
magne,0.98495734
uelito,0.86829114
mitigo,0.99203813
cypri,0.89660615
oscito,0.9672988
uisere,0.88052857
conplusculus,0.83987665
dominium,0.89120185
strofius,0.66617113
uulgaris,0.98543245
colloquium,0.9866757
velae,0.7899689
minister,0.9870018
uenieo,0.7258122
blatero,0.9158305
fallax,0.9951259
terentius,0.9267015
pilo,0.9868978
futilis,0.86003053
mitra,0.97068036
calautica,0.8006887
lente,0.9523951
quadratus,0.9329469
uafer,0.9683485
spurcitia,0.9593897
cognatio,0.9511808
nouercus,0.96754146
gingiua,0.954886
perspicacus,0.75470126
uirosus,0.9532394
obstetio,0.8033883
quius,0.75057846
summatim,0.99146014
pudenter,0.9503244
seorsus,0.95026594
sentia,0.75058305
pausia,0.85164535
scenicus,0.90308726
soleatus,0.9224076
protenus,0.9281352
custodiendus,0.96385413
tyrius,0.9906196
intrico,0.90736055
paululus,0.8741747
supparo,0.8558145
nauicula,0.95794386
cumba,0.9809053
piscatorius,0.94304514
operor,0.95404816
confoueo,0.88739556
maceries,0.8632837
probabilis,0.9719509
libeo,0.9854692
conformo,0.9789983
prando,0.9245937
incingo,0.954167
consessus,0.96917295
petulcum,0.7857972
nicasio,0.77621436
sceleratus,0.9682657
execro,0.8642955
imprudenter,0.9282783
monile,0.98706126
paruulus,0.9882746
expectandus,0.93592674
manius,0.9362497
eloquens,0.9447219
bacillum,0.87944365
firmamentum,0.86811376
deiectus,0.9887903
neptis,0.9328712
uiuax,0.9877064
iucunditas,0.97479534
conquiro,0.98625124
edulis,0.89554644
fulicus,0.77609
uelitor,0.9236474
terricula,0.87424815
numerius,0.9583874
tacendus,0.9764996
senecio,0.86703646
criminosus,0.9677209
uipera,0.9778747
dominicus,0.8372011
sago,0.87479657
officiosus,0.9741136
inbecillitas,0.9823392
sequius,0.91560876
sophia,0.96104324
coniacio,0.90140957
protrudo,0.957512
uescus,0.8714925
inbecillus,0.9705624
ordio,0.9085796
consultor,0.9760751
domino,0.92120385
conmeo,0.76202375
desido,0.9478488
amento,0.9372731
integrus,0.965443
parcas,0.89061373
antiquitas,0.9869847
petendus,0.9826985
propono,0.98330945
mulierosus,0.78794205
controuersia,0.9869563
delenimentum,0.9332547
uenena,0.9823003
uociferatio,0.973452
tugurium,0.98773026
ta,0.94659865
plagula,0.8683648
miseritus,0.92990255
loquo,0.9319445
arquatus,0.8769751
uertigo,0.98434883
rutilis,0.90782684
compio,0.73701525
pulchrius,0.9503359
tiberius,0.9511254
gracchus,0.991433
miscendus,0.9715351
tribunatus,0.9666068
parento,0.9776967
persevero,0.9620933
perseuero,0.98159957
genitabilis,0.8961259
praetexta,0.8895614
leda,0.97417533
carneade,0.789944
gurges,0.99591506
citulum,0.857164
qitulum,0.9616113
uulturius,0.9593906
cephalaea,0.8873152
serpo,0.98756534
silurus,0.91453797
montanus,0.98240453
hortensius,0.9777289
aemilius,0.95890266
cantum,0.6690299
inpuraio,0.7785543
exculpo,0.7568363
torax,0.8401347
nas,0.94369817
natrix,0.94085443
capitatus,0.86410606
bulga,0.87819743
pilosus,0.9509873
subrectus,0.93962276
exlex,0.89093035
lexis,0.86236936
composta,0.79740596
tesserula,0.89039326
emblema,0.93568194
uermiculatus,0.8669903
sabinus,0.9446894
municeps,0.98411274
signifer,0.982579
mensor,0.94497836
messana,0.9516863
deposo,0.90896523
exspiro,0.98760927
octogeni,0.91745186
lutosus,0.92292386
athonis,0.96360946
rinoceros,0.9002803
profudo,0.96004355
delus,0.9675274
salernum,0.80528194
promontorium,0.9683063
silarius,0.8741901
alburnum,0.87442005
caupona,0.95677733
cernuus,0.9346035
anniculus,0.94366956
peloris,0.89862984
incrusto,0.87804294
caulus,0.92457026
fultus,0.9842479
tantalus,0.96662897
strictura,0.9121637
forus,0.8634528
aeserninus,0.8653471
flaccus,0.9715117
samnis,0.9731615
furia,0.98694915
aethiopus,0.99205613
fulcrum,0.97884
caballus,0.97462964
concurso,0.9459872
grus,0.96211106
tisipho,0.96856093
eumenidus,0.9570649
sanctissimus,0.97911453
erinys,0.98321366
lacertus,0.99441797
sido,0.9535679
conmanduco,0.90360725
atechno,0.94430673
scriptor,0.98311776
praetendo,0.98647344
lacrimosa,0.8982259
edendus,0.9706061
assiduo,0.98298526
cepa,0.9463461
primitus,0.92057395
alm,0.9408058
laeuius,0.9093771
lupor,0.9655082
designo,0.9710257
nasis,0.87600946
repo,0.9856058
prodendus,0.95886683
sariso,0.84861547
infigo,0.98985404
hexameter,0.9711504
menus,0.8162016
balbus,0.9542873
lanificus,0.8883884
abstemius,0.93977815
oriuo,0.86417127
deucalion,0.9845061
tens,0.7950349
apte,0.9654515
lucilius,0.96437174
ror,0.90291953
innubo,0.8484018
ancarius,0.694392
quirito,0.91603565
phryne,0.84760714
obsido,0.94205827
uermiculus,0.96633804
olor,0.98177534
fautor,0.983687
macedo,0.99309933
amputo,0.9861398
loc,0.66120005
fluito,0.991836
cinctus,0.9742565
fulgo,0.92797846
muginor,0.7989212
gracilus,0.8210499
panus,0.9615168
gizerium,0.83786106
fomentum,0.9738983
stadium,0.9850798
accliuis,0.84689736
quaesticulus,0.82125056
apex,0.9852328
praesul,0.9120797
clamides,0.77530766
barbula,0.8317071
criso,0.7988567
deformis,0.9912485
ramix,0.84319067
scabo,0.7783805
costa,0.98029757
discutio,0.98167855
poesis,0.9396093
annalis,0.9803353
aa,0.43779713
lector,0.9822086
cornelius,0.97511494
pupillus,0.98177445
pingue,0.69519705
terentia,0.72020215
licinus,0.97631454
b,0.83423865
sigma,0.8971854
lt,0.8237169
firmiter,0.8416258
torpor,0.98655427
paludatus,0.8224649
uelox,0.9951322
concimo,0.9592854
pelles,0.9323645
scalprum,0.94786453
forceps,0.95919055
hiberus,0.9830913
agger,0.9916509
rudus,0.96751785
braca,0.9152133
torques,0.899984
nummarius,0.941749
tricosus,0.93625116
bouinator,0.90894115
opimius,0.96628237
cassius,0.98005664
gaius,0.96039486
fiscus,0.9624626
rugosus,0.97396475
assentior,0.97020805
sodalicius,0.75989926
extructus,0.9773203
curto,0.8885169
aluta,0.8694798
parilis,0.98216766
naumachia,0.82824594
alueolus,0.9128287
antiquior,0.980191
ecbatana,0.95436627
babylo,0.94892585
carpathius,0.9645438
transueho,0.9838471
rodo,0.9791156
lucifugus,0.96448565
largor,0.85792154
ecus,0.9377574
uector,0.98271275
polyphemus,0.9723349
lamia,0.9408977
faunus,0.988431
pompilius,0.9852841
numaa,0.91931564
inunco,0.57549554
semis,0.9498234
galla,0.94344425
decumanus,0.94282436
campanus,0.9558008
succussor,0.90297425
diuersus,0.990499
trulleus,0.8069881
utilus,0.96375
horridulum,0.7834444
cotus,0.57886344
ceape,0.8708605
euaso,0.8303783
pellicula,0.9216933
ulixe,0.9618092
ingue,0.9876697
uarus,0.848839
amphitryoni,0.85253596
alcmena,0.9552791
disyllabo,0.6501984
uerruca,0.96006954
naeuus,0.92712003
eminulus,0.6994248
frouniscor,0.83799666
ducentum,0.8924387
carmen,0.9955776
calpurnus,0.8825538
marsus,0.97595733
extendeo,0.70578873
prora,0.9920368
zopyrio,0.8339371
iucundus,0.9882713
uolucris,0.9911249
persius,0.93832123
laelius,0.973072
doctissimus,0.9821176
manilius,0.9733638
incuria,0.98072165
inmineo,0.9826988
ignobilitas,0.92693955
uiriatus,0.8997954
sumtus,0.87553513
percrepo,0.8633289
popilius,0.9648161
folliculus,0.9559472
iaciendus,0.928272
physicus,0.9802754
obsisto,0.9892343
exauctoro,0.96754533
fulgurita,0.81844294
eluuies,0.96291876
cachinnus,0.98607737
inlittero,0.9176793
idiota,0.93806547
inusitatus,0.9901615
conmitto,0.9866153
agamemnonis,0.9360709
cassandra,0.977957
locrus,0.80093443
multitudo,0.97617793
difflo,0.8955637
obrigesco,0.96531034
uersipellis,0.88905334
metellus,0.9854363
licium,0.96824825
eburnus,0.98997533
cernuo,0.8547609
strabo,0.91614485
socraticus,0.97154784
mago,0.96718645
seruulus,0.98034376
sabucus,0.81680673
plenissimus,0.961573
papula,0.95938367
aristippus,0.94526315
teter,0.92406654
cento,0.90020263
catullus,0.9609734
atomus,0.96007884
epicurus,0.9832386
polemo,0.84191495
redundo,0.9868944
subsiciuus,0.9371631
armillus,0.6733551
centenarius,0.96317565
submitto,0.99016434
malui,0.911386
glutino,0.9437485
accius,0.9495824
uisco,0.8651402
mortifer,0.98014206
uomicus,0.8949119
bellissimus,0.8807467
cataplasma,0.8889299
aulaeum,0.9775561
appulia,0.9651278
italia,0.9853556
annibalis,0.81587505
cuius,0.9232895
discrimen,0.9845536
urgueo,0.98075473
depilo,0.8584362
albinus,0.8919895
marmoreus,0.9925529
flame,0.9858451
dissocio,0.9751874
extermino,0.9595861
subdugo,0.74539566
hymnio,0.8706696
ignominia,0.9636613
concupisco,0.98337173
subplanto,0.9060899
thynnus,0.93333405
podex,0.95266116
tt,0.81505406
cyma,0.9162458
truncus,0.9878682
conductus,0.9153736
proelior,0.9771252
pertaedet,0.96009374
praestiti,0.9416754
ficedula,0.92143035
inretitus,0.946126
discerniculus,0.7439208
aurifex,0.9279784
uehementior,0.98702496
erexo,0.93077457
extuleo,0.867944
profundus,0.99343574
muscipula,0.9255321
tentus,0.9290499
scorpius,0.9908354
deuro,0.95018303
exulto,0.9758372
animosus,0.98885506
sublao,0.9698729
quandoque,0.9804332
inberbis,0.954998
centones,0.66833913
concino,0.9834156
longincus,0.7884221
mucus,0.6338806
maena,0.92713434
carta,0.9428388
sensus,0.9899626
temno,0.96785474
agrarius,0.94620943
mergus,0.9287776
uirus,0.9919986
tiresia,0.9560842
grandaeuus,0.98050565
aquilum,0.7719693
sophista,0.9359076
baro,0.6058066
rupex,0.83584
inconditus,0.9818562
canalicula,0.7815616
cecilius,0.7537513
coelius,0.94019866
conlusor,0.9350128
trigonus,0.95611984
sectator,0.96699584
iro,0.81139815
sacculus,0.9474331
fragmentum,0.9469334
suffoco,0.95828974
mappa,0.9141401
fannus,0.89863294
centutto,0.7672719
uuus,0.92133546
tiberinus,0.98328555
gibber,0.8061512
granius,0.95263255
crustula,0.8504257
uitiligo,0.80034184
rodus,0.66572
iactans,0.988356
lactens,0.9791076
mantica,0.85870826
grauitas,0.9928142
myconi,0.8269323
mo,0.9148593
uindicia,0.92861545
medica,0.97555906
cognitus,0.95813674
sophos,0.956056
squillum,0.81335896
decimanus,0.9213064
hirtus,0.98187995
pistrix,0.9493826
pistrex,0.73406184
cippus,0.9420525
exodium,0.8574238
obtusus,0.96344066
quadrans,0.97258216
hinnitum,0.90248257
equitatus,0.9847163
perlabor,0.9662049
fa,0.8725943
scruta,0.8760286
scrutarius,0.98511785
praefraco,0.9403095
equito,0.96945435
resulto,0.9816407
rhodus,0.83253396
furentus,0.92122585
mechanicus,0.9168905
teus,0.8378427
conter,0.5845492
tubulus,0.924202
persolueo,0.83847284
mimus,0.97651947
aruspex,0.98524374
aetherius,0.9934048
poenicus,0.94499993
bellicosus,0.9795253
philus,0.90921783
cenito,0.9194198
stymphalis,0.89520204
tenerus,0.98427224
iubilo,0.8891761
statius,0.8972772
licinius,0.94471806
insequor,0.9919963
atilius,0.9804391
turpilius,0.85001874
trabea,0.9718541
luscius,0.8536573
reteo,0.7555697
affectus,0.9814311
interdixes,0.977435
laeuas,0.6882852
roscius,0.9555882
propheta,0.7123184
aethra,0.9734696
mano,0.98809314
subido,0.99451894
subidus,0.9952778
praefero,0.99333084
phileros,0.9210306
caprea,0.96710134
megara,0.9283561
excogito,0.99031764
falernus,0.98517305
seditiosus,0.9870827
committendus,0.951445
artes,0.8881643
coligo,0.79477596
alacriter,0.95676005
petulcus,0.94264174
adsecutus,0.9806442
tutame,0.950138
extruo,0.98330534
inposio,0.91518545
spicus,0.8598794
uolgus,0.97707134
perdendus,0.9554628
inpetro,0.9425434
obliuio,0.9920898
puerulus,0.9677432
labia,0.7865907
lactuca,0.9800848
carduus,0.960898
praestruo,0.97072095
fidior,0.9557914
uulo,0.9212229
nicanor,0.9666348
seuus,0.9172159
aeneas,0.9736851
hecuua,0.9455162
menela,0.87363416
atridus,0.9342226
igneus,0.9902636
prudentia,0.9820159
sacratus,0.9700452
doricus,0.9746907
ferro,0.88156366
siluestris,0.9936396
saepes,0.97846556
spelunca,0.9705134
rigidus,0.99455535
innuptus,0.9682286
parieo,0.6915372
polydus,0.8554965
maritimus,0.9759806
naufragium,0.99178696
mortiferus,0.97006065
obtero,0.9871398
soluere,0.89201987
linter,0.9786209
ubicumque,0.9791895
obuerto,0.9869233
terrifico,0.98195195
semisomnus,0.92200124
tantalum,0.94477606
pelops,0.9531404
helle,0.94678736
ionius,0.9916114
isthmus,0.9816531
socro,0.63800806
mento,0.67689246
eneco,0.9770481
proles,0.9830759
sacrifico,0.9537776
exultans,0.9796579
habenus,0.8886251
fuscus,0.96889913
nitesco,0.9462994
frondesco,0.96712136
laetificus,0.9208052
pubesco,0.98288524
ubertas,0.986357
too,0.5710388
aeeta,0.8300248
religo,0.9888625
abdeo,0.87267065
intercido,0.9886373
tmolus,0.8951147
tauricus,0.9775002
frugifer,0.98053044
adpropinquo,0.9778277
parricidium,0.9842676
draco,0.9929985
sopio,0.9860257
inuerecundus,0.96243674
florentissimus,0.94302386
macies,0.9877038
extabesco,0.91952366
scabrum,0.7699358
spondo,0.97711086
latrocinium,0.9872063
horrendus,0.99047846
lacaena,0.98314524
eurota,0.8938859
fertilitas,0.978443
tectus,0.9846779
celeripes,0.81386137
sacratum,0.97315407
sagme,0.80338967
infulo,0.8060056
atus,0.9163003
aeternum,0.8435995
fremor,0.891478
agilis,0.98330486
capax,0.98022926
auernus,0.9909117
statio,0.96174335
cn.,0.9924757
domitius,0.97765934
ahenobarbus,0.9639423
rhetora,0.94135666
ito,0.80990016
obedo,0.95694077
exsendo,0.76372313
obpretto,0.8698147
radicula,0.9153472
saura,0.5930755
dulcedo,0.9867892
cothurnus,0.98747545
odorisequus,0.9833393
aeditumor,0.9406982
memmius,0.97590786
ebria,0.77066314
praegnans,0.98190725
cibaria,0.78964496
ominus,0.7156261
balneus,0.87055653
eculeus,0.9833074
tortor,0.9759381
bidens,0.9762452
amplis,0.93063784
tinnulus,0.87761384
diomedes,0.9839089
cuspis,0.9913368
condiscipulus,0.97625446
scalpo,0.980824
caco,0.92180306
suffrago,0.98274934
abstuleo,0.9585463
ariolor,0.6649272
pappus,0.7787888
senicus,0.6518206
camellus,0.8875531
assideo,0.98212826
moleo,0.8542706
quadrinus,0.66205984
conpingo,0.7809097
cossis,0.75322723
stic,0.6655698
inrepo,0.9762404
pedico,0.9639725
beto,0.8436223
rictum,0.94842464
liro,0.751335
seplasia,0.94806397
diadema,0.9888897
discors,0.9864696
minutatim,0.9573864
frustatim,0.90043694
orca,0.76139355
prognostica,0.79776
assumo,0.98091847
perimo,0.9876294
stinguo,0.7934581
quum,0.9830792
hyperio,0.9528832
officio,0.9711364
tumesco,0.99085486
niueus,0.9946903
tristificus,0.9066915
rana,0.97560513
rauus,0.9429687
fulix,0.84409785
guttio,0.52496576
alumna,0.9533043
querela,0.99236685
fusco,0.95622796
nares,0.9367013
succus,0.90975094
grandesco,0.9540759
cicus,0.6293551
juppiter,0.9643282
praesigno,0.9206536
septus,0.6542883
adspergo,0.9358458
prouidus,0.98973453
astrum,0.99482715
quilibet,0.9418542
incrementum,0.98216915
caeterus,0.95015097
immotus,0.9900676
borea,0.98689735
ursa,0.9820032
flammo,0.9814578
adspicio,0.9772269
pronus,0.99440515
humerus,0.9556377
uenere,0.80274343
jupiter,0.8773406
dictaeus,0.95835346
corybo,0.88426244
cynosura,0.972918
helicus,0.84300685
uertendus,0.9767513
distinctus,0.98655856
refulgeo,0.9895163
certissimus,0.9713695
immunis,0.9835244
arctoius,0.90878415
inuoluo,0.9953442
helice,0.9224156
cynosuridos,0.9167901
retrogrado,0.77657187
reluceo,0.98003817
fulgor,0.9894308
teres,0.8610534
reflexus,0.8391782
adtingo,0.98123837
moerens,0.87912726
fessus,0.99493843
saupera,0.96213555
ulna,0.97998047
ariadnaeus,0.9381312
nico,0.75439095
fatisco,0.9821799
sertus,0.96698403
ophiuchus,0.96368665
candentia,0.96401983
adfixus,0.9845495
uigor,0.99046224
pressus,0.9641878
nito,0.976804
presdo,0.9857684
minoia,0.9690726
immensus,0.9921216
chele,0.9718933
arctophylax,0.9651483
bootee,0.9757395
arcto,0.9478296
finio,0.99112916
bootus,0.92637634
illustris,0.8804804
sive,0.95599365
astraeus,0.9159862
dedignor,0.9705733
femineus,0.9887285
inviso,0.9137908
justitia,0.66408056
ciuilis,0.986225
uomer,0.96174634
tenuus,0.99225986
sufficio,0.99095124
metallum,0.9803538
terrificus,0.98355806
degener,0.98689044
nefandus,0.9897944
sobolis,0.9740933
funestum,0.9459551
domitus,0.94200236
exosus,0.97929233
illustr,0.906743
sorto,0.9741261
conspicuus,0.9886967
boota,0.8729448
arctus,0.9699091
flagrans,0.99172866
subiectus,0.9758389
phoebus,0.9964965
etesia,0.9797102
uada,0.99061096
procumbo,0.9959155
remo,0.9627153
ras,0.9646132
indiga,0.96723217
larga,0.93646824
auriga,0.9846724
cadauer,0.99551153
adversus,0.8096403
exiguum,0.9893286
cujus,0.84741783
corniger,0.98413634
externus,0.9911606
viuus,0.98431957
figuro,0.9878158
inclytus,0.9628172
hyadas,0.8768475
antiquissimus,0.9853398
cepheus,0.97003806
iasis,0.6890371
distermino,0.98732656
regula,0.9694845
obiicio,0.9714402
obcludo,0.7515678
bifor,0.93635476
andromeda,0.9764914
moestus,0.9316036
uinculum,0.9939099
releuo,0.9873115
juba,0.8558274
connecto,0.86897373
uenerabilis,0.9819089
helico,0.9863858
aonius,0.98177683
maduere,0.9700273
fecundus,0.9947686
generosus,0.9904485
prosilo,0.70656675
caballinus,0.9005851
stillo,0.9733865
irrigo,0.98325616
thespia,0.8399973
penetralis,0.98587286
lucidus,0.98875195
ceu,0.9849546
retundo,0.9795962
cingulum,0.968943
cominus,0.92841184
orio,0.97908515
deltoto,0.92555547
litera,0.7550648
austus,0.77565956
inclinatus,0.9487139
praelo,0.9636211
horrisonus,0.9752863
discessus,0.9783065
andromedas,0.959027
persea,0.93082666
humerum,0.96828103
talaris,0.9458738
puluerulentus,0.9848507
culmen,0.9828416
uergilias,0.9513267
interiisse,0.85481834
aeterno,0.97333634
merope,0.89599305
celaenus,0.9697725
taygeta,0.9402156
electra,0.9701301
praepando,0.7889887
lyra,0.98812485
conuexus,0.98995745
delabor,0.9923188
alitus,0.9504942
cycnus,0.9828622
tegme,0.99223065
jam,0.94504666
pennascor,0.76778
capricornus,0.98548615
titan,0.98863596
brumalis,0.9894974
labio,0.827819
humidus,0.95424765
claris,0.8654778
praenuntio,0.9724879
anxio,0.98903745
distinguo,0.99291134
praenosco,0.98252904
orion,0.98711056
conuoluo,0.99061066
igniferus,0.84525824
tremebundus,0.98229086
locano,0.8884996
truculor,0.79242253
vido,0.9844009
rabidus,0.9931563
aestifer,0.94391626
flatus,0.9879963
tellus,0.99249804
occiduus,0.982985
orius,0.76225877
horrificus,0.98492825
praecipo,0.82784903
auersus,0.98643285
gubernaclum,0.89584243
semoueo,0.9831297
eridanus,0.9923173
lacryma,0.85298413
phaethon,0.98708683
canor,0.97269046
pistrica,0.87411743
fudo,0.9830716
spardo,0.8971087
australis,0.95080537
nitescio,0.9283376
spinifer,0.8573378
trano,0.9732491
commiseror,0.8658696
perfringo,0.98781484
opacus,0.9928623
centaurus,0.9843216
colluceo,0.9634759
subiungo,0.98016727
hydra,0.9878638
cratera,0.9805593
plumo,0.97460437
procyo,0.96508706
legitimus,0.97894275
uaga,0.9868283
evolvio,0.9415305
amplego,0.96622777
detexo,0.8464638
niteor,0.71378
cauerno,0.9691404
anguiteno,0.94045573
disiungo,0.98568463
canes,0.7864858
tributus,0.90875447
autumnalis,0.9810463
subluceo,0.8978352
deiungo,0.84647286
solers,0.8138015
torno,0.95442057
oblique,0.9639355
quea,0.8322242
convexum,0.7868372
zodiacus,0.97291565
chela,0.886816
exins,0.9262283
quei,0.6644733
proiectus,0.9607616
fuls,0.8329182
obstruo,0.98897934
exsisto,0.9801738
tractus,0.9899645
camur,0.7904182
brevus,0.9666544
persaepe,0.97004795
arciteno,0.9486493
praeteruolo,0.970426
reclino,0.9765761
hjc,0.854774
amentum,0.90568924
oenopio,0.896419
auens,0.958842
disiectus,0.87275267
reuello,0.9950086
demergo,0.99263614
evergo,0.9256701
nereides,0.9048986
alma,0.9225981
quu,0.8143122
exsero,0.9751819
deuoluo,0.9672075
persto,0.989182
semifer,0.9641792
hesperius,0.98042667
eoa,0.91717494
perse,0.96771467
adtraho,0.98227
haidus,0.95003766
laevus,0.96960783
gemellus,0.972949
fluvius,0.475511
cernendus,0.9339124
oriona,0.96746135
mensura,0.98262763
patesco,0.9833076
uindemitor,0.9009466
uiueo,0.71703684
esus,0.9144466
tr,0.90218365
palatum,0.96958745
sugo,0.9663026
melis,0.718079
raptim,0.97151643
cicada,0.97289985
sonticus,0.8010735
pestifer,0.98937386
mango,0.93381166
uecordia,0.88047445
valgus,0.8728504
melitensis,0.75999916
amussis,0.9420037
diploidus,0.71005625
curulis,0.98319805
fruniscor,0.9358933
abunde,0.9625516
praegredior,0.9801569
cultrix,0.9497249
praecoquus,0.9323907
disertissimus,0.9553563
remotus,0.9943094
firmissimus,0.9616431
rectissimus,0.9334074
honestissimus,0.9468379
exercitatio,0.96308184
perniciosus,0.9884757
propugno,0.98733
utilissimus,0.94768393
profeco,0.902941
divinus,0.95027316
dominatrix,0.849669
explendus,0.93599796
perniciosissimus,0.90366066
elico,0.93947566
congrego,0.96812975
reclamo,0.98369855
studiosior,0.97284925
excipiendus,0.9348164
excello,0.98110116
imitatrix,0.8400959
assuesco,0.9839407
ueri,0.8749049
soliti,0.92387676
incallidus,0.92499846
assiduitas,0.9508324
gubernaculum,0.9828506
enitesco,0.98125875
obsolesco,0.9647595
gracchos,0.871247
inlustris,0.9869223
humilior,0.9810719
infirmior,0.97896934
antecello,0.9594351
artificium,0.9802925
oratorius,0.8965031
artificiosus,0.93789315
scientia,0.9795977
rhetor,0.9868324
magnopere,0.9568984
persuasio,0.98002505
medicinus,0.97573674
gorgia,0.9250367
leontinus,0.93112326
infinitus,0.9867507
inmensus,0.9904976
subico,0.94995946
aristoteles,0.97832274
subministro,0.9856111
uituperatio,0.98287904
deliberatiuus,0.8354945
disceptatio,0.9761797
iudicialis,0.9331102
accusatio,0.94967836
defensio,0.9682537
petitio,0.9293755
recusatio,0.9557482
tripertitus,0.9835236
interpositio,0.9166105
adtributus,0.9592855
subpono,0.93406594
honestas,0.9754343
magnitudo,0.98602706
philosophia,0.9827261
ingeniose,0.8986766
nonnihil,0.9775413
rhetorica,0.9404513
inuentio,0.9613973
dispositio,0.9187963
elocutio,0.95544976
pronuntiatio,0.967199
excogitatio,0.93016714
distributio,0.96619326
m,0.96575713
perceptio,0.9375703
moderatio,0.9680292
breuiter,0.9931856
descriptio,0.9494365
tradendus,0.9730942
coniuncte,0.91743433
actio,0.89548707
constitutio,0.9221372
conflictio,0.7382217
depulsio,0.87989306
intentio,0.96551913
coniecturum,0.94867504
coniecturalis,0.8844757
definio,0.9842255
definitiuus,0.86367416
generalis,0.9437655
translatiuus,0.9428599
translatio,0.9580895
fregellanus,0.9533038
gherardesca,0.9729945
demonstratiuus,0.9261929
negotialis,0.9180072
deliberatio,0.93432534
demonstratio,0.9415629
dissideo,0.98536193
adcommodo,0.9684049
accusator,0.9841272
confirmatio,0.92350566
simpliciter,0.97757757
iuridicialis,0.8928957
aequitas,0.9851713
al,0.69034976
adsumo,0.9756278
concessio,0.94199574
remotio,0.9048545
relatio,0.9621085
comparatio,0.9757844
gt,0.6969875
imprudentia,0.98419094
pies,0.8581147
perrarus,0.9419757
titulum,0.8864255
animaduerto,0.9951018
argumentor,0.965589
corinthius,0.94390374
coniunctum,0.9783948
contentio,0.97111744
scriptio,0.9485178
separo,0.9882828
contrarius,0.9922513
argumentatio,0.9607174
deinceps,0.9765432
iudicatio,0.9416148
doco,0.9880429
peruulgo,0.9747901
agamemno,0.9795636
inquio,0.9690344
punio,0.9932304
deductio,0.9118072
animadverteo,0.93263465
cogitatio,0.9694955
ordino,0.9808065
partitio,0.9482041
reprehensio,0.9751151
conclusio,0.9611472
idonee,0.86760986
benivolus,0.94329023
docilis,0.9850894
admirabilis,0.9877692
h,0.8218643
offensio,0.98503345
difficilior,0.9786437
insinuatio,0.9320639
attentus,0.8897336
dissimulatio,0.9851091
circumitio,0.8763271
contemptio,0.8970281
benivolentia,0.95806336
obscurum,0.97633517
arrogantia,0.9698692
obsecratio,0.95649123
supplicis,0.7967701
crudeliter,0.9808606
potentia,0.97660077
arrogo,0.97959036
inertia,0.9880179
desidiosus,0.9580567
assentatio,0.8503531
existimatio,0.98269975
laudandus,0.98428714
dicturio,0.92027205
inlustro,0.9845919
attentum,0.81210375
attentissimus,0.8713099
mitus,0.98234934
indignor,0.99386686
dubitatio,0.9504026
admiratio,0.98590946
assentio,0.96631444
defatigatio,0.93819827
acclamatio,0.9491136
inrisio,0.94924974
fastidium,0.9899223
subamarus,0.815799
separatim,0.97723186
apparatio,0.8759022
commutabilis,0.8968736
expositio,0.94516057
digressio,0.87704813
criminatio,0.97975254
amplificatio,0.91889143
appius,0.9809973
dissimilitudo,0.95685714
imitatio,0.9494829
longissimus,0.9840963
uitandus,0.9803938
supersedo,0.904484
gesno,0.9774475
conseruandus,0.971138
intellectus,0.9468073
obscuritas,0.98663104
membratim,0.96300226
praetereundus,0.9421842
enodate,0.8407017
aperiendus,0.95034987
clytaemestra,0.96745074
absolutio,0.9691385
paucitas,0.9819205
extraneus,0.9708621
tenendus,0.98049223
permixtim,0.80929196
discriptio,0.94096446
commodissimus,0.9648819
osteo,0.64772147
peroro,0.9745459
uerumtame,0.9791829
tracio,0.94009584
affectio,0.9495509
n,0.9345615
praeceptio,0.9240756
eaeientia,0.78081596
lacedaemonius,0.9937317
hebetus,0.8366494
infacetus,0.8605217
patiens,0.9576882
domesticus,0.97805977
constans,0.93079984
perfectio,0.933423
debilitas,0.9826722
assiduus,0.99036855
adplicatus,0.91311586
occupatio,0.96689934
poeticus,0.99094
geometricus,0.97210723
casurus,0.9782269
affigo,0.986439
complexio,0.91795266
occisio,0.89903426
proditio,0.98897314
gerendus,0.9596828
celebritas,0.9797962
attributio,0.7427479
generaliter,0.91901946
aeternitas,0.96812344
annuo,0.9836937
menstruum,0.9797276
significatio,0.97351134
serer,0.9556485
sacrificium,0.948987
comparabilis,0.88639736
pt,0.8642149
praepositio,0.97322077
negatio,0.890031
consecutio,0.9095856
comprobator,0.81184095
insolenter,0.9821448
distinctior,0.94171536
probabiliter,0.9567988
concumbo,0.9727245
enumeratio,0.94136405
praeparo,0.97875684
grauior,0.99421406
assensio,0.8992309
comprobatus,0.88259435
assurgo,0.97755533
censura,0.9541458
inductio,0.9557723
ratiocinatio,0.95147043
aeschines,0.88488364
xenopho,0.9836807
utrumne,0.97142
aspasius,0.7899303
lectissimus,0.9759486
assensus,0.7948233
persuado,0.9548714
assenso,0.78070986
concedendus,0.9327296
deducendus,0.95385766
concesdo,0.8997942
confessio,0.9595701
pluribusvis,0.870673
adhibio,0.9392609
peruagor,0.97081923
epaminondas,0.982852
exceptio,0.91688544
neglegendus,0.9482139
copiosissimus,0.9445416
apparatus,0.99001914
nauigium,0.98965466
scientissimus,0.7821034
propositio,0.9219843
adprobatus,0.9435822
assumptio,0.9319848
adprobatio,0.9473589
necessitudo,0.9834744
adsumptio,0.8832313
quinquepertitus,0.95094526
approbatio,0.7245418
theophrastus,0.9800221
peripateticus,0.98087835
elegantus,0.92978996
summopere,0.7758349
emaneo,0.79847056
quadripertitus,0.9533186
iudices,0.91063607
apertiter,0.90878475
saepenumero,0.9681878
bipertitus,0.97061634
fecio,0.91880804
incestus,0.9862394
conductio,0.95080245
ambiguitas,0.9765085
invineo,0.9478825
distinctio,0.9442524
alteruter,0.98447305
constitutum,0.96340144
affirmo,0.991152
eleuo,0.9579824
comprehensio,0.94482946
diversus,0.9818742
commemorandus,0.9172109
demonstrandus,0.94938505
offensus,0.99099284
conuersio,0.9688132
accusor,0.941539
sectio,0.92183375
oratorium,0.8367662
conteno,0.9722208
obscurior,0.98187345
observo,0.9818431
definitio,0.97298616
controversum,0.9091259
inconstans,0.95265484
cornelia,0.9297204
ti.,0.9337998
graccho,0.85764855
conquestio,0.8887935
ambitiosus,0.98654974
calumniator,0.97428465
caepio,0.9736617
iudiciarius,0.950725
expugnator,0.9374264
crudele,0.9492085
pervenio,0.89968896
ambitus,0.9573272
amphio,0.9595117
pacuvium,0.94123936
implicatus,0.9489269
determinatio,0.8739196
mx,0.92882776
diffuse,0.80573773
reminisco,0.92466223
redintegro,0.9781252
attribuo,0.9753859
breve,0.8170341
indignatio,0.9585982
quaeuis,0.93986475
dium,0.96210253
oraculum,0.9896838
sapientissimus,0.94073844
atrocus,0.9473943
uoluntarius,0.9902462
crudelis,0.9913302
tyrannicus,0.9384415
remotissimus,0.81868523
audacissimus,0.9343744
erudio,0.9872839
atrociter,0.97055066
convino,0.93445563
grave,0.9064983
deploro,0.99087775
solatium,0.91756046
educatio,0.9534826
afsum,0.96609366
uexo,0.9964566
commendatio,0.96577513
disiunctio,0.92128843
apollonius,0.9646595
uolume,0.99369836
religiosissimus,0.88756835
nonnullus,0.9932203
elaboro,0.97895944
gymnicus,0.96143556
uerissimus,0.9820044
excellentissimus,0.95953554
tisia,0.8448696
emano,0.9735117
isocrates,0.9063299
eleganter,0.9629023
affirmatio,0.6609776
quaro,0.7701107
dubitanter,0.8118797
parvulus,0.95946777
arroganter,0.94836116
prŏficiscens,0.9883052
comitatus,0.9529383
discumbo,0.9835873
arte,0.954128
capiendus,0.9740243
impulsio,0.9139009
uinolentia,0.9624548
generatim,0.8801668
vito,0.9310017
commotio,0.896367
perturbatio,0.9603806
commiso,0.90357685
explicatio,0.8736249
dominatio,0.98448706
augio,0.9687976
conducendus,0.90322757
extenuo,0.97415924
lenissimus,0.82934475
quietissimus,0.8010708
explicandus,0.9718768
expetio,0.9334187
adtribuo,0.98344076
clodius,0.9739968
mutius,0.7213284
confirmandus,0.9602264
affinis,0.93440866
detrago,0.9542265
avaritia,0.9665395
administratio,0.92959976
titubatio,0.82043433
pleraque,0.9639177
adcommodatus,0.9538393
calumnia,0.9827158
subtilior,0.97627974
acutior,0.9637188
ornatior,0.9558536
amplitudo,0.979442
flaminius,0.9790113
optimas,0.9555875
mineo,0.7321087
tribunicius,0.9650851
praescribo,0.98870665
derogo,0.9844552
indignitas,0.981968
sermocinor,0.9574204
subripuio,0.84047824
separatio,0.9486625
rarior,0.9845954
conceptio,0.9112972
ueneficium,0.9711627
subscribo,0.9717548
afficio,0.9905099
damnatio,0.94987726
praeiudicium,0.92389727
sicarius,0.974007
conparo,0.9438352
praeiudico,0.9499305
adgnatus,0.955233
possessio,0.95882356
adgno,0.85940486
patrisfamilia,0.76161397
aduenticius,0.97871333
uindicatio,0.83006877
obseruantia,0.94611
caerimonia,0.98354226
remuneratio,0.8927754
intellegens,0.8846657
remotior,0.9613692
abscondite,0.8746737
patentior,0.915401
huiuscemodi,0.9530932
subiecio,0.77411366
circumsedeo,0.9794908
incurro,0.9810101
comparatiuus,0.9534086
periturus,0.9476621
tantopere,0.9203507
utiliter,0.95955986
inutilitas,0.87451494
curiatia,0.7040491
curiatius,0.9207114
indamnatus,0.86202556
horatia,0.8875592
poenitus,0.7829121
addugo,0.9219161
ponendus,0.9835033
conferendus,0.94316673
tolerandus,0.974179
debuo,0.9241748
adverteo,0.91535676
adverto,0.91118973
legatio,0.97139347
conveno,0.8413899
assumptiuus,0.83339334
oporteatne,0.8066337
turpissimus,0.9813923
expeditio,0.9717882
attributum,0.8940475
ct,0.887944
eurotus,0.95774055
lacedaemo,0.9435258
accresco,0.9675675
obstito,0.875752
rhodii,0.9600473
ignorabilis,0.746309
fortuitus,0.97452366
implicatio,0.81263804
redarguo,0.970453
vindico,0.960755
eventum,0.89442325
consideratio,0.80001724
peccator,0.8271112
mansuetudo,0.97060466
numitorius,0.8857089
oste,0.7235119
propendo,0.9093781
habo,0.8950067
tamdiu,0.96735865
admono,0.8301848
conformatio,0.85179085
citerior,0.9007406
uixio,0.9664455
ali,0.80812496
dignor,0.88454163
delibo,0.97697234
pecuniarius,0.95953774
uectigalis,0.9860735
pluresve,0.9679884
paterfamilias,0.96304643
appositus,0.9277873
adscriptus,0.96722883
heredi,0.89956206
nihilominus,0.9789023
conprobo,0.9267101
assolo,0.6788535
suam,0.53725475
euentum,0.9858999
recitandus,0.9151813
reuerto,0.99092513
scripso,0.8780789
excipo,0.9785011
recessus,0.99234015
invidiosus,0.95215935
corrigendus,0.96695155
lator,0.96778655
accepor,0.77947783
cuicuimodi,0.95422935
praeteritum,0.8680262
iustior,0.98623943
coarguo,0.97271574
assequor,0.98214126
su,0.9463804
quacumque,0.7661481
thessalia,0.9795536
tyrannis,0.9727068
thebe,0.8332906
utilior,0.9752006
quotquot,0.900915
amplissimus,0.9759573
furiosus,0.96688664
agnatus,0.9663905
soleus,0.8523192
obsigno,0.97428006
laudatio,0.9428221
collatio,0.9252774
diuinatio,0.984374
omnia,0.8528049
navis,0.53042847
naufragus,0.9890882
adnecto,0.9856104
temperantia,0.9505022
prouidentia,0.9886372
sancio,0.93162626
iom,0.81364584
g,0.8461925
remunero,0.96984655
susceptio,0.92072797
perpessio,0.92204654
fidentia,0.8378513
diuturnus,0.9782436
perseuerantia,0.97964585
permansio,0.77861
gubernatio,0.8899561
iniectio,0.9264426
finitimus,0.99144727
diffidentia,0.96894586
abundantia,0.9476647
novus,0.9679573
incolumitas,0.97349477
conseruatio,0.9721981
breuissimus,0.965681
adiunctio,0.90884864
elo,0.9474068
delibao,0.7488214
recupero,0.9908147
vehemente,0.8746636
quamdiu,0.98043776
uelocitas,0.9926725
herennius,0.9588209
adrogantia,0.9828073
adsiduitas,0.9630244
adsensio,0.94336945
suasio,0.91717327
dissuasio,0.9462021
diuisio,0.9858383
adseueratio,0.9785612
dissolutio,0.96383363
defendio,0.87125677
obpugno,0.9614209
epodus,0.8439735
naco,0.94676995
flagitiose,0.9154924
incontinentia,0.84680194
interiectio,0.96934164
deprauo,0.98206043
exuperatio,0.8318766
collectio,0.9153225
nouitas,0.9855728
adtentus,0.92438304
servo,0.95828485
usitatus,0.9877808
conposeo,0.91194993
proprie,0.9837097
adteno,0.8480712
intercurro,0.9585819
transitio,0.9492123
particulatim,0.9717715
novissime,0.9331595
fec,0.74538755
meditatio,0.96480525
absolute,0.91740286
nimirus,0.95482934
doctor,0.96329135
insimulatio,0.87277746
teucer,0.94577557
repetunda,0.9632685
saturninus,0.90946126
triens,0.9374112
aerarium,0.9684936
largitio,0.92930686
mutandus,0.96897405
iuvo,0.9856428
praetoria,0.90649486
gentilis,0.9679769
malleolus,0.9762899
agnatio,0.94983196
adsumptus,0.97407264
amissio,0.9607471
galli,0.98678243
conlocutio,0.91968405
adtulo,0.8277617
perverto,0.71406484
coniunctio,0.9713744
infitiatio,0.9552672
retardo,0.9806342
adsigno,0.98628247
facilior,0.97903395
absolvio,0.9324301
relicus,0.9589887
interiectus,0.9520291
inicus,0.855487
deuoco,0.94242764
exposuo,0.9047842
perspectus,0.86072314
decoloro,0.92571527
ueneno,0.9913137
comprehensus,0.96891
inconstanter,0.9171402
conscientia,0.97665524
praemeditor,0.95747274
calumnior,0.98328614
constantia,0.9686949
inconstantia,0.9718723
interrogatio,0.9711048
disputatio,0.9731618
pronuntio,0.99129367
recentus,0.9466023
quaesitor,0.9681514
maledicus,0.9402443
recitatio,0.9437189
percontatio,0.88218564
stipulatio,0.96799093
perscripo,0.90599465
perfecte,0.9367881
sanctio,0.8774116
permissio,0.9040469
obrogo,0.85125643
neclectus,0.7617425
dissero,0.989898
tractao,0.9745199
amphibolia,0.90151834
dialecticus,0.9906119
interpellator,0.8461455
infantia,0.9888594
iniuriosus,0.96371794
persecutio,0.72704625
scripio,0.9334304
expensum,0.9459802
interposio,0.9243174
drusus,0.97285163
sex.,0.97539014
iulius,0.96857387
caelius,0.9717942
absolvito,0.9220451
mucius,0.9771079
dissimiliter,0.91125095
cognitor,0.9697399
praeposuo,0.8842615
reverto,0.9619168
humanitas,0.96945024
incoo,0.7817433
absolutissimus,0.8014187
perfectissimus,0.95085615
intendio,0.91124105
subiectio,0.930046
conroboro,0.89830965
interfeco,0.9480325
acerrimum,0.9162775
nocens,0.98984605
insidiosus,0.98714393
dummodo,0.97289795
coheres,0.9721624
latior,0.9645386
luxuries,0.978613
inmensae,0.87849
inmoderatus,0.98018134
argivius,0.8058062
repetitio,0.9171498
fugiendus,0.98012114
pacuvius,0.9722725
uolubilis,0.9828067
adcuratus,0.7299554
uehementissime,0.90409064
fura,0.9516656
disquisitio,0.8694532
expeditus,0.9762311
exputao,0.7769801
vero,0.91774756
angustia,0.93801266
praedio,0.8816458
conparor,0.91993475
uestinus,0.9309339
lico,0.9769746
inmutatus,0.91144526
instigatio,0.8489236
dia,0.8538563
alacrior,0.97366786
dimico,0.99137384
quaequi,0.9825779
obscurissimus,0.94622225
scientus,0.93770564
abundanter,0.9386771
inueniendus,0.9424886
relinquendus,0.9777765
alexandria,0.9829152
euocatio,0.8289942
laudabilis,0.9802617
adpetitio,0.9577634
cohortor,0.9649302
colendus,0.9852939
suado,0.95796597
retino,0.95603013
adtenuo,0.93135965
inconsideratus,0.9746435
exter,0.9540374
tractatio,0.95255125
docendus,0.9805243
uirtutei,0.7477786
norum,0.91062135
quive,0.9716919
excelsior,0.9697586
intemperantia,0.98105085
interio,0.7733866
prudenter,0.9653599
perpolio,0.90801775
institutio,0.9215054
permutatio,0.9664459
defatigo,0.9824951
instructio,0.9282705
declamatio,0.87683094
inscius,0.98867714
arteria,0.9705875
exclamatio,0.94647086
attenuo,0.97065485
adclamatio,0.9629541
concinnior,0.8302294
remissio,0.9101176
locutio,0.93549204
continuatio,0.94329524
clamosus,0.9742525
cohortatio,0.86445236
paulolum,0.864681
clarissimus,0.9621922
celeritas,0.9851153
probabilior,0.810771
hilaritas,0.9815345
mediocritas,0.97725797
paulolus,0.77496254
porrectio,0.7145229
perceler,0.82053417
plangor,0.97553897
naturalis,0.972561
intercolumnium,0.89386946
lectio,0.95372534
praenome,0.9825723
frequentia,0.9614784
distinco,0.8122003
interluceo,0.9615331
quoqui,0.88410914
praefulgeo,0.97811764
testiculus,0.92779225
arietinus,0.9210955
quotienscumque,0.9873514
aesopus,0.97288454
cimbrus,0.8225694
suborno,0.9843246
subpedito,0.91989887
mono,0.78406
usito,0.81404614
eclipsis,0.9509796
crebrior,0.94645494
pulcritudo,0.9459249
oblita,0.912616
plerosque,0.97421753
innumerabilis,0.9841125
quantulum,0.9722677
conlocandus,0.9082551
ostentatio,0.9853296
probatissimus,0.9614022
disiecio,0.97495973
lado,0.955896
testificor,0.9754364
demonstror,0.7562795
glorior,0.973202
transscribo,0.851215
pacuvianus,0.9013072
despero,0.9929732
galba,0.96729875
antonius,0.9645255
mutuor,0.97176147
corrogo,0.91853416
abscondo,0.9799305
rigo,0.9928486
asperior,0.98371714
constructio,0.92936623
usitatissimus,0.87845653
matremfamilia,0.80274016
constupro,0.93979526
atrocissimus,0.90976804
trucido,0.9923743
conflagro,0.98717046
sanctis,0.8358182
miserandus,0.93497944
amantissimus,0.93012184
proturbo,0.9786024
spurcissimus,0.9453405
ieus,0.6281357
instructior,0.7393154
apparatior,0.7967058
tantulus,0.9414598
inperiti,0.83901906
perfundo,0.9919498
trauerto,0.8604919
pedagogus,0.89578676
adtenuatus,0.94322807
perduellio,0.96515596
uiriliter,0.97216266
ratiocino,0.84577554
comprehendens,0.8616523
facetissimus,0.9206576
exangueo,0.8773174
friuolus,0.98024356
compositio,0.9499692
latinitas,0.9337861
explanatio,0.96304893
soloecismus,0.98513913
barbarismus,0.9759437
grammaticus,0.9925683
uocalis,0.9820799
concursio,0.97235876
numantia,0.9832927
ingeniosus,0.9731114
peiuro,0.73775154
crudelissimus,0.96779954
traductio,0.907627
proposio,0.907202
amarissimus,0.93887824
placabilis,0.974366
distingo,0.90678334
compellatio,0.8814774
fregella,0.91951346
insidiator,0.9794102
innocentissimus,0.9104311
iniquitas,0.88658917
reformido,0.9828901
maturissimus,0.73481596
metuio,0.828568
uehementia,0.77556014
frequentatio,0.83108485
tripertito,0.9423681
obpeto,0.7743261
plenitudo,0.7024112
audaciter,0.96773934
humiliter,0.92068267
perditissimus,0.9170543
vinco,0.98504484
productio,0.9251163
nauo,0.96925014
uulgatus,0.9534666
transuolo,0.97868085
intersero,0.9688641
patrimonium,0.98369634
sepultura,0.9887435
inimicissimus,0.80020636
subsidium,0.97458196
ascensus,0.97678703
athenienses,0.98696613
spartiata,0.8904862
spartiates,0.8975549
crebra,0.89664704
conpensatio,0.9527631
breviter,0.6762499
correctio,0.9400305
vico,0.95718706
insignior,0.90805364
occultatio,0.89358103
infrequens,0.9611714
numantina,0.9676579
defloresco,0.9458774
diiunctio,0.8602178
iteratio,0.9477229
redintegratio,0.8716608
interpretatio,0.96755064
deiicio,0.9722041
traiectio,0.8008674
profiscor,0.89021444
uivo,0.97557354
impunitus,0.96897614
emptio,0.96076035
deieco,0.97103435
praecisio,0.8272684
coepo,0.9818373
adrogans,0.9842026
atrocior,0.95369095
nominatio,0.9335942
mugio,0.98158544
fragor,0.99347425
inornatus,0.9150718
denominatio,0.8515333
tarpeius,0.98005843
capitolinus,0.96152985
transalpinus,0.97667235
denomino,0.9346104
italus,0.9880278
circumscribo,0.9865529
transgressio,0.9119119
peruersio,0.8840653
superlatio,0.7846998
minuendives,0.7805532
praestantia,0.975794
niveus,0.9402532
intellectio,0.790078
sanctimonia,0.9256941
hispanus,0.97913337
togatus,0.98092353
abusio,0.9387338
obscenitas,0.9646276
aspiro,0.9817728
dilectus,0.90581703
numitor,0.9682483
obsoletum,0.8985403
inludens,0.9669587
petulantissimus,0.8843946
equester,0.98300457
dilegio,0.5549785
copiosus,0.95462143
ferendus,0.98527366
amplio,0.9835224
apertissimus,0.8591125
verio,0.77230597
igno,0.93324476
inpendo,0.96253693
mitigatio,0.8143358
commoior,0.89158565
licentiaa,0.96794975
adsimulatio,0.84501994
deminutio,0.9645961
obpugnans,0.92882335
privo,0.9563228
despectus,0.98233527
sanguinulentus,0.8874783
coniuncgo,0.8145001
conprehendo,0.97874534
absoluio,0.93521893
acrus,0.9824839
contumax,0.9821619
avaris,0.76092523
optundio,0.8256711
tripliciter,0.506001
pronuntiandus,0.9245499
dimicatio,0.9602242
sermocinatio,0.95286053
suscipiendus,0.9577239
studiosissimus,0.9642116
sapientis,0.8695235
dicundus,0.9257715
enato,0.9685906
uilissimus,0.9835067
conprobao,0.8507165
commoratio,0.8371194
procurro,0.99252063
citharoedus,0.97458565
clamys,0.80271506
intexo,0.981664
inluminatus,0.92262745
cithara,0.96863043
irundo,0.6616031
quominus,0.95973045
ualidissimus,0.9850028
uenenatus,0.9858003
depresdo,0.9473091
retento,0.9810122
rubrus,0.96961623
auunculus,0.9900596
aethiops,0.9783263
fragilis,0.9857207
choragium,0.81685364
peregrinor,0.9657349
tusculanus,0.92766356
sodalicium,0.8023892
diuersorium,0.9442586
sama,0.5699954
obpredior,0.819059
subseco,0.92216635
inrumpo,0.9897262
infelicissimus,0.9626269
dulcissimus,0.9697317
informis,0.98662937
inuictissimus,0.9209111
tropeum,0.83840686
dito,0.9802515
consequentia,0.9553132
abscisio,0.8518274
adio,0.9257035
thasis,0.75294554
viminacium,0.80861557
cursim,0.8831787
enarratio,0.93639475
intente,0.86088
pronuntior,0.94055307
suaviter,0.9473856
aquilius,0.96142024
naevus,0.7930881
quinctio,0.9051802
quero,0.9039127
quinctius,0.94323075
gratiosissimus,0.8067629
naevius,0.92244935
fortissimus,0.9777852
ieceo,0.8571936
impugno,0.9824999
veneno,0.5596049
ieco,0.73533416
aos,0.6235634
adflictus,0.98131543
confugeo,0.79991347
fructuosus,0.95472383
alpis,0.9857501
hercule,0.9324323
gallicanus,0.9460418
narbo,0.96847427
proscribo,0.99203026
privatus,0.9212785
consobrina,0.90664345
aerarius,0.951329
denarius,0.97718275
assis,0.92006147
destitutio,0.882623
alfenus,0.9546584
iactura,0.98757505
dilato,0.9856186
consumpo,0.95995975
reviso,0.8121842
kalenditulum,0.9366224
norbanus,0.92903596
cossus,0.913736
perfamiliaris,0.90564466
publicius,0.9088694
quinctium,0.8684776
diuello,0.9874666
sollemnis,0.9902894
uanum,0.9527377
denuntio,0.99149555
imbibo,0.90772337
expuldo,0.97988623
uindicandus,0.9789602
possessor,0.9830657
dolabella,0.96900564
acerrime,0.9827131
submoueo,0.9837678
inauditus,0.9867554
informo,0.9750246
amicissimus,0.96462834
eitus,0.9061266
cancellus,0.93673766
dissolutus,0.86041284
debitum,0.9319831
adedo,0.9716482
aquilus,0.7601248
discepto,0.9833454
petitor,0.969512
aequissimus,0.9669415
turpus,0.98344636
celeberrimus,0.98579454
cohonesto,0.92977726
alienissimus,0.867991
marcellus,0.9325126
proscriptio,0.98220617
improbissimus,0.90687764
obsoelno,0.870927
febr,0.994208
ephemeris,0.9081419
kalio,0.9447268
astipulator,0.8329494
conquero,0.8176098
debo,0.7093754
electus,0.867408
litigiosus,0.9758202
appellatio,0.9568513
infestissimus,0.9754531
gratiosus,0.9693551
potentus,0.9773806
advoco,0.90071046
florentus,0.87484163
nobilus,0.9585218
potentissimus,0.97354335
perhorresco,0.97967917
sponsor,0.9726286
creditor,0.9606754
infitior,0.97862184
neglexo,0.83070874
transigio,0.7676189
sulla,0.988168
hereditarius,0.9218487
cupidior,0.96988356
durissimus,0.983376
recto,0.83845377
biduus,0.97851205
dcc,0.7678739
intercalo,0.9629884
pegasus,0.9799215
festinatio,0.9876989
immaturitas,0.8272865
improbitas,0.97859955
cicero,0.9818095
quesueo,0.96852976
funestior,0.8104332
praeconius,0.94814664
luctuosus,0.98350275
appetitus,0.92389953
forsitan,0.97131026
utrumuis,0.89835536
cumulus,0.9870035
adleuo,0.95149237
manifestus,0.9906666
dignissimus,0.98270744
prorumpo,0.99192
tribunal,0.9708711
iugularis,0.90718895
adhic,0.8364747
nobilissimus,0.9818293
exsulto,0.9766293
t.,0.9862743
lanista,0.94750744
tiro,0.9856947
mallius,0.94456446
glaucia,0.96435946
cisium,0.9289439
extractum,0.97661924
incautus,0.9840266
manceps,0.9517713
reparo,0.9923558
despexeo,0.8860906
flagitiosus,0.968869
donatio,0.94413495
decurio,0.9622334
decretus,0.712545
exempio,0.8967402
procrastino,0.8425041
caecilia,0.90623015
chrysogo,0.82229125
uenditio,0.9664398
succurro,0.993049
fimbria,0.88691294
marium,0.948428
scaeuola,0.9864501
erucius,0.79415
praeclare,0.9401852
portens,0.94598985
profligatus,0.9769194
habitao,0.7985343
constantus,0.93924
commenticium,0.8783578
relegatio,0.9190833
municipium,0.9709767
exprobror,0.8567821
commono,0.784355
caecilianus,0.9210818
ueientius,0.89990485
umbria,0.934805
suauissimus,0.9640689
fieo,0.8318827
insio,0.9142837
mordo,0.920212
uerisimilis,0.9749836
spatior,0.9854936
confitor,0.8752931
communio,0.87748957
immanitas,0.98195857
neutrum,0.3879268
effudo,0.973897
animaduersio,0.9855748
respergo,0.9864024
sapientus,0.96705097
prudentissimus,0.9755586
immanior,0.85081553
adluo,0.9794886
paratior,0.8958049
adqui,0.5885655
administer,0.80439043
metella,0.8789713
resilio,0.9723437
acerbitas,0.98924154
commenticius,0.97161853
declamo,0.96859765
profitor,0.9617703
tenuitas,0.9776948
eluceo,0.9623015
oblivisco,0.7701332
sectus,0.92687327
mimicus,0.9401837
pot,0.8207852
copiosior,0.93383217
cannendo,0.8429065
seruilus,0.9062592
phrygius,0.9669831
curtius,0.9728783
marius,0.9883892
auoco,0.99075484
antistius,0.89836216
perstringo,0.98986685
percussor,0.9900254
strictim,0.9779125
percusso,0.8402089
intento,0.9854351
profeto,0.75280106
uindicao,0.95317125
miseo,0.9269712
intercessor,0.9217262
everto,0.86760753
depeco,0.7904711
intimus,0.97367895
caveo,0.93563753
perfuga,0.9671239
urbanitas,0.9711733
elegantissimus,0.9515844
imposo,0.8712991
ualeria,0.9062035
corruptus,0.9792397
reduuia,0.77267444
laio,0.95104504
immoderatus,0.9795806
machinator,0.9264134
mancipium,0.9805449
sallentinae,0.9187094
bruttius,0.9712842
palatium,0.9595192
refercio,0.9842042
deliacus,0.8110969
coaceruo,0.96535546
lecticarius,0.86519265
effusio,0.949253
officina,0.97573996
deversorium,0.85994095
animaduersus,0.9805204
be,0.7720638
procuratio,0.9775377
recipero,0.97732246
libers,0.9118531
inermis,0.98353034
nequissimus,0.97110045
pirata,0.9776945
spectatissimus,0.8904456
messala,0.9169409
explio,0.9639696
durior,0.98437387
reservo,0.94512796
crudelus,0.9727957
instauro,0.9753907
asperno,0.830538
qum,0.78500414
auarities,0.8379029
aurelia,0.86082715
nominito,0.8700012
eheum,0.6800351
nao,0.8277446
ursus,0.97042704
memordi,0.93566453
uocifero,0.93593216
suborio,0.88330346
thasia,0.83010316
fauus,0.98937434
fusus,0.98721534
fannius,0.9380115
rao,0.7856827
perpenna,0.9388581
saturus,0.7954479
extraordinarius,0.9550594
litura,0.9262926
menstruo,0.83769953
compromissum,0.86187595
angustissimus,0.9600124
stipulo,0.85837734
aduocatio,0.9649773
honorarius,0.9635972
comprehenso,0.95852983
castissimus,0.9732667
conlo,0.91917247
dignis,0.77480316
abstinentia,0.97318256
officiosis,0.8217009
liberalus,0.9589415
subrideo,0.97572577
munificentus,0.81083846
expretto,0.93165964
notissimus,0.9821851
integritas,0.97828275
adfluens,0.968712
trunco,0.98992795
captiosus,0.9536983
fauor,0.99507654
eruditus,0.97171706
statilius,0.8840431
comoedus,0.95955753
explodo,0.95357525
patrocinium,0.9797891
nouissimus,0.9777777
laboriose,0.94016665
flauius,0.9565854
contestor,0.9737072
decisio,0.88993174
uertit,0.94919944
peteo,0.9719985
tergiuersor,0.9725915
exactio,0.9606136
repromissio,0.88031775
exsequo,0.87580884
gravus,0.97177875
ocrea,0.9435288
manilium,0.74135077
contumaciaa,0.8442189
exacno,0.8433961
seuerissimus,0.9659527
retribuo,0.9082571
peiero,0.97220224
deflecto,0.9900501
periurum,0.84945166
uersutus,0.9833977
mentiar,0.93551415
pensio,0.95473075
deuerticulum,0.9633728
redaco,0.97628665
aequaliter,0.975114
partior,0.98329705
extorquo,0.956783
despicor,0.9219887
seiunctus,0.9727748
corporeus,0.96591836
ignifer,0.9750181
renideo,0.9874083
citharaa,0.94678986
reboo,0.96359324
laqueatus,0.93536144
iucunde,0.9591329
arrideo,0.97510064
textile,0.95816773
gaza,0.9736043
sequax,0.9868974
mobilitas,0.9869348
augme,0.83816063
senesco,0.9906118
floresco,0.9672865
animans,0.9249564
uitai,0.80477524
obuia,0.9936198
dissilio,0.98372376
peruideo,0.977103
reminiscio,0.91488194
condenso,0.9660008
conueho,0.9636568
recurso,0.95665306
reiecio,0.9545438
contemplator,0.9466466
turmatim,0.9078115
exemplaris,0.8838413
aduertio,0.8671745
peruolito,0.9395536
aerum,0.81971014
aerius,0.98913103
diuerbo,0.9544208
globo,0.74564064
simplicitas,0.9838722
ulla,0.8178266
conixa,0.802598
sursus,0.8642107
subsilio,0.9505205
respuo,0.98920465
reuomo,0.9060284
flammaa,0.9851438
expresdo,0.90901774
uergo,0.9919767
abrupo,0.9361563
refuto,0.9874194
refreno,0.9826918
irrumpo,0.99206525
lanigera,0.95905405
aere,0.9039178
circumuolito,0.9235818
impeo,0.9700239
distantia,0.93656117
multigenus,0.8509986
squamigerus,0.92789173
adsistens,0.98470885
iuuencis,0.9787921
auertio,0.860509
cornigera,0.9353432
balantum,0.9470048
bibulus,0.96903014
unius,0.9497765
fulmineus,0.9837676
subtilis,0.98341066
cornum,0.9480054
elementum,0.97806513
hamatus,0.8817238
plico,0.94151056
absinthium,0.9839941
sapor,0.99201477
rotundus,0.98547524
introitus,0.96044147
perrumpo,0.99198174
chorda,0.98667276
organicus,0.9027482
crocus,0.97671217
cilicium,0.9336504
la,0.89681816
angellum,0.8214197
inula,0.9242638
ramosus,0.92843926
compactus,0.9826045
adamantinus,0.9334106
robor,0.9772582
fluuidus,0.931523
haustus,0.99170345
glomerame,0.9041264
diffugio,0.991939
admixtus,0.9721151
mansuesco,0.97310567
haeresco,0.80363286
transmuto,0.8891911
omnimodus,0.86656106
addeo,0.8729537
assimilis,0.8832064
subsequor,0.9787638
maximitas,0.6622751
meliboeaus,0.85403234
pauo,0.9899063
smyrnus,0.69905496
mell,0.938789
phoebea,0.9713936
praestantior,0.97252935
tepor,0.9896369
vnicus,0.9234706
natiuus,0.98442477
transtrum,0.95921475
pellacia,0.8702095
exitialis,0.97797513
uagitus,0.988189
ploratus,0.96815383
succendo,0.97105306
montiuagus,0.93885213
biiugus,0.93580145
aeris,0.59731114
muralis,0.97798896
sacrum,0.9815171
idaea,0.9682778
phrygias,0.92006254
cymbalum,0.9845529
raucisonus,0.94459033
stips,0.965656
ningo,0.7831837
rosa,0.9643401
umbro,0.97591794
curetas,0.91979504
crista,0.9933051
cureta,0.8838412
chorea,0.9861938
aeres,0.83667505
uocame,0.9325762
ossa,0.9568217
nidor,0.9799412
omniparens,0.8846973
perceo,0.92358464
termino,0.9701712
genino,0.8729727
seiungo,0.95330167
tingo,0.989943
uertus,0.9790798
albesco,0.9674256
quadro,0.9917669
procliuior,0.9753503
corono,0.9780433
pyropus,0.8948418
curalis,0.838563
zmaragdus,0.96184164
pupula,0.9644995
formamentum,0.700112
distraco,0.87865484
particula,0.9743527
sterilus,0.7227093
nardum,0.88361245
halo,0.95086193
contracto,0.8391571
gignundus,0.7213351
quantulus,0.9779284
putrefacio,0.9645008
permoueo,0.98850197
quatenus,0.9499036
efferuo,0.9062513
coaco,0.97086495
disiengo,0.9661056
icueo,0.962508
positura,0.8098433
caulae,0.8603215
obfero,0.8833495
discuto,0.97031677
decursus,0.9560493
roro,0.9856342
rido,0.97359616
dulx,0.9745326
recepto,0.9765466
perpendo,0.9829367
innumerus,0.98822004
offenso,0.99103457
incassus,0.9757186
coniego,0.887248
animantus,0.9495961
coniceo,0.7061097
uolantus,0.9645022
depango,0.91596115
immensis,0.9753796
moderanter,0.8366117
habena,0.9934174
inue,0.8112033
primigenus,0.7915966
coortus,0.82213247
iaculor,0.9899915
consurgo,0.9856576
terrenus,0.98069406
creatrix,0.9652461
auco,0.9718386
exaestuo,0.9907261
succumbo,0.99077594
putr,0.96395195
effetus,0.9666867
supernus,0.97403044
plango,0.9839518
aungo,0.9197899
arator,0.99008936
uietus,0.8250952
illustro,0.9749785
charta,0.98029006
depasco,0.9901933
quietae,0.929066
concretus,0.9848533
cana,0.92691433
retego,0.9893564
timendus,0.9911809
tartara,0.98950875
extorreo,0.96772516
fugatis,0.90003335
inferiae,0.98694515
accumulo,0.98157746
obles,0.63560605
euerteo,0.9392732
harmonia,0.9676937
aborior,0.8249086
corripo,0.9226903
discludo,0.9545566
constitero,0.70431066
mellum,0.9932833
constantis,0.8985571
cunctantus,0.7479346
vtilis,0.80864507
securus,0.9938545
extimus,0.9650587
mobiliter,0.90100944
efferuesco,0.98241305
tremulum,0.8654187
fumidus,0.9709484
thus,0.7995927
euellio,0.87771195
implexus,0.89763534
origo,0.98788947
consors,0.9927618
putresco,0.9838328
contagium,0.98059976
repostus,0.9761965
fulgidus,0.8317517
ostia,0.9335638
democritus,0.9901523
araneum,0.90997964
uieta,0.86712205
leuitas,0.9912995
immisceo,0.9878676
dissulto,0.90648806
lacer,0.9829638
sopeo,0.9138981
altarium,0.9558556
claudico,0.97825664
fatiscor,0.75819665
demento,0.92368317
fabricator,0.95696
uacillo,0.9813151
singultus,0.98838913
pedio,0.8936484
spuma,0.95792013
ingemo,0.99011403
glomero,0.9901474
disiecto,0.9227227
morbum,0.9769299
aegrus,0.98212945
traico,0.86798203
infio,0.93988454
aegresco,0.9275769
effugium,0.9782399
praecludo,0.9817366
deperdo,0.96505255
liuesco,0.9033189
introrsum,0.9662957
dilanio,0.92436135
obbrutesco,0.78389686
liquo,0.94116265
tabes,0.9879451
coniunctim,0.9321679
mixtim,0.7465202
cohibo,0.9131843
languesco,0.9891683
exsanguis,0.9924102
imbecillus,0.96336836
nasco,0.9702161
parteo,0.76933324
praeposterus,0.9596979
animalis,0.82106864
abscindo,0.9876779
calentum,0.94301176
deco,0.7334293
abscido,0.9831981
uibro,0.99559987
libitus,0.97651625
torto,0.8837422
interiissus,0.82747465
solita,0.76674414
affluo,0.9764031
liqeo,0.83421206
ranceo,0.82096225
exos,0.7436354
subtiliter,0.93889785
conexa,0.76829
consensus,0.95939934
uulpes,0.9894888
hyrcanum,0.9001518
incursus,0.98432434
aus,0.74329066
potissimus,0.9651341
innasco,0.92300636
disiunco,0.8797951
intactus,0.9871392
disso,0.77870244
remordeo,0.91810316
obliuium,0.9858135
contremisco,0.9512809
uniter,0.82482064
comptus,0.97170836
collego,0.8489876
redego,0.8561219
postus,0.70867336
deerraro,0.66565573
viui,0.74202967
peremptus,0.96601
insideo,0.98372376
angor,0.9744832
insatiabiliter,0.94978416
inumbro,0.9740455
homullus,0.8537907
torro,0.98659426
congemo,0.9500257
marceo,0.9869867
temnus,0.91034085
imperfectus,0.9797318
cecido,0.99060273
securiter,0.9245805
nimir,0.8868201
tityo,0.9425811
anxius,0.98804384
cerberus,0.9745726
tartarus,0.9386087
eructo,0.97258246
uerbera,0.9575921
praemetuens,0.8434823
flagellum,0.9823574
repertor,0.97853374
uetuso,0.97121143
mannus,0.87612236
praecipitanter,0.85778403
peremo,0.962932
hodiernus,0.967078
pieridus,0.8293797
decerpo,0.9938729
musaeus,0.9545614
improuidus,0.96150154
ualesco,0.9423541
pierius,0.9826958
membrana,0.9601434
careno,0.8443865
robs,0.70502716
contextus,0.97088015
diffudo,0.9729578
centaurea,0.9000562
concresco,0.9854808
aera,0.7556592
gigans,0.9828894
liquentia,0.9274523
geno,0.92166346
atra,0.9400558
stello,0.9500434
tuio,0.8201882
amaror,0.907438
requies,0.96760327
pupilla,0.9391537
durities,0.96395683
citra,0.9611158
planities,0.9760827
retrorsus,0.9560303
allido,0.9609686
transluceo,0.92699397
rursum,0.95556074
flexura,0.7662475
contago,0.81163347
mobilior,0.92224926
hebesco,0.95010436
suffugio,0.83592653
discerno,0.9917517
affingo,0.95804536
cauerna,0.97679114
substro,0.94794464
hiatus,0.9902637
nubila,0.9320324
contrudo,0.95306265
fastigium,0.99235886
undus,0.9612305
oculiue,0.6734413
reuinco,0.97542274
mendosus,0.9558153
norma,0.97312355
absonus,0.9641407
asperitas,0.98968554
barbarum,0.99091256
bombus,0.9040611
articulo,0.791143
sonor,0.9681275
unam,0.7360881
capripes,0.88811374
satyrus,0.9934931
nymphe,0.9929885
noctiuagus,0.9566182
taciturnus,0.9654308
canentum,0.8793418
pan,0.97262585
semifeo,0.8335998
uelame,0.98760843
renuto,0.8243208
uitrum,0.98234355
umida,0.9300725
umidulus,0.8850814
tenor,0.94991493
differitas,0.85727406
saliua,0.9797031
circumcaesura,0.86405396
triquetra,0.94386375
adiectus,0.8874106
mecll,0.921636
romulida,0.7865458
errabundus,0.8846805
redoleo,0.9852899
refrigesco,0.9512062
cunctandus,0.94936997
interfodio,0.75446
brattea,0.90537995
textus,0.9208269
scylla,0.98030066
uiuum,0.9790112
sensibilis,0.6644628
ueneritus,0.84277636
lacertum,0.992604
languida,0.9901619
raresco,0.9778086
subruo,0.9839981
molime,0.9738458
quantouus,0.76298463
troclea,0.82259995
tecno,0.73022646
diuisus,0.8772511
contenior,0.9785483
causidicus,0.9748822
frustror,0.9785329
obuersor,0.9694418
conseo,0.9514853
panthera,0.9668335
curtus,0.9573734
saccatum,0.8046278
pulchri,0.9399124
roboro,0.96859884
absterro,0.82802224
uiuesco,0.90342087
alendus,0.9790735
illido,0.98815143
affligo,0.97681
germino,0.97935194
inspiro,0.97610956
uiolentum,0.918357
sicyonius,0.8990639
smaragdus,0.98292714
thalasse,0.63127935
cia,0.6567963
iaculatus,0.9778455
aliumue,0.9112545
illicio,0.9436314
peditus,0.92625225
afflicto,0.96742296
immundus,0.9101796
caesia,0.80966926
palladium,0.93109334
neruosus,0.90905714
dorcas,0.9151941
pumilio,0.9182347
charito,0.56597817
ischno,0.89838195
mammosus,0.9042055
iacchum,0.8699088
amaracinus,0.8842593
umecto,0.9808176
subsido,0.9908
triuium,0.98142624
conspiro,0.9907536
adoleo,0.956025
prouolo,0.9694147
ditesco,0.9563842
tabeo,0.93187577
insuesco,0.9481795
arcadius,0.70248216
lernaea,0.96587276
colubris,0.9411551
tergemo,0.8455355
thrax,0.98338956
bistonia,0.88783324
ismara,0.89041555
hesperis,0.89134514
atlanteus,0.9337789
quantae,0.9508508
ascisco,0.9803937
insolitus,0.9881333
apporto,0.9645989
pythia,0.9755468
tripus,0.9066759
uitaliter,0.8285087
diluceo,0.89689374
dispositura,0.7227496
siluus,0.98862153
distineo,0.96355164
gelum,0.87308663
arus,0.830163
uomio,0.9781437
feruor,0.99282986
flabra,0.9805863
immaturus,0.98586273
indigus,0.9557776
peruro,0.9847157
nubs,0.9144007
recresco,0.8534815
diminuo,0.92301786
retexo,0.9716208
innumerabiliter,0.89863366
nimbi,0.7658481
perpetusus,0.87776953
lychni,0.9372462
coruscus,0.98565686
properanter,0.89711493
subortus,0.8211233
inuiolabilis,0.98004687
melicus,0.93976134
profo,0.9430173
epoto,0.9790473
diluuio,0.8364725
superantus,0.7252033
phaethontus,0.95887446
lampada,0.9547887
conieco,0.95744556
omnigenus,0.94097376
secretus,0.98937666
subtexo,0.98705244
circumdatus,0.98955715
globum,0.85499644
concreo,0.94043434
influo,0.9807042
subueho,0.978237
impostus,0.8987043
afflo,0.97853684
contractus,0.7991916
nothus,0.9710772
largifluus,0.83220327
acco,0.84814143
roseus,0.9923814
canco,0.6715815
demissus,0.8831277
propinquo,0.9849106
rigor,0.99162716
anticipo,0.97488767
idaeus,0.979141
impubes,0.9440597
signiferus,0.9494626
tardius,0.82998383
fuleo,0.9824826
praenuntus,0.86038566
zephyrus,0.9943597
eua,0.76475656
uolturnus,0.8606902
pigrus,0.9792243
defectus,0.9570817
interstinguo,0.830645
floridus,0.9797451
fulsero,0.956245
uirgultum,0.9869176
alimentum,0.9904013
succresco,0.96508074
uincta,0.9160513
uulpa,0.8979769
bucera,0.8293376
fatalis,0.9851704
alienigena,0.9629495
impiger,0.97917736
ubera,0.8204316
pinguesco,0.9832088
chimaera,0.9833199
effutio,0.80665314
capeo,0.9393475
glandiferus,0.86440676
arbo,0.9395017
fluentum,0.9544836
impensa,0.9699822
missilis,0.98757374
saetiger,0.9501374
pauido,0.9243488
insterno,0.972409
lamentum,0.9733656
subdolum,0.8810596
pelliceo,0.75628483
merso,0.9903974
sollertior,0.92794836
mollesco,0.9469687
alsia,0.7425537
molossum,0.87634265
gannitus,0.9374857
hinnitus,0.978095
iuuencus,0.9967397
pinnigerius,0.8551488
calcar,0.95235217
hinnio,0.9578614
quamlibet,0.9247612
cretum,0.878564
opuleo,0.9307717
uaporo,0.9741409
subuerto,0.9845133
acrius,0.8716992
circumretio,0.85267997
solliciti,0.8403263
correpo,0.8621584
proculco,0.9713416
pascuum,0.98862815
percoxo,0.77007014
aerus,0.8016697
concreta,0.94526666
liquefacio,0.9606474
retusus,0.9324138
fragme,0.98342067
uersa,0.8813249
opprobrium,0.94948673
aena,0.90390706
turritus,0.9795372
lea,0.8343798
ueniens,0.9702878
aprus,0.95417213
telus,0.7389784
nexilis,0.939638
textilis,0.9681557
seueo,0.98295593
libitum,0.8279618
stirps,0.9898653
agellus,0.98621505
mansuesceo,0.9502436
conuallis,0.9820568
interno,0.87615407
arbustus,0.97691184
obsito,0.93354166
caua,0.98019475
redimio,0.9875527
terrigena,0.96517515
pollor,0.910774
ferina,0.93792766
uersatilis,0.95906925
experientia,0.9641385
claresco,0.9811176
frugiparus,0.8064351
ueridicus,0.9523701
extinco,0.98138916
diuulgo,0.9850958
pertexo,0.8707176
ignorantia,0.96785843
adscisco,0.9895505
extulo,0.81400025
calliope,0.98818123
aetheria,0.9703924
commeditor,0.962065
uersao,0.8731526
uesicula,0.8765917
displosus,0.862562
perflo,0.9704743
caurio,0.95736116
frangendus,0.93907416
nubilas,0.9325115
urgor,0.97220796
complero,0.8148055
roto,0.99232924
inuro,0.9901187
mobilus,0.8741342
inaedifico,0.88832253
corrado,0.89422756
uolandus,0.8788492
plumbeo,0.7729659
tepefacio,0.97920823
coname,0.9738425
eundus,0.96640617
relaxo,0.9881799
autumno,0.98942626
furibundus,0.99128515
hiemis,0.975154
tyrrhena,0.9650929
discideo,0.78893733
prester,0.8147814
comprensus,0.8821555
comprendo,0.94927824
grego,0.85878354
coniungendus,0.77878374
suspensa,0.9127281
consanguinea,0.8627335
halitus,0.9840584
spiraculum,0.87973845
pluuius,0.98798233
demisdo,0.9597495
uellus,0.9892386
nuba,0.9285655
urget,0.66723305
cer,0.75798976
deruptus,0.879989
summergo,0.948243
subiunctus,0.93155897
tremesco,0.980734
recello,0.7621119
exagito,0.98877007
syria,0.95222265
aegis,0.97173244
peloponnesus,0.9542831
dispando,0.9097804
incorruptus,0.9833385
instar,0.95902956
vmor,0.8121443
cruso,0.77075255
scintillaris,0.87977797
propositum,0.97937185
quamcumque,0.854085
aetnaeus,0.94741195
flammesco,0.84925455
effleo,0.77222383
resorbeo,0.9698572
speluncus,0.9467035
crater,0.93247306
oppilo,0.88712215
permoo,0.81622624
tabificus,0.8726605
athenaeus,0.9134891
peruigilis,0.9555608
potea,0.63914526
alipes,0.97741014
accelero,0.9865994
consopio,0.9494355
castoreus,0.7594261
hammo,0.99284387
quio,0.6752223
glacies,0.99313694
stuppa,0.9707099
aradus,0.898279
magnes,0.9091409
attento,0.89855057
loricus,0.9834893
morbidus,0.9691447
posta,0.88043046
oleaster,0.96947914
capella,0.9901226
ambrosia,0.92812186
unguentus,0.71801275
inanio,0.8924443
facior,0.83167446
uacuo,0.9719946
apposio,0.8968517
samothracia,0.96900874
magnesia,0.935767
glute,0.9470152
laxo,0.99286973
taureus,0.92120373
conchylium,0.97531784
comprendeo,0.98093945
iunctura,0.9826055
pestilitas,0.7674119
brittannus,0.79754674
gades,0.97045106
elephas,0.88977987
achaeus,0.9815438
coacto,0.6140674
sorbere,0.8345119
cecropis,0.8638811
pandio,0.950115
incensus,0.8849397
rancidus,0.9245283
crocio,0.96292233
dura,0.9356847
profluuium,0.9674722
viuo,0.9490484
inhumatus,0.9752158
extorqueo,0.9904885
incomitatus,0.92442
remedo,0.8351834
aerumnabilis,0.7926135
laniger,0.9827275
armentarius,0.93560266
aedituo,0.77021134
humo,0.96776855
rixor,0.9651714
ladior,0.9382216
placatus,0.9521289
paatefacta,0.69518805
resero,0.9834385
fauo,0.95084316
aeria,0.9474741
initus,0.82087004
perculdo,0.868372
persulto,0.9755552
recubo,0.987654
dsum,0.92227614
cupiro,0.7822894
uiuidus,0.98429537
aulides,0.88202286
danaum,0.9747168
delcio,0.8626137
infula,0.96906316
uirgineus,0.9908032
descisco,0.9870551
squamigeer,0.80483985
enascor,0.9795822
exoreo,0.7687974
coitus,0.98202145
ingigno,0.97970355
reficio,0.98220396
uiresco,0.9660289
fesdo,0.96162224
minax,0.99486053
fluctifragus,0.84696645
uuesco,0.85681814
persedo,0.8175606
fugeo,0.84620154
tenuo,0.99044275
dextrus,0.9813318
salutantus,0.9231191
lanus,0.95211875
glomus,0.8982717
uacuis,0.90398407
sagacus,0.9739884
squamiger,0.92095435
possido,0.9228574
troiugena,0.9474869
irreuocabilis,0.94052213
durateus,0.6647643
candesco,0.9402547
collido,0.98594606
sanceo,0.7528105
reuellus,0.95357496
esco,0.9063374
fateo,0.8773636
heraclitus,0.96933734
sonore,0.91384315
denseo,0.92497784
musus,0.6396065
uigesco,0.8983117
cogniio,0.91817236
delirus,0.8942341
empedocles,0.9713936
charybs,0.96807015
aetnaea,0.9656425
cus,0.9173172
adytum,0.9769758
tributum,0.9797571
anaxagoras,0.9824872
praefrago,0.927294
instinctus,0.98216283
prolato,0.8115903
simplicus,0.97161335
aet,0.73518026
opella,0.7607645
roscidus,0.9875917
specius,0.88460374
silentum,0.9468579
iamia,0.99134314
albicasco,0.8334692
recento,0.73963857
tapes,0.9166364
praeuius,0.9724069
uettus,0.83983225
surrigo,0.9406918
lanio,0.98958147
praepetis,0.9293993
intono,0.9850533
inplacabilis,0.95322883
inretio,0.9349998
furialis,0.98742664
inhaereo,0.98642015
urguens,0.95445704
decolor,0.97768164
absumpo,0.961024
inligatus,0.9701158
infligo,0.9723219
inmanitas,0.98128337
cerna,0.8571398
inlacrimo,0.96581024
ingemescens,0.8460885
lerna,0.89590204
tartareus,0.98475707
genero,0.9899124
aurifer,0.9520826
oaptutu,0.8323052
adseruans,0.88722616
flammao,0.9055387
collustro,0.9563035
niualis,0.9904939
cometes,0.9703597
stellans,0.97142017
sereno,0.9690636
tremefacio,0.97528094
torquatus,0.96589077
lydius,0.8540329
etruscus,0.9856021
allobroges,0.9486985
academia,0.94830287
umbrifer,0.93564683
lycaeus,0.9814832
iuuenno,0.9759992
luxuriens,0.93337727
optutus,0.8689948
laeua,0.95688236
helices,0.91195744
cassiepia,0.9340558
iuba,0.9904147
uergilia,0.91891664
pinno,0.85629874
tremibundus,0.90296316
quadruplex,0.92480344
praecipitas,0.86412287
gubernaclus,0.89610356
strao,0.9422249
spiniger,0.8193375
inuisens,0.809621
quadripes,0.9620731
stelliger,0.9580367
circo,0.99060774
argolica,0.86352813
naues,0.78137916
deflexus,0.8415961
aues,0.8021331
dispargo,0.7723085
aegaeus,0.9870444
bacchica,0.92583394
conuersus,0.94150984
arctos,0.974941
lacrimosus,0.98359394
argolicus,0.9835694
taur,0.94475436
clangor,0.9839181
creator,0.8881444
uitans,0.9839246
hectoreus,0.9850676
phthia,0.94523436
turgesco,0.96874475
inlido,0.98619455
socia,0.98728406
sollertia,0.9926032
transuerbero,0.9838502
letus,0.95172954
luctificus,0.9736678
caucasis,0.9078185
adleuans,0.89724475
patiendus,0.95610857
diritas,0.9633809
aestumo,0.94587857
exsaturo,0.9675108
laconus,0.96209687
croesus,0.9896195
haly,0.8640716
epirus,0.98521143
nanus,0.89238274
podagricus,0.8949287
gurdus,0.9171309
dogma,0.91926587
ignesco,0.97258365
sextans,0.95946026
matronalis,0.97104543
haeresis,0.81836164
simius,0.8813828
togata,0.8764156
manuor,0.6390558
balearicus,0.82574534
hilaris,0.9672022
palmula,0.9638033
obba,0.8413369
camella,0.7343144
capitium,0.90937996
pittacium,0.92858243
cocio,0.91371286
coleus,0.90750206
lanitia,0.8219508
abderites,0.9310437
exortum,0.96046394
aereus,0.9718331
elucifico,0.88784254
annosus,0.987362
bibosus,0.8368181
somniculosus,0.94163656
pedarius,0.9099155
blatta,0.9503465
via,0.6693709
transuersus,0.74493074
iuuenta,0.99346447
triceni,0.97596383
florens,0.9543268
flexibilis,0.93532383
hedera,0.9879067
arboreus,0.98200065
claritas,0.9689162
caurus,0.9165695
decidua,0.79449415
porrus,0.90872085
delero,0.7164632
laues,0.882539
fullonica,0.8999237
calidonia,0.99999976
miseriter,0.79870605
mendicimonium,0.7075243
moechimonium,0.48478597
adulteritas,0.5445689
depudico,0.4299277
abluuium,0.671582
elutrio,0.7609795
demolio,0.90912485
mentor,0.8842937
cercopitheci,0.8194894
uuluus,0.86424196
astricus,0.8483124
quemna,0.88816816
saltim,0.95521706
expoliueo,0.8987209
qualecum,0.8794222
adpetens,0.9739213
acquiesco,0.93220246
uenustior,0.84804165
mellitus,0.96099174
pipio,0.7836902
tenebricosus,0.9091389
turgidulus,0.8335074
phaselus,0.9550445
adriaticus,0.96466887
cyclada,0.9579877
tracia,0.76510847
propontis,0.986074
litoralis,0.83234394
limpidus,0.90175295
seuerior,0.97622925
dormiendus,0.7416849
basia,0.95898414
basium,0.7255845
inelegans,0.8824936
syrius,0.8616823
fragro,0.97125316
peraeque,0.9125163
ecfututus,0.8454459
arena,0.9792148
cyrenus,0.9391296
basio,0.94267434
pernumero,0.9148668
fascino,0.90901744
uentito,0.96304804
iocosus,0.97281295
candidum,0.8468008
ueranus,0.84298635
unanimus,0.96385014
iocundus,0.95687604
beatior,0.8133244
varus,0.93619835
bithynia,0.9891141
cinna,0.96440125
negligens,0.9108894
aurelius,0.93043256
indus,0.9912494
hyrcani,0.97050786
saca,0.92161494
parthi,0.9893861
septemgeminus,0.82847613
alpes,0.99139184
caesar,0.9873785
rhenus,0.9941876
britanni,0.96998143
neglegentior,0.8199047
pollio,0.9548019
hendecasyllabus,0.96792936
aestimatio,0.9425528
sudarium,0.9435457
iocunde,0.73427725
quiduo,0.8553698
litterator,0.91587204
librarius,0.9829254
curra,0.78275424
scrinium,0.9442425
attraho,0.97807217
mugil,0.8255627
irrumo,0.9387753
pathicus,0.96416324
uersiculus,0.9889577
rediuiuus,0.94547814
uorago,0.9847309
insulsissimus,0.87211204
uiridissimus,0.9132259
nigerrimus,0.9337839
alnus,0.98871833
ligurio,0.8041621
stupor,0.9739242
esuritio,0.9063022
fossor,0.96292937
tris,0.53524154
pulcre,0.93914247
siccior,0.96737635
mundities,0.8712973
lapillus,0.9862638
sestertium,0.98358613
flosculus,0.95973206
thallus,0.9222531
cuniculum,0.8318392
oscitans,0.93426806
thynus,0.79159117
auitus,0.99050176
reglutino,0.8593234
uillula,0.9353534
inger,0.87389094
amarior,0.890425
postumia,0.85696995
ebriosus,0.96867967
acinus,0.96236825
ebriosior,0.87472594
sarcinula,0.9353315
uappa,0.8858419
lucellum,0.9190107
uerpa,0.9084978
britannia,0.9677346
superfluo,0.974084
albulus,0.9384853
mentula,0.9907962
lancino,0.9039034
tagus,0.9787842
opulentissimus,0.97457594
immemor,0.9886974
unanimis,0.9518105
false,0.73402685
perfidus,0.9938277
cuiue,0.95584583
irritus,0.9646578
postmodo,0.8660466
sirmium,0.8051155
thynia,0.8370276
bithyni,0.9241413
beate,0.85261226
fedior,0.97514576
gauda,0.9534137
lydia,0.9882979
meridio,0.68679976
delia,0.8792342
puerper,0.8876775
menstruus,0.90074885
annuum,0.9806357
papyrus,0.97017515
millies,0.8950051
sapphicus,0.8042109
uolusus,0.9014993
iambus,0.98381543
electissimus,0.88139385
ustulo,0.86259735
idalis,0.9557464
ancona,0.85913616
hadria,0.977173
salax,0.9647506
pilleatus,0.94995975
sessor,0.94346726
capillatus,0.9323205
celtiberia,0.94941235
urina,0.9640043
cornificium,0.90799814
allocutio,0.9061144
maestior,0.91187096
umber,0.8813883
mingo,0.91305673
expolitus,0.9126708
rixa,0.97825754
decoctor,0.9210304
gallicani,0.8288994
elego,0.93365216
insapiens,0.7755527
tiburs,0.78371435
antius,0.95345974
pestilentia,0.9771297
sestium,0.8576475
legeus,0.6523062
septimius,0.90845424
caesio,0.727273
sauiatus,0.90511346
syrias,0.71708
egelidus,0.93399394
aequinoctialis,0.97604626
nicaea,0.9588516
praetrepidans,0.9188701
sinistrus,0.97696483
uerpus,0.86781985
priapus,0.9845166
uocatio,0.8344857
arista,0.9931276
nemesis,0.96173024
demano,0.8458407
nonius,0.8047971
uatinius,0.8738642
displico,0.9825257
recoquo,0.96245325
immerens,0.909323
ambulatio,0.9023061
fastus,0.9915091
uerbosus,0.9734776
loquella,0.9019614
pupulus,0.7651274
diona,0.87949955
quadriuium,0.9095495
pegaseus,0.91522646
uolatus,0.9921093
niuea,0.9651223
fello,0.9460182
ustor,0.8718262
urania,0.7289801
uibia,0.83646566
manlium,0.9654745
idalium,0.8875404
enito,0.9314151
hamadryades,0.8573575
ludicrum,0.9379954
nutrio,0.9925873
nympha,0.9932172
aganippe,0.94520104
pulcrus,0.96485686
hortulus,0.97926986
hyacinthinus,0.931707
secubo,0.8308934
fescennina,0.9066124
concubinus,0.9405672
anneo,0.9478333
rasilis,0.854992
immineo,0.98337984
praetextatus,0.9078437
thalamus,0.99386656
caelites,0.958478
africus,0.8799828
ingenero,0.9611252
semihians,0.82173574
telemachus,0.9380786
hesperus,0.98570263
optatior,0.86620915
uirginitas,0.982122
atta,0.96140057
cybebes,0.8565031
phryx,0.9264219
maenades,0.95498013
ululatus,0.9853036
tripudium,0.93669075
thiasus,0.9569956
ululo,0.96867585
remugio,0.9825708
iuuenca,0.96979403
iugis,0.94199735
atti,0.93194014
uadum,0.9909881
latibulum,0.9696208
dirigo,0.97864294
algidus,0.91821116
cybel,0.9415594
torosus,0.8423942
cybebe,0.946279
albico,0.89161175
peliacus,0.9188385
phasis,0.97736096
argiua,0.9219116
robora,0.9527645
auertor,0.97007596
coniungens,0.9415268
incandesco,0.9701197
emerso,0.81173825
aequoreus,0.989653
thetum,0.9663683
thetidus,0.93266404
iugo,0.9573926
heros,0.9642836
tethys,0.98734117
neps,0.9096697
scyri,0.8744718
tempe,0.9620749
pharsalia,0.92428684
rubigo,0.97314215
genialis,0.98900217
thesea,0.93451643
necdus,0.9746968
effigies,0.98624814
uinctum,0.9255732
alludo,0.9599538
theseus,0.9818704
spinosus,0.96050024
cecropia,0.98295903
minotaurus,0.9389689
proico,0.95199174
minos,0.969905
cunco,0.8124553
exardeo,0.98488224
immitis,0.9925783
frondosus,0.98219526
obuium,0.97477835
labyrintheus,0.8847312
theseius,0.9499039
spumosus,0.9772954
praerumpo,0.99220437
paelagum,0.9691891
udo,0.9324156
dilacero,0.9724308
tumulo,0.94383836
expuo,0.9671407
syrtis,0.9938617
famulor,0.97368246
gnosia,0.9362223
eumenides,0.97479606
uanesco,0.9860224
anno,0.8474178
rector,0.96758693
erechtheus,0.94711065
aegeus,0.9492993
senecta,0.9889389
canities,0.9846786
oblitero,0.96717715
antemnus,0.961958
intortus,0.80959547
pulsaeo,0.72171736
aerium,0.9514661
theseaus,0.9213556
iacchus,0.9770799
lymphatus,0.9564078
tinnitus,0.97623664
puldo,0.95512027
increbesco,0.9401643
chiro,0.97836345
indistinctus,0.9263139
fagus,0.9802797
unigena,0.9286338
thetis,0.77820486
iugalis,0.9905451
construco,0.81831336
ueridici,0.81801325
parcaeus,0.8251486
uirgatus,0.88528335
emathia,0.9744398
subtegme,0.9315995
languidulus,0.89855057
praeuerto,0.9888152
troicus,0.97797036
pelopi,0.9398657
uasto,0.9883608
praecerpo,0.9594338
flaueo,0.9852991
demeto,0.9693046
troiugenus,0.95128226
parca,0.98972005
delphi,0.96485305
letifer,0.98411137
rhamnusia,0.8918052
primaeuis,0.95449126
lethaeus,0.95967317
pallidulus,0.8776325
alluo,0.98141587
rhoeteus,0.91745734
triuius,0.919438
latmi,0.84686404
gyro,0.9498408
cono,0.96300995
assyrii,0.95127237
ubertim,0.9347154
thalamum,0.98949176
inaniter,0.961942
thia,0.6962827
superuehor,0.8573191
medi,0.9742234
atho,0.96969664
memnonae,0.92901576
arsinoe,0.8777344
ariadneus,0.8811809
deuotae,0.9200615
lycaonia,0.97894657
boote,0.9225968
onyx,0.9009503
marito,0.9599417
betum,0.9080796
brixia,0.7872636
uerona,0.9646039
puerperis,0.94959575
interitus,0.9830005
capsula,0.9299664
notesco,0.92170274
amathusius,0.8466012
trinacri,0.96803224
thermopylae,0.98561037
muscosus,0.8546637
uallis,0.9825339
uiator,0.99351424
leuame,0.976981
solea,0.9504828
laodamia,0.9616668
abrumpo,0.99186
iliacus,0.98740727
raptus,0.9739319
miserabilis,0.99222255
compositum,0.9570133
absorbeo,0.9737293
abrups,0.9508681
cae,0.90874135
hebs,0.86073625
multiuolus,0.7558124
assyrium,0.88959277
candidior,0.8926797
themi,0.9077104
caper,0.98276067
futuo,0.95974267
impensius,0.94130206
graue,0.9809518
gellius,0.9458146
arpocras,0.88693315
benefactum,0.9156001
surrepo,0.85282314
misellum,0.7584951
pisaurus,0.81221867
quintius,0.9869878
arrius,0.91276026
syrie,0.97575706
ionii,0.9071137
quintia,0.73906827
quantumuis,0.93403494
haruspicium,0.83695287
realligio,0.87880236
omentum,0.947754
moechor,0.88545525
olus,0.9449489
zmyrna,0.93515766
smyrna,0.9812578
tumido,0.9703778
immundior,0.75824845
meio,0.8130225
cunnus,0.9822442
crepida,0.92848843
suffixum,0.8631586
triste,0.9158578
elleborum,0.95036584
sacrao,0.92681324
silus,0.84330136
pipleus,0.8584659
felicus,0.9875478
exseco,0.9764474
pompeius,0.9877397
creueo,0.9779023
hyperboreus,0.98356813
consecro,0.9891382
priape,0.983252
lampsacius,0.9388586
priapio,0.8674498
hellespontia,0.93572545
ostriosus,0.93097436
caecina,0.8925419
aebutius,0.8886892
conuocandus,0.8191746
condemnor,0.9152507
coigo,0.9241963
solutio,0.9108925
praetermitta,0.7931831
adsentator,0.89504254
sedulitas,0.9643163
liceor,0.88529027
averto,0.91339374
deunx,0.8914927
semuncia,0.9130658
exaggero,0.98161185
herciscundus,0.9229847
castellum,0.97704476
prudentus,0.9831497
antiochi,0.78310674
advocatus,0.9407979
rutilius,0.9602392
terentianus,0.91135156
exemplar,0.97169673
adclamo,0.97835875
incognitus,0.9863157
interdictum,0.9605453
convocor,0.88023186
armaro,0.8644944
reppulo,0.8887808
praetorium,0.9837162
prohibuo,0.86494553
calpurnius,0.97469145
civila,0.937953
imminutus,0.86284363
inusitatum,0.9186974
iniecto,0.94990295
conflictus,0.86218715
testifico,0.8903046
decerto,0.9884814
pertenuis,0.8115402
pulndo,0.98460245
conventum,0.7177289
eloquentus,0.96238214
curius,0.97556657
scaurus,0.9856538
tusculanum,0.9069605
actium,0.93415755
proposo,0.85330296
legitime,0.91214734
deiectio,0.8773037
deieceo,0.93693805
superao,0.95709646
convoco,0.93596125
caespes,0.99098366
delitisco,0.9705015
impudentus,0.85983753
occursus,0.93633616
tendicula,0.80891955
reieco,0.9103191
peritissimus,0.97543913
iudic,0.79301
agnor,0.75225496
civilis,0.92060757
usucapio,0.92112523
fugatum,0.9188527
impresseri,0.82985586
cauendus,0.9864607
probator,0.9450043
telesinus,0.93610823
cuniculus,0.98834753
possedi,0.64311725
diiunctus,0.84239703
possedeo,0.8928621
interdictus,0.87338495
uelitus,0.9675047
circueo,0.97649795
ascribo,0.97727627
iussum,0.93969196
mancinus,0.9800836
numantinus,0.9605753
subterfugio,0.9571538
recepo,0.98653096
ariminensis,0.898819
spectatus,0.95643055
iniquissimus,0.9548594
fonteius,0.9517548
ualeriam,0.7830873
crispinus,0.78634083
hirtuleius,0.92119664
quaestura,0.94807386
ignotissimus,0.83408296
confectio,0.9474238
sestertius,0.9839314
triumuiratus,0.91018885
hispaniensis,0.95088345
quinquagesimus,0.9802338
peditatus,0.95409316
dilutior,0.8844928
negotior,0.9789405
negotiator,0.97876406
provinciaa,0.73286796
subaco,0.85949373
domes,0.87666225
massilia,0.9770073
fidelissimus,0.9563129
compenso,0.985269
multatus,0.8564693
inuitissimus,0.91934043
narbonensis,0.9787173
massiliensis,0.98175675
colona,0.98065794
infidelitas,0.8819387
consensio,0.96360654
hiemo,0.9598365
laudator,0.9467598
munitio,0.97013927
uacatio,0.98063815
probatio,0.9564596
domitia,0.7781495
misdo,0.77706563
leg,0.6048
titurius,0.8697379
tolosa,0.9503207
porcius,0.9790015
munius,0.9517777
uectigal,0.9875851
aestimandus,0.97268105
attributus,0.90440714
credulus,0.98823583
iniuro,0.81139255
adlo,0.95522857
depravo,0.8314853
invitus,0.9257987
obtrectator,0.98490906
immunitas,0.94851017
pythius,0.97362494
spolior,0.86781245
barbara,0.96561337
antefero,0.9744633
sagatus,0.8993618
ereco,0.9660246
provido,0.9420148
fabius,0.98672414
subscriptor,0.89405507
uicto,0.9320673
subago,0.9608406
temperantus,0.8608086
immanissimus,0.93537605
asculanus,0.9157425
obsoleo,0.8659606
reservao,0.7931394
recordo,0.96161735
cn.us,0.9872727
praetorius,0.96239793
didius,0.9069519
introspicio,0.9794026
depopulatio,0.9126543
uestalis,0.97884876
immiso,0.82694644
cluentium,0.86857975
inuetero,0.98589826
iunianus,0.8564912
diffidenter,0.89039683
accommodatus,0.964035
cluentius,0.7818991
evello,0.9102212
ip,0.7221918
iactano,0.813935
nubilis,0.9741702
amanter,0.9409725
indulgentus,0.9383613
interfeguo,0.9418371
delinio,0.8861444
pelicatus,0.89386404
infixus,0.9135275
constanter,0.92280793
magia,0.7632533
nupo,0.7908342
asculum,0.95033324
sergius,0.9505176
ergastulum,0.98122394
index,0.9783341
reciperor,0.8196033
investigor,0.7775993
indices,0.95466065
investigo,0.97063565
quattuoruir,0.7968133
delatio,0.9658026
uibius,0.9141631
sequestre,0.8428323
interficiendus,0.93473744
papia,0.9399186
teanus,0.9410517
xviii,0.8686781
delinitus,0.89974904
eloquentissimus,0.93104476
acervatim,0.95626855
nocentissimus,0.94763124
amita,0.9575626
gravida,0.923086
appropinquo,0.9753431
milesia,0.8809641
obtestatio,0.92667896
conualesco,0.98382753
harenarius,0.86476636
triumuir,0.9891831
pharmacopola,0.8648265
circumforaneus,0.8786014
legatum,0.85437334
congressio,0.93149567
uitricus,0.9740492
acerbe,0.9733052
martialis,0.9472934
fabricius,0.98733187
dissimillimus,0.9395127
circumscriptio,0.9454436
dioge,0.7115356
colloquor,0.98595524
baebius,0.9302013
diogenes,0.98899984
nocentis,0.86810315
obeundus,0.9741938
praeiudicatus,0.92257655
patronum,0.96448636
deprehensio,0.680066
apprehendo,0.95482194
necandus,0.94839513
abditus,0.9693155
quintilius,0.879898
diogenus,0.94564897
conscium,0.9635042
deterrimus,0.9769855
prooemium,0.8715185
praeuaricor,0.9548964
obtorqueo,0.9192401
senatorius,0.96952474
acci,0.8525684
verso,0.9460001
attentior,0.96640426
tacita,0.91385126
monitus,0.9868043
pasta,0.9771124
atella,0.9252363
suppressio,0.79143554
potuus,0.6807996
repeteo,0.8962039
inanissimus,0.9242879
severe,0.9591926
iudicaturus,0.9479938
conditor,0.9718992
sequester,0.9481032
xxxii,0.8895323
uaria,0.92096496
sortitio,0.9413805
incensum,0.9234489
cluentianus,0.8007429
condemnatio,0.75880927
obses,0.9877994
destitutus,0.98575044
conciliatio,0.8394504
cethegus,0.94199973
periculose,0.98308325
sordidissimus,0.8501704
archimedes,0.9551557
interlino,0.8235849
populariter,0.85875154
residuus,0.973536
pacatus,0.9695457
iactatio,0.97140145
populor,0.9851634
illyricum,0.98229396
uerior,0.9698735
dc,0.8813995
cominius,0.9419461
reconciliatio,0.9325335
iuturne,0.8525499
forensis,0.9778962
cominium,0.7332786
emendo,0.99025595
sedatior,0.8929098
rumusculus,0.8316481
iudicati,0.9045874
octauius,0.9732765
diligentus,0.9671718
praestantus,0.95441955
iuventius,0.7360014
caudinus,0.9399802
iucundior,0.97948337
intolerantia,0.90765005
pertimescendus,0.79451156
xli,0.96099925
l.o,0.95738536
obiectam,0.7915657
aestimatus,0.7934104
frequentissimus,0.9667276
xliius,0.9811849
subscriptio,0.9355201
lentulus,0.95654964
xliii,0.97701144
subscripo,0.8885559
xliv,0.92416996
subscripso,0.82423985
praeiudicao,0.8494142
interfeceo,0.7856302
occidendus,0.9418423
aedilicium,0.8127178
d.,0.9005958
delectus,0.9420149
contaminatus,0.8898537
xlvini,0.95912564
xlviii,0.948015
diligentior,0.96763223
exterus,0.9189747
contenta,0.86468244
elogium,0.98064345
innocentus,0.9508086
quorum,0.6577834
lucullus,0.98575485
concitor,0.96912086
uiolentissimus,0.8594842
plancus,0.9677448
tiburtius,0.76756597
liii,0.93764955
liv,0.87185776
uoconius,0.75324965
plebis,0.62491274
provideo,0.95043063
coniunctissimus,0.9050374
coieo,0.86734694
lvi,0.95620596
pusio,0.9437884
maecenas,0.9608918
recusandus,0.94397646
sempronia,0.9263814
lvii,0.9581046
lviii,0.95111394
liberalior,0.926521
callis,0.97091866
florus,0.8028946
ccc,0.9796045
cei,0.6660515
samnitus,0.96691656
copo,0.79192626
invito,0.9106132
brevius,0.9581277
cappadoc,0.8317592
interceptio,0.7917768
lxi,0.90388155
uidio,0.9576194
importunitas,0.939764
huus,0.70780516
lxii,0.99999994
habio,0.7969327
epotus,0.8355334
confudo,0.9531649
impudentissimus,0.8745191
falernum,0.95877725
lxiii,0.968662
rupilius,0.57196105
strato,0.9701045
diogeneus,0.79171336
oppugnatio,0.9735441
exerco,0.95100546
exsectio,0.8461547
tortuosus,0.9518156
serrula,0.8612548
nouum,0.9561717
confetto,0.87597424
lxvi,0.79777235
servulus,0.9257628
optavo,0.85040426
effeco,0.8810091
conscriptio,0.8210221
instruco,0.9779482
occultior,0.9731897
adsurgo,0.98783994
decreta,0.8768766
luceria,0.83987737
samnius,0.92776144
pelex,0.9569115
obstringo,0.98729277
integre,0.95465916
dilatio,0.95235384
centuria,0.9803842
mithridates,0.9950173
tigranes,0.98665184
occupandus,0.9773223
occupao,0.9204589
ariobarzanes,0.96577305
deligendus,0.85585916
persequo,0.9662944
uectigalia,0.991894
delendus,0.970029
mithridatico,0.7841738
denoto,0.9613454
uicesimus,0.97419965
lat,0.7426292
similo,0.89974535
disiunctissimus,0.87593806
districtum,0.87875783
sertoriana,0.8468774
detracto,0.97401196
adfictus,0.8736706
nauicularius,0.94034505
iniuriosior,0.85340434
superbis,0.81817234
consularis,0.9808245
uiolaio,0.9560729
expugnatio,0.9802755
lacesseo,0.89435565
aetolum,0.95783484
fertilis,0.99248934
pastio,0.8735891
nauigatio,0.99151504
pensito,0.9560785
asiaticus,0.9839686
obtrecto,0.97403026
maedea,0.904221
armenius,0.99101806
temptandus,0.97490627
locupletus,0.9477795
tigranus,0.96151966
processio,0.56745255
diuturnitas,0.97886676
glabrio,0.9515343
bellicosissimus,0.9302664
imperatorius,0.981708
conficiendus,0.95796055
belus,0.91229063
brundisium,0.9835726
transmiso,0.7313998
redembo,0.9471731
pervinio,0.94800115
colopho,0.8525694
caieta,0.94888794
direpo,0.9248876
misenus,0.9512953
ostiensis,0.8734288
ans,0.72067565
sardinia,0.97700804
achaia,0.9860648
popu,0.7595278
pamphylia,0.9823845
deprecator,0.8573142
deditio,0.98633343
suscepto,0.76238066
diviso,0.79437816
timuo,0.8486701
administrandus,0.9785691
pervaso,0.7746235
crevo,0.9450848
autoritas,0.7175769
cretenses,0.96326697
cretensius,0.87793064
speculator,0.9795091
gabinius,0.94873
perses,0.987847
karthaginiensae,0.86683667
exercitatissimus,0.8139715
paratissimus,0.88232785
delos,0.98308206
diripiendus,0.9508186
intercessio,0.93802524
habiturus,0.8047028
karthago,0.98592246
iugurtha,0.97562826
cimbri,0.9850813
teutoni,0.94571346
periniquus,0.94215745
moderatior,0.95643616
accipiendus,0.9646981
seruilius,0.9719347
pallesco,0.98164284
ardenter,0.97028756
ames,0.73753613
coagulum,0.94885004
audendus,0.9604945
tardandus,0.9648216
ancora,0.96995866
potens,0.96639204
desaeuio,0.97546756
camelus,0.9781788
clementus,0.9693969
pertinaciter,0.9821578
immeritus,0.9859088
illaesus,0.9820707
imbecillis,0.90657276
impolitus,0.96515006
praestans,0.96534127
procinctus,0.93233126
inquieto,0.9623449
paenitentia,0.9600239
securitas,0.98551106
latius,0.98509866
potentum,0.91735137
debitor,0.96292096
medo,0.98101926
adulor,0.9878409
ultio,0.97898364
parcitas,0.8814832
leporis,0.9529935
translo,0.8931215
modulus,0.95572627
morosior,0.76371384
auctoramentum,0.92141014
citharoedo,0.8181344
consulendus,0.9618539
sterquilinium,0.9012494
principus,0.8989998
pudo,0.88022125
sordidior,0.97121644
immoro,0.8706504
piper,0.9729392
praepondero,0.9268695
rapiendus,0.9760706
rcio,0.8770696
superemineo,0.9663146
simulator,0.963172
inglorius,0.9873142
promiscuus,0.97306114
prospecto,0.97787726
uitae,0.8961459
alienum,0.88191414
acquiro,0.97097343
tangendus,0.9504123
blandiloquus,0.9376475
imputo,0.98744226
instantia,0.92807484
splendesco,0.9716986
renuo,0.9802344
pestiferus,0.95908964
augmentum,0.75786436
patienter,0.9714197
irrogo,0.9533648
dolendus,0.9703665
dignosco,0.91672736
superat,0.947244
adulator,0.9643593
conuero,0.7699115
clausus,0.9778972
spado,0.9859465
titulus,0.9803493
caccabus,0.8740056
margarita,0.97394425
phalera,0.9814649
pelagium,0.7129575
sarabarus,0.88403815
auares,0.8500768
paenito,0.92174065
affatim,0.9598084
obiurgatio,0.9518949
dimittendus,0.9357178
uehiculum,0.9912298
ingenuitas,0.95248044
contubernium,0.98005277
tutissimus,0.9807309
conditio,0.9485813
deliberandus,0.9100092
cassum,0.7960571
refico,0.9632025
uitreus,0.98627687
frugalitas,0.98977727
inexpertus,0.97950804
paenitendus,0.95142186
ingro,0.87406147
uocandus,0.9690097
uictuer,0.8749035
metuendus,0.84821135
consolatio,0.94021624
tutior,0.97164595
turpe,0.845159
noco,0.9587649
altercor,0.9632272
ignominiosus,0.976812
opertus,0.9689628
quodammodo,0.962093
alleuo,0.9588243
innocor,0.7306632
successus,0.9917706
imgratus,0.810323
seriter,0.88148105
numerosus,0.9753901
semet,0.97818017
uincendus,0.97787386
riualitas,0.833213
excuto,0.97442997
admido,0.9107802
metueo,0.96413624
utilius,0.8857832
orichalcum,0.8577248
adspiceo,0.90595174
addisco,0.9609884
consularius,0.9232321
sepono,0.9904208
conlegium,0.918483
efficiendus,0.9263777
adlegor,0.8019814
catilina,0.9704448
optor,0.8772887
competitor,0.9635767
libidinosus,0.9712445
corroboro,0.9770771
noueo,0.9612217
commovo,0.91066664
sica,0.9461933
pl,0.9034563
tribulis,0.8651141
fundanus,0.8744431
dispositum,0.78797174
inservio,0.94055945
suffragatio,0.9329506
officiosior,0.8382241
absurde,0.98250943
municipalis,0.94867855
nomenclator,0.9052217
adsector,0.8527969
adsectatus,0.83431816
obtinuo,0.7104596
contulo,0.87475747
simulor,0.875954
honorificus,0.96508956
gratior,0.95554626
platonicus,0.9399804
servio,0.9522672
recipiendus,0.96707845
commentatio,0.9535369
contumacia,0.9646234
maleuolentia,0.9299194
perferendus,0.93434143
diuisor,0.9304326
satisfactio,0.9447857
alienao,0.78975946
absolvo,0.9040217
rabirius,0.9405751
inluxo,0.8435961
semihora,0.90107614
praescriptio,0.92204195
tabularium,0.9307388
fabia,0.94023716
porcia,0.92234075
campania,0.97554415
inrogatio,0.78961074
labienus,0.87209255
inviolatus,0.9482034
numa,0.989317
commentarius,0.9805592
conquisio,0.54948527
multatio,0.8827173
obductio,0.86617464
armamentarium,0.95880616
insequo,0.79311043
tarditas,0.9859997
hastile,0.98410165
ser.,0.9348287
serranus,0.9629874
ignavia,0.8690516
picenus,0.95828557
confesto,0.9487264
desperatio,0.9832804
induxeo,0.7119622
decianus,0.73571086
titius,0.9106722
titio,0.8557482
sacerdotium,0.9608679
posteritas,0.9785044
scaeua,0.84159815
croto,0.939676
char,0.7004818
deducio,0.9197141
nuceria,0.81026745
lycius,0.95157653
cicilia,0.96103704
mysia,0.9674701
gelus,0.9315156
alexandrea,0.96585625
uinolentus,0.94671714
pascuus,0.97067827
inertior,0.82958114
ianuarius,0.9487353
flamininus,0.96998703
paphlagonia,0.97900116
diuendo,0.95002997
concursatio,0.886608
spoliatio,0.9179393
nundinatio,0.8256886
siciliensis,0.86432284
hiempsales,0.9585857
coronarius,0.91175723
adiunxo,0.83772135
construo,0.98172766
rullus,0.93883896
consenso,0.8967471
uenditor,0.9820133
ianiculum,0.9285148
intellecturus,0.9046705
quus,0.5882275
horreum,0.98886716
uelificor,0.9499893
perlongus,0.78924465
pre,0.51381356
magnificentior,0.9343934
uivus,0.93857825
perpetiendus,0.8809207
aduersum,0.91852474
restitutio,0.94039255
plebes,0.9738512
obsoletior,0.85816795
dissensio,0.98377657
xuii,0.69607407
uiiii,0.8454325
xxxv,0.8295265
consultur,0.88977987
vt,0.65129715
coopto,0.9339262
creandus,0.91539204
aebutia,0.87943816
conlega,0.93050635
curiatus,0.95989454
designavo,0.6286421
qvi,0.80471826
intercessur,0.8731421
usurpatio,0.96995497
adumbro,0.9811869
adfcio,0.8871262
pullarius,0.8713012
apparitor,0.96827435
centunculus,0.9407946
uiceni,0.9804796
stipator,0.96637297
prouocatio,0.9588741
renovo,0.9686457
none,0.752069
gaurus,0.9468949
minturnas,0.8716634
uendibilis,0.8937449
trallus,0.6647062
cyzicum,0.9674726
creveo,0.7103971
adino,0.8388927
tyros,0.95814234
ptolomaeus,0.9869387
opprimendus,0.96931183
nihilne,0.8854593
percenseo,0.97767085
cherronesus,0.9191064
persaeus,0.9642816
apio,0.8813649
maeotis,0.86057174
sinope,0.95558697
concesdeo,0.81557804
excipeo,0.91047955
nummatus,0.8893373
datio,0.88984025
luscinus,0.95919216
catones,0.94490266
cumanus,0.9491188
nucerinus,0.89070714
reatinus,0.9187871
trebulanus,0.8094235
coacervo,0.8491056
silas,0.8349161
sullani,0.9008832
coemo,0.9563326
sterilitas,0.9785095
sentina,0.9266642
festo,0.7709248
imio,0.8627969
ianiculus,0.96305597
constipo,0.84873855
unumnes,0.72416687
inclinatio,0.9427947
campana,0.8826418
dilargior,0.8893607
prombo,0.89329875
mithridaticus,0.9643734
adsignatio,0.9246111
modestissimus,0.8956821
plebicola,0.88902855
duodenus,0.9614919
stellatus,0.95331883
calenus,0.9441855
neapolis,0.97930795
pompeii,0.8934093
puteoli,0.96368486
receptaculum,0.9780782
nundinus,0.9768313
fulvius,0.9685388
pseudophilippus,0.91988057
aristonicus,0.98040205
opportunissimus,0.86069727
contionor,0.9648338
inertus,0.883521
bacillus,0.84349704
probatus,0.96003747
tunicatus,0.9259142
fraudulens,0.8799217
ligures,0.9786813
sublaio,0.9504467
uaticanus,0.91224164
veii,0.97540486
collatia,0.9204533
aricia,0.95599306
tusculus,0.87543184
elaior,0.85584974
cunabulum,0.982968
revoco,0.97993696
gratificor,0.9647119
credido,0.9348074
sullanae,0.77471364
prŏfiteor,0.9943493
interrex,0.8581581
tyranna,0.9768509
gratificatio,0.89738375
marianus,0.94302845
adsignatus,0.97051406
sullana,0.8157213
arpinas,0.9666873
subsigno,0.8903107
vendo,0.8427924
hispanius,0.7951151
accommodatissimus,0.83280873
ahala,0.82660234
sp,0.9449868
maelius,0.9612891
recondio,0.95632386
interficiscor,0.9400973
deponendus,0.92928267
inertius,0.9489584
recognosco,0.9845497
nouembris,0.9681067
circumcludo,0.9574015
praenestis,0.9761225
nouember,0.9767642
laeca,0.8241739
uixdum,0.9701664
manlianus,0.9143739
nobiscus,0.9140673
stator,0.9595726
insidior,0.98052514
perditor,0.9267608
uacuefacio,0.93205243
tullus,0.971739
declinatio,0.9612062
uexatio,0.9814359
direptio,0.96501184
increpeo,0.8736913
sagacissimus,0.8382317
sacrarium,0.98347557
concupio,0.9317569
perfruor,0.98260665
detestor,0.99193174
euocator,0.851888
adultum,0.9479137
maturitas,0.988556
relevo,0.94756013
ingrauesco,0.96484417
inlustratus,0.94209737
impediens,0.9178669
retorqueo,0.9842768
timo,0.9389734
circumscriptor,0.83473474
adsuefacio,0.96139
desperatus,0.9764923
comissatio,0.847071
stultissimus,0.94393396
conplego,0.88048756
confertus,0.9758439
sustuleo,0.9108136
reseco,0.9793575
inportunus,0.9088403
deseruo,0.94530296
adquiro,0.9609121
uastatio,0.963328
sacrosanctus,0.9172219
locupletior,0.96270156
dictatura,0.9785722
passura,0.9534225
facinerosus,0.9564265
manico,0.7610803
vigilo,0.7645555
antelucanus,0.9324208
apenninus,0.9493891
solutior,0.9299343
conivere,0.81719977
cul,0.64459336
subieco,0.9811378
ignoratus,0.8650218
absconditus,0.9292636
pomptinus,0.9437469
mulvius,0.9324247
uillum,0.9748282
dilucesco,0.89269435
cimber,0.9007831
pedester,0.97983164
sibyllinus,0.94675803
capitolus,0.87845284
recitao,0.8496519
avus,0.9013214
quotiensque,0.9785197
chilo,0.8456856
supplicatio,0.91440797
periculosissimus,0.9322614
castrensis,0.96644104
hoes,0.49937785
coniuras,0.9095882
credino,0.92042154
commisdo,0.85098964
octavius,0.9764465
superfutur,0.73366845
uestales,0.9535693
foedissimus,0.97185946
mereor,0.95503235
oppresso,0.8737792
exitiosus,0.970719
dissemino,0.9102154
uincula,0.99288094
rupeo,0.8969331
gratulatio,0.98092395
indicio,0.84169686
publicatio,0.9081002
perlicio,0.91694146
severus,0.861186
remissior,0.95604604
subeundus,0.969456
crudelior,0.9152454
coeptus,0.9279421
penatius,0.9458202
potentissio,0.80190814
alienigenus,0.9167754
conspiratio,0.9806541
prouincialis,0.97853863
precatio,0.9479192
coniunctior,0.83021986
perfungo,0.87999296
latio,0.87295973
seue,0.6638314
sulpicus,0.9239908
inhumanitas,0.9263222
repudiatio,0.70684314
praetextas,0.91281277
saltator,0.94529
conuiciator,0.8662124
adripo,0.903455
circumspico,0.94990754
tempestivius,0.7686788
aventinus,0.9668611
historicus,0.97081095
adgrego,0.9660801
catonus,0.8110604
maria,0.84260505
renuntiatio,0.8414613
urba,0.5641762
cavo,0.94699895
communicandus,0.82273155
rius,0.8415669
bucina,0.9764234
regendus,0.98660535
bellicus,0.9892215
conticisco,0.94096774
pergratus,0.89318943
ediscendus,0.8988928
coemptio,0.8895567
gaia,0.83253753
aliquamdiu,0.9891326
anteponendus,0.9378823
auloedus,0.8328532
parcior,0.9772711
uosa,0.82964075
pyrrho,0.9671037
proavus,0.75573194
pugnax,0.9915097
uigilanter,0.8891808
sertor,0.79228055
obsessio,0.7965909
tenedos,0.9672747
bosphorus,0.9742235
adipisco,0.81037045
syngrapha,0.9385307
euripus,0.9508072
agitatio,0.9522783
fallacior,0.7752991
otho,0.9720222
aduerso,0.8698577
magnificentissimus,0.9540826
aequabilitas,0.85333663
inveo,0.82089597
inquisitio,0.931566
candidatum,0.83522016
repuldo,0.9453548
denuntiatio,0.9646609
refragor,0.9692838
efflagito,0.9845781
laborandum,0.7934613
confusio,0.93046975
manilia,0.8829056
aequatio,0.898709
obsaepio,0.96412396
obseruatio,0.98199844
testificatio,0.89999175
seductio,0.7587391
secessio,0.9520334
stipao,0.83857435
uallaio,0.7853746
circumfluo,0.98328
exploratus,0.8908253
percrebresco,0.9383698
acerbis,0.8705952
munitior,0.9100734
desultorius,0.8418507
zeno,0.7674715
stoicus,0.9870861
distortus,0.86280125
eruditissimus,0.9640411
plato,0.9874898
uinculo,0.9846746
panaetius,0.94225585
comus,0.8830715
fabie,0.8034241
detraco,0.8108413
universi,0.6519722
gladiatorium,0.8988484
munium,0.96853054
austerus,0.9433858
cres,0.93323207
deleto,0.90480554
tuberus,0.8794081
tuberoum,0.80879545
haedinus,0.9354391
tubero,0.95265007
deiecueo,0.89472187
notior,0.98816353
prauissimus,0.90142345
eripior,0.72636306
anie,0.92458373
laureatus,0.96532273
legor,0.914333
sospita,0.94251156
propulsatio,0.8405098
deserendus,0.9200015
patuo,0.97358745
excelsissimus,0.90300536
uargunteius,0.8535023
uolcatio,0.8989583
lapidatio,0.86321247
congressus,0.9824995
liberor,0.8967245
admirandus,0.980508
coruncanius,0.94886047
praeclar,0.80310994
recordandus,0.7613912
adverdo,0.96449035
immoderatio,0.73207736
coniuratus,0.96299547
internicio,0.9394796
adiusco,0.8639208
admonio,0.963904
ignoratio,0.9733869
conservo,0.95612276
cosconius,0.9227898
nigidius,0.95248044
app,0.81886625
peruolgo,0.76280236
inuiolatus,0.98318875
protego,0.9857558
reliqueo,0.9054439
interposo,0.74639237
adrebo,0.59713686
figulus,0.9499191
mauretania,0.9715532
exstito,0.92189187
pompeianum,0.9012739
indulgentia,0.966819
importunissimus,0.8722087
recuperandus,0.93993485
civile,0.7725769
manifestissimus,0.89385325
audacer,0.8184796
inchoatus,0.95314336
celebratio,0.8565111
inuitamentum,0.9485132
carissimus,0.9783976
parno,0.9532409
fortior,0.9622117
constantior,0.929273
testandus,0.8053793
incubeo,0.81276166
exstinco,0.9270601
uestrae,0.8126899
reiectio,0.91023797
hortatus,0.9508251
antiochea,0.9748473
liberalissimus,0.9553663
numidicus,0.9742508
silvanus,0.9269427
professio,0.9638815
regini,0.87535083
locrensis,0.9310256
neapolitanus,0.8829349
excolo,0.98500425
quantacum,0.9221566
moderatissimus,0.8716948
humanissimus,0.90377724
rusticor,0.82761097
colophonius,0.8655635
chium,0.7614386
salaminii,0.924721
themistocles,0.9806512
plotium,0.89941597
fulviius,0.89983916
rudinus,0.81576765
incitamentum,0.9705243
sigeus,0.94400656
adaequo,0.97509193
epigramma,0.9648564
corduba,0.91428924
conlustro,0.9537524
mavortae,0.8691671
ueteris,0.9242518
valerias,0.7092551
quingentesimus,0.9595986
lydi,0.9489346
mysus,0.8989248
iudicaio,0.74304575
patefaciendus,0.8879329
strangulo,0.97554797
caetra,0.93255883
externum,0.9262495
egentissimus,0.911047
tolus,0.77037644
cretensis,0.84854865
laesus,0.9695591
uicanus,0.879434
temperatus,0.9710078
eversus,0.8189167
nacio,0.85154307
pernecessarius,0.9055598
epulo,0.9633224
pergamenus,0.9558697
tabernarius,0.83291423
uersura,0.885106
hypsaeus,0.83032346
socio,0.9826411
suppliciter,0.98220927
refella,0.8112408
retenio,0.9063081
degeneravo,0.73924136
testatus,0.8864414
navigo,0.8360201
quadragiens,0.92823446
erogo,0.9753163
sextilius,0.81632084
completus,0.9557839
lucror,0.9716433
imperano,0.8026836
referendus,0.98510015
successeo,0.86284584
successor,0.9651295
asclepiades,0.9681812
sextilis,0.95697826
hactenus,0.9756777
phryge,0.888538
phrygi,0.74233663
heraclides,0.9349544
nicomedes,0.8969988
lysanias,0.7742528
lysania,0.89826775
hermippus,0.94166476
aufidius,0.9080833
neratius,0.80267906
fufius,0.9491125
fufia,0.9095703
tem,0.6095399
infatuo,0.92759025
heraclida,0.70486206
iudicavo,0.8907956
plotius,0.97293985
apollonides,0.843744
puditus,0.7937533
trallianus,0.8258079
parrhasius,0.9808036
castricium,0.6781904
castricianus,0.7748426
uentilatus,0.8680718
devoro,0.9694422
tralles,0.8385577
pellor,0.7681691
licesco,0.9669529
conseruator,0.9653847
aeola,0.86824554
prouerbium,0.98978287
tritum,0.8536087
iudaicus,0.9652726
iudaei,0.9505905
hierosolyma,0.94798625
praestantissimus,0.9610475
apamea,0.8911892
laodicea,0.8993083
eloco,0.7872983
caicus,0.8917998
telephus,0.93664354
amyntas,0.9670554
amynta,0.9727718
inritus,0.9558151
smyrnaea,0.8630905
castricius,0.81707954
introfero,0.88291466
ephebs,0.9112265
pergameni,0.8093488
globulus,0.85904735
censendus,0.9219921
cxxx,0.89078337
uiciens,0.939924
impressio,0.916424
traieco,0.97057056
falcidius,0.8611605
nongenti,0.9566281
imbecillitas,0.98073435
falcidium,0.83829784
simulatus,0.8052846
thermus,0.8922935
phrygis,0.85261095
nona,0.6635821
december,0.9782773
salutaris,0.9628973
vilus,0.9006415
expeditior,0.90164286
messius,0.8067158
gl,0.42145765
ep,0.6434018
adsidue,0.9020816
gradatim,0.97462
diadematus,0.76386267
servilius,0.93338907
miserrimi,0.75804365
depreco,0.9460516
popilium,0.842921
mitissimus,0.97954315
cohortatus,0.892571
irreteo,0.7331585
oppius,0.9587668
aurelium,0.822022
desertor,0.9874412
empio,0.7438991
romanu,0.8057199
impunitas,0.98802793
clementissimus,0.9004108
cohortandus,0.8357319
utcumque,0.97230875
dissolsco,0.9131528
percenso,0.9498236
auceo,0.94746464
immortalitas,0.9629193
obsesso,0.9085303
interfector,0.9882201
deseruus,0.7899823
angustae,0.9397365
divulgo,0.89414644
piraticus,0.979103
auspic,0.7085746
abieco,0.9345444
praetexo,0.9722585
tia,0.81621367
pseudothyrum,0.85941553
graeculus,0.9607812
epicureus,0.9752648
rugio,0.91520685
praerogativae,0.8913806
constrico,0.9655689
superbissimus,0.96340376
superandus,0.9163088
cispius,0.81033635
hstudeo,0.81985164
calidior,0.94258344
observantia,0.7679412
metelli,0.9081356
quadringenti,0.9793986
diribitor,0.91679424
praedicandus,0.94404745
cue,0.8320175
plancius,0.8978685
propugnator,0.9841038
conuocatio,0.75572085
arcesseo,0.8189321
vexo,0.9478878
ferocitas,0.9718685
loquacitas,0.9651346
praeuaricator,0.94821453
nutricula,0.91585505
eminens,0.9804091
to,0.89311075
exhauso,0.982127
laetissimus,0.98096764
cedendus,0.93860215
resistendus,0.9133816
uexator,0.861728
solidae,0.86677295
dolenter,0.93781096
continendus,0.90971196
apotheca,0.9616022
uniuerse,0.62948585
pythagoreus,0.93617165
lab,0.9311398
adspersus,0.797663
violentus,0.93129337
imitator,0.9535781
aelia,0.9016231
conluuio,0.94204116
uettius,0.91285074
inclusio,0.70603806
impurissimus,0.83108425
reiciendus,0.9262384
clodianus,0.8231901
tetrarches,0.9432116
pauperrimus,0.9416131
contumeliosissimus,0.8644093
uidesneo,0.9430332
funebris,0.9864523
subiego,0.93933076
atro,0.8500601
tricensimus,0.9600511
dispensatio,0.9171599
sergia,0.90462863
consecuio,0.87724674
aquileia,0.9437727
alfius,0.8074489
ingemesco,0.98293495
struma,0.77367103
milo,0.9268663
bestiarius,0.9157491
praeuaricatio,0.95841837
thessalonicenses,0.87654793
replo,0.8790154
conquisitio,0.9426743
posteaquam,0.9536346
diligentissimus,0.9615822
byzantius,0.8371617
custodo,0.96416616
uergilius,0.9915048
ma,0.928468
infelicus,0.92229503
semiramis,0.9617006
thraex,0.6874583
iudaeus,0.8796427
stipendiarius,0.9700125
redemptio,0.9494307
inimicissimum,0.7785151
euersio,0.9734289
quandus,0.65964794
subplico,0.86398196
sceleratissimus,0.84454626
exostra,0.79286635
helluor,0.9140564
siparium,0.86866874
prudentior,0.96436775
taetra,0.81697387
latrunculus,0.9477967
auxiliaris,0.9677868
concideo,0.7355913
intericio,0.9765864
degenero,0.9799557
gallicius,0.8893311
domiio,0.857013
adsendo,0.92633694
ins,0.65866685
incultior,0.8185916
uiriditas,0.93809265
sir,0.63482004
germani,0.9737098
heluetii,0.93974423
conterreo,0.98907506
reuiresco,0.98185897
gallix,0.6320413
contumeliosus,0.9867741
citerus,0.854234
uarro,0.9823879
obstinatio,0.9681989
cupidissimus,0.9032589
recordatio,0.97857857
tristus,0.95642763
adipiscendus,0.9138021
inrio,0.92909634
abrogatus,0.9301652
peritior,0.90531635
praeteruehor,0.91405976
praedicator,0.88189244
donatus,0.72179663
castior,0.896104
uerumne,0.8733778
pronunti,0.76380676
gaditanus,0.95117235
praestabilis,0.9272393
malivolentia,0.880895
emendator,0.93095964
imperitior,0.9092679
fundum,0.62619615
eliceo,0.8760005
saguntinus,0.9590007
dicatio,0.7936435
tarraco,0.960356
caepius,0.58663964
postliminium,0.9692354
menandrum,0.9093858
communicatio,0.86881006
volscus,0.9352469
hernicus,0.9001931
calles,0.8463423
gellium,0.85118866
consecratio,0.8756404
duris,0.7409278
adiunctus,0.9211604
gravo,0.90482247
marcianus,0.86299485
ci,0.66521585
cascellis,0.86408806
tugio,0.70660627
erudis,0.7671613
spoletinus,0.88304055
apuleius,0.9447383
rauennas,0.9432478
pyrrhus,0.9935079
aristo,0.93345875
subtilissimus,0.9396247
hasdrubal,0.9904061
mamertini,0.7440477
uticensis,0.880038
oppugnator,0.91802204
mamertinus,0.8764702
sps,0.9133667
maso,0.55256546
tuscul,0.55707395
adoptatio,0.89634264
convello,0.9503052
adaequatus,0.8225781
obfuerum,0.70193565
profutur,0.92672914
fixus,0.92823285
atratinus,0.90368915
obiectus,0.9760002
lacrimaa,0.73089945
praetorianus,0.96788967
dimano,0.7247045
ae,0.80324775
maledictio,0.7272479
petulantior,0.93695396
robustior,0.9405722
admoniio,0.94033587
petulanter,0.9222635
campester,0.9452071
castimonia,0.91727215
illecebra,0.97274756
turpior,0.9425856
patientus,0.79792756
rapacitas,0.9054619
effusus,0.9368478
titubanter,0.7690377
commaculo,0.97086364
obiengo,0.94277334
ptolemaeus,0.98298275
palatinus,0.94403696
migratio,0.91948366
praemunio,0.9217219
pontificius,0.93721056
detorqueo,0.9915676
lupercus,0.9681955
pastoricius,0.8604091
tristissimus,0.9759263
baiae,0.97439116
clodia,0.7748992
emisdo,0.83450544
sanctitas,0.9627154
mineus,0.5774416
claudia,0.97476965
symphonia,0.8834244
proceritas,0.9772798
devinco,0.8183217
expeditissimus,0.8827605
camilli,0.9284164
derectus,0.8049644
schola,0.9532405
prolapsio,0.82765293
luxurio,0.9884635
quoquomodo,0.88542694
baia,0.9805481
collocaro,0.8128861
tuane,0.7667283
gr,0.7890939
licentior,0.9684016
pyxis,0.9760264
vestio,0.9151935
fabella,0.97976995
poetria,0.8136875
clausula,0.9698591
scabillum,0.8646239
collocatus,0.97548896
manumissio,0.9251241
obscenissimus,0.9180739
percelebro,0.8287038
seiunco,0.8751834
cogitas,0.82448
absolutus,0.9647064
contractior,0.8481462
effloresco,0.90988386
cloelius,0.901118
perverteo,0.8558194
uaecors,0.95901275
coniico,0.7967448
hebetior,0.867061
progressus,0.94438475
inexpiabilis,0.9827247
ambustus,0.8982802
ligur,0.960001
inlaqueatus,0.88111115
intuleo,0.93547046
praemoneo,0.9887875
potestis,0.7966839
messalla,0.96868235
quirinalis,0.97816324
adstans,0.9719039
frequentior,0.967319
antistes,0.98296815
uelia,0.95199835
ostens,0.71558017
sollem,0.83974963
pontificatus,0.90758765
praedictio,0.90609664
expiatio,0.90765375
intellexeo,0.82605517
aucueo,0.8868661
praecino,0.9617691
praecentio,0.7449012
libatio,0.8504346
abo,0.6309137
megalesia,0.81676
ludius,0.9572159
patrimus,0.9719653
matrimus,0.94711137
simpuuium,0.9348863
instauratio,0.93573755
intermissus,0.7814382
perempo,0.95519304
lues,0.98607534
athenio,0.6171811
spartacius,0.7856226
gallograecus,0.83908755
deiotarus,0.9401194
fidelus,0.91871357
gentilicius,0.8942356
anniuersarius,0.95855236
suffodio,0.9581876
ivs,0.7964783
theodosius,0.4255871
thessalonica,0.89555
religiosior,0.94555414
excusdo,0.9593847
exhaustus,0.7535122
caecitas,0.9818877
eiulor,0.90850264
philocteta,0.96186715
exsultatio,0.86479086
matricida,0.90816104
effrenao,0.8324077
germanitas,0.954856
domestici,0.8873485
pr,0.5850271
psalterium,0.88808686
permutao,0.8536672
circumsaipio,0.87410706
alienatio,0.90683305
reuiuisco,0.97620785
fallacissimus,0.87168366
rectene,0.9016711
elor,0.9589881
gregalis,0.92305255
insitum,0.9607003
inustus,0.9386296
iustitium,0.94652414
dementissimus,0.8473647
euersus,0.9706836
impe,0.7210624
charybdis,0.91151655
titium,0.79229325
qualiscumque,0.9806725
propugnatio,0.8425223
everdo,0.79255044
iv,0.8881761
petreus,0.6590227
appenninus,0.978198
contnio,0.84159315
ignari,0.9261064
exsecratio,0.9658977
adligatus,0.86418283
euersor,0.97321594
putealis,0.7924632
faenerator,0.94212717
scyllaeus,0.8790701
aspere,0.97006255
duumuiratus,0.87695026
contractio,0.93014336
ix,0.8834508
ganea,0.92983925
obstructio,0.89720833
comm,0.4479722
consortio,0.9295455
eneruo,0.96528566
contrucido,0.9169233
xi,0.8476647
repraesento,0.9808769
xiii,0.789915
consumpso,0.9000397
sives,0.9059585
uicatim,0.967996
tralo,0.894428
suscepo,0.9138944
sanabilis,0.93963706
xxi,0.8985345
fidis,0.9508524
armos,0.972044
demerdo,0.90829724
incertissimus,0.8062689
lugor,0.71535194
xxiv,0.8393391
detrahendus,0.89852387
adprobans,0.9395675
pessinuntius,0.8441386
uenditum,0.8600832
violo,0.87903523
byzantium,0.94793063
imper,0.7730989
xxviii,0.83972013
xxix,0.67854506
cypria,0.8795819
priuilegium,0.98367184
ligus,0.89565194
additamentum,0.87368405
venio,0.93983
xxxiii,0.79206824
nitedula,0.74226177
gauius,0.96331716
gauia,0.8540293
xxxiv,0.74879426
censo,0.93133616
discetto,0.9475867
ludificatio,0.9079586
octavianus,0.93849385
concertatio,0.93665373
sagino,0.98374933
interfatio,0.7036319
confectum,0.67697
xxxviii,0.8793885
facinerosissimus,0.8485663
perhorreo,0.93069637
rusticulus,0.88999116
messorius,0.83503056
xxxix,0.7491138
milus,0.96173817
peracio,0.87549675
perspeco,0.83979124
docilitas,0.9437257
feritas,0.9928094
conuenticulum,0.9364127
dardani,0.9760507
munitus,0.9776944
excellentior,0.90616083
impedo,0.9227686
varius,0.97724706
insitiuus,0.89149916
tabellarius,0.93572664
turbulum,0.8276752
insaturabilis,0.8631382
concitator,0.8977792
elao,0.930072
egentus,0.78674024
theatralis,0.9684588
maledicte,0.7183764
argivus,0.7466093
disertis,0.95060426
declaratio,0.84035397
proo,0.87513673
semiuiuus,0.91414565
appia,0.8759923
regulus,0.9921783
luo,0.9891177
tribunalis,0.93820846
conservano,0.8258225
rettulo,0.9164322
domestix,0.7392012
brundisinus,0.83714485
accessus,0.9894856
sagittarius,0.9813607
speciosus,0.9805994
lxv,0.94461393
seveo,0.7324294
scalpellum,0.9552811
carnificinus,0.923699
desertus,0.9108498
invulnero,0.8672972
inviolo,0.9303595
miltiadus,0.73483443
aristidus,0.874385
decii,0.76854044
repressor,0.7410679
sordido,0.8480675
ide,0.916481
inaudito,0.8661247
labes,0.97200936
perago,0.9953333
dormiens,0.94386566
gurgustium,0.8359015
inhalo,0.88185453
medicame,0.99077284
calatinus,0.93021464
iuvor,0.8904102
profudio,0.80658287
coniurao,0.76911616
scythia,0.97469157
saltatrix,0.8563298
adstipulator,0.9094428
bustuarius,0.8074014
nubecula,0.7810646
foetor,0.91647184
effudeo,0.9214215
adsentiens,0.9651955
lice,0.85611546
duumuir,0.91634536
splendidissimus,0.95811594
obstrico,0.9346508
egressus,0.9422723
tranquillis,0.8623661
honorifice,0.91264594
splendidior,0.9258876
epicuro,0.67081016
absentia,0.976222
macedonicus,0.9888456
laceratio,0.9524561
inligo,0.982356
triumphalis,0.97894824
dementior,0.89148945
gravissimus,0.78902864
flexio,0.8854205
togula,0.8360674
sagulum,0.9395417
ueer,0.93630266
uastissimus,0.9712619
afranus,0.903257
camillus,0.9870068
politus,0.96321106
decreo,0.95093465
ferculum,0.9835465
oichetai,0.87231076
mediolanensis,0.6922088
abundantus,0.808777
uerarus,0.9489182
despicatissimus,0.86613715
magnificentus,0.835333
acclamo,0.95645607
furunculus,0.88975525
libidinosior,0.74661434
proteruior,0.865626
exquisio,0.80811465
toreuma,0.9433615
expiscor,0.789541
argutior,0.86268437
delicatissimus,0.8920304
expresseo,0.8127636
uelitis,0.8830535
aristarchum,0.78120947
haer,0.94629014
obliviscor,0.89841783
implacabilis,0.9736656
uolutatio,0.87614685
symphoniacus,0.82946026
bessicus,0.81129104
bessi,0.8485459
defectio,0.9533731
thessalonicensis,0.852777
urius,0.7757179
direpior,0.9194308
extortum,0.93564165
liberatio,0.9050881
armum,0.982684
debilitatio,0.68568665
abiectio,0.8238359
decessio,0.93205404
thasus,0.87895143
obsoletus,0.9247016
coronaris,0.8520434
diploma,0.8997847
orbao,0.7652822
basis,0.9558466
dyrrachium,0.94664145
hadrianus,0.8440241
suavus,0.9048411
aemulatio,0.9838741
salutatio,0.97405624
apollonia,0.9369455
locris,0.9257125
boeotius,0.91970736
exustus,0.8989825
acarnania,0.9757237
commento,0.9051413
abstrusior,0.7368268
placentia,0.92160267
lautior,0.94687045
austeer,0.8327576
rho,0.5968535
polis,0.59379286
perfectior,0.93211824
procreatrix,0.8408112
mathematicus,0.97816116
mirabiliter,0.9572548
inuentrix,0.96130395
uolubilitas,0.9645202
electio,0.94962037
eruditio,0.9524142
phaeder,0.95705533
convena,0.918007
sabini,0.98174524
respublica,0.981628
ignus,0.84617144
ser,0.8894702
consertum,0.94056016
di,0.8117486
prŏfitendus,0.9427494
metrodorus,0.95364374
pertractatio,0.7849811
carneades,0.96706235
chrysippus,0.99193144
didico,0.94158095
hyperis,0.83334583
mathematica,0.7081937
philo,0.88275737
hermodorus,0.7212278
circumcido,0.94845086
subtilitas,0.97627664
astrologia,0.9456667
aratus,0.8972491
nicandrus,0.85507405
astrictus,0.8734051
subiro,0.78594184
lusio,0.8200364
adiunco,0.74464667
sicuti,0.8887605
exiguis,0.914655
maturior,0.93382686
cretio,0.7919714
heeo,0.7337184
quaestiuncula,0.9390967
uarium,0.879648
uulgar,0.942086
prenso,0.98151445
ineptior,0.8549586
acutum,0.9106931
abso,0.7141025
oblectatio,0.96489125
inculco,0.9775365
tragoedus,0.9547299
exacuo,0.9826937
aptior,0.9765925
adridens,0.91743314
admiro,0.9327004
designatio,0.77516854
conciliandus,0.9554696
praedisco,0.90284234
scienter,0.9278776
effector,0.90354747
stilis,0.9500775
scriptito,0.95210123
exercuo,0.8790686
intuendus,0.9445076
deformitas,0.984882
umbratilis,0.8894757
pervoluto,0.70350015
interpreto,0.88342786
incitatio,0.8150935
inuolucrum,0.86994195
contemo,0.86054444
coarto,0.9734561
perangustus,0.95762926
uerecundior,0.97125006
centumuiralis,0.94767904
gentilitas,0.91803825
scalmus,0.8757912
euxinus,0.9730351
argonautar,0.87786365
exheer,0.78585386
exher,0.8968934
centumvir,0.8613365
certatus,0.95845747
inlustratum,0.79435724
acutissimus,0.96832395
numantinae,0.83804315
geometria,0.9745693
lineamentum,0.93899566
aculeo,0.7845974
aelianus,0.7691355
bibliotheca,0.9676263
ithaca,0.92104775
asperrimus,0.9816908
nidulus,0.7897675
lycurgo,0.916392
rabula,0.86765724
caduceum,0.93373454
commonstro,0.9278835
tra,0.82611763
administrator,0.84794635
philosophi,0.8353267
adsensus,0.9698431
pericles,0.9483991
tolerabiliter,0.9478235
tolerabilior,0.8571975
sagaciter,0.9545325
scribonius,0.8989384
ingemsco,0.9205134
pede,0.68391204
lysias,0.94857925
exarsero,0.9296415
incomptus,0.98453474
fidenter,0.9704217
adludens,0.93085146
agnascor,0.7659402
hostilianus,0.6759213
facillimus,0.96645975
subnigo,0.8277493
putatio,0.9640274
suaseo,0.74024516
discendus,0.982917
paean,0.969104
hymnus,0.8346808
pragmaticus,0.8881571
accuratus,0.888597
subiio,0.8958409
mirifico,0.9529232
ieiunitas,0.8122814
adhortatio,0.9757637
consaluto,0.93019706
inconcinnus,0.92607075
argute,0.7749624
sessio,0.8923578
relaxatio,0.79101884
incredibiliter,0.81815994
laurentum,0.8466925
procreatio,0.92928433
insuauis,0.9428037
aptis,0.85739666
acuta,0.87753284
admirabiliter,0.9366845
effreno,0.9610568
possu,0.7773704
baiulus,0.89129996
popilia,0.52591324
pherecydes,0.9466951
hellanicus,0.93610907
antipater,0.97096115
herodotus,0.9707942
thucydides,0.96332866
theopompus,0.9543257
ephorus,0.9514066
callisthenes,0.9592335
timaeus,0.96314746
inscriptus,0.87706137
series,0.9804895
inexercito,0.9171233
phidia,0.944682
minervae,0.9461081
mirabilus,0.8209209
decanto,0.95622325
fecunditas,0.9752722
exssecutum,0.8165514
alcibiades,0.985028
critia,0.87389237
lysia,0.9388988
dinarchus,0.88765156
mollior,0.97741795
demochares,0.94943094
phalereus,0.9407917
subtilus,0.95267963
plerasque,0.7421757
frequentus,0.9538113
riuulus,0.9307528
revereo,0.8378382
quantuscumque,0.97635907
dilorico,0.87330365
exaco,0.9408157
auditio,0.943292
subactio,0.77433276
subductio,0.5485405
adficiendus,0.9195405
redacio,0.8482855
percalleo,0.8661109
invenio,0.902641
dissimulanter,0.9678268
int,0.75700736
attentio,0.916193
pythagoras,0.9882803
critolaus,0.9594103
neoptolemus,0.9645299
disserendo,0.9356741
uerane,0.8129558
statera,0.9330123
examino,0.974346
carneadius,0.7757739
mansa,0.84962213
seclusus,0.94583005
repugnantia,0.8950297
lutatius,0.95821553
multifariam,0.9762607
defotto,0.88043666
adferendus,0.8610842
semidoctus,0.74317086
ir,0.5453874
salamina,0.96242094
inflammatio,0.8541578
adiuuao,0.920026
miseratio,0.9530854
imploratio,0.87547886
haesitatio,0.89299405
intolerantior,0.85883003
adsilio,0.9308543
cavillatio,0.9598818
dicacitas,0.9228027
perpetuitas,0.9595977
lotus,0.9415748
inexspectatus,0.84792084
conditus,0.7767271
iulus,0.9732671
auditurus,0.7217429
deuersorius,0.94581294
lix,0.8420164
iocandus,0.7302114
scurrilis,0.94521046
tarracina,0.88172597
amicula,0.8598573
cautissime,0.8333793
sextius,0.9354049
raritas,0.9584672
sempronius,0.9477262
neronianus,0.8987385
carvilium,0.6720574
caluinus,0.90148926
accommodans,0.89575595
lxiius,0.65164006
uespa,0.9450617
granus,0.64322484
salsius,0.66942066
nouius,0.83489573
salsissimus,0.7630118
frigidior,0.9690512
immutatio,0.9312695
paronomasia,0.93529046
stas,0.66439414
delicatior,0.9522456
maluginensis,0.8939625
nasica,0.97896385
decebo,0.87501484
dissuasor,0.9425504
pinarius,0.9087728
pulchellus,0.87453955
tiburt,0.8437625
cors,0.78417295
oileus,0.8605236
helvius,0.88502413
cimbricus,0.9696895
fabianus,0.8925443
mummius,0.980659
aemilianus,0.899101
ironia,0.93670803
perelegans,0.82713497
liuius,0.98221546
salinator,0.9566388
epilogus,0.939589
novius,0.8884114
f.,0.69697446
riel,0.7876167
discrepantia,0.89357436
admonitio,0.9781051
cincius,0.89553195
minatio,0.78115416
indicandus,0.90187764
diuinitas,0.98113525
themistoclus,0.8691931
exulcero,0.9467535
inuidiosior,0.86189824
lxxvii,0.95302874
gravis,0.83497626
plenis,0.70971715
allico,0.92959577
congresdo,0.928252
spectao,0.89516985
communitio,0.7522454
lxxx,0.97673833
prolusio,0.84000933
samnitium,0.9739872
grande,0.7212911
admouendus,0.93505216
lxxxiii,0.87054026
promissio,0.88831234
eui,0.6771158
aristides,0.95628434
agesilaus,0.95051074
beneficentia,0.8967503
simonides,0.97156197
pollux,0.9739323
descriptus,0.8591948
adiuvor,0.86860955
informatio,0.5548034
lxxxviii,0.82807446
subsiciuis,0.78311944
pigner,0.8070309
pignio,0.7353124
pigneres,0.8585526
caedendus,0.9560181
incidendus,0.7850957
districtus,0.9739613
meridianus,0.98388904
exedra,0.8328562
complego,0.946873
avulsus,0.8513856
concentus,0.979769
eruditor,0.96439123
inlumino,0.9268246
polyclitus,0.87500054
aeschylus,0.95398796
sophocles,0.975119
enucleatus,0.77386594
adfingo,0.9623736
praedicendus,0.80702925
congruenter,0.9024273
dilucido,0.80445784
adsuefao,0.7971974
soranus,0.93379563
ore,0.9387647
iotus,0.81497526
cau,0.7799771
pomponius,0.9047091
obstrepeo,0.8692826
exhorresco,0.88664484
stupefaco,0.8739181
congruens,0.96007615
disiunctus,0.91540813
iuvenis,0.9708309
geometres,0.9673724
xenocrates,0.89779437
adamo,0.96430236
uoluptaria,0.83992547
cyrenaicus,0.90848786
stoici,0.9567989
academicus,0.9760884
speusippus,0.9514868
arcesila,0.9330723
portuosus,0.8924594
scopulosus,0.95210636
pulcritudi,0.6237371
elicieo,0.76149654
seposio,0.9015669
acor,0.8948444
uelocius,0.97925806
conspersus,0.9220841
obsoleto,0.6631032
crocum,0.9643352
dulcitudo,0.7856766
intermissio,0.93431985
infuco,0.81504637
stupesco,0.8389704
cumulate,0.75440913
politicus,0.5005491
rea,0.97579956
attactus,0.84523326
fugiendisve,0.8209885
exercitor,0.9122509
hippias,0.95320356
quinquennalis,0.96083003
prodico,0.91020536
protagora,0.9440683
hippocras,0.9540576
euclides,0.9349017
aristoxenus,0.9637507
aristophanes,0.9549815
callimachus,0.96961135
aelium,0.7825627
ti.us,0.8434123
conscripso,0.8290838
pontificium,0.8306708
thale,0.7353991
pisistratus,0.985736
clepsydra,0.90452224
clazomenius,0.87995267
syracosius,0.95939195
timotheus,0.9341719
agesilaum,0.8918277
archyta,0.9417381
isocrat,0.87738013
inlustrandus,0.8979791
spissior,0.8791336
liberior,0.9548731
audacior,0.9224285
feruio,0.8666378
sphaera,0.97600114
angustior,0.9659826
florentis,0.8999443
aenigma,0.95049584
fabricatio,0.76264286
illumino,0.92511606
pavimentum,0.86866224
uastior,0.956482
naucrates,0.7696222
numerose,0.9171836
mollissimus,0.96908
antenna,0.9077309
fastigo,0.95379245
uolvi,0.79039514
trochaeus,0.98812515
percussio,0.9143251
dactylicus,0.9691833
anapaestus,0.9823769
fineo,0.9480953
creticus,0.98211044
licentus,0.8233134
modulor,0.98940825
modifico,0.90658975
breuior,0.9893324
elegantior,0.96175015
minutior,0.92398155
herous,0.9784462
circuitus,0.93482363
notor,0.84383464
chorius,0.8762747
sidonius,0.9669975
salii,0.95770097
decentia,0.80776924
percursio,0.8305275
inlusio,0.8822328
comminatio,0.9388546
geminatio,0.9088107
progressio,0.92234224
reuocatio,0.85114056
imminutio,0.7631815
improvisus,0.9093985
dinumeratio,0.92587376
dissipatio,0.83340615
continuatus,0.7279205
patefaco,0.9259614
perlego,0.9908475
eminentia,0.9319984
diffusus,0.72096014
continens,0.9264053
incidens,0.9593324
adtrecto,0.93748397
inflexio,0.9262845
procerior,0.83840686
proiectum,0.95364594
incipiendus,0.9058007
personas,0.66454
tauriscus,0.83547497
averdo,0.9310373
obtinendus,0.95603216
perniciosior,0.94528913
aptius,0.9743772
fistulator,0.8177305
angustius,0.91624254
uaticinatio,0.9677243
coniugo,0.8737521
differentia,0.9456804
auscultator,0.815945
inaequabilis,0.8982355
nitidior,0.9109399
uituperao,0.86989444
concisio,0.7673886
superlo,0.85649866
aequalitas,0.9405211
directus,0.9759273
litteratura,0.95296705
benevolentia,0.8639487
complecto,0.85086274
inopinatus,0.98745406
adolescentia,0.89266783
montuosus,0.9685094
opax,0.9216172
apricus,0.97714067
coaedifico,0.70221907
bonar,0.7537887
perlustro,0.968894
proprietas,0.9522538
iniucundus,0.96000284
percuncto,0.92898047
neglixio,0.8150089
perabsurdus,0.86752486
enucleo,0.93337405
verina,0.6826272
declinor,0.96041226
provisio,0.88046265
ministra,0.95271456
uberus,0.9264004
propensior,0.9456566
insigniter,0.94193494
diligendus,0.9009276
fallaciter,0.9339825
subiicio,0.94246805
opimium,0.9045079
rutus,0.92932546
coniicio,0.89462996
adeptio,0.88547695
locupletissimus,0.9576206
allicio,0.9735881
diuerticulum,0.85527766
aliisve,0.8512573
conviua,0.92975694
ruaestio,0.7915713
ntc,0.9006872
ares,0.6652033
uoluntaria,0.8899586
foeditas,0.98263407
paelicatus,0.8786542
oblido,0.9113547
parentalis,0.9180729
qualecus,0.84395325
sardi,0.8965714
fug,0.7334335
aeq,0.7456784
concurra,0.6838424
feracus,0.8714946
stiua,0.9078617
antiquis,0.7849726
uelinus,0.88974303
lino,0.9314821
decessor,0.82191074
festinanter,0.96628
fr,0.63423884
percarus,0.8836559
orscor,0.91656566
rebellio,0.9386351
donor,0.8996027
utica,0.91222167
pervago,0.88591087
mastruca,0.8377372
uanissimus,0.951367
principatus,0.97129774
omnes,0.83644354
floruo,0.8334935
deuotio,0.9512195
augor,0.9003235
sibylla,0.9705262
aestimata,0.7849399
cepeo,0.6609932
seds,0.91475487
acio,0.92372054
archelai,0.9400333
dionysius,0.92716354
aspis,0.96785885
palliatus,0.9299149
redeundus,0.8603904
naulum,0.89073306
cataplus,0.8119835
uectum,0.9550644
uiculus,0.8772354
receptus,0.86616296
impositus,0.98840815
miltiades,0.93808055
domitor,0.98759425
laenatus,0.6879003
pignero,0.96650386
curavo,0.702165
praeparandus,0.9711261
tuditanus,0.96041864
invitas,0.7843867
deposeo,0.90414155
locer,0.7555902
contexo,0.9799143
quaestorius,0.8850088
pratulum,0.86803126
solide,0.87063813
milesium,0.9228959
intermenstruus,0.7762294
reputaio,0.63647443
adpetendus,0.94036686
molio,0.95626616
potentior,0.98493767
polo,0.69034606
iphigenia,0.97689086
neoptolo,0.7935101
seditiosissimus,0.7508185
polybius,0.9114827
inlustrus,0.9243115
congregatio,0.90230227
ebi,0.61102235
cyrus,0.9807822
phalar,0.89053726
mio,0.8771448
permixtum,0.9158796
cog,0.77586424
inbecillis,0.9340635
inmutabilis,0.9709661
aspero,0.98324656
vacuus,0.91543525
deformus,0.9032545
beatissimus,0.8949988
pri,0.6958664
ens,0.8006194
sescentesimus,0.91802233
perantiquus,0.8721565
dominatus,0.9109169
archytas,0.88463706
tarquinii,0.98360634
lasciveo,0.93593735
moderatus,0.9634905
inexplebilis,0.9790689
meracus,0.95607215
neclego,0.9343946
laetior,0.9802473
inveteratus,0.86871016
prodita,0.8953093
amulius,0.95764226
omni,0.7879349
providor,0.85110277
rutulus,0.9690983
adventicius,0.9033139
thraca,0.89176595
magnesius,0.93376243
incolas,0.931313
adno,0.94296557
esquilinum,0.8091341
subagrestis,0.9622055
sabinas,0.8886136
orto,0.9153815
tatio,0.9254329
tatius,0.9733987
olympiadus,0.9129573
olympiade,0.93028235
proculus,0.96011525
excessus,0.9615827
interregnum,0.8993298
uerene,0.68270326
sybaris,0.9450371
sexagesimus,0.9761275
superbius,0.9102054
centesimo,0.9483545
genuinus,0.94033986
fetialis,0.96257114
corinthii,0.9469366
cypselus,0.8848641
attus,0.8117683
adsignandus,0.85980916
exquisitissimus,0.9373592
erudeo,0.8521402
ancius,0.7813356
maesis,0.80925566
iunior,0.92346215
tignarius,0.8636422
nonaginta,0.9500381
cornice,0.9718746
xxxviiii,0.57636195
olympias,0.9558724
mutabilis,0.9602992
pometia,0.9279438
libamenta,0.94585663
caes,0.7059932
lucretia,0.98608845
tricipitinus,0.96297127
extito,0.94661283
converdo,0.9657818
lacedaemona,0.9807124
interpretas,0.9119849
inpendeo,0.8595369
uirgula,0.96207476
publicola,0.96074474
auguralis,0.9427138
lucretium,0.83303076
subrogo,0.9612171
larcius,0.9017875
incommutabilis,0.61177224
xxm,0.9799112
decemuiralis,0.9551888
plebiscitus,0.95391613
canuleius,0.8787573
uerginius,0.8910564
uasta,0.9435403
adsuetus,0.98597145
freno,0.9898743
artissimus,0.97395474
conloquium,0.9828148
dam,0.55719006
xerxes,0.9799003
axinus,0.76275635
busir,0.8653378
spiculum,0.9929905
uoconia,0.85749054
digladio,0.8821081
scrupus,0.80941534
euigilo,0.97409916
nee,0.67054176
crepido,0.9703794
infusus,0.9586588
potesne,0.7699571
uno,0.8138461
nullane,0.87038904
ris,0.8296275
contrectatio,0.8690264
eleus,0.94007665
iuvenus,0.9709147
dispensator,0.96368074
responsito,0.8064091
lectito,0.9760747
masinissa,0.97703147
cohorrus,0.72146535
exscindo,0.97946626
acceptior,0.90203315
assigno,0.96497434
nuncupatus,0.8584223
quousque,0.9277251
temperatio,0.92223066
temperans,0.91234183
lunaris,0.9730855
immobilis,0.96151495
imitas,0.9491339
incitatus,0.83801126
habitabilis,0.93598306
atlanticus,0.9616759
caucasus,0.9789274
ganges,0.9873273
eluvio,0.7887536
exustio,0.759169
quocirca,0.9670281
movo,0.9495463
internus,0.9445826
taxo,0.9648855
postulaio,0.7150233
necavo,0.81755126
poeniendus,0.8474767
collinus,0.9500098
depopulatus,0.9602281
peritur,0.95673525
lanuvi,0.84375024
raeda,0.96230954
paenulatus,0.936342
derivo,0.9519956
sc,0.7839801
cassianus,0.9214087
versor,0.9057483
librarium,0.8600805
facinorosus,0.92777467
restitutor,0.879217
speratus,0.84554183
regnaio,0.9156741
anteuerto,0.90332687
mercenarius,0.8596294
appropero,0.9497078
interamna,0.9516264
receptor,0.92335117
deverto,0.908969
substructio,0.9399619
tergiuersatio,0.94724035
etrusca,0.91829705
proxime,0.84898937
popa,0.8550508
conquisitor,0.8466591
vagus,0.9399117
nefans,0.89791
inlo,0.9334055
fidissimus,0.9756829
salutao,0.91514677
reuiuo,0.71812034
evoco,0.94248414
confitendus,0.8707044
prop,0.5812787
coercendus,0.9531777
effemino,0.9760335
firmissio,0.7763445
occursatio,0.7778053
obiecim,0.77277493
sata,0.96676487
semino,0.85619265
canesco,0.97941554
homericus,0.97623944
orithyia,0.9639086
uennonius,0.72213125
antium,0.83330333
ello,0.61755216
asellium,0.8886485
imp,0.4832774
sisenna,0.9582078
tio,0.7142172
prŏfessus,0.9786611
stillicidium,0.95974326
conpono,0.9223617
lacedaemonium,0.90336144
megillus,0.8382135
gnosii,0.83147943
adquiescens,0.9358649
ba,0.4673473
sparsum,0.97160035
genesis,0.8797632
proprus,0.7526375
sollerter,0.958281
le,0.6798753
honoro,0.9801244
igniculus,0.9506967
contuleo,0.8724792
disseror,0.81230664
moitulum,0.788469
suffimentum,0.8442648
incaus,0.7179148
erepio,0.8499526
lio,0.76475716
ur,0.85806656
gro,0.63357204
abiecte,0.9097084
art,0.84733194
pi,0.80138797
aristus,0.9126206
pepigo,0.88774073
diiudicatio,0.75193334
ti,0.75666094
zaleucus,0.8511986
plebiscio,0.9373001
florenter,0.7514148
effugeo,0.85072756
definito,0.72750664
agnouo,0.8760019
saepimentum,0.8861799
educatrix,0.7916953
ctus,0.5287519
excebo,0.7419598
frigidis,0.8670361
usitas,0.88905436
avoco,0.9424268
tergus,0.9731766
interscindo,0.95870674
cocles,0.97923243
impellens,0.9062044
bus,0.8222739
titia,0.77107507
livia,0.77713007
fetura,0.97309494
decoraa,0.8965819
fatidicus,0.9859302
nefastus,0.95925456
tius,0.6891824
sacrouem,0.7377673
numaas,0.7922324
aspersio,0.8153866
removeo,0.9102665
xerse,0.84610367
pythagora,0.91734165
epimenides,0.9077694
esquilius,0.9681813
uictoriae,0.754246
primigenius,0.9600125
vesta,0.97626626
castitas,0.98487127
mopsus,0.956607
amphiarai,0.9382202
helenium,0.9180757
pisida,0.9343835
evanuo,0.6924742
exculo,0.9168739
bacchanalis,0.8872919
pugillatus,0.87604845
luctatio,0.85466206
caneo,0.984013
ediior,0.86186475
violano,0.850045
xvii,0.90887284
operosior,0.9544747
decorus,0.98262334
civilum,0.81525224
pe,0.88977003
totum,0.42213848
adscribendus,0.89077264
uelutus,0.91860974
pontificalis,0.9416332
plutarchus,0.52695113
quasum,1.0
rom,0.6315316
denicalis,0.81212825
operimentum,0.8296267
proiecio,0.9248117
poplicola,0.81062937
tubertus,0.90928227
lamina,0.9676713
tur,0.9095352
asceo,0.73440087
acilius,0.95915496
respersio,0.8350849
lamentabilis,0.9563807
frego,0.89539707
herma,0.8554282
pittacus,0.93922395
coherceo,0.9471219
quotcumque,0.8895856
aeuitas,0.82443833
aue,0.907959
ec,0.54937434
creatio,0.74761117
pliraque,0.9229437
geio,0.6999414
dicaearchus,0.96964103
umbraculum,0.9644776
repudiao,0.7516345
convalesco,0.92827785
perseco,0.96404743
molestior,0.9299167
selectio,0.84959054
saevus,0.9694993
neglectus,0.9434049
temperamentum,0.98397136
coangusto,0.939325
eripiendus,0.93161047
cassia,0.89640516
simpulus,0.7465712
gratifico,0.8975079
inhumanior,0.8888242
prasum,0.5805533
intercessus,0.77570236
promulgatio,0.88518
iusdo,0.9657321
bae,0.7708427
pleo,0.7365869
iuuene,0.96808815
uiolaceus,0.8663372
praetexet,0.84517956
boii,0.8553648
emetior,0.98458505
germania,0.9810799
caspius,0.99365616
ccl,0.7849091
eudoxus,0.8605627
lathyrus,0.86337334
actorius,0.6070051
gnaeus,0.9649135
maurus,0.9920102
cleopatra,0.9677817
minium,0.96721524
cauliculus,0.8152722
racemo,0.81830883
zenodotus,0.8334154
sire,0.860257
aeratus,0.9798212
pascero,0.7134521
cadmi,0.9768549
inuigilo,0.97823143
maluus,0.8018619
furenter,0.7558646
clytium,0.72308594
naupliades,0.8774225
compostas,0.77878046
exporrigo,0.9458663
aethereus,0.8656225
pelagi,0.8445077
inexpleo,0.82345784
insolio,0.95155555
patella,0.9275693
fata,0.9684987
paradoxum,0.7757181
interrogatiuncula,0.8335704
socratica,0.9108474
opusculum,0.96141326
lucubro,0.93723506
w,0.8518114
kalitulum,0.9517522
bio,0.7308152
minusne,0.8409069
urnula,0.83205426
porsenna,0.9819761
inrisor,0.82886237
daimo,0.8508868
habitor,0.9503482
exsibilo,0.92099607
dimetior,0.97738373
spartacus,0.9184791
oboedientia,0.95140284
aetio,0.8305011
oblectamentum,0.97804445
mullus,0.9416985
excepto,0.9283887
denuncio,0.7473477
dimissio,0.76045334
centenus,0.99118555
inauguro,0.9549395
salutariter,0.92426974
cumulatus,0.8606488
uetustior,0.970229
cleo,0.74653804
supparis,0.862112
subobscurus,0.89304054
calchedonius,0.7754952
prodicus,0.86150485
digriteor,0.87308514
structura,0.9548305
nonnunquam,0.93797827
limatus,0.78769064
elatior,0.88525367
demades,0.85194814
concinnitas,0.95995426
coriolanus,0.96648836
xanthippus,0.97158545
theodorus,0.82301295
sanior,0.9368332
sauior,0.83557755
potitus,0.43873596
laena,0.90642697
uerrucosus,0.8689122
ueturio,0.9203166
suadus,0.9015794
gracilitas,0.9510054
ualenter,0.9563205
strigosus,0.8802577
refertus,0.9760962
elatio,0.90826166
myro,0.9655653
liniamentum,0.9817997
nicomachus,0.90334237
protogene,0.8028296
odyssia,0.8652948
daedalis,0.85846025
iuuentas,0.7373033
galus,0.61223894
thyestenus,0.9361167
paullus,0.8438456
eiio,0.72879153
legitumus,0.78402746
augustior,0.97515947
uiriathus,0.969952
ardentus,0.93300635
lusitanus,0.955557
flaccesco,0.8945803
indisertus,0.8969925
excultus,0.94135344
menelaum,0.96412075
defensito,0.7878854
soceo,0.97196436
ineleganter,0.94427353
industris,0.9033656
censorinus,0.9558364
fervidus,0.8660228
pennus,0.7374989
stoicori,0.79288256
avunculus,0.9388544
tuberonus,0.83143204
uagum,0.9450472
pugnacus,0.84646857
iugurthina,0.9293091
commotus,0.8693339
sabellius,0.66349155
aquilia,0.8774431
criminositer,0.8884766
docscor,0.79972875
fungo,0.97747064
commemoror,0.8318651
armatura,0.9484134
subraucus,0.724229
questio,0.8652235
consultus,0.7937223
parcissimus,0.96027285
lugo,0.8562328
scripno,0.93659496
argutiae,0.7862722
afranius,0.9416882
rubrius,0.88219476
mardo,0.83934593
lucretius,0.90842074
uispillo,0.8401859
afella,0.8225077
sertorius,0.98284215
expendio,0.87053514
legens,0.99067354
adsensum,0.94246745
adsidens,0.9672808
circulo,0.71340716
pretto,0.95914453
licinia,0.6818179
sicinius,0.9700799
conloquens,0.9624853
dialogus,0.93814385
languidior,0.9396115
aptissimus,0.97028553
processus,0.93662715
turius,0.721395
oppidanus,0.98389024
ame,0.7000524
actito,0.94456995
marcellinus,0.906186
renouatio,0.82384574
cratippus,0.8324362
tribueo,0.9370414
adfatus,0.9331815
barbaries,0.9496399
subrusticum,0.8494641
evolo,0.9397777
calidius,0.8545593
liquidius,0.8634362
gallio,0.9074067
chirographum,0.975104
honoror,0.9609488
transcurrero,0.9233465
exquisititer,0.8223529
aeschine,0.7651444
charisius,0.8272124
hegesia,0.8506333
capus,0.7805788
flagranter,0.9450793
elucubro,0.8480414
temperatior,0.857422
menippus,0.9035261
cnidius,0.7940752
adramyttenus,0.85870624
iuuenilis,0.9728271
exercitatus,0.8654919
comprendens,0.798643
siciliensius,0.9287764
comparor,0.87542355
pompeia,0.9233378
confeceo,0.63702846
frequentao,0.6938695
crebritas,0.89297473
operosus,0.9853562
oportunus,0.96928775
lustrao,0.6925231
conticesco,0.9728929
obstrepo,0.9861224
obfundo,0.6565076
adlaturus,0.9382423
censuo,0.81172246
fragilitas,0.97017443
stabilitas,0.95585823
obstupesco,0.9837967
attius,0.90626955
suspcio,0.9676667
pharsalicus,0.9627428
irruo,0.9864749
grauer,0.77228385
patientissimus,0.9556761
adroganter,0.9649446
epigonus,0.7924696
muer,0.98051196
macedonus,0.9445525
archilochus,0.96580106
pindarus,0.9776691
dense,0.9268149
idea,0.87130797
ingressio,0.8619276
agrestus,0.8646138
rectissime,0.8264798
adferens,0.9624158
pressior,0.95162916
porrexeo,0.8593074
permisco,0.89220214
peruersitas,0.9644579
panegyricus,0.8932321
cadendus,0.9155557
nascentia,0.9755327
salebra,0.96122485
erudo,0.7580587
pagina,0.9813696
sophistes,0.95599496
nutrimentum,0.9733222
thesis,0.917053
adgressio,0.8990613
respiratio,0.91209465
duritas,0.7689572
canticum,0.8771608
ericio,0.95483434
uultuosus,0.8896225
compositor,0.8005962
eloquendus,0.8658632
vinngo,0.7540033
invidus,0.85376006
hortatio,0.89833367
rhythmus,0.9724012
incitatior,0.8909181
delectandus,0.80324346
temperator,0.8462829
dedecet,0.9068456
ceteroqui,0.76674604
quaeno,0.9382689
summissio,0.86005795
insanabilis,0.9754451
summissus,0.84713066
robuste,0.70732033
metonymia,0.81017506
lubrico,0.9387219
dissera,0.84028065
exarsio,0.9338033
adumbratio,0.7579149
iuvenilis,0.9454512
tragoedum,0.8481763
argutium,0.89824
philippicus,0.9008627
licio,0.86946774
quidve,0.9715537
statueo,0.7487851
actuosus,0.8571276
addubito,0.8974315
tectior,0.8705932
pervulgatus,0.8338235
histr,0.9640088
duellius,0.93840224
maxilla,0.95313877
paxillus,0.92220235
capsa,0.95431525
inusitatior,0.8142457
chryse,0.8928874
concetto,0.6809883
abfero,0.8095041
naro,0.72649837
aspiratio,0.88219297
cartagi,0.81181115
burrus,0.89476573
vor,0.8778343
inquinao,0.6726705
frequeo,0.9101212
ephus,0.659634
theodecs,0.88384914
erudite,0.9072227
inveniendo,0.84391123
intemperatus,0.7958024
gorgias,0.906163
mensio,0.8408473
decurto,0.81960785
productus,0.8257916
immoderatior,0.82057804
unusne,0.8731746
senarius,0.98117983
cognio,0.9266311
dactylus,0.98565525
hieronymus,0.8908148
iambicus,0.89827746
magniloquentia,0.93058157
paeanus,0.9397979
spondeus,0.96430135
evito,0.9609537
syllo,0.930838
misco,0.9591681
teno,0.944145
incisio,0.9205248
quadrum,0.8515948
hennensius,0.67324007
eitio,0.6166474
syllao,0.9391293
circumscripte,0.67113584
kolo,0.92376983
caesis,0.93532383
athleta,0.97849274
complementum,0.79418886
infercio,0.83699083
uenalicius,0.86815846
aptum,0.5391798
dissolvo,0.91576254
correptus,0.9340151
adulatio,0.975062
affinitas,0.93514717
iniungo,0.9759183
descensus,0.9600786
senatusconsultum,0.9451999
rauenna,0.9642587
senatusconsulo,0.89055073
provincia,0.6701774
favo,0.8742982
editior,0.9542895
arimines,0.9005179
semenstris,0.9597576
parthicus,0.98504066
ariminum,0.958776
arretius,0.8847883
ariminus,0.93076146
auximus,0.9030515
attianus,0.6717387
hiberni,0.4784443
pompeianus,0.7956577
antecursor,0.87417114
domitianus,0.97083527
transductus,0.8353069
pelignus,0.8944797
uniuersum,0.9633235
noricum,0.9523251
trepidanter,0.83482206
consilior,0.9174432
munitissimus,0.94573903
eruptio,0.96415174
confirmor,0.9165995
uiius,0.8555377
canusius,0.8793764
cremona,0.96273214
ueteranus,0.9809041
hadriaticus,0.9551674
uadosus,0.9689514
praeduco,0.93224233
sudis,0.9767463
inaequo,0.7822374
funditor,0.96499217
actuarius,0.924881
brundisini,0.85203576
monosco,0.9606804
circumductum,0.8279172
longinquior,0.822132
sequo,0.91235006
brutius,0.81181645
nactus,0.7914729
contentum,0.926231
contradico,0.93711394
pasdeo,0.8604683
igilius,0.6222631
antiquitus,0.96030384
principes,0.92036366
arelate,0.8390111
trebonius,0.84671354
pyrenaei,0.7576675
petreius,0.91238725
anas,0.9458432
ana,0.80307853
lusitania,0.97956866
scuto,0.919726
aquitani,0.90407413
pabulator,0.9351336
dcccc,0.7849231
cohorte,0.8855146
occultum,0.7279898
editus,0.8710381
antesignanus,0.9854275
invetero,0.8159464
ilerda,0.92818475
praeruptus,0.9806867
decliuis,0.9777813
fabus,0.9451375
sicoris,0.8318933
supporto,0.9038801
frumentor,0.784484
rutenae,0.7037339
carrus,0.9122107
traiico,0.926756
inopinans,0.9691111
ticio,0.93011624
contribuo,0.9385767
tarraconenses,0.9581606
mauritania,0.9257137
difficulter,0.9863933
rapiditas,0.7741258
effectus,0.9553025
circularis,0.8648829
campestr,0.90866745
occupavo,0.9123521
albeo,0.98398113
ualles,0.9821033
circumvor,0.9667395
aperto,0.801502
hiber,0.9701138
aquator,0.8849229
legionarius,0.97574997
provoco,0.9726527
beneficiarius,0.8848173
sagis,0.880857
iurisiuro,0.9090768
pabulatio,0.91618514
portandus,0.9492957
expedita,0.7162532
uall,0.9241153
transgredior,0.9758948
milia,0.90253186
exploror,0.93804795
subsidiarius,0.899046
obsessis,0.94095564
succenseo,0.95067954
missio,0.94191813
secvndvs,0.93109566
adiaceo,0.9720444
rhodanus,0.9879036
perficiendus,0.88602036
praefigo,0.9794087
arelat,0.64482105
captiuae,0.9511735
obsecror,0.7771131
aduersi,0.97158515
triremis,0.94494724
secius,0.9272084
contabulatio,0.85487413
contignatio,0.9126928
laterculum,0.9175277
tegimentum,0.88929355
eminentior,0.9274155
lu,0.635799
storia,0.8334532
bipedalis,0.83115065
latericius,0.920319
capreolus,0.92561555
ordinatim,0.8062195
machinatio,0.8986456
phalanga,0.9541635
delapdo,0.89676094
aversus,0.9621135
contigno,0.80536634
fiduciarius,0.8906695
inflatus,0.8781907
hispalis,0.9523233
clxxx,0.8142527
gisio,0.84058696
colonicus,0.819165
carmus,0.63193107
simulatque,0.9468596
uernaculus,0.96801853
hispalim,0.9508011
provinciae,0.46786177
conflictor,0.81900495
panicum,0.7960823
excubo,0.98638654
promuntorium,0.96710473
remulco,0.90798813
bagrada,0.93893874
restagno,0.8715114
conclamatio,0.84203184
interiego,0.8416662
perpedior,0.9672485
castri,0.65672797
poeniteo,0.9139715
hispaniarum,0.81870097
necubi,0.950282
bucinator,0.8963386
uticenses,0.8591577
praemissus,0.75557303
salina,0.9366139
saburra,0.8420691
prouentus,0.9827808
numida,0.97684526
procucurro,0.9251189
procurror,0.9198056
lenunculus,0.8459251
legaet,0.8486225
saluberrimus,0.9668988
cyclades,0.8764403
gemella,0.8716504
supplementum,0.9598104
thracia,0.98967856
dccc,0.8803675
gallograecia,0.9304069
commagenus,0.8208355
anti,0.56216645
thessali,0.9607334
syriacus,0.9707587
liburnicus,0.9072123
achaicas,0.78124905
expedo,0.8653693
ceraunior,0.8471496
oricus,0.76621026
uespillo,0.9109565
constro,0.8061388
provicio,0.84807813
liburnae,0.8223226
salonus,0.7887257
dalmatae,0.96998364
salo,0.85445476
praesecio,0.81432664
amantinus,0.82449025
epiros,0.94798124
metor,0.9797922
acilium,0.93387234
buthrotum,0.87683135
oppositum,0.6868099
permiso,0.894154
retinio,0.8391695
aulus,0.9676049
inteno,0.9816134
tiburtus,0.939352
gladiatoria,0.8697351
thurinus,0.9070891
cosa,0.87221146
pedius,0.7812897
thurius,0.91110927
quadriremis,0.8625565
incautior,0.97666526
impeto,0.9032458
prohibo,0.945557
nymphaeum,0.7791952
africum,0.8957919
otacilius,0.85221946
otacilium,0.9049245
sentinus,0.7937956
asseruo,0.90343845
ponto,0.5486706
eeo,0.84965587
delao,0.9330309
statiuus,0.95820236
amanus,0.9290452
parthus,0.99209106
columnarium,0.7704148
ostiarius,0.9442705
uectura,0.89197016
exactor,0.96802104
multiplico,0.9854293
longinus,0.8686279
profito,0.9230846
aetoli,0.8718133
viii,0.7978414
alacritas,0.9844314
submergo,0.96443963
aegyptia,0.83982027
submittens,0.9267116
aggresto,0.9788474
perexiguus,0.9454459
circumvallo,0.89395285
percrebesco,0.9712894
latissimus,0.97873557
xxiiii,0.9280148
centonus,0.8146905
circumiectus,0.9753394
legume,0.9850701
maturesco,0.968975
paluster,0.9863341
distino,0.8998306
ambulatorius,0.89610857
fertilissimus,0.8521029
infesto,0.9825924
achilla,0.56556624
ganymedes,0.97365546
limosus,0.96273845
naturaliter,0.9474398
fodiio,0.84151304
dediticius,0.9487841
eurus,0.9937322
secundissimus,0.85121745
restitutur,0.8792198
nauticus,0.9833365
nilius,0.98524946
sumministro,0.9457492
periclitas,0.67839485
pleraeque,0.896082
pharo,0.95840776
circumuehor,0.8952358
transitus,0.9686681
impeditior,0.8772208
detergo,0.948395
subsecuo,0.92222756
eco,0.8373293
biremis,0.9238527
pharus,0.91362226
artior,0.9418153
excursus,0.9808872
felicior,0.98362166
adnato,0.95559096
quandocumque,0.959022
taedium,0.9876576
adfirmans,0.9828499
canopus,0.98371047
nero,0.98331136
perforo,0.9878047
arcessendus,0.90546083
achillas,0.9370115
pelusio,0.8426372
delta,0.9122318
diuersissimus,0.9550149
mithridate,0.9286152
celerior,0.91079104
editissimus,0.8761278
decucurro,0.8921608
discurro,0.9935661
armenia,0.98553807
pharnaceus,0.9080973
pharnaces,0.89953935
xxxvi,0.84649056
tumultuarius,0.9616325
comana,0.7834961
comanus,0.79967356
nicopolis,0.9604168
transeundus,0.9123274
paganus,0.92719287
praesentus,0.907214
cornificus,0.92399967
castellanus,0.83727914
decursio,0.88611877
salona,0.9011746
praeparatio,0.8924236
octauianus,0.922349
octaviana,0.58084977
remigo,0.9550022
vulnero,0.94109786
myoparo,0.7946753
issus,0.79226357
obtino,0.9142325
vulneraior,0.80903614
exsolvio,0.8928708
simultatis,0.86936486
euidens,0.98402345
numidia,0.96463674
pugio,0.96606845
salvianus,0.885095
uernacula,0.8786505
longinum,0.8425391
carmo,0.7697472
cordubensis,0.93207407
baetim,0.8335518
proconsul,0.9326532
ule,0.58772457
chlausus,0.6531823
exterior,0.95450026
dirempo,0.9181097
malaca,0.657197
inutiliter,0.9423011
pharnace,0.8911747
mazaca,0.8863124
uetustissimus,0.97959584
bithynos,0.8708179
cappadocus,0.9718102
ariobarzani,0.89592814
ariarathus,0.90633625
ariarathe,0.9221232
gallograecie,0.83784497
adue,0.81859624
uirilitas,0.95519495
zelo,0.69615376
circumposo,0.8514247
interciso,0.77434164
uicies,0.9594358
coartatio,0.7863021
trepidatio,0.97632426
falcatus,0.9779876
pharnacus,0.86900204
gallograeci,0.83393776
adsecuo,0.8307619
hesiodus,0.95901805
intemperanter,0.9537096
morio,0.96335864
cocytus,0.9758768
demosthenens,0.91525745
pugnantia,0.7917469
capena,0.8750462
axioma,0.8749888
epicharmus,0.92004824
epicharmius,0.89324933
zenonus,0.86273396
separabilis,0.79309654
motio,0.9110155
inus,0.8983221
erueo,0.9466115
iuuandus,0.9521929
avernus,0.9020089
k,0.9543308
subuolo,0.920593
spirabilis,0.9253838
uegeto,0.9706293
indiuiduus,0.9554759
concalesco,0.91399705
caliginosus,0.74525845
insatiabilis,0.9890311
circumfudo,0.9638601
intersaeptus,0.8854971
laetabilis,0.90929925
meno,0.8483186
dimensio,0.9710859
quadratum,0.81240714
cinea,0.9421784
capacitas,0.90906143
supus,0.6970656
ganymedenus,0.8315945
flabilis,0.8354204
concretio,0.7520013
potesneo,0.7913757
sagacitas,0.9563217
physica,0.8938632
secretio,0.7089379
deuius,0.9912766
pat,0.7217547
cygnum,0.81045616
revero,0.84558475
catervae,0.8367437
melancholicus,0.86764556
callimachius,0.9179303
theombrotus,0.8019633
inedia,0.9614378
flebiliter,0.96229607
defletus,0.76213205
urguo,0.93184936
gemines,0.84629285
canna,0.9553753
hippocentaurum,0.85076517
not,0.5831152
endymio,0.96224785
anilis,0.96831906
hypanimus,0.81026816
bestiola,0.9094543
inpono,0.9064877
desiderandus,0.8659481
miserabiliter,0.943177
aeacus,0.97999674
triptolemus,0.96300745
peregrinatio,0.98153293
orpheus,0.9886756
palamedes,0.9490259
xlii,0.8454902
cyrenaeus,0.9158961
humatio,0.8806486
sentiendus,0.8398955
semesus,0.917295
septenarius,0.9660349
hyrcania,0.9720179
leuctra,0.88990283
laconae,0.9342127
diagoras,0.88574266
diagora,0.85895014
perungo,0.9733495
trophonius,0.9427358
delphae,0.9824103
cresphons,0.8617109
elysius,0.96051
oppeteo,0.8879538
erechtheum,0.9074726
codr,0.7733266
harmodius,0.9243443
contiono,0.8002266
extinctio,0.7452325
obdormisco,0.89058936
reflao,0.8879276
percepio,0.72191274
neoptolemi,0.9239637
uituperator,0.7875942
frugiferus,0.95827544
persuaso,0.8217846
phalaris,0.95301515
trachinius,0.83560085
deianira,0.93035495
illigo,0.9704024
caelestum,0.9386931
intoleranter,0.8954496
uidesno,0.7428904
invenueo,0.84591436
sepeliendus,0.92209345
functio,0.8537769
iuveni,0.8882153
caestus,0.9646721
uisio,0.9587436
toleranter,0.8454536
adfectio,0.9696194
utendum,0.88286495
podagra,0.9429396
forticulum,0.7288387
muliebriter,0.96319056
feror,0.7214812
anaxarchus,0.9567194
serviliter,0.8411244
emissio,0.8862229
turpius,0.9331174
exardesco,0.953083
ingemeo,0.9198114
cleanthes,0.98248106
amphiara,0.8423593
posidonius,0.9661976
equitor,0.89399225
exaggeratio,0.8866955
despiciendus,0.93130827
uenditatio,0.79514027
inmaneo,0.97349834
celtiberius,0.940493
ario,0.9362806
methymnaeus,0.8681515
inhaeresco,0.8470748
inanitas,0.9650438
aegrotatio,0.91078925
sanatio,0.9118657
adsentans,0.90580326
exequor,0.98988557
nequicquam,0.9320823
inuidentia,0.7861891
invidentia,0.9014934
callistheni,0.71221006
callisthe,0.830949
contortius,0.76132596
pac,0.7293254
detestabilis,0.98315346
pronepos,0.9484029
xanthippe,0.9518527
auocatio,0.79041326
fruiio,0.73038
zenones,0.93175626
telamo,0.97238874
ebullio,0.9202908
fiammo,0.76259214
deformatio,0.7667195
euphorio,0.89765775
titillo,0.91251016
plausibilis,0.82628036
karthaginiensee,0.931254
parietina,0.83382475
inhonoro,0.938598
evertio,0.86587054
evinio,0.8213776
ph,0.34560484
accianus,0.84250546
caluitium,0.93535835
inso,0.85836375
bellerophons,0.9108256
nioba,0.89319795
autus,0.7382618
abicor,0.956461
gloriosissimus,0.8828591
ceruis,0.88546425
aiaci,0.93643504
consolator,0.9422602
opinabilis,0.93598145
artemisia,0.9554579
mausulus,0.8847826
halicarnasi,0.86802864
alcibiadi,0.93585837
chrysippius,0.8981965
accomodo,0.865893
prauior,0.77894187
inuitatio,0.9277004
eligende,0.7424366
excellentia,0.9493302
pythagoreorus,0.90565515
epistola,0.95341134
adstrico,0.9209015
statimnis,0.806413
participe,0.78085274
adpetitus,0.94606674
opinatio,0.95609355
conturbatio,0.8458588
indigentia,0.96025175
adpropinquans,0.981682
existens,0.8667282
matus,0.6173606
mido,0.6266302
inhospitalitas,0.82651174
pervicacium,0.9626084
uinulentia,0.8132459
anxietas,0.9491787
ebrietas,0.9865031
malivolus,0.9463669
livido,0.8622703
proclivitas,0.8539756
corruptio,0.8735525
uitiositas,0.9131111
concordo,0.9741519
aspernatio,0.9002265
hebetis,0.801497
aerugino,0.8516564
logika,0.85638314
scrupulosus,0.9678431
enauigo,0.90728617
tranquillaus,0.91141564
deformius,0.71189713
pervolgo,0.87273383
sitienter,0.7572568
invexo,0.7744012
pestifera,0.79723155
extirpo,0.949347
lentitudo,0.879724
castigatio,0.9709174
infico,0.88103426
arruns,0.91086864
marathonius,0.9093252
stoicor,0.8456143
bellatrix,0.9771142
quidlibet,0.8865812
placatio,0.85095495
receo,0.79513395
potiundo,0.83700436
laetitio,0.643149
poo,0.67800826
alcaeus,0.92222005
anacreons,0.78970206
reginus,0.69823146
ibycus,0.9080937
suspirium,0.99256045
uentius,0.7903569
aliundus,0.7877188
mutabilitas,0.8130932
zopyrus,0.887933
proclivus,0.92445135
stirpitus,0.7902391
uenientia,0.87614506
heroicus,0.90583146
atlans,0.9692302
contemplatio,0.9630282
leons,0.6853173
leontes,0.75153524
archelaumus,0.87676394
laudabiliter,0.86126024
vivo,0.81603277
adspiro,0.9694575
potatus,0.9034508
efero,0.89198375
affluenter,0.8540265
contenio,0.9074813
deuersor,0.9677747
ver,0.85453266
conuenienter,0.957059
antisthenes,0.91170317
interveneo,0.91201454
ualitudo,0.9864232
citieus,0.84271395
perdicca,0.98728055
archelaus,0.9701378
suspensum,0.96163696
augusto,0.8999996
soliuagus,0.77402705
rudeo,0.9177253
inexpugnabilis,0.9878446
uacuitas,0.82982534
erectus,0.97879446
robus,0.9815091
candidulus,0.84850055
praedicabilis,0.8345056
fato,0.9427177
syracusani,0.9635092
tondo,0.9597038
cubicularis,0.8819159
ponticulus,0.91331923
suggestum,0.91042703
stragulus,0.9811919
abacus,0.90122825
inprovidus,0.9617446
detestabilior,0.924569
syracusanae,0.95675695
dumetum,0.9510924
dumus,0.983537
cylindrum,0.84198153
sollertius,0.9656221
suavis,0.65241134
indagatio,0.89097786
uiola,0.987386
constitueo,0.80177927
balbuttio,0.84276515
laniatus,0.93677115
vastus,0.72251874
hiemalis,0.96346176
dilexo,0.7289437
faeles,0.90692616
corcodillus,0.8725358
lustratio,0.9210743
retractatio,0.92087054
defensaa,0.63835627
diodor,0.82708514
scythes,0.8654262
anacharsis,0.93465537
nostraet,0.6365241
scythicus,0.9890641
tegime,0.9557204
cenula,0.9563607
aprico,0.7999455
compensatio,0.81962276
praeterfluo,0.9669646
darius,0.97558606
sardanapallus,0.97193325
leuiculus,0.7597101
verus,0.69159704
exsuperantia,0.810905
infinitas,0.85965216
arcesilas,0.9501352
mundanus,0.8324879
pucer,0.71725196
extremitas,0.9738208
expingo,0.87227255
surditas,0.7756953
defugiendus,0.78969544
cumanum,0.8833277
percunctor,0.909636
effectio,0.73137367
quanam,0.8905897
recentissimus,0.9409381
fillus,0.7177329
lycium,0.82441556
dicibo,0.77624035
appetitio,0.9273601
qualitas,0.96040606
multiformis,0.9575807
uerta,0.8863235
usitatior,0.9124094
tritus,0.85927105
att,0.7318409
inuestigatio,0.96734184
condolesco,0.7636699
nu,0.81327325
adumlo,0.731434
nominandus,0.9533334
inquisitor,0.9282286
sere,0.85748273
emendatio,0.9577966
impietas,0.9815461
impulo,0.9178765
penatis,0.9492135
credibiliter,0.9290403
suspitio,0.82605755
festive,0.9076885
constitutus,0.8854195
pudicitius,0.96532273
commilito,0.9875674
hiera,0.7500504
antigonus,0.98511887
dorylaus,0.7584562
hieras,0.73793125
medeo,0.917892
pacuviium,0.90316296
inertissimus,0.84301466
antipatr,0.9598952
tarentini,0.9772614
consentinus,0.85771745
deterius,0.92505455
chaer,0.66539526
ligio,0.6894094
salutor,0.86517894
soliditas,0.9215333
ocurro,0.8688714
deorsus,0.82139456
copulatio,0.94396794
atomium,0.80846584
adoptio,0.9663885
emancipo,0.96133494
alienaor,0.7135985
detrao,0.72960156
priuatio,0.9377536
detractio,0.9463904
successio,0.868942
porrengo,0.9110843
cyrenaici,0.879216
illabor,0.98262197
desiderabilis,0.90855527
successo,0.8668652
monstruosus,0.9593493
pariendus,0.93945956
illustrior,0.9108782
tranquill,0.5806712
iuvaro,0.9340163
ineruditus,0.9635402
lusus,0.98644483
patefactio,0.7253158
trabeo,0.8960241
sublatio,0.834826
luculenter,0.75642455
dulciter,0.91988575
prosperitas,0.97434425
epicurea,0.78562355
uenatio,0.9844287
cruditas,0.96626735
situlus,0.7881952
palatus,0.8486864
lapathus,0.9433483
absurdis,0.89085865
commemorao,0.70368284
sollicisco,0.97163427
caius,0.889207
calculus,0.9806632
adolescentulus,0.7472664
ap.,0.98299706
merearo,0.7311059
pylades,0.9774003
recentior,0.94837356
pretiosissimus,0.9601308
uesicus,0.7981213
epaminondus,0.85412186
epicura,0.7775462
reuersio,0.9443101
edideo,0.9485521
retfero,0.94077873
pertinacissimus,0.9225409
quieque,0.9082732
indulgenter,0.91815305
educandus,0.9325528
peragratio,0.84683955
superor,0.6867714
hymettus,0.95449466
caus,0.8772529
perfudo,0.94159734
agesilai,0.88908595
eiuro,0.8501946
imponendus,0.7825609
geometer,0.9191569
arripo,0.9313295
resido,0.9701913
ephippium,0.78731483
inminutus,0.9536363
adsciscendus,0.8655329
inveno,0.92790866
uersicolor,0.966283
j,0.6257632
inaestimabilis,0.9669851
conuenientia,0.9533774
conlinio,0.7891736
gloriatio,0.8229252
negare,0.55597144
recter,0.7654042
crescendus,0.9606792
uituperabilis,0.8165746
dialectica,0.78117967
stilla,0.94054645
oportunitas,0.9583816
ko,0.8965705
conveniens,0.7260188
praepositus,0.8620554
indifferens,0.9514897
communitas,0.94287676
uitula,0.96942645
servao,0.76303977
negleco,0.9460533
euphrates,0.9893166
dilo,0.94059134
aggredor,0.86541396
conseruatrix,0.89063543
procreator,0.8031831
descivo,0.8653106
perversus,0.89209294
imponens,0.88067585
exiguitas,0.9374833
obscuratio,0.77794653
taleor,0.9507314
habsolbeo,0.9173192
mellus,0.6546348
sorites,0.8140174
poenulus,0.7005199
optinens,0.95295817
bar,0.49451435
illustrus,0.92302585
deo,0.91926193
hostilia,0.75432426
phaedros,0.8485192
metapontum,0.9525372
audistina,0.74206245
quaena,0.8104936
occultissimus,0.86531794
appeteo,0.64630866
cius,0.85549206
defensa,0.8943251
inte,0.72508216
pra,0.7735091
tegumentum,0.95681673
compactio,0.8189473
bome,0.7943405
adminiculo,0.85676396
uinitor,0.9493046
expletio,0.7288877
adscendo,0.9525944
curiosior,0.9702699
germe,0.981675
ual,0.66141486
tudi,0.47639668
inno,0.9524871
sirenum,0.9253148
finco,0.9460648
irretio,0.8687601
levamentum,0.8783757
teneritas,0.8864025
dieio,0.59268475
apparens,0.9495264
confirmao,0.8802918
comprobatio,0.8348005
codrus,0.9608341
aristis,0.64378524
ecquando,0.9419551
ingenitus,0.9632946
descensio,0.89642864
constiti,0.9201842
contraxeo,0.8587887
geo,0.7140107
polycratis,0.8252392
pertinacus,0.90851545
concupo,0.80308914
percunctatio,0.91041917
corporatus,0.7144948
uniuersitas,0.9713344
molitio,0.9638359
cerneo,0.6920826
inordinatus,0.9402148
cuiusnus,0.7447274
tractabilis,0.9719002
analogia,0.94488555
conligatus,0.8382963
lacunosus,0.82179797
consumptus,0.7215925
consumptio,0.77902377
ingredio,0.9655241
diuiduus,0.9858396
interieco,0.8603052
individuus,0.86520255
dividuus,0.7251814
triplus,0.9346668
deseco,0.97356904
medietas,0.8578735
conligatio,0.9038638
sesqueoctauus,0.85569155
particularis,0.7020202
moto,0.9315785
medianus,0.84111893
interius,0.9141691
circumvectio,0.8921006
conluceo,0.93761957
circumio,0.8509141
pinnigeer,0.7759241
aquatilis,0.93055546
animatio,0.8237755
rotundo,0.919829
praefo,0.8707366
generator,0.91893935
indissolubilis,0.8635968
neutiquam,0.9201416
saior,0.81632644
permixtio,0.9033933
abscessio,0.7527449
pulcherrime,0.90651816
paruitas,0.8978148
inmersus,0.89516973
laeuis,0.9566494
ministerium,0.9581295
topicus,0.92952174
flagitatio,0.79748756
admonitor,0.8366776
pervestigo,0.7844105
coniugatio,0.92112136
fornico,0.6989616
traditio,0.91630137
cessio,0.89620674
umerium,0.9461967
enodatio,0.782089
praetermissio,0.7538347
meditullium,0.8142586
acceptio,0.8912989
arco,0.99243677
annexus,0.5895814
ny,0.43957168
adiuvao,0.8035432
aiacus,0.95887506
latenter,0.81013346
coniugatus,0.7469655
pausanias,0.9681583
palames,0.90573686
praesensio,0.8967578
assentator,0.88387686
eita,0.714069
partita,0.7347615
decipo,0.8336097
uolsci,0.97773606
percusseo,0.8173696
celtiberi,0.9288682
foedifragus,0.7434136
uulpecula,0.9401502
ferventus,0.90715927
considerate,0.92400545
proprior,0.8180539
colligatio,0.84261286
amabiliter,0.80256665
copulatus,0.88590485
ratiocinator,0.7415625
excellenter,0.79183376
maratho,0.97012895
plataeae,0.91123474
impedeo,0.81692994
lysander,0.9667959
parentus,0.5468816
exsequendus,0.964656
inbellis,0.984586
promptior,0.97693896
invens,0.67231226
placabilitas,0.77742714
morositas,0.9162926
gyrus,0.9419729
antegredior,0.93753767
reuerentia,0.98856807
euagor,0.96935207
contrahendus,0.9236878
illiberalis,0.89577746
referio,0.65033066
fruo,0.8636427
circe,0.9498529
calypso,0.9687502
affabilis,0.9458848
medum,0.86370885
melanippa,0.8283532
privao,0.6947646
formositas,0.76077855
accubitio,0.8180026
effeminatus,0.95389706
sale,0.7446747
admittendus,0.9184183
laxitas,0.9330524
convenio,0.88856745
feco,0.91670924
fenerator,0.9581046
talarius,0.9188874
impertiens,0.8549211
magnanimitas,0.95040226
intelligentia,0.7755097
retulo,0.7589689
occuro,0.77933323
agricultura,0.89760387
deriuatio,0.9307054
inrigatio,0.8594745
salutar,0.96268904
collecio,0.9499469
inquinatissimus,0.91150135
tyrannum,0.92398596
timefactus,0.7962476
conpunctus,0.7848347
demetrium,0.96608603
refugium,0.90964335
amissus,0.9447198
accommodao,0.7466092
invisus,0.9215813
solitarius,0.9627818
illyrius,0.95952773
medos,0.97504824
flosculum,0.80069953
equitandus,0.82189775
mucies,0.6701155
adfabilitas,0.83977866
cassandrus,0.9605733
antigo,0.9095937
sulpiciius,0.90841717
facilus,0.8085245
lautis,0.7787688
profuerum,0.79521227
exercitatior,0.8650663
promero,0.8805975
expector,0.9640796
relicor,0.7012471
apparitio,0.7478713
mamercos,0.9120047
restrigo,0.778311
confinius,0.9871799
hospitalitas,0.92215693
cimones,0.80925745
honestis,0.8404509
octauii,0.857115
pontius,0.95518273
expilatio,0.71213657
possessus,0.8948463
agis,0.7895448
divello,0.9117875
oeconomicus,0.6517737
circumsono,0.95647895
cohorto,0.8232565
exsolvito,0.8770967
coa,0.86987853
detraxo,0.8256589
excelsitas,0.79516184
detraxeo,0.8298202
adminiculum,0.978689
sicus,0.73258543
collatinus,0.97554207
supplanto,0.9027222
damo,0.8780395
aegina,0.9234497
antipatro,0.8894013
ruinosus,0.9309267
execratio,0.97673064
praestor,0.89991546
evo,0.6555904
otio,0.69366926
cumbars,0.81817925
pythus,0.7092737
aquatio,0.92500937
pythium,0.83989155
simulatum,0.76408494
aquilianus,0.8183067
centumalus,0.940868
testamentarium,0.8104124
basil,0.7335573
honestae,0.7312701
quaesiti,0.9192861
pervido,0.7456844
fraudium,0.8010328
gygi,0.79304856
eteocles,0.8983621
excepeo,0.7695622
conuitium,0.9263323
sibo,0.7223655
debeatne,0.75625175
pactus,0.97644436
hdeposeo,0.7862272
deposueo,0.82173795
xanthippo,0.92023987
hamilcar,0.99049973
censuio,0.6789665
subio,0.922961
periuro,0.9256357
ueturius,0.9650166
caudium,0.9339155
numicus,0.85221636
anienes,0.9183285
torque,0.9129874
ueseris,0.9081253
dissoluio,0.8034147
famulatus,0.9468726
decessus,0.90945715
opportuna,0.72033066
praeluceo,0.9727056
euidenter,0.9688449
spo,0.81626135
proveceo,0.94119436
derelico,0.8405898
papus,0.79693455
themistocl,0.8229733
imbellis,0.9814989
exstirpo,0.94313204
redamo,0.8785331
fractus,0.6643268
emendao,0.9091138
assentor,0.836851
inventus,0.75786626
ueterrimus,0.9319643
intracto,0.82366014
levo,0.9066311
adiuveo,0.8159149
intempero,0.74945664
lycomedes,0.92536354
dissuo,0.92369276
exarseo,0.7561493
deposio,0.8983155
oppresdo,0.8148358
nor,0.8667023
adnitor,0.973563
elevo,0.89940375
monitio,0.94165814
repugnanter,0.7924045
allecto,0.98341095
illudo,0.9490864
convenientia,0.8867229
rusticatio,0.69565463
tithonus,0.95512843
octingentesimus,0.9611138
octogesimum,0.9159495
acno,0.815207
cincia,0.6184262
octogesimus,0.9783424
nonagesimus,0.9638088
undeuicesimus,0.89912015
uoconiam,0.83331907
septuaginta,0.95806634
curium,0.87402767
nauigandus,0.8819891
centesimus,0.93512
serendus,0.9556254
adveni,0.6710705
iuve,0.9765773
tempestiuitas,0.8291054
desudo,0.9642622
nearchus,0.92259365
insomnia,0.8944162
funalis,0.97219163
liocentia,0.93187296
epularis,0.8095959
symposium,0.90900195
refrigeratio,0.8402854
titillatio,0.8741903
profugus,0.99108267
ania,0.58056295
occatio,0.7308725
tepefactum,0.82702637
herbesco,0.75507784
adulesco,0.8715965
culmus,0.98781484
geniculatus,0.81489146
clauicula,0.85658145
silvesco,0.7908668
dulcesco,0.82447183
capet,0.9633605
iugatio,0.8244434
amputatio,0.8778087
immissio,0.9361197
fossio,0.83307076
repastinatio,0.84202456
fecundis,0.9498395
loquacus,0.8557841
poterat,0.81564033
cultio,0.7993243
superuacaneus,0.943599
consaeptum,0.8139488
quincunx,0.934136
sao,0.9117544
honorabilis,0.85739523
honoratus,0.9460443
iraco,0.794883
dulcior,0.954429
tartessius,0.8784473
destruo,0.9632195
conglutinatio,0.82283896
aminus,0.7580651
admixtio,0.8577449
assyrius,0.9651185
planitia,0.94925797
observito,0.8855425
aeolia,0.97932756
dodonaeus,0.9686209
xenophanes,0.8504983
balbutio,0.85550845
ge,0.5086117
praeverto,0.8944086
fulgus,0.71677035
boethus,0.7948606
ranunculus,0.8795552
uranium,0.77226424
iaco,0.88232607
paniscus,0.8418063
achivor,0.7509645
cilices,0.8183106
solistimus,0.91293883
xvi,0.80165434
achivus,0.9535986
obnuntiatio,0.90116656
ateius,0.9551685
ateus,0.7797291
lituus,0.98524153
incuruus,0.9775106
nouacula,0.9652809
impositum,0.7675022
inauspicatus,0.8944551
pomerium,0.9857676
erythrea,0.7907467
utar,0.7455459
mugitus,0.9889374
caucaso,0.9177245
gravido,0.8802555
persica,0.95841175
septuagesimus,0.9715606
excesso,0.93864316
olympiades,0.8887317
bucula,0.95643437
silenius,0.80150336
saguntum,0.96427524
circumplico,0.91839886
deletus,0.8692199
eudemus,0.55554664
convalo,0.7142241
gelliium,0.7534898
lecticula,0.9245683
arcades,0.964628
sallustius,0.9668893
politia,0.7348504
taetris,0.74779844
adfluo,0.96797144
uegetus,0.97323924
ld,0.62138516
praesagatio,0.87030756
hesis,0.7853358
respectus,0.9813041
seiugo,0.7642644
poso,0.9216708
fulguralis,0.73209524
ritualis,0.7913996
ualvae,0.93095624
lebadia,0.9250995
boeotii,0.8520877
silius,0.872053
paollux,0.9446002
molossus,0.98043984
auspicor,0.97664225
hastas,0.94576406
concisus,0.8987131
dormieo,0.8326607
plutonium,0.76359916
disparilis,0.88603365
adspiratio,0.9556836
brennus,0.97865814
phreneticus,0.9407336
amphiaraus,0.9566581
amphiaraum,0.9415343
helenus,0.96146864
aedui,0.8536659
percepo,0.7372267
telmessus,0.93242115
elis,0.77802336
haruspicinus,0.82259303
pisidia,0.953673
adsessor,0.8049253
dodona,0.95696306
pasiphaae,0.9419197
privernatus,0.9005849
nibil,0.45121258
derosus,0.7358265
ueientes,0.9803144
fiteor,0.93629456
transfuga,0.9861613
deuexus,0.9905267
moneta,0.94022
praerogatiua,0.9444493
subrigo,0.9478414
pastoralis,0.9792762
aventinum,0.9544065
ces,0.77781314
anaximander,0.8265565
inclitus,0.98808205
explanator,0.8430824
immolatio,0.9160079
osce,0.9230337
contro,0.71332693
biceps,0.94830114
delium,0.933849
lacheo,0.70068496
relinquor,0.89228487
rudens,0.9475068
ceus,0.82141495
nosus,0.7671099
perlucidus,0.98230755
babeo,0.7507336
sortilegus,0.8934557
isiaci,0.87564385
satisfactum,0.8928583
rco,0.7981733
substituo,0.9541116
coeptum,0.9760706
previsio,0.7022635
fataliter,0.9329716
uertio,0.88052714
sarpedo,0.9550039
tempor,0.6390648
puleius,0.97086036
inspergo,0.9527631
perflabilis,0.9083209
cyclopa,0.9143728
emiseo,0.88203526
praxiteles,0.9619388
hippocentaurus,0.8272375
prolor,0.844274
miratio,0.7121904
tages,0.88423264
prusia,0.9834555
caruncula,0.8214277
callisthena,0.80637634
mitifico,0.8705953
credeo,0.92672575
adlapsus,0.93789107
inconsideror,0.8055149
corrodo,0.92050856
portentosus,0.92608964
sanguineus,0.98680186
mensus,0.90641403
nundinor,0.95848227
delphus,0.8848423
pollucus,0.9812889
aius,0.8827574
contumaciter,0.96668625
cannensis,0.957392
quinquiens,0.9609046
iuges,0.70685613
aemilia,0.9466398
carica,0.95648265
caunus,0.9056682
sternumentum,0.87164253
praenestini,0.919394
insculpo,0.96525353
anchialus,0.8952423
scylax,0.83116174
natalicius,0.9383206
triangulus,0.9399534
eurysthenes,0.8751121
serenitas,0.88348943
parumne,0.8423168
resego,0.8292259
omnesne,0.8108274
moreo,0.9487418
uidesne,0.91018796
evaso,0.8842871
diuinum,0.7959549
ennianus,0.8931638
effuto,0.8081006
flexiloquus,0.8412965
amphibolis,0.8253573
adflatus,0.9351821
fanaticus,0.9663923
iaculans,0.9187256
praecipuum,0.77624226
aesculapius,0.9806808
serapi,0.8990308
grabatus,0.93535304
terrigenam,0.8834448
citharista,0.93533856
fascea,0.84155864
ovum,0.92090535
megaris,0.87158376
maeus,0.7517674
pervulgao,0.79657173
supeo,0.96843076
medicius,0.89709806
inc,0.3570047
fulso,0.9585554
moralis,0.9410295
enuntiatio,0.9553261
puteolanum,0.80625856
hirtius,0.8085314
interventor,0.60940146
naufrago,0.9873474
capulus,0.9495491
nemeaus,0.8567536
principalis,0.9576242
edomita,0.7633236
oriens,0.9772983
caniculum,0.81906784
efficientia,0.66540134
archo,0.878759
individuum,0.73239297
eveno,0.7797865
enuntiao,0.77328616
concubeo,0.8712759
artiter,0.89204776
genueo,0.751505
grassator,0.9712444
voluo,0.9162884
conexio,0.9153798
inuicem,0.9851416
macr,0.6490772
lilybaeum,0.96330976
incolus,0.9768123
allienus,0.8289719
dispersa,0.8037522
hadrumetus,0.85950136
conuulnero,0.97265404
leptis,0.9466937
mediterraneus,0.96554863
cercina,0.91968703
antecessor,0.88239276
galearis,0.8393544
caesarianus,0.94489694
condensus,0.9459046
iulianus,0.8883631
interceptus,0.88987803
pridus,0.622725
alterus,0.7032497
subporto,0.83835167
elatus,0.94723874
balearis,0.8747357
bocchus,0.9454349
gaetulus,0.9451997
interfcio,0.9353906
pabulando,0.68251914
prospeculo,0.79139745
conno,0.8353628
tirocinium,0.97396076
gaetulius,0.92182595
catervatim,0.9133216
gaetuli,0.9414307
praealtus,0.9578813
trieris,0.84229785
adquiseo,0.934473
tentorium,0.9756236
speciosissimus,0.9354266
adversarius,0.6754634
decusso,0.94241416
avienus,0.6587718
praetergredior,0.9554362
explicor,0.8573992
viiini,0.73196065
xxviiii,0.7863035
gaetulor,0.8358089
aggar,0.82135755
gaetula,0.9684755
zeta,0.8524257
coempo,0.6890075
loricatus,0.9695548
elephans,0.95555276
praepilo,0.84709865
april,0.99989986
lixa,0.9446127
incepo,0.88683105
sublatus,0.90803075
apr,0.91383696
asprenata,0.84369206
ignaviter,0.8228372
tubice,0.968518
perterrita,0.7360294
refeco,0.93045187
iulia,0.917173
pyra,0.9804812
saburras,0.6783054
hippo,0.90828836
regium,0.94697917
sallustium,0.88197714
hadrumetinus,0.7699947
iuuero,0.7147262
caralis,0.94040257
depostulo,0.7124437
vigilis,0.9417045
loricor,0.866432
coagulo,0.9274187
carrum,0.75129807
grumus,0.83735514
postumiana,0.85925835
fundanius,0.8544631
disteo,0.87870836
valgius,0.8860134
praeposo,0.9003753
iugulatio,0.8471842
innotesco,0.9488311
lapido,0.92267245
discinco,0.8752589
interitio,0.8595982
caelatus,0.8697251
prout,0.96998423
mart,0.99997747
carruca,0.9337294
uoraginosus,0.9412948
patrocino,0.9420566
auxiliar,0.9331611
intermisceo,0.95946133
fugatus,0.9325924
clxx,0.72001654
nardus,0.9748744
sextum,0.8275086
manumidior,0.8891581
denuus,0.7465147
fugitivus,0.8677776
preco,0.9555491
pompeianarum,0.90568423
lucrifico,0.6155546
imparo,0.8112556
talo,0.91520923
exesus,0.8358401
aprilis,0.9518803
nandus,0.94489986
largeo,0.8092967
deso,0.9464723
ueterani,0.83011913
transmissio,0.74460846
leucopetra,0.8661413
uelias,0.85231185
corus,0.9120096
alauda,0.8592544
negligo,0.92141014
illuxo,0.9382699
apollinarius,0.93568605
indixo,0.91864765
impuritas,0.8646252
numisio,0.598825
cohaerentia,0.9291629
mima,0.96029425
diiunco,0.8505932
edormio,0.83270407
homicida,0.97497195
apollinares,0.886666
aspexo,0.7043871
flagitiosissimus,0.864476
paphos,0.9664274
compotus,0.7706661
quattuordecim,0.98492205
emancipatus,0.74859744
denticulus,0.7760294
celebratissimus,0.83206415
essedum,0.96235013
laureo,0.820413
volumnia,0.7237266
hippia,0.9230244
verto,0.8441033
esculentus,0.9541563
terribilus,0.9099415
charybdi,0.8972384
aleatorius,0.82459086
conlisus,0.9383819
conuomo,0.83591783
lacerna,0.9674054
cauponula,0.99879646
catamitus,0.8630626
interverto,0.8138083
nuntiatio,0.86812615
quisquamnes,0.92811507
adparitor,0.7913188
septio,0.81593883
mira,0.9146831
gynaecium,0.85052377
institor,0.970412
pudicissimus,0.8699097
territorium,0.9478389
perbacchor,0.76464367
meritorius,0.9455041
aquinum,0.88355803
obsolefio,0.85491675
concuto,0.95179784
ualvus,0.65656334
congiarium,0.9493643
auida,0.87136936
oportunior,0.94158864
aricinus,0.8777364
atinia,0.8857614
tacueo,0.8650812
sententiola,0.8838144
uespertinus,0.98040783
conservator,0.7953509
transtuleo,0.87001365
myrmillo,0.9139967
adpellatus,0.9144857
detesto,0.86646956
exoptatus,0.8863214
cipio,0.89926946
didium,0.8324107
insinuao,0.6239438
cyda,0.77105486
quaeseo,0.9241383
tiburtinus,0.9182831
septemuir,0.75631315
mutina,0.9198356
hostiliter,0.9801805
saguntius,0.8987578
compararo,0.7706824
corvinus,0.88234967
martia,0.90752935
adsensurus,0.8560794
accersio,0.93121433
inrupero,0.8166894
tracior,0.8904884
uastaio,0.8488334
contempso,0.9191621
rubico,0.7822653
procrastinatio,0.84363586
tibur,0.9378131
adsensis,0.8047876
providus,0.74805284
devoluo,0.85730404
involutus,0.8762418
pollicendus,0.82693243
admovero,0.74121773
removo,0.8144833
absurditer,0.74712616
ccommiserit,0.8368865
conservao,0.76878726
induciae,0.90417105
princis,0.74613464
lacertosus,0.90576303
lars,0.713925
tolumnius,0.9323915
otto,0.43724307
prohibio,0.8140824
decrevo,0.7756237
esquilinus,0.80541646
apollinaris,0.9345456
transpadani,0.8004157
recuperatio,0.8021817
allao,0.7253874
invisito,0.8341212
uiolata,0.9125171
cruciaueo,0.7435024
uopiscus,0.94091177
trebellio,0.80668336
achaicus,0.95599395
sertorianus,0.88291395
adveno,0.9008957
bassus,0.8845812
deceptus,0.92265534
inmunitas,0.8871416
luculentum,0.6783326
antonianus,0.8199751
discrimino,0.957912
uentidius,0.9563056
terminalis,0.9277197
supo,0.9434569
ualentissimus,0.9094721
exurgo,0.97313607
congretto,0.89989054
quina,0.8633679
decima,0.8172806
munatio,0.4955643
barbatius,0.8417741
mela,0.9439144
rat,0.72647864
aco,0.74464285
uituperandum,0.7621683
lupercalis,0.9539788
tiburus,0.7553524
ingemisco,0.9695331
philadelphus,0.92579365
gallius,0.802524
corycus,0.95343554
asinius,0.969985
conscripio,0.8938786
marullus,0.88491464
iuver,0.59694076
placetne,0.6267122
ingratissimus,0.85017717
piissimus,0.93297386
uentidus,0.8084004
oreens,0.9367368
madefao,0.76601535
parma,0.98642486
decempeda,0.94466406
gravius,0.6808552
reduxo,0.7337783
parilia,0.86108017
devico,0.945349
effrenate,0.8802599
straio,0.96890193
pulcherrimum,0.77168965
extructio,0.89340293
occ,0.66695464
carptim,0.9577515
inedius,0.9031112
dissimulator,0.85143816
aborigines,0.9583559
coalo,0.66532683
insolesco,0.9437025
suspectior,0.92015296
memorare,0.6974222
fudeo,0.9616602
subverto,0.9023104
ignavissimus,0.75915563
propatulus,0.9264915
antecapio,0.8190974
profuse,0.85555625
convico,0.9143367
merco,0.9623857
signator,0.8860854
torpesco,0.97122186
interrogor,0.5681567
nequivo,0.8880371
annitor,0.8673364
extruendus,0.95800817
permixtus,0.89762586
suamet,0.8597579
psallo,0.90230846
decreveo,0.87469375
plautia,0.89665353
inquilinus,0.9710343
misertus,0.91077316
noviter,0.9421382
arretinus,0.9184152
gregarius,0.9523371
proscriptus,0.9370828
postestas,0.71807367
crotoniensis,0.89647806
muluius,0.94816184
execror,0.9833368
novor,0.7393659
munificentia,0.98324025
tullianus,0.9197453
camera,0.9591293
lancea,0.9822037
pistoriensis,0.7734363
ferentarius,0.9021348
confertissimus,0.9428299
incruentus,0.96629786
claritudo,0.94686973
adherbales,0.9541691
properante,0.9142093
micipsae,0.8651759
parvum,0.68594885
adherbal,0.88461864
quinquennus,0.89197314
syphaces,0.9465446
despcio,0.9039099
extinctor,0.81115353
paucissimus,0.9802716
importuosus,0.89728445
infecundus,0.97160745
libyes,0.9644837
ferinus,0.9852769
afri,0.8931745
transuigo,0.84212065
mapalis,0.97622377
armenii,0.9700252
medae,0.8332795
philaeno,0.83442914
iugurthinus,0.9503514
nove,0.93164015
deviho,0.6943274
trahendus,0.9141643
restituio,0.83944106
nocentus,0.9602431
ha,0.80516946
erepno,0.8602178
capno,0.91885
bomilcar,0.9551186
inconsulte,0.95137036
obtrunco,0.98678756
imperitia,0.9669528
missito,0.8667398
uitabundus,0.88293564
saltuosus,0.8944889
agitao,0.83864504
mamilius,0.9412295
confinis,0.97943443
advecticius,0.78422314
experimentum,0.9852462
peritia,0.94706297
pertingo,0.8594447
collo,0.9053729
praetergressus,0.76716614
confertim,0.8172382
consueo,0.87803113
permixscor,0.888381
disieco,0.9532718
detrecto,0.9795885
into,0.88567287
subfodio,0.834245
sulphur,0.9745902
supersto,0.9620948
iusdeo,0.87054706
congo,0.60661906
contemptor,0.97552013
laxior,0.9780282
saeuissimus,0.981984
opulo,0.7838007
ueratus,0.9152939
pauesco,0.98071635
leptitanus,0.84943354
sidonii,0.9178372
philaenus,0.8750822
exagitao,0.751681
invado,0.94498426
coaluo,0.86659384
impigre,0.96553063
libys,0.8128428
irritamentum,0.8312143
prouidenter,0.9081349
tanai,0.9803829
tumulosus,0.8354472
uelocissimus,0.97998685
uenumdatus,0.8237891
coercitus,0.9104381
coalesco,0.9854814
patricia,0.9493248
felicissimus,0.9606962
humillimus,0.97674227
conglobo,0.97938055
tubici,0.9366462
exco,0.95404345
interempio,0.96973664
excubitus,0.8077845
affusum,0.7816358
interfego,0.8995778
accitus,0.97271
offensa,0.9547168
hibernaculum,0.80949277
pavo,0.9104271
ruso,0.6164646
baliarius,0.85538036
creberrimus,0.9754665
asparis,0.8310779
locuio,0.91420364
indiguus,0.78542227
aspare,0.7302704
dabo,0.41562212
servitum,0.7545818
impollutus,0.9493844
dehonestamentus,0.86648107
sibimet,0.94686615
turbamentum,0.8580318
arrectus,0.951614
contactus,0.9760343
advorsus,0.76967025
torpedo,0.89872944
moriundus,0.76550555
saeuis,0.9350232
sucro,0.7320933
valentia,0.89767593
tutius,0.9422485
ltus,0.824435
ualidior,0.98517644
pertimueo,0.87201816
subieceo,0.9021487
ratum,0.88015807
samothracae,0.91181326
eumenes,0.9923055
nicomedeus,0.9418199
nysa,0.9505058
exscidio,0.9590349
chalcedona,0.85038483
heraclea,0.968811
tigrana,0.83306575
excindo,0.9667245
persis,0.98468167
mesopotamia,0.98329955
circumgredior,0.9156399
ubiubi,0.7743676
obsequentus,0.809528
rapacis,0.8483479
molestissimus,0.9432242
dyrrhachius,0.8864627
tityrus,0.98241675
patula,0.9707042
meliboee,0.97546375
vrbs,0.95993876
uiburnum,0.9247558
galatea,0.9796865
iuncus,0.9590248
hyblaeus,0.9719249
pererro,0.9910927
arar,0.9446994
tigris,0.99098927
noualis,0.9783309
dumosus,0.97292334
cytisus,0.9066223
castaneus,0.95848835
corydo,0.91737646
alexius,0.8084222
formose,0.9417596
ligustrum,0.96438646
uaccinium,0.90973824
niuei,0.9766805
actaeus,0.89754647
damoeta,0.95018256
oua,0.9447079
lilium,0.97647905
calathus,0.9864223
nais,0.9665687
narcissus,0.98275834
anethum,0.9356628
casia,0.9834944
luteolus,0.81836706
caltha,0.844116
castanea,0.97456247
alexis,0.9047045
iollas,0.9249128
dardanius,0.94785404
meliboei,0.9348961
aego,0.9689503
mulgeo,0.94525015
daphnidis,0.89649475
carectum,0.8341865
mulctra,0.954301
superaddo,0.9370103
corymbus,0.9808355
orphea,0.94872797
laude,0.4290295
arbus,0.9627368
hyacinthus,0.95207906
delius,0.980969
phyllida,0.93716526
iolla,0.9440692
arbutus,0.9536727
pollius,0.96559846
rubus,0.9578059
floer,0.9260924
sicelides,0.9049058
myricus,0.93834054
ultimaus,0.9130662
bacco,0.87567675
colocasia,0.92377174
distentum,0.9600355
infindo,0.84393096
tiphys,0.9388715
croceus,0.98430794
thracius,0.956344
calliopea,0.95493114
labrusca,0.8764067
racemus,0.9745868
phyllidi,0.83990425
alcones,0.86721337
saliunca,0.8293158
rosetum,0.8541868
daphnae,0.89083004
intexor,0.9649074
auenus,0.94454473
uiolum,0.89795184
paliurus,0.9438337
saliens,0.9732745
intonsis,0.9264309
daamoetas,0.83313715
lyctius,0.92064416
thymus,0.9461271
saxosus,0.9755297
antigenes,0.8088884
cynthius,0.8625188
silenus,0.97533125
superuenio,0.98771083
naiadum,0.951026
parnasia,0.9703378
rhodope,0.98390913
concreueo,0.8114122
nerea,0.93198544
caucasia,0.9021745
hylas,0.98788106
hyla,0.90544087
implero,0.83727455
rumino,0.82769024
gortynia,0.9807464
uaccus,0.97324467
hesperidus,0.9738576
aona,0.84954476
adsurrexo,0.82145584
apium,0.9256946
ascraeus,0.94981325
ornus,0.9858631
dulichiae,0.9032024
tereius,0.8132477
petiueo,0.8626068
daphnes,0.9458937
mincius,0.93785083
phyllidus,0.9034749
codrum,0.87199533
saetosus,0.97737354
euincio,0.9766558
coturnus,0.97825193
hybla,0.95104617
praesaepia,0.8361646
sardonius,0.8824114
palmes,0.9871136
iuniper,0.77489525
hirsute,0.88396156
ao,0.46128762
pampineus,0.98761964
alcida,0.96404386
phyllis,0.9386884
stupefactus,0.75261045
lynx,0.9663075
requeo,0.86010075
timauius,0.8772444
maenalios,0.9168235
maenalus,0.8538278
gryps,0.87605715
dammus,0.95801395
garamas,0.9589442
ulula,0.700309
delphina,0.9321502
uiuio,0.92783904
magicus,0.9726221
impo,0.89470094
duresco,0.97983253
daphnides,0.95242333
ulua,0.9636011
ueritum,0.9474733
les,0.9399533
mantua,0.97702473
cyrnea,0.96134084
taxus,0.96975887
dionaeus,0.90942603
moeris,0.8341451
bianor,0.7258532
arethusa,0.9843737
lycoris,0.917954
subterlabero,0.7762047
sicani,0.88451165
naides,0.97789645
pindus,0.9579401
aonia,0.9614661
aganippus,0.90922123
pinifer,0.9332837
adones,0.9734982
upilium,0.86854947
subulcus,0.9300835
ferula,0.9794571
alpinus,0.9817128
chalcidicus,0.96954155
spelaeum,0.9348169
maenala,0.97586715
parthenius,0.97963184
cydonia,0.76862395
hebrus,0.9708215
sithonia,0.8914045
aquosa,0.827981
cantao,0.89732313
robigus,0.77685636
floralia,0.9583784
ueneratio,0.98299253
philometor,0.8378116
apollodorus,0.9360834
bacchius,0.83142996
prieneus,0.7209183
diophanis,0.88669217
nicaeensis,0.87378234
epi,0.43301195
aristomenes,0.83777285
eubulus,0.87373996
mnaseus,0.8139626
theophilus,0.89437056
menecrates,0.9209755
uillaticus,0.94464755
aedituus,0.95610225
agrius,0.8303164
aeditumo,0.80662733
cultior,0.9677114
septemtrio,0.94485193
septemtrionalis,0.9508557
congelo,0.9558091
utensilis,0.8643898
faventinus,0.83342284
faventia,0.83351254
stolo,0.95520544
stolus,0.8222106
ccclxv,0.8641727
estis,0.8529103
illut,0.808604
circensis,0.99000186
uella,0.8474406
incentiuus,0.91390806
succino,0.8142717
colonica,0.6613678
laeso,0.83360296
lapidicina,0.81613135
novio,0.9236474
discretum,0.8790256
pestilentus,0.7813513
hippocrates,0.93538773
vesuuius,0.93852276
prolixior,0.8443692
fertilus,0.9339062
collina,0.9256716
tolerabilus,0.83563423
delapto,0.9177228
uliginosus,0.9767625
venustus,0.6711484
comprendere,0.9617947
elephantine,0.89449227
bifer,0.8616213
arundo,0.9683809
squilla,0.9285738
fossicius,0.7632049
primatus,0.8262456
canusinus,0.8522387
iugatus,0.9595506
opulus,0.86369467
uindemiator,0.9313654
alimonium,0.91956973
argillosus,0.92281973
lapidosus,0.97356504
sabulo,0.9583894
sabulosus,0.891938
retorridus,0.89458907
deterus,0.84584963
scripulum,0.93427056
cisterna,0.9448861
laxa,0.91053313
fluvii,0.9025957
consaepio,0.94802415
divisus,0.8304551
tritura,0.90419245
proruo,0.9621846
ruptus,0.9733038
fabrilis,0.9785464
saeps,0.6411896
terreus,0.8858299
salarius,0.9266284
coctilia,0.91574085
appendix,0.88645715
uiolarium,0.7982961
rosare,0.8349209
perticus,0.8815054
adminiculus,0.90528524
semivocalis,0.92023236
requisitio,0.8584801
imbutor,0.80793595
epiroticus,0.88785547
iuger,0.90359396
biuium,0.9658095
repastino,0.83184546
ficulna,0.8265517
bura,0.71217215
uomeris,0.85232955
molaris,0.9763505
iuvencus,0.8795892
incluseo,0.92822295
uacca,0.98432845
stabulo,0.9350951
rastellus,0.85278237
cannabum,0.81650805
teges,0.7546358
farrago,0.9389763
siliqua,0.96980435
pomarium,0.96305054
floralis,0.86919695
cannabis,0.80637443
arbuscula,0.95946795
convaluo,0.9418485
clx,0.9011439
iix,0.5890372
glaeba,0.97681326
xci,0.888192
aestivus,0.90519226
vomer,0.790075
arbusto,0.9451178
uiteus,0.82932544
ocimus,0.9420351
alous,0.7496718
simulac,0.8212118
cicercula,0.8927151
palmar,0.83816576
serpillus,0.7748348
teneritudo,0.9137379
biperto,0.65713716
kai,0.95939726
iana,0.49476287
arao,0.74850416
aspargo,0.885697
auiarius,0.9468546
asininus,0.9306327
cerasus,0.93574554
exsuctus,0.7959878
caldor,0.8994324
ficetum,0.82488334
inaresco,0.9303788
chia,0.8621228
virgula,0.79239964
byzacius,0.9239399
nutricatio,0.7737793
alimonia,0.9191308
aliuduem,0.8534841
praegnatio,0.90258664
heliotropium,0.82355934
calcandus,0.91449755
deglubo,0.86722314
erado,0.97269267
messio,0.8105265
standus,0.94342184
sublimior,0.9720892
rutundum,0.8858745
talpa,0.95237225
grandissimus,0.8145234
uentilabrum,0.8351227
ollula,0.8314254
scopus,0.7401457
resipio,0.81334955
eliquesco,0.84310967
trapeta,0.87679183
uentilo,0.97057986
denigro,0.8183681
lorico,0.81421614
solidior,0.9196346
sirus,0.84740716
orbiculatus,0.8796189
amiso,0.9078486
camara,0.9221002
disseco,0.94642186
sorba,0.82816917
sinapis,0.8512585
oliuitas,0.7380617
puseus,0.6596291
doleum,0.8142873
catinus,0.83083534
neceo,0.74505246
apertio,0.85999084
deflo,0.89823747
duodecio,0.8487853
anniculum,0.7936741
amaritudo,0.94361293
iuglans,0.9519403
sorbus,0.89345276
percussus,0.79087794
cultellus,0.9646035
ornithona,0.94764775
ornitho,0.8897368
leporarius,0.93517053
mou,0.8563027
pollo,0.8365692
placiditas,0.7961782
tetricus,0.9464085
argonauta,0.70919955
hesperidas,0.92422587
melum,0.79043806
belo,0.66056347
bosporus,0.96931946
cimmerium,0.9299461
hebeo,0.96242356
equitius,0.754227
adsignifico,0.7697866
nouenus,0.9535244
arcadicus,0.91629785
herbidus,0.96501535
samnii,0.8436152
admissio,0.93199086
arcio,0.73804545
ruma,0.8437507
adaperio,0.9599223
profico,0.8930564
arietis,0.9198802
novenus,0.89487076
admissura,0.7648268
novenarius,0.8605033
iudaea,0.97358686
tonsura,0.94049186
absolvimus,0.7948713
limito,0.91178614
pergamis,0.8376758
venditum,0.8589806
incio,0.80233425
utensilium,0.9288553
umbriferus,0.84510434
contenebro,0.9216839
sustino,0.90515566
trima,0.7749952
plaeraque,0.8524865
praesepium,0.9614308
uinacea,0.79286736
pellitas,0.71872354
cordus,0.93182737
melia,0.7278997
locatio,0.91075504
quinquageni,0.9687458
caprarius,0.8602736
nerua,0.95920336
unicolor,0.88213396
noxus,0.8720542
pinguitudo,0.8543923
colliquefactus,0.8213959
conciliator,0.88017124
uolumnius,0.81237173
offula,0.9122679
venetia,0.7903353
porcellus,0.94396687
madefactus,0.9772233
delicus,0.84736043
menaechmis,0.8697188
fructuarius,0.9282714
lauinium,0.80191594
propincus,0.8541768
bucino,0.7924386
conuicior,0.97527754
asso,0.92415655
adtexo,0.8615344
bupaeda,0.80944145
melanus,0.7628168
matrix,0.8700833
quadrima,0.7263674
delpho,0.8013842
aliudve,0.84227383
bimatus,0.70189375
onager,0.95650893
capistrum,0.9323305
aperia,0.6262198
thessalicus,0.9517392
scilla,0.9678459
quadrigarius,0.9236949
desultor,0.79498947
quietior,0.9467553
hinnus,0.8007908
lano,0.7121016
pascior,0.8833387
resimus,0.8986814
pendulus,0.9845979
internodium,0.932581
displodo,0.79673547
mammosa,0.8282614
pontianus,0.776793
metapontini,0.91842
edulium,0.88694435
mythos,0.7568556
actaeo,0.93387496
intritum,0.8183552
abrodo,0.74429417
perfrigesco,0.77304846
aliusve,0.8432844
vulneraio,0.8220246
liburnia,0.6727972
agninus,0.649614
fossilis,0.8522775
sucidus,0.93226707
vesto,0.92441237
gaetulia,0.895029
pella,0.9618047
cilica,0.9399503
aedificaro,0.814237
boeotus,0.9467555
reas,0.94524306
indiscretus,0.9660788
axius,0.9318994
petronius,0.95156324
armenium,0.7339675
lithostrotus,0.8044948
seianus,0.8772037
tector,0.8992579
lanium,0.7118522
macellarius,0.86641324
corsicus,0.58649546
empticius,0.80134976
materterus,0.8143816
apprime,0.7634211
character,0.5861287
uillatica,0.91269326
leporaria,0.99787
ovat,0.8575762
lepusculus,0.88579845
leporarium,0.94845295
pelagius,0.79562235
mazonomus,0.8766937
peristylum,0.8424336
marcesco,0.9687718
cibatus,0.82170624
cavea,0.87506485
merulus,0.87924844
revolo,0.9538219
margo,0.9888206
museum,0.6553792
ruto,0.89794207
plumula,0.732153
epistylium,0.8929642
tholus,0.9617668
reticulum,0.92081845
substruo,0.96063304
sedile,0.979495
canaliculus,0.8425078
dodrans,0.969984
excauo,0.95887846
faler,0.82149285
peripetasma,0.7847942
epitonium,0.81968546
horologium,0.9393341
parra,0.79463947
transmarinis,0.8028788
samos,0.91779923
bima,0.7744359
excudo,0.96277195
uatillum,0.84317166
reticulatus,0.8943562
adrepo,0.9594184
columbarium,0.92449296
curuo,0.9919416
milium,0.9148735
pinguioris,0.82082283
semimas,0.84332037
gallinarius,0.85428876
traiicio,0.9513222
pauoninus,0.93010104
ova,0.7307632
intritus,0.882493
ceruinus,0.92783153
involo,0.9464636
psittacus,0.96497333
ingaunus,0.8549833
novissimus,0.9275932
thetim,0.86177605
singula,0.6457586
notandus,0.8083209
supio,0.8508352
inego,0.7085047
perimbecillus,0.7501455
nasturtium,0.91352165
testaceus,0.8977766
leuigo,0.7898289
cammarus,0.9038815
perdix,0.9613504
laurentius,0.8460368
fugitiuarius,0.8303325
mammilla,0.84000754
colfero,0.73024946
bous,0.7533896
geneum,0.8114023
apes,0.9447266
graculum,0.89710546
helicona,0.9535935
olympo,0.6076803
succollo,0.8920053
uocifico,0.66397893
mellarius,0.9063863
pisum,0.89517534
cyperos,0.83090353
rutundo,0.83164227
fumigo,0.81841874
opificium,0.6842476
translao,0.9338629
proticio,0.91772354
cucurbita,0.9694896
papavere,0.84903
affundo,0.80767655
providendum,0.7355428
recinus,0.76360357
quadragies,0.9124871
discolor,0.9850605
gregatim,0.9554764
baulus,0.9020406
uiva,0.7118124
celerius,0.9217651
aestuarium,0.8957486
baianus,0.9642297
udus,0.980102
exhortor,0.98199195
grammaticum,0.9444495
eia,0.8764686
contristo,0.9428878
prorepio,0.9224725
tantundum,0.7526047
fonticulum,0.8355417
aufidus,0.85985917
temptao,0.6603994
tyndaridaer,0.86464995
nomentanus,0.8940953
pugnante,0.82838
uisellus,0.7592818
ingluuies,0.95174855
nomina,0.62445784
instita,0.8192837
oblimo,0.92992514
fausta,0.82259655
uelatus,0.8542662
conferueo,0.881533
inmisco,0.7456902
lynceius,0.8568849
contemplere,0.8141365
rhombus,0.94324064
tentigo,0.9042068
tripes,0.9487477
epidaurius,0.96490407
rusticius,0.79855543
laxus,0.98545086
filix,0.94074214
balbinus,0.6527226
abortiuus,0.95809746
iactantus,0.7648056
absisto,0.97777754
scutica,0.83409107
flagello,0.9568848
hermogenes,0.9451126
alioqui,0.9791525
hircinus,0.9201867
personatus,0.86535966
rauco,0.8943126
birrus,0.7907499
caprus,0.7364047
insudo,0.8730789
albis,0.9635426
heliodorus,0.9268619
umbras,0.7073407
proluo,0.9365692
inpositum,0.96249545
cocceius,0.93249506
collyrium,0.9392862
inlinio,0.8774097
lippa,0.78248596
mutilus,0.87863463
beneuentum,0.9517492
atabulus,0.88426197
caminus,0.9564297
oppidulum,0.85537046
adusque,0.9371872
piscosus,0.97039723
laeuinus,0.9854333
dama,0.7840657
singultim,0.76791835
peractus,0.8785763
petorritum,0.92674506
lasanus,0.79058766
uespertinum,0.78940743
laganum,0.8602537
marsya,0.9544804
regero,0.96601003
ficulnus,0.81695235
diuellio,0.9225804
hecate,0.97384214
arseo,0.8681333
sagana,0.7904471
incanto,0.9286754
bolanus,0.68517524
sabella,0.845507
adoleeo,0.7196338
corrumpa,0.7266513
uellio,0.9364823
sabbatum,0.80391574
relligio,0.8328297
laberi,0.7785309
fortius,0.864321
exsudo,0.9165682
coruinus,0.96045005
memnona,0.8568257
epos,0.88872486
feruenter,0.7511192
perfectum,0.55384725
furnius,0.8125584
detra,0.7923571
cathedra,0.9166378
cuprum,0.8606493
liburnus,0.9684832
utrumnis,0.9666833
inhospitalis,0.9307647
calabr,0.90594923
circaea,0.8804408
classicus,0.98288333
distentus,0.9349121
inemptus,0.9643059
eous,0.99148303
pinguissimus,0.9385495
inpis,0.9450027
nocentior,0.78755486
argonautas,0.8250133
siticulosus,0.89160407
efficax,0.9786402
sponda,0.91247463
hibericus,0.8635047
inpubes,0.8214905
hiberia,0.9652611
mutao,0.8668953
promineo,0.98495424
mascula,0.93618304
folia,0.51950866
suburanus,0.6151967
creons,0.92649144
inpio,0.8803695
detestatio,0.9591419
inquietus,0.9742538
obscaena,0.8834841
complestis,0.7958151
lycamba,0.790525
britannus,0.97805053
cateno,0.96704507
sericus,0.8540678
puluillus,0.959937
rigeo,0.99355686
fascinum,0.7947263
caecubus,0.8994326
neptunius,0.8948822
inuersus,0.9266492
insurgo,0.9789542
inachia,0.9703017
decuto,0.9365028
inaestuo,0.8566828
renodo,0.73000574
hirsutus,0.99117285
inachius,0.9363794
tyrii,0.95449716
iterao,0.5906603
threicius,0.99114734
adloquium,0.9700462
pactolus,0.9698264
reno,0.9196764
henu,0.96560353
indocilis,0.989176
termes,0.8731146
proserpina,0.9940448
nereius,0.86415374
procido,0.94242215
achilleus,0.95426065
exuio,0.939595
relabor,0.97844064
nessus,0.9189943
sicanus,0.9190607
effo,0.9272363
luus,0.9360415
desileo,0.9029056
uncio,0.7766849
recalcitro,0.87766445
ouos,0.827677
uotiuus,0.98478776
apula,0.9286185
lucania,0.93392277
circumuolo,0.9801321
condideo,0.88505757
adclina,0.8025049
disquiro,0.84590083
austerum,0.8334452
falleo,0.9507209
scarus,0.8115653
uolgarius,0.8380141
temnio,0.93134856
porrectum,0.8397349
harpyius,0.86904263
mauolt,0.8563702
edixo,0.713123
prauis,0.8928075
defundo,0.95732266
repotium,0.8930744
bilibris,0.8252704
praegrauo,0.9375991
praesumo,0.9777384
laquei,0.956776
insumo,0.9659586
inminuo,0.90261596
platona,0.9313772
emoueo,0.95571303
tune,0.8539172
nerius,0.8167608
nodosus,0.975938
proteus,0.94393694
anticyra,0.93792105
amar,0.9754
tercentus,0.9502548
ueso,0.960978
tinea,0.9461373
inpexa,0.8124628
lethargus,0.8429946
inmolo,0.9357741
uesania,0.8789717
agrippa,0.9706607
atrides,0.9879643
prandor,0.8690405
euinco,0.96959496
fasciola,0.8289535
hellades,0.85909116
menenius,0.9598444
quartanus,0.9594048
abscitto,0.90886897
agaua,0.8889102
eliso,0.7203282
anytus,0.93196154
callosus,0.9649703
mitulus,0.9147965
laurens,0.9198649
potor,0.9354583
innato,0.9697097
murium,0.8607265
byzantia,0.8697108
corycium,0.83395875
allec,0.88080734
creterra,0.9199192
scobis,0.9646716
inlotus,0.8477644
toralis,0.8032493
uenerabilus,0.85082006
inlusus,0.92722386
caniculus,0.8878444
conspuo,0.8856531
coheer,0.8290496
penelope,0.9777167
grasso,0.90251195
substringo,0.95930135
libitina,0.94218665
maecenate,0.9559109
rimosus,0.96141535
dacus,0.9579625
triquetrus,0.8347474
holusculum,0.9309614
inaequalis,0.9742697
semesum,0.88386875
ador,0.7091395
coccum,0.94529986
canistrum,0.961209
cursito,0.9492994
molossae,0.9035272
auctoro,0.9348563
cessator,0.86896336
hydaspes,0.98011434
alco,0.974452
garum,0.91480273
eruca,0.9709798
inmo,0.8658756
districo,0.8221522
ulueo,0.77926356
acheloius,0.9582347
dryades,0.96396875
tridens,0.9735726
cea,0.81030166
tegeaeeus,0.9016179
thulus,0.9592111
tartar,0.8808131
attro,0.8981365
auo,0.97646844
sabaeus,0.9697746
chalybes,0.97669524
castorea,0.8470112
uicius,0.4728938
spiramentum,0.9757576
penetrabilis,0.97002155
uimineus,0.9151672
gargara,0.9614217
cliuosus,0.92466396
strymonia,0.87710696
decubeo,0.9280803
pleiada,0.93162394
lycao,0.94643676
fissilis,0.7859854
arbuta,0.9396491
lappa,0.9446487
tribolus,0.91790473
nitentia,0.92335075
eleusina,0.8487896
rastrum,0.9260066
celeus,0.87740993
mysticus,0.91495526
uannus,0.7318257
protentus,0.9442357
tilia,0.92916477
solido,0.9697254
nitrum,0.9663298
sublapse,0.9432256
intractabilis,0.9594438
cerealis,0.86458296
atlantides,0.93788207
gnosius,0.93711215
maia,0.91084075
pelusiacaeus,0.89353883
dimensus,0.82825595
styx,0.9592164
sinuosus,0.9798946
tinguo,0.98077995
anhelus,0.9896158
obtunsum,0.8976705
bicornis,0.96660274
retinaculum,0.8691141
rubeus,0.8640573
coeus,0.81093025
iapetus,0.88434964
typhoeus,0.9764153
domito,0.9678329
irroro,0.96889293
inspico,0.83258075
despumo,0.94728184
querna,0.92208004
damma,0.98299986
spiceus,0.95871407
inhorreo,0.9842294
athos,0.98184663
ceraunia,0.9730445
ingemino,0.9821589
cyllenius,0.9812959
adoro,0.98205423
incompositus,0.94765663
resonantia,0.9536967
reuolo,0.9618895
colludo,0.8934721
fulmino,0.94169474
cayster,0.9238268
alcyo,0.9190432
immundo,0.85336363
maniplus,0.9230987
coreo,0.8621918
strepito,0.9459007
exanquo,0.92361104
panopea,0.9075946
inoo,0.8812741
melicerta,0.85786283
refugo,0.7526598
ferrugo,0.945001
obscena,0.8231526
clycops,0.9679208
dehisco,0.9899786
illacrimo,0.90644395
proleo,0.92691565
cometa,0.95820117
molniiscor,0.87658507
indiges,0.939625
euerse,0.8600303
aesculus,0.9633523
pullulo,0.94560516
densissimus,0.9738325
cerasum,0.92185974
quadrifidus,0.93787825
plantaria,0.97071433
oleaginus,0.9119618
rubesco,0.98984194
paphia,0.9639391
chaonius,0.9021105
incanesco,0.8845598
inolesco,0.96057403
alcinous,0.9549297
lesbi,0.7372118
uinctura,0.8037408
purpurea,0.9301777
raeticus,0.91411537
libycius,0.9785968
gelonus,0.9367662
hebenus,0.8886493
balsamum,0.96219194
depecto,0.86591595
seres,0.97710466
olentia,0.8918487
ditissimus,0.97703946
hermus,0.9671586
bactra,0.9683925
turiferus,0.8944132
panchaia,0.8493471
hydrum,0.94867927
rabida,0.93416554
aconitum,0.9345733
squameus,0.9713955
adsurgens,0.97741544
lucrinus,0.96036893
indignatus,0.7934805
refundo,0.97060287
tyrrhenus,0.94045925
marsi,0.95084
uerutus,0.92411983
indum,0.9098275
inuisa,0.91898394
praeualidus,0.9663961
tofus,0.94612116
chelydrus,0.9746423
ueseuo,0.77210194
rarissimus,0.9776772
eluctor,0.9304911
temptano,0.8986945
lentesco,0.8540708
picea,0.97483134
austrinus,0.93599844
segnus,0.90067136
caesa,0.93746084
boreas,0.9883416
rubo,0.9520366
immisdo,0.6939382
munime,0.98447955
fraxineus,0.9566872
admordeo,0.88803476
ausonius,0.9357641
oscillum,0.78737235
caui,0.81040764
ingruo,0.9847145
fluuialis,0.9746068
procuruus,0.883776
cytido,0.84612274
buxus,0.9762031
narycia,0.9247672
rastra,0.9601258
caucasio,0.8272619
cedrus,0.9536989
padus,0.9857329
baccheia,0.86981636
rhoetus,0.8839834
hylaeus,0.8982222
ephyreius,0.8118748
rigesco,0.9854196
spercheus,0.8530895
panaus,0.8138609
daci,0.9499731
hister,0.9858801
sarranum,0.87474877
attonitus,0.9879526
perfutor,0.809756
lenaeus,0.9295491
praedura,0.9294793
eurysthea,0.88649946
illaudo,0.91847944
busiridae,0.9614837
latonia,0.9849002
molorchus,0.92609483
niphates,0.973679
parius,0.89108217
tros,0.86751807
exsuperabilis,0.8884057
dryas,0.95799935
taygetus,0.9620435
olympiacaeus,0.86225003
inclemens,0.9767456
tenera,0.9328715
solidum,0.8980581
amyclaeus,0.9055785
cyllarus,0.9611869
biiux,0.90169674
pelion,0.9842573
umesco,0.7914391
sequentum,0.941369
tantae,0.8687258
erichthonius,0.9735531
pelethronius,0.91096294
lapitha,0.9541654
mycena,0.949149
inualidus,0.99205005
obtunsus,0.916602
tanager,0.7947382
subnecto,0.97700715
instrepo,0.8322354
indomo,0.7512728
alphea,0.8688801
bellantum,0.9287348
plausa,0.82736135
sinuo,0.9907167
belgica,0.88917696
caricus,0.8500711
proludo,0.9138937
prosubigo,0.8147507
bacchium,0.7998099
ascanius,0.9578115
destillo,0.9142506
irreparabilis,0.9489703
orbita,0.9828039
manipla,0.98630434
cinyphius,0.9752085
luciferius,0.8366814
sider,0.9733787
querula,0.9513061
acalanthidus,0.90223324
cressa,0.7714983
maeotia,0.94158375
crusta,0.9306414
stiria,0.85583425
induresco,0.9391899
aduolueo,0.8363838
riphaeus,0.97710526
lanitium,0.82845366
lotos,0.7966096
excerno,0.93771887
impaco,0.9253582
uolutabrum,0.87651163
coluber,0.9733796
pluuialis,0.98423624
ingluuiem,0.8590119
trisulx,0.9130006
persedeo,0.7653494
illoo,0.697619
hirsuo,0.912131
scillus,0.89564747
abnego,0.9392329
getae,0.983851
fluidus,0.9665485
collabor,0.9650725
crudesco,0.98137224
reposta,0.831188
donarium,0.950439
natantus,0.864383
phoca,0.94642705
phillyrides,0.9131477
amythaonius,0.8953204
melampus,0.95677817
stygius,0.98846096
aboleo,0.9841891
illuuies,0.9543948
melle,0.8037136
obuis,0.96089375
serpyllum,0.74961996
thymbra,0.87414557
frondea,0.92916185
praescisco,0.79276943
sudum,0.80140173
spuo,0.9220987
domituro,0.73086345
hellespontiacis,0.9153366
tinus,0.47055632
rosarium,0.9661406
oebalia,0.89909875
corycius,0.9361997
spinus,0.8772303
curetus,0.93482536
dictaeo,0.84841776
uentura,0.96757656
fundame,0.9667622
uenientu,0.76857394
arbutum,0.8249254
cumbus,0.91859406
mirabor,0.9452744
errandus,0.91577375
stelio,0.87361324
pigra,0.8221915
immurmuro,0.9426188
refluo,0.9795973
harundineus,0.95199645
tunsus,0.8513396
cecropius,0.95927364
amellus,0.7799878
insincerus,0.72396296
stagno,0.98639035
pharetro,0.8440786
fecundo,0.9211348
reluctor,0.98576736
aristaeus,0.93866116
affor,0.9880814
cyrene,0.9599452
bipennis,0.9897487
xanthus,0.9799719
ligeas,0.74922013
spius,0.6512759
experta,0.78183717
clio,0.9479473
beroe,0.8847492
clymene,0.9440609
chaos,0.9907547
enipeus,0.9382386
hypanis,0.931369
mantele,0.8714421
maeonius,0.97570103
sirius,0.9830314
balas,0.8139151
recenseo,0.9820472
aristaeo,0.7898526
transformo,0.93689525
hydrus,0.934882
rhodopeia,0.9472699
pangaea,0.96949863
mauortia,0.97116524
erebius,0.98843867
nouies,0.9417742
interfundo,0.92558825
ixionius,0.7988448
eurydice,0.9107982
stagni,0.90712863
paossus,0.75350845
cumbo,0.95589095
populeus,0.9597078
implumis,0.8771455
tanaim,0.9520652
riphaeae,0.95473397
spretus,0.8710979
reuulsus,0.9360037
oeagrius,0.8968337
nymphaa,0.93583
napaeus,0.94330615
uenerabio,0.8608974
parthenope,0.9525339
cynthia,0.9645715
assuetus,0.9820548
castora,0.9258153
edonae,0.74638116
subiectum,0.9631922
inachus,0.93869084
stame,0.9916624
hermiona,0.86139643
memnonia,0.7865584
viuio,0.8466269
cadmea,0.81653976
illyria,0.7684851
uesanio,0.9307595
vergilies,0.64589894
praeuehor,0.9479779
irrisor,0.7299732
amphionius,0.9204865
mimnermus,0.87986326
hypanes,0.7025016
uenetus,0.9696853
haemonius,0.9235213
salmonis,0.7402423
arabius,0.81093407
sericum,0.96259844
ithacus,0.96599895
euadne,0.96002245
tarpeia,0.9752809
rixus,0.86204803
chalybs,0.9826486
alcyona,0.8804311
cassiopa,0.70977134
haeco,0.82230115
tyndaridas,0.884614
sepelo,0.8655318
giganteus,0.97400814
athamantis,0.8954767
aquilonia,0.84848297
calaio,0.873932
pandionius,0.93028843
hamadryas,0.7932713
alcides,0.98992366
perusina,0.9095429
titanas,0.93986493
sicula,0.94806725
actia,0.91463286
phlegraeus,0.96730214
enceladus,0.9834655
noverca,0.94206226
phaedra,0.9617282
circaeus,0.86385393
haemonia,0.9612405
tantalea,0.8662263
favilla,0.8626127
gorgoni,0.950511
brimus,0.6814922
divus,0.743177
bombyx,0.79771394
aeolius,0.85796666
plectrum,0.982438
corinna,0.91710925
eoos,0.9208059
extensus,0.9748368
decies,0.9634279
inveniam,0.78994846
carpathia,0.79115546
ephyraea,0.91023314
laidos,0.7705463
ericthonius,0.9320307
troiana,0.97516245
admetus,0.9657212
ulixis,0.9631463
propertius,0.8428812
haemo,0.8179114
teucris,0.88734376
patroclo,0.88656104
simois,0.9577563
deidamia,0.9406353
stygia,0.9394301
quisve,0.8700379
pierido,0.90438753
achaemenius,0.93917817
pieria,0.9273323
odorifer,0.9368702
persephone,0.96149004
anestoris,0.9410088
longaevue,0.7461403
antilochus,0.9555823
idalius,0.9509363
minous,0.791077
cytherea,0.99211085
nuda,0.88959384
illyricae,0.87146676
ceraunus,0.7456061
illyriae,0.98251605
quosve,0.7766633
chrysolithus,0.9240068
creusa,0.9592705
pleias,0.9509778
sidonia,0.9551048
decimo,0.8964947
pidao,0.84678876
abiunctus,0.88354564
tithonius,0.847486
memno,0.97261417
tinxo,0.8118835
clitumnus,0.9126607
briseensid,0.9226112
niobe,0.951471
danaes,0.9090586
transilia,0.74652165
erinyes,0.85882086
demophoo,0.8744156
incino,0.77925575
mycenaea,0.8764616
pelides,0.8653138
flabella,0.8530889
hesperium,0.86157
propertus,0.752764
minoida,0.87731785
iasonia,0.91557795
caucasias,0.8470398
hellens,0.869459
arionia,0.8470828
mavors,0.9644374
pelasga,0.9268335
uexatus,0.83406556
callisto,0.86114097
maeonia,0.97189844
heroida,0.863856
viua,0.8697826
antiope,0.8766606
pasiphaeus,0.94893354
iuvenca,0.85278
ligame,0.9247328
moveo,0.7439984
pegaseo,0.88107395
secta,0.95841205
exorabilis,0.9694428
hyrcanus,0.98325235
alisco,0.8608948
bistonium,0.95027614
ortygia,0.8753392
attalicus,0.93867254
maro,0.9777976
chor,0.9623207
minoi,0.8111871
torvi,0.74925727
dana,0.944449
graias,0.96439934
tepens,0.9673296
icarius,0.95616096
icarus,0.9672716
ismarius,0.89692974
lynceus,0.94552195
fluxo,0.88617396
maeandria,0.8126215
adrastus,0.908875
archemorius,0.90626395
capaneus,0.85674214
haeso,0.9272795
iliadeum,0.9528793
pinetum,0.85436165
galaesus,0.9363633
lascibi,0.8737817
saeue,0.9837588
heliconia,0.90363955
litoreus,0.9731697
undenus,0.9327483
uinculus,0.97603726
uiuere,0.95297194
flumineus,0.97525537
ultima,0.94545805
loquentia,0.84171104
praegusto,0.9530588
recinngo,0.91903675
qualiter,0.9018384
menda,0.926075
iuuenalis,0.9673929
panda,0.9441445
inmitis,0.9729407
uda,0.91879845
tremeo,0.9360025
vrbes,0.85488904
peruigil,0.977482
concusdo,0.971837
vrb,0.9077072
pruinosus,0.9688735
septemplex,0.9401233
maenalius,0.8530731
cretto,0.91573095
uittatus,0.9532979
tydides,0.94813246
dipsas,0.9198452
recuruo,0.9769144
temero,0.9811762
eloquium,0.9658997
formosissimus,0.86416006
opposo,0.788595
formosa,0.8734035
rusticitas,0.98046684
spectabilis,0.87968814
consonus,0.94776714
gypso,0.77345794
isis,0.9753045
rependo,0.9891325
spatiosus,0.9913025
blandio,0.95714396
defunco,0.9558381
continuio,0.8857548
soporo,0.96915334
uigil,0.9881651
resurgo,0.9560361
troes,0.9693462
andromaches,0.8874122
phrygiae,0.8377507
lucrosus,0.93413776
napus,0.9077126
peraro,0.92588633
graphium,0.857185
corsica,0.9758869
bubo,0.9440393
suu,0.8027728
umeo,0.9841104
reparabilis,0.9680441
obicus,0.89008176
duc,0.7645701
lucretus,0.94672835
aeneius,0.91021323
castalis,0.92947584
uiuam,0.7478552
miratus,0.8159207
clausa,0.78612936
elegi,0.94333154
sanguinea,0.874362
rapo,0.97832584
liniger,0.8580448
deme,0.879555
iunonius,0.8870186
liueo,0.98821664
uulnera,0.9474875
pharetratus,0.9565109
decepo,0.92416465
qaeque,0.9065857
subrubeo,0.81144124
decenter,0.9674293
trisulcus,0.97022533
alitis,0.86379695
uultur,0.9874244
graculus,0.87582827
thersis,0.9226627
procellosus,0.9750593
innocuus,0.9895955
sordida,0.9055629
admidior,0.95051146
phoebas,0.872162
relanguesco,0.96232855
nota,0.9331395
laxe,0.92196006
cautes,0.9910528
charybdo,0.87175775
exaspero,0.9814166
threicia,0.93296444
nereidus,0.9369142
biluster,0.78073967
atris,0.8680313
inmisceo,0.93269414
lapithas,0.8839661
biformis,0.9860528
spectatrix,0.9361248
memphis,0.98432434
palmifer,0.86699677
sistrum,0.9775184
osiris,0.9114802
lato,0.8547646
ilithyia,0.8630372
peltatus,0.9056505
ity,0.9499848
utra,0.87080526
iaso,0.8066647
adstringens,0.82116485
quodue,0.8164686
liquent,0.7921788
pallada,0.93023974
gramineus,0.9788996
obumbro,0.9450028
libycus,0.9953593
malea,0.8535131
transnauo,0.79604393
cyther,0.9074762
nereida,0.9093463
egeria,0.92428905
cothurno,0.92070526
penelopes,0.92172277
vlico,0.73554707
elissas,0.93812734
refoueo,0.98727894
danae,0.9273619
lauinia,0.97242576
paridae,0.9721171
troas,0.9586387
teucri,0.9503347
auerteo,0.9440746
aeolus,0.9722713
sonora,0.9517226
quatenr,0.96796155
tydis,0.8910448
aeacidaeus,0.9708618
uades,0.97812724
orontes,0.92932284
aba,0.891602
aletes,0.8077097
disiego,0.74492383
tantanus,0.97133815
adnixus,0.8863333
defessi,0.85415995
aeneada,0.88637483
secessus,0.97915995
desuper,0.9559212
collicio,0.8948239
achates,0.9499042
fomes,0.92895645
anthea,0.5817245
iactaior,0.88501024
frondeus,0.85336924
scyllaea,0.89703614
cyclopia,0.9239788
orontius,0.66511786
amycus,0.9246135
antenor,0.96224415
illyrici,0.9616214
hectorea,0.87532836
mycenas,0.8245442
ferocium,0.95751214
uenatrix,0.96496713
maculosa,0.85122967
agenor,0.9686166
pygmalio,0.9680299
immanus,0.87287074
byrse,0.82615006
conuulsa,0.87136066
interfor,0.8186452
despecto,0.98043585
magalis,0.8986416
subuoluo,0.8654108
leneo,0.81415725
atridas,0.8213835
cristatus,0.97150815
iliades,0.8361086
eoas,0.92505354
amazonidus,0.8888816
pelta,0.9414705
penthesilea,0.9634345
cynthus,0.931697
latona,0.9795755
introgredior,0.9398157
nimbosus,0.98305964
nefor,0.9667145
sicania,0.97594166
dardanides,0.9303789
erycus,0.85931116
afforo,0.8288188
troius,0.9182936
phrygium,0.87930185
sidona,0.902628
myceni,0.96314573
inconcessus,0.93060476
ilio,0.86749625
aliger,0.9802109
phoenissa,0.9544456
iunonia,0.94327265
cytherus,0.91111815
fotus,0.8571755
idalia,0.9460671
amaracus,0.9507057
lympho,0.94893444
desuetus,0.9482594
laquear,0.97828543
iopas,0.8953364
atlas,0.98709536
conticuero,0.9706576
troianas,0.89507794
prouicio,0.9285929
mycenae,0.885352
recutio,0.95424974
insono,0.9690181
consanguinitas,0.9349644
pellax,0.7901182
intemeratus,0.97879815
miserescio,0.92059034
uiolabilis,0.9133185
nefo,0.92090976
tritonia,0.98483765
remetior,0.9433923
peolopea,0.84646547
squameum,0.93759835
tritonis,0.9175046
dardanidus,0.91319704
myrmidonus,0.9128008
conticueo,0.9140947
phalanx,0.974983
sthenelus,0.94964737
thoas,0.85079724
machao,0.69093484
cruentum,0.92493284
othryadesus,0.9140183
ineluctabilis,0.96874726
dyma,0.8435956
agglomero,0.931575
aspr,0.69083095
fidio,0.95383406
priameius,0.8995638
furio,0.9652227
spumeus,0.97739184
seruantus,0.8192054
hypanus,0.83884466
iphitus,0.8354892
peruius,0.99102575
andromache,0.9740552
incomitata,0.89903384
astyanacta,0.97463536
naue,0.943242
pauida,0.9533311
condendo,0.93006605
longaeuus,0.9829736
umbo,0.9908787
pelida,0.9467394
lapso,0.9431179
implicesco,0.90713763
regnator,0.8047043
auulsus,0.9476215
aequaeuus,0.9553455
praemetuo,0.8673565
exarso,0.9696566
iliadus,0.6710137
ultrix,0.98823017
hauseo,0.86824894
tyndaridisus,0.90516317
limbus,0.9518434
effulgeo,0.9859798
gorgo,0.9608926
affo,0.85927963
alama,0.9353433
inserto,0.9297339
lambio,0.9253045
fuluo,0.8037658
soniio,0.90307385
asylum,0.9786162
thybres,0.9621694
dilecta,0.7657315
grai,0.7973921
antander,0.83282036
lycurgous,0.8470548
aeneadas,0.8774977
dionaea,0.93226236
getici,0.9707049
obluctor,0.8539364
lacrimabilis,0.9691311
polydorus,0.94901514
teucr,0.7370289
agamemnonia,0.96179664
uictricius,0.9845048
cymbium,0.9166858
myconus,0.81101453
anius,0.82163996
ueteres,0.83108526
rhoetea,0.8325267
pergameae,0.8523762
corybantia,0.9117888
cretaeus,0.9415442
nhaxus,0.8683821
donusa,0.8407787
allabor,0.95835257
pergamea,0.8401197
tabidus,0.9750884
ausonia,0.98341346
portendeo,0.9821855
inuoluio,0.9097624
nimbum,0.9247079
adnigo,0.8371321
harpyia,0.9723039
phineia,0.86643946
proluuio,0.8230499
caprige,0.8610021
laomedontiada,0.9004984
derigeo,0.93306315
nemorosus,0.9811709
dulichius,0.9441249
sames,0.7092004
laertia,0.93009317
circumuoluo,0.8720726
glacialis,0.98681515
gestame,0.9712078
abas,0.883993
chaonium,0.89321077
deriguo,0.94494075
ueranis,0.69889474
achillea,0.8976601
enixus,0.8084339
ledaea,0.95966077
hermiones,0.81215084
chao,0.8931713
incassum,0.9458333
scaea,0.8698132
tripodas,0.9773578
clarius,0.9351425
natas,0.6229737
secreo,0.93667483
graio,0.9281345
transmisdo,0.8116654
adoperio,0.96995974
peloros,0.9493048
uetusta,0.9631137
charybdes,0.87320316
trinacrius,0.9733975
pachyni,0.9669638
circumflecto,0.83517313
cumaea,0.8821404
lebes,0.9019914
trilix,0.9135705
conus,0.9563315
pergameus,0.9103492
praeterlabor,0.92784905
picturatus,0.9496225
hectoreas,0.84717214
thybrim,0.9738921
thybridis,0.96451914
crebresco,0.9704648
armisona,0.9299069
graiugenus,0.92020226
nauifragus,0.84873676
piceus,0.9762795
intremo,0.9846637
trinacria,0.96167326
sidereus,0.98941886
tegume,0.9550039
oblitusue,0.80032325
cyclopas,0.8921054
solame,0.9867243
effossus,0.9262467
infrendo,0.9669142
aetnaei,0.9281687
conifera,0.8572835
pantagia,0.92581475
reotrorsus,0.91013145
sicanius,0.96331376
praetento,0.97046363
undosus,0.96360207
praepinguis,0.9262336
gelo,0.96878195
acragus,0.7750614
renarro,0.9521862
anna,0.9003539
solanus,0.6338264
iarba,0.91294307
insuperabilis,0.9775645
infrenis,0.8992707
inhospitus,0.98763394
barcaeus,0.9081125
innecto,0.9872518
quassatus,0.927918
extus,0.64048564
letalis,0.97958887
digredo,0.8989468
persentio,0.81828654
uenabulum,0.98509705
massyli,0.89795756
agathyrsi,0.9590486
pronuba,0.9814703
maurusia,0.98330045
torqu,0.8891041
semiuir,0.9726038
cinguo,0.8145537
piniferus,0.9172391
cyllenia,0.9082271
iaspis,0.9599515
attoniueo,0.9445813
trieterica,0.93194556
libyca,0.8931285
nomas,0.9774473
recidiuus,0.974388
hyrcana,0.967401
admoro,0.9082296
infabrico,0.8540824
conuecto,0.92013407
quosue,0.95776975
dedeo,0.67301685
persento,0.86513376
turicrema,0.89005506
nigresco,0.980973
feralis,0.9845686
agamemnonius,0.946079
dira,0.8108577
massyla,0.97372514
soporifer,0.98150784
funereus,0.9860446
erebus,0.88255703
tergeminus,0.9721354
messa,0.69876146
pubo,0.84295523
recincio,0.91896915
rursusneo,0.8748384
elissa,0.948944
imprecor,0.9628291
annas,0.82766074
interfudo,0.828668
semianimis,0.97032446
irim,0.8654486
libystidus,0.8709729
grator,0.9397976
famulumnes,0.7974014
mnestheus,0.8829699
pristim,0.725028
coris,0.9187075
fauentus,0.8934289
imo,0.8118281
obnico,0.9105681
phorcus,0.9435288
portunus,0.8843614
maeandrum,0.930949
praepens,0.9450159
longaeuis,0.87672853
demoleus,0.83595
phegeus,0.8869915
conixo,0.62687004
cymbia,0.8426827
taena,0.89888537
seminex,0.97227633
pholoe,0.9673798
euryalus,0.9577774
proclamo,0.9909819
onerosum,0.92386186
paridem,0.88563395
butes,0.87544775
bebrycia,0.9184765
laeuo,0.9614992
eryx,0.93396866
effeta,0.8833996
anchisiades,0.9118666
alcide,0.92558366
interritus,0.97668433
praeuideo,0.9710905
eiecto,0.9404841
traiego,0.76823187
hippocoons,0.87729585
attono,0.98904157
exsors,0.97149223
cisseus,0.83932024
infudo,0.79368854
flexilis,0.96409893
obtorio,0.8972225
bicolor,0.9519981
atys,0.84041923
infenso,0.8077586
labyrinthus,0.96548223
indeprensus,0.904667
irremeabilis,0.880271
longaeua,0.95043224
infaustus,0.9930006
pyrgus,0.8603196
rhoeteius,0.90503293
uulcanus,0.99081624
troianos,0.8255343
madesco,0.9743099
debello,0.9744922
acerra,0.94182473
transcribo,0.9786498
erycinus,0.8899238
exusdo,0.9199124
lauro,0.9003007
ceta,0.922932
nisaeus,0.8158386
tenebrosus,0.9651151
soporatum,0.8221081
inopinus,0.97848594
sirenes,0.90940905
inextricabilis,0.9516674
excisus,0.75781786
paridis,0.8955966
massylus,0.9361914
praescius,0.97919416
indebitus,0.89563173
defo,0.71177065
audentus,0.9278926
inopinauus,0.91274667
indulgo,0.9538114
auricomus,0.9027957
aduoluo,0.9892746
sequentus,0.7447343
feretrum,0.949676
libame,0.9725864
phlegetho,0.9775854
uipereus,0.9895694
somnia,0.93286115
centumgeminus,0.8897977
briareus,0.9505138
gorgones,0.9278216
ausonii,0.87955993
uelini,0.81423867
emoo,0.76656365
sutilis,0.96666336
obiecta,0.5049472
perosus,0.9855654
myrteus,0.9437939
procris,0.86884004
caeneus,0.8393979
lenibat,0.75258005
marpesia,0.85755676
tydeus,0.92048156
caduco,0.7705387
lacerus,0.9783116
pauitao,0.8240259
mersor,0.90647376
aeolides,0.87401474
pelage,0.91292155
adamas,0.978369
exsomnus,0.8438902
rhadamanthus,0.9305498
titanium,0.9552958
imitabilis,0.9375572
cornipes,0.99192363
fumeus,0.8510647
omniparentus,0.8615889
obuncus,0.9479515
regificus,0.8918406
amoena,0.96039
uirectum,0.91326976
iactao,0.75222874
praenato,0.87939465
aapes,0.8319243
complo,0.7072983
uenientum,0.91438997
regnandus,0.8240022
gabii,0.91606903
fidena,0.941722
inui,0.7104689
berecyntia,0.95183575
garamanta,0.954435
caelifer,0.8749927
fixeo,0.826144
erymanthus,0.9091595
cures,0.9052805
mycenus,0.86782396
aeacides,0.9877198
rebello,0.9816383
tiberina,0.87296367
inaccessus,0.9624321
ululare,0.9341713
eratus,0.9250252
turnus,0.92636454
mephitim,0.8781704
itala,0.9370371
oenotria,0.9455352
acheronta,0.96260464
effultus,0.8716637
ausonias,0.8700813
adorea,0.88740045
crustus,0.8943881
quadra,0.9452352
thybris,0.9495139
primaeuus,0.986278
bifrons,0.9221099
ancile,0.8900552
aurunci,0.9126251
innocuum,0.8787161
indecor,0.9311481
abolesco,0.85943633
temnis,0.7932329
naueo,0.7645381
fideo,0.92083645
lapithus,0.8516907
inausus,0.91310585
taedus,0.7611757
pluto,0.93411434
tartarea,0.98019713
dissice,0.8882979
gorgoneus,0.9810325
tortilis,0.94743794
laocedaemona,0.9630998
acrisius,0.9232223
crinalis,0.96388507
tyrrhenae,0.9295418
uerberus,0.9086877
cocytia,0.90619105
tyrrhidae,0.8986009
nutribo,0.8522426
assueo,0.8443074
obustus,0.8642823
sulpureus,0.9211191
nar,0.8540257
balantus,0.94190884
fragosus,0.9722291
infandum,0.919112
gabinus,0.9251973
aeneades,0.90020025
atina,0.84712434
thoraca,0.96549904
mezentius,0.91455954
lausus,0.85976475
debellator,0.88948745
rhea,0.8982607
cora,0.75180095
fundator,0.8007128
caeculus,0.71744365
anagnia,0.9419457
galerus,0.8685955
pero,0.84002084
messapus,0.84188235
fescenninus,0.9412545
amiternus,0.89314574
oliuifera,0.857661
mutuscus,0.84665835
nursia,0.89934886
allium,0.86544615
uulturnus,0.9462435
aclys,0.84265876
falco,0.86228675
telo,0.37164623
sarra,0.80372745
sarnus,0.88582003
abella,0.81450224
teutonicus,0.96882135
cateia,0.7421912
montosa,0.802172
nersa,0.7899902
archippus,0.794884
eualo,0.90580946
somniferus,0.777676
angitia,0.7868142
fucinus,0.89926046
uirbius,0.8840418
explo,0.91126704
paeonia,0.9487591
repertoer,0.90777725
phoebigena,0.8623765
uomere,0.9280623
uolsca,0.84864134
repercutio,0.9858141
pallanteus,0.94971675
concolor,0.98702586
luctame,0.96115774
euandrus,0.93366283
arcas,0.98612744
pacemnis,0.93025094
paciferus,0.85586315
cyllena,0.77917314
temptamentum,0.93150747
intertextus,0.9010211
lustral,0.7122198
troiane,0.88365936
cacius,0.90457773
tergeor,0.8746435
geryona,0.9642469
scelerisue,0.8655985
doliue,0.80672354
amphitryoniades,0.94208694
mugeo,0.8177928
cacus,0.967513
tirynthius,0.9664504
fumifer,0.8666254
potitius,0.9466797
pinaria,0.85121536
nubigenus,0.9146452
bimembris,0.8764657
cresia,0.84020245
stygium,0.9393858
indigenus,0.9832156
sicana,0.84159267
tremendus,0.9726988
carmentus,0.7218993
carmor,0.8617821
tecio,0.64535594
libystidi,0.8975983
incassumue,0.7834358
tithonia,0.94453365
abaco,0.8747016
ignipotens,0.9722461
uulcania,0.92711854
steropes,0.8851134
pyracmo,0.8636621
torio,0.776347
gorgona,0.9304537
desectus,0.978523
uulnificus,0.9623234
sospo,0.8706361
defendier,0.8627032
tarcho,0.7698785
capessus,0.83747005
pallanta,0.9488426
sudus,0.91282994
puluereus,0.9697856
caeritus,0.78543866
pelasgi,0.8444388
secreio,0.9628909
fatiferus,0.75343895
inardesco,0.9462186
impauidus,0.9865656
romulidus,0.8812994
mettus,0.91018516
quadrigaes,0.9139073
cloelia,0.9610524
gaesum,0.94418985
pilentum,0.8955412
tartareas,0.95932287
latrator,0.9205967
anubis,0.97128636
actius,0.76462173
iapyx,0.96762145
sagittifer,0.9551015
geloni,0.9174476
araxes,0.9705787
pilumnus,0.8804237
euandrius,0.90818274
quassano,0.6520534
laurentia,0.7199803
nereia,0.940404
stygiium,0.8454444
offulgeo,0.9167005
uirginea,0.91190445
messapo,0.68916273
centenim,0.8367298
aeneadum,0.87859696
nisa,0.80424327
redempo,0.95276386
contigi,0.9117247
solaris,0.87574524
proflo,0.9354534
singulto,0.95804983
fadus,0.7336791
abaris,0.74244064
tapeta,0.9402226
caedicus,0.79287153
dendo,0.9539952
onerosus,0.9693456
quauis,0.7987568
transabeo,0.9226259
infraco,0.9326311
uolscus,0.9246658
adsueti,0.8462038
transfodior,0.9227352
uenantum,0.96797144
balatus,0.8970189
lucetius,0.8032919
liger,0.88967085
dioxippus,0.9050167
sagaris,0.886392
dindyma,0.9758614
biforis,0.9358464
flictus,0.8391138
incresco,0.96649855
thebana,0.9082459
tepesco,0.9742033
falaricus,0.941574
inarima,0.86252046
phegeas,0.8500457
lyncea,0.8022213
uastator,0.97174907
impropero,0.7601577
discusdo,0.91589475
inundo,0.97731006
arpa,0.7673533
intempto,0.95784956
amathus,0.7642914
paphus,0.93061596
cythera,0.91735655
indignum,0.5509926
obtendeo,0.8113344
sarpedonus,0.9049539
menestheus,0.90032417
fuluum,0.9229733
oricium,0.7268785
terebinthus,0.94333375
generose,0.91354847
cultum,0.7423701
euandrum,0.896036
phrygii,0.94899756
gorytus,0.7713389
populonia,0.8925381
ilua,0.822946
inexhaustus,0.95818985
praesagus,0.98189485
caeres,0.82874775
minio,0.5872661
pyrgius,0.75341016
intempestae,0.5791122
hispidus,0.9807179
inuita,0.81260216
rutula,0.82538414
tri,0.61488855
uerdo,0.9208759
inoffensus,0.9713019
thero,0.859758
cydo,0.92145634
maeonis,0.83920693
achatus,0.7530423
threicii,0.9258175
pedestris,0.93898296
lagus,0.7629858
indiscreta,0.85800016
thymbrus,0.86958516
ilo,0.60596263
tyre,0.66342425
strymonium,0.8912827
thoans,0.83610713
contiguus,0.97249615
moliio,0.91709536
euander,0.88908213
tremibuo,0.90532994
pallans,0.9338244
gradiuus,0.9879149
tepo,0.96383613
ausonidus,0.88182706
amyclis,0.9365167
aegaeo,0.9298589
intepeo,0.9409527
quadriiugis,0.944204
tanto,0.84523517
cadentum,0.945408
hebrum,0.84233594
mimanta,0.9262812
theanum,0.7909466
uesulus,0.79886854
infremo,0.9596653
acro,0.84242207
orode,0.91730905
orodes,0.94843274
sacrator,0.6420399
praedur,0.8684866
lycaonius,0.93982744
auita,0.85640186
intextus,0.9216411
tyrrheni,0.93861204
uolutus,0.8110146
arce,0.9029124
detono,0.9323606
acclinis,0.94869965
adao,0.7764554
primitiae,0.89761716
honos,0.62958205
euandri,0.8649831
quernus,0.93341005
obtentus,0.94666773
strame,0.97985023
demetto,0.78919935
obnuo,0.87169576
aetho,0.95459646
praedulcis,0.96336955
primitia,0.92830884
rudimentum,0.9767806
tyrrhenius,0.95540273
tyrrhenum,0.92085814
cino,0.8195798
maerentum,0.7912766
ingrauo,0.9522498
diomes,0.9362683
aetola,0.91794604
diomedem,0.8451016
argyripa,0.9065108
garganus,0.9662379
caphereus,0.9654678
amidior,0.93873173
dardanidi,0.85981023
desolo,0.96356297
infleta,0.7786952
patrium,0.88408726
arcada,0.9021169
hadriaca,0.87654287
regresdo,0.97634274
dissensus,0.9300986
caterui,0.9040311
equites,0.8404527
accommodus,0.95303726
amasenus,0.7673923
contortus,0.8913835
immulgeo,0.91323435
obtexo,0.8967915
superiacio,0.97225076
morient,0.87376463
impatiens,0.99289757
herminius,0.8989339
amazo,0.98727906
exsertus,0.96399224
indefessas,0.85751975
lecno,0.8140465
thermodontus,0.8676591
bellor,0.7986191
liris,0.82658637
terea,0.7408943
pugnator,0.9477157
redargueo,0.803772
appenninicola,0.9066336
aunus,0.77008176
carbaseus,0.885605
soractae,0.9227033
remulceo,0.8960542
acca,0.8778032
accus,0.7111162
furentum,0.7603692
maniplius,0.9389706
ruentum,0.86277467
desertoer,0.8905012
recaleo,0.89198244
albo,0.93536234
medendus,0.8573438
idmo,0.8967786
properium,0.8349426
orichalcus,0.86667174
rubra,0.8313552
conuersum,0.7672911
cesseo,0.9520481
adnueo,0.920879
dialuuio,0.9020081
iuturnus,0.8982418
adsimulatus,0.93190014
litorea,0.923656
stridula,0.9605124
gylippus,0.81641
transadigo,0.97667104
missile,0.99066925
trabalis,0.925812
calentia,0.85209644
torris,0.86272794
podalirius,0.9168116
superimmineo,0.85012555
hebris,0.9478642
dolonus,0.89515954
sternax,0.83941954
retectum,0.80030125
thorax,0.97933805
deposito,0.67933583
paeonius,0.91709995
cadenio,0.7667048
dictamnum,0.8785629
ambrosius,0.8313772
panacea,0.7830001
thytmbraeus,0.853428
osirim,0.926832
ufentem,0.73660386
metiscus,0.90078604
celerrimus,0.89542127
abscisus,0.9812929
echionius,0.9361194
lyrnesus,0.91688323
commixo,0.7676167
sax,0.6796783
sonoro,0.9490473
obnigo,0.90830255
trus,0.8950189
resplendeo,0.97435313
ahnhelus,0.9212278
megaera,0.96650875
euerbero,0.9473762
concerno,0.93104726
edio,0.8967492
olympicus,0.90262413
myrtous,0.8541146
euterpo,0.7633294
polyhymnia,0.9270084
lyricus,0.973904
persaeum,0.8815075
dissociabilis,0.9088255
pyrrha,0.95239836
tydide,0.9469234
larisa,0.89403635
anium,0.6623018
receno,0.84020174
recino,0.95496976
haemus,0.97044605
soliio,0.9633967
ors,0.7408947
inmodicus,0.9914394
imperiose,0.636109
collino,0.7867305
nestora,0.9162053
salaminius,0.8651159
dindymene,0.85575724
noricus,0.9322493
steto,0.95558906
lucretilis,0.7954133
thyma,0.9023888
semeleius,0.9468882
quatia,0.85699266
glycera,0.89787865
parium,0.9545044
scithas,0.9519002
formia,0.8349637
fabulosus,0.9832696
chloe,0.84289396
melpomene,0.9393612
quintilis,0.8873958
uergili,0.95204145
orpheum,0.88422596
iactes,0.84445715
ulcerosus,0.89227265
acinax,0.92436886
thessalis,0.9740298
triformis,0.96333516
sospis,0.839435
iccus,0.7900065
sabaea,0.9166166
calabria,0.9628263
lira,0.80263066
barbio,0.8005763
praeniteo,0.9656116
myrtalis,0.8023467
retrorsum,0.9786866
profugius,0.90996313
scytha,0.9808594
cas,0.86020344
massageta,0.9616806
mareoticus,0.96029913
expauesco,0.99246955
philyra,0.79607177
mes,0.85970795
lamna,0.94912004
sallustus,0.9443247
hydrops,0.85854167
briseus,0.8349314
cantabrus,0.8798834
argeo,0.727592
aulo,0.7485851
redono,0.8540273
lauru,0.92180264
inpubs,0.8542303
troilo,0.86945415
cantaber,0.8878161
assyria,0.92721033
deuis,0.79147434
lyde,0.8342588
mygdonia,0.9391055
colcha,0.854821
furuus,0.9735208
sappho,0.9655621
lynca,0.8354458
geryones,0.90824366
nalis,0.49795538
tinctus,0.81995094
librum,0.75653946
inlapdo,0.90125155
promethea,0.9011051
turbidum,0.91108584
daedaleus,0.83399516
superuacuus,0.9865302
costus,0.9707613
inpauidus,0.9224406
laomedo,0.89153343
adulterus,0.9173665
medes,0.77133757
europe,0.9260799
titanae,0.6813333
porphyrio,0.8480476
integra,0.552971
tityus,0.9031136
probrosus,0.9563648
pacor,0.8820453
funero,0.9666088
dacius,0.897961
glacio,0.8936856
pierium,0.7599053
tityos,0.8626106
neobula,0.8045826
fruticetum,0.89080673
nodum,0.95723975
thyias,0.8360845
calabra,0.8544742
mygdonius,0.9703784
bimenster,0.8456119
fugientus,0.8594291
rhode,0.77287143
pyrrhe,0.821102
pomifer,0.96319246
thrace,0.9677374
rhoodope,0.8786754
deuium,0.701821
parcis,0.8268973
tanaisus,0.97197926
tyria,0.9127239
perennus,0.76618236
pyramis,0.9736264
uiolens,0.9242709
lcio,0.87023187
iuuans,0.9641702
digitum,0.97810036
hecata,0.90125626
perdomo,0.9877604
phaeacia,0.855398
pharia,0.9748292
tibullus,0.8499165
elysii,0.8402195
dictynna,0.9624692
nubifer,0.9624032
marathus,0.85603416
doma,0.8242942
deuotus,0.9528331
nerei,0.94991887
excreo,0.90281695
aquitanus,0.88925546
atax,0.84808123
tarbella,0.7464038
pyreneus,0.8147758
santonicus,0.9365274
garunna,0.9129579
aethereo,0.85353804
palaestinum,0.72258383
osiri,0.8313116
humens,0.89724076
ista,0.7628488
canio,0.715436
lucas,0.91081315
falerni,0.8244073
aquitana,0.8255806
caelit,0.90311193
desuesco,0.93965364
textrix,0.876795
celebr,0.9524064
pustula,0.95208347
coagula,0.96771324
pytho,0.7714612
iugeo,0.7651401
indomio,0.9457991
cumana,0.7928291
granda,0.91975814
secura,0.8438804
torquo,0.869387
fino,0.8160951
sopo,0.7529703
sanguinolentus,0.9438623
sulpicia,0.9149646
consummo,0.9808298
quaera,0.74711144
clamnis,0.8244904
deprendeo,0.9776405
camenae,0.9565539
arnus,0.8919406
audace,0.8204888
qualemcus,0.9565246
phaeaca,0.8112618
fortunata,0.87788016
ant,0.7278402
diuerse,0.6533015
sortita,0.8986863
aonium,0.93755937
sueuus,0.9268019
gemmiferus,0.86401343
armigeo,0.9656366
sparseo,0.7539151
lygdama,0.774107
tumefacio,0.9498904
querulus,0.9802687
pharius,0.9843698
silendus,0.950213
paridus,0.9372014
pressum,0.91120636
praxitele,0.9230453
uelifer,0.83602166
palladiaa,0.8100713
eurymedontaus,0.9413692
pelusus,0.81638736
omphalis,0.8654939
nexeo,0.7431337
liburna,0.8690477
uerendus,0.9901285
syphacisus,0.9035289
leucadius,0.8162039
araxis,0.8910707
cataphractus,0.9726489
cinnamo,0.9379724
operibo,0.75997466
creusum,0.8652066
idaei,0.9133822
lauriger,0.97229654
pancratium,0.77234346
dirce,0.92196894
nycteus,0.8725382
asopus,0.82971656
amphiona,0.87288314
nysaeus,0.95192313
naxos,0.9410551
turriger,0.9172373
pindaricus,0.8996593
praessus,0.94453645
gemmeus,0.9612938
salmo,0.8267672
myrrha,0.9435933
uenumdo,0.9531229
cretaeas,0.8111162
tantinus,0.632518
uixs,0.8716578
hadriacus,0.9442238
undisonus,0.9345459
cyzicus,0.910177
atlanta,0.9454975
geryoni,0.85219395
cerasta,0.9672102
penthea,0.8964172
sinae,0.8406994
uulgor,0.91851115
qualescum,0.93571734
glyco,0.81280744
uinosus,0.9613327
uiuarium,0.9459663
protea,0.9184999
subucula,0.8883543
disconuenio,0.90047
lollus,0.86406696
atride,0.9419275
sirenus,0.9092897
hydropicus,0.8979672
acesco,0.9128485
ceruina,0.95381653
repetio,0.9083255
salubris,0.7937894
petrinus,0.70233345
moschi,0.8605067
olidus,0.9671252
gaudeio,0.84453034
nummo,0.7637896
gargilius,0.85722303
dissignator,0.88146687
inlino,0.96263707
calaber,0.92204016
tortus,0.9204072
lesbo,0.91569895
samo,0.8210958
mytilene,0.9182905
defudo,0.87747335
asina,0.8590192
salernus,0.76137215
perluo,0.94282496
temperies,0.98522353
incuro,0.77421397
sabellus,0.84232944
amiculus,0.8143809
ferentinus,0.9199586
posceo,0.86644876
periscelis,0.78258145
inconcinna,0.8016107
minucus,0.8519978
postpono,0.9758596
speciosior,0.9100483
cantabricus,0.90210044
inexcusabilis,0.88836884
inreuocabilis,0.9667264
uenerandus,0.8629676
parii,0.8239896
fidice,0.9251144
inmemoro,0.8345138
pulpitum,0.97924745
sigillum,0.95782924
sordesco,0.8903216
vticus,0.795192
admouo,0.8846303
lollius,0.8925514
chalabrus,0.9556143
primordius,0.90942824
septingentesimus,0.9562346
praeualeo,0.9800273
pylaemene,0.8684701
ueneti,0.96539986
laurentinus,0.9244968
gravatim,0.6429642
lavinius,0.92247415
silvius,0.9293796
silvia,0.86874807
alluuius,0.8493818
faustulus,0.9490408
larentia,0.9067818
arcadus,0.90348625
inuus,0.73501885
muneo,0.77050084
geryo,0.974394
evander,0.91430616
ueridica,0.75161886
impletur,0.69407296
potitium,0.8811244
caeninenses,0.91896486
hospitaliter,0.9320134
thalassio,0.9025486
violao,0.77030265
postmodum,0.9041869
antemnas,0.8245894
hersilia,0.9278204
crustumini,0.8456665
tenuor,0.8450173
mettius,0.9748411
ferocissimus,0.9694692
lucerus,0.6155919
obsitum,0.8160084
effusior,0.97231185
fidenatus,0.79923636
recenso,0.7807968
abstulo,0.7500963
leniio,0.70156485
auctos,0.74148184
crotona,0.91414636
dissono,0.97960466
baculum,0.9833707
desuetudo,0.9105634
actiacus,0.9536413
efficacus,0.9517996
acceptissimus,0.93162984
dialis,0.98253363
negaio,0.73526394
fufetium,0.9429574
orsus,0.92656285
deservo,0.84800047
curiatii,0.76734
trigeme,0.91183895
paludamentum,0.9766338
comploratio,0.9163878
duumvirus,0.8597952
obnubeo,0.8458673
lueo,0.7710862
sororium,0.84120154
desco,0.8390503
confluens,0.97115743
lustralis,0.95035005
ruptor,0.8579338
praemissis,0.5751277
adiectio,0.9784485
circumspicor,0.9571032
novendialis,0.94244957
sollicitas,0.9186729
avitus,0.9173738
abiio,0.7320446
deses,0.9588884
aequiculum,0.84623957
demando,0.956388
sublicium,0.93324316
ueientibus,0.7617549
lucumo,0.8978289
demaratus,0.9287386
tanaquil,0.9629534
carpentum,0.97360545
superpono,0.9847386
conspicuum,0.8954891
uenaio,0.8547267
instructe,0.8141308
duodeni,0.8317969
ram,0.6520885
fiero,0.82717395
cunctanter,0.8867062
impago,0.90984976
corniculum,0.9401213
noua,0.89384675
conscripo,0.8273895
uiminalis,0.88435936
praefluo,0.949442
tullia,0.95245934
elanguesco,0.97304106
infestior,0.96510136
prensare,0.75136286
attoneo,0.9678631
validus,0.9108269
dianius,0.7251781
circumsaepio,0.9128579
mamilium,0.8582952
asum,0.90268815
insectatio,0.9604585
tullum,0.6485756
taedet,0.858605
petiio,0.7325816
saeveo,0.8304897
gabini,0.83988816
adsenteo,0.76539016
promptissimus,0.9673329
gabiae,0.7915742
decussio,0.6783725
diuisui,0.85656005
exauguro,0.87127954
addixor,0.75317436
purgamentum,0.93958193
circeius,0.846688
pythica,0.8805595
praepolleo,0.9562597
comisatio,0.90302026
incalesco,0.99026006
iuvenalis,0.9459261
sopitis,0.8359747
uolesus,0.8515108
invoco,0.92551494
cao,0.76155144
immatura,0.84982216
consula,0.84283143
adsumbo,0.8547318
inlitus,0.9527566
vindicius,0.6068057
adsueo,0.82455873
arsia,0.67935485
nunquam,0.68621933
dedicatio,0.9521113
foeed,0.8968107
obsidendus,0.9319273
populatio,0.9745341
crueno,0.95420563
nequisco,0.80677855
excitaueo,0.8572739
crivio,0.66032284
turbator,0.90875065
dignatio,0.9704468
auruncus,0.89513355
opiter,0.82111585
obsesdo,0.9466214
adfuo,0.85841566
calcaria,0.8797128
admoo,0.88110566
aristodemus,0.8849995
exsultare,0.7901641
lascivire,0.74935246
mansueo,0.5610849
inriio,0.7681178
obstupefago,0.9047655
trifaria,0.94717485
intestina,0.8292133
aventines,0.7570318
secestto,0.79060817
longulus,0.7894381
coriolus,0.8915771
arrepo,0.88187194
uincto,0.88933015
defungo,0.6977975
exacerbo,0.9611813
spreo,0.8968428
praecavo,0.78984576
obvius,0.90576434
trebius,0.87758887
populator,0.9140176
ueturia,0.9426413
uolumnia,0.9410285
obvia,0.8655486
neca,0.74273497
caeso,0.9252752
ortona,0.8407388
tibus,0.8821682
praeproperus,0.9619081
obequito,0.94200796
pugnavo,0.828014
iuravio,0.9048991
vanus,0.89923275
aspernas,0.8416693
uividus,0.8496778
depopulor,0.841997
cremera,0.958614
cuneo,0.96862966
occidio,0.9626852
hauds,0.8340361
exolesco,0.9679446
nautio,0.8172654
caedicius,0.90847015
manipulatim,0.8924301
potentis,0.8103686
superatus,0.85225546
populatus,0.8596371
manlio,0.8560246
respexeo,0.88928044
dilapdo,0.97832596
genucium,0.845035
uolero,0.85259604
publilius,0.90390575
infestum,0.775794
recentis,0.7258774
ardo,0.7029718
siccius,0.8125082
duillius,0.95414835
segniter,0.96535504
populabundus,0.85602355
submouendus,0.8768557
egretto,0.87634325
numicius,0.8936719
caeno,0.6595526
pavidus,0.94293475
socialis,0.9606517
multifarius,0.79332006
antiae,0.9408541
togo,0.7106919
citas,0.84332263
auersor,0.98581374
submouens,0.90926164
mansuefacio,0.8785869
augustissimus,0.9308037
demero,0.6532981
impeditur,0.56666267
educio,0.8002036
iuraso,0.70731807
uanius,0.8196682
uibulanus,0.8745076
antias,0.8697678
adfectans,0.96154886
septendecim,0.7642532
transvectus,0.7986807
aternium,0.92991984
decemvirius,0.9466781
insectator,0.9303692
perlao,0.77880144
aceruo,0.9286936
merenda,0.6540172
decemuiratus,0.79184955
decemvio,0.9321606
tribunale,0.9431875
temptatio,0.9071455
abolo,0.96391916
praeferox,0.8360156
mirabundus,0.90177464
desueo,0.9133004
laetius,0.80399805
poster,0.53562844
frequentis,0.8198979
imaginarius,0.9376007
poetelium,0.8377164
plebeia,0.8284372
adsertor,0.9636488
arcessio,0.9119935
uindicium,0.7537725
lacrimabundus,0.8077274
uerginia,0.8855227
inscium,0.7681905
succlamo,0.93418026
interemptus,0.94745034
cuina,0.78708875
concremo,0.97348475
eleco,0.581086
apronius,0.88416076
saevio,0.94318455
honoratissimus,0.86750466
succursum,0.8746376
octio,0.773913
sibimed,0.9462973
inlibao,0.90161604
degravo,0.79144824
apollinare,0.78075373
macerinus,0.8234498
iniunctus,0.95023525
desidis,0.6985969
iuventus,0.9315412
detractatio,0.73659855
praelatus,0.95757306
ignominiosa,0.9271217
territandus,0.82523656
adgressus,0.91200805
incontaminatus,0.83663285
illino,0.9754323
corniculana,0.8874535
peregrino,0.8466399
trecentesimus,0.94759417
delatura,0.789739
mugillanus,0.87070835
ostentor,0.7683126
postulatus,0.92036605
dearmo,0.7858738
triumvir,0.8979447
heluus,0.88820827
remanendus,0.84240246
lanatus,0.93641216
adgravo,0.7783121
praediues,0.88825226
frumentarium,0.8046017
defecor,0.94610476
ruptura,0.815656
adiego,0.89227045
falisc,0.7605716
uiolator,0.96311665
sacrilegium,0.97403586
motur,0.8397482
ueientium,0.8883482
quadrifariamm,0.87150216
editio,0.89715946
semester,0.79274225
medullinus,0.85606647
terribilior,0.91228867
dissonus,0.9732579
indefensis,0.8931629
uerdeo,0.9274341
decesso,0.77900696
conquestus,0.9635615
vergo,0.92246974
sexies,0.9451411
feretrius,0.9504039
conlucens,0.8711594
elaeo,0.90608096
uenundo,0.96214384
honoratior,0.9543036
suggillo,0.97164637
prŏfitens,0.9732653
divido,0.96948296
urgo,0.9215221
obliio,0.9207078
militariter,0.8583435
praedamno,0.931521
vibulanum,0.84948236
usurpao,0.80741054
amoenior,0.8459358
mugillanum,0.6499274
acclino,0.89104664
conlaudans,0.85887444
coll,0.65639186
inveco,0.9144161
discutto,0.7353951
infacundus,0.9057013
immodicus,0.9864978
fraudator,0.90303713
postumianus,0.65893906
coercitio,0.96963847
detractans,0.93657225
auctae,0.72677076
desumo,0.8350469
substitio,0.7709836
iunium,0.82180655
deuasto,0.95840085
incesseo,0.7469952
obstupefactis,0.862267
opulentum,0.8945853
opero,0.8321035
perseueranter,0.95829993
proconsularis,0.96932805
auho,0.8388134
perseveror,0.72464204
lentior,0.9269533
invinio,0.7711444
intentius,0.8823974
absumpio,0.88745695
uicet,0.6876833
superfundo,0.95973814
uastatus,0.81315494
niuosus,0.9338905
innavigabilis,0.84671474
lectisternium,0.907978
oblatus,0.91880167
iactum,0.89829695
pythicus,0.86370707
vir,0.85246336
matuta,0.8395161
densior,0.96120274
procursatio,0.91556674
partitus,0.8500308
improvidus,0.7583599
attracto,0.83730114
tralatus,0.8974193
celebratus,0.8628981
septunx,0.92277586
transmigro,0.9155108
stipus,0.88274384
efferatus,0.9241065
liparae,0.9282393
pernox,0.95288247
ueientani,0.86959875
clusies,0.85200506
clusium,0.7897804
circumcolo,0.93255126
raetus,0.936115
celtar,0.91735685
celticus,0.7463161
praegravo,0.8603101
auerni,0.65678704
senones,0.9781889
inexsuperabilis,0.9339335
allaior,0.71892387
phocaea,0.85117495
adiuvere,0.78190076
duria,0.7992382
ticinus,0.9727929
mediolanum,0.9370218
salluvii,0.7765764
poeninus,0.8605723
lingones,0.9213849
umbri,0.90359145
fabii,0.9177463
allia,0.9592056
eburneus,0.9735542
tectos,0.8406707
forter,0.65460736
intutum,0.77114046
antiatem,0.83694994
sollemniter,0.8463979
auda,0.6447245
uigiles,0.9038471
adscendens,0.86679006
imperaio,0.80009973
adpensus,0.83143497
intenter,0.8810884
intuemini,0.8815558
profanum,0.8818854
casuve,0.689356
ampliusve,0.73283595
superficies,0.9034796
exstingueo,0.80646557
sutrinus,0.8925381
causaria,0.6811048
satricus,0.85468745
cunctabundus,0.91085654
iides,0.76095563
eiecor,0.7005633
furianus,0.7415525
ualeriani,0.809373
abdicatio,0.91864175
abominor,0.95249134
cunctator,0.9773164
pertraho,0.9612722
sequior,0.74849665
fassis,0.8075985
utrobique,0.9204085
alliensis,0.82807565
praeneste,0.9376732
circumlo,0.83021855
inexploro,0.9108361
citor,0.8123763
edoco,0.8224641
socordius,0.85153496
quingentum,0.91041034
adsco,0.92766
creaturus,0.74718153
adepio,0.88221973
peticus,0.84780717
lectisternis,0.84005
ludio,0.7259269
ister,0.79864204
iactito,0.8924145
atellanus,0.85490793
atellana,0.85327524
ludicer,0.8889618
nortia,0.8498453
saevitia,0.9443379
perlito,0.8469322
carminus,0.98154074
transieo,0.90413904
laenat,0.82479066
publilium,0.89553916
uicensimus,0.96315706
manumitto,0.96036947
quadringentesimus,0.8966307
adflico,0.8260512
munitor,0.9117228
foedis,0.80892277
obtreo,0.903212
antiatus,0.691872
sibyllini,0.9512857
matutus,0.7345308
sora,0.9240598
samnitesus,0.95830965
sidicinus,0.9311055
interiaceo,0.96920377
petio,0.8938078
samnites,0.96884716
accersendus,0.8227571
uolvo,0.8505967
erego,0.8312738
gratulabundus,0.92308265
samnium,0.93013185
insessus,0.84586924
territus,0.9081497
saipio,0.7622321
sig,0.76669496
superscando,0.789286
torpidus,0.9010931
transaco,0.83354044
salonius,0.8894664
antiate,0.8634074
lua,0.80008185
cinco,0.9719984
testatio,0.9275965
deceptum,0.71930426
contectus,0.88252425
uexillarius,0.8599138
scutatus,0.8873812
antepilanus,0.8489703
porrcio,0.9530613
iocur,0.91986287
devotus,0.91931075
evidentus,0.7882575
innigo,0.93499845
uescia,0.6928607
adfirmandus,0.86380476
adiecio,0.9623562
sexcenti,0.93263125
ademptus,0.91750014
clarigatio,0.7918249
cumani,0.8205955
ausones,0.8800942
diuidundus,0.79263926
rufinus,0.854692
fabraternus,0.79870576
priverni,0.9221811
statutum,0.6602644
quinctilibus,0.86395335
sellularius,0.9071715
contracio,0.8250252
semus,0.8318651
binum,0.8595274
uisceratio,0.94810265
matrisfamilia,0.84865975
adveco,0.8865856
aenarius,0.83707654
vitio,0.53614694
pandosia,0.8839632
abomino,0.9444204
prorogatio,0.6950345
defensurus,0.8996489
praevenio,0.927885
clementior,0.90623903
papirium,0.87513256
exhorreo,0.9773878
efficaciter,0.96914184
flavius,0.8056735
incuriosus,0.9535268
ferocio,0.7645298
instructis,0.75432515
memoror,0.92526233
exsatio,0.9022329
calatia,0.92132264
circumsedo,0.8783919
furculae,0.8440025
caudina,0.9502206
silvosus,0.7652926
seminudus,0.9439259
intentas,0.7076417
adloquia,0.8221705
ueturi,0.713451
adfulgeo,0.9494086
adloquendus,0.88727534
arpi,0.86587787
inveceo,0.84079313
tarentinor,0.91600764
furcula,0.88423264
obsessor,0.9191458
cerretanum,0.7633247
capacus,0.90293914
tredecim,0.9585158
dictatus,0.8326206
picentia,0.9081868
thessalor,0.84304166
circumvenio,0.8076887
obverto,0.8663862
circumsido,0.85705686
inritamentum,0.9426761
ausonus,0.7001906
fluctuatio,0.89205873
interneciuus,0.9151894
exsecrabilis,0.9454065
occulio,0.6505013
incompertum,0.8684408
confertior,0.9105102
bovianus,0.8380617
fregellis,0.80996215
nolana,0.85240006
pontia,0.89525294
pollicitum,0.88813406
opulentissimum,0.7474983
congruentia,0.94268674
fenebr,0.765381
germanicus,0.9677106
caesisus,0.8508233
laetas,0.8381082
perusia,0.8645894
adpulsus,0.96063364
cuneatus,0.91293895
cristata,0.82491064
tunicus,0.92501545
lintea,0.7869116
tensa,0.85037667
umbrus,0.9246822
intutus,0.7413707
mevania,0.8232332
mur,0.56506467
transcendeo,0.60483253
saverrio,0.5483447
sophus,0.833223
stao,0.8316405
livius,0.75685215
denter,0.709673
circumvectus,0.8013009
illyrium,0.965618
patauium,0.81476593
circumvado,0.85568786
pato,0.82129616
semirutus,0.9636951
incomposio,0.92976177
nuncupavo,0.665445
palmatus,0.95353246
narnia,0.8840615
terentina,0.6195077
vocano,0.8341296
conscivor,0.7354817
romulea,0.9712886
appianum,0.48261702
delegatus,0.7867904
quaesiio,0.85785466
cunctas,0.76847196
insequendus,0.7935747
moio,0.85190904
adgredio,0.7960883
laetissim,0.88644624
conquesto,0.81170976
sacrificor,0.85227954
ogulnius,0.95638126
condiio,0.936754
circumfusus,0.8889141
uaticano,0.7788849
uaticanum,0.8712741
hortame,0.9406551
superstro,0.8135896
perusinus,0.937837
compulto,0.69262445
quadrage,0.9598137
quaestorium,0.8440532
victoria,0.88161373
relicio,0.73475647
atilis,0.6963002
atilium,0.8443558
sacrificatus,0.9291452
carvilius,0.9484079
naviter,0.9144074
caedicium,0.86507255
conspcio,0.8047483
herculaneum,0.90041137
transvcio,0.81819624
civicus,0.80127436
trauectus,0.871507
aesculapis,0.8529488
amisdo,0.94127464
inlaturus,0.9336183
barcina,0.8191196
hasdrubales,0.97305495
saguntinae,0.92288625
hasdrubalis,0.9679531
barcinus,0.88818735
habilior,0.9082134
prolatao,0.8721952
promoo,0.76957923
transgredio,0.656051
uerticosus,0.8769296
postremi,0.7783934
suspego,0.9054869
emunio,0.87246186
phalaricus,0.7595913
aegates,0.88689756
deveho,0.76363146
dolabra,0.95277774
oretani,0.85786235
himilco,0.88897955
alcus,0.761775
supervacaneus,0.922237
trebia,0.97143394
peremptor,0.9604366
corsus,0.8594663
illyrii,0.9685939
conceo,0.9146145
quinqueremes,0.91656864
lutatus,0.8611198
ferocius,0.91310173
confugo,0.74558866
uicinalis,0.8785955
exsequeo,0.81036747
invius,0.9003592
uictae,0.87965256
interiacens,0.94611526
uocontii,0.9123784
druentia,0.8936876
glareosus,0.92135465
immixtus,0.94729483
extentis,0.75908446
expe,0.7279835
abruptus,0.94978327
aegerrime,0.89958537
detrunco,0.9509202
transgretto,0.90556747
coelium,0.7158352
salassi,0.89888114
eryca,0.7643713
ignoraturus,0.7618109
mortemves,0.7116668
maharbal,0.9504739
adlocutus,0.958445
lilybaei,0.8348095
melita,0.8598257
gisgonisus,0.9554746
arimi,0.93247837
praegelidus,0.914402
percuro,0.8502555
strepero,0.83010066
nivosus,0.8385944
uenientius,0.7982911
tutamentum,0.82516354
boarius,0.86060834
nuncupatio,0.9384395
libertina,0.8309556
competo,0.91484755
quaeue,0.92155755
adgrauo,0.9617691
pena,0.62526864
spoletium,0.91999435
uota,0.8989506
servilianus,0.7796936
ocriculus,0.8864626
iuravo,0.80177814
adfingens,0.8442445
amoenissimus,0.9522705
lutatio,0.9317339
hostilius,0.933355
fatigatio,0.9734449
carthalo,0.89035404
procurso,0.8934518
discursus,0.98584104
quassatio,0.8553019
leui,0.7376066
ancoralis,0.8735962
adversum,0.7302811
praetentus,0.87275314
praelego,0.95572203
ebusus,0.93172306
transmissus,0.9202546
gereo,0.5319602
enimvero,0.9710697
absceseo,0.8577099
signus,0.7678211
invitor,0.72948897
blaesus,0.9479202
rescriptum,0.85756326
matho,0.6878821
adverso,0.6662574
fornicor,0.82127166
praecepio,0.8737176
praeposeo,0.8024802
obiecio,0.9083426
percommodum,0.7389238
uid,0.78713787
punctim,0.8235351
circumdedo,0.75641394
cannens,0.88929206
semiermis,0.8691682
busa,0.5816688
comploro,0.91829145
anniversarium,0.9100332
syracusana,0.8349535
compertus,0.96299064
consaepo,0.7251977
feminae,0.8978977
quinquaginti,0.91778874
redo,0.8116058
metapontinus,0.91366506
crotonienses,0.8990374
hirpini,0.83249855
sperneo,0.83639437
secretum,0.95055425
permissus,0.74725056
bruttii,0.92527854
delsum,0.8246855
himilcus,0.9738846
pera,0.921088
trebianus,0.7281875
nol,0.84003866
bigo,0.6819991
potiundus,0.79816467
adgregans,0.7884836
citatus,0.90662444
anicium,0.7706437
indictio,0.7551056
aenea,0.77764326
anicius,0.94930696
buteo,0.85406023
praecisum,0.8315505
gnaius,0.89312905
inordino,0.78998953
transio,0.85114497
claudiius,0.71943796
iurisdictio,0.91869646
intrepidus,0.98974437
gisgo,0.8015616
ubicu,0.91950494
quisq,0.48443085
alveus,0.9292028
pervigilium,0.8438546
trebula,0.82698643
claudianus,0.8514141
omisdo,0.8438619
pelliti,0.74083936
obuio,0.960419
locrense,0.9117076
devasto,0.76745665
indefensus,0.95882577
cantheris,0.82816267
hispanienses,0.8282989
sexaginti,0.8920133
tredecimm,0.7006936
locrenses,0.93654835
theodos,0.6049025
dimissus,0.8351503
himera,0.87712395
uariatio,0.77036494
mantuus,0.7523606
cales,0.66052645
bruttiae,0.89973783
carnifico,0.8164168
onusti,0.8840631
sublaueo,0.8709624
noo,0.579478
pilleo,0.834914
perustus,0.9308828
quicu,0.94657475
illyrior,0.97743523
adfectandus,0.90335697
themistus,0.85924095
adsuo,0.93416154
quaecunicus,0.9106022
heraclia,0.80825675
cassa,0.7340075
elucto,0.86595714
conreo,0.91712344
miserabilior,0.8525225
novo,0.8314252
pachynus,0.9528677
turbatio,0.8242885
leontinor,0.8862959
uelamentum,0.9816424
inhabilis,0.9597722
contabulo,0.94695145
machinamentum,0.972921
cubitalis,0.9238224
libramentum,0.921973
minoam,0.77205276
agrigentum,0.9479244
praeveneo,0.6690283
panormus,0.9059673
henna,0.9115416
interfecior,0.85518926
inferno,0.83673894
defeco,0.86480445
nedus,0.88361055
uerandus,0.791118
prodiio,0.6919881
altinus,0.8950666
syphax,0.9603969
gerundo,0.670519
syphace,0.8941878
gala,0.79945815
inconditae,0.7239064
sacrificulus,0.8246754
urb,0.7231702
congium,0.7171083
tappulus,0.83637524
centumalum,0.72929627
excitas,0.8165748
turbandus,0.78771037
scriptur,0.6997572
phileo,0.67815447
nicus,0.8442783
circumluo,0.8762462
expugnabilis,0.8489971
marciani,0.7491847
atinius,0.90170705
excidius,0.92709637
amotus,0.8781885
decucurrio,0.8058266
badius,0.80624366
sempronianus,0.80269
coemero,0.78355587
introrsus,0.9733183
hippocrate,0.80543864
superabilis,0.94125324
nasso,0.64668286
arsura,0.9601376
adsuetudo,0.97503513
hippocrasco,0.7230923
philistio,0.80670816
sindo,0.87174344
famae,0.59077626
semiplenus,0.8336116
barcinum,0.77926326
conferti,0.8359345
praesagient,0.8127327
circumdao,0.78753424
amolo,0.82231927
erecio,0.73496175
transcursus,0.95972985
pervagaor,0.8690692
inrumpens,0.9626841
duodeviginti,0.77336466
cupeo,0.726826
flagitiosum,0.832423
licenter,0.95242625
deservero,0.82032585
ultimo,0.7970529
iniectus,0.8455129
caduceator,0.95442516
praecursor,0.8698756
immereo,0.75193197
ignobilior,0.7835493
flamonium,0.8598928
aetolor,0.8055254
maedos,0.8411455
acarnanes,0.9384228
quinquatrus,0.8991972
circumlatus,0.7935811
atellani,0.88759303
obedio,0.7699064
sicunde,0.87299395
potentatus,0.83113116
pervii,0.6616885
perco,0.68851
mersus,0.9524692
eveco,0.927866
recresceo,0.8638003
stagnus,0.9549326
capes,0.7890481
libralis,0.7945787
proper,0.9131397
retentus,0.89051753
iaculo,0.8611323
agilitas,0.9439697
adspiciendus,0.7767769
emollio,0.9264195
nucerini,0.86847407
afuerum,0.7918203
galeria,0.8920473
postumi,0.82067
aurunculeius,0.89935166
atellus,0.80221987
flami,0.8572445
praetextus,0.8359225
catina,0.8937801
honoratis,0.82500434
signinus,0.91595244
paestanus,0.94824815
cremonenses,0.89069664
androgynus,0.9013481
ademo,0.6466467
caulonia,0.85758245
duodeuicesimus,0.7922694
transcensus,0.8536848
captor,0.863545
concursator,0.84978294
locri,0.96828973
thurini,0.85088277
cataracta,0.94529605
patrae,0.90410584
interfluo,0.9748148
rhio,0.7846738
pacificator,0.83784246
euboea,0.9451399
aegium,0.86785674
attalo,0.70827746
conuentio,0.9274153
quantaecus,0.89682555
eblandior,0.902982
cyllenes,0.88570106
elim,0.79401577
aeropus,0.80531275
lychnis,0.7568704
orestidem,0.8532016
achaei,0.9761419
sordidas,0.6493001
livium,0.673895
permixo,0.87039775
frusino,0.7954195
cupresseus,0.922173
supplo,0.86601126
undevicensimus,0.8034249
aruerni,0.9359741
alpina,0.8982318
insociabilis,0.8243058
iniunctum,0.77563
ordinarius,0.9349999
metaurus,0.9664705
narniensium,0.7864107
celtiberos,0.8497973
baeticus,0.94094783
dissipatum,0.6739334
iniego,0.73900056
disiectum,0.8594256
peparethus,0.8324876
aenianus,0.8758747
peparethum,0.8425121
opuntius,0.8082737
doridae,0.74930483
chalcida,0.91458136
cenchreae,0.9013578
cassandrea,0.8734351
multiiugus,0.8885225
turrinus,0.591456
cremonensius,0.8561692
duodetriginti,0.8622128
opulentis,0.8869716
syphacius,0.8868791
dexteritas,0.8788222
afrus,0.8843897
inaequaliter,0.9520709
perdomeo,0.9467835
cataset,0.8708435
perpetrao,0.84325475
procacus,0.8787289
consternatio,0.9193697
reteno,0.9194695
succlamatio,0.89901996
tractum,0.9318224
quinqueremem,0.85453594
tenacus,0.8846509
praebitum,0.82343674
saguntina,0.8910933
servano,0.90572405
lautia,0.89174956
carth,0.52703625
agathoclemus,0.836344
uolaterranus,0.85457015
quadragensimus,0.9049882
abscessus,0.8891299
transgresdo,0.89611316
subolesco,0.85224164
abstractus,0.8000001
matienus,0.8099069
exposo,0.86243725
praesidiarium,0.9225836
uiolatio,0.83403766
falto,0.7097903
eugenius,0.8304698
adscripo,0.95425093
ilienses,0.9453018
turibulum,0.9385615
exhauseo,0.7511616
carseolis,0.8010199
deplorao,0.8728506
prosper,0.83634627
crotoniensium,0.8634116
perrogo,0.9323758
locrensee,0.88028777
venior,0.9497143
purgor,0.83117044
correctum,0.8015827
circumduo,0.6901971
garamantus,0.8968244
recepior,0.6939294
autumnum,0.87722003
salarium,0.91193473
consentium,0.65675294
perra,0.6985775
transveco,0.7992269
missurus,0.86492985
locusta,0.94684494
providentia,0.887758
tribo,0.7915846
indueo,0.7392919
devictus,0.8146924
aeditus,0.9236199
clavum,0.8675703
induro,0.9548692
gillus,0.7490473
uecio,0.9098383
aquae,0.8102713
obsetto,0.79459995
acto,0.8353198
intrepide,0.86347544
spoliatus,0.88906443
sopater,0.7270791
pompeiius,0.9296628
ligustinus,0.8388607
syphaci,0.8839919
piacularis,0.80048406
abydus,0.9588536
infor,0.9080032
inritatio,0.882723
andrus,0.78852797
thraecia,0.8819291
heraclidi,0.7673462
maroneus,0.9451634
cypsela,0.8754964
dorisco,0.8206068
chersonesus,0.97091067
callipolis,0.88796616
abydenus,0.9384097
propinqui,0.6952963
cyzicena,0.84583735
comparao,0.73702735
patentus,0.7970979
eleusis,0.93479156
nabis,0.94149697
intromissus,0.687366
semiruo,0.88107204
batus,0.7505939
lecturus,0.7295196
acarnanas,0.8481049
perseum,0.9235195
profecio,0.83141744
frumentatio,0.8373003
pelagonias,0.7603113
congeries,0.98516834
thracas,0.91901994
rumpia,0.8122611
athamania,0.9379761
addio,0.76421225
caesurus,0.6770305
hermio,0.8320228
prasia,0.8586801
icus,0.5215723
coelum,0.8609067
maleus,0.7959131
deuictus,0.8637756
archidamus,0.9026128
coele,0.83297634
quanticum,0.8384715
megalens,0.9001118
charopus,0.7767981
transgressum,0.79099596
uenalicium,0.7977915
metropolis,0.8687623
strymo,0.9366635
ambracius,0.8801483
cercetius,0.8422485
peneus,0.93586326
carystius,0.90337646
cenchrea,0.882867
densitas,0.94589776
densatus,0.8448176
praebueo,0.89014876
obtorpesco,0.8368509
nabides,0.94697857
eventus,0.4848897
pulsurio,0.7633476
phocideus,0.93003285
subiturus,0.8240248
cremonensia,0.8736671
circumciso,0.79927814
formius,0.8566091
elegio,0.650921
dionysodorus,0.7769259
uetustae,0.86552054
sestus,0.8644965
perinthus,0.85358024
agraei,0.6968592
adiuvi,0.72340024
lysimachia,0.92373395
destinatio,0.9631541
persuasus,0.8024075
colligendus,0.9527921
intromidior,0.8958375
nabidis,0.8754152
extortus,0.7898921
plataeensis,0.81358373
gortynius,0.93097156
concepo,0.78776467
bifurcus,0.9178199
multerosque,0.80785096
innexi,0.7891906
supergredior,0.985965
porrecio,0.9279232
moer,0.9657223
cleonaeus,0.9310175
nemea,0.7379934
leucas,0.848734
leuca,0.88257635
excitus,0.8113049
dinocrates,0.92495507
coelus,0.9252579
sardes,0.8786001
chelidonia,0.9434513
iuventium,0.88412106
blasius,0.75703114
zeuxippus,0.8762961
adiectum,0.932979
coronea,0.884156
persecuio,0.84688234
euromus,0.72814596
myrina,0.85469013
perintho,0.8344857
eumene,0.97899175
imbrus,0.93057775
phocenses,0.90482736
eumenus,0.8755442
thessalica,0.92587304
lampsacus,0.8927305
lampsacum,0.9117585
selymbria,0.8459922
expectaturus,0.869038
hauso,0.9017651
budo,0.6529479
ciuiliter,0.9374137
conco,0.8436838
exaequatio,0.75745285
tenacitas,0.8553267
soliferreus,0.77339697
maio,0.86757874
parthenium,0.83884716
cleomenus,0.86585784
dromo,0.8652152
cleomene,0.903432
qualiacus,0.9001608
lacedaemoni,0.7852638
lacedaemonae,0.88159287
lacedaemonis,0.8263396
iacula,0.9408846
quave,0.65494275
phoebeus,0.9804546
iuventio,0.8040261
novemdialis,0.95925415
infcio,0.6728089
uictorius,0.7338692
fabrefacio,0.91398
armenis,0.7119129
quinquage,0.87772804
pisanus,0.8994318
perplego,0.6926564
aedificavo,0.76343524
aeolidem,0.7317274
antioch,0.795076
divism,0.58213717
toletum,0.89614785
victorias,0.74252987
nicander,0.8367032
antiochius,0.9470508
lampsacenus,0.87802964
lampsaco,0.74690557
unimanus,0.883098
helo,0.8365208
circumiacens,0.9005641
eumeni,0.9595265
philopoeme,0.963833
patrensis,0.84308815
tripolis,0.9410117
aquo,0.7608449
concitatior,0.8664148
eurylochus,0.8836982
diocles,0.93401617
minervaeus,0.84336436
herodus,0.67126596
chalcidenses,0.84879553
eunomus,0.82734483
lignarius,0.7381354
navigabile,0.899523
chaeronea,0.90490574
uaniloquus,0.93614054
elymaeus,0.929791
aradius,0.854657
nuncupao,0.89551836
mentiendus,0.84940267
chalcidensis,0.9090374
hermaeus,0.68282354
pachynos,0.8676375
interfuio,0.8008649
terrendus,0.7878625
processur,0.7569091
pausania,0.8285899
hippolochus,0.88866913
tripolitanus,0.8221142
phaestus,0.820423
leoucate,0.77092415
pyla,0.92074406
haudquaquas,0.8877663
hypo,0.57551265
heracleenses,0.8977937
conscia,0.76197696
isidorus,0.82266086
cenaeus,0.86974835
perpaco,0.83934027
littus,0.936641
hydruntum,0.8068248
transfugus,0.86699414
inpenetrabilis,0.8986371
epirota,0.71559066
hypata,0.775025
messenus,0.82654893
messenii,0.93446386
diophanes,0.9226842
amplecto,0.8011111
dimisdo,0.85943735
consonans,0.9777541
irrio,0.5893631
pacator,0.91637
sexdecim,0.80613905
lacinium,0.84377605
sipylus,0.94706327
erythraeus,0.98090225
erythraea,0.8748611
siculum,0.818593
laurentus,0.7219837
apollinar,0.86205286
saevior,0.7280683
commendabilis,0.9414187
erythrus,0.74397385
thyatira,0.87413204
canae,0.87475085
philota,0.94753855
andronicus,0.9603991
patara,0.88251764
thebes,0.9224977
mitylene,0.9210942
cnidia,0.7780414
pamphylius,0.9382532
conspeo,0.71583545
prusias,0.8968488
notium,0.8265742
colophonae,0.8126807
macrinus,0.8258532
uulneratus,0.92639166
lysimachua,0.91715306
intimo,0.80052847
frontalia,0.7643248
cappadocum,0.9163814
ariaratha,0.9341349
xeno,0.7954665
maeandrus,0.88909656
suppellectilis,0.87787884
daor,0.8554851
inexplicabilis,0.9777983
audita,0.6694695
uulneraio,0.9557688
bononia,0.96368396
praefloro,0.80358016
attici,0.82069874
maronia,0.60600924
navigabilis,0.97127485
eupolemus,0.8899523
ambraciensis,0.88708663
amfractus,0.9242783
coacno,0.9334537
legat,0.8229625
iuvao,0.928825
transgressius,0.7606851
alabo,0.77274
celaena,0.85293686
marsyas,0.9211693
maeander,0.9245242
ionas,0.89928234
priene,0.8725137
pisidaeus,0.8509897
metropolitanus,0.63341653
synnada,0.86538243
nicomedo,0.87939477
nicomes,0.9549022
promisdo,0.93623173
babylonia,0.96208215
phrygo,0.71510524
mansuefactus,0.8825918
regulum,0.8454019
sangarius,0.9470983
gordius,0.9296665
tectosagi,0.7748897
insicio,0.88529116
ancyra,0.92586386
orgiagons,0.90477514
pacio,0.9557485
captiua,0.8331534
cuiusnam,0.8277832
tectosagus,0.94203067
ariarathis,0.919634
aequimelius,0.65529585
cranium,0.7801768
las,0.58013314
philopoemenes,0.88773817
eli,0.8324418
lycortas,0.9083015
illibatus,0.90389395
apameus,0.7417358
calycadnus,0.86416256
octonus,0.7174427
ariarathes,0.9439809
iliensibus,0.89568394
phocaeensia,0.8826583
sales,0.64787054
myrtilus,0.95684093
cons,0.39509663
abago,0.849319
illucesco,0.90036076
crevere,0.90253216
uilitum,0.7670554
mendum,0.79567635
concerpo,0.8503915
superimpono,0.90184
sponsalia,0.94264793
indignabundus,0.85506415
notis,0.5678048
adstipulor,0.8327999
octodecim,0.79541546
triumphor,0.82523024
psaltrius,0.88376033
sambucistria,0.8623084
conuiualis,0.86399174
pronior,0.9210248
convaleo,0.93529725
temperaio,0.71349716
annia,0.57176685
coopertis,0.71108276
calagurris,0.8401376
uenetia,0.8190135
stellio,0.6931771
philippopolis,0.8790009
negotiatio,0.96599203
thessalonice,0.93787533
laudatus,0.77053195
areus,0.9300607
obico,0.9512872
quantumlibet,0.9436939
octogesims,0.765488
bacchanalium,0.8849867
transfodio,0.9589491
demolo,0.8681795
aquileiensis,0.89743614
irritas,0.69225997
demetries,0.8666434
superimposio,0.87751406
demetriius,0.8570976
odrysa,0.8945956
dimiso,0.66665727
reddido,0.7633048
histria,0.9302741
istrum,0.5375744
theoxena,0.8482472
por,0.6010388
praecogito,0.815258
exaudeo,0.8608558
suspigo,0.90084565
bastarnas,0.9516483
sociabilis,0.8694189
confico,0.7324311
suspicax,0.8611404
petilius,0.91930425
barium,0.7899355
adiengo,0.77747375
histrus,0.9749354
antigus,0.9051355
suscensens,0.8251635
praemedito,0.764662
didus,0.5038335
histra,0.9190853
petiliius,0.90363926
pompo,0.63891625
candela,0.9111825
involuo,0.8357314
pythagorici,0.8579766
uictimarius,0.8546059
uulgaio,0.9243323
contrebia,0.8912683
cordo,0.7658592
impense,0.8607936
rebellatrix,0.8626778
liguria,0.9427426
semestris,0.80028117
gentio,0.86061823
legatisve,0.7556773
pisani,0.86727893
infego,0.84334415
muciius,0.78177285
alce,0.7782361
alces,0.90908486
propio,0.81761724
inservo,0.8632888
cleome,0.7486921
amphipolis,0.9372477
cottus,0.87209797
bastarna,0.8830101
scordisci,0.922868
bastarnus,0.9011018
antigonum,0.8362324
quintanus,0.8465725
indigo,0.7652116
dehonesto,0.96485585
aepulus,0.8320964
mutinensis,0.88814867
masus,0.6303433
inenarrabilis,0.96365523
efficacis,0.7965273
scordiscus,0.93894625
laqueo,0.9444982
conperior,0.9523293
callicras,0.7769811
insoleo,0.91300786
dissertio,0.7010056
interdictio,0.7996433
aviarius,0.7465286
lucustae,0.81145716
inspego,0.83755803
iidem,0.6336075
tremellius,0.85854757
cerco,0.5460139
corsa,0.75433844
implorans,0.9411299
lucusta,0.9527262
hereditaris,0.8837204
traieci,0.8391674
harpalis,0.5821308
harpalus,0.7232986
cirrha,0.9663433
inpavidus,0.9618183
isthmis,0.8377178
delator,0.9854225
efficacia,0.9046429
recognitio,0.8477179
uageo,0.7359669
marcia,0.76134056
ino,0.80723834
perseo,0.868077
tricies,0.9715946
nymphaeus,0.7805152
oreso,0.7017801
ismenia,0.8547785
expostulatio,0.86802715
chaeronia,0.78856945
thebanorum,0.90610105
uersutia,0.81701535
praebo,0.9041406
extorer,0.8852016
citium,0.7636857
regaliter,0.88194525
paeo,0.8621916
asclepiodotus,0.9146014
sintus,0.7759836
syllus,0.79559624
leonides,0.9050355
odrysarus,0.85186833
lydos,0.92701554
thracae,0.8797866
aperuo,0.79258615
inconsulo,0.90272224
gomphus,0.72147965
chalcedo,0.63501537
patrocles,0.8443919
iones,0.6732317
cessao,0.7221408
inpedeo,0.83057976
procursator,0.8670471
circumsideo,0.7623805
conpello,0.94797736
ingresse,0.6272172
phalero,0.87738955
pertraco,0.6898958
conrogo,0.92547023
inmixtus,0.95221305
affulgeo,0.8824607
suggillatio,0.91010404
gentius,0.9188821
inpetus,0.9693204
beroea,0.9186537
chaonus,0.85505307
nicaeus,0.6030787
philostratus,0.7582448
complectens,0.9065475
praegrauis,0.9402703
repurgo,0.9713217
pydna,0.9427681
characa,0.8218553
subuectio,0.8838562
inminens,0.98399544
conplo,0.83663666
nicias,0.90327287
urinator,0.84554935
nicia,0.801494
cassandrum,0.8742085
complendus,0.83354205
perfossus,0.7666833
inconposio,0.9113027
compulsus,0.966642
meliboea,0.8304745
meliboeus,0.90000033
indigno,0.78218913
ingratia,0.637728
onesimus,0.76256156
python,0.9632367
pelusius,0.96301997
credulitas,0.9797263
parmenius,0.9155334
samothraca,0.9012429
ualiio,0.7376631
histiaeus,0.8640455
scaturrigi,0.78617704
galeatus,0.94133925
quietum,0.8212849
coenus,0.8695802
heracleus,0.77132964
ligusticus,0.6779282
flagrantus,0.93350613
prio,0.77130413
exeundus,0.7737338
requietus,0.9033288
mansuer,0.7970097
inmobilis,0.97705567
ingemuo,0.7987138
utilitatis,0.76570743
praefatio,0.8918116
caranum,0.90085626
suspeco,0.8679991
pelusiacus,0.94274926
papinus,0.74849
blasio,0.57075715
responsus,0.74008226
mineruius,0.80406046
inpetrabilis,0.83086175
inperatoer,0.8049463
insolentior,0.7768049
antinous,0.89492637
galum,0.74022317
oropus,0.87542
vetustus,0.80583006
abdera,0.92866117
edessa,0.9192732
bora,0.53763485
lyncesta,0.90477955
lesbus,0.92486
incuto,0.89841247
nitens,0.8703106
iugandus,0.86332333
romula,0.9241392
profuga,0.840683
pellitus,0.8718847
galeritus,0.8344096
ramnes,0.7869932
uictricia,0.8778494
tremula,0.8356197
superbio,0.9565763
horo,0.7507277
loo,0.76699317
nauplius,0.9351443
asis,0.60860705
octipes,0.8208562
cancrus,0.9808004
uulsinii,0.84063005
casses,0.84238684
hippolytes,0.81704724
crystallus,0.90360546
catula,0.723415
succinctus,0.9013907
carbasa,0.99434066
oblitas,0.78117335
tatia,0.545074
pallados,0.9336877
roridus,0.76801854
iugix,0.87780696
cantame,0.8611548
inuigilare,0.9149211
mouo,0.91838384
uerno,0.9714674
clatra,0.67008007
coso,0.82566535
iulea,0.8571702
feminea,0.95317185
augusta,0.9690839
agamemnona,0.92737955
centauricus,0.86873406
uincit,0.8175976
ionias,0.8377019
meroe,0.9689526
subura,0.87417567
lalagus,0.858909
reuolubilis,0.92904806
mentita,0.90172994
elysia,0.9558431
parthenia,0.79269314
serica,0.95644593
methymnaei,0.8741157
plutei,0.71962726
uelifico,0.8094461
implacidus,0.8811923
succipio,0.83206576
saetus,0.8428441
lydo,0.82368064
aspera,0.84324646
numantini,0.81146234
turrita,0.8213565
citreus,0.909089
dithyrambo,0.7805923
iuuenesco,0.91516936
uindelicus,0.87797964
progenero,0.86046195
ausoniae,0.9272822
colchi,0.93801033
edomeo,0.8234321
thetides,0.92813915
noctiluca,0.84784484
stesichor,0.8888532
anacreo,0.91400635
cydonius,0.7006475
idomeneus,0.8965192
inuolito,0.8872815
spargier,0.71113104
nigrum,0.4786652
nerones,0.8704449
beluosus,0.8245893
sygambris,0.9317422
inimico,0.85185546
adprecor,0.85667247
remisceo,0.8818789
anteferendus,0.92476726
demus,0.74433935
liuum,0.8553327
plagosus,0.8137784
reprendeo,0.83328944
mendacus,0.75551254
obscaenus,0.9522447
thespi,0.7502742
adstrictus,0.9683397
eualuo,0.8561307
conpleo,0.8669225
nomisma,0.95024955
litterulus,0.7657056
dinosco,0.9895346
inritabilis,0.83933246
catonia,0.48902416
plausor,0.86958754
mancipo,0.9645122
aenum,0.9135381
calabre,0.8010215
herodes,0.9526377
palmo,0.93545485
lemures,0.93217427
aesonides,0.8711921
conubialis,0.89511156
tiphy,0.7982297
lemnos,0.9243411
lemniade,0.79245543
propuldo,0.78104746
aeetina,0.847273
tanaus,0.86021596
deseruitus,0.8852749
lemniadus,0.9002977
moritura,0.70934
progenuor,0.7380576
uincus,0.9781701
tlepolemus,0.94046307
rhesus,0.8807774
dolona,0.80507755
dulichii,0.88355476
pisandrus,0.89485127
eurymachus,0.860287
irus,0.8245006
phasiaca,0.86775476
ephyre,0.9453646
bimo,0.8799982
dedigno,0.9397514
aeripes,0.8784292
inadustus,0.87075907
terrigenus,0.9561551
symplegades,0.90054405
actaea,0.9433556
turicremus,0.84279233
sciro,0.92373
armifer,0.9216773
spumesco,0.86078835
affsco,0.8174754
sepulcralis,0.91231275
fruticosus,0.8661389
adamantus,0.8704293
tenaciter,0.8843988
oenides,0.84739125
pelias,0.9111988
fosso,0.83106506
amazonius,0.91015536
semidea,0.8009333
eleusi,0.9637265
durabilis,0.8676496
cinyra,0.94900864
maenalia,0.9267961
atalantus,0.8464329
isthmo,0.9182478
reuero,0.8310958
coitura,0.8864436
mycenaeas,0.84810066
oeno,0.9135474
fenum,0.90470713
fagum,0.8121358
decentus,0.90436083
umo,0.6944645
uotis,0.77014524
diriguo,0.8590734
medicabilis,0.94089997
tantalides,0.9057398
fluminei,0.8616066
taenar,0.8106693
etiamtunc,0.7961774
pelopeia,0.90987176
quoduo,0.8560856
helenes,0.88340646
praemorior,0.9615572
tantalidae,0.9057214
amphitryo,0.9232131
hyllus,0.89151967
auge,0.6913321
nemeaea,0.86654174
diomed,0.8362739
efferus,0.76256347
antaei,0.850197
rasil,0.792596
rependus,0.7724659
cerberi,0.85855496
lernaei,0.8962095
achelous,0.9771967
euenus,0.7859944
puellaris,0.97088265
cecropii,0.90870285
reuico,0.95162797
grataris,0.8338869
reuelo,0.9372072
pudibundus,0.9834026
condom,0.6673272
laodamias,0.7321282
protesila,0.9003885
succiduus,0.9627561
troada,0.89172304
superstis,0.9141979
temerano,0.840401
inachides,0.9026967
uiolent,0.77539706
cente,0.6681509
sculpo,0.96617496
elegia,0.8770107
barbitus,0.7488218
atthus,0.891531
blandis,0.79462194
thali,0.8774031
astricio,0.9084884
exululo,0.91721344
maestissimus,0.961847
expando,0.94414204
aquaticus,0.8919734
leucada,0.90576226
chelys,0.98159444
actiacas,0.8491046
aequorea,0.7968866
amatus,0.9536221
idae,0.6671523
pallades,0.8601914
conualeo,0.8070418
uoo,0.81236273
gargar,0.92935026
intumesco,0.9867031
pallade,0.88989794
idaeae,0.90640694
hippomenes,0.94868374
schoeneida,0.9399159
cinnama,0.981476
palladii,0.8835975
mirare,0.75928295
tenuere,0.9403126
nigris,0.8518921
abydo,0.9256119
obmurmuro,0.91213155
icarium,0.8872946
dimoo,0.78454024
natator,0.8424847
parrhasus,0.92801255
plia,0.77030456
leandres,0.8325723
adsueta,0.9339602
thressa,0.88842714
patientior,0.92007077
lacerto,0.6961018
medusa,0.9648477
laodicus,0.89298147
phrigo,0.91364527
delphinum,0.87839925
animosa,0.8110393
iurao,0.7722844
acontius,0.7706587
hippolyteus,0.7449596
nuptura,0.83506966
salutifer,0.9488071
praeterii,0.6616645
pigo,0.82920766
reualesco,0.883353
profluxio,0.591558
prodigialiter,0.75877917
adpingo,0.7767546
potenter,0.9430393
delitigo,0.850851
inum,0.6443956
cyclicus,0.797143
promissor,0.7356417
meleager,0.8956541
conludo,0.9169339
prouisor,0.8636158
cadmus,0.9520397
incredulus,0.94540524
adspirare,0.7509224
numerabilis,0.86999977
dominao,0.8647448
trimetrus,0.9485007
obticeo,0.75317967
canora,0.8193888
oberro,0.98478603
absto,0.8031901
tyrtaeus,0.89139634
inplicio,0.8572086
quintilios,0.64635015
adlino,0.812767
aristarchus,0.94553924
bidental,0.8496014
beryllus,0.9386477
percandidus,0.8877593
clarium,0.78411543
tarpeias,0.92957294
hesperias,0.95972455
quaesier,0.6816244
martigena,0.8924723
poio,0.51430833
falcifer,0.88202643
placidis,0.87405
oebalius,0.96714455
fontanus,0.944539
caesareus,0.9736703
coronis,0.8225681
agonia,0.7746067
ruricolus,0.92207825
hyperiona,0.9141418
inexstinctus,0.8076392
hellespontiaco,0.8551766
natum,0.888522
clauiger,0.90138966
incustodo,0.8657831
ruricola,0.95977604
isaura,0.8342948
auxilias,0.6481249
parrhasia,0.91174144
scortea,0.7940268
ledaeus,0.9670327
perenno,0.9445191
februum,0.9269014
piame,0.8283705
purgame,0.896677
flaminicus,0.9162297
phocus,0.9462776
terme,0.8648555
conterme,0.97932464
thybrae,0.9821216
lyrica,0.7832742
auso,0.8446921
nectaris,0.9454644
ursae,0.9372014
chorum,0.88210875
lycaus,0.74166834
carmens,0.8039246
recuruus,0.8079035
nonacrinus,0.8619453
deteco,0.8906183
tirynthus,0.9778854
indolesco,0.9551754
quintilii,0.79199374
arcadium,0.7318325
typhona,0.9374052
palaestina,0.8652875
intercideo,0.92065823
porrego,0.88893807
rastrus,0.84696245
quamprimum,0.91613674
siluia,0.82922745
uestae,0.79391164
creuisse,0.93546504
oliuiferus,0.915572
consus,0.84053856
latia,0.9721818
esquilias,0.9022479
booto,0.9172478
gigantas,0.75756985
sororia,0.8315735
battus,0.9035145
quantulacum,0.84809136
themin,0.6248157
semeles,0.9575827
turifer,0.8811402
hebros,0.88297355
clipeum,0.9524181
draconigena,0.83387756
nitidissimus,0.90337133
praemiseo,0.83206385
clauso,0.8880975
reco,0.8046067
adoptiuus,0.9292894
neritius,0.8601727
circes,0.8263656
iulei,0.7693607
plias,0.9159485
cybeleia,0.905381
trango,0.85759854
quaesitus,0.8936434
dindymo,0.8529155
edomo,0.9023453
brons,0.7790932
almo,0.8816606
ensifer,0.897444
inspexo,0.9066193
pacificus,0.9191805
trinacrae,0.8702531
uelociter,0.9805451
acius,0.6739303
cyanes,0.8893977
anapio,0.86124957
didyme,0.9055967
lilybaea,0.8661509
bimaris,0.9243648
oblito,0.7438439
sunio,0.70180315
helix,0.8746821
cerialia,0.8812598
surreco,0.8444413
nascendus,0.9299407
fagineus,0.8515719
hyades,0.93489814
doridus,0.9164396
malua,0.96009326
pastoria,0.7954078
palis,0.92397463
sisymbrium,0.83191407
hippocrenes,0.89631456
tethy,0.8813214
liuia,0.9081667
argestes,0.75388646
charis,0.86260355
olenius,0.8333405
phoebe,0.97607833
diones,0.90397227
fluminea,0.8552817
roboreus,0.9501697
alatus,0.90683544
idas,0.88204825
lynceo,0.7783167
amphitrit,0.73435414
apollinea,0.9630656
carnus,0.7633703
arbutea,0.8631034
pygmaeus,0.9696803
taurina,0.8056197
poe,0.64776385
pumiceus,0.942594
asella,0.9075768
cybela,0.93558323
priapo,0.96009344
callaicus,0.89610606
racemifer,0.89948535
athama,0.90421176
paonope,0.78068477
fenestella,0.9373132
exstimulo,0.935405
attonio,0.88199973
ocresia,0.8572335
corniculanus,0.85565555
lhiuia,0.93417376
subuerteo,0.9568796
tritonius,0.93510765
thyona,0.7296254
heliadus,0.8825557
clotho,0.91701555
addixeo,0.7838106
galerum,0.9632902
uisao,0.7946079
spatio,0.47085893
memphiticus,0.96706283
cultissimus,0.7840383
danaeia,0.8389964
admugio,0.8653503
cydonea,0.92500454
thyesteus,0.85337484
mireo,0.7505804
cnosus,0.8561276
euhio,0.8852838
heroidas,0.7547215
side,0.86601317
pirithous,0.9487712
myrice,0.885203
transnao,0.76307976
secto,0.8435563
parus,0.8970548
decidi,0.88306004
solaue,0.7811361
astruo,0.92050445
pauidum,0.9247118
maritalis,0.97779095
torseo,0.86862516
uenereo,0.7498718
combibo,0.93953276
conueniendus,0.7902664
chryses,0.91373384
satureia,0.9748868
culpandus,0.909595
uulcanum,0.89255625
spatiosior,0.7675839
illyricus,0.7998222
proximitas,0.93588734
peraco,0.95901763
myrtea,0.7956145
telamonius,0.9669843
amazona,0.894106
teneraa,0.8033325
amazonas,0.93779796
pagasaea,0.9355059
feminum,0.94326
therapnaea,0.8987757
segmentum,0.9332066
amethystus,0.8824835
amygdalum,0.9320018
caucasea,0.9552543
uaricus,0.8884361
niliacus,0.9817556
rhodopeius,0.90705466
uerreo,0.82921714
lasciue,0.7794221
clusus,0.95558214
hilar,0.9663383
profiteo,0.8183843
eoaa,0.8435353
pieris,0.8983778
uiderit,0.91402525
carpus,0.90576
perunguis,0.7229865
ammo,0.8723535
sectilis,0.9418982
cubus,0.7181389
ammoniacum,0.8882364
toties,0.8811132
pari,0.89615476
assertor,0.95904255
impleuo,0.8513707
dempo,0.75215596
riguus,0.9769941
rebellis,0.95323074
zoilus,0.9001465
amphilochius,0.8745965
odrysius,0.9699181
profitebor,0.80325234
pylade,0.9180707
recalescio,0.9131285
lotophagi,0.9090591
sirena,0.89029086
quaue,0.8602582
oceanum,0.89761305
arctoe,0.7180631
phoenicus,0.79772806
abrubo,0.9380049
helex,0.87663394
arctous,0.9568916
inocciduus,0.97691727
fulus,0.79719293
morientus,0.78505397
hyas,0.65434647
compago,0.9645419
insignus,0.8622757
pernicus,0.9238043
nilium,0.9387502
cepheida,0.8490676
boreus,0.96721953
immoueo,0.9225831
tors,0.77095217
adsulto,0.9093327
aplustrius,0.91314733
phaethonta,0.9595391
sagittiferi,0.90445226
substrinquo,0.7547053
diuiso,0.81725806
phrixum,0.94950354
phoebei,0.95206404
imbrifer,0.97249407
solari,0.83514
cyllene,0.885937
subiaceo,0.95568657
deflexeo,0.83038366
properaro,0.71422434
doridos,0.8562532
remeabilis,0.89846015
seta,0.8875284
circumroto,0.88792443
sagittiferus,0.8493719
fusor,0.6055872
belliger,0.98332095
attigero,0.7399431
phrixeus,0.9726398
agenoreium,0.92006433
circumfluus,0.9820828
agitabilis,0.89221925
moderantus,0.8106022
cerealia,0.92214143
inmaduo,0.81614625
notabilis,0.9743832
monticola,0.8122287
dubitabilis,0.8915744
necopinus,0.883711
resolueo,0.8725483
exspatio,0.8537979
themis,0.9005655
recingo,0.86876833
diluvius,0.82864505
aesculeus,0.78774124
daphne,0.9376666
conprensus,0.7757141
spercheos,0.8631892
aeas,0.79982865
uitane,0.55333424
exsterno,0.8657896
somnifer,0.94670236
epaphus,0.8898144
inpliceo,0.9424993
requievo,0.743754
cephisi,0.82081616
panopus,0.7935518
praesignus,0.83752704
leto,0.67447174
curvame,0.8633233
albidus,0.85449195
inmensum,0.8894577
uenenifer,0.869812
ima,0.84975874
presdeo,0.8037231
echio,0.925776
satiao,0.82660913
hyalus,0.8605205
cacumino,0.85632217
actaeonas,0.7979944
ineuitabilis,0.97521067
genetiuus,0.9739946
irreprehensus,0.898823
temptame,0.8530314
cephisus,0.8499067
resonabilis,0.8780401
inlimus,0.8375286
inmotus,0.94606036
flavae,0.8329417
adsono,0.84460366
adempno,0.8668494
bacchicus,0.824643
mixno,0.86221105
moderame,0.9766083
hyada,0.86737865
melanthus,0.85777223
naxus,0.8989899
bacchantum,0.8856739
agauio,0.61763215
phineus,0.9461677
harpe,0.860509
adclino,0.9616926
caucasius,0.8783482
hypseus,0.81454605
emathio,0.7910653
marmaridaeus,0.94620246
doryla,0.9298248
mendesius,0.91481185
impugnans,0.87056625
nabataeus,0.8228046
traiectum,0.8476071
nileus,0.8723985
septemplice,0.8808789
astyages,0.932618
saxificus,0.9354912
socerius,0.94503224
aurigena,0.805431
uranie,0.7694862
mnemonidas,0.87857056
uetitum,0.93293583
salutantum,0.83824676
thespiades,0.8779735
emathius,0.94783235
semeleias,0.8110771
aonides,0.9038793
praetempto,0.9333167
pelorus,0.9610291
remolior,0.8941629
bimaro,0.7802963
cyanus,0.83400035
cyane,0.81653416
inconsolabilis,0.8864028
inrequieta,0.9019178
pisa,0.8882381
acheloides,0.84173584
uirginei,0.9212725
uelocior,0.9697181
tritonida,0.919032
triptolemo,0.919106
asidus,0.6622473
mopsopius,0.8466309
garrulitas,0.95648533
aonis,0.9516666
arachne,0.8750114
resequor,0.9350287
mor,0.8624242
ledus,0.83899754
tirynthia,0.92971617
luso,0.87565136
reccido,0.8204253
ismenus,0.8950919
euitabilis,0.8516207
pium,0.76929873
profectura,0.8111197
inmoueo,0.9641844
inpensius,0.9111326
comparens,0.6857798
cleona,0.78749
dryada,0.85389686
inpe,0.7161749
praesagium,0.9903357
lacerio,0.880159
palpito,0.9787222
develo,0.5013521
gangeticus,0.9245018
resolvo,0.95103616
inmergo,0.9478045
cecropidus,0.81872535
inmodicum,0.80337334
agitas,0.8082827
ciconus,0.84251845
iuventaa,0.5758985
aeetias,0.8114565
ce,0.6241977
servatrix,0.6580262
pulvereus,0.8856176
gravidus,0.93149066
praeacuta,0.71435034
sux,0.9477967
inroro,0.9283736
tracueo,0.92565805
multifidus,0.9636283
incoquo,0.8715166
refluus,0.97124624
colchis,0.9037939
deucalioneus,0.9477187
tumulatus,0.9584977
palladia,0.9010365
curvo,0.8496597
anaphe,0.8059318
gyar,0.85594237
lyctia,0.72381824
inmorio,0.8126557
cecropidas,0.86239827
iaculabilis,0.9172206
nectareus,0.9527825
copula,0.9447721
letoia,0.81222844
europaeus,0.85983515
cocalus,0.7615231
adflat,0.9086519
meleagr,0.8467161
tyndaridae,0.8671142
pirithoos,0.84353745
cretus,0.9400965
iolaus,0.9218709
lelex,0.8656076
calydonius,0.9225222
magniloquus,0.83160096
mavortius,0.9016122
althaea,0.94026345
resuscito,0.8412124
scisdo,0.83835125
multicauus,0.83415467
revello,0.89922345
echinadas,0.9205755
peritura,0.9066808
tridentifer,0.8604587
spretor,0.8133662
ramale,0.85736203
adcumbo,0.883807
levor,0.7912148
quatinus,0.7894956
sacrilegum,0.7401556
odorus,0.81056654
inpervius,0.6638379
lacio,0.9560468
indefessus,0.94836473
oetenus,0.88946533
tuna,0.68620205
euboica,0.9153921
calcare,0.78237355
nitio,0.7703774
inplo,0.75960445
laborifer,0.75642115
votum,0.9409609
pauefacio,0.96145344
prensa,0.6908641
strenuitas,0.8396649
oblectame,0.95551986
subcresco,0.9073824
adfusus,0.7299451
reformo,0.9562571
thema,0.8188935
callirhoe,0.9078791
privignus,0.9184595
iuvenescio,0.9257646
cyaneus,0.9570266
byblus,0.7056698
apollineus,0.98031694
copio,0.80631655
obscenae,0.89848316
byblis,0.8798955
byblius,0.9170552
adfundo,0.96078956
phoebeia,0.8968762
inculpo,0.8912014
osira,0.82104623
telethusa,0.89579546
prodigiosus,0.9761592
isius,0.6743261
digeso,0.9210615
stridulum,0.9536172
inamoenus,0.9172817
eurydices,0.8646847
refugus,0.9684733
orphei,0.9352217
innuua,0.9074673
enoda,0.7588246
amnicola,0.75342005
cybeleius,0.8759239
liquidi,0.7469721
praesis,0.60418546
inmunitus,0.68223107
marcidus,0.9830415
paphius,0.88123494
cinyreius,0.9045907
velo,0.81094867
panchaea,0.8689896
cnidos,0.7908521
adonium,0.8693439
reclinis,0.9631725
cypro,0.9233883
simulame,0.8269472
exaudo,0.69561285
obstruso,0.7714722
eumolpus,0.89425
genialiter,0.72843397
altor,0.9164867
fusilis,0.94899356
midam,0.8821837
nepheleis,0.8981718
hesio,0.87239236
nereae,0.8420431
trachinia,0.76000595
festinus,0.9461873
thes,0.89927095
cimmerius,0.9735693
mixo,0.93534863
cristas,0.8607471
lethes,0.96098185
ebenus,0.88410145
iunctim,0.9366802
substrictus,0.9341601
granicus,0.91851664
mirantum,0.8083353
thymum,0.8888805
nectars,0.9417041
supernum,0.8581764
hevolbeo,0.9255439
euphorbus,0.9044248
excaeco,0.9688827
sicanias,0.89375174
pharos,0.94079804
cico,0.7799573
crathisus,0.85426915
conterminus,0.94381315
indigena,0.91035366
symplegada,0.90464914
sulphureus,0.97064227
nutrime,0.79822624
papilio,0.94937193
sexangulus,0.8500408
mellifer,0.86419547
hyaena,0.8528053
uiguer,0.81800085
pandionia,0.9264651
visco,0.701331
cameni,0.9444618
bidentus,0.8868023
praesignis,0.8271653
medentum,0.92524284
succurror,0.90866375
phoebeius,0.95135367
evinco,0.8751059
leucosia,0.847048
cinyphium,0.92891884
strictus,0.93721545
diomedei,0.82433796
gradiue,0.82314116
caesarea,0.9067391
indelebilis,0.8836303
finiio,0.7709544
hinnit,0.8156676
flammiferus,0.8706393
calueo,0.9315032
formidabilis,0.96664923
concauo,0.76890254
mycalis,0.8512948
libye,0.95842826
tanais,0.9473346
thermodo,0.94678783
opaca,0.8657473
adunco,0.91734433
laceo,0.9070448
trifidus,0.95978755
heliades,0.79653203
irrequietus,0.939839
impensior,0.87788796
audentia,0.83472335
retendo,0.864712
larissaea,0.8576242
messenia,0.8822642
circino,0.8738435
toruo,0.92169964
spineus,0.8955865
dercetis,0.8176707
uerteo,0.94680965
pyrao,0.9032271
ninus,0.96206725
pallidior,0.89153874
elimo,0.8702627
cythereia,0.9335633
temperus,0.751773
cirx,0.93741655
achaemenia,0.9427019
diffamo,0.9211712
immansuetus,0.84597796
enutrio,0.90154904
uluus,0.79564214
salmacae,0.89334404
salmax,0.6812678
hermaphroditus,0.957709
apparentia,0.7528062
perodo,0.87724245
adspiciens,0.8693313
apposeo,0.85626364
uipereum,0.89367336
parnasium,0.89244395
anguicoma,0.8833718
praepo,0.84449315
anguiferus,0.7716305
phorcida,0.7298807
perpessa,0.8431653
susurrium,0.7582741
inexpectatus,0.85622835
irritamina,0.77678424
fremebundus,0.8468275
multifor,0.7206697
buco,0.73148847
hippodame,0.78986335
lycido,0.8557681
styge,0.89977336
pirithoius,0.84106755
proteco,0.8753871
umus,0.84474707
sessilis,0.81079936
elymus,0.72729
detrusus,0.8283822
thermodontiaca,0.91507953
inutilus,0.8466911
laertiada,0.8953365
laertius,0.8782419
etiamnus,0.80819905
requiis,0.81736326
astyanax,0.93966734
polyxena,0.9136939
moriturus,0.781798
lecta,0.5975487
praestantis,0.7398154
polyphemos,0.87777776
aci,0.8453518
molum,0.83227146
titanidus,0.7572078
inarime,0.9284476
habitans,0.7789008
conuexum,0.82895255
ithacum,0.88876593
achiua,0.8204276
tremisco,0.9403964
antiphas,0.7649824
antiphatae,0.83386374
patto,0.9200002
pacifer,0.90396816
bifidus,0.86049026
naiades,0.86020553
scythica,0.956048
exequialis,0.84531105
peucetius,0.82692146
binominis,0.8890879
bibula,0.83511436
pomaria,0.76352644
clausura,0.9044235
leueo,0.8183713
exequia,0.9851353
arctum,0.94428724
sarmatus,0.9721999
alloquium,0.97460914
infragilis,0.81480634
incustodio,0.9551582
assimilo,0.8312626
sarmaticus,0.9649667
geticus,0.97331184
bistonii,0.8600124
cyzico,0.8699557
bistonius,0.93582016
danuuius,0.9596705
euxini,0.9350792
sauromata,0.9665704
pannonia,0.97132623
uenerit,0.82133454
iasio,0.769773
giganta,0.8963834
battiade,0.7555681
odyssea,0.92698693
eubius,0.7972481
incomito,0.9163316
trochus,0.860172
aeneidus,0.5801732
bucolicus,0.97414017
effugo,0.92944014
porus,0.94144744
pessumdo,0.81336796
secreto,0.9196362
scissus,0.84509915
domitum,0.937245
absyrtus,0.92195255
tomus,0.9438514
sauromatae,0.922571
bes,0.9058745
tinctilis,0.7740243
busirida,0.87872493
getica,0.96941733
sauromas,0.89942
qualemcum,0.9016579
scythicis,0.8366664
propinquior,0.80562717
thoantes,0.74105203
confugium,0.8332253
quassa,0.8391557
affesco,0.9239776
clauo,0.7820721
getico,0.933454
strymona,0.92682374
gnauus,0.88653624
pulsao,0.8443421
praetext,0.6710698
tomitanus,0.872453
exodo,0.7559994
fos,0.68232316
innumera,0.8727082
lachesi,0.7100047
inextinco,0.87139314
semideus,0.94908375
iazyges,0.88983315
teo,0.59444773
revolubilis,0.8741393
cinyphia,0.87147367
olivifer,0.8178138
lenaei,0.8270367
thrasyllus,0.94893134
contumulo,0.90481496
idmona,0.6474464
coturno,0.9024895
condito,0.8725823
praefoco,0.9107468
oebalides,0.8528104
lycastus,0.89588714
teredo,0.6142349
irresoluo,0.804427
ges,0.90162826
pacate,0.827726
rufina,0.75262755
ualentus,0.81132007
patroclus,0.94366264
syene,0.96694064
taprobanes,0.91990244
seuero,0.9111515
odrysium,0.94131804
euripio,0.8416114
ossum,0.9237416
anhelis,0.9359701
nectaror,0.82378477
pulsa,0.8041687
indice,0.81973976
fulsio,0.8171676
tarpeiae,0.9476275
remisero,0.8516807
dalmatia,0.9604529
messalinus,0.84877336
remoio,0.8657675
rasus,0.9291116
caelis,0.7439511
caesarei,0.9301145
iasonium,0.76251924
immodicum,0.9165183
agamemnones,0.9444662
maeotides,0.8439587
latto,0.8035523
laisio,0.7034905
latens,0.8632055
plausia,0.82987696
dedignar,0.8170035
busiris,0.78250635
immorior,0.7320045
bella,0.8408334
tricensimum,0.9489092
uinicius,0.88369024
arualis,0.89384556
cendo,0.7236234
tib,0.8032965
unanimiter,0.86322314
perpetus,0.6174043
consacro,0.8503886
anniversarius,0.8590604
augustalis,0.89086705
decimum,0.68827116
lentullus,0.8185532
amphitheatrum,0.98484576
sexiens,0.8582817
argentea,0.89170873
tigranae,0.89233977
xxviini,0.7122016
pannonius,0.97303253
citro,0.83924204
dacores,0.82228684
danuvius,0.9274117
sarmata,0.97886527
tiridates,0.95974016
marcomanus,0.89237624
suebi,0.97337323
vono,0.8412339
nomus,0.77242655
bel,0.7202743
cot,0.8341233
emeo,0.89627314
utus,0.7063658
qies,0.77882004
licus,0.65774465
trice,0.8615134
epio,0.94509125
quoqu,0.7833233
rator,0.5021479
tata,0.516627
pu,0.6056026
tic,0.7183106
ies,0.56894803
caeus,0.60830504
nsum,0.54990864
ium,0.7205602
ntus,0.4274177
susco,0.78051853
gium,0.6963136
iuus,0.7849932
tino,0.5469907
pontif,0.5467756
ocus,0.7582207
otus,0.8578197
mut,0.80534583
fix,0.65194285
gi,0.38537788
retium,0.63382745
cro,0.60327053
pit,0.56548846
hoc,0.6858517
ane,0.6615913
consum,0.64120907
facer,0.77527297
clt,0.7296605
pulus,0.72601855
rb,0.40062168
fil,0.73582757
uiritus,0.69641584
homus,0.8101201
dec,0.8751038
cr,0.5152027
mma,0.71378195
iec,0.61165106
ulus,0.4731421
paus,0.7465976
onium,0.47240704
ons,0.49118727
arius,0.7613555
bia,0.8697262
legium,0.77159256
mar,0.68279654
osto,0.79510677
busm,0.836905
atio,0.66312295
aas,0.80945724
flumi,0.6117461
gio,0.5389256
maxim,0.32015145
utr,0.6434846
sabaei,0.9705148
trad,0.693595
artaba,0.7263639
zeus,0.7106306
achai,0.7151432
scythas,0.9694294
fl,0.47509378
reg,0.44332677
exper,0.508613
roman,0.69664425
civilus,0.63624084
uria,0.7881316
pop,0.674517
pieta,0.52808166
atria,0.74315304
rium,0.6481884
quadrig,0.767363
ded,0.6909535
lia,0.7208244
nut,0.606264
aqu,0.8046273
phidiaca,0.86440754
alcinoo,0.8877306
caeles,0.8896973
sithonium,0.8436911
uitellius,0.96956897
uincitur,0.9159166
nimbifer,0.81992096
sculptilis,0.8373776
uirue,0.6481669
halys,0.9334561
tyra,0.9353598
praefrigidus,0.8196125
iuuao,0.77510023
uitabilis,0.8098924
sollerte,0.5927212
aruo,0.7701582
crueo,0.8918524
claundo,0.7073892
muraena,0.83092064
nocor,0.79939985
anthia,0.77906
hippurus,0.8048232
ephyra,0.8429688
heraclidus,0.74135697
temenus,0.81316817
erythra,0.88179684
larissa,0.8728557
arbaces,0.87626487
caranus,0.912009
iphitum,0.6770092
pelopus,0.878155
speculo,0.8478533
epiphanes,0.83805525
obsidionalis,0.9424621
invise,0.7337065
dispungo,0.91892904
convenientus,0.82752573
firmum,0.88175464
alsius,0.84351814
minervius,0.75353837
eminentis,0.8334435
plastes,0.797821
scalptor,0.7203077
laconis,0.8631635
uiriatho,0.8637428
mucianus,0.8416475
gallaecus,0.8533375
celebrus,0.7949139
teutonus,0.8097137
repenso,0.9173854
aedificaio,0.7391608
ato,0.633744
exarmo,0.98175204
eminentus,0.94866645
lib,0.6160054
emissarius,0.90400743
impatientus,0.7869784
sacriportum,0.8765136
adiiciens,0.76516557
erumpor,0.8437665
prodido,0.76181364
existimavi,0.7531173
commilitium,0.9375644
sertorium,0.5377903
evecior,0.87482095
septennium,0.85755885
subclamo,0.81896394
honorifico,0.67423296
lucullo,0.77897286
pano,0.74961686
lastheneus,0.886772
favorabilis,0.95321834
tributarius,0.9461358
fulgentus,0.83931005
isauricus,0.9550141
raetia,0.97711134
vindelicus,0.9055573
norici,0.8798129
albania,0.8664062
heniochi,0.9461175
excellentus,0.94231355
executor,0.6692176
exsil,0.67200506
transgressus,0.7294652
aambitus,0.83390653
candid,0.53957695
inlibo,0.9290433
flagrantis,0.9405264
elum,0.6672983
centiens,0.95569664
gloriosior,0.8094063
effotto,0.84247047
indemnis,0.95885515
digestio,0.92739356
adstruo,0.96470183
utrique,0.7578282
pompeiana,0.8779832
privignum,0.8973105
epidius,0.70175314
laodica,0.8626287
prosperrimus,0.9634593
fulgentis,0.82463455
cruente,0.76485395
eminentissimor,0.86380893
retulio,0.87031364
murcus,0.7617433
brutianus,0.8443961
praedatio,0.88304603
antonianar,0.810979
perusini,0.74725544
pacorus,0.96301943
delmatia,0.8958677
calvinus,0.84439987
auspicatus,0.97571063
pravissimus,0.74351895
duodecies,0.8185979
exploratissimus,0.8302383
philippius,0.8638536
resurrecio,0.66964525
prisca,0.879706
parior,0.72813237
paossurus,0.9194995
puno,0.8939257
innutrio,0.8328122
celsitudo,0.7850989
instructissio,0.8571068
pannonicus,0.9503613
lollium,0.7795225
inimitabilis,0.8607103
nium,0.7424846
patratio,0.77378523
detecio,0.77991444
inieceo,0.80254966
conuersatio,0.9676331
exultatio,0.9040466
bructerus,0.91412497
cherusci,0.8723507
lupia,0.68220437
langobardi,0.823196
quadringentesimum,0.8358202
abundantissimus,0.9030279
praedictum,0.90507394
marcomannus,0.89033675
hercynia,0.93461585
exercitium,0.9346025
cattus,0.9132712
carnuntus,0.78265244
danubius,0.9608373
tergestus,0.8487376
eta,0.46854752
ciuilitas,0.9501907
adiutorium,0.97341853
incruens,0.83738554
bato,0.82638156
uelleianus,0.7817259
delmo,0.8145404
simplicissimus,0.93715584
consummatio,0.9244625
marcor,0.87049586
ducus,0.7984855
semiustus,0.85243165
gentilicium,0.74064255
uiennensis,0.9467984
mollo,0.814962
raetor,0.8844813
ordinatio,0.91910136
sacerdotalis,0.7066288
generosis,0.82959175
adsequens,0.8244311
interemptor,0.90439487
secure,0.95009655
professor,0.9509377
pythagoranus,0.8630914
herophilus,0.9470626
erasistratus,0.96890247
serapio,0.8841286
rationalis,0.9766369
empiricus,0.83701515
asclepiadus,0.86750746
inprobabilis,0.8732691
incomprehensibilis,0.9170835
inrationalis,0.97655463
discitto,0.80703163
febricito,0.95040524
adstrinquo,0.82799435
euidentia,0.95670485
medicinalis,0.892982
ualetudinarius,0.8514384
inspectio,0.96388596
praecordium,0.88808155
destillatio,0.94176143
flexuosus,0.9684944
inedii,0.7741355
frictio,0.84014815
perfrigo,0.74795663
austera,0.7171498
conrumpo,0.89722055
hysopum,0.9076946
inflatio,0.9427761
aloe,0.95337677
carnosus,0.9134245
inlio,0.7127104
meracius,0.7916846
fovo,0.8434822
iurulentus,0.83311176
coxa,0.8673895
uulvae,0.92333186
septentrionalis,0.9424551
subsolanus,0.87479377
habilus,0.73623616
obesus,0.8844356
profusio,0.8077932
distentio,0.70891285
resolutio,0.8937339
continao,0.8160888
febricula,0.86796755
glandula,0.92332435
uertebra,0.8939066
pubertas,0.96052593
cholera,0.9183568
oscitatio,0.9285141
porreco,0.9360535
glutinosus,0.95222414
lividus,0.8972654
uenula,0.8502996
innatus,0.8547568
ueratrum,0.83752465
strigmentum,0.84869605
revigo,0.8773508
articulum,0.9102009
praecesso,0.92555726
uulua,0.95395154
calculosus,0.8273833
alui,0.81258434
prurigo,0.94688326
iuuenior,0.9089149
septum,0.8885052
inalbesco,0.9099493
inualesco,0.9792826
urguio,0.8107244
cartilago,0.92825913
coxe,0.7907515
fumatus,0.83407724
sanesco,0.9324491
gestatio,0.8816364
penicillum,0.93677926
caliculus,0.7374584
pultarius,0.80736345
op,0.38046938
tisana,0.91977346
quinquagies,0.9017292
fulmentum,0.8373696
hvito,0.7729138
perungueo,0.8739784
inuolutus,0.73676914
utriculus,0.69006705
lenticula,0.95250565
panificium,0.87395024
phoenicopterus,0.8559016
simila,0.92457825
polle,0.8365921
specialiter,0.85632914
sucosus,0.8515452
tenerioris,0.9331201
cohortalis,0.8123052
petiola,0.8272997
elixo,0.82817924
sorbilis,0.88191104
halicus,0.63021505
oryza,0.82353246
pulticula,0.9257413
incoco,0.71640897
panicium,0.84645516
napis,0.6395314
nepetum,0.86658895
anetus,0.90892124
cerasium,0.74124587
cerasia,0.77456784
iurulentum,0.7830068
lolligo,0.7451368
hordiacius,0.87765795
conchula,0.82305354
fringo,0.637411
fricio,0.9002559
nepeta,0.9002132
erodo,0.9357119
hyoscyamus,0.8595058
lolius,0.66670513
adeps,0.9142884
simplicior,0.9248377
faeteo,0.83708894
maturius,0.6106111
pythagoricus,0.9373423
paresne,0.84780985
fluor,0.87464225
infractus,0.88323784
erasistras,0.9007845
circumspectus,0.88664424
deterto,0.7003525
heraclidis,0.73134387
refectio,0.956661
castoreum,0.8741621
phrenesis,0.9029719
vinceo,0.6086883
mandragora,0.89086235
removendo,0.6841015
hilas,0.811767
expavesceo,0.8468714
delino,0.7445564
gypsum,0.9197781
cimolia,0.78267026
galbanum,0.95279163
malagma,0.9184134
clibanus,0.8898448
cinnamomum,0.94610876
ladanus,0.7910934
cardamomum,0.9422196
styrax,0.8868364
aroma,0.8265366
pusula,0.9305804
pthido,0.91806614
orizo,0.77312374
quaterve,0.75877035
marrubius,0.8927311
coclear,0.9370668
betus,0.79053015
exhilaro,0.931713
aliquandiu,0.9399736
iacior,0.84934604
abellanus,0.7579531
uentriculus,0.97089094
musculosus,0.9184648
gibbus,0.954535
membranula,0.93138444
conuorto,0.8685849
dexterior,0.89216566
ceruical,0.92715204
gargarizo,0.9112265
adrodo,0.76068485
laso,0.88364613
contusus,0.8327948
adtonsus,0.773013
cataplasmo,0.81561565
contrita,0.71967685
ambulando,0.81940216
portulaca,0.9131405
contino,0.88046765
adiecto,0.87130564
intubum,0.85717833
computresco,0.88258696
sesamum,0.92333114
pinum,0.87719345
renitor,0.93235034
inconquo,0.6784484
trifolium,0.7941145
satureius,0.8560731
nasturcus,0.8134141
nucleum,0.6997004
adspargo,0.8784486
sorbero,0.72992146
petroselinum,0.9395827
myrra,0.87258697
dysenteria,0.77507496
butyrum,0.88738775
acacia,0.8364341
alume,0.9548423
levior,0.7664665
unitas,0.8394599
excavo,0.8016894
piperatus,0.90690386
suffumigo,0.8382832
repetitus,0.68215996
concretum,0.78131866
arenosus,0.890407
cinnamus,0.91417813
comprimens,0.785013
but,0.6218457
ibiscum,0.8239286
mys,0.7600845
innexus,0.85217845
combuso,0.74733436
scissilis,0.81799704
bdella,0.59019995
pyrethrus,0.94707835
bdellium,0.8397033
ualidi,0.7248276
cadmium,0.8459586
salamandra,0.927848
tithymallus,0.8414324
marrubium,0.9350025
corallium,0.78739214
resoluio,0.7751241
recrementus,0.855026
scripulus,0.88197076
pastillis,0.79703045
metallicus,0.77496135
pastillus,0.7529931
andreas,0.77356493
numenius,0.84855413
struthio,0.920117
iridis,0.85985756
illyrica,0.90425754
iridus,0.5851184
sycomorus,0.84157753
thymiama,0.8574221
cardamomi,0.9076439
contreo,0.58713245
arabis,0.81254447
difficiliter,0.79969764
pinea,0.89198095
thapsia,0.87894356
sescuncia,0.8787327
irides,0.71498203
chamaeleons,0.8316736
cedro,0.8525187
smaragdinus,0.84279776
hecataeus,0.9209254
supercresco,0.9143026
buturus,0.7515991
exempo,0.69430304
lxxv,0.83293587
myrteum,0.84346515
bullio,0.93357277
deliquo,0.76537424
foenum,0.7901608
inmatura,0.897498
silis,0.90092176
cilicus,0.8717202
stacte,0.861014
gentiana,0.53032684
opobalsamus,0.8837917
zingiber,0.9046322
aspalathus,0.91109943
sil,0.7130744
ommutesco,0.89241314
superinfundo,0.86531794
adtollo,0.9730467
uenii,0.5720752
penetravo,0.7169493
singultio,0.78709805
faeculentus,0.8834443
subprimo,0.7709802
membranus,0.81517327
supervenio,0.74741197
uitiatus,0.87131894
lipara,0.81773454
hydrophobus,0.8204955
psyllus,0.96232045
uenatorius,0.93837905
circulator,0.9249199
anserinus,0.8539164
antidotum,0.970764
cerastes,0.96033394
mentastrum,0.8871031
chelydrum,0.9395498
phalangium,0.7968864
pastinaca,0.84606785
yoscyamum,0.7100758
sanguisuga,0.8573934
coctura,0.89628446
canina,0.7072203
crustum,0.91336364
quodcu,0.78576016
sple,0.93024975
aspritudo,0.8747939
adustus,0.94484884
exasperatum,0.7797879
pusulus,0.83418965
coctes,0.5329579
adcedo,0.7885947
repero,0.7397177
fermentum,0.8789926
innocenter,0.9291476
tortuosa,0.77158856
uessicus,0.7515639
alitervne,0.83602023
conbustus,0.8818756
uerrucula,0.85301286
aegyptias,0.77009535
myrmecus,0.7628068
impetigo,0.90792537
rubicundior,0.7710205
leux,0.88148564
irenaeus,0.7388429
subao,0.70735383
trypho,0.9262981
teneresco,0.80312836
ocularius,0.8237948
peduculus,0.9019952
coctae,0.82880723
lippiens,0.78181875
hermo,0.5671068
crassa,0.80440575
gravesco,0.85376143
scabris,0.7632841
suffusio,0.9549702
paralysis,0.9227816
inungo,0.7579602
menophilus,0.89748955
emolleo,0.82670933
utrilibet,0.79732466
lius,0.7478162
opteno,0.822983
spars,0.602471
contecio,0.8294702
rhus,0.8598945
chelidonius,0.8283098
frictus,0.8510324
cotonium,0.71109515
philoxenus,0.7671542
sostratus,0.9134228
chirurgus,0.9362067
intremesco,0.8080679
transversus,0.8250407
alligor,0.85372865
forfex,0.93861574
eiecio,0.8866652
chalazia,0.77375287
adprehensus,0.9723767
adglutinor,0.64237523
nouissime,0.9718727
inunctio,0.7716781
erupo,0.8829058
na,0.9066231
spatha,0.94007534
inplicitus,0.9470191
circumrado,0.83466375
conprehendio,0.8703047
hero,0.7397613
uacus,0.7184678
quodve,0.8476182
ustus,0.9356333
erectior,0.9361187
testiculum,0.94326943
inmoro,0.91719353
obsedo,0.7790352
generatio,0.5956625
adtero,0.94649124
infibulo,0.7546513
prominentia,0.89531827
calculo,0.8615562
transfluo,0.84266305
adtractus,0.8529469
cvi,0.70117235
tendentia,0.89977896
pectoralis,0.8295314
rotundis,0.7880293
seo,0.60577434
digeo,0.83162415
conlido,0.9635826
superno,0.7332598
serro,0.8498408
depresto,0.9170233
reniteo,0.9163054
circumspectius,0.86981606
lepa,0.67124826
iacuo,0.78579605
rimula,0.7181801
lunatus,0.8314465
mollitus,0.7513783
fractura,0.73128796
subsistens,0.7012207
incero,0.8472878
superiaceo,0.79128397
neclcio,0.74241596
fasceus,0.91927254
resoluta,0.6494362
porrecto,0.6990214
mitellus,0.7451775
inoedia,0.8472973
scorteum,0.66499114
obtudo,0.8463032
spatula,0.84112495
renito,0.8429435
nymphodorus,0.8532263
aeneidos,0.8652425
tro,0.6923219
prehensus,0.8482747
drepanus,0.9071201
evandrius,0.88319886
mezentus,0.8424996
diomede,0.9331506
ama,0.5085182
suffugium,0.9678915
praef,0.8557765
conprehendiro,0.83184916
conmendo,0.94893277
occentus,0.74095124
inpensus,0.9546555
famulo,0.933916
optino,0.78714794
karthaginienses,0.9860449
succisus,0.8983505
ext,0.6185862
karthaginiensies,0.960354
fannia,0.907411
conmineo,0.78387886
philippensis,0.69549185
adnoto,0.987682
prienenses,0.7986411
inundatio,0.97081214
stagnis,0.8892666
trasimennus,0.8335527
flaminis,0.7868093
uaesanus,0.9707333
calamitatis,0.8098324
euidentissimus,0.92784864
ptolemais,0.9269974
xerxis,0.9407238
regressus,0.8849108
midas,0.94307816
plebeus,0.9004748
adtento,0.92859507
haterius,0.85035646
retiarius,0.91110384
adtonitus,0.97019017
homicidium,0.96479946
praenuntius,0.84130263
himerus,0.9092962
incitatissimus,0.7833394
ardentissimus,0.9209915
ueridico,0.9273954
coela,0.65205383
eres,0.6491457
reuixio,0.75188184
tenacissimus,0.92154557
iasonus,0.89706105
conploratio,0.9291807
y,0.5635278
exteno,0.83298177
mitridas,0.9576579
deuico,0.84988344
aristomeni,0.83439904
corp,0.7233333
coniugalis,0.96744597
pubere,0.7103754
discubitus,0.8165301
conpesco,0.7149941
conlabor,0.9515754
educator,0.9619297
trabeatus,0.9380994
mallus,0.8056705
consualis,0.8166348
inconposeo,0.90987456
gesticulatio,0.92745835
italica,0.8999584
saecularis,0.9376671
ualesius,0.8372929
lautitia,0.8104853
choragia,0.7951055
flauior,0.91814256
epulatio,0.85994923
temulentia,0.9370817
libamentum,0.7383263
obaseruantia,0.80748725
planctus,0.96945006
facundis,0.80122656
nequicqua,0.7495506
sinceritas,0.9605627
subnecta,0.8392924
insolentus,0.91480297
duramentum,0.81534874
descio,0.7740308
adtritus,0.9317616
eneruus,0.89091146
clearchus,0.9162923
festinabundus,0.82398146
insolentissimus,0.82138395
imuidiosus,0.75411594
relao,0.81747943
osculo,0.8494352
iuuentaa,0.8010149
astrico,0.8479355
aristogito,0.91704005
poppedius,0.8806903
periclens,0.8721913
inplico,0.93719554
infatigabilis,0.9706694
caeninensies,0.85085106
intercatia,0.78228223
dilapsus,0.8131046
aquilifer,0.8702398
conmilito,0.962581
execratus,0.88752246
subsequo,0.77833235
conuuldo,0.829222
sagulus,0.7140403
cynaegirus,0.8851127
britannicus,0.9298192
proeliator,0.9310918
finieo,0.67473394
xerxe,0.9734853
clypeus,0.90741163
theramenus,0.7907848
inlisus,0.8145673
inmersum,0.8623146
texeo,0.7471523
inposo,0.9068655
facunde,0.7543025
fidicula,0.9519891
examinor,0.8847968
punitor,0.9228674
pho,0.60882246
sophroniscus,0.8208889
mensuro,0.9572494
sculbo,0.760141
dissicus,0.6544733
antiochensis,0.8497379
expensa,0.8049699
conmotus,0.9200827
pyrrum,0.9749601
toi,0.9025476
ga,0.40220696
repraesentatio,0.9193474
conpreho,0.8377247
maeuius,0.7786454
commendatior,0.75731766
phocio,0.8978958
uniuersa,0.7122264
exoror,0.81589615
cydnus,0.96410096
tarso,0.80556405
tarsius,0.8292513
parmenio,0.94305044
adprehendens,0.8871905
coartor,0.8123688
satisdo,0.8828051
lucrifacio,0.91703916
cypriacus,0.73794985
conmiso,0.81797796
thrasybulus,0.9693117
delphici,0.93883026
captura,0.95696926
thaleti,0.7557071
adplicandus,0.8731736
antonia,0.7678472
praediuo,0.89114785
atteno,0.67587525
rum,0.70551854
diogeni,0.8463959
amgustia,0.89131284
latifundium,0.8687189
xui,0.7547573
domuncula,0.90482366
caesones,0.76273024
publicolas,0.8035484
admeo,0.86022806
mausolus,0.7962346
mitridat,0.88426477
explorater,0.8467454
tenacior,0.9268617
hucusque,0.9761845
adserendus,0.9017973
trucidao,0.87452525
pythagorica,0.8679936
hephaestio,0.9276278
lucidior,0.94652915
praerogo,0.87075174
olbia,0.88725865
uendeo,0.82760996
laticlauius,0.88501126
uenerabiliter,0.7327214
ef,0.617885
sepultium,0.83822525
sec,0.66133064
adleuandus,0.88023937
custodeo,0.69170034
inploro,0.8918253
ingras,0.7515495
picena,0.93526196
port,0.5829856
homi,0.79049695
glebula,0.92922986
rependeo,0.80855274
expeo,0.76565456
cimona,0.787694
muti,0.8120545
iniquis,0.844682
sacratissimus,0.9033176
exertus,0.9669313
inclaresco,0.9611246
amphinomus,0.8951963
scythis,0.96627855
sceo,0.7023622
rapuo,0.8094738
testo,0.9244431
argentiue,0.85435814
famular,0.6948301
inclytum,0.8332143
cyrenensius,0.8836329
philaenorus,0.7809075
cohorret,0.77783334
adfectas,0.93825936
gryllus,0.87619644
inbutus,0.86144006
uixo,0.8565736
coinquino,0.9219977
animaduertio,0.87313133
asseuero,0.91566
qualix,0.83572423
pescennius,0.9240582
inpudicitia,0.84038496
lusius,0.8634124
bi,0.73497945
humilus,0.95722914
sobrium,0.90180093
senonas,0.8528254
flaccianus,0.8272279
reprehensor,0.8522742
uiolatus,0.9206394
sobrietas,0.868792
cambyses,0.95656544
inusito,0.840778
timochares,0.8729595
legislator,0.8325088
inpatientia,0.97020847
turia,0.83703977
conmorior,0.8545874
insultatio,0.86668104
pindaris,0.6770537
salernitana,0.8924752
urbinus,0.85196793
adcursus,0.80911094
staueo,0.8096349
obtunsis,0.8647133
themistoclis,0.934911
iniungens,0.7473083
cimo,0.95109475
incunabulus,0.841568
alcibiadenum,0.8813113
polycratus,0.8224397
aglaum,0.8428241
inemendabilis,0.9539703
conpendiarius,0.92346895
subsessor,0.9035316
inprouidus,0.9034219
superausum,0.8699337
infirmis,0.8473668
uolusius,0.78340656
pigrgnus,0.78074384
excusor,0.9063521
equiso,0.87114847
extingo,0.9006525
anaximenes,0.8774939
fufetius,0.8941133
decustto,0.8404319
inclyet,0.886096
nequii,0.74806666
laa,0.595482
petronia,0.6791463
tettius,0.9085034
trachalus,0.7876326
exheredatus,0.86225605
praelatio,0.7382618
punitio,0.8197167
deformiter,0.9410126
ualentinus,0.95392627
conploro,0.9137152
septiens,0.9107654
sincerissimus,0.81664693
inclyo,0.6780843
extrucno,0.79682946
zmyrnaeas,0.7882422
consideranter,0.69735897
animositer,0.82507205
amesia,0.74526364
hortensis,0.7204219
octies,0.92797333
tortum,0.6836485
robustissimus,0.9226716
uehementissimum,0.8221021
neglicio,0.83301955
expresse,0.71866155
exilitas,0.92614937
xc,0.84366935
archimedus,0.8995954
uiuacitas,0.9625192
scaelus,0.58981
nim,0.7372757
disertior,0.8632307
efficacissimus,0.84271604
tudo,0.46305728
cnidii,0.6630782
pictum,0.72890353
suae,0.6260571
disputator,0.84684205
ansula,0.87790275
ctesia,0.9097893
litorium,0.8269876
mineruus,0.7853037
theodectus,0.76626265
conmemoro,0.84734946
largo,0.6888928
libauo,0.7788751
inusitas,0.7440693
paterculus,0.90152824
berenix,0.8633326
conmendabilis,0.84356123
auicula,0.7727905
unio,0.8700434
adtraco,0.80252814
abrogatio,0.6791929
adfectatio,0.9220584
sexagies,0.90859735
probrosa,0.8257484
fragrantia,0.91067475
physco,0.90657413
crementum,0.8479246
praeclaer,0.73962486
lutatia,0.586199
aspersus,0.85453224
uaesania,0.9067577
ochus,0.9585485
artaxerxis,0.85804105
mortalitas,0.968212
testas,0.7441313
praelaior,0.8651198
inpotenter,0.8862454
exprobo,0.9030645
probor,0.88905
samirami,0.9589983
deportor,0.8868022
bituitus,0.7914107
equitium,0.8199451
nunnius,0.86493146
asellio,0.8693339
tabernula,0.8807081
speculatrix,0.8931403
nius,0.705031
titinus,0.78327745
adrianus,0.86246556
tomyrus,0.8400624
berenicus,0.9539115
laodix,0.93895084
succusdo,0.7528908
conmaculo,0.8499856
inritamentus,0.89029515
immoror,0.9407399
adego,0.8265064
thalna,0.71778715
maenianus,0.8269607
anacreontius,0.8298861
polydama,0.9508297
securior,0.9562135
menogenes,0.68934476
cocum,0.8825419
uictimo,0.7931235
artemus,0.7783053
laodice,0.880441
rect,0.64267784
excellentis,0.7443416
cyrni,0.7587966
imbriferus,0.8273137
xerses,0.9123988
fans,0.90986013
cecropio,0.8541994
cymba,0.9203571
mausoleus,0.86402476
inlaedo,0.92403305
dampnum,0.83047855
triga,0.77670276
conrodo,0.84248734
basilissa,0.5751576
exigua,0.69440526
dominator,0.93472767
tartarius,0.78490704
flammea,0.748227
arcados,0.9141209
parui,0.62707496
stymphalida,0.908087
augeus,0.64908785
passo,0.79953074
strico,0.7794903
infeco,0.92129123
inremeabilis,0.7807816
reuocabilis,0.92120755
iuridicus,0.83942807
obtulo,0.8641139
renauigo,0.7537337
tityosus,0.8791259
stupens,0.7861997
scandio,0.7820453
ephebis,0.85580015
exundo,0.9811768
titanes,0.9041997
macetum,0.9655992
pindum,0.8429028
mimo,0.6775692
undecumque,0.95658195
temet,0.958814
reuerso,0.98805773
nouercaa,0.9277663
nouercalis,0.93943703
afflictus,0.7553053
chea,0.96556014
cirrhaea,0.9608861
gnosiacus,0.82699573
parituro,0.9289497
exero,0.9837605
haero,0.9298333
illicitus,0.9181432
othrys,0.85688263
mycale,0.70004916
mysta,0.84210116
gange,0.9669938
nhatus,0.83339816
belia,0.73267996
garama,0.92020154
gigo,0.82396114
calpe,0.9579588
ubinus,0.8761388
caucasium,0.86123574
planco,0.8843502
inconcussus,0.97112274
deplango,0.89459264
plancio,0.75578755
pellus,0.8082917
thyrsigeo,0.872512
occideo,0.7872555
sipara,0.9109554
effer,0.73927945
phasi,0.8346741
pelasgae,0.87016946
hao,0.7113134
arctoo,0.91038257
gemmifer,0.87444836
althaeus,0.72340155
macio,0.64281833
dulcius,0.71656036
meminus,0.73274505
semetipse,0.909917
generositas,0.9376621
liberis,0.6931099
infao,0.8201437
seneca,0.95774937
aedo,0.8616833
pandataria,0.7681658
dirco,0.8207605
reuulsum,0.7996886
fareor,0.8492884
castalius,0.96170145
obtendo,0.9682977
inuiseo,0.8068065
nebrides,0.84847844
odorum,0.9098486
recolligo,0.9319734
auetustas,0.8479266
obue,0.93921334
luciferi,0.7418123
texor,0.7817085
lachesae,0.98447347
iocasta,0.9016876
postergus,0.86992335
riphaea,0.95011413
molossos,0.96027386
araxe,0.79116607
aggrauo,0.8299178
effrenus,0.9458408
fuso,0.77090687
cho,0.35043645
primaeuo,0.91125035
creticum,0.8005673
trisulca,0.93324494
monstrifer,0.95832574
stellifero,0.86198044
stuprator,0.90307105
cyclas,0.90370226
physeter,0.7459204
proludeo,0.8219812
atrus,0.8416809
cruo,0.8808042
parnasos,0.87206566
tarta,0.8807157
eruio,0.7929805
abstrusus,0.8971705
agau,0.84849393
belligerium,0.8308743
inclita,0.7915665
adultas,0.82231
posterx,0.7801967
sesti,0.8048036
pelopea,0.8028754
deceptor,0.8544233
consorte,0.81614065
alanus,0.94898015
latratu,0.7986518
querulum,0.92232525
noleo,0.92497057
tigri,0.9258172
polyxenes,0.8874827
tumide,0.88101375
arctoi,0.9002869
danaidis,0.73725516
elidus,0.57645905
inlaetabilis,0.9086553
afflico,0.9141599
adlocutio,0.9192997
secretior,0.9837115
contumacus,0.8399826
deploratio,0.73025775
languidius,0.78202796
commodatum,0.7581645
gaudus,0.6941323
suaso,0.9031567
seianum,0.8542047
insidens,0.79978794
ostiatim,0.8195451
pernicior,0.8481902
exsolutio,0.67764497
servor,0.741857
indubitatus,0.9635629
interuerto,0.93870753
exusio,0.8556354
circumlatro,0.80532527
offoco,0.7424338
ruitus,0.935297
confodior,0.8646803
indulgente,0.9151948
positio,0.97591317
inlustrans,0.8093952
phocidus,0.8244548
fugaveo,0.8433346
incorporalis,0.9759459
inm,0.594344
depressior,0.80270755
cenatio,0.90386415
perscrutatio,0.738065
adgero,0.93031555
incomprensibilis,0.8818879
sollicitior,0.94135207
zenus,0.7210922
inuulnerabilis,0.91566265
inspuo,0.8614676
uiderint,0.9190575
indecens,0.9568175
inbeo,0.8700168
blandissimus,0.84977007
avia,0.8973513
piamentum,0.7861119
austeritas,0.9241526
sincerior,0.9149952
consuluo,0.8309441
obduxo,0.77133405
congesso,0.7129094
reduxeo,0.68280494
dedignaor,0.9205835
drusilla,0.8491301
principaliter,0.8254467
sevoco,0.7755208
humanior,0.9280684
refulso,0.8342128
sardonyx,0.9613073
plasmo,0.8526319
cirratus,0.8741629
saor,0.636963
plorabilis,0.85344684
eliquo,0.7971833
eugio,0.86170477
occipitis,0.79250747
sanna,0.88898706
eugis,0.6749662
sartago,0.8823826
trossulus,0.63964945
bassar,0.8398063
assono,0.8104507
delumbo,0.7475005
nonarius,0.5878712
scabiosus,0.8980143
tuccetus,0.86331844
iunix,0.8233809
purgatus,0.77358735
calabrum,0.7794654
donano,0.785636
pupa,0.7733494
rudere,0.89594483
poscio,0.9043179
succinum,0.637462
stemma,0.98714703
millesimus,0.84288603
craterus,0.87570554
uicturus,0.9578866
metaa,0.769661
lutor,0.7160905
surrideo,0.8406936
ocimum,0.7420148
pannosa,0.8163166
unco,0.85625595
palaestritus,0.8576801
elixa,0.78871083
cerdo,0.8889606
tragoedo,0.9267198
cenandus,0.76237833
glyconium,0.81038815
tectoria,0.93142337
cleanthea,0.7894591
canthus,0.8212147
masurus,0.625708
luciferum,0.78552306
balnea,0.70466363
nutriero,0.85105705
inodor,0.68994087
pronepscor,0.81151235
cappadocas,0.87091523
paulina,0.91160285
seculum,0.9436047
dispectus,0.846627
conputatio,0.88025665
discursatio,0.8057019
diripuo,0.78758883
optatissimus,0.8338176
inpendio,0.8726878
suptilitas,0.8690299
decrepo,0.8195996
inmidior,0.9220128
receseo,0.87326646
neglegentus,0.85407674
modulatio,0.9719297
cocus,0.9120078
enormis,0.9683827
indiec,0.74730897
valerior,0.63296086
adquisitus,0.9102075
praestatio,0.7645587
discurso,0.7399095
theophrastos,0.83855784
simplicer,0.9203737
caliga,0.9375557
litigator,0.9705883
celerrimum,0.78658116
desis,0.81294584
stilbo,0.8534194
imaginor,0.94927895
saevissimus,0.9643438
accidens,0.791509
coluo,0.7228701
bactrianus,0.9818543
cinerarium,0.76474696
nomenculator,0.876672
stoica,0.9410807
consipio,0.85174465
uervecis,0.72060215
coruulus,0.87157714
benignissimus,0.8778566
toruitas,0.94542485
enormitas,0.9470571
caligula,0.87772214
thraessa,0.7958429
conluctatio,0.94561934
dehonestamentum,0.95374775
uisa,0.84513843
gratao,0.804508
coleno,0.8571774
arna,0.6666597
adlabo,0.8706611
phlegra,0.9301926
pulsatus,0.7711252
recineo,0.86595666
panchaias,0.92037964
stror,0.88899475
alcess,0.9298991
phlegethonta,0.91715586
telamonia,0.8128159
sociao,0.755456
ciconas,0.9067124
argivum,0.67183053
hellespontiaci,0.8848742
regemo,0.9224163
chrysanthus,0.7960719
cupidineus,0.84730804
tale,0.7776295
sterilesco,0.83121586
lydium,0.6546985
uaccula,0.8850426
pergamo,0.92504686
incompertus,0.9392326
ueracius,0.7528246
silo,0.9179054
profesdo,0.91319454
subremigo,0.934305
pigre,0.9289447
perhaurio,0.7506269
fulguro,0.93988085
crotalum,0.85703003
delicium,0.93896496
crystallum,0.9671599
loller,0.63338786
minaeus,0.7923684
conglacio,0.7772733
colchidos,0.9042293
tuum,0.64475596
primaesco,0.769619
peplum,0.8807911
typho,0.9064454
ossaeus,0.8443786
amphitris,0.7220887
muratus,0.80548924
polyidos,0.7667699
coccinus,0.91398513
bacatus,0.8260204
oester,0.9574599
deturpo,0.9178368
denubo,0.81191075
curalium,0.8451361
sunus,0.6637711
uestire,0.87177527
tuccas,0.8840909
tau,0.80002993
iuvene,0.88563395
scholasticus,0.93685246
pothus,0.68681633
inmensis,0.93557024
impes,0.60929906
savia,0.85326034
idalias,0.852028
hesiodo,0.70913965
seclum,0.8775672
destitutor,0.67838335
excubitor,0.9186348
subactum,0.9276004
casula,0.9164259
nocuus,0.7041194
refotto,0.8308231
salebrosus,0.9019062
olivium,0.7833765
effcio,0.85349476
tropicus,0.95461094
trutinus,0.9524395
protubero,0.93869877
reputavo,0.9729061
persensis,0.9999999
monosyllaba,0.8956492
dogmaticus,0.82580125
aestiferus,0.9071192
quadruus,0.6532959
concretas,0.805856
frutectum,0.86465895
paphie,0.8609905
obeliscor,0.8584175
cataclysmus,0.9558598
diluuium,0.96372217
thesmophoria,0.913919
inacus,0.6953934
parnassus,0.9056328
afrium,0.92358893
semelens,0.8903727
erigona,0.91088516
transfiguro,0.92155766
tyrrhenic,0.7636312
aethalides,0.9093173
marsyae,0.74641573
ariete,0.7157885
deuirgino,0.87437487
pola,0.83400726
nouercae,0.75503576
ammiro,0.8197559
athlus,0.8696916
ammitto,0.9156519
typhonae,0.9415719
ophites,0.821196
replero,0.8282126
gnosus,0.7677078
ariadne,0.8728168
transieco,0.7267363
interiio,0.73628455
iocastae,0.8472245
polynices,0.87585634
polynicus,0.8943847
annuntio,0.7835978
oenomaus,0.7847171
oenomai,0.94820035
thyestis,0.8699446
zetus,0.81925964
circumcingo,0.7964118
laomedonti,0.8044018
pileus,0.7800576
lytra,0.7447691
moesia,0.9691961
zmintheus,0.89134383
patrocli,0.92862177
polymnestor,0.8510364
caphareus,0.8976641
laetabundus,0.5995996
lxxxi,0.7871161
inebrio,0.93875855
laestrygonas,0.90969485
sirenas,0.88597524
nausicaa,0.86231136
euryclia,0.7488388
cogitabundus,0.8157547
crucifigo,0.9170681
transnato,0.91907287
salutem,0.86391944
meherclus,0.7000045
balneolum,0.8772583
colossus,0.8831963
achivi,0.7704224
cespes,0.96684235
adrasteus,0.82731616
taro,0.75294113
elegeas,0.8061176
tegeaticus,0.86376595
flammiger,0.9615259
queritor,0.8430116
iliaca,0.87621707
dalmaticus,0.92805606
bissenus,0.96048874
nebridus,0.92084813
entheus,0.9326711
italidus,0.7549229
anieneo,0.752157
pisaeus,0.90048975
pelor,0.9196483
defluus,0.8920846
abiungo,0.91380227
uitrea,0.87447375
satira,0.6590451
arctoas,0.9226451
transmidior,0.74908054
nestoreus,0.88743895
salinus,0.73735154
praedatrix,0.78547114
nator,0.85262775
praecelsum,0.80153316
thasi,0.8734683
synnadi,0.8425424
inerro,0.88622177
sparsio,0.731259
pollus,0.7923989
polla,0.8811327
displicuo,0.9304421
uenturus,0.87810636
catasta,0.8538791
fluctiuagus,0.9595128
amyclaea,0.88098943
palaestinus,0.79330456
lavo,0.8708951
rescitto,0.7833008
ehlysius,0.841897
sireni,0.7283043
gymnas,0.9308397
ephyres,0.82097125
sonorus,0.9630065
apelleius,0.8673105
isthmiacus,0.9067029
diaeta,0.8004066
eoe,0.9277465
chalcidicas,0.9222628
pierias,0.7642789
calens,0.88437134
caelicus,0.83905697
phaethontia,0.89165235
sturnus,0.9077492
massylo,0.8136889
foveus,0.8219228
achillens,0.7883866
pollentini,0.90369666
trieteridus,0.8737641
phosphorus,0.939247
saevius,0.79261553
bassaridus,0.86532575
hyantia,0.8487938
maronianus,0.74785453
elysiius,0.8812794
nocentum,0.9267992
asclepius,0.81014717
ecloga,0.8819095
effulo,0.84261996
oblucto,0.946843
torrentus,0.94939643
scrutator,0.9473659
nemee,0.87251055
flammigeo,0.9273562
moderamina,0.8783065
artemo,0.6930638
summerdo,0.8450643
pandeo,0.90563345
supernato,0.7979458
abscisdo,0.63946384
populatrix,0.9016946
agenoreus,0.9613447
phoroneus,0.86394095
stabulata,0.76829576
opobalsama,0.81773776
stellige,0.86544836
aestifeo,0.84342027
pubeo,0.76364833
diomedeo,0.75650996
praemeto,0.80919015
auxiliator,0.93010557
praelibo,0.85576963
paphee,0.8516538
tergeme,0.8901503
pervigilis,0.8342793
interseco,0.8538171
retexor,0.8847508
thylis,0.7411756
impenetrabilis,0.9520304
longo,0.7718884
habitator,0.89043134
thebaidus,0.82275975
grypus,0.8586251
reparator,0.8510469
gaurum,0.5148566
assuo,0.92668176
abnepos,0.8902017
romuleas,0.7347131
reverdo,0.7633443
chalcidico,0.8249148
proavitus,0.74822885
sylla,0.9498619
macetus,0.9575051
thebais,0.8178991
mantuanus,0.92961407
timavus,0.7654786
uesevi,0.8541542
atropos,0.9345951
gaianus,0.7051292
prunus,0.814661
cinyphiae,0.86414874
lucanicus,0.9356
abascantus,0.6990888
priscilla,0.86745244
aequaevos,0.886456
thyle,0.88525784
emeritum,0.8308149
furvae,0.8026944
hebraei,0.7086737
pharium,0.9308821
inhonorus,0.94993657
thylens,0.8332679
rexeo,0.86543155
evalesco,0.9367766
eumenidas,0.94343823
novercalis,0.9332245
arctoos,0.9440496
septenus,0.948276
peux,0.91242707
solymus,0.9592539
palmetum,0.8590502
caledonius,0.97037816
praedoceo,0.80365837
maronius,0.87798625
marathonia,0.86216056
gra,0.7404996
primaevus,0.86103904
athamantea,0.8523872
alcma,0.7885465
stesichorus,0.8496202
olympiacaus,0.8000231
pharii,0.89432776
inlaudabilis,0.7692478
lugentum,0.8203678
implicio,0.89656526
striga,0.77537155
salma,0.73285353
tina,0.56826794
tributarium,0.83083797
normalis,0.9237985
finitio,0.90451586
obliquitas,0.82739097
podisma,0.7886879
nervia,0.6914495
transpono,0.9419513
normaliter,0.82420063
moo,0.5596601
parallelo,0.74984676
evado,0.7905461
lientia,0.6468346
icaestio,0.7378854
inaequalitas,0.96124554
alluuio,0.92961484
podeo,0.62292486
attiguus,0.8133358
infestatio,0.7585349
asculani,0.8925039
augustinus,0.6614203
ive,0.62270975
apello,0.8925929
carpio,0.7499456
etus,0.7950003
amesis,0.83031446
uice,0.7653912
quinquagenus,0.843839
paci,0.9362286
zeugma,0.93396
fusior,0.9257649
obscuror,0.79719424
suscitandus,0.8079326
incognio,0.85010505
rhodinus,0.7110757
gisgoni,0.92349887
amendo,0.87254274
agredior,0.76679856
transnauigo,0.8719706
chabrias,0.86804765
lignatio,0.6492914
samniticus,0.95193475
laberius,0.9035496
uocitatu,0.8587922
cent,0.41125697
excessur,0.7742856
iphicrates,0.9242873
aggestum,0.8915681
captiuitas,0.97150016
tissaphernus,0.7607188
opacitas,0.9388222
of,0.3097071
exhortatio,0.965304
sternuto,0.6741525
tigranocerta,0.9278674
uespasianus,0.9829293
procursio,0.84066707
cleomenes,0.9153299
artaxerxes,0.91861117
lenter,0.8245207
postsignanus,0.92227906
arbela,0.9311882
chattus,0.82147664
apprendo,0.92741215
aeneator,0.871318
sextiae,0.87575644
sequella,0.6881653
teda,0.87822163
atheus,0.7541448
triballus,0.8940833
asseueratio,0.89647365
rapidior,0.8480259
mandragoras,0.830183
semicrudum,0.80365765
perpernus,0.8384098
obreptio,0.8382546
praedivino,0.6389278
boeotium,0.8404461
umt,0.6847409
agiliter,0.8465462
pharnabazus,0.94642466
adoreor,0.8751917
metator,0.8382973
salvius,0.70554996
scythar,0.97854394
megarensi,0.811513
megarensis,0.8265907
pa,0.71495855
alicius,0.7811861
transo,0.8408859
brittannia,0.9300715
tumentia,0.9044199
districtio,0.75826186
irruptio,0.91803
corripuo,0.743705
timarchus,0.8331729
babylonii,0.88217473
vacuo,0.7682947
invalidus,0.93377185
alcibiade,0.7813234
cadurci,0.7783387
superstruo,0.93256605
barca,0.8666695
phocaeenses,0.78039336
mantinia,0.7685056
demidior,0.89626396
cornicularius,0.90429115
uarianus,0.6928352
obsedior,0.8437707
sollertissimus,0.94368637
adhibueo,0.78905195
clivosus,0.81017256
provenio,0.93932736
pampinarius,0.91004694
uindemio,0.8642514
interveno,0.9125944
pastino,0.83976007
sabulum,0.69241697
arbustiuus,0.84603286
bipedaneus,0.81519246
aequilibrium,0.7728205
oblaqueo,0.92405385
atqueitum,0.834255
peraridus,0.79975724
adobruo,0.8177813
adrado,0.7799247
propalo,0.76402146
refodio,0.7647576
namsi,0.77858984
uolucrus,0.8196472
ursinus,0.6815768
fraxo,0.74859154
praefrango,0.82468367
praecoquo,0.63949686
serotinus,0.8970048
adolavio,0.6723361
avellanus,0.92636335
primitiuus,0.8579834
delibro,0.8621124
osseus,0.9324237
paleatus,0.91744787
annotinus,0.77982056
dispalo,0.75449646
exactior,0.8516713
maeotida,0.9544887
europes,0.9364248
aliquatenus,0.9025069
inhabitabilis,0.9375769
aria,0.79490614
bacter,0.87585866
daha,0.94476306
cadusus,0.8568518
matianus,0.8246359
cappadoce,0.8764875
lycaones,0.8978156
isaurus,0.90552807
aegaei,0.93776214
illyris,0.9377739
aethiopicus,0.8042189
pharusius,0.868256
blemyes,0.84722334
gamphasao,0.82355535
abila,0.92044044
icosius,0.82596284
cinypsus,0.8709861
borio,0.9242588
lotophagus,0.8644266
trogodyta,0.8080598
meroes,0.8846696
astaboris,0.8041421
hippopotamus,0.88906336
crocodilus,0.8863119
antichthonis,0.854789
abscesssum,0.9180898
explicabilis,0.8053638
canopicus,0.9052231
bolbiticus,0.8467652
sebennyticus,0.84722114
casius,0.9308925
azotum,0.86769426
damascenus,0.6939242
ascalo,0.8329982
iope,0.8052187
cephea,0.822368
phoenice,0.9361042
inperitare,0.8063922
conmo,0.67882174
byblos,0.8962518
beryti,0.7796677
hypatus,0.7970586
issicus,0.86261946
mallo,0.6778719
adsignans,0.8822658
pompeiopolis,0.9397305
soloe,0.7467022
eurymedo,0.954943
xanthos,0.8086551
cragus,0.83242154
posideo,0.78754103
inchoans,0.94488275
smyrnaeus,0.9087973
auenomaus,0.85902107
antandrus,0.89258814
mariandyni,0.8803477
abydos,0.9262979
priapos,0.72315335
pelasgorus,0.8010931
supervolo,0.668745
megarenses,0.9197116
calchedo,0.87578547
paphlagonus,0.9534329
carambis,0.95817375
armenus,0.7614268
cynicius,0.81494015
rara,0.61075467
adtollens,0.91028166
tauricius,0.8245589
amazonicus,0.91272366
adposio,0.9192981
melanchlaena,0.86148787
heniochus,0.9082124
maeotidi,0.9322353
hermonassa,0.888165
maeoticus,0.9393196
incitor,0.72538346
innauigo,0.85377514
essedones,0.9454938
criu,0.9175404
metopo,0.93552274
carcinites,0.86108476
basilida,0.67227924
borysthenes,0.91726524
neuris,0.7339474
adpellans,0.83959424
georgius,0.6475014
mansura,0.8695091
anthropophagus,0.9405843
melanchlaenae,0.8952898
cinctorium,0.7539662
puerperia,0.9673635
phasiacus,0.7795779
byzantio,0.5999014
mastusia,0.9021236
aegus,0.7143463
adluens,0.8758917
cardia,0.7970523
zons,0.6369026
abderus,0.71263456
nestus,0.7541836
olynthus,0.8376249
abluior,0.90269053
nauigabilis,0.90033925
peneo,0.8521776
hellas,0.7078038
erymanthuss,0.8553432
rhamnus,0.904245
hellados,0.8649186
scironius,0.7977195
megarensius,0.8718456
peloponneso,0.88598466
taenaros,0.8932749
saronicus,0.8301668
taenaro,0.8837034
callipoli,0.86348987
peloponnesiaci,0.82154894
ceraunius,0.91486245
parthenus,0.85814303
tergeste,0.8056283
aesum,0.78655434
aternus,0.8152113
tarentus,0.9068774
carcinus,0.85030365
lemannus,0.8633437
vienna,0.9489734
avennio,0.73134184
nemausus,0.77592677
arelatus,0.8384745
cebenna,0.9071355
uadus,0.8322928
salsula,0.8017586
ceruarius,0.82557046
tarraconensis,0.95963776
caesaraugusta,0.812798
cautium,0.89867187
rubricatus,0.7872185
sucronendo,0.82422036
baetica,0.90558743
calpis,0.83717555
tartesus,0.87988734
borysthe,0.9152342
macar,0.8203783
canopos,0.8779282
meninga,0.8850168
imbri,0.8318046
myrtoo,0.79098713
astere,0.8143315
echinades,0.88693506
plota,0.7775097
meli,0.8769556
olearos,0.84324807
cythnos,0.8830604
teni,0.8627883
daedali,0.83551496
insculptus,0.85820603
adcola,0.842528
gortyna,0.9266799
carpathus,0.90895844
hydria,0.832992
peloria,0.8389276
therma,0.97478366
centuripinus,0.718523
gaulos,0.7982386
galo,0.7516589
prochyta,0.85864925
stoechades,0.84100634
colubraria,0.8659164
durius,0.8178861
tamarix,0.87751615
celtica,0.9119612
artabrus,0.78787196
cantabris,0.90263546
sequana,0.92618334
celtae,0.92866707
belgae,0.97360504
ausci,0.7971672
treueri,0.8787811
gesoriacus,0.8907315
paludium,0.7717341
metia,0.6546076
sarmatia,0.8683882
uistula,0.82795763
belca,0.8010823
cerau,0.74246466
iaxarte,0.88903224
oxus,0.94487214
scythic,0.71880335
erythia,0.93991923
nonnisus,0.91637254
diricio,0.73302865
orcades,0.94364643
tabis,0.6945531
proceo,0.8795258
habilito,0.7402072
paliboter,0.80590236
colidus,0.72783905
argyrus,0.8634706
taprobanis,0.8816122
patalene,0.8539423
thalassa,0.86585736
chelonophagus,0.87012684
babylonior,0.7854593
maca,0.76376104
ogyra,0.8475845
macrobius,0.878725
uenerator,0.8100805
pretiosior,0.9567083
helius,0.8992563
cornuta,0.78294027
libuo,0.7189048
theo,0.9256784
catoblepas,0.90788734
gorgades,0.85301965
exilus,0.803167
himantopodes,0.8962623
sala,0.85168135
lixum,0.7601391
atlantix,0.8824016
cleandrum,0.78819263
compellens,0.77673405
sogdiani,0.9593442
interniteo,0.91074264
belium,0.89045286
cidaris,0.82446134
armamaxa,0.79588556
praerupta,0.87363493
flagravo,0.79681534
myndius,0.79183674
damascus,0.93812203
adspirans,0.8862053
adventus,0.5589207
retrocedo,0.8648958
parmenioni,0.89077127
peloponnesius,0.9090061
suspensio,0.67175585
concurrentia,0.84419835
inprovide,0.9317377
provoluo,0.77864826
satrapa,0.96256435
mardus,0.91734034
parmeniona,0.9222812
frenus,0.9082132
mardonius,0.8874849
abdalonymus,0.9256877
paphlagones,0.8937659
aristomene,0.8173707
superfudo,0.8434075
ferrea,0.79941833
cratero,0.83395815
tyriium,0.71310216
ueratae,0.69078064
everbero,0.91261363
diverbero,0.6608998
ruitura,0.91867197
occultor,0.87605405
tyrus,0.85089815
statira,0.7603875
multas,0.65024483
persepolim,0.92087805
andromachus,0.8392363
temporarius,0.9036195
pharnabazum,0.84589255
bessus,0.9049424
nasamones,0.945809
syrticus,0.95507175
invisio,0.6890396
diuerto,0.9246129
samarita,0.84739614
perarmo,0.8504401
equitabilis,0.8072797
malis,0.6179336
reverentia,0.877537
susianus,0.8422855
sogdianus,0.9227858
polyperco,0.9434012
increpio,0.85189164
argyraspides,0.793901
uersabilis,0.910715
circumstantia,0.7540758
ccxxx,0.81413734
timidissimum,0.7902917
media,0.92622304
resudo,0.8725426
babyloniorum,0.7082383
coctilis,0.91270125
cavernus,0.7048453
debilus,0.7088034
agatho,0.724167
apollodor,0.8046179
ueronis,0.7948419
philotas,0.8352276
susa,0.9519539
xenophilo,0.7247738
tauro,0.71290374
subiacens,0.90899885
inplexus,0.73860705
polypercons,0.93377423
euctemo,0.9392031
tiridas,0.93975586
inuia,0.75845957
reppereo,0.9432845
persepolis,0.77613777
temulo,0.72354054
ecbatanus,0.8934631
bactrina,0.7776023
ruimus,0.73368526
intaco,0.8216165
superventur,0.60881996
agi,0.8427937
antipatrus,0.7144411
aemulaior,0.86884445
hystaspis,0.8808368
mossynus,0.8402239
phrataphernes,0.88157296
ochium,0.78840387
adgestus,0.9438048
obsidius,0.77544606
inbueo,0.8801903
satrape,0.855322
interpellor,0.87135124
artaxerxens,0.8805733
arii,0.7475528
inarso,0.75547284
consumpio,0.88250566
artacanas,0.7857337
effeminatum,0.8928424
metro,0.8093975
suppresso,0.7917824
exhibo,0.8421725
coenum,0.7913557
adfirmatio,0.9386052
profugo,0.8845161
converbero,0.88054013
satraps,0.8355029
arimaspi,0.8702533
defosdo,0.7800507
bactrus,0.78144515
sogdiana,0.88382095
ementitum,0.73118913
milesii,0.83221906
xerxi,0.9079617
meleagrus,0.8448931
scythae,0.8181703
menedo,0.7563914
lascivus,0.79484725
margianus,0.8677361
collao,0.6733449
evoluo,0.84934676
cophes,0.8260549
procaciter,0.85367256
procacissimus,0.90492594
relucto,0.8508715
clitum,0.75903916
adulio,0.9211587
barbaer,0.79504323
mardos,0.8510816
arsamus,0.8193502
arsaces,0.9525074
oxyars,0.8530987
roxanus,0.6257827
uirguncula,0.8083524
conuerso,0.9514957
gratuitas,0.7585947
olynthium,0.81927276
reuerbero,0.9182633
acesines,0.91645384
crocodillus,0.8571056
libris,0.7464836
nutriens,0.7514175
choaspes,0.9374894
cleophus,0.8099173
monstraio,0.84139365
pliraeque,0.7786591
taxilis,0.8235641
parvus,0.6252304
iniacio,0.6893736
porius,0.7690062
simplicius,0.85769045
rhinoceros,0.96908224
sopho,0.46171796
alveum,0.73850894
harpalum,0.8802401
sibi,0.6102168
peucestus,0.819406
timagenes,0.90861124
componens,0.8466592
triballis,0.8254001
athenodorus,0.9193743
inmutatio,0.9577535
clypeum,0.8795118
cianctus,0.81612
suffossis,0.8754066
pitho,0.85683566
superfusus,0.67200774
relaio,0.81254387
onesicritus,0.89799786
sibyrtio,0.7384231
carmania,0.8280841
conpenso,0.8069093
euphratus,0.93584013
adstrugo,0.80732906
colluuio,0.87175673
adclamans,0.95467937
fundendus,0.90306616
olympiada,0.892285
precarium,0.7818298
roxanis,0.89061403
barsine,0.60812944
sobol,0.8572112
roxanes,0.912055
barsina,0.83143795
perdiccaeus,0.92338073
arrhidaeus,0.856913
meleagros,0.8650151
desitio,0.7037065
adnuntio,0.9416557
pasa,0.60178125
cassander,0.8364275
trapezus,0.88906837
aroiarathe,0.90525305
bactri,0.89553475
adserens,0.86476576
figuratio,0.9303329
metos,0.8463226
centrum,0.8624328
parallelus,0.8531827
antarcticus,0.9421294
arcticus,0.91702616
therinus,0.7853545
isemerinus,0.8438895
interfusum,0.96273917
deb,0.8571135
trifarius,0.85946316
canopico,0.9226674
interiectum,0.7535811
septemtriones,0.69994867
eratosthenes,0.89539427
posus,0.5768867
proueo,0.82799685
trago,0.66601664
semimortuus,0.87036
iasione,0.80000114
philomelus,0.8638571
philomelum,0.8163254
stephanus,0.7699082
obprimeo,0.85324574
pangaeus,0.7990387
caduceus,0.7556621
aidi,0.7034478
genealogia,0.8436521
euhemerus,0.9179684
conticio,0.8871394
argeus,0.85294074
myrtilum,0.7881436
aigo,0.64445114
ophiussa,0.8737502
myrmidonae,0.88795906
aesculapiium,0.83413553
desii,0.8668566
navicularius,0.8302336
hippocrene,0.7913506
antia,0.57223725
hellenes,0.8236976
paeona,0.7348701
tostus,0.7801559
thyo,0.72948307
senserum,0.76262
boetia,0.8696369
oenomaum,0.9097825
aphid,0.6823728
collocao,0.7878085
berenice,0.9424765
converso,0.80738676
formatio,0.8398309
gigantus,0.8597033
deucaliona,0.85692203
cecrops,0.89584875
cecropes,0.8211479
lero,0.60765874
concesto,0.7279806
maerope,0.8654553
istrus,0.7626076
cephalis,0.6676396
annumero,0.88102806
elatius,0.85269713
phylarchus,0.83061135
protesilai,0.8483561
demopho,0.8912965
esito,0.84395385
planeta,0.8767491
phaeno,0.89144504
plagius,0.77794987
cancri,0.8346224
lineola,0.6627682
hostias,0.62502325
antipoda,0.82516176
libuio,0.9279686
ophiuchius,0.88553977
pou,0.9124903
bootae,0.87322766
navicula,0.67971766
ccclx,0.89613324
ecclipsi,0.8489779
finxo,0.74424386
tonus,0.81458694
pyroes,0.9164525
cosss,0.8582179
computatio,0.9525686
ianuar,0.5499599
annonarius,0.8470864
marcelli,0.8390292
novies,0.8262102
nov,0.6888666
hyginus,0.9471331
ahenobarbo,0.90897477
consiliove,0.7538554
iacueo,0.70586467
disiunctiuus,0.84809124
appositio,0.7980878
interfectio,0.80510587
ivo,0.63818014
aggressus,0.6765147
galata,0.68646806
tuditanius,0.8127949
usi,0.6096535
postulavi,0.7606453
martus,0.9113263
max,0.69557977
sept,0.99914056
xviiii,0.87790513
absolutorius,0.84325975
supe,0.69100106
tractavo,0.8172945
appelo,0.7745091
manilianum,0.5866352
autor,0.6221659
tricostus,0.9034024
pros,0.6736883
lus,0.81087625
praeludo,0.8216167
torvus,0.78387785
inlabor,0.8244399
progenis,0.7710917
stygi,0.76566005
therapnus,0.8343675
scyriadus,0.86339766
hilaer,0.8697552
nereidum,0.914673
thiasis,0.892105
isthmias,0.79710346
belligera,0.8826238
pelei,0.8692563
tethyos,0.9767208
ithacesia,0.9018185
serta,0.8497975
parceo,0.88793045
aequaeua,0.873433
ostensus,0.8520751
iaciniscor,0.83737403
curetes,0.7259892
retectus,0.85858846
uentosa,0.8520032
laertus,0.87766683
bisseni,0.92680776
maceta,0.72516394
palens,0.8187741
nerva,0.85269475
commentarium,0.8111756
subterraneus,0.9562624
erogatio,0.96480024
camenarus,0.9041813
lucullanus,0.7268928
sexcentesimos,0.96762145
octavus,0.8817283
lucullanum,0.74549365
aediculus,0.8221881
scaturigi,0.76244724
adquisitio,0.9512614
titianus,0.85844165
turbulentum,0.7909885
pressura,0.91104233
scus,0.6323242
conceptaculum,0.828193
quinarius,0.89261544
diuersitas,0.98682004
substantia,0.930652
dexto,0.90288913
octonarius,0.9476708
uicenum,0.74363804
tricenarius,0.91105473
quadrati,0.68553424
duodenarius,0.92863
uicenarium,0.8207565
uicenus,0.788095
uicenarius,0.8457919
sextarium,0.7883059
multiplicatio,0.81840664
quadragenarius,0.9569105
xliiii,0.77786434
sexagenarius,0.93617356
septuagenarium,0.82655025
octogenarius,0.9071754
lxviiii,0.8853847
nonagenarius,0.9210962
deprehendio,0.92045
cxiii,0.75474215
quartamdecimus,0.83534926
ccccxxx,0.8490894
limpida,0.76214236
rigatio,0.8741379
neroniana,0.90843993
treo,0.6331141
traianus,0.9735596
quintilianus,0.9311662
turpilianus,0.86888134
suetonius,0.901778
paulinus,0.85276806
galerius,0.8312515
flavianus,0.9348038
aviola,0.79027474
librator,0.75649905
adnotatio,0.87449807
explicitus,0.90734696
circitor,0.8726212
ribi,0.8600366
permieo,0.86955553
exsecutio,0.9349035
subinfero,0.7168205
democharis,0.7987192
intelligens,0.8056332
succenso,0.8000034
exturbao,0.8336706
praeministro,0.8928894
recogitatio,0.74372756
quotidianus,0.877113
consequenter,0.75360054
pateficio,0.83266574
percunctaor,0.72394997
pisinnus,0.7607955
explicuio,0.7786914
cornigeor,0.91335404
triuialis,0.9431633
armentalis,0.90430534
astacus,0.8044953
affeo,0.72181696
pomona,0.9269767
palear,0.77903634
manualis,0.8902031
astrepio,0.8922963
odora,0.7749618
iberus,0.7792978
modulabilis,0.7253264
fructifico,0.7720333
malignum,0.81134987
calcator,0.82320875
paganicus,0.9174584
pullo,0.84799784
forpex,0.8922756
nyctilus,0.86707544
aedona,0.8484777
hystrix,0.8207469
frutico,0.9277768
petaso,0.86833286
siluinus,0.809809
necno,0.91254073
hausura,0.775319
daedalia,0.8499013
dolatus,0.8320852
ne+cdum,0.9649584
marra,0.57538503
purpuro,0.86652297
lactucula,0.91558146
prorito,0.89229774
salgama,0.8093301
planto,0.87216705
resolutus,0.7054261
priuigna,0.8982083
cinyreia,0.8515991
paphies,0.86078584
nysia,0.7904628
castaliae,0.74300915
flammeolus,0.8567278
caltus,0.8491849
irrepo,0.94112426
tagens,0.7786531
areola,0.76240796
phrixeo,0.7764353
prototomus,0.7796217
tartesiaci,0.83724594
atriplix,0.84371614
prosero,0.7213472
canopo,0.9026194
perfudeo,0.8723847
oppando,0.8149016
accendeo,0.76002795
adoni,0.8788844
obseruans,0.84373367
spico,0.8769423
genesta,0.92469984
martes,0.92233187
celtas,0.887636
morinus,0.87810844
thessales,0.78266835
perpenso,0.8176454
maza,0.4963027
achaemenium,0.92270094
lucifuga,0.80412966
callaecae,0.763233
pyrenus,0.8106118
nebrode,0.7819869
spadix,0.83750844
aetherea,0.8626772
circumuagus,0.8424633
aedonia,0.8712878
colentus,0.70163906
focilo,0.93689835
maecenates,0.9466632
praefatus,0.6815903
myrreus,0.7854568
sacrilego,0.75281
minois,0.8377675
circumstrepo,0.9442005
nascendi,0.870895
dominantia,0.87258184
aeterna,0.75959814
nis,0.70710266
ulterius,0.75506425
notia,0.8919573
lineus,0.85814804
certa,0.67488635
iux,0.906403
lanigerius,0.8909378
umidior,0.80379045
immersus,0.834924
titanius,0.93153584
isiacus,0.8530984
petentus,0.77821994
rarius,0.6743638
duplice,0.6211233
praelabens,0.84969836
dictao,0.7911682
expositum,0.82618743
quouum,0.898413
ecfluo,0.8530869
cu,0.51398885
dissociascor,0.8860569
supino,0.98015237
horro,0.72719634
breuium,0.8694122
daemonium,0.87423986
tempium,0.88074183
nutricius,0.839419
incipia,0.6571293
athla,0.79214656
consol,0.611666
umbrarus,0.739339
fulget,0.88572836
uernalis,0.85738534
dicandus,0.5558944
breuio,0.9127594
triplico,0.85960114
brumus,0.83294576
vincus,0.6588515
adcumulo,0.91807824
uicturi,0.83038616
sortiio,0.8857858
vulner,0.7836359
touo,0.6841875
innumeer,0.87292796
decanicus,0.72577953
ambago,0.7900968
confusus,0.9055937
undena,0.8285043
uitreum,0.9186971
fecundissimus,0.78745353
recturus,0.87211794
ariadnaea,0.8981526
uolano,0.73233616
salmoneus,0.8827994
bellerophontes,0.9228296
verno,0.7931924
vsura,0.7813667
defueritde,0.7065885
reuersus,0.9569781
gorgus,0.76247144
quassum,0.8580521
sagena,0.819823
cre,0.677154
gyndes,0.8146782
tamyr,0.77109003
offio,0.75082296
deficientia,0.8277662
moecho,0.7570655
cinaedo,0.9028376
iocunditas,0.88565016
sarcophagus,0.92673504
insidiatrix,0.87817585
scarabaeus,0.8145056
adtestor,0.77551925
intelligo,0.6560838
nociuus,0.8578581
fundeo,0.7364668
setosus,0.75721145
cirrus,0.9481573
xystus,0.81231904
alapa,0.9273399
consiliator,0.8570237
praestito,0.7955977
ceruo,0.79378366
persoleo,0.8801894
conpungo,0.8254667
inconueniens,0.93192863
hons,0.82519096
aesopia,0.8119046
baiulo,0.8886908
tartareo,0.9351251
plutum,0.7540229
fictio,0.9635315
ueretrum,0.92158735
masculinus,0.9486525
simonidis,0.85416985
simonis,0.6709542
pegma,0.947036
translaticius,0.8559128
noteo,0.7648227
comosus,0.8948501
pelusia,0.9456407
ul,0.6187923
ericius,0.86194766
thronus,0.8079859
cadurcus,0.8318727
caesareas,0.943053
flammifero,0.85728127
canens,0.8575022
phasinus,0.813249
thespiaca,0.83198273
panope,0.8221108
minyas,0.9016073
praedurus,0.92556745
erymantheus,0.81968457
periclymenus,0.83052075
limquam,0.72090316
acamo,0.7715943
dehiscor,0.8018777
sepio,0.83358574
flumineo,0.90273553
terrige,0.7653754
hyperionius,0.95304036
lemni,0.8745681
iacentum,0.7682264
soporus,0.7696274
trietericus,0.933599
moesi,0.82972395
frondosa,0.8505074
nubifus,0.7502983
biiuges,0.8507222
bebrycus,0.90310925
tipthys,0.8565695
sonorum,0.92699265
praefulguro,0.86801505
clipes,0.8453921
uhirtusue,0.8404404
luctificum,0.86741936
fulsera,0.7787448
candentus,0.84049344
ouantum,0.811034
car,0.60105616
undiso,0.7951468
halcyo,0.8579972
caucaseus,0.8987582
bebrycius,0.9384458
tenuiue,0.71932983
hesiona,0.7771085
immortuus,0.84361726
imposta,0.7893113
ueluto,0.829849
frondes,0.6625365
tisiphones,0.9109878
hydrix,0.87503994
casdo,0.86616385
traxeo,0.8396279
incessor,0.6923079
ueseui,0.7569153
anhela,0.84859747
pasndo,0.8481617
agenoridus,0.8966917
carambi,0.8300245
amazonidum,0.8721135
enyous,0.95614636
innuba,0.88614887
intermico,0.9209907
uulcanius,0.93107265
rhebas,0.77253234
auernius,0.87321365
imperuius,0.90298796
sepo,0.81943184
tibarenus,0.8888289
mossynoecus,0.8293145
macrones,0.85884196
sestos,0.9399952
monstriferus,0.8615409
phasides,0.82975465
symplegados,0.8099551
sesostr,0.84791994
arsinoenus,0.8464786
phasidis,0.91069174
salmonides,0.8589375
amnigena,0.8090728
phlegraea,0.9157502
bisaltae,0.83264863
ophiusa,0.73995584
sindus,0.864748
neurus,0.72352016
eruus,0.82015026
phrixeius,0.93891174
choatras,0.71080434
monstrificus,0.85704815
maeoti,0.8210318
moesus,0.78668505
tremibunda,0.8674854
alipedem,0.8465926
medor,0.6608983
profundae,0.9581263
recollego,0.85939795
arctois,0.8234693
cyrnus,0.92982274
piniger,0.91063976
recollicio,0.7747089
circaei,0.77642107
erim,0.32653257
aeolium,0.7753401
ripheus,0.8081874
infletus,0.86188835
audenter,0.9589115
astriferus,0.82963675
inexpleueo,0.8311349
aligerus,0.7875445
uoc,0.8027922
mirascor,0.8650001
mauort,0.8279866
quaeo,0.76701176
passur,0.63839287
aesonidus,0.8660257
festa,0.85506797
peuce,0.9342611
ogygia,0.9065236
trophaeus,0.926177
assyrias,0.8490456
carrha,0.8437792
cohercens,0.86890864
latiarae,0.7834859
fontebuci,0.9331742
piratus,0.7606138
rutenus,0.77457845
tarbellicus,0.8392319
santonus,0.8058565
biturix,0.8444805
couinnus,0.8110311
sarmatum,0.85217327
turones,0.86460745
andus,0.62465394
reditura,0.8004832
criniger,0.9109413
monstrosus,0.9579435
anhelio,0.92117774
nubifera,0.78283596
conclamatus,0.95485854
spirame,0.975995
ceuus,0.7626046
adriaca,0.8929289
phaeto,0.81833404
dexteriora,0.78710425
editor,0.58670604
rubiconae,0.90331274
moturus,0.76962566
populates,0.8106965
immaculo,0.8176583
sardos,0.6704752
pannonium,0.613538
damna,0.83316684
cephisos,0.8201908
gnosos,0.6398524
malli,0.79560024
tinguens,0.8609162
carmani,0.5995817
hyrcaniaum,0.8433167
massagetes,0.8853506
memnoniae,0.7979417
dodonis,0.85438764
exstructo,0.73808384
subitum,0.8857465
apluster,0.8255766
iuueno,0.75086886
duratura,0.84931254
pyrenaea,0.859009
asturius,0.64860404
bellax,0.91263056
tauromenitanus,0.9309341
cruens,0.93999094
autololes,0.930094
nasamo,0.9702009
garamans,0.8864259
marmarida,0.8383055
mazax,0.8295654
massylia,0.807625
aspida,0.84933674
sceptrifer,0.91213894
tripoda,0.76556367
cirrhaeus,0.9213826
phoebados,0.90033746
uelutor,0.8382743
fortae,0.7377102
adriacas,0.8115688
admisdo,0.6668227
motura,0.7654698
quoties,0.9577957
arctoass,0.7339392
ephyrea,0.74869895
rutupe,0.80883396
praelapsus,0.8160427
letiferus,0.94141996
impacto,0.78416425
pardus,0.94377065
gortyni,0.85636204
emathus,0.76360166
bebrycio,0.858567
ionus,0.80716085
ericthos,0.8848519
excrementum,0.91673154
suetus,0.886787
uulgao,0.78121734
strideo,0.8886924
illisus,0.8115955
illatro,0.8554857
hauo,0.8048501
subactus,0.76369953
phleger,0.8796567
gorgonei,0.9385274
aponus,0.8944374
antenoreus,0.87586784
cydonae,0.80227166
parthia,0.94339013
mimant,0.8154475
stridulus,0.87908363
expaueo,0.96417266
galatae,0.79379874
confractus,0.7344172
congesta,0.8217615
agaueo,0.77876675
iacentus,0.75377536
ceruchus,0.78638023
inoffensa,0.94644
eoam,0.7859678
arsacidaeus,0.9053371
pellaea,0.88839316
effunda,0.67073065
arsacides,0.82744396
pothinus,0.9337976
ptolomaee,0.9277198
tanti,0.7785658
uiuis,0.7633977
lagea,0.78088903
astrifer,0.85281634
proiecueo,0.81861985
niloticus,0.95629954
bucetum,0.626603
profatus,0.89893293
floriferus,0.81124014
letho,0.8179509
insopitus,0.8197097
tacitum,0.77729183
miscueo,0.8825482
palladi,0.78117406
cenchros,0.83720964
scytale,0.84541595
praester,0.83180535
seps,0.83044946
basiliscus,0.9185502
sabaeas,0.8567157
scythicas,0.8414103
marmaride,0.85920745
elicitus,0.7390394
calchedona,0.87249476
sigeo,0.89953464
restitua,0.7669912
pelusiaco,0.9042183
dependio,0.91262114
crustatum,0.6877694
fastis,0.5576807
polum,0.88135815
molus,0.8485929
octobris,0.84698474
augurinus,0.8934376
convictor,0.8086426
diligentius,0.7882117
perpetuarius,0.77131087
fatuor,0.82925147
praeputium,0.9096817
notarius,0.86592317
ciuitatula,0.8323388
uariae,0.7043811
proneps,0.86082244
agathum,0.6184477
fritillus,0.8817266
trogus,0.87521875
mnester,0.82538664
pantomimus,0.9728091
catonius,0.86985207
sufflamino,0.80634713
tritis,0.7026198
uacavio,0.7733518
beata,0.8632487
sublimitas,0.9114714
diffusio,0.8069891
indiscrets,0.90707386
herbula,0.877954
excepno,0.8389604
abscondeo,0.89261764
distinxo,0.8348161
adficiens,0.68092245
paedagogium,0.81754947
cynici,0.8921908
perpeo,0.8148232
indifferentia,0.87352395
effluxo,0.7835653
scrutatio,0.7575818
hospitor,0.9279943
infrunitus,0.82069576
tomentum,0.8541585
halucinatio,0.81385845
abnocto,0.8421966
adlisus,0.8353414
assilio,0.9199857
uernulum,0.91044027
cleanthe,0.81186926
expliceo,0.7612466
assessor,0.8027731
ceryx,0.82371235
irritamentus,0.9207465
plagiarius,0.9226124
uestiarium,0.88968986
proculcatio,0.7303701
resaluto,0.86913645
inhibo,0.85286784
annuens,0.8487364
cotidianum,0.7945874
subrepens,0.87553245
uirtutium,0.8816055
adsignavo,0.8020182
inperfectus,0.9529668
suspicandus,0.74101627
allino,0.7250098
impatientia,0.9665239
excusso,0.8665832
temperatura,0.77933186
composuo,0.8796342
sigillarium,0.9043615
subplantatus,0.7960888
kalendarium,0.8458693
freneticus,0.79131985
pugillar,0.93553567
mediator,0.5919751
isio,0.8172439
securo,0.70652956
philosophao,0.8651047
ualedico,0.7833395
uomito,0.8673531
grabattus,0.9049982
dipondius,0.8096819
securius,0.8985876
scierum,0.8132938
numeratio,0.86443985
maecenatus,0.9453709
digesso,0.6601423
cula,0.52613306
progener,0.8104298
preso,0.5978153
irreo,0.76208186
excarnifico,0.7490282
larvalis,0.8822624
strophus,0.81662536
delegatio,0.87624854
hesiodum,0.9018853
colluctor,0.9160409
profutuer,0.82883143
marcellinum,0.8433446
rimaa,0.67847264
attempero,0.80852747
hospito,0.91050696
elementarius,0.7555369
breuiarium,0.79827297
quodqui,0.7528827
bratteo,0.9005258
adminicula,0.8641828
subaudio,0.7631816
adventicium,0.8493568
intuendum,0.84714675
formonsum,0.84759665
sophisma,0.93287694
interpellao,0.7531617
cenor,0.814279
stultis,0.83254075
ueribus,0.8684265
muscipulum,0.8609746
lusorius,0.88339126
grammaticor,0.84327483
sotio,0.84599257
suffossio,0.7441704
exhorto,0.892799
recorrigo,0.8735719
comessatio,0.8301956
eligio,0.90454054
fluvito,0.8029858
phil,0.5273167
auditorius,0.94013166
inoffensis,0.83729017
corporalis,0.9504756
uatia,0.78409255
plo,0.7379118
pilicrepus,0.7935235
ceroma,0.8518635
cryptus,0.8643795
effligo,0.83141065
essentia,0.78856
specialis,0.8783567
eternus,0.8373661
reformatio,0.71550626
liquidissimum,0.74606305
parabola,0.78681064
ingestus,0.89866847
uergilianus,0.898925
exiio,0.8084495
prudor,0.7589704
annaeus,0.95443106
lecior,0.81879663
patremfamilia,0.82908964
puo,0.6323812
aquis,0.60930115
diadumenus,0.84035224
contremesco,0.8668397
claranus,0.84535146
honestamentum,0.8068982
imperturbo,0.83019483
inseparabilis,0.86936975
indeclinabilis,0.9289131
inflexibilis,0.86896145
crispulus,0.8635295
parsum,0.6853521
tractator,0.80679685
tolerantia,0.90873635
scitto,0.80871946
malacia,0.56146336
causarius,0.7029339
profecueo,0.7407485
sequus,0.74512947
obstinatus,0.73251015
uticensium,0.85233295
solidissimus,0.81588256
addixo,0.80325663
socrate,0.94114226
rectior,0.90925455
rectis,0.7136436
irrationalis,0.8509022
cessim,0.8158233
captao,0.60915667
praecipitatio,0.7641312
agilus,0.8540015
instruor,0.7771608
ordinatis,0.6567713
putavi,0.87158936
alexandrina,0.84021616
marcellina,0.5545909
summula,0.87972474
inpubus,0.80904615
ostreum,0.8796706
nestoer,0.9031808
intepesco,0.87983465
longis,0.5661515
ouidius,0.8717843
tenui,0.6048715
emicuo,0.8194119
eruditior,0.9177402
lusorium,0.7783784
involute,0.74885535
coctor,0.7489102
manifestior,0.84045523
talio,0.95014215
conpescio,0.62575746
adiaphoros,0.8482337
semedo,0.84861696
subula,0.876989
inefficax,0.96130824
tenerior,0.7649443
dormo,0.9275236
mandavo,0.61060774
matuti,0.8726767
syllogismus,0.95805615
vergilius,0.8976946
condituro,0.8813053
conprendeo,0.9443446
commissio,0.9113966
organum,0.9468603
conluctor,0.8961992
immodero,0.7232265
rectrix,0.81496423
uoluntarium,0.84127295
specularis,0.9379324
spurcior,0.91857827
decente,0.77884334
capillamentum,0.93824506
opertorium,0.883481
grammatix,0.86901075
chelido,0.9369465
inritans,0.7856571
adtrahens,0.75720215
orbatio,0.68306017
grammatice,0.92038953
modificatio,0.7028158
patroclius,0.9090979
tabularius,0.7374259
conputo,0.8691259
paternum,0.82023364
iurisconsultus,0.8438047
statuarius,0.83045065
marmorarius,0.77881885
sanctissimum,0.8156663
uosi,0.6691522
didymus,0.9571283
syllabum,0.9657813
protagoras,0.9371202
parmenides,0.74777377
adser,0.6809517
fissgnle,0.9141739
receptura,0.8148251
lacunarium,0.9019684
uirgea,0.8212308
minutia,0.8400896
percogo,0.7577176
tubus,0.8268647
genium,0.86527115
posidonio,0.67838097
uitrearius,0.77509326
lugdunensis,0.9614959
expugnavo,0.7905936
celsior,0.95532805
centensimus,0.84730697
inrational,0.8725459
severis,0.85509133
consummabilis,0.7320712
functum,0.8236624
fenerans,0.83694017
praeceptiuus,0.8320591
supervacuus,0.6923769
avo,0.5983691
phaedo,0.84693074
imprecatio,0.88123834
hippocratis,0.7677434
asclepias,0.8400876
contemplatiuus,0.9353821
astronomia,0.8727947
actiuus,0.8975146
conditura,0.8118566
uastatrix,0.72245264
commenta,0.7638706
boletus,0.9560577
praesentaneus,0.87668467
destructo,0.7053758
remediabilis,0.7968433
effrico,0.65208024
fornicatio,0.5965565
stilo,0.82590723
introductio,0.7982725
fructifer,0.77678025
diuulsio,0.8062054
inconstantus,0.80243194
metrodorius,0.831416
prus,0.50227714
gar,0.9632252
hedo,0.8935264
henm,0.9440025
toutos,0.94960904
tonm,0.9279836
fabianius,0.6979071
exiliens,0.86823404
provo,0.78739864
foidio,0.7503869
imagino,0.76996124
convivo,0.7623504
murmuratio,0.8919654
conversor,0.8569306
excussio,0.725558
proximior,0.84822893
tirunculum,0.84380865
excolor,0.84326303
inreparabilis,0.95294595
subnoto,0.9289241
obnoxiis,0.8520596
quaarumdus,0.8242901
rationaliter,0.84765095
ordinator,0.87162083
imprecatus,0.90584743
avaritiae,0.37316832
emarcesco,0.88993365
ridicula,0.688099
cinnus,0.78409445
inremediabilis,0.8325589
cereum,0.72135997
enervo,0.7690204
sallustianus,0.915977
infulcio,0.9040425
uergilus,0.90542924
praesumptio,0.92746925
enuntiatiuus,0.85162914
effatum,0.8080499
insecabilis,0.8300189
catonianus,0.8128079
siligineus,0.89073396
claus,0.6053662
uictricium,0.91977686
induster,0.71115863
mortifera,0.82249457
discoquo,0.7480064
perverdo,0.82199645
averso,0.77561915
pomare,0.70912
butus,0.77407014
fabulator,0.8587545
superciliosus,0.90031445
intellegibilis,0.9051173
uilissima,0.7737669
proieceo,0.89097536
inperfectum,0.71681017
turbis,0.8891298
aemulator,0.90425515
contradictio,0.88771677
rutilium,0.70436037
exsectus,0.81939924
postfero,0.8798111
vulo,0.72299695
sobolus,0.83139384
subripo,0.9195853
acerbum,0.87480193
caerulum,0.7236094
revomo,0.88100564
palladem,0.7353662
danaumus,0.6809255
marmaricus,0.97352386
troila,0.808126
perfida,0.7420505
dissico,0.85811096
decennus,0.8993964
subcumbo,0.9104509
remoneo,0.5750879
arcesilaus,0.86513525
quaterdenus,0.8548286
leonteus,0.7981949
locr,0.7087777
amphimachus,0.9168521
nastes,0.73902255
chromius,0.85514385
ennomus,0.85632634
praeduro,0.8123793
achiuis,0.85488665
mydo,0.67481875
caelamo,0.78079706
thetideius,0.8199692
turbor,0.7061411
pugnantus,0.8357694
sarpedona,0.7889408
dorida,0.87127185
lachesis,0.80541074
miserere,0.65485096
collapdo,0.8018152
porthmeus,0.88957965
armi,0.82126826
cumulatius,0.74225605
melleus,0.92959785
praelium,0.8667238
thalia,0.92925555
succideo,0.7576343
defuns,0.6474547
attrio,0.8307903
uiminea,0.7691635
stymphalidus,0.90527576
infelicior,0.80663055
spatiosissimus,0.7783936
privignium,0.9071965
indubitas,0.86088806
ominosus,0.9176098
obiter,0.85183
felicis,0.6515602
inpatientius,0.9450133
negligentia,0.7964079
custodito,0.82968056
exheredatio,0.93902427
vallo,0.66209227
innocentior,0.7725417
calamitatium,0.8583702
reatus,0.9273338
voluntarius,0.8008323
praescium,0.7878598
obseque,0.7377052
redundatio,0.706804
loquacissimus,0.7747172
pigresco,0.8944201
parricidalis,0.90943325
ummus,0.76075244
contentiosus,0.9042231
taxatio,0.925806
impatiente,0.79268825
colluctatio,0.8760167
ficeo,0.66522247
instringo,0.874689
obticesco,0.88728243
sustentatio,0.8830221
desereo,0.70958686
fleveo,0.6171254
prospcio,0.71911246
emensus,0.9215721
conventus,0.72065735
excusater,0.8033993
indubius,0.9187162
execeo,0.72549593
infelicis,0.90624976
fraternitas,0.8955846
incogno,0.7001527
substito,0.8280763
agnitio,0.8775946
indiscreet,0.94069386
signavo,0.66839314
cautissimus,0.884601
conditorium,0.8873327
perpesto,0.8271855
munerarius,0.92889035
inrationabilis,0.89343303
generosgnus,0.7831096
incendiarius,0.86036533
indubitabilis,0.9018147
conflictatio,0.92353714
inspersus,0.83721685
sanguino,0.8518481
strumentum,0.70159817
praecipitium,0.9054108
diffo,0.79141784
funestis,0.7668265
habundo,0.84327984
tabuio,0.7353866
egometipse,0.81454563
onuso,0.8066294
dupla,0.7337108
quadruplus,0.92872393
partir,0.8957791
admetio,0.8262841
speraveo,0.8825434
ap,0.42152593
gravesceo,0.8270885
porrecta,0.89730453
aluearium,0.86837417
textum,0.6956223
fraglans,0.89966387
du,0.5107004
medella,0.89485073
extincno,0.91067636
uivesco,0.8970772
divina,0.7860341
concussio,0.82899296
paupeer,0.76454043
crevero,0.88043416
respondero,0.8916954
amaro,0.793032
indulgentis,0.78155637
facultatium,0.8720326
exosculo,0.94447523
ripo,0.598455
inpatientus,0.77856815
relinqua,0.79971313
secreti,0.8937984
lassesco,0.8648563
deceo,0.78535616
notabiliter,0.83755004
probavo,0.72745997
susceo,0.8221244
compereo,0.71777976
debuio,0.6457978
oportuo,0.81770635
denotatio,0.8534118
praescio,0.90090376
adsertio,0.91861385
mycene,0.78833294
cladus,0.94993925
sarrana,0.8248959
elissaeus,0.92206365
garamanticus,0.94628304
pyrenes,0.9648739
nubiferus,0.86065936
zacynteh,0.7950209
arad,0.67317355
hiarba,0.8068398
sagunti,0.87703663
impresdo,0.7873961
orans,0.86691636
saguntus,0.8457942
pactor,0.7347685
cadentus,0.8035062
libyas,0.6891845
tritonide,0.8441291
bisto,0.85481995
corytus,0.7691481
cydoneus,0.7998008
ido,0.5697702
puluerea,0.93531805
aero,0.57847095
assulto,0.83057755
trepidantum,0.83547556
minantus,0.7570485
byrsa,0.94513243
ultricius,0.8992669
eumenida,0.7527615
solusum,0.8161497
clauigeo,0.7814078
bimembs,0.8567957
cymothoe,0.72330093
laourentia,0.8972964
castulum,0.782446
barcus,0.7093637
rupina,0.73779076
cateius,0.7891054
dipsado,0.7785466
tritonidi,0.8629449
callaecia,0.873738
uitiferus,0.8832545
tartessus,0.9115886
celti,0.6994776
defletum,0.8518968
proseo,0.81893265
libyssus,0.8512758
illapsus,0.9326182
edomio,0.8164839
semifus,0.8079605
rubueo,0.936495
thulens,0.9150957
praecelleo,0.6780622
batauus,0.95393664
cornigus,0.8157465
amphitryoniada,0.8589582
uincentum,0.9071436
alito,0.89055693
subactaa,0.6999732
crixus,0.8601161
seminecus,0.89715886
annecto,0.93697786
laba,0.51525027
circumtono,0.94718665
iusse,0.7473703
lacona,0.824046
phalantus,0.8484738
trieteris,0.8491845
tmulus,0.8662955
agylla,0.8221258
maniplum,0.8307323
marmaridus,0.93026847
terrifix,0.85879815
lateranus,0.83650357
gementum,0.93321157
mauortis,0.9181731
luem,0.8326168
quemue,0.75777066
nasamona,0.8993286
memorabor,0.89796674
fractaeo,0.6438689
serpentinus,0.79008436
impatieo,0.9229684
consertus,0.7620759
balatis,0.8895117
elissaei,0.8189218
agnoscis,0.86498624
sidoniae,0.8763259
protendeo,0.7278446
tuder,0.7520888
stagnosus,0.8073492
euandria,0.8315995
quodnas,0.76962394
suffudo,0.8432982
impasta,0.8111291
phaethontius,0.91303307
uuifer,0.88385385
disperso,0.67738026
nereias,0.77374625
patiarnis,0.8605959
arses,0.7138453
cleado,0.68656623
carmelus,0.8718698
laerta,0.83905184
anhelum,0.8606069
sibemet,0.88084096
maniplis,0.9185287
indiuisus,0.8786385
aegerrimus,0.7996218
oblatro,0.8905647
allatro,0.6686369
sceptrifus,0.77470934
penniger,0.8182533
incelebris,0.7415468
uenafrus,0.894802
implumo,0.86038893
asus,0.82191914
dicarchea,0.8529974
uercellae,0.8908427
euganeus,0.89379
leandrius,0.8105709
uarrus,0.7871724
solymi,0.925052
circumuolitare,0.8388716
maurusiaus,0.93365026
interstruo,0.8562913
calpes,0.72047555
obiectao,0.8283742
immorio,0.77505845
coeptao,0.918737
celtus,0.82496977
uarronis,0.8677562
circumstipo,0.8227323
sinistr,0.8325728
pauitantus,0.73510176
crotos,0.7753685
insomnium,0.9422345
turbaro,0.66726226
temeratus,0.77675354
samnitum,0.8276663
nasamonas,0.8976735
manuue,0.812016
scipiadaeus,0.8739012
applaudo,0.7989853
mollita,0.80736274
uolentum,0.83607197
hadriaci,0.84408957
retrordo,0.89116305
ausonium,0.6264036
annectens,0.8479104
rebellus,0.9003252
depo,0.7380382
pedianus,0.8769609
antenorea,0.84228957
apono,0.7624536
au+dendi,0.8306912
mitificus,0.8325289
amius,0.5990173
oppetio,0.73328495
pauitantia,0.81693935
anteuolo,0.9438901
phlegethons,0.9129322
tetendo,0.8467903
iror,0.73548084
aequaeuo,0.88189745
atlantiaco,0.900107
ausonidum,0.7928496
flexeo,0.76729053
cocyti,0.85070086
megaeras,0.8600796
niphate,0.9119754
gratantum,0.9064449
alme,0.6465214
orthus,0.91779953
impactus,0.7702867
alpheo,0.56652844
lipo,0.8350948
insontus,0.7918464
malefidus,0.8476665
catana,0.80676025
acra,0.66413414
nebrodes,0.7985707
pollentus,0.7069248
clamantus,0.74234927
undiuagus,0.83550775
sitientus,0.8428684
sufficientia,0.8185841
agathocleus,0.82851696
memphitides,0.8267184
onos,0.8752864
hyperionia,0.829427
uitifer,0.77107054
uelocus,0.84401506
mosa,0.8941061
latonius,0.86371285
renouao,0.8499482
massylis,0.8166872
tagius,0.82798934
spectantus,0.79033804
praegressa,0.7456983
asturica,0.77366257
cedentus,0.7694906
progenuo,0.78114176
falciger,0.8536049
quaee,0.77403516
perurgueo,0.893924
genitrix,0.864668
hortamis,0.79226553
labdacii,0.800225
thiodamas,0.84596974
pandereus,0.7457826
oedipodenus,0.93923986
crispi,0.8389956
ascitus,0.76996785
uaporifer,0.912015
transmido,0.6335678
proterui,0.6854129
iambo,0.79067206
uictiem,0.7387262
abscissus,0.7158609
idumaei,0.9065702
apprensus,0.83151555
bissextus,0.824594
quindecimuir,0.91089356
romuleo,0.7628989
timauus,0.8960111
ueseuus,0.85146195
eualeo,0.8784423
expo,0.5905893
oedipodes,0.88737726
umbrifero,0.7926525
cocytos,0.8508274
rogalis,0.83325845
dirx,0.8577874
phaethontea,0.88086283
inopinum,0.80614555
abolio,0.90017843
exanguo,0.8982937
erecno,0.84516734
exerto,0.88811773
multiuagus,0.91022843
praeseco,0.77984273
asprus,0.81028485
deculco,0.9029635
biuertex,0.83062375
taenara,0.89124656
intempestum,0.69327533
praeconia,0.7423605
infrenus,0.847959
cyntho,0.6917721
uiridus,0.81595474
telamona,0.86189854
inexplicio,0.845856
cthonius,0.893288
deeo,0.63983536
tremefactus,0.6659357
pelethronia,0.8643602
tardatus,0.71199024
massylas,0.8713268
delambo,0.83514476
frigentum,0.7464559
prociduus,0.7418565
adamantum,0.7415018
deferuo,0.72476566
maeona,0.7411066
therapnae,0.7644228
perseius,0.83909976
adsocio,0.8086722
recuro,0.76233757
henceladus,0.83046305
accinctus,0.9024514
uacuao,0.783305
interuio,0.87565356
montosus,0.805043
heli,0.7756306
eriphylaeus,0.90063256
dispareo,0.82681173
phor,0.61023474
amyclaeas,0.8553271
inrugo,0.68219805
turbatrix,0.82090855
interfluus,0.8475268
mimallones,0.77994573
hyrcanas,0.9444103
hyperionii,0.85833025
trieter,0.8374288
lemniax,0.84180504
bistonides,0.848347
lycasta,0.9101975
inmeritas,0.79200387
massyel,0.7611933
adsibilo,0.8577091
seruatrex,0.85957354
praesudo,0.72199905
ausura,0.7194213
iliceus,0.90154696
dicaro,0.76998544
refuga,0.7922857
regentus,0.8670666
insatior,0.84726274
internigro,0.8920959
quadriiugio,0.79646814
exerro,0.79049516
sestia,0.8093853
olympiax,0.8187494
diffibulat,0.82732654
cydonus,0.7979045
inmergio,0.86266595
permendo,0.8045133
laoco,0.83695
lacone,0.74354
procuruo,0.7613695
liby,0.8065678
inlabo,0.84625
palladius,0.8293979
flentus,0.75348294
interligo,0.7359917
diuiduum,0.8100659
polites,0.7933221
frondeum,0.72151536
scidior,0.86640525
tantalo,0.78996706
profanor,0.7573868
sedentum,0.8375687
oebalias,0.8305329
iaside,0.8446385
damasus,0.8158877
inludendus,0.8061828
menoecea,0.8283905
capanea,0.75025916
tisiphona,0.8454733
polite,0.861657
formidas,0.6139705
astyage,0.7290389
anthedonius,0.91132593
napaea,0.7794087
strymoni,0.86375004
extantus,0.6054927
superauo,0.88101697
maenadas,0.8923397
aduerbero,0.82074296
dedignao,0.7962276
intere,0.65654796
nomius,0.67244804
exhaureo,0.8382191
proflatus,0.78984314
incendit,0.87970275
exsertum,0.79499346
fulmineis,0.8121314
argiuum,0.7723503
litame,0.8415039
addideo,0.6885798
indecoer,0.81650627
tantalidum,0.8729291
astriger,0.85679954
restruo,0.73545706
indefensa,0.81123686
tiresias,0.80844104
surrepdo,0.7439609
funesta,0.67238134
effosdo,0.7571541
exsequialis,0.85603577
marathonides,0.8496561
malesuadus,0.84286535
lycaeum,0.80910903
reuersa,0.8602458
inachum,0.8619087
aduiuo,0.78844875
affatus,0.8177211
laetifix,0.7878959
capaneia,0.9461876
uictum,0.7738818
ercio,0.8226926
refugum,0.92606074
monstrosis,0.73718035
aeneida,0.96961266
epigrammatos,0.84029806
uiuentius,0.85516894
lucensis,0.6754334
thymele,0.8329483
thrasea,0.67476046
catenatus,0.8187219
faustinus,0.84263515
clinicus,0.8215741
chio,0.87300944
iado,0.53069943
transtiberinus,0.81741035
urbicus,0.96471
procacitas,0.91575146
rictes,0.9134635
caium,0.7472398
quintianus,0.9246044
lingonicus,0.806811
crystallinus,0.92504203
caystrus,0.76490074
fronto,0.93361753
hauus,0.8086117
bilbilis,0.8749946
proculum,0.79632723
madido,0.917607
laeuia,0.6981894
iustina,0.63861775
lyca,0.7609546
fututor,0.9629606
cosmus,0.79580015
zelotypus,0.9561864
scazo,0.7706573
coccino,0.77172506
amethystinus,0.89555913
galbinus,0.68970585
vreo,0.7571287
conualuo,0.8456581
uenerum,0.82838464
casta,0.78854525
ualeriano,0.80720544
telesphorus,0.8254915
ammianus,0.80856484
thermis,0.959428
imbrix,0.7423268
attagena,0.8293788
mado,0.78803873
ianthinus,0.8582099
zoilis,0.84331
noluo,0.6872622
synthesis,0.8774415
alpha,0.89695823
secundilla,0.71462923
disticho,0.9762492
cucullus,0.8300911
stropha,0.8961719
philomusus,0.81937414
laides,0.7458818
occurritus,0.86649257
titi,0.5625886
impudicis,0.8371461
gulosus,0.8884627
fastideo,0.719098
phiala,0.82507336
lomentum,0.8809459
ferior,0.8389001
nates,0.76135147
guttatus,0.735763
phasianus,0.92392814
lactes,0.71430767
palaestrita,0.91445374
sucinum,0.97183365
celeuma,0.9017743
pannosus,0.91685164
mutunio,0.81514335
dropax,0.8839024
placentus,0.7932847
prasinus,0.9201579
sciscitator,0.87300324
cosmianus,0.68127227
castalidus,0.8554878
phaethonteus,0.95974296
melpomena,0.8570429
gratianus,0.7707481
senecaeus,0.7460044
cunnilingus,0.910074
olympiadas,0.9343412
encaustus,0.83453
syrmas,0.81328636
abolla,0.91386193
lacedaemonus,0.8509767
munera,0.7740319
serenior,0.8432347
pomifeer,0.7592002
gestator,0.86825866
helciarior,0.8278447
hemitritaeus,0.87362206
uenuleius,0.7657132
serenis,0.75627786
taliter,0.71263295
symmachus,0.6627305
callistratus,0.8940623
gaude,0.76300704
uernula,0.8845087
saturnalicia,0.8097353
hermes,0.8399913
flaccilla,0.7887943
erotio,0.5808817
nitela,0.91551304
celaenaeus,0.92053187
extemporalis,0.89975286
arctoa,0.9136919
botellus,0.8666923
undecies,0.9009893
arcana,0.7533776
comoedo,0.80945754
telesilla,0.8526696
charidemo,0.7097432
trieterides,0.91233236
santra,0.8469882
choraula,0.9343468
illotus,0.797264
oppianus,0.69633186
opho,0.6269532
catianus,0.80704355
exoluo,0.8703228
das,0.72917277
andragoras,0.81090826
etia,0.66527545
stigma,0.96324515
tucca,0.9701066
suburum,0.8716942
gellianus,0.5711991
bassa,0.56788486
buccella,0.7964411
sanctum,0.6971432
annianus,0.7448051
calpetanum,0.8078714
palmata,0.76004404
quindeciens,0.90091836
archetypus,0.8726375
tartesiacus,0.92483205
recutitor,0.7966147
lautum,0.7957585
urbice,0.750649
chrestus,0.83678883
caesium,0.7960853
solyma,0.81273985
phidiaco,0.80353844
hirsutum,0.8174435
libidino,0.744026
norbana,0.7026136
tetrasticha,0.8507198
pustulo,0.80974567
cronius,0.83039594
ichneumo,0.845369
nestors,0.83711135
sarmatica,0.7787378
caryoueo,0.7626833
natalicium,0.8265717
giganteius,0.7764172
creuio,0.82500535
bombycinus,0.9123273
arcanes,0.7512529
dindymenes,0.8394882
annaei,0.7827804
finier,0.75740016
delphins,0.7251895
gaudentius,0.8481779
cunae,0.84156466
chimerinus,0.79628676
cinxo,0.7068579
uelius,0.67177474
posso,0.78917205
burdigala,0.88933754
arsacia,0.8153789
baeti,0.87888145
litterula,0.8568486
synnae,0.837262
seuerius,0.83842
santonica,0.78480977
assor,0.82682467
auerta,0.73975116
delpha,0.810668
decennis,0.73881125
uincentius,0.86129737
circulatrix,0.8713641
aetia,0.65880567
syllabo,0.83007586
plinius,0.9306491
adiuuans,0.93560964
traianes,0.7929186
condiscipula,0.80848885
sporta,0.8497777
nicerotia,0.7938361
megalensis,0.82145566
structor,0.9101697
frontinus,0.88659906
lemma,0.7616435
mattea,0.85950553
calculator,0.7418113
praetorues,0.80928683
cenatorius,0.7428159
horridulus,0.8253413
subulcio,0.802019
philinus,0.79977727
alabastrum,0.84135044
patauinus,0.78062886
prognus,0.72898036
saoloecismum,0.9457625
britto,0.8736097
rauennatus,0.82207537
allex,0.7562446
folio,0.7036397
causidica,0.8832103
minutal,0.84114397
gabata,0.7894303
motor,0.5809669
theca,0.9299766
iustinus,0.67378175
amphitheatrales,0.9106666
uenturum,0.86918056
terrai,0.60442984
solymis,0.8479069
cuculla,0.8011085
laida,0.82398784
ueredus,0.8644604
ilicetum,0.7674049
marcella,0.7193473
saloni,0.66380423
indecenter,0.893364
ductilis,0.7932844
puleus,0.90728456
elephantidos,0.8548258
crinita,0.8449849
platanona,0.809883
nummularius,0.94470376
malleator,0.80729693
enterocelicus,0.80788606
hypnus,0.6371748
quaternus,0.8130389
instanter,0.95134634
xenium,0.7320314
nitro,0.80360067
ientaculum,0.94231224
tubur,0.83998275
picentinus,0.841193
musteus,0.83908874
gnidia,0.8060384
pannonica,0.93977195
niliax,0.8859823
corace,0.80956817
gobius,0.81930685
diomedeus,0.82410634
oryx,0.79262674
uitifera,0.7816737
uienna,0.771647
uitellianus,0.8326151
expulso,0.7296992
botulus,0.7087605
maura,0.8842987
foliatus,0.89082146
amphitheatralis,0.90904903
patauina,0.69563043
mecmphit,0.83004856
bubalus,0.87170184
subtraxeo,0.8464813
emendatus,0.85351276
apertissime,0.84106064
praecepo,0.69696367
inbuus,0.7699442
paedagoga,0.8860115
inbesco,0.72180796
solvimus,0.8538356
incomparabilis,0.873881
peculiariter,0.92669123
adplicitus,0.874418
aeolicus,0.9229373
digammo,0.90477073
pinnus,0.74445295
orthographia,0.96953595
pronome,0.9696984
participium,0.9565996
advia,0.8475418
neutralis,0.87930775
dativus,0.75611585
aduerbium,0.93937325
euphonius,0.8772185
barbarismum,0.8012546
soloecisma,0.91698444
transmutatio,0.9118787
pluralis,0.9684583
singulariter,0.84732753
pluraliter,0.96072346
aedus,0.6853875
prosoidius,0.90410125
accentus,0.9251847
advium,0.7293522
disyllabum,0.905815
iotacismus,0.91333175
labdacismus,0.91203684
barbarisma,0.8927238
pleonasmo,0.8072548
hyperbato,0.9249411
dualis,0.81830394
possessiuus,0.8943922
quantitas,0.88683814
inproprius,0.90409076
soloecismi,0.86455286
petorriior,0.738323
ablatiuus,0.9654207
inperterreo,0.84629726
epiientia,0.7034247
bius,0.52193004
etymologia,0.9430051
proportio,0.8259039
epicoeno,0.8824589
aprum,0.7432342
nominatiuus,0.94929385
faciliter,0.73662823
frivolus,0.90299845
iactantia,0.97399056
licentiosus,0.84146905
symbolo,0.7125113
etymologius,0.86098576
multipliciter,0.7616391
uolipes,0.7718387
perspicuitas,0.92917556
ineptissimus,0.8284092
datiuus,0.91084826
enoto,0.8598328
significanter,0.93803227
comma,0.90871
oeconomia,0.9043457
metaplasmus,0.9004413
tropus,0.9810281
dianoeo,0.8541976
brevio,0.7891204
uniuersalis,0.92853737
antidotus,0.86875224
dubitavo,0.9479779
psaltes,0.7976312
spadicus,0.8373841
spondium,0.9582279
enthymema,0.9661424
apodixis,0.9053308
palaestrica,0.8717432
aluear,0.8498047
suasorius,0.8925339
rhetorix,0.8830049
cacozelia,0.9718326
abundantior,0.7954098
circulatorius,0.8170072
sente,0.6343374
lascivius,0.8855266
composeo,0.8055438
intuio,0.74107695
luctator,0.84686315
pancratiastes,0.8357356
phonascus,0.8645096
perplexe,0.8981117
auditorium,0.91917974
plebisve,0.79284835
perpetualis,0.6741881
queeo,0.62781036
persuasibilis,0.6942977
enuntiatrix,0.77135026
gorgiaus,0.78504044
legalis,0.9512728
hymeus,0.8447995
dikaio,0.88367033
pratteinm,0.820244
mellontus,0.8926102
doctoer,0.76618415
polycrate,0.8238152
diffiteor,0.92233026
demade,0.8986517
agno,0.8472479
statuarium,0.7475038
didici,0.7180496
diversissimus,0.8107996
evathlus,0.87565964
polycrates,0.8570589
laudatiua,0.7588594
sermocinatrix,0.83316875
hypotheseus,0.7800311
zopyro,0.8298282
clazomenium,0.84749347
nover,0.5888884
chrono,0.8054589
praxi,0.7544308
pragmatum,0.9110287
directio,0.65309465
constitutor,0.74162644
collectiuus,0.8821893
symbebekoss,0.8981849
significans,0.5980923
heredior,0.78329885
stor,0.56894314
intestas,0.88743687
suadio,0.84533453
possibilis,0.71530545
emero,0.81300455
scelestissimus,0.7585675
egressio,0.8403209
trebatio,0.83657795
propitium,0.91465014
praeloco,0.8775052
praescripso,0.8124883
ridendus,0.6824344
surripo,0.87324786
transcurra,0.8006011
plerique,0.84640634
tautologia,0.877069
sallustiana,0.8214319
commonitio,0.8634332
tractaio,0.7769042
utrumcus,0.8752016
declamatorius,0.85066724
tou,0.80698824
minutio,0.8603617
lucidissimus,0.7556187
perseveravo,0.89773
interlocutio,0.8899042
insolubilis,0.8761839
factumveum,0.751197
semeio,0.76992726
ariopagita,0.8592527
adultera,0.83976495
epichirema,0.8756036
syllogisticus,0.88062215
epichierior,0.83676255
argumentosus,0.79825073
impossibilis,0.9202137
euitatio,0.63983405
convinco,0.80478585
inuocatio,0.93968797
uerata,0.59093964
baiularus,0.7544081
passienus,0.71848315
plodo,0.7838322
pathus,0.85867906
ethus,0.75911427
temporalis,0.77444535
phantasia,0.9192199
horatianus,0.87848455
uitandum,0.7543139
festivissimus,0.7906867
iaculatio,0.85012597
prandio,0.7993406
hyperbole,0.8426698
zo,0.26137006
ambitiose,0.841382
metaphora,0.8641887
orchestra,0.94070184
mordacius,0.88600636
primipilaris,0.8744335
legatarium,0.80568033
discretio,0.7949836
confesdeo,0.75974
dilatus,0.76639426
antinomia,0.84421706
tibicino,0.7598245
peregrinitas,0.8515664
sosipater,0.7229256
encenium,0.745361
surripeo,0.8746133
amatoris,0.83149797
invor,0.80881953
accusativi,0.8889963
correptio,0.87092984
struco,0.83491737
intueo,0.752926
asiani,0.8636258
translucidus,0.7713721
calumnio,0.917062
homonyma,0.9004295
aemulo,0.7820837
decuo,0.64385915
perihodus,0.9008253
redhibitio,0.8953538
epithetonensis,0.6549615
beatitas,0.6883199
beatitudo,0.68858904
figulo,0.65892917
macrologia,0.6947767
periphrasis,0.93457955
operositas,0.8720703
parabolus,0.8019103
redditio,0.92558485
inadfecto,0.8597868
enthymemo,0.8482482
catholicus,0.82485855
inpunitas,0.8282373
dormientum,0.66584694
adloquens,0.9231365
periclitatum,0.772183
synecdoche,0.88728213
aegialeus,0.8113868
antonomasia,0.9442966
epithetos,0.830472
onomatopoeia,0.88112736
abusiuus,0.912314
innisi,0.64447683
allegoria,0.96128464
circumlocutio,0.8627575
perissologium,0.84353924
hyperbatos,0.9533441
superiectio,0.77955914
minuendo,0.66537106
uetto,0.7976643
artorius,0.8272739
obseruabilis,0.89082813
apt,0.63460803
laesio,0.7027978
indifferenter,0.9339065
inofficiosus,0.8907387
suggestio,0.69834214
prohibitio,0.78323066
auersio,0.8644559
eleuatio,0.82732356
interruptio,0.828468
fideicommissus,0.88555217
rapueo,0.7242459
abolitio,0.9404664
ghorgia,0.8752631
adsevero,0.8934515
anankaio,0.8875521
obuias,0.8584974
pugnacis,0.8473397
excitate,0.7199266
avena,0.7505019
regressio,0.80805624
polyptotos,0.81891954
polysyndeto,0.85701966
advius,0.9243592
contraposiueo,0.83145976
galliambo,0.8075015
inadfectatus,0.8700961
contrapono,0.7686718
dialectos,0.8342041
modulo,0.814564
faciaa,0.72399724
subsulto,0.84313524
sescuplum,0.86216915
metricus,0.9213934
spondus,0.8557922
tous,0.67474866
theous,0.9154696
balleum,0.91417086
crepitaculum,0.894642
trimeter,0.91901124
octono,0.74387413
trimetrum,0.89149237
anacreontio,0.6317228
trimetro,0.7758014
penthemimer,0.83371925
hyper,0.74647677
pyrrhichium,0.9301728
pariambus,0.8858237
anapaesto,0.9052553
amphibrachys,0.86694205
palimbacchius,0.89227045
tribrachy,0.93999624
trimetr,0.89114684
dochmus,0.8760363
tribrachysicus,0.9108188
pentameter,0.92867905
amphhibrachys,0.82785684
pyrrhichus,0.83970666
synaliphes,0.74666697
pugnaciter,0.72711545
graciliter,0.7586702
trochaicum,0.830897
uersifico,0.84054154
mansus,0.66294336
theocritus,0.8759487
facundissimus,0.88963866
hypobolimaeus,0.8309359
uersificator,0.8537104
tersus,0.8702971
vidi,0.5956217
deiciendus,0.819726
destructio,0.8816891
lucratiuus,0.8207606
contemptum,0.41978836
scurrilitas,0.93339944
thersita,0.83267105
enthymematum,0.92996347
remiso,0.7890116
severius,0.7045163
indulso,0.8066524
praesento,0.89974046
inmoror,0.7917812
abnegatus,0.8721646
advicio,0.80562943
larissaeus,0.8281149
tyndaridis,0.87717795
revolvo,0.71141326
dicturum,0.77779436
tensus,0.8118609
depositio,0.771096
trochleum,0.84956324
suffusus,0.76541364
uerecundo,0.7824299
instantus,0.85514736
compliciti,0.88159347
circumversio,0.83453524
protendio,0.8358479
supinitas,0.7302607
complodo,0.83590657
uacillatio,0.83366936
inepte,0.8226099
plinus,0.80736196
involveo,0.7938368
ceruicula,0.7222829
magistrus,0.8820567
vulgo,0.8966843
uenim,0.65220714
ethicus,0.75199896
platoni,0.8146739
pupillar,0.8432821
iactanter,0.9134369
agnitor,0.6738057
asianus,0.9419073
protogenes,0.6945685
addido,0.8004897
exsuco,0.7795263
optendo,0.87101704
condiendus,0.7822834
anthero,0.8864341
praemo,0.73549247
conscripseo,0.7850954
uberis,0.6968976
galeas,0.67353517
framea,0.9601795
mainervae,0.9017645
pthisa,0.8972108
tenio,0.7736318
mamilla,0.87944704
peiurus,0.8017577
minuteus,0.84859896
bacchanale,0.8503033
nube,0.57496774
multicia,0.8824113
procula,0.73609805
scutulatus,0.8630079
podium,0.85315895
artaxa,0.8529809
nocturna,0.73300624
cophinus,0.9046416
praesente,0.5272102
isacus,0.79447997
albina,0.7050475
uesteo,0.8388169
othus,0.73683643
urceolus,0.92531574
opicio,0.6835941
ligustix,0.7671301
gutus,0.8357905
caenosus,0.8923475
seiius,0.65658474
glutto,0.7745312
uelarium,0.7881049
ligulus,0.6099979
perego,0.8460631
berullus,0.6566784
quassao,0.80301976
pulsor,0.83210504
captator,0.88167477
parides,0.768907
carpophorus,0.7627523
dacicus,0.8010275
zelotypa,0.8055122
laomedontiades,0.8977228
anticato,0.85246456
antiquarius,0.94739115
opicus,0.84506434
soloecism,0.82711005
isiaca,0.8472973
genesi,0.53994966
gaudio,0.6193247
agrippina,0.9372548
adipatum,0.74590933
papo,0.5822557
colchideum,0.81466925
quintilla,0.5418029
russatus,0.6949726
pelamys,0.8253156
catinensis,0.7785883
secutor,0.9269777
fodo,0.7828686
collusor,0.7805788
praediuio,0.8761091
suffeceo,0.84851336
caballa,0.918922
bithynus,0.89372253
umbrifeer,0.7828182
rutila,0.90454715
stheneboeaus,0.8641927
miscellaneus,0.76166534
haedulus,0.8197738
farro,0.7241708
liuidulus,0.7950065
tessella,0.77911973
tirunculus,0.8105074
iliadi,0.8471112
megalesiacas,0.8853804
culno,0.84206223
hecatombe,0.84733784
moyses,0.83337766
sectiuus,0.8775664
saccum,0.7887108
uocaro,0.6990333
amus,0.58853865
syrmo,0.86886823
princiep,0.86365265
noss,0.80201495
senatusconsultus,0.85131943
solemnis,0.9308784
ditio,0.8713226
vespasianus,0.9176271
conteco,0.9427504
praetixio,0.80404115
abactus,0.8396409
donatiuum,0.97569114
affluentia,0.76090956
nequidquam,0.92019117
feracissimus,0.87194633
ubero,0.7496914
foenus,0.8130304
congestus,0.7505159
quoscu,0.9000655
convuldo,0.7761769
uicesima,0.77650255
mulcto,0.71432745
solicitudo,0.7529317
quotusquisque,0.9180583
inscripso,0.76169217
bellua,0.8601575
dedignero,0.7213846
detersus,0.86251694
transvectio,0.8270982
praemono,0.84486675
seculus,0.88172615
papyrius,0.88325155
inturbo,0.7370038
principis,0.83767456
invigilo,0.8659929
fucatus,0.8047254
annoto,0.93790853
reverentus,0.8223437
reputatio,0.8620889
resultao,0.7024062
humesco,0.8377099
interus,0.5859202
transfreto,0.87956023
superfluus,0.7068034
auocamentum,0.8339312
uendico,0.72996616
maritius,0.75728023
tertullus,0.8305378
seipse,0.7885006
pessim,0.65106887
xciii,0.79893255
coherco,0.7618705
cohercendus,0.8132668
frygo,0.7588673
tyrrenus,0.8750107
singuli,0.45360637
uniuersaliter,0.8620374
iuniperus,0.88183725
finalis,0.92864585
gamma,0.8786536
testeus,0.8553443
congesio,0.8346168
cypressus,0.880187
substitus,0.7248662
siluosus,0.8650648
congestio,0.9236557
metatio,0.8850597
limitatio,0.8460288
sanctuarium,0.889813
illi,0.6627273
suscriptio,0.7932304
quasve,0.61763823
syllanus,0.81008536
dacia,0.950566
stadius,0.79041535
amfor,0.8469674
miliare,0.90422684
stereo,0.8502557
summitas,0.88755214
cohibitio,0.84179735
semicirculus,0.8301542
diastema,0.828852
pluriumve,0.79195917
circinus,0.9079025
kidie,0.6604459
quas,0.73206735
loca,0.655085
sacrificalis,0.80304885
caesura,0.8773794
impus,0.8263401
utputa,0.9065886
combino,0.8286402
quingenaria,0.92051387
primipilar,0.92879385
officialis,0.6942407
cognominor,0.91708523
expedito,0.8580471
praetentura,0.9041904
xcvi,0.834862
decimana,0.8149653
bucinum,0.7094305
ueredarius,0.7309153
reliquid,0.7932005
praetentuer,0.8516933
stricte,0.88921916
methodus,0.8095933
solummodo,0.74491495
petrosus,0.7252605
detcio,0.8245723
rectura,0.86416566
dipundium,0.7414671
emerita,0.7841315
connexio,0.83951485
obumbratio,0.8090925
inhabito,0.77510613
conterno,0.78637433
agerius,0.8251884
typus,0.7939882
descripo,0.6291044
sortiti,0.76082164
interstitio,0.8545417
agrimensor,0.89068586
lineo,0.8400375
plagatus,0.7956996
angularis,0.803815
uitus,0.70973724
adscriptio,0.79208714
locatim,0.6852088
alioquin,0.80746233
cancello,0.8275365
spania,0.8865026
ptolomeus,0.8703867
monetalis,0.78856194
collectus,0.7389889
peraequatio,0.89397633
adoptivus,0.7807142
negligenter,0.8067696
correo,0.6374184
morigeer,0.831479
superduco,0.89900756
uxorium,0.76600873
cecino,0.5862802
cardineus,0.8809888
aborigineus,0.9134351
grammatica,0.8669259
satyra,0.77650416
archelaum,0.8593497
roiel,0.67188334
melissus,0.95694494
manumissus,0.756253
chares,0.8079903
littero,0.7618769
problema,0.78673804
opilius,0.9127078
pinax,0.6926139
nutritor,0.8555554
affectatio,0.8813334
suomo,0.9203229
uerrius,0.9492751
remmius,0.83088243
herilis,0.8700403
promercalis,0.87860024
eins,0.68906784
devito,0.79896766
berytius,0.8409332
obprobrium,0.9454986
hillustres,0.8361629
atqne,0.7210691
el,0.7041007
concionor,0.8858762
ursulus,0.8055661
uulcatius,0.84363437
malevolus,0.79821545
tempere,0.83140856
coëmendus,0.94345725
andes,0.99999994
vagi,1.0000002
prosperior,0.87929916
genitura,0.88229036
cebes,0.9493452
alexim,0.9972495
hieria,0.92467445
asconius,0.9623532
parthenias,1.0000001
maecenatiani,0.9855116
cirim,0.9273682
prorepereo,0.9999999
georgica,0.8171905
aeneidem,0.7618787
georgicus,0.954219
actiaca,0.94991505
octaviaeus,0.992285
octobr,0.8487637
conssaeus,0.90296835
maecenatemus,0.9957234
hemistichium,0.96486866
antibucolica,0.99068135
eglogus,0.799047
insulse,0.76515424
parodeso,0.96038264
fagio,0.87069654
uipsanius,0.9522182
perellius,0.9999999
dileco,0.73308474
occupatus,0.781817
septimi,0.76524025
uenerias,0.7748607
aquitanicus,0.8913304
aulio,0.5735941
uolaterris,0.79640454
fusio,0.79949796
cornutum,0.75016034
iudus,0.80695957
aristocratus,0.7647224
aemulytus,0.82019836
cornuo,0.64014614
lucani,0.6212278
uesubius,0.79260695
falsa,0.57902086
planasia,0.7137114
adscio,0.8233932
proferendo,0.83792204
repperi,0.7316842
inprospere,0.8220204
lollianus,0.85305214
varro,0.51203406
uipsania,0.6644795
filo,0.65859693
infructuosus,0.94392145
inmitus,0.7273209
adsimulans,0.8718769
intolerans,0.73590916
augustae,0.86101973
sequani,0.9455036
fiscis,0.7224766
chaucus,0.8304955
treuiri,0.78516126
inprovdi,0.89623123
postposo,0.66077495
defector,0.91234714
concaedes,0.8380786
pannonici,0.721528
coeptor,0.8769311
arminii,0.5819401
inrepseo,0.84097946
moria,0.69186044
luco,0.86881614
immodestia,0.82452714
exundatio,0.87103415
florentinus,0.6473888
artabanus,0.97699714
adcrescens,0.85747075
dom,0.3666033
adcurrens,0.9352511
interiacio,0.88895345
praefuo,0.83939874
asstitit,0.81675386
adsultis,0.8356636
inpromptus,0.7999021
truculentia,0.8493294
noviens,0.77208626
rebellium,0.84627247
curate,0.85825276
innisus,0.65685385
idum,0.41229093
quinquiplico,0.81361496
ducentesimus,0.8715556
philopator,0.8746946
sueba,0.78394604
nescis,0.7824174
langobardus,0.8780371
ditas,0.8256023
inreligiosus,0.9086669
artaxatum,0.8822171
contiguim,0.7499901
subiecta,0.50622684
quadi,0.9070929
gratans,0.7740351
ademptio,0.86613315
longinquum,0.79975104
imitamentum,0.9236765
megalesius,0.78854066
qualicus,0.82706904
interfectrix,0.8536688
iunia,0.7469872
corbulo,0.89520454
inreuerentia,0.925791
legius,0.73882616
philippopolim,0.9096637
andecaui,0.7692806
lugdunus,0.8068439
turonus,0.8162377
trevires,0.76617765
gladiatura,0.82753235
genticus,0.88838136
rubellius,0.87537396
sumptuarius,0.91404253
reperno,0.7485573
praemineo,0.8521254
crebresceo,0.90959287
insidero,0.80754435
venero,0.7752502
interdiceo,0.8003718
restauro,0.9119115
antelao,0.79044235
uulsiniis,0.8672246
dolentus,0.7459093
apronia,0.6472646
pomanus,0.6736727
ptolemaei,0.7758368
amovo,0.87684584
temperanter,0.893458
cremutius,0.8301097
adgnitus,0.90329623
cyzicenus,0.94843113
anto,0.43606162
inclementia,0.898563
gaetulicus,0.86583436
permissum,0.79213023
compleveo,0.70473987
appellito,0.8924307
adpulo,0.694922
latiar,0.83688366
transrhenanus,0.9399023
rubellium,0.8774322
testame,0.814814
placitum,0.45780414
tola,0.61504346
latiaris,0.7708547
execuio,0.64972824
caecilianum,0.783418
incelebro,0.8563193
perca,0.6625257
erythris,0.7032285
geminius,0.7619771
auctito,0.75158566
auraria,0.7821499
macro,0.783741
provigo,0.62874174
heliopolis,0.8718132
artaxius,0.78488797
arsace,0.863697
arsacus,0.94179064
adulatorius,0.8448645
repertus,0.7911782
euphratum,0.81005573
papinius,0.7996188
arsacide,0.8898761
surena,0.84757626
uigueo,0.7872001
sosibius,0.7997382
uardanes,0.8456571
uardanus,0.70454586
turbao,0.8273916
iactantio,0.7921762
adsimilatus,0.8307705
detractor,0.7870297
mattiacus,0.8529023
adseuerans,0.9582881
camerium,0.56303036
rninus,0.7244122
proposeo,0.79388714
conisus,0.8417549
calpurnianus,0.8232909
laterano,0.83359724
lollia,0.87608504
dissertavo,0.7470686
adiabeni,0.8736626
emercor,0.91348755
cilo,0.79861975
ituraeus,0.7536489
nemeta,0.82109904
ostorium,0.8913728
sabrinus,0.75419223
hibernia,0.91026855
silura,0.8281175
certerus,0.76833236
praemino,0.86252594
praeiaceo,0.7610086
clientulus,0.8060122
orfitus,0.85607874
obpugnatio,0.95461094
zenobia,0.745466
saluius,0.8697809
galilaeus,0.8416736
iliensius,0.8792338
matius,0.91582394
pseudophilippis,0.8427808
transmeo,0.88442826
chalcedonius,0.80235314
delectabilis,0.7954359
inliio,0.83554065
proavia,0.8170055
sustinuo,0.6518611
aristobulus,0.8790241
praecalidus,0.89488304
quadringenties,0.8695742
antoninus,0.72736627
galatia,0.8962537
nudatus,0.78685534
incustodita,0.84049475
othos,0.8633701
abusque,0.83905506
quadragesima,0.8337152
mosella,0.8900105
pervicaciter,0.8228196
aresceo,0.8299668
anicetus,0.84627277
iutus,0.7853182
perditis,0.7659019
antistia,0.5305834
puteolus,0.7962302
intercurso,0.8236933
subverdo,0.8559936
proto,0.6624639
rumius,0.64280343
patrator,0.7498838
incusatus,0.67873245
praesumptum,0.6746761
contermina,0.8802039
nisibi,0.914842
commagena,0.8955235
praevalo,0.7015417
meditamentum,0.8409115
imaginatio,0.71891093
superpositum,0.8220912
minutum,0.7391895
celereus,0.6883966
pervigilia,0.7462578
christus,0.7835926
tiberus,0.6838447
restrico,0.6646749
adscita,0.7475512
pertaesus,0.9238666
silio,0.7335012
epaphroditus,0.8378451
inverto,0.8074076
omidior,0.8161152
capitolius,0.71467066
maximilla,0.83999616
musonius,0.88742954
indutus,0.58674675
obteco,0.8340378
claudium,0.7624073
coacior,0.7535602
soranum,0.8043607
proconsulatus,0.91871196
agrippinus,0.8569087
stoicas,0.8707918
asclepiodotium,0.8615147
tungrus,0.8638439
serratus,0.85685945
contacio,0.74179125
elector,0.8093531
largis,0.684602
feminus,0.82195574
intectus,0.7764348
osium,0.6737629
neruii,0.86181045
uangiones,0.8702218
batavius,0.78811496
hercynius,0.88346684
chamavos,0.81564623
reverenter,0.863723
quadus,0.89942473
reter,0.8426787
quadorum,0.7942441
quadum,0.8645117
eduro,0.7883412
peucinus,0.8428614
peucini,0.8154392
aquitania,0.89774996
habitantis,0.81522244
tortio,0.8037498
fulseo,0.8013533
intercebo,0.76871514
stus,0.75204706
serviturus,0.8412564
inglorium,0.8190795
tungrorum,0.8897417
privas,0.8257507
festinano,0.749657
mauricus,0.8728609
existimor,0.85019773
uirgilius,0.7174083
dulco,0.8274976
aprium,0.78866607
nicetes,0.79310143
inpolitus,0.83362156
elumbis,0.77071285
odoror,0.7677278
uerrinus,0.82919073
numerosior,0.68571603
nucius,0.6384864
uniformis,0.88816726
mucianum,0.8216936
acti,0.5576049
nymphidius,0.86800367
instinctor,0.89692837
neroniani,0.8415389
maevius,0.81338996
tesserarius,0.89587766
tiberianus,0.8245976
amullius,0.7802632
prospectao,0.7265497
casti,0.6674068
instigator,0.8466841
proclamavo,0.6778991
exosculor,0.93924755
burdo,0.73856336
digresdo,0.78934616
raetix,0.8411672
mediomatricus,0.85492647
placamentum,0.833209
leucorum,0.7950084
lugdunenses,0.7568512
subsignanus,0.9100914
prodiga,0.88167346
apronianus,0.8506495
crescens,0.8169557
adstrueo,0.82108456
providentus,0.7675766
obstruco,0.88609517
cottia,0.8639747
ancilium,0.72165114
uespasiani,0.9506311
audentior,0.8406515
inspecio,0.7013078
conluvia,0.8363581
sustentaculum,0.8188191
obpono,0.89274144
decoer,0.7408323
requisio,0.66768074
vox,0.75381005
extrucior,0.8184346
revalesceo,0.8056227
let,0.49491745
tingitana,0.8281401
pervigilius,0.8821099
floro,0.7880006
berytus,0.791221
antiochensae,0.8089832
discretus,0.770088
cremati,0.71551216
uespasianius,0.9400877
occultas,0.7146243
septiminus,0.76152265
opitergius,0.82757324
ravennatus,0.8149633
minicius,0.58718234
inedio,0.8274215
septimanus,0.7729727
convecto,0.8209579
horme,0.5863348
superiaco,0.81253564
cremonensae,0.9012848
procacia,0.71242195
repentinum,0.7893058
monoecius,0.8617329
brigantia,0.883337
verona,0.81676936
narraio,0.8637377
exploratio,0.8798789
gratilla,0.7621878
germanium,0.61339295
sacricola,0.8927599
salarie,0.8268817
sellula,0.8691956
uincet,0.8134242
adpetentus,0.8795834
annibal,0.8896144
suppletus,0.7250005
paenitens,0.74739754
bonna,0.8564259
mogontiacum,0.95938146
traditor,0.84766793
incurioser,0.7713634
uasco,0.8787888
illicus,0.88627744
reposo,0.73949605
mogontiacus,0.82396775
arrium,0.7836669
cogniscor,0.841395
ambitiosior,0.8425516
orfiti,0.81580174
oeensis,0.8379905
iunctissimus,0.7139437
uicta,0.7159034
proavius,0.7028396
trevier,0.6553527
ferocis,0.7223176
mediomatrici,0.85495055
imbuio,0.79483163
aspixio,0.73063993
reciperatus,0.8273839
dediticium,0.6756406
serapidus,0.94203764
eumolpidar,0.85142606
iuda,0.79206073
hebraeus,0.8191689
api,0.90904164
sues,0.7281046
separatus,0.82009554
iordanes,0.94324815
iohannes,0.8415466
eleazarus,0.93986535
quartusdecimus,0.91966504
ubius,0.6690631
secundior,0.87017375
inmoderatior,0.83477926
postulao,0.7598442
gergouia,0.7644611
obstinatior,0.86743444
pyrricha,0.9022843
recensus,0.7132466
recensio,0.67280185
fimbriatus,0.902612
fluxior,0.904885
nicomedius,0.61739814
ioculariter,0.9024239
emendico,0.9130161
perscripso,0.7829793
correcio,0.87837225
memorialis,0.88776934
adquisitur,0.80321515
cynegior,0.83684325
inuaseo,0.76242447
criminosissimus,0.8996156
semibarbarus,0.7804637
deposuo,0.69819564
trebatium,0.7957719
affector,0.80016804
allecio,0.7682266
irruens,0.84210306
superuiuo,0.84372085
semicrudus,0.81102186
patriciatus,0.8161777
ancharia,0.79983175
adulsco,0.79854316
permodicus,0.8929609
impertieo,0.7536983
nonullus,0.85267806
tolo,0.7023406
mutinensius,0.8045135
confisco,0.93514466
divinco,0.7751069
consaucio,0.8785541
cantabria,0.77268857
sacythas,0.82420236
interviso,0.7353478
rationarium,0.6909256
festinato,0.759779
publicao,0.77948475
uiciniae,0.88880235
demortui,0.7915566
ducenarius,0.9143106
damnatorius,0.60415494
pugillaris,0.73965144
disfero,0.8419866
xysticus,0.8985867
deduguo,0.68995386
plurifarius,0.9669111
fico,0.666996
provinciatim,0.78059274
sponsalius,0.84898126
sandaliarius,0.8090264
assuefacio,0.7896451
tractabilior,0.7793639
pupillaris,0.87424767
suburo,0.8435566
tympanizo,0.8816036
saluia,0.79574907
praecupidus,0.8147553
postera,0.83154273
altiusculus,0.86299694
licitatio,0.925127
largissimus,0.8876363
calciatus,0.8103522
feminal,0.81329185
tibialis,0.6917639
lavor,0.7925477
hispanicus,0.84586984
fetor,0.87058455
asparago,0.7348126
ixo,0.6820883
concamaratus,0.8087319
compluuium,0.8476081
reuerentissimus,0.8523999
purifico,0.9012203
coaxo,0.7753905
praecognosco,0.88784254
adgrauatus,0.87141144
hema,0.8030208
consio,0.77765435
bifariam,0.7529616
mausoleum,0.9102582
hilario,0.5751365
arelo,0.69525754
publicatus,0.79734457
thyatireni,0.8499098
ducatus,0.8852761
cubicularius,0.9541407
toutou,0.8113291
ek,0.7011999
pyrus,0.8084233
perlegeo,0.8752214
germanicianus,0.9158934
admiso,0.64871466
monopolium,0.89811015
pistoria,0.81723017
pridianus,0.87869483
iul,0.983614
grauissime,0.8202383
ostreus,0.79079014
plurifaria,0.8720582
exposceo,0.7810827
irritum,0.36265928
impatio,0.81183517
uiridiarius,0.7731136
paconium,0.4521816
rhodiensis,0.89173126
praetrepidus,0.8646026
obstinate,0.8287995
turbatus,0.7904742
minonae,0.73117656
exemo,0.89003295
conualo,0.79001063
funco,0.8479338
manipularius,0.7763498
aulicus,0.93730116
refecno,0.80724347
iconicus,0.8100734
quantiscum,0.6715621
infulatus,0.80017704
graphus,0.53187174
inuerecundia,0.85796577
nepotor,0.81816185
fossura,0.77754843
subnotao,0.85493445
patentissimus,0.814945
exploratorius,0.7989276
expallidus,0.7854827
potiono,0.7341412
calcio,0.9278826
scabellum,0.6712059
eutycho,0.7074164
praesaepe,0.8226236
priapum,0.6886729
diffugo,0.87232333
ctor,0.6445713
ovo,0.6734934
saeve,0.71292645
adcido,0.7833152
interpellaio,0.80115855
caelibatus,0.9108753
circius,0.7306625
emissarium,0.809844
stabiliter,0.76469445
obeliscus,0.8931976
solisco,0.8046372
equestrus,0.8273993
druidarum,0.84398186
eleusinia,0.86473393
paetinus,0.71742976
valeria,0.64313614
consobro,0.84493273
consocer,0.78755546
adapto,0.8292345
functus,0.594177
inconsiderantia,0.82486725
praegustator,0.86941683
soa,0.58443975
praefereo,0.60582596
caesariana,0.7702099
lustricus,0.7762916
restituus,0.5559505
tralaticius,0.9079417
assoleo,0.7467957
salare,0.80321234
graciae,0.78202534
supersideo,0.86941826
christianus,0.67318577
falsarius,0.8504803
testator,0.87426794
uacua,0.6878374
gratuita,0.5543135
cottius,0.8567331
nomo,0.6413187
agona,0.8412565
excaecatus,0.78822863
helium,0.73788196
hypocrita,0.6443919
olympiaca,0.7664325
spi,0.42578268
heiulor,0.89437336
transitorius,0.7592079
fistulatus,0.85917956
delio,0.5498673
antidos,0.8851565
interfecta,0.7021207
initiatio,0.88318837
abneptis,0.5763328
aurigatio,0.68788636
conspurco,0.81803465
prouulgo,0.8847798
damnati,0.70575726
gaias,0.73736954
septuagensimum,0.9010805
gesticulo,0.8749442
amanuensis,0.8477616
ascripo,0.7171773
superinduo,0.86855924
porphyreticus,0.84303766
circumsaepo,0.8398807
superscribo,0.8409687
hydraula,0.5529708
favorabilus,0.7829648
lauretum,0.8404138
succendeo,0.7790785
sy,0.8406694
tekno,0.8587517
hemo,0.9267483
uiduata,0.8284832
legatarius,0.8053153
adaquo,0.7816931
dealbo,0.8457917
hispaniar,0.7802981
transactus,0.7472987
uexillatio,0.85438
absimilis,0.91879725
albia,0.442584
iuraro,0.6464789
betriacus,0.89826936
consolatorius,0.7527784
uariaio,0.8318903
perinfamis,0.8781034
osculabundus,0.8039173
oct.,0.89825886
pigneravo,0.7508653
famosissimus,0.8639278
syriaticus,0.7812618
gestatorius,0.85976756
beccus,0.8528529
proximans,0.8179025
arefacio,0.84011215
praevalidus,0.7379004
uiridior,0.85740805
carmelius,0.7610291
iosephus,0.7842289
interemptum,0.81913936
serapides,0.7762743
persolvo,0.76252383
commagene,0.9257964
hipparchus,0.8554969
refector,0.81026196
marcellianus,0.8322319
caenidus,0.6788517
vtor,0.74428475
inscensus,0.87936836
obstinatiter,0.8681915
semo,0.78134835
conflagratio,0.8428849
veseuus,0.734622
mandator,0.7310655
novemb,0.7537024
sportellum,0.8291786
novello,0.7240376
assertio,0.76013786
fiscalis,0.89826226
hermoge,0.82342553
tarsensis,0.79012614
orfitum,0.7637806
eutaco,0.44792268
deminueo,0.8246689
formalis,0.70153
soi,0.88486636
restrictus,0.85979676
kalus,0.8393499
dispanse,0.8858064
panto,0.8940519
pridiana,0.8286158
uerneo,0.79242295
dulciloquus,0.8212873
