id,title,creator,date_avg,date_range_start,date_range_end,type,file,manual_label,prediction_source,prob_ridge,score_ridge_logit,percentile__ridge_logit,label_ridge_youden,label_ridge_f1,prob_svm,score_svm_logit,percentile_svm_logit,label_svm_youden,label_svm_f1
IT-LAT0261,Carmen Saliare,[Auctor incertus],-700,-750.0,-650.0,poetry,lat_0350_IT-LAT0261.txt,,full_fit_unlabeled,0.024296978,-3.692806275,0.097,non_christian,non_christian,0.00554143,-5.189945883,0.318,non_christian,non_christian
IT-LAT0285,XII Tabularum Leges,[Auctor incertus],-450,-450.0,-450.0,prose,lat_-0450_IT-LAT0285.txt,,full_fit_unlabeled,0.03136769,-3.430106713,0.27,non_christian,non_christian,0.019570335,-3.913975987,0.587,non_christian,non_christian
IT-LAT0262,Carmen Arvale,[Auctor incertus],-350,-400.0,-300.0,poetry,lat_0350_IT-LAT0262.txt,,full_fit_unlabeled,0.024296978,-3.692806275,0.097,non_christian,non_christian,0.003549962,-5.637262193,0.205,non_christian,non_christian
MQDQ-288,carminum fragmenta,"Caecus, Appius Claudius",-290,-312.0,-279.0,poetry,lat_-0300_MQDQ-288.txt,non_christian,cross_fitted_labeled,0.022378719,-3.777011889,0.026,non_christian,non_christian,0.007831191,-4.841778681,0.392,non_christian,non_christian
IT-LAT1006,Praecepta,"Marcius Vates, Gnaeus",-229,-250.0,-218.0,prose,lat_-0229_IT-LAT1006.txt,,full_fit_unlabeled,0.024296978,-3.692806275,0.097,non_christian,non_christian,0.004715007,-5.35227863,0.269,non_christian,non_christian
MQDQ-168,comoediarum fragmenta,Liuius Andronicus,-225,-240.0,-207.0,poetry,lat_-0243_MQDQ-168.txt,,full_fit_unlabeled,0.024296978,-3.692806275,0.097,non_christian,non_christian,0.0023574,-6.047835616,0.094,non_christian,non_christian
MQDQ-169,*carminum fragmenta,Liuius Andronicus,-225,-240.0,-207.0,poetry,lat_-0243_MQDQ-169.txt,,full_fit_unlabeled,0.076506266,-2.490791369,0.657,non_christian,non_christian,0.021792029,-3.80417804,0.603,non_christian,non_christian
MQDQ-167,tragoediarum fragmenta,Liuius Andronicus,-225,-240.0,-207.0,poetry,lat_-0243_MQDQ-167.txt,,full_fit_unlabeled,0.024296978,-3.692806275,0.097,non_christian,non_christian,0.006773972,-4.98787071,0.369,non_christian,non_christian
MQDQ-228,comoediarum fragmenta,Naeuius,-220,-235.0,-201.0,poetry,lat_-0234_MQDQ-228.txt,,full_fit_unlabeled,0.04143541,-3.141301119,0.403,non_christian,non_christian,0.002901175,-5.83973422,0.15,non_christian,non_christian
MQDQ-229,carminum fragmenta,Naeuius,-220,-235.0,-201.0,poetry,lat_-0234_MQDQ-229.txt,non_christian,cross_fitted_labeled,0.024988966,-3.664014439,0.192,non_christian,non_christian,0.009966383,-4.598521147,0.449,non_christian,non_christian
MQDQ-227,praetextarum fragmenta,Naeuius,-220,-235.0,-201.0,poetry,lat_-0234_MQDQ-227.txt,,full_fit_unlabeled,0.024808358,-3.671453382,0.188,non_christian,non_christian,0.003755681,-5.580722864,0.219,non_christian,non_christian
MQDQ-226,tragoediarum fragmenta,Naeuius,-220,-235.0,-201.0,poetry,lat_-0234_MQDQ-226.txt,,full_fit_unlabeled,0.041907066,-3.12949032,0.41,non_christian,non_christian,0.001818773,-6.307772784,0.056,non_christian,non_christian
MQDQ-237,elogium,[Auctor incertus],-225,-247.0,-200.0,poetry,lat_-0255_MQDQ-237.txt,non_christian,cross_fitted_labeled,0.022378719,-3.777011889,0.026,non_christian,non_christian,0.009436769,-4.653659999,0.437,non_christian,non_christian
MQDQ-323,Stichus,"Plautus, Titus Maccius",-200,-200.0,-200.0,poetry,lat_-0218_MQDQ-323.txt,non_christian,cross_fitted_labeled,0.044167335,-3.074597361,0.437,non_christian,non_christian,0.001433872,-6.545942072,0.026,non_christian,non_christian
MQDQ-321,Pseudolus,"Plautus, Titus Maccius",-191,-191.0,-191.0,poetry,lat_-0218_MQDQ-321.txt,,full_fit_unlabeled,0.037594775,-3.242570525,0.356,non_christian,non_christian,0.003226043,-5.733267857,0.179,non_christian,non_christian
IT-LAT0380,Decretum Hastense,"Aemilius Paulus, Lucius",-189,-189.0,-189.0,poetry,lat_-0199_IT-LAT0380.txt,,full_fit_unlabeled,0.023983423,-3.706116695,0.091,non_christian,non_christian,0.003518013,-5.646334806,0.196,non_christian,non_christian
IT-LAT0952,Senatus consultum de Bacchanalibus,[Auctor incertus],-186,-186.0,-186.0,prose,lat_-0185_IT-LAT0952.txt,,full_fit_unlabeled,0.026719892,-3.595263616,0.227,non_christian,non_christian,0.003441032,-5.668536898,0.188,non_christian,non_christian
MQDQ-306,Amphitruo,"Plautus, Titus Maccius",-195,-205.0,-184.0,poetry,lat_-0218_MQDQ-306.txt,,full_fit_unlabeled,0.051807056,-2.907031658,0.525,non_christian,non_christian,0.002891251,-5.843170597,0.147,non_christian,non_christian
MQDQ-307,Asinaria,"Plautus, Titus Maccius",-195,-205.0,-184.0,poetry,lat_-0218_MQDQ-307.txt,,full_fit_unlabeled,0.051206853,-2.919317438,0.516,non_christian,non_christian,0.002402533,-6.028826233,0.097,non_christian,non_christian
MQDQ-308,Aulularia,"Plautus, Titus Maccius",-195,-205.0,-184.0,poetry,lat_-0218_MQDQ-308.txt,,full_fit_unlabeled,0.045749383,-3.037748035,0.463,non_christian,non_christian,0.002323024,-6.062559946,0.091,non_christian,non_christian
MQDQ-309,Bacchides,"Plautus, Titus Maccius",-195,-205.0,-184.0,poetry,lat_-0218_MQDQ-309.txt,non_christian,cross_fitted_labeled,0.040186635,-3.173204388,0.387,non_christian,non_christian,0.002433918,-6.015816245,0.101,non_christian,non_christian
MQDQ-310,Captiui,"Plautus, Titus Maccius",-195,-205.0,-184.0,poetry,lat_-0218_MQDQ-310.txt,non_christian,cross_fitted_labeled,0.118316621,-2.008468755,0.735,christian,non_christian,0.007289279,-4.914034697,0.378,non_christian,non_christian
MQDQ-311,Casina,"Plautus, Titus Maccius",-195,-205.0,-184.0,poetry,lat_-0218_MQDQ-311.txt,non_christian,cross_fitted_labeled,0.046504036,-3.020596092,0.473,non_christian,non_christian,0.002362644,-6.045608509,0.096,non_christian,non_christian
MQDQ-312,Cistellaria,"Plautus, Titus Maccius",-195,-205.0,-184.0,poetry,lat_-0218_MQDQ-312.txt,non_christian,cross_fitted_labeled,0.037418772,-3.247445953,0.353,non_christian,non_christian,0.003708313,-5.593462955,0.215,non_christian,non_christian
MQDQ-313,Curculio,"Plautus, Titus Maccius",-195,-205.0,-184.0,poetry,lat_-0218_MQDQ-313.txt,,full_fit_unlabeled,0.029430889,-3.495837832,0.249,non_christian,non_christian,0.001493308,-6.505267336,0.032,non_christian,non_christian
MQDQ-314,Epidicus,"Plautus, Titus Maccius",-195,-205.0,-184.0,poetry,lat_-0218_MQDQ-314.txt,,full_fit_unlabeled,0.031389034,-3.429404469,0.272,non_christian,non_christian,0.000867,-7.049394523,0.003,non_christian,non_christian
MQDQ-327,fragmenta,"Plautus, Titus Maccius",-195,-205.0,-184.0,poetry,lat_-0218_MQDQ-327.txt,non_christian,cross_fitted_labeled,0.034054564,-3.34514329,0.299,non_christian,non_christian,0.002908563,-5.837183466,0.152,non_christian,non_christian
MQDQ-315,Menaechmi,"Plautus, Titus Maccius",-195,-205.0,-184.0,poetry,lat_-0218_MQDQ-315.txt,non_christian,cross_fitted_labeled,0.04368517,-3.086078487,0.435,non_christian,non_christian,0.001624972,-6.420638583,0.044,non_christian,non_christian
MQDQ-316,Mercator,"Plautus, Titus Maccius",-195,-205.0,-184.0,poetry,lat_-0218_MQDQ-316.txt,non_christian,cross_fitted_labeled,0.049007067,-2.965542126,0.501,non_christian,non_christian,0.000722,-7.232719301,0.002,non_christian,non_christian
MQDQ-317,Miles gloriosus,"Plautus, Titus Maccius",-195,-205.0,-184.0,poetry,lat_-0218_MQDQ-317.txt,non_christian,cross_fitted_labeled,0.04955354,-2.953878134,0.504,non_christian,non_christian,0.000946,-6.962189297,0.008,non_christian,non_christian
MQDQ-318,Mostellaria,"Plautus, Titus Maccius",-195,-205.0,-184.0,poetry,lat_-0218_MQDQ-318.txt,non_christian,cross_fitted_labeled,0.048799511,-2.970004576,0.496,non_christian,non_christian,0.001863115,-6.283640827,0.061,non_christian,non_christian
MQDQ-319,Persa,"Plautus, Titus Maccius",-195,-205.0,-184.0,poetry,lat_-0218_MQDQ-319.txt,non_christian,cross_fitted_labeled,0.038250436,-3.224599127,0.369,non_christian,non_christian,0.001725564,-6.360474058,0.05,non_christian,non_christian
MQDQ-322,Rudens,"Plautus, Titus Maccius",-195,-205.0,-184.0,poetry,lat_-0218_MQDQ-322.txt,,full_fit_unlabeled,0.053430248,-2.874467635,0.53,non_christian,non_christian,0.001849606,-6.290931309,0.059,non_christian,non_christian
MQDQ-324,Trinummus,"Plautus, Titus Maccius",-195,-205.0,-184.0,poetry,lat_-0218_MQDQ-324.txt,,full_fit_unlabeled,0.043017783,-3.102171221,0.422,non_christian,non_christian,0.002574291,-5.959603453,0.119,non_christian,non_christian
MQDQ-325,Truculentus,"Plautus, Titus Maccius",-195,-205.0,-184.0,poetry,lat_-0218_MQDQ-325.txt,,full_fit_unlabeled,0.041416834,-3.141768912,0.401,non_christian,non_christian,0.001293364,-6.649214655,0.016,non_christian,non_christian
MQDQ-326,Vidularia,"Plautus, Titus Maccius",-195,-205.0,-184.0,poetry,lat_-0218_MQDQ-326.txt,,full_fit_unlabeled,0.030445588,-3.460895521,0.258,non_christian,non_christian,0.006498135,-5.029720739,0.358,non_christian,non_christian
IT-LAT0181,Poenulus,"Plautus, Titus Maccius",-195,-205.0,-184.0,poetry,lat_0000_IT-LAT0181.txt,,full_fit_unlabeled,0.043441268,-3.091932327,0.427,non_christian,non_christian,0.001565235,-6.45815307,0.042,non_christian,non_christian
MQDQ-74,comoediarum fragmenta,Ennius,-200,-204.0,-169.0,poetry,lat_-0203_MQDQ-74.txt,non_christian,cross_fitted_labeled,0.022378719,-3.777011889,0.026,non_christian,non_christian,0.012508736,-4.368740402,0.503,non_christian,non_christian
MQDQ-73,praetextarum fragmenta,Ennius,-200,-204.0,-169.0,poetry,lat_-0203_MQDQ-73.txt,non_christian,cross_fitted_labeled,0.043369183,-3.093668415,0.426,non_christian,non_christian,0.009660476,-4.63000496,0.442,non_christian,non_christian
MQDQ-70,saturarum fragmenta,Ennius,-200,-204.0,-169.0,poetry,lat_-0203_MQDQ-70.txt,non_christian,cross_fitted_labeled,0.040371191,-3.168430121,0.39,non_christian,non_christian,0.004891863,-5.315278151,0.278,non_christian,non_christian
MQDQ-72,tragoediarum fragmenta,Ennius,-200,-204.0,-169.0,poetry,lat_-0203_MQDQ-72.txt,non_christian,cross_fitted_labeled,0.043470284,-3.09123428,0.43,non_christian,non_christian,0.010636602,-4.532760631,0.468,non_christian,non_christian
MQDQ-71,fragmenta uaria,Ennius,-200,-204.0,-169.0,poetry,lat_-0203_MQDQ-71.txt,,full_fit_unlabeled,0.057282584,-2.800769936,0.557,non_christian,non_christian,0.005587053,-5.181700563,0.32,non_christian,non_christian
MQDQ-67,annalium fragmenta,Ennius,-180,-184.0,-169.0,poetry,lat_-0203_MQDQ-67.txt,,full_fit_unlabeled,0.120157079,-1.990943517,0.738,christian,non_christian,0.002664822,-5.924949718,0.128,non_christian,non_christian
MQDQ-68,annalium fragmenta dubia,Ennius,-180,-184.0,-169.0,poetry,lat_-0203_MQDQ-68.txt,non_christian,cross_fitted_labeled,0.02318622,-3.740737899,0.05,non_christian,non_christian,0.009758153,-4.619846079,0.446,non_christian,non_christian
MQDQ-69,annalium fragmenta spuria,Ennius,-180,-184.0,-169.0,poetry,lat_-0203_MQDQ-69.txt,,full_fit_unlabeled,0.049588566,-2.953134704,0.505,non_christian,non_christian,0.007123506,-4.937206231,0.377,non_christian,non_christian
MQDQ-484,Andria,Terentius,-166,-166.0,-166.0,poetry,lat_-0176_MQDQ-484.txt,,full_fit_unlabeled,0.030430265,-3.461414719,0.256,non_christian,non_christian,0.001506161,-6.496683639,0.033,non_christian,non_christian
MQDQ-485,"Andria, alter exitus",Terentius,-166,-166.0,-166.0,poetry,lat_-0176_MQDQ-485.txt,,full_fit_unlabeled,0.027157794,-3.578557815,0.231,non_christian,non_christian,0.005167086,-5.260265902,0.3,non_christian,non_christian
MQDQ-629,comoediarum fragmenta,Caecilius Statius,-179,-200.0,-165.0,poetry,lat_-0193_MQDQ-629.txt,,full_fit_unlabeled,0.042214838,-3.121851719,0.415,non_christian,non_christian,0.002782523,-5.881610923,0.137,non_christian,non_christian
MQDQ-488,Hecyra,Terentius,-165,-165.0,-165.0,poetry,lat_-0176_MQDQ-488.txt,non_christian,cross_fitted_labeled,0.032879967,-3.381459062,0.286,non_christian,non_christian,0.002586323,-5.95492857,0.12,non_christian,non_christian
MQDQ-487,Hautontimorumenos,Terentius,-163,-163.0,-163.0,poetry,lat_-0176_MQDQ-487.txt,non_christian,cross_fitted_labeled,0.035113435,-3.313426726,0.313,non_christian,non_christian,0.002964289,-5.818149424,0.157,non_christian,non_christian
MQDQ-486,Eunuchus,Terentius,-161,-161.0,-161.0,poetry,lat_-0176_MQDQ-486.txt,,full_fit_unlabeled,0.033880396,-3.350451072,0.296,non_christian,non_christian,0.00145572,-6.530797997,0.028,non_christian,non_christian
MQDQ-489,Phormio,Terentius,-161,-161.0,-161.0,poetry,lat_-0176_MQDQ-489.txt,non_christian,cross_fitted_labeled,0.035383882,-3.305473813,0.319,non_christian,non_christian,0.003979627,-5.522579658,0.232,non_christian,non_christian
IT-LAT0405,De agricultura,"Cato Porcius, Marcus",-160,-160.0,-160.0,prose,lat_-0199_IT-LAT0405.txt,non_christian,cross_fitted_labeled,0.085485437,-2.370047356,0.684,non_christian,non_christian,0.013455844,-4.294794551,0.514,non_christian,non_christian
MQDQ-483,Adelphoe,Terentius,-160,-160.0,-160.0,poetry,lat_-0176_MQDQ-483.txt,,full_fit_unlabeled,0.041858968,-3.130688914,0.409,non_christian,non_christian,0.003378137,-5.687047134,0.186,non_christian,non_christian
IT-LAT0988,Boeotia,Aquilius,-164,-174.0,-154.0,poetry,lat_-0149_IT-LAT0988.txt,,full_fit_unlabeled,0.024296978,-3.692806275,0.097,non_christian,non_christian,0.008536607,-4.754818394,0.409,non_christian,non_christian
MQDQ-164,comoediae fragmentum,Licinius Imbrex,-200,-250.0,-150.0,poetry,lat_-0149.0_MQDQ-164.txt,,full_fit_unlabeled,0.024296978,-3.692806275,0.097,non_christian,non_christian,0.003835842,-5.559523088,0.224,non_christian,non_christian
MQDQ-474,comoediarum fragmenta,Atilius,-175,-200.0,-150.0,poetry,lat_-0149.0_MQDQ-474.txt,non_christian,cross_fitted_labeled,0.024988966,-3.664014439,0.192,non_christian,non_christian,0.009537494,-4.642941214,0.44,non_christian,non_christian
MQDQ-503,palliatarum fragmenta,Trabea,-175,-200.0,-150.0,poetry,lat_-0149.0_MQDQ-503.txt,non_christian,cross_fitted_labeled,0.022378719,-3.777011889,0.026,non_christian,non_christian,0.002461775,-6.004407739,0.103,non_christian,non_christian
MQDQ-502,togatarum fragmenta,Titinius,-175,-200.0,-150.0,poetry,lat_-0149.0_MQDQ-502.txt,non_christian,cross_fitted_labeled,0.040502187,-3.165054075,0.391,non_christian,non_christian,0.002945153,-5.824645113,0.155,non_christian,non_christian
MQDQ-329,Ardeatis templi inscriptio,Marcus Plautius,-175,-200.0,-150.0,poetry,lat_-0149.0_MQDQ-329.txt,non_christian,cross_fitted_labeled,0.023317423,-3.734960871,0.065,non_christian,non_christian,0.001750344,-6.346191055,0.051,non_christian,non_christian
MQDQ-175,palliatae fragmentum,Luscius Lanuuinus,-165,-200.0,-150.0,poetry,lat_-0149.0_MQDQ-175.txt,non_christian,cross_fitted_labeled,0.023317423,-3.734960871,0.065,non_christian,non_christian,0.00440317,-5.421017571,0.256,non_christian,non_christian
IT-LAT0236,Orationes,"Cato Porcius, Marcus",-175,-204.0,-149.0,prose,lat_-0199_IT-LAT0236.txt,,full_fit_unlabeled,0.024786758,-3.672346605,0.187,non_christian,non_christian,0.000602,-7.415253229,0.001,non_christian,non_christian
MQDQ-271,praetextarum fragmenta,Pacuuius,-174,-190.0,-140.0,poetry,lat_-0174_MQDQ-271.txt,,full_fit_unlabeled,0.105318311,-2.139480702,0.718,non_christian,non_christian,0.015354577,-4.160868001,0.545,non_christian,non_christian
MQDQ-270,tragoediarum fragmenta,Pacuuius,-174,-190.0,-140.0,poetry,lat_-0174_MQDQ-270.txt,,full_fit_unlabeled,0.061199947,-2.730456191,0.576,non_christian,non_christian,0.007781661,-4.848173359,0.388,non_christian,non_christian
IT-LAT0372,Ad Gaium filium,Cornelia,-124,-124.0,-124.0,prose,lat_-0149_IT-LAT0372.txt,non_christian,cross_fitted_labeled,0.021882092,-3.799961626,0.02,non_christian,non_christian,0.01001824,-4.593279134,0.453,non_christian,non_christian
MQDQ-507,palliatarum fragmenta,Sextus Turpilius,-125,-150.0,-103.0,poetry,lat_-0149.0_MQDQ-507.txt,,full_fit_unlabeled,0.05362435,-2.870636336,0.532,non_christian,non_christian,0.009304666,-4.667891011,0.432,non_christian,non_christian
MQDQ-172,saturarum reliquiae,Gaius Lucilius,-115,-130.0,-103.0,poetry,lat_-0140_MQDQ-172.txt,,full_fit_unlabeled,0.076622363,-2.489149314,0.658,non_christian,non_christian,0.005331147,-5.228843371,0.308,non_christian,non_christian
MQDQ-13,comoediarum fragmenta,Lucius Afranius,-125,-150.0,-100.0,poetry,lat_-0149.0_MQDQ-13.txt,,full_fit_unlabeled,0.072567485,-2.547903083,0.645,non_christian,non_christian,0.005720285,-5.157999946,0.328,non_christian,non_christian
MQDQ-139,belli Histrici fragmenta,Hostius,-112,-125.0,-100.0,poetry,lat_-0149.0_MQDQ-139.txt,non_christian,cross_fitted_labeled,0.024988966,-3.664014439,0.192,non_christian,non_christian,0.019892055,-3.897342295,0.589,non_christian,non_christian
MQDQ-342,epigrammata,Porcius Licinus,-110,-125.0,-100.0,poetry,lat_-0149.0_MQDQ-342.txt,,full_fit_unlabeled,0.058896792,-2.771266192,0.566,non_christian,non_christian,0.008071158,-4.811354462,0.401,non_christian,non_christian
MQDQ-337,tragoediae fragmentum,Pompilius,-99,-200.0,-100.0,poetry,lat_-0099.0_MQDQ-337.txt,non_christian,cross_fitted_labeled,0.02119214,-3.83270502,0.003,non_christian,non_christian,0.000927,-6.982132173,0.006,non_christian,non_christian
IT-LAT0370,Edictum adversus Latinos rhetores,[Auctor incertus],-92,-92.0,-92.0,prose,lat_-0091_IT-LAT0370.txt,,full_fit_unlabeled,0.024296978,-3.692806275,0.097,non_christian,non_christian,0.00506566,-5.280192327,0.293,non_christian,non_christian
MQDQ-339,Atellanarum fragmenta,Lucius Pomponius,-89,-89.0,-89.0,poetry,lat_-0049.0_MQDQ-339.txt,,full_fit_unlabeled,0.038072827,-3.229437914,0.367,non_christian,non_christian,0.003025067,-5.79779251,0.16,non_christian,non_christian
MQDQ-176,epigrammata,Lutatius Catulus,-100,-130.0,-87.0,poetry,lat_-0086_MQDQ-176.txt,,full_fit_unlabeled,0.036028053,-3.286764316,0.336,non_christian,non_christian,0.010656802,-4.53084294,0.471,non_christian,non_christian
MQDQ-458,tragoediarum fragmenta,Iulius Caesar Strabo,-100,-131.0,-87.0,poetry,lat_-0086_MQDQ-458.txt,,full_fit_unlabeled,0.775036788,1.236973608,0.897,christian,christian,0.052212307,-2.898812293,0.688,non_christian,non_christian
MQDQ-334,carminum fragmenta,Accius,-127,-140.0,-86.0,poetry,lat_-0127_MQDQ-334.txt,,full_fit_unlabeled,0.05166776,-2.909870909,0.519,non_christian,non_christian,0.01992891,-3.89545368,0.59,non_christian,non_christian
MQDQ-333,praetextarum fragmenta,Accius,-127,-140.0,-86.0,poetry,lat_-0127_MQDQ-333.txt,non_christian,cross_fitted_labeled,0.06448744,-2.674624097,0.591,non_christian,non_christian,0.022685812,-3.763068488,0.611,non_christian,non_christian
MQDQ-332,tragoediarum fragmenta,Accius,-127,-140.0,-86.0,poetry,lat_-0127_MQDQ-332.txt,non_christian,cross_fitted_labeled,0.110369049,-2.086976974,0.724,non_christian,non_christian,0.029496235,-3.493552661,0.637,non_christian,non_christian
IT-LAT0221,De inventione,"Cicero, Marcus Tullius",-84,-87.0,-83.0,prose,lat_-0084_IT-LAT0221.txt,,full_fit_unlabeled,0.043498605,-3.090553386,0.431,non_christian,non_christian,0.024539679,-3.682618126,0.622,non_christian,non_christian
MQDQ-511,carminum fragmenta,Valerius Soranus,-105,-130.0,-82.0,poetry,lat_-0105_MQDQ-511.txt,non_christian,cross_fitted_labeled,0.044256495,-3.072487444,0.439,non_christian,non_christian,0.036549231,-3.271861248,0.661,non_christian,non_christian
IT-LAT0377,De ratione dicendi ad C. Herennium,[Auctor incertus],-84,-86.0,-82.0,prose,lat_-0049_IT-LAT0377.txt,,full_fit_unlabeled,0.044980612,-3.055500097,0.451,non_christian,non_christian,0.0120086,-4.410050967,0.492,non_christian,non_christian
IT-LAT0093,Pro Quinctio,"Cicero, Marcus Tullius",-81,-81.0,-81.0,prose,lat_-0080_IT-LAT0093.txt,non_christian,cross_fitted_labeled,0.048054863,-2.986164073,0.491,non_christian,non_christian,0.006464498,-5.034944456,0.355,non_christian,non_christian
IT-LAT0094,Pro Roscio Amerino,"Cicero, Marcus Tullius",-80,-80.0,-80.0,prose,lat_-0079_IT-LAT0094.txt,,full_fit_unlabeled,0.065329903,-2.660743767,0.6,non_christian,non_christian,0.014162825,-4.242870611,0.531,non_christian,non_christian
MQDQ-493,togatarum fragmenta,Atta,-101,-125.0,-77.0,poetry,lat_-0076_MQDQ-493.txt,non_christian,cross_fitted_labeled,0.022378719,-3.777011889,0.026,non_christian,non_christian,0.005694256,-5.162586757,0.326,non_christian,non_christian
MQDQ-494,carminis fragmentum,Atta,-101,-125.0,-77.0,poetry,lat_-0076_MQDQ-494.txt,non_christian,cross_fitted_labeled,0.024988966,-3.664014439,0.192,non_christian,non_christian,0.013546254,-4.288006407,0.516,non_christian,non_christian
IT-LAT0122,Pro Roscio Comoedo,"Cicero, Marcus Tullius",-76,-76.0,-76.0,prose,lat_-0075_IT-LAT0122.txt,,full_fit_unlabeled,0.065185622,-2.663109061,0.599,non_christian,non_christian,0.022581842,-3.76776841,0.609,non_christian,non_christian
MQDQ-567,carminum fragmenta,Volcacius Sedigitus,-100,-125.0,-75.0,poetry,lat_-0149.0_MQDQ-567.txt,non_christian,cross_fitted_labeled,0.024988966,-3.664014439,0.192,non_christian,non_christian,0.007726388,-4.855357363,0.386,non_christian,non_christian
MQDQ-635,epigrammata,Valerius Aeditus,-99,-125.0,-75.0,poetry,lat_-0099.0_MQDQ-635.txt,non_christian,cross_fitted_labeled,0.04201939,-3.126696367,0.412,non_christian,non_christian,0.012338541,-4.382612176,0.5,non_christian,non_christian
MQDQ-275,epigrammation apud Varronem,Papinius,-99,-100.0,-75.0,poetry,lat_-0099.0_MQDQ-275.txt,,full_fit_unlabeled,0.024296978,-3.692806275,0.097,non_christian,non_christian,0.002303171,-6.071162762,0.089,non_christian,non_christian
MQDQ-338,epigramma,Pompilius,-99,-125.0,-75.0,poetry,lat_-0099.0_MQDQ-338.txt,non_christian,cross_fitted_labeled,0.021698791,-3.808561081,0.005,non_christian,non_christian,0.003362541,-5.691690215,0.184,non_christian,non_christian
MQDQ-442,saturae fragmentum,Sevius Nicanus,-99,-125.0,-75.0,poetry,lat_-0099.0_MQDQ-442.txt,,full_fit_unlabeled,0.024296978,-3.692806275,0.097,non_christian,non_christian,0.002000431,-6.212390124,0.073,non_christian,non_christian
MQDQ-160,carminum fragmenta,Laeuius,-90,-100.0,-75.0,poetry,lat_-0049.0_MQDQ-160.txt,,full_fit_unlabeled,0.024296978,-3.692806275,0.097,non_christian,non_christian,0.005443293,-5.207912994,0.313,non_christian,non_christian
MQDQ-214,carminum fragmenta,Matius,-87,-100.0,-75.0,poetry,lat_-0049.0_MQDQ-214.txt,non_christian,cross_fitted_labeled,0.022378719,-3.777011889,0.026,non_christian,non_christian,0.004724665,-5.350222817,0.27,non_christian,non_christian
MQDQ-238,Atellanarum fragmenta,Nouius,-85,-100.0,-75.0,poetry,lat_-0049.0_MQDQ-238.txt,non_christian,cross_fitted_labeled,0.034168008,-3.341700144,0.302,non_christian,non_christian,0.005565417,-5.18560243,0.319,non_christian,non_christian
IT-LAT0127,Pro Caecina,"Cicero, Marcus Tullius",-69,-69.0,-69.0,prose,lat_0000_IT-LAT0127.txt,non_christian,cross_fitted_labeled,0.037579833,-3.242983556,0.355,non_christian,non_christian,0.008972252,-4.704605788,0.421,non_christian,non_christian
IT-LAT0922_11,Pro Fonteio,"Cicero, Marcus Tullius",-69,-69.0,-69.0,prose,lat_-0045_IT-LAT0922_11.txt,non_christian,cross_fitted_labeled,0.030874025,-3.446479397,0.264,non_christian,non_christian,0.003202857,-5.740503909,0.174,non_christian,non_christian
MQDQ-521,"saturae Menippeae, fragmenta","Varro, Marcus Terentius",-74,-81.0,-67.0,poetry,lat_-0070_MQDQ-521.txt,non_christian,cross_fitted_labeled,0.025818814,-3.630493841,0.223,non_christian,non_christian,0.005433917,-5.209646311,0.311,non_christian,non_christian
IT-LAT0124,Pro Cluentio,"Cicero, Marcus Tullius",-66,-66.0,-66.0,prose,lat_-0065_IT-LAT0124.txt,,full_fit_unlabeled,0.041770733,-3.132891129,0.406,non_christian,non_christian,0.013714894,-4.275463107,0.522,non_christian,non_christian
IT-LAT0922_2,De imperio Cn. Pompei ad Quirites oratio,"Cicero, Marcus Tullius",-66,-66.0,-66.0,prose,lat_-0045_IT-LAT0922_2.txt,non_christian,cross_fitted_labeled,0.034629342,-3.327810784,0.308,non_christian,non_christian,0.002277709,-6.082304708,0.087,non_christian,non_christian
IT-LAT0922,Commentariolum petitionis,"Cicero, Quintus Tullius",-64,-64.0,-64.0,prose,lat_-0045_IT-LAT0922.txt,,full_fit_unlabeled,0.030881138,-3.446241704,0.265,non_christian,non_christian,0.001239561,-6.691757803,0.014,non_christian,non_christian
IT-LAT0992,Epistula ad Quintum Catulum,"Catilina, Lucius Sergius",-63,-63.0,-63.0,prose,lat_-0107_IT-LAT0992.txt,non_christian,cross_fitted_labeled,0.024988966,-3.664014439,0.192,non_christian,non_christian,0.017645115,-4.019493678,0.568,non_christian,non_christian
IT-LAT0125,Pro Rabirio,"Cicero, Marcus Tullius",-63,-63.0,-63.0,prose,lat_-0062_IT-LAT0125.txt,,full_fit_unlabeled,0.039802629,-3.183205903,0.383,non_christian,non_christian,0.003564674,-5.633111732,0.206,non_christian,non_christian
IT-LAT0126,De lege agraria,"Cicero, Marcus Tullius",-63,-63.0,-63.0,prose,lat_-0062_IT-LAT0126.txt,,full_fit_unlabeled,0.037642738,-3.241245693,0.359,non_christian,non_christian,0.001467096,-6.523001972,0.029,non_christian,non_christian
IT-LAT0922_5,In Catilinam,"Cicero, Marcus Tullius",-63,-63.0,-63.0,prose,lat_-0045_IT-LAT0922_5.txt,,full_fit_unlabeled,0.036463548,-3.274297234,0.342,non_christian,non_christian,0.003019664,-5.799585457,0.159,non_christian,non_christian
IT-LAT0922_10,Pro Murena,"Cicero, Marcus Tullius",-63,-63.0,-63.0,prose,lat_-0045_IT-LAT0922_10.txt,,full_fit_unlabeled,0.032510295,-3.393147977,0.282,non_christian,non_christian,0.001702044,-6.374221655,0.048,non_christian,non_christian
IT-LAT0095,Pro Sulla,"Cicero, Marcus Tullius",-62,-62.0,-62.0,prose,lat_-0061_IT-LAT0095.txt,,full_fit_unlabeled,0.031309205,-3.432033325,0.268,non_christian,non_christian,0.002632565,-5.937160601,0.127,non_christian,non_christian
IT-LAT0922_9,Pro Archia,"Cicero, Marcus Tullius",-62,-62.0,-62.0,prose,lat_-0045_IT-LAT0922_9.txt,,full_fit_unlabeled,0.051759094,-2.908008439,0.522,non_christian,non_christian,0.003037891,-5.793549222,0.161,non_christian,non_christian
IT-LAT0955,Prognostica Aratea,"Cicero, Marcus Tullius",-89,-89.0,-60.0,poetry,lat_-0044_IT-LAT0955.txt,non_christian,cross_fitted_labeled,0.038814377,-3.209376828,0.373,non_christian,non_christian,0.005838258,-5.137467408,0.337,non_christian,non_christian
IT-LAT0956,Phaenomena Aratea,"Cicero, Marcus Tullius",-89,-89.0,-60.0,poetry,lat_-0044_IT-LAT0956.txt,,full_fit_unlabeled,0.069291638,-2.597621744,0.625,non_christian,non_christian,0.020703672,-3.856523188,0.595,non_christian,non_christian
IT-LAT0218,De consulatu suo,"Cicero, Marcus Tullius",-60,-60.0,-60.0,poetry,lat_-0059_IT-LAT0218.txt,,full_fit_unlabeled,0.042575252,-3.112973983,0.418,non_christian,non_christian,0.06206242,-2.715542754,0.7,non_christian,non_christian
IT-LAT0128,Pro Flacco,"Cicero, Marcus Tullius",-59,-59.0,-59.0,prose,lat_-0058_IT-LAT0128.txt,non_christian,cross_fitted_labeled,0.052291155,-2.897220093,0.527,non_christian,non_christian,0.002501513,-5.988354692,0.11,non_christian,non_christian
IT-LAT0922_7,Post  reditum ad Quirites oratio,"Cicero, Marcus Tullius",-57,-57.0,-57.0,prose,lat_-0045_IT-LAT0922_7.txt,,full_fit_unlabeled,0.051022708,-2.923114091,0.514,non_christian,non_christian,0.003851241,-5.555501219,0.225,non_christian,non_christian
IT-LAT0922_8,Post reditum in senatu,"Cicero, Marcus Tullius",-57,-57.0,-57.0,prose,lat_-0045_IT-LAT0922_8.txt,,full_fit_unlabeled,0.043030032,-3.10187371,0.423,non_christian,non_christian,0.002496542,-5.990349172,0.109,non_christian,non_christian
IT-LAT0133,In Vatinium,"Cicero, Marcus Tullius",-56,-56.0,-56.0,prose,lat_-0055_IT-LAT0133.txt,non_christian,cross_fitted_labeled,0.039340162,-3.195374451,0.377,non_christian,non_christian,0.004893282,-5.314986785,0.279,non_christian,non_christian
IT-LAT0134,De provinciis consularibus,"Cicero, Marcus Tullius",-56,-56.0,-56.0,prose,lat_-0055_IT-LAT0134.txt,non_christian,cross_fitted_labeled,0.054739414,-2.848876637,0.539,non_christian,non_christian,0.002707063,-5.909180212,0.13,non_christian,non_christian
IT-LAT0135,Pro Balbo,"Cicero, Marcus Tullius",-56,-56.0,-56.0,prose,lat_-0055_IT-LAT0135.txt,,full_fit_unlabeled,0.04683795,-3.013091166,0.476,non_christian,non_christian,0.004777667,-5.339013791,0.273,non_christian,non_christian
IT-LAT0220,Pro Caelio,"Cicero, Marcus Tullius",-56,-56.0,-56.0,prose,lat_-0055_IT-LAT0220.txt,,full_fit_unlabeled,0.036902786,-3.261867305,0.345,non_christian,non_christian,0.006732666,-4.994028698,0.368,non_christian,non_christian
IT-LAT0922_1,De haruspicum responso,"Cicero, Marcus Tullius",-56,-56.0,-56.0,prose,lat_-0045_IT-LAT0922_1.txt,non_christian,cross_fitted_labeled,0.041725139,-3.134030839,0.405,non_christian,non_christian,0.01296356,-4.332564604,0.509,non_christian,non_christian
IT-LAT0922_13,Pro Sestio,"Cicero, Marcus Tullius",-56,-56.0,-56.0,prose,lat_-0045_IT-LAT0922_13.txt,,full_fit_unlabeled,0.035351175,-3.306432487,0.315,non_christian,non_christian,0.002274279,-6.083815378,0.086,non_christian,non_christian
MQDQ-174,de rerum natura,Lucretius,-75,-97.0,-55.0,poetry,lat_-0075_MQDQ-174.txt,,full_fit_unlabeled,0.162221972,-1.641787585,0.774,christian,non_christian,0.263430757,-1.028212694,0.767,christian,christian
IT-LAT0137,In L. Calpurnium Pisonem,"Cicero, Marcus Tullius",-55,-55.0,-55.0,prose,lat_-0054_IT-LAT0137.txt,non_christian,cross_fitted_labeled,0.06345694,-2.691833939,0.586,non_christian,non_christian,0.010169514,-4.578139256,0.454,non_christian,non_christian
IT-LAT0922_4,De oratore,"Cicero, Marcus Tullius",-55,-55.0,-55.0,prose,lat_-0045_IT-LAT0922_4.txt,non_christian,cross_fitted_labeled,0.066321296,-2.644621325,0.608,non_christian,non_christian,0.012667837,-4.355940285,0.507,non_christian,non_christian
MQDQ-6,carmina,Catullus,-69,-61.0,-54.0,poetry,lat_-0069_MQDQ-6.txt,,full_fit_unlabeled,0.213369095,-1.304735643,0.792,christian,christian,0.004291608,-5.446792856,0.251,non_christian,non_christian
MQDQ-7,carminum fragmenta,Catullus,-69,-61.0,-54.0,poetry,lat_-0069_MQDQ-7.txt,non_christian,cross_fitted_labeled,0.023317423,-3.734960871,0.065,non_christian,non_christian,0.008542652,-4.754104443,0.41,non_christian,non_christian
IT-LAT0922_12,Pro Scauro,"Cicero, Marcus Tullius",-54,-54.0,-54.0,prose,lat_-0045_IT-LAT0922_12.txt,non_christian,cross_fitted_labeled,0.035085868,-3.314240687,0.311,non_christian,non_christian,0.006561522,-5.019949555,0.362,non_christian,non_christian
IT-LAT0136,Pro Rabirio Postumo,"Cicero, Marcus Tullius",-53,-54.0,-53.0,prose,lat_-0053_IT-LAT0136.txt,,full_fit_unlabeled,0.02886065,-3.515990884,0.243,non_christian,non_christian,0.001361871,-6.597532903,0.021,non_christian,non_christian
IT-LAT0217,De partitione oratoria,"Cicero, Marcus Tullius",-53,-54.0,-52.0,prose,lat_-0045_IT-LAT0217.txt,,full_fit_unlabeled,0.037163095,-3.254567825,0.347,non_christian,non_christian,0.033351959,-3.366717945,0.65,non_christian,non_christian
IT-LAT0119,De re publica,"Cicero, Marcus Tullius",-53,-54.0,-52.0,prose,lat_-002_IT-LAT0119.txt,non_christian,cross_fitted_labeled,0.07595387,-2.498635819,0.654,non_christian,non_christian,0.013356975,-4.30226956,0.51,non_christian,non_christian
IT-LAT0096,Pro Milone,"Cicero, Marcus Tullius",-52,-52.0,-51.0,prose,lat_-0051_IT-LAT0096.txt,non_christian,cross_fitted_labeled,0.056136459,-2.8221961,0.546,non_christian,non_christian,0.015467586,-4.153420236,0.55,non_christian,non_christian
IT-LAT0257,De legibus,"Cicero, Marcus Tullius",-51,-52.0,-51.0,prose,lat_-0051_IT-LAT0257.txt,,full_fit_unlabeled,0.046061008,-3.030632933,0.469,non_christian,non_christian,0.017989609,-3.999807567,0.576,non_christian,non_christian
MQDQ-153,comoediarum fragmenta,Iuuentius,-100,-150.0,-50.0,poetry,lat_-0149.0_MQDQ-153.txt,non_christian,cross_fitted_labeled,0.023317423,-3.734960871,0.065,non_christian,non_christian,0.004245163,-5.45772089,0.246,non_christian,non_christian
MQDQ-64,de rerum natura fragmenta,Egnatius,-75,-100.0,-50.0,poetry,lat_-0049.0_MQDQ-64.txt,,full_fit_unlabeled,0.024296978,-3.692806275,0.097,non_christian,non_christian,0.002815787,-5.869693556,0.139,non_christian,non_christian
IT-LAT0384,L. Aurelii Hermiae elogium sepulcrale,[Auctor incertus],-65,-80.0,-50.0,poetry,lat_-0079_IT-LAT0384.txt,non_christian,cross_fitted_labeled,0.024988966,-3.664014439,0.192,non_christian,non_christian,0.02505283,-3.661396499,0.626,non_christian,non_christian
MQDQ-230,epitaphium,Naeuius,-220,-201.0,-47.0,poetry,lat_-0234_MQDQ-230.txt,,full_fit_unlabeled,0.024296978,-3.692806275,0.097,non_christian,non_christian,0.00141126,-6.5618604,0.024,non_christian,non_christian
MQDQ-328,epigramma,"Plautus, Titus Maccius",-180,-184.0,-47.0,poetry,lat_-0218_MQDQ-328.txt,,full_fit_unlabeled,0.024296978,-3.692806275,0.097,non_christian,non_christian,0.001580353,-6.448525307,0.043,non_christian,non_christian
MQDQ-272,*epigramma,Pacuuius,-90,-130.0,-47.0,poetry,lat_-0174_MQDQ-272.txt,,full_fit_unlabeled,0.024296978,-3.692806275,0.097,non_christian,non_christian,0.003535746,-5.64128904,0.201,non_christian,non_christian
MQDQ-633,carminum fragmenta,Licinius Caluus,-49,-82.0,-47.0,poetry,lat_-0049.0_MQDQ-633.txt,non_christian,cross_fitted_labeled,0.024988966,-3.664014439,0.192,non_christian,non_christian,0.01881666,-3.9540167,0.578,non_christian,non_christian
MQDQ-501,carminum fragmenta,Lucius Ticidas,-50,-100.0,-46.0,poetry,lat_-0045_MQDQ-501.txt,non_christian,cross_fitted_labeled,0.02318622,-3.740737899,0.05,non_christian,non_christian,0.004770551,-5.340511557,0.272,non_christian,non_christian
IT-LAT0254,Paradoxa Stoicorum,"Cicero, Marcus Tullius",-46,-46.0,-46.0,prose,lat_-0047_IT-LAT0254.txt,non_christian,cross_fitted_labeled,0.067176356,-2.630894823,0.611,non_christian,non_christian,0.015562973,-4.147175382,0.551,non_christian,non_christian
IT-LAT0047,Brutus,"Cicero, Marcus Tullius",-46,-46.0,-46.0,prose,lat_-0045_IT-LAT0047.txt,non_christian,cross_fitted_labeled,0.035882227,-3.290971342,0.329,non_christian,non_christian,0.00197055,-6.227469855,0.07,non_christian,non_christian
IT-LAT0138,Pro Marcello,"Cicero, Marcus Tullius",-46,-46.0,-46.0,prose,lat_-0045_IT-LAT0138.txt,,full_fit_unlabeled,0.04894645,-2.966843526,0.5,non_christian,non_christian,0.013641168,-4.280927952,0.517,non_christian,non_christian
IT-LAT0139,Pro Ligario,"Cicero, Marcus Tullius",-46,-46.0,-46.0,prose,lat_-0045_IT-LAT0139.txt,,full_fit_unlabeled,0.028560464,-3.526755644,0.238,non_christian,non_christian,0.004307577,-5.443062839,0.252,non_christian,non_christian
IT-LAT0922_3,De optimo genere oratorum,"Cicero, Marcus Tullius",-46,-46.0,-46.0,prose,lat_-0045_IT-LAT0922_3.txt,non_christian,cross_fitted_labeled,0.025718383,-3.634494381,0.222,non_christian,non_christian,0.001285245,-6.655519488,0.015,non_christian,non_christian
IT-LAT0922_6,Orator,"Cicero, Marcus Tullius",-46,-46.0,-46.0,prose,lat_-0045_IT-LAT0922_6.txt,,full_fit_unlabeled,0.038742242,-3.211312051,0.372,non_christian,non_christian,0.004990945,-5.295126587,0.287,non_christian,non_christian
IT-LAT0535,De bello civili,"Caesar, Caius Iulius",-45,-45.0,-45.0,prose,lat_-0051_IT-LAT0535.txt,non_christian,cross_fitted_labeled,0.029777721,-3.4837647,0.251,non_christian,non_christian,0.00150988,-6.494213785,0.034,non_christian,non_christian
IT-LAT0922_15,Tusculanae,"Cicero, Marcus Tullius",-45,-45.0,-45.0,prose,lat_-0045_IT-LAT0922_15.txt,,full_fit_unlabeled,0.079610835,-2.447646389,0.673,non_christian,non_christian,0.010399874,-4.555507251,0.46,non_christian,non_christian
IT-LAT0922_16,Academica,"Cicero, Marcus Tullius",-45,-45.0,-45.0,prose,lat_-0045_IT-LAT0922_16.txt,,full_fit_unlabeled,0.0320389,-3.408241101,0.277,non_christian,non_christian,0.026559455,-3.601450953,0.63,non_christian,non_christian
IT-LAT0140,Pro Deiotaro,"Cicero, Marcus Tullius",-45,-45.0,-45.0,prose,lat_-0044_IT-LAT0140.txt,non_christian,cross_fitted_labeled,0.04180507,-3.132033601,0.408,non_christian,non_christian,0.005622515,-5.175337751,0.322,non_christian,non_christian
IT-LAT0255,De finibus bonorum et malorum,"Cicero, Marcus Tullius",-45,-45.0,-45.0,prose,lat_-0044_IT-LAT0255.txt,non_christian,cross_fitted_labeled,0.060593735,-2.741056537,0.573,non_christian,non_christian,0.082159628,-2.413359453,0.717,non_christian,non_christian
IT-LAT0320,Timaeus,"Cicero, Marcus Tullius",-45,-45.0,-45.0,prose,lat_-0044_IT-LAT0320.txt,non_christian,cross_fitted_labeled,0.077019247,-2.483553036,0.663,non_christian,non_christian,0.167852199,-1.600926243,0.749,christian,non_christian
MQDQ-631,carminum fragmenta,"Caesar, Caius Iulius",-71,-100.0,-44.0,poetry,lat_-0071_MQDQ-631.txt,,full_fit_unlabeled,0.035726804,-3.295473426,0.324,non_christian,non_christian,0.009183897,-4.681077271,0.424,non_christian,non_christian
MQDQ-12,carminum fragmenta,Helvius Cinna,-49,-90.0,-44.0,poetry,lat_-0049.0_MQDQ-12.txt,,full_fit_unlabeled,0.04432064,-3.070971971,0.44,non_christian,non_christian,0.005264283,-5.241532219,0.304,non_christian,non_christian
IT-LAT0922_14,Topica,"Cicero, Marcus Tullius",-44,-44.0,-44.0,prose,lat_-0045_IT-LAT0922_14.txt,non_christian,cross_fitted_labeled,0.047900412,-2.989545532,0.485,non_christian,non_christian,0.023317013,-3.73497885,0.616,non_christian,non_christian
IT-LAT0102,De officiis,"Cicero, Marcus Tullius",-44,-44.0,-44.0,prose,lat_0000_IT-LAT0102.txt,,full_fit_unlabeled,0.044737089,-3.061183715,0.446,non_christian,non_christian,0.003584639,-5.627506551,0.209,non_christian,non_christian
IT-LAT0097,Laelius de amicitia,"Cicero, Marcus Tullius",-44,-44.0,-44.0,prose,lat_-0043_IT-LAT0097.txt,,full_fit_unlabeled,0.040862785,-3.155814391,0.397,non_christian,non_christian,0.009910123,-4.604238979,0.448,non_christian,non_christian
IT-LAT0098,Cato Maior de senectute,"Cicero, Marcus Tullius",-44,-45.0,-44.0,prose,lat_-0043_IT-LAT0098.txt,,full_fit_unlabeled,0.035853708,-3.29179604,0.328,non_christian,non_christian,0.003261685,-5.722244202,0.182,non_christian,non_christian
IT-LAT0101,De divinatione,"Cicero, Marcus Tullius",-44,-44.0,-44.0,prose,lat_-0043_IT-LAT0101.txt,,full_fit_unlabeled,0.040503642,-3.165016619,0.392,non_christian,non_christian,0.004903553,-5.312879656,0.281,non_christian,non_christian
IT-LAT0155,De fato,"Cicero, Marcus Tullius",-44,-44.0,-44.0,prose,lat_-0043_IT-LAT0155.txt,non_christian,cross_fitted_labeled,0.024688602,-3.676415102,0.186,non_christian,non_christian,0.011469378,-4.456538942,0.487,non_christian,non_christian
MQDQ-11,fragmenta poetica,"Cicero, Marcus Tullius",-73,-89.0,-43.0,poetry,lat_-0073_MQDQ-11.txt,,full_fit_unlabeled,0.059765235,-2.755705459,0.572,non_christian,non_christian,0.013428617,-4.296847656,0.513,non_christian,non_christian
MQDQ-156,mimorum fragmenta,Decimus Laberius,-73,-106.0,-43.0,poetry,lat_-0073_MQDQ-156.txt,non_christian,cross_fitted_labeled,0.030404512,-3.462287928,0.255,non_christian,non_christian,0.004587224,-5.379882363,0.263,non_christian,non_christian
IT-LAT0240,Commentarius de bello Alexandrino,"Hirtius, Aulus",-45,-47.0,-43.0,prose,lat_-0089_IT-LAT0240.txt,non_christian,cross_fitted_labeled,0.032507386,-3.393240476,0.281,non_christian,non_christian,0.005160598,-5.261528796,0.299,non_christian,non_christian
IT-LAT0075,Philippicae,"Cicero, Marcus Tullius",-43,-44.0,-43.0,prose,lat_0000_IT-LAT0075.txt,,full_fit_unlabeled,0.046270828,-3.025868039,0.471,non_christian,non_christian,0.002839112,-5.861420735,0.141,non_christian,non_christian
MQDQ-47,carminum fragmenta,Quintus Cornificius,-45,-75.0,-41.0,poetry,lat_-0040_MQDQ-47.txt,non_christian,cross_fitted_labeled,0.02177329,-3.805057466,0.006,non_christian,non_christian,0.005626117,-5.174693766,0.323,non_christian,non_christian
IT-LAT0029,Bellum Catilinae,"Sallustius Crispus, Caius",-42,-42.0,-41.0,prose,lat_-0049_IT-LAT0029.txt,non_christian,cross_fitted_labeled,0.039588045,-3.188835129,0.379,non_christian,non_christian,0.003073513,-5.781855916,0.164,non_christian,non_christian
MQDQ-386,mimorum fragmenta,Publilius Syrus,-60,-80.0,-40.0,poetry,lat_-0049.0_MQDQ-386.txt,non_christian,cross_fitted_labeled,0.023317423,-3.734960871,0.065,non_christian,non_christian,0.005863402,-5.13314465,0.338,non_christian,non_christian
MQDQ-387,sententiae,Publilius Syrus,-60,-80.0,-40.0,poetry,lat_-0049.0_MQDQ-387.txt,,full_fit_unlabeled,0.045949514,-3.03317333,0.468,non_christian,non_christian,0.01946516,-3.919472001,0.586,non_christian,non_christian
IT-LAT0241,De bello Africo,[Auctor incertus],-42,-44.0,-40.0,prose,lat_-0049_IT-LAT0241.txt,,full_fit_unlabeled,0.037702346,-3.239601481,0.36,non_christian,non_christian,0.003459388,-5.663198086,0.191,non_christian,non_christian
IT-LAT0242,De bello Hispaniensi,[Auctor incertus],-42,-44.0,-40.0,prose,lat_-0049_IT-LAT0242.txt,,full_fit_unlabeled,0.03736234,-3.249013827,0.351,non_christian,non_christian,0.001845652,-6.293075098,0.057,non_christian,non_christian
MQDQ-162,epigramma,Tullius Laurea,-42,-43.0,-40.0,poetry,lat_-0049.0_MQDQ-162.txt,,full_fit_unlabeled,0.037552016,-3.243752967,0.354,non_christian,non_christian,0.009751886,-4.620494819,0.445,non_christian,non_christian
IT-LAT0029_2,Bellum Iugurthinum,"Sallustius Crispus, Caius",-40,-40.0,-40.0,prose,lat_-0049_IT-LAT0029_2.txt,,full_fit_unlabeled,0.058589259,-2.776828153,0.564,non_christian,non_christian,0.004024739,-5.511262338,0.236,non_christian,non_christian
MQDQ-538,eclogae,Vergilius,-39,-42.0,-39.0,poetry,lat_-0043_MQDQ-538.txt,,full_fit_unlabeled,0.042312065,-3.119449708,0.417,non_christian,non_christian,0.002041329,-6.1921109,0.074,non_christian,non_christian
IT-LAT0056,De re rustica,"Varro, Marcus Terentius",-37,-37.0,-37.0,prose,lat_-0049_IT-LAT0056.txt,,full_fit_unlabeled,0.06708897,-2.632290181,0.609,non_christian,non_christian,0.002405593,-6.027550455,0.098,non_christian,non_christian
MQDQ-520,carminum fragmenta,Varro Atacinus,-49,-58.0,-35.0,poetry,lat_-0049.0_MQDQ-520.txt,,full_fit_unlabeled,0.024525776,-3.683199106,0.184,non_christian,non_christian,0.004955745,-5.302239791,0.284,non_christian,non_christian
IT-LAT0029_3,Historiae,"Sallustius Crispus, Caius",-37,-39.0,-34.0,prose,lat_-0049_IT-LAT0029_3.txt,non_christian,cross_fitted_labeled,0.045791155,-3.036791613,0.464,non_christian,non_christian,0.003708397,-5.593440309,0.216,non_christian,non_christian
MQDQ-137,"*ignoti uersus Hor. sat. 1, 10 praemissi",Pseudo-Horace,-35,-36.0,-34.0,poetry,lat_-0035_MQDQ-137.txt,non_christian,cross_fitted_labeled,0.024988966,-3.664014439,0.192,non_christian,non_christian,0.002140126,-6.144748016,0.078,non_christian,non_christian
MQDQ-132,saturae 1,Horatius,-35,-36.0,-34.0,poetry,lat_-0035_MQDQ-132.txt,,full_fit_unlabeled,0.057642619,-2.794122389,0.558,non_christian,non_christian,0.003070868,-5.782719479,0.163,non_christian,non_christian
MQDQ-88,epigramma de Crassitio,epigramma de Crassitio,-25,-39.0,-30.0,poetry,lat_-0049.0_MQDQ-88.txt,,full_fit_unlabeled,0.024296978,-3.692806275,0.097,non_christian,non_christian,0.012567388,-4.364003089,0.504,non_christian,non_christian
MQDQ-126,epodi,Horatius,-30,-30.0,-29.0,poetry,lat_-0035_MQDQ-126.txt,non_christian,cross_fitted_labeled,0.041476596,-3.140264669,0.404,non_christian,non_christian,0.00536712,-5.222082195,0.31,non_christian,non_christian
MQDQ-133,saturae 2,Horatius,-30,-30.0,-29.0,poetry,lat_-0035_MQDQ-133.txt,non_christian,cross_fitted_labeled,0.162406143,-1.640433069,0.775,christian,non_christian,0.01522075,-4.169757889,0.543,non_christian,non_christian
MQDQ-518,tragoediarum fragmenta,Varius,-29,-29.0,-29.0,poetry,lat_-0049.0_MQDQ-518.txt,non_christian,cross_fitted_labeled,0.032794244,-3.384158238,0.284,non_christian,non_christian,0.008036483,-4.815694737,0.397,non_christian,non_christian
MQDQ-539,georgicon,Vergilius,-29,-29.0,-29.0,poetry,lat_-0043_MQDQ-539.txt,,full_fit_unlabeled,0.056028813,-2.824229564,0.545,non_christian,non_christian,0.007767237,-4.850043194,0.387,non_christian,non_christian
MQDQ-522,carminum fragmenta,"Varro, Marcus Terentius",-70,-81.0,-27.0,poetry,lat_-0070_MQDQ-522.txt,non_christian,cross_fitted_labeled,0.024988966,-3.664014439,0.192,non_christian,non_christian,0.00916878,-4.682739993,0.423,non_christian,non_christian
MQDQ-274,"corpus Tibullianum 3, 7",panegyricus in Messallam,-29,-31.0,-27.0,poetry,lat_0050.0_MQDQ-274.txt,,full_fit_unlabeled,0.036055491,-3.285974556,0.337,non_christian,non_christian,0.003829021,-5.561309813,0.222,non_christian,non_christian
MQDQ-45,carminum fragmenta,Cornelius Gallus,-35,-45.0,-26.0,poetry,lat_-0025_MQDQ-45.txt,,full_fit_unlabeled,0.024011342,-3.704924645,0.093,non_christian,non_christian,0.002439461,-6.013535923,0.102,non_christian,non_christian
MQDQ-419,tragoediarum fragmenta,Santra,-49,-75.0,-25.0,poetry,lat_-0049.0_MQDQ-419.txt,non_christian,cross_fitted_labeled,0.039045969,-3.203186929,0.376,non_christian,non_christian,0.005520128,-5.19381876,0.314,non_christian,non_christian
MQDQ-568,carminis fragmentum,Volumnius,-49,-75.0,-25.0,poetry,lat_-0049.0_MQDQ-568.txt,,full_fit_unlabeled,0.024296978,-3.692806275,0.097,non_christian,non_christian,0.004857827,-5.322294498,0.277,non_christian,non_christian
IT-LAT0393,Fragmenta varia,Cornelius Nepos,-45,-65.0,-24.0,prose,lat_-0049_IT-LAT0393.txt,,full_fit_unlabeled,0.024296978,-3.692806275,0.097,non_christian,non_christian,0.002102407,-6.162567826,0.075,non_christian,non_christian
MQDQ-127,carmina 1,Horatius,-23,-23.0,-23.0,poetry,lat_-0035_MQDQ-127.txt,,full_fit_unlabeled,0.072142443,-2.554235692,0.64,non_christian,non_christian,0.000884,-7.029907689,0.005,non_christian,non_christian
MQDQ-128,carmina 2,Horatius,-23,-23.0,-23.0,poetry,lat_-0035_MQDQ-128.txt,,full_fit_unlabeled,0.070303521,-2.582036291,0.63,non_christian,non_christian,0.001428719,-6.54954701,0.025,non_christian,non_christian
MQDQ-129,carmina 3,Horatius,-23,-23.0,-23.0,poetry,lat_-0035_MQDQ-129.txt,non_christian,cross_fitted_labeled,0.067957681,-2.618493053,0.617,non_christian,non_christian,0.00273802,-5.897778397,0.134,non_christian,non_christian
MQDQ-541,Aeneis,Vergilius,-24,-29.0,-19.0,poetry,lat_-0043_MQDQ-541.txt,,full_fit_unlabeled,0.126163642,-1.935313313,0.744,christian,non_christian,0.023246678,-3.738071904,0.614,non_christian,non_christian
MQDQ-495,elegiae 1,Tibullus,-23,-27.0,-19.0,poetry,lat_-0033_MQDQ-495.txt,non_christian,cross_fitted_labeled,0.076624758,-2.489115455,0.659,non_christian,non_christian,0.01337832,-4.300651139,0.512,non_christian,non_christian
MQDQ-496,elegiae 2,Tibullus,-23,-27.0,-19.0,poetry,lat_-0033_MQDQ-496.txt,,full_fit_unlabeled,0.045707879,-3.038699142,0.462,non_christian,non_christian,0.003725449,-5.588835442,0.218,non_christian,non_christian
MQDQ-497,*elegiae 3,Tibullus,-23,-27.0,-19.0,poetry,lat_-0033_MQDQ-497.txt,non_christian,cross_fitted_labeled,0.071580716,-2.562657733,0.637,non_christian,non_christian,0.004977814,-5.297774278,0.286,non_christian,non_christian
MQDQ-134,epistulae 1,Horatius,-20,-20.0,-19.0,poetry,lat_-0035_MQDQ-134.txt,,full_fit_unlabeled,0.063359148,-2.693480613,0.585,non_christian,non_christian,0.004657374,-5.364635302,0.265,non_christian,non_christian
MQDQ-542,*epitaphium,Vergilius,-19,-19.0,-19.0,poetry,lat_-0043_MQDQ-542.txt,non_christian,cross_fitted_labeled,0.023317423,-3.734960871,0.065,non_christian,non_christian,0.002739222,-5.897338402,0.136,non_christian,non_christian
MQDQ-131,carmen saeculare,Horatius,-17,-17.0,-17.0,poetry,lat_-0035_MQDQ-131.txt,non_christian,cross_fitted_labeled,0.019945408,-3.894609312,0.002,non_christian,non_christian,0.002671297,-5.922516377,0.129,non_christian,non_christian
MQDQ-245,amores 1,"Ovidius Naso, Publius",-25,-25.0,-16.0,poetry,lat_+0030_MQDQ-245.txt,,full_fit_unlabeled,0.069563018,-2.59342128,0.627,non_christian,non_christian,0.000977,-6.929664586,0.01,non_christian,non_christian
MQDQ-246,amores 2,"Ovidius Naso, Publius",-25,-25.0,-16.0,poetry,lat_+0030_MQDQ-246.txt,non_christian,cross_fitted_labeled,0.040603266,-3.16245617,0.395,non_christian,non_christian,0.00456777,-5.384151825,0.259,non_christian,non_christian
MQDQ-184,carminum fragmenta,Aemilius Macer,-20,-100.0,-16.0,poetry,lat_-0015_MQDQ-184.txt,non_christian,cross_fitted_labeled,0.02177329,-3.805057466,0.006,non_christian,non_christian,0.003466952,-5.661006368,0.192,non_christian,non_christian
MQDQ-519,carminum fragmenta,Varius,-35,-43.0,-15.0,poetry,lat_-0049.0_MQDQ-519.txt,non_christian,cross_fitted_labeled,0.024857176,-3.669437458,0.189,non_christian,non_christian,0.004850111,-5.323891727,0.274,non_christian,non_christian
MQDQ-356,elegiae 1,Propertius,-28,-30.0,-15.0,poetry,lat_-0031_MQDQ-356.txt,non_christian,cross_fitted_labeled,0.048036014,-2.986576193,0.49,non_christian,non_christian,0.002334812,-6.057486303,0.092,non_christian,non_christian
MQDQ-357,elegiae 2,Propertius,-26,-30.0,-15.0,poetry,lat_-0031_MQDQ-357.txt,,full_fit_unlabeled,0.063128463,-2.697374431,0.584,non_christian,non_christian,0.001960842,-6.232418646,0.069,non_christian,non_christian
MQDQ-358,elegiae 3,Propertius,-23,-30.0,-15.0,poetry,lat_-0031_MQDQ-358.txt,non_christian,cross_fitted_labeled,0.081603974,-2.420750731,0.677,non_christian,non_christian,0.005791581,-5.145541598,0.332,non_christian,non_christian
MQDQ-359,elegiae 4,Propertius,-16,-30.0,-15.0,poetry,lat_-0031_MQDQ-359.txt,non_christian,cross_fitted_labeled,0.057762301,-2.791921245,0.559,non_christian,non_christian,0.003189643,-5.744651616,0.173,non_christian,non_christian
MQDQ-130,carmina 4,Horatius,-13,-14.0,-13.0,poetry,lat_-0035_MQDQ-130.txt,,full_fit_unlabeled,0.078864726,-2.457872848,0.67,non_christian,non_christian,0.001310285,-6.636199326,0.017,non_christian,non_christian
MQDQ-135,epistulae 2,Horatius,-12,-12.0,-8.0,poetry,lat_-0035_MQDQ-135.txt,non_christian,cross_fitted_labeled,0.144957016,-1.774714487,0.762,christian,non_christian,0.003220664,-5.734941792,0.178,non_christian,non_christian
MQDQ-136,ars poetica,Horatius,-10,-12.0,-8.0,poetry,lat_-0035_MQDQ-136.txt,,full_fit_unlabeled,0.045328696,-3.047426788,0.458,non_christian,non_christian,0.00513154,-5.267204806,0.297,non_christian,non_christian
MQDQ-186,carminum fragmenta,Maecenas,-10,-40.0,-8.0,poetry,lat_-007_MQDQ-186.txt,non_christian,cross_fitted_labeled,0.02318622,-3.740737899,0.05,non_christian,non_christian,0.01445866,-4.221897537,0.534,non_christian,non_christian
MQDQ-294,Atellanae fragmentum,Aprissius,-100,-200.0,-1.0,poetry,lat_-0199.0_MQDQ-294.txt,non_christian,cross_fitted_labeled,0.02177329,-3.805057466,0.006,non_christian,non_christian,0.005867706,-5.132406471,0.34,non_christian,non_christian
MQDQ-38,Atellanae fragmentum,comoediae incertorum,-99,-200.0,-1.0,poetry,lat_-0099.0_MQDQ-38.txt,,full_fit_unlabeled,0.024296978,-3.692806275,0.097,non_christian,non_christian,0.001138829,-6.776615189,0.012,non_christian,non_christian
MQDQ-36,palliatae fragmenta,comoediae incertorum,-99,-200.0,-1.0,poetry,lat_-0099.0_MQDQ-36.txt,non_christian,cross_fitted_labeled,0.024980828,-3.664348484,0.191,non_christian,non_christian,0.004559398,-5.385994797,0.258,non_christian,non_christian
MQDQ-37,togatae fragmentum,comoediae incertorum,-99,-200.0,-1.0,poetry,lat_-0099.0_MQDQ-37.txt,non_christian,cross_fitted_labeled,0.024988966,-3.664014439,0.192,non_christian,non_christian,0.00782688,-4.842333612,0.391,non_christian,non_christian
MQDQ-222,mimographi incerti,mimographi incerti,-99,-200.0,-1.0,poetry,lat_-0099.0_MQDQ-222.txt,,full_fit_unlabeled,0.156396282,-1.685289803,0.77,christian,non_christian,0.027908113,-3.550532915,0.635,non_christian,non_christian
MQDQ-505,fabulae incertae,tragici incerti,-99,-200.0,-1.0,poetry,lat_-0099.0_MQDQ-505.txt,non_christian,cross_fitted_labeled,0.046508371,-3.020498323,0.474,non_christian,non_christian,0.007118817,-4.937869386,0.376,non_christian,non_christian
MQDQ-504,fabulae,tragici incerti,-99,-200.0,-1.0,poetry,lat_-0099.0_MQDQ-504.txt,non_christian,cross_fitted_labeled,0.022501269,-3.77142527,0.047,non_christian,non_christian,0.003499234,-5.651705916,0.193,non_christian,non_christian
IT-LAT0849,Historica fragmenta,"Actorius Naso, Marcus",-49,-100.0,-1.0,prose,lat_-0049_IT-LAT0849.txt,,full_fit_unlabeled,0.024296978,-3.692806275,0.097,non_christian,non_christian,0.002493976,-5.991380134,0.107,non_christian,non_christian
MQDQ-626,carminum fragmenta,Furius Bibaculus,-49,-100.0,-1.0,poetry,lat_-0049.0_MQDQ-626.txt,non_christian,cross_fitted_labeled,0.055320975,-2.837693079,0.543,non_christian,non_christian,0.005707335,-5.160279323,0.327,non_christian,non_christian
MQDQ-106,carminum fragmenta,Gannius,-49,-100.0,-1.0,poetry,lat_-0049.0_MQDQ-106.txt,non_christian,cross_fitted_labeled,0.02177329,-3.805057466,0.006,non_christian,non_christian,0.005198413,-5.25418983,0.301,non_christian,non_christian
MQDQ-225,Atellanarum fragmenta,Mummius,-49,-100.0,-1.0,poetry,lat_-0049.0_MQDQ-225.txt,non_christian,cross_fitted_labeled,0.024988966,-3.664014439,0.192,non_christian,non_christian,0.003581679,-5.628335607,0.207,non_christian,non_christian
MQDQ-231,Cypriae Iliadis fragmenta,Naeuius iunior,-49,-100.0,-1.0,poetry,lat_-0049.0_MQDQ-231.txt,non_christian,cross_fitted_labeled,0.024988966,-3.664014439,0.192,non_christian,non_christian,0.014969005,-4.186691372,0.54,non_christian,non_christian
MQDQ-459,carminum fragmenta,Sueius,-49,-100.0,-1.0,poetry,lat_-0049.0_MQDQ-459.txt,non_christian,cross_fitted_labeled,0.02318622,-3.740737899,0.05,non_christian,non_christian,0.004003919,-5.516469614,0.234,non_christian,non_christian
MQDQ-509,comoediae fragmentum,Valerius,-49,-100.0,-1.0,poetry,lat_-0049.0_MQDQ-509.txt,non_christian,cross_fitted_labeled,0.024988966,-3.664014439,0.192,non_christian,non_christian,0.003675525,-5.602377074,0.213,non_christian,non_christian
MQDQ-390,epigramma,Pupius,-25,-50.0,-1.0,poetry,lat_-0049.0_MQDQ-390.txt,,full_fit_unlabeled,0.024296978,-3.692806275,0.097,non_christian,non_christian,0.00416236,-5.477502018,0.242,non_christian,non_christian
MQDQ-517,carminum fragmenta,Valgius Rufus,-25,-50.0,-1.0,poetry,lat_-0011_MQDQ-517.txt,non_christian,cross_fitted_labeled,0.022971162,-3.750276583,0.048,non_christian,non_christian,0.002466142,-6.002630914,0.105,non_christian,non_christian
MQDQ-265,"Medea, fragmentum","Ovidius Naso, Publius",-20,-25.0,-1.0,poetry,lat_+0030_MQDQ-265.txt,non_christian,cross_fitted_labeled,0.024988966,-3.664014439,0.192,non_christian,non_christian,0.017651215,-4.019141829,0.569,non_christian,non_christian
MQDQ-248,ars,"Ovidius Naso, Publius",-1,-1.0,1.0,poetry,lat_+0030_MQDQ-248.txt,non_christian,cross_fitted_labeled,0.045095586,-3.052826877,0.454,non_christian,non_christian,0.004262897,-5.453534228,0.25,non_christian,non_christian
IT-LAT0378,Epistula ad Gaium,"Augustus, Gaius Iulius Caesar Octavianus",1,1.0,1.0,prose,lat_001_IT-LAT0378.txt,,full_fit_unlabeled,0.024296978,-3.692806275,0.097,non_christian,non_christian,0.010408888,-4.554631784,0.462,non_christian,non_christian
MQDQ-247,medicamina faciei,"Ovidius Naso, Publius",1,-1.0,1.0,poetry,lat_+0030_MQDQ-247.txt,non_christian,cross_fitted_labeled,0.033652163,-3.357446508,0.293,non_christian,non_christian,0.013874674,-4.263718263,0.525,non_christian,non_christian
MQDQ-249,remedia amoris,"Ovidius Naso, Publius",1,1.0,2.0,poetry,lat_+0030_MQDQ-249.txt,non_christian,cross_fitted_labeled,0.034097046,-3.343852603,0.301,non_christian,non_christian,0.003611154,-5.620110317,0.21,non_christian,non_christian
MQDQ-331,carminis fragmentum,Asinius Pollio,-31,-76.0,4.0,poetry,lat_+0040_MQDQ-331.txt,non_christian,cross_fitted_labeled,0.023317423,-3.734960871,0.065,non_christian,non_christian,0.003677725,-5.601776493,0.214,non_christian,non_christian
MQDQ-57,carminum fragmenta,Domitius Marsus,-15,-34.0,4.0,poetry,lat_0050.0_MQDQ-57.txt,non_christian,cross_fitted_labeled,0.078330608,-2.465248155,0.667,non_christian,non_christian,0.030938729,-3.444319077,0.643,non_christian,non_christian
MQDQ-250,epistulae heroides,"Ovidius Naso, Publius",-12,-25.0,8.0,poetry,lat_+0030_MQDQ-250.txt,,full_fit_unlabeled,0.092446487,-2.284122577,0.699,non_christian,non_christian,0.009293623,-4.669089746,0.431,non_christian,non_christian
MQDQ-252,fasti,"Ovidius Naso, Publius",-8,1.0,8.0,poetry,lat_+0030_MQDQ-252.txt,,full_fit_unlabeled,0.136794715,-1.842171166,0.75,christian,non_christian,0.008165007,-4.799699177,0.403,non_christian,non_christian
MQDQ-251,metamorphoses,"Ovidius Naso, Publius",6,1.0,8.0,poetry,lat_+0030_MQDQ-251.txt,,full_fit_unlabeled,0.134119065,-1.86501946,0.749,christian,non_christian,0.020638186,-3.859758124,0.594,non_christian,non_christian
MQDQ-262,Ibis,"Ovidius Naso, Publius",11,10.0,11.0,poetry,lat_+0030_MQDQ-262.txt,non_christian,cross_fitted_labeled,0.065099325,-2.664526115,0.595,non_christian,non_christian,0.019044318,-3.941758485,0.581,non_christian,non_christian
MQDQ-253,tristia 1,"Ovidius Naso, Publius",10,9.0,12.0,poetry,lat_+0030_MQDQ-253.txt,,full_fit_unlabeled,0.113635712,-2.054130203,0.729,non_christian,non_christian,0.005745655,-5.15354915,0.329,non_christian,non_christian
MQDQ-254,tristia 2,"Ovidius Naso, Publius",10,9.0,12.0,poetry,lat_+0030_MQDQ-254.txt,,full_fit_unlabeled,0.047960857,-2.988220951,0.487,non_christian,non_christian,0.003299732,-5.710608759,0.183,non_christian,non_christian
MQDQ-255,tristia 3,"Ovidius Naso, Publius",10,9.0,12.0,poetry,lat_+0030_MQDQ-255.txt,,full_fit_unlabeled,0.072385773,-2.550606165,0.644,non_christian,non_christian,0.005026085,-5.288075193,0.29,non_christian,non_christian
MQDQ-256,tristia 4,"Ovidius Naso, Publius",10,9.0,12.0,poetry,lat_+0030_MQDQ-256.txt,,full_fit_unlabeled,0.057894502,-2.789494834,0.562,non_christian,non_christian,0.008631966,-4.743613608,0.413,non_christian,non_christian
MQDQ-257,tristia 5,"Ovidius Naso, Publius",10,9.0,12.0,poetry,lat_+0030_MQDQ-257.txt,non_christian,cross_fitted_labeled,0.047107895,-3.007061076,0.478,non_christian,non_christian,0.014040351,-4.251680057,0.527,non_christian,non_christian
MQDQ-258,ex Ponto 1,"Ovidius Naso, Publius",13,13.0,13.0,poetry,lat_+0030_MQDQ-258.txt,non_christian,cross_fitted_labeled,0.088489728,-2.33221638,0.688,non_christian,non_christian,0.030036117,-3.474858269,0.64,non_christian,non_christian
MQDQ-259,ex Ponto 2,"Ovidius Naso, Publius",13,13.0,13.0,poetry,lat_+0030_MQDQ-259.txt,,full_fit_unlabeled,0.069179386,-2.599363642,0.622,non_christian,non_christian,0.008061186,-4.812600685,0.399,non_christian,non_christian
MQDQ-260,ex Ponto 3,"Ovidius Naso, Publius",13,13.0,13.0,poetry,lat_+0030_MQDQ-260.txt,,full_fit_unlabeled,0.053998768,-2.86328264,0.536,non_christian,non_christian,0.014129457,-4.245263298,0.53,non_christian,non_christian
IT-LAT0029_4,Invectiva in Ciceronem,Pseudo-Sallust,-13,-40.0,14.0,prose,lat_-0049_IT-LAT0029_4.txt,,full_fit_unlabeled,0.024995341,-3.663752797,0.219,non_christian,non_christian,0.001059283,-6.849102742,0.011,non_christian,non_christian
IT-LAT0996,Res romanae,Cornelius Severus,-13,-40.0,14.0,poetry,lat_-0037_IT-LAT0996.txt,,full_fit_unlabeled,0.024296978,-3.692806275,0.097,non_christian,non_christian,0.00152737,-6.482679692,0.038,non_christian,non_christian
MQDQ-46,carminum fragmenta,Cornelius Seuerus,-13,-40.0,14.0,poetry,lat_-0049.0_MQDQ-46.txt,non_christian,cross_fitted_labeled,0.022184382,-3.785932602,0.025,non_christian,non_christian,0.006009918,-5.108316127,0.344,non_christian,non_christian
MQDQ-239,obtrectatores Vergilii,Numitorius,-13,-39.0,14.0,poetry,lat_0050.0_MQDQ-239.txt,non_christian,cross_fitted_labeled,0.02318622,-3.740737899,0.05,non_christian,non_christian,0.002899385,-5.840352893,0.148,non_christian,non_christian
MQDQ-385,carminis fragmentum,Arbonius Silo,-7,-27.0,14.0,poetry,lat_0050.0_MQDQ-385.txt,non_christian,cross_fitted_labeled,0.022378719,-3.777011889,0.026,non_christian,non_christian,0.00273469,-5.898998842,0.133,non_christian,non_christian
MQDQ-58,carminis fragmentum,Dorcatius,-7,-27.0,14.0,poetry,lat_0050.0_MQDQ-58.txt,,full_fit_unlabeled,0.024296978,-3.692806275,0.097,non_christian,non_christian,0.002888567,-5.844101898,0.146,non_christian,non_christian
MQDQ-112,tragoediarum fragmenta,Gracchus,-7,-27.0,14.0,poetry,lat_0050.0_MQDQ-112.txt,,full_fit_unlabeled,0.024296978,-3.692806275,0.097,non_christian,non_christian,0.008066337,-4.811956714,0.4,non_christian,non_christian
MQDQ-113,cynegeticon,Grattius,-7,-27.0,14.0,poetry,lat_0050.0_MQDQ-113.txt,,full_fit_unlabeled,0.056716653,-2.811298837,0.551,non_christian,non_christian,0.027887003,-3.551311325,0.634,non_christian,non_christian
MQDQ-391,de bello Aegiptiaco,Rabirius,-7,-27.0,14.0,poetry,lat_0050.0_MQDQ-391.txt,non_christian,cross_fitted_labeled,0.041007574,-3.152126405,0.399,non_christian,non_christian,0.010248807,-4.570292243,0.456,non_christian,non_christian
MQDQ-392,carminum fragmenta,Rabirius,-7,-27.0,14.0,poetry,lat_0050.0_MQDQ-392.txt,,full_fit_unlabeled,0.024296978,-3.692806275,0.097,non_christian,non_christian,0.002524659,-5.979121372,0.114,non_christian,non_christian
MQDQ-108,Aratea,Germanicus Caesar,9,4.0,14.0,poetry,lat_+0017_MQDQ-108.txt,non_christian,cross_fitted_labeled,0.035607925,-3.298929707,0.322,non_christian,non_christian,0.016568073,-4.083570885,0.554,non_christian,non_christian
MQDQ-109,Arateorum fragmenta,Germanicus Caesar,9,4.0,14.0,poetry,lat_+0017_MQDQ-109.txt,non_christian,cross_fitted_labeled,0.033270775,-3.369239069,0.292,non_christian,non_christian,0.010782864,-4.518955647,0.474,non_christian,non_christian
IT-LAT0278,Res gestae,"Augustus, Gaius Iulius Caesar Octavianus",14,14.0,14.0,prose,lat_0013_IT-LAT0278.txt,non_christian,cross_fitted_labeled,0.039738114,-3.184895257,0.381,non_christian,non_christian,0.001924228,-6.251304596,0.068,non_christian,non_christian
MQDQ-261,ex Ponto 4,"Ovidius Naso, Publius",16,16.0,16.0,poetry,lat_+0030_MQDQ-261.txt,,full_fit_unlabeled,0.055912333,-2.826434039,0.544,non_christian,non_christian,0.003157255,-5.754889977,0.169,non_christian,non_christian
IT-LAT0142,Ab Urbe condita,"Livius, Titus",-7,-31.0,17.0,prose,lat_-001_IT-LAT0142.txt,,full_fit_unlabeled,0.069807287,-2.589653378,0.629,non_christian,non_christian,0.002630109,-5.938096323,0.125,non_christian,non_christian
MQDQ-264,phaenomenon fragmenta,"Ovidius Naso, Publius",-3,-25.0,18.0,poetry,lat_+0030_MQDQ-264.txt,non_christian,cross_fitted_labeled,0.022378719,-3.777011889,0.026,non_christian,non_christian,0.023788032,-3.71449716,0.617,non_christian,non_christian
MQDQ-187,astronomica,Marcus Manilius,15,10.0,20.0,poetry,lat_+0050.0_MQDQ-187.txt,,full_fit_unlabeled,0.144556496,-1.777949642,0.759,christian,non_christian,0.051784094,-2.907499191,0.685,non_christian,non_christian
MQDQ-99,carminis fragmentum,Albinouanus Pedo,-1,-25.0,25.0,poetry,lat_-0049.0_MQDQ-99.txt,,full_fit_unlabeled,0.022075093,-3.790982939,0.023,non_christian,non_christian,0.010455149,-4.550150467,0.465,non_christian,non_christian
MQDQ-178,"corpus Tibullianum 3, 1-6",Lygdamus,1,-25.0,25.0,poetry,lat_0050.0_MQDQ-178.txt,non_christian,cross_fitted_labeled,0.028013274,-3.546663673,0.234,non_christian,non_christian,0.006490308,-5.030933844,0.356,non_christian,non_christian
IT-LAT0632,De figuris sententiarum et elocutionis,"Lupus, Publius Rutilius",12,1.0,25.0,prose,lat_0050_IT-LAT0632.txt,non_christian,cross_fitted_labeled,0.029333607,-3.499248968,0.247,non_christian,non_christian,0.026074555,-3.620374834,0.629,non_christian,non_christian
MQDQ-105,epigramma,Asinius Gallus,-7,-10.0,30.0,poetry,lat_-007_MQDQ-105.txt,,full_fit_unlabeled,0.024296978,-3.692806275,0.097,non_christian,non_christian,0.009640721,-4.632071847,0.441,non_christian,non_christian
IT-LAT0148,Historia Romana,"Velleius Paterculus, Caius",30,30.0,30.0,prose,lat_0029_IT-LAT0148.txt,,full_fit_unlabeled,0.064461564,-2.675053094,0.59,non_christian,non_christian,0.00151823,-6.4886904,0.037,non_christian,non_christian
IT-LAT0883,Factorum et dictorum memorabilium libri novem,Valerius Maximus,31,31.0,31.0,prose,lat_0030_IT-LAT0883.txt,,full_fit_unlabeled,0.089773864,-2.316399184,0.693,non_christian,non_christian,0.011901606,-4.419108895,0.49,non_christian,non_christian
MQDQ-269,carminis fragmentum,Sextus Paconianus,16,1.0,32.0,poetry,lat_+0050.0_MQDQ-269.txt,,full_fit_unlabeled,0.024296978,-3.692806275,0.097,non_christian,non_christian,0.001633743,-6.415246711,0.046,non_christian,non_christian
MQDQ-267,*consolatio ad Liuiam,Pseudo-Ovid,24,12.0,37.0,poetry,lat_+0030_MQDQ-267.txt,non_christian,cross_fitted_labeled,0.056388202,-2.817454896,0.548,non_christian,non_christian,0.012032004,-4.408080173,0.494,non_christian,non_christian
IT-LAT0382,De medicina,"Celsus, Cornelius Aulus",25,14.0,37.0,prose,lat_0030_IT-LAT0382.txt,,full_fit_unlabeled,0.048809441,-2.969790673,0.498,non_christian,non_christian,0.011903736,-4.418927788,0.491,non_christian,non_christian
MQDQ-104,carminis fragmentum,Gaetulicus,26,1.0,39.0,poetry,lat_0026_MQDQ-104.txt,non_christian,cross_fitted_labeled,0.02318622,-3.740737899,0.05,non_christian,non_christian,0.001762637,-6.339180116,0.052,non_christian,non_christian
IT-LAT0083,Consolatio ad Marciam,"Seneca, Lucius Annaeus",40,39.0,40.0,prose,lat_0040_IT-LAT0083.txt,non_christian,cross_fitted_labeled,0.065102065,-2.664481101,0.596,non_christian,non_christian,0.056527196,-2.81484568,0.697,non_christian,non_christian
IT-LAT0116,Consolatio ad Helviam matrem,"Seneca, Lucius Annaeus",42,42.0,42.0,prose,lat_0041_IT-LAT0116.txt,,full_fit_unlabeled,0.074486765,-2.51972697,0.649,non_christian,non_christian,0.005834092,-5.138185493,0.335,non_christian,non_christian
IT-LAT0112,Consolatio ad Polybium,"Seneca, Lucius Annaeus",43,41.0,44.0,prose,lat_0043_IT-LAT0112.txt,,full_fit_unlabeled,0.040815516,-3.15702113,0.396,non_christian,non_christian,0.01063689,-4.532733294,0.469,non_christian,non_christian
IT-LAT0266,De chorographia,"Mela, Pomponius",44,44.0,44.0,prose,lat_0050_IT-LAT0266.txt,non_christian,cross_fitted_labeled,0.069306306,-2.597394319,0.626,non_christian,non_christian,0.002948285,-5.823578912,0.156,non_christian,non_christian
MQDQ-224,carminum fragmenta,Iulius Montanus,12,-25.0,50.0,poetry,lat_0050.0_MQDQ-224.txt,,full_fit_unlabeled,0.024296978,-3.692806275,0.097,non_christian,non_christian,0.001656716,-6.401260074,0.047,non_christian,non_christian
MQDQ-303,"fabulae, appendix",Phaedrus,25,1.0,50.0,poetry,lat_0050.0_MQDQ-303.txt,,full_fit_unlabeled,0.058937592,-2.770530342,0.567,non_christian,non_christian,0.019390259,-3.923403728,0.585,non_christian,non_christian
MQDQ-298,fabulae 1,Phaedrus,25,1.0,50.0,poetry,lat_0050.0_MQDQ-298.txt,,full_fit_unlabeled,0.076987005,-2.484006679,0.661,non_christian,non_christian,0.042327149,-3.119077526,0.67,non_christian,non_christian
MQDQ-299,fabulae 2,Phaedrus,25,1.0,50.0,poetry,lat_0050.0_MQDQ-299.txt,,full_fit_unlabeled,0.084381839,-2.384247224,0.681,non_christian,non_christian,0.022279036,-3.781578181,0.607,non_christian,non_christian
MQDQ-300,fabulae 3,Phaedrus,25,1.0,50.0,poetry,lat_0050.0_MQDQ-300.txt,,full_fit_unlabeled,0.079136546,-2.454136969,0.672,non_christian,non_christian,0.095198669,-2.251749441,0.727,non_christian,non_christian
MQDQ-301,fabulae 4,Phaedrus,25,1.0,50.0,poetry,lat_0050.0_MQDQ-301.txt,,full_fit_unlabeled,0.044713025,-3.061746936,0.445,non_christian,non_christian,0.036712549,-3.267233242,0.662,non_christian,non_christian
MQDQ-302,fabulae 5,Phaedrus,25,1.0,50.0,poetry,lat_0050.0_MQDQ-302.txt,non_christian,cross_fitted_labeled,0.035997223,-3.287652388,0.333,non_christian,non_christian,0.021449095,-3.820390374,0.602,non_christian,non_christian
MQDQ-341,praetextae fragmentum,Pomponius Secundus,41,31.0,51.0,poetry,lat_0044_MQDQ-341.txt,non_christian,cross_fitted_labeled,0.023317423,-3.734960871,0.065,non_christian,non_christian,0.006058611,-5.100197632,0.345,non_christian,non_christian
MQDQ-340,tragoediarum fragmenta,Pomponius Secundus,41,31.0,51.0,poetry,lat_0044_MQDQ-340.txt,,full_fit_unlabeled,0.024296978,-3.692806275,0.097,non_christian,non_christian,0.011258894,-4.475274155,0.483,non_christian,non_christian
MQDQ-425,Hercules furens,"Seneca, Lucius Annaeus",53,41.0,54.0,poetry,lat_+0034_MQDQ-425.txt,,full_fit_unlabeled,0.056565206,-2.814133199,0.549,non_christian,non_christian,0.039701478,-3.185855779,0.667,non_christian,non_christian
IT-LAT0228,Apocolocyntosis Divi Claudii,"Seneca, Lucius Annaeus",54,54.0,54.0,prose,lat_0054_IT-LAT0228.txt,,full_fit_unlabeled,0.065771908,-2.653527802,0.603,non_christian,non_christian,0.004250415,-5.456479084,0.249,non_christian,non_christian
IT-LAT0045,De brevitate vitae,"Seneca, Lucius Annaeus",51,48.0,55.0,prose,lat_0049_IT-LAT0045.txt,non_christian,cross_fitted_labeled,0.050476916,-2.934443729,0.512,non_christian,non_christian,0.014565875,-4.21440082,0.535,non_christian,non_christian
IT-LAT0425,Commentarii,"Pedianus, Asconius",55,54.0,57.0,prose,lat_0050_IT-LAT0425.txt,,full_fit_unlabeled,0.038048079,-3.230113871,0.365,non_christian,non_christian,0.000943,-6.965138546,0.007,non_christian,non_christian
IT-LAT0079,De vita beata,"Seneca, Lucius Annaeus",58,54.0,59.0,prose,lat_0058_IT-LAT0079.txt,non_christian,cross_fitted_labeled,0.040103569,-3.175360056,0.386,non_christian,non_christian,0.039362551,-3.194782192,0.666,non_christian,non_christian
IT-LAT0239,De arboribus,"Columella, Lucius Iunius Moderatus",45,30.0,60.0,prose,lat_0050_IT-LAT0239.txt,non_christian,cross_fitted_labeled,0.064169199,-2.679911357,0.589,non_christian,non_christian,0.012801676,-4.345294843,0.508,non_christian,non_christian
MQDQ-155,carminis fragmentum,Attius Labeo,43,25.0,62.0,poetry,lat_0050.0_MQDQ-155.txt,,full_fit_unlabeled,0.024296978,-3.692806275,0.097,non_christian,non_christian,0.003549888,-5.637282933,0.204,non_christian,non_christian
MQDQ-291,choliambi,Persius,56,50.0,62.0,poetry,lat_0048_MQDQ-291.txt,,full_fit_unlabeled,0.024296978,-3.692806275,0.097,non_christian,non_christian,0.005074484,-5.278442966,0.295,non_christian,non_christian
MQDQ-292,saturae,Persius,56,50.0,62.0,poetry,lat_0048_MQDQ-292.txt,,full_fit_unlabeled,0.087323589,-2.34676076,0.685,non_christian,non_christian,0.017365174,-4.035770864,0.567,non_christian,non_christian
IT-LAT0071,De tranquillitate animi,"Seneca, Lucius Annaeus",56,47.0,62.0,prose,lat_0062_IT-LAT0071.txt,non_christian,cross_fitted_labeled,0.066302832,-2.64491955,0.607,non_christian,non_christian,0.04327064,-3.096046204,0.671,non_christian,non_christian
IT-LAT0078,De otio,"Seneca, Lucius Annaeus",58,47.0,62.0,prose,lat_0062_IT-LAT0078.txt,non_christian,cross_fitted_labeled,0.032645714,-3.388851226,0.283,non_christian,non_christian,0.034624087,-3.327967975,0.655,non_christian,non_christian
IT-LAT0072,De constantia sapientis,"Seneca, Lucius Annaeus",54,47.0,64.0,prose,lat_0049_IT-LAT0072.txt,non_christian,cross_fitted_labeled,0.043639682,-3.087167876,0.433,non_christian,non_christian,0.01067173,-4.529427988,0.472,non_christian,non_christian
MQDQ-173,carminum fragmenta,Lucilius iunior,40,15.0,65.0,poetry,lat_0050.0_MQDQ-173.txt,,full_fit_unlabeled,0.024296978,-3.692806275,0.097,non_christian,non_christian,0.003214967,-5.736717987,0.175,non_christian,non_christian
MQDQ-430,Oedipus,"Seneca, Lucius Annaeus",50,41.0,65.0,poetry,lat_+0034_MQDQ-430.txt,non_christian,cross_fitted_labeled,0.069288635,-2.597668308,0.623,non_christian,non_christian,0.050922015,-2.925195626,0.681,non_christian,non_christian
MQDQ-429,Phaedra,"Seneca, Lucius Annaeus",50,41.0,65.0,poetry,lat_+0034_MQDQ-429.txt,,full_fit_unlabeled,0.068813732,-2.605056013,0.62,non_christian,non_christian,0.024321755,-3.691761651,0.621,non_christian,non_christian
MQDQ-428,Medea,"Seneca, Lucius Annaeus",53,41.0,65.0,poetry,lat_+0034_MQDQ-428.txt,,full_fit_unlabeled,0.074932161,-2.513283891,0.652,non_christian,non_christian,0.03468296,-3.326208096,0.657,non_christian,non_christian
IT-LAT0073,De providentia,"Seneca, Lucius Annaeus",53,41.0,65.0,prose,lat_0063_IT-LAT0073.txt,,full_fit_unlabeled,0.060849514,-2.736571895,0.575,non_christian,non_christian,0.009081505,-4.692392334,0.422,non_christian,non_christian
IT-LAT0109,Agamemnon,"Seneca, Lucius Annaeus",53,41.0,65.0,poetry,lat_0065_IT-LAT0109.txt,,full_fit_unlabeled,0.162047346,-1.64307305,0.772,christian,non_christian,0.015364818,-4.160190842,0.546,non_christian,non_christian
MQDQ-171,carminum fragmenta,Lucanus,58,55.0,65.0,poetry,lat_0052_MQDQ-171.txt,non_christian,cross_fitted_labeled,0.02177329,-3.805057466,0.006,non_christian,non_christian,0.010261894,-4.569002904,0.458,non_christian,non_christian
MQDQ-427,Phoenissae,"Seneca, Lucius Annaeus",60,41.0,65.0,poetry,lat_+0034_MQDQ-427.txt,,full_fit_unlabeled,0.042609098,-3.112143965,0.419,non_christian,non_christian,0.018277176,-3.983655967,0.577,non_christian,non_christian
MQDQ-426,Troades,"Seneca, Lucius Annaeus",60,41.0,65.0,poetry,lat_+0034_MQDQ-426.txt,,full_fit_unlabeled,0.066180868,-2.646891346,0.605,non_christian,non_christian,0.011006656,-4.498187457,0.48,non_christian,non_christian
IT-LAT0237,Ilias Latina,Baebius Italicus,60,54.0,65.0,poetry,lat_0065_IT-LAT0237.txt,non_christian,cross_fitted_labeled,0.071548683,-2.563139851,0.635,non_christian,non_christian,0.011087987,-4.490743112,0.482,non_christian,non_christian
MQDQ-29,"de re rustica, liber X","Columella, Lucius Iunius Moderatus",62,60.0,65.0,poetry,lat_0050.0_MQDQ-29.txt,non_christian,cross_fitted_labeled,0.032269823,-3.400820771,0.279,non_christian,non_christian,0.008809806,-4.723041075,0.415,non_christian,non_christian
MQDQ-170,Pharsalia,Lucanus,62,60.0,65.0,poetry,lat_0052_MQDQ-170.txt,non_christian,cross_fitted_labeled,0.088706609,-2.329530509,0.69,non_christian,non_christian,0.036016996,-3.28708272,0.659,non_christian,non_christian
MQDQ-432,Thyestes,"Seneca, Lucius Annaeus",62,41.0,65.0,poetry,lat_+0034_MQDQ-432.txt,,full_fit_unlabeled,0.06393211,-2.683866267,0.587,non_christian,non_christian,0.087602964,-2.343260405,0.724,non_christian,non_christian
MQDQ-435,carminum fragmenta,"Seneca, Lucius Annaeus",64,63.0,65.0,poetry,lat_+0034_MQDQ-435.txt,,full_fit_unlabeled,0.035992542,-3.287787269,0.332,non_christian,non_christian,0.006327977,-5.056426594,0.353,non_christian,non_christian
IT-LAT0230,Epistulae morales ad Lucilium,"Seneca, Lucius Annaeus",64,63.0,65.0,prose,lat_0062_IT-LAT0230.txt,non_christian,cross_fitted_labeled,0.117022388,-2.020934581,0.73,non_christian,non_christian,0.206061956,-1.348828545,0.756,christian,non_christian
MQDQ-297,fragmenta,Petronius,64,64.0,65.0,poetry,lat_0066_MQDQ-297.txt,non_christian,cross_fitted_labeled,0.044480482,-3.0672047,0.442,non_christian,non_christian,0.025034223,-3.662158566,0.625,non_christian,non_christian
MQDQ-295,satyricon,Petronius,64,64.0,65.0,poetry,lat_0066_MQDQ-295.txt,non_christian,cross_fitted_labeled,0.043461137,-3.091454276,0.428,non_christian,non_christian,0.00841942,-4.768759222,0.405,non_christian,non_christian
MQDQ-296,bellum ciuile,Petronius,65,65.0,65.0,poetry,lat_0066_MQDQ-296.txt,non_christian,cross_fitted_labeled,0.045503619,-3.043391989,0.459,non_christian,non_christian,0.011426018,-4.460370444,0.486,non_christian,non_christian
LC-10,Einsiedeln Eclogues,[Auctor incertus],61,54.0,68.0,poetry,lat_0050_LC-10.txt,non_christian,cross_fitted_labeled,0.044968435,-3.055783594,0.45,non_christian,non_christian,0.024652161,-3.677929618,0.623,non_christian,non_christian
MQDQ-632,eclogae,Calpurnius Siculus,61,54.0,68.0,poetry,lat_0050.0_MQDQ-632.txt,,full_fit_unlabeled,0.039515961,-3.190732688,0.378,non_christian,non_christian,0.004924042,-5.30868931,0.283,non_christian,non_christian
MQDQ-235,carminum fragmenta,Nero imperator,61,54.0,68.0,poetry,lat_0052_MQDQ-235.txt,non_christian,cross_fitted_labeled,0.022378719,-3.777011889,0.026,non_christian,non_christian,0.002526497,-5.978391687,0.115,non_christian,non_christian
MQDQ-508,carminum fragmenta,Vagellius,50,25.0,75.0,poetry,lat_0050.0_MQDQ-508.txt,non_christian,cross_fitted_labeled,0.023317423,-3.734960871,0.065,non_christian,non_christian,0.001543106,-6.472413706,0.039,non_christian,non_christian
MQDQ-263,*halieutica,Pseudo-Ovid,17,17.0,79.0,poetry,lat_+0030_MQDQ-263.txt,non_christian,cross_fitted_labeled,0.0342465,-3.339324269,0.304,non_christian,non_christian,0.016971603,-4.059096459,0.563,non_christian,non_christian
MQDQ-620,uersus metrici,Caesius Bassus,40,1.0,79.0,poetry,lat_0050.0_MQDQ-620.txt,,full_fit_unlabeled,0.024296978,-3.692806275,0.097,non_christian,non_christian,0.001767084,-6.336655876,0.053,non_christian,non_christian
MQDQ-194,de spectaculis,Martialis,80,80.0,80.0,poetry,lat_0071_MQDQ-194.txt,,full_fit_unlabeled,0.035935412,-3.289435065,0.331,non_christian,non_christian,0.004378673,-5.426621252,0.254,non_christian,non_christian
IT-LAT0588,Opuscula rerum rusticarum,"Frontinus, Sextus Iulius",74,64.0,84.0,prose,lat_0050_IT-LAT0588.txt,non_christian,cross_fitted_labeled,0.027274149,-3.574162965,0.232,non_christian,non_christian,0.010413461,-4.554187917,0.463,non_christian,non_christian
MQDQ-207,epigrammata 13,Martialis,84,83.0,85.0,poetry,lat_0071_MQDQ-207.txt,non_christian,cross_fitted_labeled,0.066071822,-2.648657177,0.604,non_christian,non_christian,0.003781862,-5.57374986,0.22,non_christian,non_christian
MQDQ-208,epigrammata 14,Martialis,84,83.0,85.0,poetry,lat_0071_MQDQ-208.txt,,full_fit_unlabeled,0.078650515,-2.460825253,0.668,non_christian,non_christian,0.002210205,-6.112457337,0.08,non_christian,non_christian
MQDQ-195,epigrammata 1,Martialis,85,84.0,86.0,poetry,lat_0071_MQDQ-195.txt,non_christian,cross_fitted_labeled,0.051806817,-2.907036511,0.523,non_christian,non_christian,0.002839143,-5.861409973,0.142,non_christian,non_christian
MQDQ-196,epigrammata 2,Martialis,86,86.0,87.0,poetry,lat_0071_MQDQ-196.txt,,full_fit_unlabeled,0.035376173,-3.30569969,0.317,non_christian,non_christian,0.002878225,-5.847699198,0.145,non_christian,non_christian
MQDQ-197,epigrammata 3,Martialis,87,87.0,87.0,poetry,lat_0071_MQDQ-197.txt,,full_fit_unlabeled,0.056804162,-2.809664341,0.553,non_christian,non_christian,0.002543015,-5.971858535,0.116,non_christian,non_christian
MQDQ-198,epigrammata 4,Martialis,88,88.0,88.0,poetry,lat_0071_MQDQ-198.txt,non_christian,cross_fitted_labeled,0.048505026,-2.976366992,0.492,non_christian,non_christian,0.002353593,-6.049455939,0.093,non_christian,non_christian
MQDQ-199,epigrammata 5,Martialis,89,89.0,89.0,poetry,lat_0071_MQDQ-199.txt,non_christian,cross_fitted_labeled,0.061984109,-2.716888847,0.581,non_christian,non_christian,0.002606201,-5.947252144,0.123,non_christian,non_christian
MQDQ-450,belli Germanici fragmentum,"Statius, Publius Papinius",86,83.0,90.0,poetry,lat_0070_MQDQ-450.txt,non_christian,cross_fitted_labeled,0.02318622,-3.740737899,0.05,non_christian,non_christian,0.006645134,-5.007203069,0.364,non_christian,non_christian
MQDQ-200,epigrammata 6,Martialis,90,90.0,91.0,poetry,lat_0071_MQDQ-200.txt,,full_fit_unlabeled,0.05384999,-2.866198914,0.535,non_christian,non_christian,0.002934506,-5.828277403,0.154,non_christian,non_christian
MQDQ-448,Thebais,"Statius, Publius Papinius",86,80.0,92.0,poetry,lat_0070_MQDQ-448.txt,non_christian,cross_fitted_labeled,0.199317172,-1.390567516,0.785,christian,christian,0.063348806,-2.693654889,0.702,non_christian,non_christian
MQDQ-201,epigrammata 7,Martialis,92,92.0,92.0,poetry,lat_0071_MQDQ-201.txt,non_christian,cross_fitted_labeled,0.054925659,-2.845282984,0.54,non_christian,non_christian,0.00185258,-6.289321528,0.06,non_christian,non_christian
MQDQ-202,epigrammata 8,Martialis,94,94.0,94.0,poetry,lat_0071_MQDQ-202.txt,,full_fit_unlabeled,0.049705009,-2.95066674,0.507,non_christian,non_christian,0.003215376,-5.736590368,0.177,non_christian,non_christian
MQDQ-203,epigrammata 9,Martialis,94,94.0,94.0,poetry,lat_0071_MQDQ-203.txt,non_christian,cross_fitted_labeled,0.089291497,-2.322316609,0.691,non_christian,non_christian,0.006511883,-5.027593397,0.36,non_christian,non_christian
MQDQ-204,epigrammata 10,Martialis,95,95.0,95.0,poetry,lat_0071_MQDQ-204.txt,non_christian,cross_fitted_labeled,0.054223638,-2.858889195,0.537,non_christian,non_christian,0.002202233,-6.116078554,0.079,non_christian,non_christian
IT-LAT0588_1,Strategemata,"Frontinus, Sextus Iulius",89,84.0,96.0,prose,lat_0050_IT-LAT0588_1.txt,,full_fit_unlabeled,0.049877032,-2.947030793,0.508,non_christian,non_christian,0.00352974,-5.642995154,0.2,non_christian,non_christian
MQDQ-421,tragoediae fragmentum,Scaeuus Memor,89,81.0,96.0,poetry,lat_0050.0_MQDQ-421.txt,,full_fit_unlabeled,0.024296978,-3.692806275,0.097,non_christian,non_christian,0.00149262,-6.505728853,0.03,non_christian,non_christian
MQDQ-506,saturarum fragmenta,Turnus,89,81.0,96.0,poetry,lat_0050.0_MQDQ-506.txt,,full_fit_unlabeled,0.024296978,-3.692806275,0.097,non_christian,non_christian,0.003536768,-5.640999065,0.202,non_christian,non_christian
IT-LAT0332,Institutio oratoria,"Quintilianus, Marcus Fabius",89,81.0,96.0,prose,lat_0091_IT-LAT0332.txt,,full_fit_unlabeled,0.090067939,-2.312805674,0.694,non_christian,non_christian,0.014866115,-4.193693096,0.539,non_christian,non_christian
IT-LAT0563,Silvae,"Statius, Publius Papinius",92,89.0,96.0,poetry,lat_0050_IT-LAT0563.txt,,full_fit_unlabeled,0.143851933,-1.783658808,0.758,christian,non_christian,0.010958629,-4.502608944,0.478,non_christian,non_christian
IT-LAT0563_1,Achilleida,"Statius, Publius Papinius",95,95.0,96.0,poetry,lat_0050_IT-LAT0563_1.txt,,full_fit_unlabeled,0.048582824,-2.974682578,0.494,non_christian,non_christian,0.004388981,-5.424259527,0.255,non_christian,non_christian
MQDQ-205,epigrammata 11,Martialis,96,96.0,96.0,poetry,lat_0071_MQDQ-205.txt,non_christian,cross_fitted_labeled,0.051737963,-2.90843907,0.521,non_christian,non_christian,0.001994421,-6.215405174,0.071,non_christian,non_christian
MQDQ-446,Punica,Silius Italicus,88,80.0,97.0,poetry,lat_0068_MQDQ-446.txt,non_christian,cross_fitted_labeled,0.141154396,-1.805734866,0.756,christian,non_christian,0.04661823,-3.018023747,0.675,non_christian,non_christian
MQDQ-473,carminis fragmentum,Sulpicia,88,78.0,98.0,poetry,lat_0050.0_MQDQ-473.txt,non_christian,cross_fitted_labeled,0.02318622,-3.740737899,0.05,non_christian,non_christian,0.008452092,-4.764853227,0.408,non_christian,non_christian
IT-LAT0588_2,De aquaeductu urbis Romae,"Frontinus, Sextus Iulius",98,98.0,98.0,prose,lat_0050_IT-LAT0588_2.txt,non_christian,cross_fitted_labeled,0.02397885,-3.706312047,0.089,non_christian,non_christian,0.008828993,-4.720846068,0.418,non_christian,non_christian
IT-LAT0534_1,De origine et situ Germanorum,"Tacitus, Publius (Gaius) Cornelius",98,98.0,98.0,prose,lat_0116_IT-LAT0534_1.txt,,full_fit_unlabeled,0.070851502,-2.573682409,0.631,non_christian,non_christian,0.010008721,-4.594239302,0.451,non_christian,non_christian
IT-LAT0534_2,De vita Iulii Agricolae,"Tacitus, Publius (Gaius) Cornelius",98,98.0,98.0,prose,lat_0116_IT-LAT0534_2.txt,non_christian,cross_fitted_labeled,0.037838566,-3.235853402,0.363,non_christian,non_christian,0.014604605,-4.211706112,0.536,non_christian,non_christian
LC-19,Ad Caesarem Senem de Re Publica Epistula,Pseudo-Sallust,-1,-34.0,100.0,prose,lat_-0049_LC-19.txt,,full_fit_unlabeled,0.037731814,-3.238789587,0.362,non_christian,non_christian,0.003086117,-5.777750596,0.165,non_christian,non_christian
IT-LAT0284,Appendix Vergiliana,[Auctor incertus],50,1.0,100.0,poetry,lat_-0049_IT-LAT0284.txt,,full_fit_unlabeled,0.103308593,-2.160991223,0.717,non_christian,non_christian,0.021132754,-3.835571885,0.599,non_christian,non_christian
MQDQ-163,laus Pisonis,[Auctor incertus],50,1.0,100.0,poetry,lat_0050.0_MQDQ-163.txt,non_christian,cross_fitted_labeled,0.044901317,-3.057347531,0.448,non_christian,non_christian,0.010001422,-4.594976217,0.45,non_christian,non_christian
MQDQ-434,*Octauia,"Seneca, Lucius Annaeus",84,68.0,100.0,poetry,lat_+0034_MQDQ-434.txt,,full_fit_unlabeled,0.102430015,-2.170511307,0.715,non_christian,non_christian,0.078699416,-2.460150615,0.715,non_christian,non_christian
MQDQ-510,Argonautica,Valerius Flaccus,87,75.0,100.0,poetry,lat_0050.0_MQDQ-510.txt,,full_fit_unlabeled,0.077359776,-2.478772412,0.664,non_christian,non_christian,0.016897599,-4.063541767,0.56,non_christian,non_christian
IT-LAT0111,Panegyricus Traiano,"Plinius Gaius, Cecilius Secundus",100,100.0,100.0,prose,lat_0100_IT-LAT0111.txt,non_christian,cross_fitted_labeled,0.06848914,-2.610132658,0.618,non_christian,non_christian,0.07978535,-2.445267049,0.716,non_christian,non_christian
MQDQ-206,epigrammata 12,Martialis,101,101.0,102.0,poetry,lat_0071_MQDQ-206.txt,,full_fit_unlabeled,0.098823567,-2.210364945,0.708,non_christian,non_christian,0.002519181,-5.981299188,0.112,non_christian,non_christian
MQDQ-556,carmen,Sentius Augurinus,105,105.0,105.0,poetry,lat_0100.0_MQDQ-556.txt,non_christian,cross_fitted_labeled,0.023317423,-3.734960871,0.065,non_christian,non_christian,0.001886414,-6.271189535,0.062,non_christian,non_christian
IT-LAT0342,Expositio et ratio omnium formarum,Balbus,96,86.0,106.0,prose,lat_0100_IT-LAT0342.txt,,full_fit_unlabeled,0.026162651,-3.616911437,0.224,non_christian,non_christian,0.010443929,-4.551235556,0.464,non_christian,non_christian
IT-LAT0534_3,Dialogus de oratoribus,"Tacitus, Publius (Gaius) Cornelius",104,102.0,107.0,prose,lat_0116_IT-LAT0534_3.txt,non_christian,cross_fitted_labeled,0.038038928,-3.230363932,0.364,non_christian,non_christian,0.010380398,-4.557401393,0.459,non_christian,non_christian
MQDQ-554,epigramma,Verginius Rufus,103,97.0,109.0,poetry,lat_0097_MQDQ-554.txt,non_christian,cross_fitted_labeled,0.023317423,-3.734960871,0.065,non_christian,non_christian,0.002106612,-6.160565559,0.077,non_christian,non_christian
IT-LAT0534_4,Historiae,"Tacitus, Publius (Gaius) Cornelius",104,100.0,109.0,prose,lat_0116_IT-LAT0534_4.txt,,full_fit_unlabeled,0.105502086,-2.137531851,0.72,non_christian,non_christian,0.019161314,-3.935514667,0.582,non_christian,non_christian
MQDQ-330,carmina epistulis inserta,"Plinius Gaius, Cecilius Secundus",104,96.0,112.0,poetry,lat_0086_MQDQ-330.txt,,full_fit_unlabeled,0.024296978,-3.692806275,0.097,non_christian,non_christian,0.003886462,-5.546361906,0.229,non_christian,non_christian
IT-LAT0345,De limitibus,Hyginus the Elder,108,100.0,117.0,prose,lat_0100_IT-LAT0345.txt,,full_fit_unlabeled,0.024296978,-3.692806275,0.097,non_christian,non_christian,0.005028394,-5.287613494,0.291,non_christian,non_christian
IT-LAT0346,De generibus controversiarum,Hyginus the Elder,108,100.0,117.0,prose,lat_0100_IT-LAT0346.txt,non_christian,cross_fitted_labeled,0.042165529,-3.123071941,0.414,non_christian,non_christian,0.004905993,-5.312379622,0.282,non_christian,non_christian
IT-LAT0349,De condicionibus agrorum,Hyginus the Elder,108,100.0,117.0,prose,lat_0100_IT-LAT0349.txt,non_christian,cross_fitted_labeled,0.033220659,-3.37079833,0.29,non_christian,non_christian,0.006957393,-4.960968741,0.372,non_christian,non_christian
IT-LAT0120,De grammaticis et rhetoribus,"Svetonius Tranquillus, Caius",111,105.0,117.0,prose,lat_0113_IT-LAT0120.txt,non_christian,cross_fitted_labeled,0.035381131,-3.305554415,0.318,non_christian,non_christian,0.006711474,-4.997202645,0.367,non_christian,non_christian
IT-LAT0720,De poetis,"Svetonius Tranquillus, Caius",111,105.0,117.0,prose,lat_0113_IT-LAT0720.txt,,full_fit_unlabeled,0.042646606,-3.111224913,0.421,non_christian,non_christian,0.003118317,-5.767338503,0.166,non_christian,non_christian
IT-LAT0325,Historiarum Alexandri Magni libri X,"Curtius Rufus, Quintus",62,1.0,125.0,prose,lat_0050_IT-LAT0325.txt,,full_fit_unlabeled,0.098190152,-2.217497759,0.707,non_christian,non_christian,0.050103509,-2.942261969,0.676,non_christian,non_christian
MQDQ-433,Hercules Oetaeus,"Seneca, Lucius Annaeus",82,41.0,125.0,poetry,lat_+0034_MQDQ-433.txt,non_christian,cross_fitted_labeled,0.062707878,-2.704507911,0.582,non_christian,non_christian,0.033635448,-3.357960623,0.654,non_christian,non_christian
IT-LAT0054,Vitae Caesarum,"Svetonius Tranquillus, Caius",118,111.0,125.0,prose,lat_0121_IT-LAT0054.txt,non_christian,cross_fitted_labeled,0.173032823,-1.564283702,0.777,christian,non_christian,0.085123112,-2.374690919,0.721,non_christian,non_christian
IT-LAT0534,Annales,"Tacitus, Publius (Gaius) Cornelius",120,110.0,125.0,prose,lat_0116_IT-LAT0534.txt,,full_fit_unlabeled,0.142339671,-1.795991887,0.757,christian,non_christian,0.013823527,-4.267463299,0.523,non_christian,non_christian
MQDQ-150,saturae,Iunius Iuuenalis,115,100.0,130.0,poetry,lat_0095_MQDQ-150.txt,,full_fit_unlabeled,0.112479934,-2.065656294,0.726,non_christian,non_christian,0.007398899,-4.898997625,0.382,non_christian,non_christian
IT-LAT0339,De condicionibus agrorum,"Flaccus, Siculus",118,98.0,138.0,prose,lat_0100_IT-LAT0339.txt,,full_fit_unlabeled,0.047828144,-2.991131292,0.483,non_christian,non_christian,0.009324814,-4.66570774,0.433,non_christian,non_christian
IT-LAT0340,De divisis et assignatis,"Flaccus, Siculus",118,98.0,138.0,prose,lat_0100_IT-LAT0340.txt,,full_fit_unlabeled,0.045197721,-3.050457626,0.456,non_christian,non_christian,0.006597875,-5.014387843,0.363,non_christian,non_christian
IT-LAT0341,De quaestoriis agris,"Flaccus, Siculus",118,98.0,138.0,prose,lat_0100_IT-LAT0341.txt,non_christian,cross_fitted_labeled,0.023655734,-3.720209711,0.088,non_christian,non_christian,0.006006885,-5.10882392,0.342,non_christian,non_christian
MQDQ-115,carminum fragmenta,Hadrianus imperator,124,110.0,138.0,poetry,lat_0107_MQDQ-115.txt,non_christian,cross_fitted_labeled,0.024988966,-3.664014439,0.192,non_christian,non_christian,0.003981864,-5.522015473,0.233,non_christian,non_christian
MQDQ-96,carmina (anth. Riese),Florus,127,117.0,138.0,poetry,lat_0100.0_MQDQ-96.txt,,full_fit_unlabeled,0.031331233,-3.43130728,0.269,non_christian,non_christian,0.009328409,-4.665318574,0.435,non_christian,non_christian
MQDQ-470,"Adelphoe, periocha",Sulpicius Apollinaris,125,100.0,150.0,poetry,lat_0150.0_MQDQ-470.txt,,full_fit_unlabeled,0.024296978,-3.692806275,0.097,non_christian,non_christian,0.004675689,-5.360692191,0.267,non_christian,non_christian
MQDQ-465,"Andria, periocha",Sulpicius Apollinaris,125,100.0,150.0,poetry,lat_0150.0_MQDQ-465.txt,non_christian,cross_fitted_labeled,0.022378719,-3.777011889,0.026,non_christian,non_christian,0.004127269,-5.486003475,0.241,non_christian,non_christian
MQDQ-471,*epigramma ap. Don. u. Verg.,Sulpicius Apollinaris,125,100.0,150.0,poetry,lat_0150.0_MQDQ-471.txt,non_christian,cross_fitted_labeled,0.02177329,-3.805057466,0.006,non_christian,non_christian,0.002606711,-5.947055903,0.124,non_christian,non_christian
MQDQ-467,"Eunuchus, periocha",Sulpicius Apollinaris,125,100.0,150.0,poetry,lat_0150.0_MQDQ-467.txt,non_christian,cross_fitted_labeled,0.022378719,-3.777011889,0.026,non_christian,non_christian,0.007896037,-4.833466975,0.395,non_christian,non_christian
MQDQ-466,"Hautontimorumenos, periocha",Sulpicius Apollinaris,125,100.0,150.0,poetry,lat_0150.0_MQDQ-466.txt,,full_fit_unlabeled,0.024296978,-3.692806275,0.097,non_christian,non_christian,0.001319677,-6.629047857,0.019,non_christian,non_christian
MQDQ-469,"Hecyra, periocha",Sulpicius Apollinaris,125,100.0,150.0,poetry,lat_0150.0_MQDQ-469.txt,,full_fit_unlabeled,0.031445226,-3.427557854,0.273,non_christian,non_christian,0.005812166,-5.141972832,0.333,non_christian,non_christian
MQDQ-472,hexasticha in Aeneidos libris,Sulpicius Apollinaris,125,100.0,150.0,poetry,lat_0150.0_MQDQ-472.txt,non_christian,cross_fitted_labeled,0.036975083,-3.259835031,0.346,non_christian,non_christian,0.006147926,-5.085473507,0.349,non_christian,non_christian
MQDQ-468,"Phormio, periocha",Sulpicius Apollinaris,125,100.0,150.0,poetry,lat_0150.0_MQDQ-468.txt,,full_fit_unlabeled,0.024296978,-3.692806275,0.097,non_christian,non_christian,0.001550034,-6.467926937,0.041,non_christian,non_christian
MQDQ-223,carminum fragmenta,Annianus,130,110.0,160.0,poetry,lat_0150.0_MQDQ-223.txt,non_christian,cross_fitted_labeled,0.023317423,-3.734960871,0.065,non_christian,non_christian,0.003133033,-5.762615785,0.168,non_christian,non_christian
MQDQ-336,*fragmentum poeticum flor. c. 7 insertum,"Apuleius, Lucius",165,160.0,170.0,poetry,lat_0147_MQDQ-336.txt,,full_fit_unlabeled,0.024296978,-3.692806275,0.097,non_christian,non_christian,0.001390402,-6.576770825,0.023,non_christian,non_christian
IT-LAT0407,Quaestiones,"Caecilius Africanus, Sextus",150,125.0,175.0,prose,lat_0150_IT-LAT0407.txt,,full_fit_unlabeled,0.065576338,-2.656715012,0.602,non_christian,non_christian,0.078669975,-2.460556731,0.713,non_christian,non_christian
MQDQ-213,fragmentum,Marullus,170,161.0,180.0,poetry,lat_0050.0_MQDQ-213.txt,non_christian,cross_fitted_labeled,0.024988966,-3.664014439,0.192,non_christian,non_christian,0.002901418,-5.839649942,0.151,non_christian,non_christian
IT-LAT0044,Acta martyrum scillitanorum,[Auctor incertus],180,180.0,180.0,prose,lat_0180_IT-LAT0044.txt,,full_fit_unlabeled,0.735276539,1.021560934,0.888,christian,christian,0.690013636,0.800183051,0.815,christian,christian
MQDQ-335,carminum fragmenta,"Apuleius, Lucius",170,150.0,190.0,poetry,lat_0147_MQDQ-335.txt,non_christian,cross_fitted_labeled,0.041362288,-3.143143676,0.4,non_christian,non_christian,0.012318458,-4.38426154,0.499,non_christian,non_christian
IT-LAT0043,Metamorphoses,"Apuleius, Lucius",170,150.0,190.0,prose,lat_0158_IT-LAT0043.txt,,full_fit_unlabeled,0.225328967,-1.234877055,0.798,christian,christian,0.501529767,0.006119089,0.795,christian,christian
IT-LAT0360,Noctes Atticae,"Gellius, Aulus",175,160.0,190.0,prose,lat_0150_IT-LAT0360.txt,non_christian,cross_fitted_labeled,0.243208382,-1.135169327,0.804,christian,christian,0.033556443,-3.360393999,0.653,non_christian,non_christian
IT-LAT0062,Ad martyres,"Tertullianus, Quintus Septimius Florens",197,196.0,197.0,prose,lat_0197_IT-LAT0062.txt,christian,cross_fitted_labeled,0.683703649,0.77084497,0.881,christian,christian,0.98322167,4.070746396,0.875,christian,christian
IT-LAT0246,Apologeticum,"Tertullianus, Quintus Septimius Florens",197,196.0,197.0,prose,lat_0197_IT-LAT0246.txt,christian,cross_fitted_labeled,0.784289911,1.290843411,0.899,christian,christian,0.98095819,3.941892732,0.87,christian,christian
IT-LAT0448,Ad nationes,"Tertullianus, Quintus Septimius Florens",197,196.0,197.0,prose,lat_0197_IT-LAT0448.txt,,full_fit_unlabeled,0.491084136,-0.035667236,0.852,christian,christian,0.985712249,4.23396188,0.88,christian,christian
IT-LAT0737,Adversus Iudaeos,"Tertullianus, Quintus Septimius Florens",197,197.0,197.0,prose,lat_0198_IT-LAT0737.txt,,full_fit_unlabeled,0.992036472,4.824887733,0.997,christian,christian,0.999993832,11.99612284,0.997,christian,christian
IT-LAT0058,De spectaculis,"Tertullianus, Quintus Septimius Florens",197,196.0,197.0,prose,lat_0199_IT-LAT0058.txt,christian,cross_fitted_labeled,0.864254495,1.851085437,0.922,christian,christian,0.989028773,4.501447316,0.89,christian,christian
IT-LAT0248,De testimonio animae,"Tertullianus, Quintus Septimius Florens",198,197.0,198.0,prose,lat_0198_IT-LAT0248.txt,,full_fit_unlabeled,0.481089367,-0.07567863,0.851,christian,christian,0.977507341,3.771816812,0.867,christian,christian
MQDQ-345,carmina Priapea,[Auctor incertus],87,-27.0,200.0,poetry,lat_0150.0_MQDQ-345.txt,,full_fit_unlabeled,0.051662166,-2.909985099,0.518,non_christian,non_christian,0.002472972,-5.999858777,0.106,non_christian,non_christian
IT-LAT0051,Fabulae,"Hyginus, Gaius Iulius",88,-25.0,200.0,prose,lat_0050_IT-LAT0051.txt,non_christian,cross_fitted_labeled,0.053827035,-2.866649537,0.534,non_christian,non_christian,0.013688918,-4.277385183,0.521,non_christian,non_christian
IT-LAT0355,De astronomia,"Hyginus, Gaius Iulius",88,-25.0,200.0,prose,lat_0050_IT-LAT0355.txt,,full_fit_unlabeled,0.05317003,-2.879624648,0.528,non_christian,non_christian,0.005834931,-5.138040864,0.336,non_christian,non_christian
IT-LAT0784,Declamationes,Calpurnius Flaccus,137,75.0,200.0,prose,lat_0100_IT-LAT0784.txt,,full_fit_unlabeled,0.051305383,-2.917291267,0.517,non_christian,non_christian,0.13585991,-1.850110617,0.738,non_christian,non_christian
IT-LAT0348,Constitutio limitum,Hyginus: Gromaticus,145,75.0,200.0,prose,lat_0100_IT-LAT0348.txt,,full_fit_unlabeled,0.036213325,-3.281442831,0.34,non_christian,non_christian,0.005035301,-5.286234002,0.292,non_christian,non_christian
MQDQ-436,*epigrammata,Pseudo-Seneca,150,100.0,200.0,poetry,lat_+0034_MQDQ-436.txt,,full_fit_unlabeled,0.045624393,-3.040614814,0.46,non_christian,non_christian,0.004249631,-5.456664512,0.247,non_christian,non_christian
MQDQ-394,Amphitruo,argumenta Plautina,150,100.0,200.0,poetry,lat_0050.0_MQDQ-394.txt,non_christian,cross_fitted_labeled,0.044374412,-3.069703196,0.441,non_christian,non_christian,0.007318665,-4.909981699,0.379,non_christian,non_christian
MQDQ-395,Asinaria,argumenta Plautina,150,100.0,200.0,poetry,lat_0050.0_MQDQ-395.txt,non_christian,cross_fitted_labeled,0.023317423,-3.734960871,0.065,non_christian,non_christian,0.003184982,-5.746118588,0.172,non_christian,non_christian
MQDQ-396,Aulularia,argumenta Plautina,150,100.0,200.0,poetry,lat_0050.0_MQDQ-396.txt,,full_fit_unlabeled,0.024296978,-3.692806275,0.097,non_christian,non_christian,0.003876932,-5.548826685,0.227,non_christian,non_christian
MQDQ-397,Captiui,argumenta Plautina,150,100.0,200.0,poetry,lat_0050.0_MQDQ-397.txt,non_christian,cross_fitted_labeled,0.059340248,-2.763293692,0.569,non_christian,non_christian,0.035943313,-3.289207037,0.658,non_christian,non_christian
MQDQ-398,Casina,argumenta Plautina,150,100.0,200.0,poetry,lat_0050.0_MQDQ-398.txt,,full_fit_unlabeled,0.05833172,-2.781507045,0.563,non_christian,non_christian,0.016694283,-4.075853731,0.558,non_christian,non_christian
MQDQ-399,Cistellaria,argumenta Plautina,150,100.0,200.0,poetry,lat_0050.0_MQDQ-399.txt,non_christian,cross_fitted_labeled,0.023317423,-3.734960871,0.065,non_christian,non_christian,0.003157263,-5.75488735,0.17,non_christian,non_christian
MQDQ-400,Curculio,argumenta Plautina,150,100.0,200.0,poetry,lat_0050.0_MQDQ-400.txt,,full_fit_unlabeled,0.024296978,-3.692806275,0.097,non_christian,non_christian,0.005635211,-5.173069596,0.324,non_christian,non_christian
MQDQ-401,Epidicus,argumenta Plautina,150,100.0,200.0,poetry,lat_0050.0_MQDQ-401.txt,,full_fit_unlabeled,0.024296978,-3.692806275,0.097,non_christian,non_christian,0.003521257,-5.645409843,0.197,non_christian,non_christian
MQDQ-402,Menaechmi,argumenta Plautina,150,100.0,200.0,poetry,lat_0050.0_MQDQ-402.txt,,full_fit_unlabeled,0.024296978,-3.692806275,0.097,non_christian,non_christian,0.007791098,-4.846951847,0.39,non_christian,non_christian
MQDQ-403,Mercator,argumenta Plautina,150,100.0,200.0,poetry,lat_0050.0_MQDQ-403.txt,non_christian,cross_fitted_labeled,0.02177329,-3.805057466,0.006,non_christian,non_christian,0.002598854,-5.950082551,0.121,non_christian,non_christian
MQDQ-404,Miles gloriosus,argumenta Plautina,150,100.0,200.0,poetry,lat_0050.0_MQDQ-404.txt,non_christian,cross_fitted_labeled,0.053532104,-2.8724555,0.531,non_christian,non_christian,0.002271713,-6.084946873,0.084,non_christian,non_christian
MQDQ-405,Mostellaria,argumenta Plautina,150,100.0,200.0,poetry,lat_0050.0_MQDQ-405.txt,non_christian,cross_fitted_labeled,0.023317423,-3.734960871,0.065,non_christian,non_christian,0.00191621,-6.255487855,0.066,non_christian,non_christian
MQDQ-408,Pseudolus,argumenta Plautina,150,100.0,200.0,poetry,lat_0050.0_MQDQ-408.txt,non_christian,cross_fitted_labeled,0.023317423,-3.734960871,0.065,non_christian,non_christian,0.002268442,-6.086390957,0.083,non_christian,non_christian
MQDQ-409,Rudens,argumenta Plautina,150,100.0,200.0,poetry,lat_0050.0_MQDQ-409.txt,,full_fit_unlabeled,0.056644524,-2.812647857,0.55,non_christian,non_christian,0.009722277,-4.623565611,0.444,non_christian,non_christian
MQDQ-410,Stichus,argumenta Plautina,150,100.0,200.0,poetry,lat_0050.0_MQDQ-410.txt,,full_fit_unlabeled,0.024296978,-3.692806275,0.097,non_christian,non_christian,0.003626069,-5.615973529,0.211,non_christian,non_christian
MQDQ-411,Trinummus,argumenta Plautina,150,100.0,200.0,poetry,lat_0050.0_MQDQ-411.txt,non_christian,cross_fitted_labeled,0.02177329,-3.805057466,0.006,non_christian,non_christian,0.00734415,-4.90647994,0.381,non_christian,non_christian
MQDQ-412,Truculentus,argumenta Plautina,150,100.0,200.0,poetry,lat_0050.0_MQDQ-412.txt,,full_fit_unlabeled,0.049013763,-2.965398458,0.503,non_christian,non_christian,0.008263451,-4.787615184,0.404,non_christian,non_christian
IT-LAT0934,Declamationes maiores,Pseudo-Quintilian,150,100.0,200.0,prose,lat_0067_IT-LAT0934.txt,non_christian,cross_fitted_labeled,0.137312574,-1.837792543,0.753,christian,non_christian,0.470133115,-0.119609938,0.792,christian,christian
IT-LAT0916,De verbis dubiis,"Caper, Flavius",150,100.0,200.0,prose,lat_0150_IT-LAT0916.txt,,full_fit_unlabeled,0.026404162,-3.607474612,0.225,non_christian,non_christian,0.004201398,-5.468127733,0.243,non_christian,non_christian
MQDQ-490,"*de orthographia, uersus inserti","Caper, Flavius",150,100.0,200.0,poetry,lat_0150.0_MQDQ-490.txt,non_christian,cross_fitted_labeled,0.024988966,-3.664014439,0.192,non_christian,non_christian,0.01397848,-4.25615914,0.526,non_christian,non_christian
MQDQ-240,incerti odarium,[Auctor incertus],175,150.0,200.0,poetry,lat_0150.0_MQDQ-240.txt,non_christian,cross_fitted_labeled,0.049945897,-2.945578578,0.509,non_christian,non_christian,0.012233434,-4.391273674,0.498,non_christian,non_christian
MQDQ-138,Medea tragoedia,Hosidius Gaetae,188,173.0,203.0,poetry,lat_0250.0_MQDQ-138.txt,non_christian,cross_fitted_labeled,0.08466199,-2.380626665,0.682,non_christian,non_christian,0.298314543,-0.855336792,0.774,christian,christian
IT-LAT0749,Ad uxorem libri duo,"Tertullianus, Quintus Septimius Florens",198,198.0,203.0,prose,lat_0198_IT-LAT0749.txt,,full_fit_unlabeled,0.935667226,2.677190685,0.958,christian,christian,0.999098643,7.010707895,0.933,christian,christian
IT-LAT0256,De Baptismo,"Tertullianus, Quintus Septimius Florens",200,198.0,203.0,prose,lat_0198_IT-LAT0256.txt,christian,cross_fitted_labeled,0.952961654,3.008611526,0.967,christian,christian,0.999912705,9.346130374,0.97,christian,christian
IT-LAT0350,De oratione,"Tertullianus, Quintus Septimius Florens",201,198.0,203.0,prose,lat_0205_IT-LAT0350.txt,,full_fit_unlabeled,0.985569943,4.223906741,0.987,christian,christian,0.999986524,11.21456742,0.989,christian,christian
IT-LAT0750,De cultu feminarum libri duo,"Tertullianus, Quintus Septimius Florens",201,196.0,206.0,prose,lat_0198_IT-LAT0750.txt,christian,cross_fitted_labeled,0.940927708,2.768104322,0.961,christian,christian,0.995731014,5.452100742,0.907,christian,christian
IT-LAT0606,De resurrectione carnis liber,"Tertullianus, Quintus Septimius Florens",206,206.0,207.0,prose,lat_0210_IT-LAT0606.txt,,full_fit_unlabeled,0.967844567,3.404490082,0.973,christian,christian,0.999993684,11.97238272,0.996,christian,christian
IT-LAT0733,Liber de corona militis,"Tertullianus, Quintus Septimius Florens",208,208.0,208.0,prose,lat_0210_IT-LAT0733.txt,,full_fit_unlabeled,0.265598213,-1.017071582,0.812,christian,christian,0.076643683,-2.488848009,0.711,non_christian,non_christian
IT-LAT0744,De exhortatione castitatis,"Tertullianus, Quintus Septimius Florens",208,208.0,209.0,prose,lat_0205_IT-LAT0744.txt,,full_fit_unlabeled,0.889978591,2.090522433,0.934,christian,christian,0.999252746,7.198358286,0.939,christian,christian
IT-LAT0736,De virginibus velandis,"Tertullianus, Quintus Septimius Florens",208,208.0,209.0,prose,lat_0213_IT-LAT0736.txt,,full_fit_unlabeled,0.850006519,1.734652182,0.915,christian,christian,0.998389594,6.429657525,0.925,christian,christian
IT-LAT0747,Liber de fuga in persecutione,"Tertullianus, Quintus Septimius Florens",208,208.0,209.0,prose,lat_0213_IT-LAT0747.txt,christian,cross_fitted_labeled,0.965773329,3.339923974,0.971,christian,christian,0.999608998,7.846407873,0.953,christian,christian
IT-LAT0755,Liber de monogamia,"Tertullianus, Quintus Septimius Florens",210,210.0,211.0,prose,lat_0213_IT-LAT0755.txt,,full_fit_unlabeled,0.970632799,3.498069792,0.975,christian,christian,0.999937713,9.683697706,0.974,christian,christian
IT-LAT0788,Adversus Praxean,"Tertullianus, Quintus Septimius Florens",210,210.0,211.0,prose,lat_0213_IT-LAT0788.txt,,full_fit_unlabeled,0.982834222,4.04752271,0.984,christian,christian,0.999993973,12.01925013,0.998,christian,christian
MQDQ-491,"*ignoti uersus ap. Tert. apol. 25, 8","Tertullianus, Quintus Septimius Florens",198,198.0,213.0,poetry,lat_0190_MQDQ-491.txt,,full_fit_unlabeled,0.024296978,-3.692806275,0.097,non_christian,non_christian,0.006503777,-5.028847246,0.359,non_christian,non_christian
IT-LAT0471,Passio Sanctarum Perpetuae et Felicitatis,[Auctor incertus],207,203.0,213.0,prose,lat_0200_IT-LAT0471.txt,christian,cross_fitted_labeled,0.808750881,1.441914069,0.903,christian,christian,0.986040958,4.257570416,0.881,christian,christian
IT-LAT0746,De anima liber,"Tertullianus, Quintus Septimius Florens",211,210.0,213.0,prose,lat_0210_IT-LAT0746.txt,christian,cross_fitted_labeled,0.916059706,2.389975781,0.947,christian,christian,0.999226977,7.16442801,0.938,christian,christian
IT-LAT0347,De munitionibus castrorum,Pseudo-Hyginus,165,98.0,225.0,prose,lat_0100_IT-LAT0347.txt,non_christian,cross_fitted_labeled,0.029318978,-3.499762888,0.246,non_christian,non_christian,0.009242981,-4.674604837,0.427,non_christian,non_christian
LC-1,De natura animalium,"Aelianus, Claudius",199,180.0,238.0,prose,lat_0200_LC-1.txt,,full_fit_unlabeled,0.137051031,-1.840002208,0.752,christian,non_christian,0.073561743,-2.533222311,0.709,non_christian,non_christian
MQDQ-152,carminum fragmenta,Alfius Auitus,200,150.0,250.0,poetry,lat_0100.0_MQDQ-152.txt,,full_fit_unlabeled,0.024296978,-3.692806275,0.097,non_christian,non_christian,0.022037513,-3.79272517,0.604,non_christian,non_christian
IT-LAT0201,Epitome Historiarum Philippicarum Pompei Trogi,"Iustinus Iunianus, Marcus",200,150.0,250.0,prose,lat_0250_IT-LAT0201.txt,non_christian,cross_fitted_labeled,0.109695716,-2.093852978,0.722,non_christian,non_christian,0.050171925,-2.94082538,0.677,non_christian,non_christian
IT-LAT0267,Octavius,"Minucius Felix, Marcus",205,160.0,250.0,prose,lat_0150_IT-LAT0267.txt,,full_fit_unlabeled,0.431651464,-0.275116384,0.845,christian,christian,0.921860655,2.467900377,0.845,christian,christian
IT-LAT0865,De Trinitate,Novatianus,240,230.0,250.0,prose,lat_0250_IT-LAT0865.txt,christian,cross_fitted_labeled,0.925700335,2.522444122,0.951,christian,christian,0.999946114,9.828587027,0.978,christian,christian
IT-LAT0059,De unitate ecclesiae,Cyprianus Carthaginensis,251,251.0,251.0,prose,lat_0251_IT-LAT0059.txt,christian,cross_fitted_labeled,0.973344137,3.59772859,0.978,christian,christian,0.999976407,10.65452254,0.984,christian,christian
IT-LAT0893,Curae boum,"Gargilius Martialis, Quintus",230,200.0,260.0,prose,lat_0260_IT-LAT0893.txt,non_christian,cross_fitted_labeled,0.02318622,-3.740737899,0.05,non_christian,non_christian,0.008834011,-4.720272849,0.419,non_christian,non_christian
IT-LAT0895,Medicina ex oleribus et pomis,"Gargilius Martialis, Quintus",230,200.0,260.0,prose,lat_0260_IT-LAT0895.txt,non_christian,cross_fitted_labeled,0.033007704,-3.377449538,0.288,non_christian,non_christian,0.016966517,-4.059401367,0.562,non_christian,non_christian
IT-LAT0896,Vita Alexandri Severi,"Gargilius Martialis, Quintus",230,200.0,260.0,prose,lat_0260_IT-LAT0896.txt,non_christian,cross_fitted_labeled,0.048917858,-2.967457908,0.499,non_christian,non_christian,0.017856938,-4.007344891,0.572,non_christian,non_christian
MQDQ-439,carminum fragmenta,Septimius Serenus,225,175.0,275.0,poetry,lat_0100.0_MQDQ-439.txt,non_christian,cross_fitted_labeled,0.059359795,-2.762943568,0.571,non_christian,non_christian,0.010174498,-4.577644304,0.455,non_christian,non_christian
MQDQ-41,carmen de duobus populis,Commodianus,250,225.0,275.0,poetry,lat_0250.0_MQDQ-41.txt,christian,cross_fitted_labeled,0.993194329,4.983170079,0.998,christian,christian,0.999943438,9.780123325,0.976,christian,christian
MQDQ-39,instructiones 1,Commodianus,250,225.0,275.0,poetry,lat_0250.0_MQDQ-39.txt,christian,cross_fitted_labeled,0.919015206,2.429041261,0.948,christian,christian,0.997663712,6.056853068,0.912,christian,christian
MQDQ-40,instructiones 2,Commodianus,250,225.0,275.0,poetry,lat_0250.0_MQDQ-40.txt,christian,cross_fitted_labeled,0.870169184,1.902455472,0.928,christian,christian,0.998337154,6.397560683,0.924,christian,christian
IT-LAT0846,Acta,Acholius,250,220.0,280.0,prose,lat_0250_IT-LAT0846.txt,,full_fit_unlabeled,0.040345049,-3.169105113,0.388,non_christian,non_christian,0.020535893,-3.864831349,0.593,non_christian,non_christian
MQDQ-232,eclogae,Nemesianus,279,275.0,283.0,poetry,lat_0250.0_MQDQ-232.txt,non_christian,cross_fitted_labeled,0.030480996,-3.459696681,0.259,non_christian,non_christian,0.007856314,-4.838550457,0.394,non_christian,non_christian
MQDQ-233,cynegetica,Nemesianus,283,283.0,284.0,poetry,lat_0250.0_MQDQ-233.txt,non_christian,cross_fitted_labeled,0.074283103,-2.522684946,0.648,non_christian,non_christian,0.015296395,-4.164723497,0.544,non_christian,non_christian
MQDQ-377,distichorum appendix,pseudo Cato,225,150.0,300.0,poetry,lat_0300.0_MQDQ-377.txt,,full_fit_unlabeled,0.024296978,-3.692806275,0.097,non_christian,non_christian,0.005541274,-5.189974102,0.317,non_christian,non_christian
MQDQ-558,"de litteris, de syllabis, de metris",Terentianus Maurus,237,175.0,300.0,poetry,lat_0250.0_MQDQ-558.txt,,full_fit_unlabeled,0.068870162,-2.604175712,0.621,non_christian,non_christian,0.023876719,-3.710685016,0.618,non_christian,non_christian
IT-LAT0204,Disticha Catonis,[Auctor incertus],250,200.0,300.0,poetry,lat_0250_IT-LAT0204.txt,non_christian,cross_fitted_labeled,0.043723217,-3.085168144,0.436,non_christian,non_christian,0.12058505,-1.986901541,0.735,non_christian,non_christian
IT-LAT0913,Fragmentum de metriis,Censorinus,250,200.0,300.0,prose,lat_0250_IT-LAT0913.txt,,full_fit_unlabeled,0.059044497,-2.768604506,0.568,non_christian,non_christian,0.014453834,-4.222236273,0.532,non_christian,non_christian
IT-LAT0914,De musica fragmentum,Censorinus,250,200.0,300.0,prose,lat_0250_IT-LAT0914.txt,non_christian,cross_fitted_labeled,0.026911336,-3.587927603,0.228,non_christian,non_christian,0.006176852,-5.080750504,0.35,non_christian,non_christian
MQDQ-107,carminum fragmenta,Albinus,250,200.0,300.0,poetry,lat_0300.0_MQDQ-107.txt,non_christian,cross_fitted_labeled,0.02177329,-3.805057466,0.006,non_christian,non_christian,0.011736869,-4.43321387,0.489,non_christian,non_christian
IT-LAT0621,Sententiarum receptarum libri quinque,"Paulus, Julius",275,250.0,300.0,prose,lat_0250_IT-LAT0621.txt,,full_fit_unlabeled,0.061319837,-2.728371417,0.577,non_christian,non_christian,0.306911053,-0.814600364,0.775,christian,christian
MQDQ-234,de aucupio,Nemesianus,287,275.0,300.0,poetry,lat_0250.0_MQDQ-234.txt,non_christian,cross_fitted_labeled,0.024988966,-3.664014439,0.192,non_christian,non_christian,0.011062426,-4.493076886,0.481,non_christian,non_christian
IT-LAT0264,Adversus nationes,Arnobius,297,295.0,300.0,prose,lat_0300_IT-LAT0264.txt,christian,cross_fitted_labeled,0.40475367,-0.385696661,0.836,christian,christian,0.480756692,-0.077011271,0.793,christian,christian
MQDQ-157,de aue Phoenice,"Lactantius, Lucius Caecilius Firmianus",303,303.0,304.0,poetry,lat_0300.0_MQDQ-157.txt,,full_fit_unlabeled,0.057009722,-2.805834162,0.554,non_christian,non_christian,0.08850117,-2.332074534,0.725,non_christian,non_christian
MQDQ-289,carminum fragmenta,Paulus Quaestor,312,312.0,312.0,poetry,lat_0350.0_MQDQ-289.txt,non_christian,cross_fitted_labeled,0.022378719,-3.777011889,0.026,non_christian,non_christian,0.003231064,-5.73170756,0.181,non_christian,non_christian
MQDQ-158,e Graecis conuersa,"Lactantius, Lucius Caecilius Firmianus",308,303.0,313.0,poetry,lat_0300.0_MQDQ-158.txt,non_christian,cross_fitted_labeled,0.02177329,-3.805057466,0.006,non_christian,non_christian,0.032359252,-3.397960909,0.645,non_christian,non_christian
IT-LAT0268,De mortibus persecutorum,"Lactantius, Lucius Caecilius Firmianus",317,317.0,318.0,prose,lat_0318_IT-LAT0268.txt,christian,cross_fitted_labeled,0.453142295,-0.187982437,0.847,christian,christian,0.673041987,0.721975952,0.812,christian,christian
MQDQ-1,laudes Domini,laudes Domini,321,317.0,324.0,poetry,lat_0321_MQDQ-1.txt,christian,cross_fitted_labeled,0.280377298,-0.942590861,0.815,christian,christian,0.94148794,2.778228652,0.849,christian,christian
IT-LAT0665,De mirabilibus mundi,"Solinus, Caius Iulius",300,275.0,325.0,prose,lat_0250_IT-LAT0665.txt,non_christian,cross_fitted_labeled,0.128354344,-1.915588235,0.747,christian,non_christian,0.021163383,-3.834092257,0.6,non_christian,non_christian
MQDQ-499,carmina,Tiberianus,300,275.0,325.0,poetry,lat_0300.0_MQDQ-499.txt,non_christian,cross_fitted_labeled,0.052284215,-2.897360138,0.526,non_christian,non_christian,0.050593704,-2.932009693,0.679,non_christian,non_christian
MQDQ-500,carminum fragmenta,Tiberianus,300,275.0,325.0,poetry,lat_0300.0_MQDQ-500.txt,non_christian,cross_fitted_labeled,0.030173969,-3.470137107,0.252,non_christian,non_christian,0.005326258,-5.229765944,0.306,non_christian,non_christian
MQDQ-151,euangeliorum libri,Vettius Aquilinus Iuuencus,330,330.0,330.0,poetry,lat_0350.0_MQDQ-151.txt,christian,cross_fitted_labeled,0.653174423,0.633022209,0.874,christian,christian,0.999379036,7.383616396,0.943,christian,christian
MQDQ-241,carmina,Publilius Optatianus Porfyrius,321,306.0,337.0,poetry,lat_0300.0_MQDQ-241.txt,non_christian,cross_fitted_labeled,0.296706816,-0.863029351,0.817,christian,christian,0.573486665,0.29609105,0.804,christian,christian
IT-LAT0886,Epistulae de iure civitatis Orcistenorum,Ablabius,331,326.0,337.0,prose,lat_0330_IT-LAT0886.txt,,full_fit_unlabeled,0.037224566,-3.252851257,0.349,non_christian,non_christian,0.012357748,-4.381037324,0.501,non_christian,non_christian
LC-11,Matheseos libri VIII,Iulius Firmicus Maternus,335,334.0,337.0,prose,lat_0350_LC-11.txt,non_christian,cross_fitted_labeled,0.153670619,-1.706097153,0.763,christian,non_christian,0.745176808,1.073051575,0.822,christian,christian
MQDQ-166,epigramma,Ablabius,332,326.0,338.0,poetry,lat_0331_MQDQ-166.txt,non_christian,cross_fitted_labeled,0.023317423,-3.734960871,0.065,non_christian,non_christian,0.005539092,-5.19037029,0.315,non_christian,non_christian
MQDQ-540,*uersus Aeneidos libro primo praemissi,Pseudo-Virgil,174,19.0,350.0,poetry,lat_-0043_MQDQ-540.txt,non_christian,cross_fitted_labeled,0.024988966,-3.664014439,0.192,non_christian,non_christian,0.001817835,-6.30828949,0.055,non_christian,non_christian
MQDQ-580,filius ad patrem,"Ausonius, Decimus Magnus",342,334.0,350.0,poetry,lat_0352_MQDQ-580.txt,,full_fit_unlabeled,0.022457587,-3.773413189,0.046,non_christian,non_christian,0.006431519,-5.040092189,0.354,non_christian,non_christian
IT-LAT0233,Periegesis seu descriptio orbis terrarum,"Avienus, Rufius Festus",350,340.0,360.0,poetry,lat_0350_IT-LAT0233.txt,non_christian,cross_fitted_labeled,0.040565256,-3.163432365,0.394,non_christian,non_christian,0.016641724,-4.079060464,0.555,non_christian,non_christian
MQDQ-569,Aratea,"Avienus, Rufius Festus",350,340.0,360.0,poetry,lat_0350.0_MQDQ-569.txt,non_christian,cross_fitted_labeled,0.080097162,-2.441027633,0.675,non_christian,non_christian,0.140486596,-1.811254334,0.739,non_christian,non_christian
MQDQ-570,carmen ad Flauianum,"Avienus, Rufius Festus",350,340.0,360.0,poetry,lat_0350.0_MQDQ-570.txt,,full_fit_unlabeled,0.02911893,-3.506815484,0.245,non_christian,non_christian,0.003926215,-5.536145414,0.231,non_christian,non_christian
MQDQ-571,carmen ad Nortiam,"Avienus, Rufius Festus",350,340.0,360.0,poetry,lat_0350.0_MQDQ-571.txt,,full_fit_unlabeled,0.06720455,-2.630444982,0.613,non_christian,non_christian,0.022737208,-3.760752898,0.612,non_christian,non_christian
MQDQ-573,ora maritima,"Avienus, Rufius Festus",350,340.0,360.0,poetry,lat_0350.0_MQDQ-573.txt,non_christian,cross_fitted_labeled,0.055235525,-2.839329345,0.541,non_christian,non_christian,0.022098075,-3.789918881,0.605,non_christian,non_christian
MQDQ-350,cento Vergilianus,Faltonia Betitia Proba,360,360.0,360.0,poetry,lat_0350.0_MQDQ-350.txt,,full_fit_unlabeled,0.24746829,-1.112160681,0.806,christian,christian,0.927501667,2.54893102,0.847,christian,christian
MQDQ-617,hymni,Marius Victorinus,360,356.0,362.0,poetry,lat_0362_MQDQ-617.txt,,full_fit_unlabeled,0.9694248,3.456513683,0.974,christian,christian,0.999748005,8.285847686,0.96,christian,christian
MQDQ-592,griphus ternarii numeri,"Ausonius, Decimus Magnus",368,368.0,368.0,poetry,lat_0352_MQDQ-592.txt,,full_fit_unlabeled,0.022457342,-3.773424311,0.044,non_christian,non_christian,0.008564865,-4.751485189,0.412,non_christian,non_christian
MQDQ-581,uersus Paschales,"Ausonius, Decimus Magnus",368,368.0,368.0,poetry,lat_0352_MQDQ-581.txt,,full_fit_unlabeled,0.840111472,1.659057716,0.911,christian,christian,0.981693019,3.981996186,0.872,christian,christian
MQDQ-595,cento nuptialis,"Ausonius, Decimus Magnus",368,368.0,369.0,poetry,lat_0352_MQDQ-595.txt,,full_fit_unlabeled,0.035832901,-3.292398132,0.326,non_christian,non_christian,0.006701996,-4.998625282,0.365,non_christian,non_christian
IT-LAT0115,Breviarium ab Urbe condita,Eutropius,369,369.0,370.0,prose,lat_0350_IT-LAT0115.txt,,full_fit_unlabeled,0.046427475,-3.022324055,0.472,non_christian,non_christian,0.001906846,-6.260396112,0.065,non_christian,non_christian
MQDQ-593,Mosella,"Ausonius, Decimus Magnus",371,371.0,371.0,poetry,lat_0352_MQDQ-593.txt,,full_fit_unlabeled,0.04866795,-2.972842466,0.495,non_christian,non_christian,0.011313645,-4.470367607,0.485,non_christian,non_christian
IT-LAT0574,De Bissula,"Ausonius, Decimus Magnus",371,371.0,372.0,poetry,lat_0385_IT-LAT0574.txt,,full_fit_unlabeled,0.03409074,-3.344044104,0.3,non_christian,non_christian,0.002861622,-5.853500973,0.143,non_christian,non_christian
IT-LAT0286,Testamentum porcelli,[Auctor incertus],350,325.0,375.0,prose,lat_0350_IT-LAT0286.txt,non_christian,cross_fitted_labeled,0.04515891,-3.051357321,0.455,non_christian,non_christian,0.022349386,-3.778353533,0.608,non_christian,non_christian
MQDQ-149,e Graecis conuersa,Iulius Valerius,356,337.0,375.0,poetry,lat_0338_MQDQ-149.txt,,full_fit_unlabeled,0.057195228,-2.802388773,0.555,non_christian,non_christian,0.076703293,-2.488006001,0.712,non_christian,non_christian
MQDQ-476,carmina epistulis inserta,Quintus Aurelius Symmachus,372,370.0,375.0,poetry,lat_0371_MQDQ-476.txt,,full_fit_unlabeled,0.035840053,-3.292191144,0.327,non_christian,non_christian,0.003451808,-5.665399383,0.189,non_christian,non_christian
MQDQ-477,Aradius Rufinus,Symmachus pater,375,375.0,375.0,poetry,lat_0376_MQDQ-477.txt,,full_fit_unlabeled,0.024296978,-3.692806275,0.097,non_christian,non_christian,0.006224164,-5.073072457,0.351,non_christian,non_christian
MQDQ-479,Anicius Iulianus,Symmachus pater,375,375.0,375.0,poetry,lat_0376_MQDQ-479.txt,non_christian,cross_fitted_labeled,0.034345899,-3.336323083,0.305,non_christian,non_christian,0.004567789,-5.384147839,0.26,non_christian,non_christian
MQDQ-480,Petronius Probianus,Symmachus pater,375,375.0,375.0,poetry,lat_0376_MQDQ-480.txt,non_christian,cross_fitted_labeled,0.047428699,-2.999937441,0.482,non_christian,non_christian,0.004580191,-5.381423764,0.261,non_christian,non_christian
MQDQ-478,Valerius Proculus,Symmachus pater,375,375.0,375.0,poetry,lat_0376_MQDQ-478.txt,,full_fit_unlabeled,0.024296978,-3.692806275,0.097,non_christian,non_christian,0.015452257,-4.154427305,0.548,non_christian,non_christian
MQDQ-481,Verinus,Symmachus pater,375,375.0,375.0,poetry,lat_0376_MQDQ-481.txt,non_christian,cross_fitted_labeled,0.019142748,-3.936502971,0.0,non_christian,non_christian,0.005254474,-5.243407113,0.302,non_christian,non_christian
IT-LAT0574_1,Epicedion in patrem,"Ausonius, Decimus Magnus",378,378.0,378.0,poetry,lat_0385_IT-LAT0574_1.txt,non_christian,cross_fitted_labeled,0.023997586,-3.705511801,0.092,non_christian,non_christian,0.054303684,-2.857329431,0.69,non_christian,non_christian
MQDQ-597,precationes variae,"Ausonius, Decimus Magnus",379,379.0,379.0,poetry,lat_0352_MQDQ-597.txt,non_christian,cross_fitted_labeled,0.035524791,-3.301353333,0.32,non_christian,non_christian,0.004857758,-5.322308722,0.275,non_christian,non_christian
IT-LAT0574_3,Gratiarum actio dicta Domino Gratiano Augusto,"Ausonius, Decimus Magnus",379,379.0,379.0,poetry,lat_0385_IT-LAT0574_3.txt,non_christian,cross_fitted_labeled,0.071669807,-2.56131793,0.639,non_christian,non_christian,0.220485303,-1.262840501,0.757,christian,non_christian
IT-LAT0574_7,Periocha Iliadis,Pseudo-Ausonius,355,330.0,380.0,poetry,lat_0385_IT-LAT0574_7.txt,non_christian,cross_fitted_labeled,0.061620278,-2.723163683,0.58,non_christian,non_christian,0.018823101,-3.953667891,0.58,non_christian,non_christian
IT-LAT0574_8,Periocha Odyssiae,Pseudo-Ausonius,355,330.0,380.0,poetry,lat_0385_IT-LAT0574_8.txt,,full_fit_unlabeled,0.024296978,-3.692806275,0.097,non_christian,non_christian,0.002803141,-5.874207643,0.138,non_christian,non_christian
MQDQ-579,ephemeris,"Ausonius, Decimus Magnus",374,368.0,380.0,poetry,lat_0352_MQDQ-579.txt,,full_fit_unlabeled,0.292754082,-0.882045491,0.816,christian,christian,0.827956745,1.571214985,0.831,christian,christian
MQDQ-583,de herediolo,"Ausonius, Decimus Magnus",379,379.0,380.0,poetry,lat_0352_MQDQ-583.txt,,full_fit_unlabeled,0.037285675,-3.251147511,0.35,non_christian,non_christian,0.008750067,-4.729905404,0.414,non_christian,non_christian
IT-LAT0878,Vita Pauli,Hieronymus,376,372.0,381.0,prose,lat_0400_IT-LAT0878.txt,,full_fit_unlabeled,0.864823164,1.855941234,0.924,christian,christian,0.989114339,4.509363533,0.892,christian,christian
IT-LAT0574_6,Parentalia,"Ausonius, Decimus Magnus",380,379.0,382.0,poetry,lat_0385_IT-LAT0574_6.txt,non_christian,cross_fitted_labeled,0.094373534,-2.261366256,0.703,non_christian,non_christian,0.051657968,-2.910070775,0.682,non_christian,non_christian
MQDQ-599,Caesares,"Ausonius, Decimus Magnus",381,379.0,383.0,poetry,lat_0352_MQDQ-599.txt,,full_fit_unlabeled,0.047190386,-3.005224915,0.48,non_christian,non_christian,0.020786352,-3.852453238,0.596,non_christian,non_christian
MQDQ-596,Cupido cruciatus,"Ausonius, Decimus Magnus",381,380.0,383.0,poetry,lat_0352_MQDQ-596.txt,,full_fit_unlabeled,0.034567059,-3.329675481,0.306,non_christian,non_christian,0.022795123,-3.758149713,0.613,non_christian,non_christian
MQDQ-598,fasti,"Ausonius, Decimus Magnus",381,379.0,383.0,poetry,lat_0352_MQDQ-598.txt,,full_fit_unlabeled,0.035702925,-3.296166797,0.323,non_christian,non_christian,0.013673204,-4.278549767,0.518,non_christian,non_christian
IT-LAT0574_4,Liber protrepticus ad nepotem,"Ausonius, Decimus Magnus",381,379.0,383.0,poetry,lat_0385_IT-LAT0574_4.txt,,full_fit_unlabeled,0.024128291,-3.699946096,0.094,non_christian,non_christian,0.001892379,-6.268026335,0.064,non_christian,non_christian
MQDQ-56,epigrammata,Damasus,373,366.0,384.0,poetry,lat_0384_MQDQ-56.txt,,full_fit_unlabeled,0.978366119,3.811623313,0.982,christian,christian,0.999965492,10.27428874,0.983,christian,christian
IT-LAT0719,Itinerarium peregrinatio,Egeria,384,381.0,384.0,prose,lat_0350_IT-LAT0719.txt,,full_fit_unlabeled,0.934282554,2.654414477,0.957,christian,christian,0.999226902,7.16433115,0.937,christian,christian
MQDQ-588,commemoratio professorum,"Ausonius, Decimus Magnus",385,385.0,385.0,poetry,lat_0352_MQDQ-588.txt,non_christian,cross_fitted_labeled,0.043636936,-3.087233658,0.432,non_christian,non_christian,0.087432546,-2.345394412,0.722,non_christian,non_christian
MQDQ-589,epitaphia heroum,"Ausonius, Decimus Magnus",385,385.0,385.0,poetry,lat_0352_MQDQ-589.txt,,full_fit_unlabeled,0.024157397,-3.698710674,0.096,non_christian,non_christian,0.014119341,-4.245989743,0.528,non_christian,non_christian
IT-LAT0263,Epistula ad Marcellinam sororem,Ambrosius Mediolanensis,385,385.0,386.0,prose,lat_0350_IT-LAT0263.txt,,full_fit_unlabeled,0.92685082,2.5392917,0.953,christian,christian,0.994346204,5.169758234,0.898,christian,christian
IT-LAT0574_2,Genethliacum ad Ausonium nepotem,"Ausonius, Decimus Magnus",387,387.0,387.0,poetry,lat_0385_IT-LAT0574_2.txt,non_christian,cross_fitted_labeled,0.02318622,-3.740737899,0.05,non_christian,non_christian,0.017888193,-4.005564278,0.573,non_christian,non_christian
IT-LAT0061,De dialectica,Augustinus Hipponensis,387,387.0,387.0,prose,lat_0387_IT-LAT0061.txt,,full_fit_unlabeled,0.078944162,-2.456779874,0.671,non_christian,non_christian,0.15751562,-1.676830495,0.745,christian,non_christian
MQDQ-584,pater ad filium,"Ausonius, Decimus Magnus",385,383.0,388.0,poetry,lat_0352_MQDQ-584.txt,,full_fit_unlabeled,0.022179636,-3.786151397,0.024,non_christian,non_christian,0.009446095,-4.652662896,0.439,non_christian,non_christian
IT-LAT0574_5,Ordo urbium nobilium,"Ausonius, Decimus Magnus",388,388.0,389.0,poetry,lat_0385_IT-LAT0574_5.txt,,full_fit_unlabeled,0.028768515,-3.519283277,0.241,non_christian,non_christian,0.004120828,-5.487571827,0.24,non_christian,non_christian
MQDQ-591,eclogae,"Ausonius, Decimus Magnus",365,340.0,390.0,poetry,lat_0352_MQDQ-591.txt,non_christian,cross_fitted_labeled,0.045857759,-3.03526834,0.467,non_christian,non_christian,0.017160745,-4.047821093,0.564,non_christian,non_christian
MQDQ-601,technopaegnion,"Ausonius, Decimus Magnus",389,388.0,390.0,poetry,lat_0352_MQDQ-601.txt,non_christian,cross_fitted_labeled,0.112697075,-2.063482972,0.727,non_christian,non_christian,0.054632527,-2.850944277,0.691,non_christian,non_christian
IT-LAT0793,De magistro,Augustinus Hipponensis,389,388.0,390.0,prose,lat_0389_IT-LAT0793.txt,christian,cross_fitted_labeled,0.189431598,-1.453707735,0.78,christian,christian,0.511547905,0.046199835,0.797,christian,christian
MQDQ-602,ludus septem sapientium,"Ausonius, Decimus Magnus",390,390.0,390.0,poetry,lat_0352_MQDQ-602.txt,,full_fit_unlabeled,0.033756247,-3.354250636,0.295,non_christian,non_christian,0.005304118,-5.233953458,0.305,non_christian,non_christian
IT-LAT0121,Rerum gestarum Libri,Ammianus Marcellinus,390,390.0,390.0,prose,lat_0362_IT-LAT0121.txt,,full_fit_unlabeled,0.206263386,-1.347597759,0.789,christian,christian,0.186855938,-1.470570357,0.752,christian,non_christian
IT-LAT0397,De fide et symbolo,Augustinus Hipponensis,393,393.0,393.0,prose,lat_0393_IT-LAT0397.txt,,full_fit_unlabeled,0.991213215,4.725680793,0.993,christian,christian,0.99998196,10.92288024,0.987,christian,christian
MQDQ-590,epigrammata,"Ausonius, Decimus Magnus",364,334.0,394.0,poetry,lat_0352_MQDQ-590.txt,,full_fit_unlabeled,0.077018587,-2.483562321,0.662,non_christian,non_christian,0.01773516,-4.014311853,0.571,non_christian,non_christian
MQDQ-603,epistulae,"Ausonius, Decimus Magnus",364,334.0,394.0,poetry,lat_0352_MQDQ-603.txt,non_christian,cross_fitted_labeled,0.133288764,-1.872187925,0.748,christian,non_christian,0.02605345,-3.621206226,0.627,non_christian,non_christian
MQDQ-578,praefationes,"Ausonius, Decimus Magnus",386,379.0,394.0,poetry,lat_0352_MQDQ-578.txt,non_christian,cross_fitted_labeled,0.030625143,-3.454830049,0.261,non_christian,non_christian,0.005336563,-5.227822544,0.309,non_christian,non_christian
MQDQ-512,psalmus contra partem Donati,Augustinus Hipponensis,393,393.0,394.0,poetry,lat_0392_MQDQ-512.txt,,full_fit_unlabeled,0.977960456,3.79263094,0.98,christian,christian,0.999067912,6.977150502,0.931,christian,christian
MQDQ-609,de mortibus boum,Severus Endelechius,391,387.0,395.0,poetry,lat_0350.0_MQDQ-609.txt,,full_fit_unlabeled,0.067668807,-2.623062786,0.614,non_christian,non_christian,0.316639233,-0.769259868,0.779,christian,christian
LC-9,Panegyricus Probino et Olybrio Consulibus,"Claudianus, Claudius",394,394.0,395.0,poetry,lat_0350_LC-9.txt,,full_fit_unlabeled,0.072171804,-2.553797142,0.641,non_christian,non_christian,0.010947268,-4.503657714,0.477,non_christian,non_christian
MQDQ-16,panegyricus dictus Honorio tertium consuli,"Claudianus, Claudius",395,395.0,395.0,poetry,lat_0400.0_MQDQ-16.txt,non_christian,cross_fitted_labeled,0.036268847,-3.279853217,0.341,non_christian,non_christian,0.00920658,-4.678587651,0.426,non_christian,non_christian
MQDQ-165,carmen ad Augustinum,Licentius,395,395.0,395.0,poetry,lat_0400.0_MQDQ-165.txt,non_christian,cross_fitted_labeled,0.11795367,-2.011952658,0.734,christian,non_christian,0.147914054,-1.751056006,0.743,non_christian,non_christian
MQDQ-281,carmen epist. 8 insertum,Paulinus Nolanus,396,396.0,396.0,poetry,lat_0392_MQDQ-281.txt,,full_fit_unlabeled,0.83636332,1.631414508,0.91,christian,christian,0.958653965,3.143553648,0.86,christian,christian
IT-LAT0410,Vita Sancti Martini episcopi et confessoris,"Severus, Sulpicius",396,396.0,396.0,prose,lat_0403_IT-LAT0410.txt,christian,cross_fitted_labeled,0.892589639,2.117470292,0.937,christian,christian,0.998538094,6.526551283,0.928,christian,christian
MQDQ-179,e Graecis conuersa,Ambrosius Mediolanensis,385,374.0,397.0,poetry,lat_0368_MQDQ-179.txt,,full_fit_unlabeled,0.024296978,-3.692806275,0.097,non_christian,non_christian,0.007535235,-4.880601509,0.383,non_christian,non_christian
MQDQ-180,hymni,Ambrosius Mediolanensis,385,374.0,397.0,poetry,lat_0368_MQDQ-180.txt,christian,cross_fitted_labeled,0.990107445,4.606031061,0.989,christian,christian,0.999827108,8.662670575,0.962,christian,christian
IT-LAT0847,De Mysteriis,Ambrosius Mediolanensis,385,374.0,397.0,prose,lat_0391_IT-LAT0847.txt,,full_fit_unlabeled,0.990735857,4.672296631,0.992,christian,christian,0.999993361,11.92254554,0.994,christian,christian
IT-LAT0843,Contra Ioannem Hierosolymitanum Episcopum ad Pammachium,Hieronymus,396,396.0,397.0,prose,lat_0400_IT-LAT0843.txt,christian,cross_fitted_labeled,0.980114362,3.897671522,0.983,christian,christian,0.999949237,9.888289773,0.979,christian,christian
MQDQ-27,de raptu Proserpinae,"Claudianus, Claudius",396,395.0,397.0,poetry,lat_0400.0_MQDQ-27.txt,,full_fit_unlabeled,0.075717677,-2.502005928,0.653,non_christian,non_christian,0.033481905,-3.362694885,0.652,non_christian,non_christian
MQDQ-15,in Rufinum,"Claudianus, Claudius",396,396.0,397.0,poetry,lat_0400.0_MQDQ-15.txt,,full_fit_unlabeled,0.071044272,-2.570757858,0.632,non_christian,non_christian,0.026865244,-3.589689146,0.632,non_christian,non_christian
MQDQ-17,panegyricus dictus Honorio quartum consuli,"Claudianus, Claudius",397,397.0,397.0,poetry,lat_0400.0_MQDQ-17.txt,,full_fit_unlabeled,0.06719862,-2.630539589,0.612,non_christian,non_christian,0.012135334,-4.399424335,0.496,non_christian,non_christian
IT-LAT0726,Vita Malchi monachi captivi,Hieronymus,395,392.0,398.0,prose,lat_0390_IT-LAT0726.txt,,full_fit_unlabeled,0.666016402,0.690222413,0.876,christian,christian,0.978857321,3.835092184,0.869,christian,christian
LC-8,Epithalamium de nuptiis Honorii et Mariae,"Claudianus, Claudius",397,397.0,398.0,poetry,lat_0350_LC-8.txt,,full_fit_unlabeled,0.043128681,-3.099480691,0.424,non_christian,non_christian,0.009267058,-4.671979055,0.428,non_christian,non_christian
IT-LAT0373,Fescennina dicta Honorio Augusto et Mariae,"Claudianus, Claudius",397,397.0,398.0,poetry,lat_0398_IT-LAT0373.txt,,full_fit_unlabeled,0.037607869,-3.242208676,0.358,non_christian,non_christian,0.00409498,-5.493889943,0.238,non_christian,non_christian
LC-4,De bello Gildonico,"Claudianus, Claudius",398,398.0,398.0,poetry,lat_0350_LC-4.txt,non_christian,cross_fitted_labeled,0.050679284,-2.930229475,0.513,non_christian,non_christian,0.017358059,-4.036187895,0.566,non_christian,non_christian
MQDQ-21,panegyricus dictus Mallio Theodoro consuli,"Claudianus, Claudius",398,398.0,398.0,poetry,lat_0400.0_MQDQ-21.txt,,full_fit_unlabeled,0.092318436,-2.285649757,0.698,non_christian,non_christian,0.059663849,-2.757511119,0.699,non_christian,non_christian
IT-LAT0403,De cathechizandis rudibus,Augustinus Hipponensis,399,399.0,399.0,prose,lat_0399_IT-LAT0403.txt,christian,cross_fitted_labeled,0.989262201,4.523189234,0.988,christian,christian,0.999955577,10.02170676,0.98,christian,christian
MQDQ-22,in Eutropium,"Claudianus, Claudius",399,399.0,399.0,poetry,lat_0400.0_MQDQ-22.txt,non_christian,cross_fitted_labeled,0.076326116,-2.493343906,0.655,non_christian,non_christian,0.069307438,-2.597376768,0.707,non_christian,non_christian
LC-3,Invectiva in Sallustium,Pseudo-Cicero,-1,-43.0,400.0,prose,lat_-0049_LC-3.txt,,full_fit_unlabeled,0.02820843,-3.53952047,0.236,non_christian,non_christian,0.010492028,-4.546592057,0.467,non_christian,non_christian
IT-LAT0337,De re coquinaria,"Apicius, Marcus Gavius",207,14.0,400.0,prose,lat_0420_IT-LAT0337.txt,,full_fit_unlabeled,0.028733376,-3.520541652,0.24,non_christian,non_christian,0.005109269,-5.27157657,0.296,non_christian,non_christian
IT-LAT0351,Liber memorialis,"Ampelius, Lucius",260,120.0,400.0,prose,lat_0300_IT-LAT0351.txt,,full_fit_unlabeled,0.033263151,-3.36947611,0.291,non_christian,non_christian,0.000317,-8.055902386,0.0,non_christian,non_christian
MQDQ-440,liber medicinalis,Quintus Serenus,287,175.0,400.0,poetry,lat_0350.0_MQDQ-440.txt,,full_fit_unlabeled,0.047980894,-2.987782209,0.489,non_christian,non_christian,0.058136621,-2.785064454,0.698,non_christian,non_christian
MQDQ-290,carmina (anth. Riese),Pentadius,300,200.0,400.0,poetry,lat_0300.0_MQDQ-290.txt,,full_fit_unlabeled,0.038726127,-3.211744874,0.37,non_christian,non_christian,0.007008723,-4.953566411,0.374,non_christian,non_christian
MQDQ-563,iudicium coci et pistoris,Vespa,337,275.0,400.0,poetry,lat_0300.0_MQDQ-563.txt,,full_fit_unlabeled,0.032937625,-3.37964737,0.287,non_christian,non_christian,0.008423579,-4.768261231,0.406,non_christian,non_christian
MQDQ-449,*argumenta Thebaidos,Pseudo-Statius,350,300.0,400.0,poetry,lat_0070_MQDQ-449.txt,non_christian,cross_fitted_labeled,0.036025219,-3.286845899,0.335,non_christian,non_christian,0.008819187,-4.721967331,0.417,non_christian,non_christian
MQDQ-293,peruigilium Veneris,[Auctor incertus],350,300.0,400.0,poetry,lat_0150.0_MQDQ-293.txt,,full_fit_unlabeled,0.039792087,-3.183481761,0.382,non_christian,non_christian,0.003882852,-5.547294874,0.228,non_christian,non_christian
MQDQ-492,*carmen aduersus Marcionem,Pseudo-Tertullian,350,300.0,400.0,poetry,lat_0190_MQDQ-492.txt,,full_fit_unlabeled,0.990531311,4.650251016,0.991,christian,christian,0.99999587,12.39724291,1.0,christian,christian
IT-LAT0361,De barbarismo,"Donatus, Aelius",350,300.0,400.0,prose,lat_0350_IT-LAT0361.txt,,full_fit_unlabeled,0.024296978,-3.692806275,0.097,non_christian,non_christian,0.009381376,-4.659603221,0.436,non_christian,non_christian
IT-LAT0362,De schematibus,"Donatus, Aelius",350,300.0,400.0,prose,lat_0350_IT-LAT0362.txt,,full_fit_unlabeled,0.032125007,-3.405468168,0.278,non_christian,non_christian,0.006996775,-4.955284549,0.373,non_christian,non_christian
IT-LAT0364,De solecismo,"Donatus, Aelius",350,300.0,400.0,prose,lat_0350_IT-LAT0364.txt,non_christian,cross_fitted_labeled,0.036106325,-3.284512922,0.338,non_christian,non_christian,0.014729618,-4.203055839,0.537,non_christian,non_christian
IT-LAT0365,De tropis,"Donatus, Aelius",350,300.0,400.0,prose,lat_0350_IT-LAT0365.txt,,full_fit_unlabeled,0.044961881,-3.055936223,0.449,non_christian,non_christian,0.015458113,-4.154042447,0.549,non_christian,non_christian
IT-LAT0366,De ceteriis vitiis,"Donatus, Aelius",350,300.0,400.0,prose,lat_0350_IT-LAT0366.txt,,full_fit_unlabeled,0.024296978,-3.692806275,0.097,non_christian,non_christian,0.005003265,-5.29264874,0.288,non_christian,non_christian
IT-LAT0367,Commentarii Vergiliani,"Donatus, Aelius",350,300.0,400.0,prose,lat_0350_IT-LAT0367.txt,,full_fit_unlabeled,0.036643909,-3.269175898,0.344,non_christian,non_christian,0.015794065,-4.132200947,0.553,non_christian,non_christian
IT-LAT0850,De viris illustribus urbis Romae,Auctor incertus (Aurelius Victor?),350,300.0,400.0,prose,lat_0350_IT-LAT0850.txt,,full_fit_unlabeled,0.042029752,-3.126438977,0.413,non_christian,non_christian,0.00151409,-6.491425341,0.035,non_christian,non_christian
IT-LAT0329,De nominibus Epitome,"Paris, Iulius",350,300.0,400.0,prose,lat_0400_IT-LAT0329.txt,non_christian,cross_fitted_labeled,0.030729762,-3.451311826,0.263,non_christian,non_christian,0.005909559,-5.125256944,0.341,non_christian,non_christian
IT-LAT0238,Prodigiorum Liber,"Obsequens, Iulius",375,350.0,400.0,prose,lat_0350_IT-LAT0238.txt,non_christian,cross_fitted_labeled,0.033886695,-3.35025866,0.297,non_christian,non_christian,0.006134754,-5.087631618,0.347,non_christian,non_christian
MQDQ-114,Alcestis Barcinonensis,[Auctor incertus],375,350.0,400.0,poetry,lat_0450.0_MQDQ-114.txt,non_christian,cross_fitted_labeled,0.027065693,-3.582049573,0.229,non_christian,non_christian,0.094428982,-2.260717666,0.726,non_christian,non_christian
MQDQ-10,e Graecis conuersa,Chalcidius,385,370.0,400.0,poetry,lat_0350.0_MQDQ-10.txt,non_christian,cross_fitted_labeled,0.072981144,-2.541772803,0.646,non_christian,non_christian,0.055205009,-2.839914266,0.693,non_christian,non_christian
IT-LAT1004,Regula ad monachos,"Macarius Alexandrinus Abbas Nitriensis, Sanctus",387,375.0,400.0,prose,lat_0395_IT-LAT1004.txt,,full_fit_unlabeled,0.407051832,-0.376166461,0.838,christian,christian,0.987193365,4.344902546,0.884,christian,christian
MQDQ-379,carmen ad quendam senatorem,pseudo Cyprianus,387,375.0,400.0,poetry,lat_0400.0_MQDQ-379.txt,,full_fit_unlabeled,0.088629492,-2.330484847,0.689,non_christian,non_christian,0.461625032,-0.153802343,0.79,christian,christian
IT-LAT0015,Confessiones,Augustinus Hipponensis,400,400.0,400.0,prose,lat_0399_IT-LAT0015.txt,,full_fit_unlabeled,0.421975659,-0.314668348,0.84,christian,christian,0.968846206,3.437169859,0.865,christian,christian
MQDQ-26,carmina minora,"Claudianus, Claudius",400,400.0,400.0,poetry,lat_0400.0_MQDQ-26.txt,,full_fit_unlabeled,0.195393445,-1.415338214,0.784,christian,christian,0.08384355,-2.391234589,0.718,non_christian,non_christian
MQDQ-23,de consulatu Stilichonis,"Claudianus, Claudius",400,399.0,400.0,poetry,lat_0400.0_MQDQ-23.txt,,full_fit_unlabeled,0.071065952,-2.570429399,0.634,non_christian,non_christian,0.010689837,-4.527714435,0.473,non_christian,non_christian
LC-5,De bello Gothico,"Claudianus, Claudius",402,402.0,402.0,poetry,lat_0350_LC-5.txt,non_christian,cross_fitted_labeled,0.04502245,-3.054526577,0.453,non_christian,non_christian,0.016688232,-4.076222428,0.557,non_christian,non_christian
MQDQ-25,panegyricus dictus Honorio sextum consuli,"Claudianus, Claudius",403,403.0,403.0,poetry,lat_0400.0_MQDQ-25.txt,,full_fit_unlabeled,0.038979346,-3.204963992,0.374,non_christian,non_christian,0.020907286,-3.846528636,0.598,non_christian,non_christian
MQDQ-116,carminum fragmenta,Hieronymus,383,380.0,404.0,poetry,lat_0383_MQDQ-116.txt,non_christian,cross_fitted_labeled,0.263555755,-1.027568589,0.811,christian,christian,0.196219034,-1.410095248,0.753,christian,non_christian
MQDQ-28,epigramma,"Claudianus, Claudius",399,394.0,404.0,poetry,lat_0400.0_MQDQ-28.txt,,full_fit_unlabeled,0.024296978,-3.692806275,0.097,non_christian,non_christian,0.002707922,-5.908861985,0.132,non_christian,non_christian
IT-LAT0612,Chronica,"Severus, Sulpicius",404,404.0,404.0,prose,lat_0350_IT-LAT0612.txt,christian,cross_fitted_labeled,0.926076997,2.527933337,0.952,christian,christian,0.997911971,6.169444712,0.919,christian,christian
MQDQ-282,carmina epist. 32 inserta,Paulinus Nolanus,404,404.0,404.0,poetry,lat_0392_MQDQ-282.txt,,full_fit_unlabeled,0.991615677,4.772971949,0.994,christian,christian,0.999978398,10.74271794,0.985,christian,christian
MQDQ-368,apotheosis,"Prudentius, Aurelius Clemens",400,395.0,405.0,poetry,lat_0376_MQDQ-368.txt,,full_fit_unlabeled,0.890614317,2.097031451,0.935,christian,christian,0.999852194,8.819459107,0.965,christian,christian
MQDQ-367,cathemerinon,"Prudentius, Aurelius Clemens",400,395.0,405.0,poetry,lat_0376_MQDQ-367.txt,,full_fit_unlabeled,0.899352753,2.190053541,0.94,christian,christian,0.999710558,8.147264964,0.958,christian,christian
MQDQ-371,"contra Symmachum, praefationes","Prudentius, Aurelius Clemens",400,395.0,405.0,poetry,lat_0376_MQDQ-371.txt,,full_fit_unlabeled,0.500134903,0.00054,0.854,christian,christian,0.774830396,1.235790246,0.826,christian,christian
MQDQ-374,dittochaeon,"Prudentius, Aurelius Clemens",400,395.0,405.0,poetry,lat_0376_MQDQ-374.txt,,full_fit_unlabeled,0.905129835,2.255569121,0.943,christian,christian,0.998889677,6.801993221,0.93,christian,christian
MQDQ-375,epilogus,"Prudentius, Aurelius Clemens",400,395.0,405.0,poetry,lat_0376_MQDQ-375.txt,christian,cross_fitted_labeled,0.218851214,-1.272373529,0.794,christian,christian,0.276036055,-0.964210099,0.772,christian,christian
MQDQ-369,hamartigenia,"Prudentius, Aurelius Clemens",400,395.0,405.0,poetry,lat_0376_MQDQ-369.txt,,full_fit_unlabeled,0.736794165,1.029372195,0.889,christian,christian,0.997736647,6.08864211,0.913,christian,christian
MQDQ-373,peristephanon,"Prudentius, Aurelius Clemens",400,395.0,405.0,poetry,lat_0376_MQDQ-373.txt,,full_fit_unlabeled,0.869774659,1.898967819,0.926,christian,christian,0.998505408,6.504406497,0.926,christian,christian
MQDQ-366,praefationes,"Prudentius, Aurelius Clemens",400,395.0,405.0,poetry,lat_0376_MQDQ-366.txt,christian,cross_fitted_labeled,0.722491707,0.956855125,0.885,christian,christian,0.812957469,1.469342764,0.829,christian,christian
MQDQ-372,contra Symmachum,"Prudentius, Aurelius Clemens",400,395.0,405.0,poetry,lat_0376_MQDQ-372.txt,christian,cross_fitted_labeled,0.574464754,0.300090965,0.862,christian,christian,0.853704464,1.763956279,0.836,christian,christian
IT-LAT0270,Psychomachia,"Prudentius, Aurelius Clemens",400,395.0,405.0,poetry,lat_0400_IT-LAT0270.txt,,full_fit_unlabeled,0.733242605,1.011137011,0.887,christian,christian,0.988580158,4.460917366,0.888,christian,christian
MQDQ-284,oratio,Paulinus Pellaeus,403,399.0,407.0,poetry,lat_0418_MQDQ-284.txt,,full_fit_unlabeled,0.096950552,-2.23157624,0.706,non_christian,non_christian,0.084310315,-2.385173316,0.72,non_christian,non_christian
MQDQ-280,carminum appendix,Paulinus Nolanus,395,383.0,408.0,poetry,lat_0392_MQDQ-280.txt,christian,cross_fitted_labeled,0.859700307,1.812803053,0.921,christian,christian,0.997196163,5.873958596,0.911,christian,christian
MQDQ-279,carmina,Paulinus Nolanus,395,383.0,408.0,poetry,lat_0392_MQDQ-279.txt,,full_fit_unlabeled,0.974263478,3.633770716,0.979,christian,christian,0.999936262,9.66066029,0.973,christian,christian
MQDQ-192,de medicamentis,Marcellus,408,408.0,408.0,poetry,lat_0350.0_MQDQ-192.txt,,full_fit_unlabeled,0.047932227,-2.988848156,0.486,non_christian,non_christian,0.04367653,-3.086285331,0.672,non_christian,non_christian
IT-LAT0001,Vulgata,Hieronymus,382,382.0,410.0,prose,lat_0382_IT-LAT0001.txt,,full_fit_unlabeled,0.870316005,1.903755683,0.929,christian,christian,0.999593523,7.80757597,0.951,christian,christian
MQDQ-278,epigramma,Paulinus Baeterrensis,405,400.0,410.0,poetry,lat_0450.0_MQDQ-278.txt,christian,cross_fitted_labeled,0.373300159,-0.51808489,0.829,christian,christian,0.760022904,1.152805085,0.824,christian,christian
MQDQ-365,*carmen de prouidentia,Pseudo-Prosper,416,416.0,416.0,poetry,lat_0450.0_MQDQ-365.txt,christian,cross_fitted_labeled,0.86612888,1.867156177,0.925,christian,christian,0.999398086,7.414793168,0.946,christian,christian
MQDQ-418,fragmenta duo,Rutilius Namatianus,417,417.0,417.0,poetry,lat_0450.0_MQDQ-418.txt,non_christian,cross_fitted_labeled,0.025259883,-3.65295339,0.22,non_christian,non_christian,0.002504758,-5.987055101,0.111,non_christian,non_christian
MQDQ-417,de reditu suo,Rutilius Namatianus,417,417.0,417.0,poetry,lat_0450.0_MQDQ-417.txt,non_christian,cross_fitted_labeled,0.083057508,-2.401511521,0.68,non_christian,non_christian,0.056114357,-2.822613317,0.695,non_christian,non_christian
IT-LAT0880,Epistulae,Hieronymus,397,374.0,420.0,prose,lat_0400_IT-LAT0880.txt,christian,cross_fitted_labeled,0.84076273,1.663914141,0.912,christian,christian,0.994472121,5.19240778,0.899,christian,christian
MQDQ-87,epigrammata Bobiensia,epigrammata Bobiensia,400,375.0,425.0,poetry,lat_0300.0_MQDQ-87.txt,,full_fit_unlabeled,0.096049732,-2.241908241,0.704,non_christian,non_christian,0.037616202,-3.241978459,0.663,non_christian,non_christian
IT-LAT0353,Epistula ad Theodosium,"Avianus, Flavius",400,375.0,425.0,prose,lat_0350_IT-LAT0353.txt,non_christian,cross_fitted_labeled,0.023317423,-3.734960871,0.065,non_christian,non_christian,0.017934141,-4.002952153,0.575,non_christian,non_christian
MQDQ-562,fabulae,Auianus,400,375.0,425.0,poetry,lat_0450.0_MQDQ-562.txt,non_christian,cross_fitted_labeled,0.101341305,-2.182409231,0.713,non_christian,non_christian,0.237570477,-1.166045749,0.762,christian,non_christian
IT-LAT0333,De centum metris,"Servius, Marius Honoratus",412,400.0,425.0,prose,lat_0450_IT-LAT0333.txt,,full_fit_unlabeled,0.024296978,-3.692806275,0.097,non_christian,non_christian,0.007562951,-4.876902156,0.385,non_christian,non_christian
IT-LAT0334,De metris Horatii,"Servius, Marius Honoratus",412,400.0,425.0,prose,lat_0450_IT-LAT0334.txt,,full_fit_unlabeled,0.071553723,-2.563063982,0.636,non_christian,non_christian,0.004239847,-5.458979322,0.245,non_christian,non_christian
IT-LAT0336,Explanatio in artem Donati,"Servius, Marius Honoratus",412,400.0,425.0,prose,lat_0450_IT-LAT0336.txt,non_christian,cross_fitted_labeled,0.035252064,-3.30934278,0.314,non_christian,non_christian,0.026620063,-3.599109313,0.631,non_christian,non_christian
MQDQ-630,e Parmenide conuersa,Caelius Aurelianus,412,400.0,425.0,poetry,lat_0450.0_MQDQ-630.txt,,full_fit_unlabeled,0.024296978,-3.692806275,0.097,non_christian,non_christian,0.030585454,-3.456167783,0.641,non_christian,non_christian
MQDQ-52,deuteronomium,Cyprianus Gallus,412,400.0,425.0,poetry,lat_0450.0_MQDQ-52.txt,christian,cross_fitted_labeled,0.279714397,-0.945878734,0.813,christian,christian,0.84926378,1.728838412,0.834,christian,christian
MQDQ-49,exodus,Cyprianus Gallus,412,400.0,425.0,poetry,lat_0450.0_MQDQ-49.txt,christian,cross_fitted_labeled,0.37917696,-0.493043074,0.83,christian,christian,0.992415629,4.874052336,0.896,christian,christian
MQDQ-55,deperditorum carminum reliquiae,Cyprianus Gallus,412,400.0,425.0,poetry,lat_0450.0_MQDQ-55.txt,christian,cross_fitted_labeled,0.560622924,0.243690542,0.861,christian,christian,0.180205068,-1.514958754,0.75,christian,non_christian
MQDQ-48,liber geneseos,Cyprianus Gallus,412,400.0,425.0,poetry,lat_0450.0_MQDQ-48.txt,christian,cross_fitted_labeled,0.539593922,0.158707983,0.86,christian,christian,0.989009874,4.499707095,0.889,christian,christian
MQDQ-53,Iesu Naue,Cyprianus Gallus,412,400.0,425.0,poetry,lat_0450.0_MQDQ-53.txt,christian,cross_fitted_labeled,0.203703993,-1.363303059,0.788,christian,christian,0.953141963,3.012641312,0.856,christian,christian
MQDQ-54,iudicum,Cyprianus Gallus,412,400.0,425.0,poetry,lat_0450.0_MQDQ-54.txt,,full_fit_unlabeled,0.605586953,0.428799454,0.869,christian,christian,0.994177575,5.140198999,0.897,christian,christian
MQDQ-50,leuiticus,Cyprianus Gallus,412,400.0,425.0,poetry,lat_0450.0_MQDQ-50.txt,,full_fit_unlabeled,0.529840373,0.11950351,0.858,christian,christian,0.989495305,4.545372694,0.893,christian,christian
MQDQ-51,numeri,Cyprianus Gallus,412,400.0,425.0,poetry,lat_0450.0_MQDQ-51.txt,,full_fit_unlabeled,0.858013465,1.798887562,0.919,christian,christian,0.998225926,6.332701145,0.921,christian,christian
MQDQ-243,carmina minora,Orientius,412,400.0,425.0,poetry,lat_0450.0_MQDQ-243.txt,,full_fit_unlabeled,0.991995745,4.819745538,0.996,christian,christian,0.999986398,11.20528001,0.988,christian,christian
MQDQ-242,commonitorium,Orientius,412,400.0,425.0,poetry,lat_0450.0_MQDQ-242.txt,christian,cross_fitted_labeled,0.820982018,1.523014951,0.906,christian,christian,0.997760952,6.099463129,0.915,christian,christian
MQDQ-381,de Iona,pseudo Cyprianus,413,400.0,425.0,poetry,lat_0400.0_MQDQ-381.txt,christian,cross_fitted_labeled,0.310969513,-0.795590642,0.818,christian,christian,0.542816095,0.171684851,0.799,christian,christian
MQDQ-380,de Sodoma,pseudo Cyprianus,413,400.0,425.0,poetry,lat_0400.0_MQDQ-380.txt,,full_fit_unlabeled,0.168308378,-1.597663847,0.776,christian,non_christian,0.437310163,-0.252085867,0.785,christian,christian
MQDQ-514,"*ignoti uersus ap. Aug. mus. 5, 13, 27",Augustinus Hipponensis,407,388.0,427.0,poetry,lat_0392_MQDQ-514.txt,,full_fit_unlabeled,0.024296978,-3.692806275,0.097,non_christian,non_christian,0.004601158,-5.37683547,0.264,non_christian,non_christian
IT-LAT0016,Regula,Augustinus Hipponensis,412,397.0,427.0,prose,lat_0391_IT-LAT0016.txt,,full_fit_unlabeled,0.424609219,-0.303880167,0.842,christian,christian,0.968680332,3.431688404,0.863,christian,christian
MQDQ-516,uersus Sibyllae,Augustinus Hipponensis,419,412.0,427.0,poetry,lat_0392_MQDQ-516.txt,,full_fit_unlabeled,0.392417234,-0.437162762,0.834,christian,christian,0.643001843,0.58841697,0.81,christian,christian
IT-LAT0768,A Firmo de civitate Dei,Augustinus Hipponensis,419,412.0,427.0,prose,lat_0419_IT-LAT0768.txt,christian,cross_fitted_labeled,0.117624785,-2.01511761,0.732,christian,non_christian,0.247134778,-1.113952376,0.763,christian,christian
IT-LAT0608,De laude eremi,Eucherius Arelas: Sanctus,426,426.0,427.0,prose,lat_0450_IT-LAT0608.txt,,full_fit_unlabeled,0.882472039,2.016050836,0.931,christian,christian,0.999599516,7.822436612,0.952,christian,christian
MQDQ-360,"carmen de ingratis, argumentum",Prosper Aquitanus,429,429.0,430.0,poetry,lat_0450.0_MQDQ-360.txt,christian,cross_fitted_labeled,0.092125242,-2.287957464,0.697,non_christian,non_christian,0.271249016,-0.988294808,0.768,christian,christian
MQDQ-361,carmen de ingratis,Prosper Aquitanus,429,429.0,430.0,poetry,lat_0450.0_MQDQ-361.txt,christian,cross_fitted_labeled,0.873309427,1.930542257,0.93,christian,christian,0.999834528,8.70654157,0.964,christian,christian
MQDQ-362,in obtrectatorem Augustini,Prosper Aquitanus,429,429.0,430.0,poetry,lat_0450.0_MQDQ-362.txt,,full_fit_unlabeled,0.065069546,-2.665015508,0.594,non_christian,non_christian,0.067844597,-2.620279783,0.706,non_christian,non_christian
MQDQ-189,alethia,Marius Victor,430,430.0,430.0,poetry,lat_0450.0_MQDQ-189.txt,christian,cross_fitted_labeled,0.608208102,0.43978627,0.87,christian,christian,0.997842292,6.136548809,0.916,christian,christian
MQDQ-422,carmen paschale,Sedulius,431,431.0,431.0,poetry,lat_0450.0_MQDQ-422.txt,,full_fit_unlabeled,0.951848662,2.984057132,0.966,christian,christian,0.999963471,10.21736566,0.982,christian,christian
MQDQ-364,epitaphium haereseon,Prosper Aquitanus,431,431.0,432.0,poetry,lat_0450.0_MQDQ-364.txt,christian,cross_fitted_labeled,0.124612275,-1.949459785,0.741,christian,non_christian,0.567829069,0.272999255,0.802,christian,christian
IT-LAT0904,Adversus profanas omnium novitates haereticorum commonitorium cum notis,Vincentius Lerinensis,434,434.0,434.0,prose,lat_0450_IT-LAT0904.txt,christian,cross_fitted_labeled,0.949082995,2.925299301,0.965,christian,christian,0.99963462,7.914205892,0.956,christian,christian
IT-LAT0383,Contra haereticos (Codex Theodosianus),[Auctor incertus],438,438.0,438.0,prose,lat_0438_IT-LAT0383.txt,,full_fit_unlabeled,0.384176579,-0.471857981,0.831,christian,christian,0.593987629,0.380474865,0.806,christian,christian
MQDQ-66,uersus de fide,Agrestius Gallus Episcopus,441,441.0,441.0,poetry,lat_0450.0_MQDQ-66.txt,christian,cross_fitted_labeled,0.858367041,1.801792878,0.92,christian,christian,0.948382454,2.910896194,0.852,christian,christian
MQDQ-220,panegyricus poeticus,Merobaudes,441,437.0,446.0,poetry,lat_0450.0_MQDQ-220.txt,non_christian,cross_fitted_labeled,0.031652948,-3.420759276,0.275,non_christian,non_christian,0.015192855,-4.171620559,0.541,non_christian,non_christian
MQDQ-121,carminis fragmentum,Hilarius Arelatensis,434,420.0,449.0,poetry,lat_0425_MQDQ-121.txt,,full_fit_unlabeled,0.024296978,-3.692806275,0.097,non_christian,non_christian,0.006124938,-5.089242865,0.346,non_christian,non_christian
LC-16,Saturnalia,Ambrosius Theodosius Macrobius,425,400.0,450.0,prose,lat_0450_LC-16.txt,non_christian,cross_fitted_labeled,0.221581507,-1.256473788,0.797,christian,christian,0.067361684,-2.627941097,0.704,non_christian,non_christian
MQDQ-185,carminis fragmentum,Ambrosius Theodosius Macrobius,425,400.0,450.0,poetry,lat_0450.0_MQDQ-185.txt,,full_fit_unlabeled,0.019352081,-3.925413525,0.001,non_christian,non_christian,0.001328213,-6.622591737,0.02,non_christian,non_christian
MQDQ-423,hymni,Sedulius,425,400.0,450.0,poetry,lat_0450.0_MQDQ-423.txt,christian,cross_fitted_labeled,0.939623599,2.74488105,0.96,christian,christian,0.999791264,8.474232797,0.961,christian,christian
IT-LAT0189,Epitoma rei militaris,"Vegetius Renatus, Flavius",429,408.0,450.0,prose,lat_0390_IT-LAT0189.txt,non_christian,cross_fitted_labeled,0.081280182,-2.425078971,0.676,non_christian,non_christian,0.14348463,-1.786644339,0.741,non_christian,non_christian
MQDQ-218,carmen de Christo,Merobaudes,440,430.0,450.0,poetry,lat_0450.0_MQDQ-218.txt,,full_fit_unlabeled,0.123191266,-1.962550723,0.74,christian,non_christian,0.687749237,0.789617698,0.813,christian,christian
IT-LAT0610,Liber sententiarum,Prosper Aquitanus,450,450.0,450.0,prose,lat_0426_IT-LAT0610.txt,,full_fit_unlabeled,0.970824788,3.504826547,0.976,christian,christian,0.999990335,11.54701863,0.993,christian,christian
MQDQ-363,epigrammata,Prosper Aquitanus,450,450.0,450.0,poetry,lat_0450.0_MQDQ-363.txt,,full_fit_unlabeled,0.911184384,2.328182786,0.946,christian,christian,0.999925089,9.499137254,0.971,christian,christian
LC-16_1,Eucharisticon Deo sub ephemeridis meae textu,Paulinus Pellaeus,459,459.0,459.0,poetry,lat_0400_LC-16_1.txt,,full_fit_unlabeled,0.344124256,-0.644968553,0.824,christian,christian,0.946212824,2.867432434,0.851,christian,christian
MQDQ-219,carmina,Merobaudes,450,439.0,460.0,poetry,lat_0450.0_MQDQ-219.txt,,full_fit_unlabeled,0.044532512,-3.065981199,0.444,non_christian,non_christian,0.05169092,-2.90939834,0.684,non_christian,non_christian
IT-LAT0776,Chronicon,Hydatius Lemicensis,438,408.0,468.0,prose,lat_0350_IT-LAT0776.txt,christian,cross_fitted_labeled,0.258084091,-1.055950441,0.807,christian,christian,0.619825093,0.488805901,0.808,christian,christian
MQDQ-444,carmina,Sidonius Apollinaris,469,469.0,469.0,poetry,lat_0458_MQDQ-444.txt,non_christian,cross_fitted_labeled,0.20681752,-1.344216451,0.79,christian,christian,0.050771259,-2.928319379,0.68,non_christian,non_christian
MQDQ-285,de uita Martini,Paulinus Petricordiae,465,460.0,470.0,poetry,lat_0450.0_MQDQ-285.txt,christian,cross_fitted_labeled,0.893906623,2.131281695,0.939,christian,christian,0.998816721,6.738282155,0.929,christian,christian
IT-LAT0919,Opus agriculturae,"Palladius, Rutilius Taurus Aemilianus",450,425.0,475.0,prose,lat_0350_IT-LAT0919.txt,non_christian,cross_fitted_labeled,0.090466481,-2.307952449,0.695,non_christian,non_christian,0.150370253,-1.731700059,0.744,non_christian,non_christian
MQDQ-273,de insitione,Palladius Rutilius Taurus Aemilianus,450,425.0,475.0,poetry,lat_0450.0_MQDQ-273.txt,,full_fit_unlabeled,0.034632485,-3.327716764,0.309,non_christian,non_christian,0.00579103,-5.145637273,0.331,non_christian,non_christian
MQDQ-608,epistula ad Arbogastem,Auspicius Tullensis Episcopus,475,475.0,475.0,poetry,lat_0450.0_MQDQ-608.txt,christian,cross_fitted_labeled,0.241153867,-1.146363852,0.803,christian,christian,0.823892795,1.542947486,0.83,christian,christian
MQDQ-125,"uita Hilarii Arelatensis, uersus inserti",Honoratus Massiliensis,480,480.0,480.0,poetry,lat_0450.0_MQDQ-125.txt,non_christian,cross_fitted_labeled,0.02954671,-3.491790871,0.25,non_christian,non_christian,0.031923844,-3.411957558,0.644,non_christian,non_christian
MQDQ-445,"epistulae, uersus inserti",Sidonius Apollinaris,475,469.0,482.0,poetry,lat_0458_MQDQ-445.txt,christian,cross_fitted_labeled,0.156085529,-1.687647031,0.767,christian,non_christian,0.16286097,-1.637093273,0.747,christian,non_christian
MQDQ-120,*de euangelio,Pseudo-Hilary,468,440.0,496.0,poetry,lat_0367_MQDQ-120.txt,christian,cross_fitted_labeled,0.524731111,0.099005237,0.857,christian,christian,0.913140376,2.352596328,0.844,christian,christian
MQDQ-118,*in genesin,Pseudo-Hilary,468,440.0,496.0,poetry,lat_0367_MQDQ-118.txt,,full_fit_unlabeled,0.428906339,-0.286314653,0.844,christian,christian,0.981699226,3.982341605,0.874,christian,christian
MQDQ-59,de laudibus dei,Dracontius,493,490.0,496.0,poetry,lat_0450.0_MQDQ-59.txt,christian,cross_fitted_labeled,0.822822131,1.535585918,0.907,christian,christian,0.996868473,5.763098216,0.91,christian,christian
MQDQ-60,satisfactio,Dracontius,493,490.0,496.0,poetry,lat_0450.0_MQDQ-60.txt,,full_fit_unlabeled,0.59903493,0.401445592,0.866,christian,christian,0.961682709,3.222783326,0.861,christian,christian
IT-LAT0251,Epistulae Theodoricianae variae,Papa Gelasius I,494,492.0,496.0,prose,lat_0535_IT-LAT0251.txt,,full_fit_unlabeled,0.597830008,0.396431581,0.865,christian,christian,0.932161458,2.620375542,0.848,christian,christian
MQDQ-268,*argumenta Aeneidos,Pseudo-Ovid,30,18.0,500.0,poetry,lat_+0030_MQDQ-268.txt,,full_fit_unlabeled,0.021978435,-3.795469966,0.021,non_christian,non_christian,0.002555597,-5.966910473,0.118,non_christian,non_christian
MQDQ-343,precatio omnium herbarum,precatio omnium herbarum,257,15.0,500.0,poetry,lat_0250.0_MQDQ-343.txt,,full_fit_unlabeled,0.028240125,-3.538364889,0.237,non_christian,non_christian,0.032983517,-3.378207597,0.648,non_christian,non_christian
MQDQ-344,precatio Terrae matris,precatio Terrae matris,257,15.0,500.0,poetry,lat_0250.0_MQDQ-344.txt,,full_fit_unlabeled,0.106210468,-2.130047651,0.721,non_christian,non_christian,0.098610191,-2.212763189,0.729,non_christian,non_christian
MQDQ-305,"ars, praefatio",Phocas,350,200.0,500.0,poetry,lat_0450.0_MQDQ-305.txt,,full_fit_unlabeled,0.024296978,-3.692806275,0.097,non_christian,non_christian,0.004689717,-5.357682254,0.268,non_christian,non_christian
MQDQ-304,carmen de uita Vergilii,Phocas,350,200.0,500.0,poetry,lat_0450.0_MQDQ-304.txt,non_christian,cross_fitted_labeled,0.024990824,-3.66393815,0.218,non_christian,non_christian,0.024011581,-3.704914479,0.62,non_christian,non_christian
MQDQ-482,aenigmata,Symphosius,434,368.0,500.0,poetry,lat_0450.0_MQDQ-482.txt,,full_fit_unlabeled,0.100473335,-2.191976323,0.711,non_christian,non_christian,0.307977966,-0.809589553,0.776,christian,christian
MQDQ-414,de numeris oratorum,Rufinus,437,375.0,500.0,poetry,lat_0450.0_MQDQ-414.txt,,full_fit_unlabeled,0.024296978,-3.692806275,0.097,non_christian,non_christian,0.002425846,-6.019146071,0.1,non_christian,non_christian
MQDQ-413,in metra Terentiana,Rufinus,437,375.0,500.0,poetry,lat_0450.0_MQDQ-413.txt,,full_fit_unlabeled,0.024296978,-3.692806275,0.097,non_christian,non_christian,0.003830301,-5.560974267,0.223,non_christian,non_christian
MQDQ-123,in Caesares,uersus ex Historia Augusta,445,390.0,500.0,poetry,lat_0250.0_MQDQ-123.txt,non_christian,cross_fitted_labeled,0.034796053,-3.322835468,0.31,non_christian,non_christian,0.019258483,-3.930357311,0.584,non_christian,non_christian
LC-12,Helius (Historia Augusta),[Auctor incertus],445,390.0,500.0,prose,lat_0400_LC-12.txt,non_christian,cross_fitted_labeled,0.046983803,-3.00982898,0.477,non_christian,non_christian,0.012652823,-4.357141389,0.505,non_christian,non_christian
LC-12_1,Carus et Carinus et Numerianus (Historia Augusta),[Auctor incertus],445,390.0,500.0,prose,lat_0400_LC-12_1.txt,,full_fit_unlabeled,0.030237045,-3.46798383,0.254,non_christian,non_christian,0.007960325,-4.825293225,0.396,non_christian,non_christian
MQDQ-382,de pascha,pseudo Cyprianus,450,400.0,500.0,poetry,lat_0400.0_MQDQ-382.txt,christian,cross_fitted_labeled,0.199515337,-1.389326263,0.786,christian,christian,0.446279039,-0.215716474,0.788,christian,christian
MQDQ-441,"de ultimis syllabis, praefatio",pseudo Probus,450,400.0,500.0,poetry,lat_0400.0_MQDQ-441.txt,non_christian,cross_fitted_labeled,0.038249037,-3.224637169,0.368,non_christian,non_christian,0.033143218,-3.373212257,0.649,non_christian,non_christian
MQDQ-615,epigramma in ecclesia sancti Petri,Achilleus Spoletanus Episcopus,450,400.0,500.0,poetry,lat_0450.0_MQDQ-615.txt,,full_fit_unlabeled,0.121952212,-1.974071762,0.739,christian,non_christian,0.1649184,-1.622078635,0.748,christian,non_christian
MQDQ-2,aegritudo Perdicae,[Auctor incertus],450,400.0,500.0,poetry,lat_0450.0_MQDQ-2.txt,non_christian,cross_fitted_labeled,0.057825884,-2.790753603,0.56,non_christian,non_christian,0.063461173,-2.691762705,0.703,non_christian,non_christian
MQDQ-349,praeceptum,Priscillianista quidam,450,400.0,500.0,poetry,lat_0450.0_MQDQ-349.txt,,full_fit_unlabeled,0.024296978,-3.692806275,0.097,non_christian,non_christian,0.002292565,-6.075788759,0.088,non_christian,non_christian
MQDQ-287,uersus de orantibus,Paulinus Petricordiae,475,450.0,500.0,poetry,lat_0450.0_MQDQ-287.txt,christian,cross_fitted_labeled,0.190587916,-1.446194572,0.781,christian,christian,0.490569439,-0.037726718,0.794,christian,christian
MQDQ-286,de uisitatione nepotuli sui,Paulinus Petricordiae,475,450.0,500.0,poetry,lat_0450.0_MQDQ-286.txt,,full_fit_unlabeled,0.261634572,-1.037490097,0.81,christian,christian,0.666003907,0.690166244,0.811,christian,christian
MQDQ-212,de nuptiis Philologiae et Mercurii,Martianus Capella,487,475.0,500.0,poetry,lat_0450.0_MQDQ-212.txt,,full_fit_unlabeled,0.072286796,-2.552081152,0.643,non_christian,non_christian,0.119457817,-1.997574518,0.734,non_christian,non_christian
MQDQ-98,carmen (anth. Riese),Florentinus,498,496.0,500.0,poetry,lat_0550.0_MQDQ-98.txt,non_christian,cross_fitted_labeled,0.127225856,-1.92571291,0.745,christian,non_christian,0.231637129,-1.199090063,0.758,christian,non_christian
MQDQ-383,de resurrectione mortuorum,pseudo Cyprianus,500,500.0,500.0,poetry,lat_0400.0_MQDQ-383.txt,,full_fit_unlabeled,0.584313107,0.340504664,0.863,christian,christian,0.985681326,4.231768516,0.879,christian,christian
MQDQ-277,carminum fragmenta,Parthenius Africanus Presbyter,500,500.0,500.0,poetry,lat_0500_MQDQ-277.txt,non_christian,cross_fitted_labeled,0.047348531,-3.001713322,0.481,non_christian,non_christian,0.029876837,-3.480339534,0.639,non_christian,non_christian
MQDQ-111,"carmen epist. 2, 19 insertum",Ruricius Lemovicensis Episcopus,488,470.0,507.0,poetry,lat_0473_MQDQ-111.txt,,full_fit_unlabeled,0.753316533,1.1163795,0.892,christian,christian,0.741255259,1.052503026,0.82,christian,christian
MQDQ-62,"Romulea, fragmentum",Dracontius,495,480.0,510.0,poetry,lat_0450.0_MQDQ-62.txt,non_christian,cross_fitted_labeled,0.02318622,-3.740737899,0.05,non_christian,non_christian,0.019982818,-3.892697312,0.591,non_christian,non_christian
MQDQ-63,Orestes,Dracontius,495,480.0,510.0,poetry,lat_0450.0_MQDQ-63.txt,,full_fit_unlabeled,0.153774895,-1.705295596,0.765,christian,non_christian,0.452217997,-0.191713046,0.789,christian,christian
MQDQ-61,Romulea,Dracontius,495,480.0,510.0,poetry,lat_0450.0_MQDQ-61.txt,,full_fit_unlabeled,0.102646493,-2.168158906,0.716,non_christian,non_christian,0.254630194,-1.074068207,0.766,christian,christian
MQDQ-75,carmina 1,Ennodius,521,497.0,513.0,poetry,lat_0521_MQDQ-75.txt,non_christian,cross_fitted_labeled,0.741647702,1.054550188,0.89,christian,christian,0.987980946,4.40917015,0.887,christian,christian
MQDQ-76,carmina 2,Ennodius,521,497.0,513.0,poetry,lat_0521_MQDQ-76.txt,non_christian,cross_fitted_labeled,0.603392323,0.419620033,0.867,christian,christian,0.952408625,2.996342619,0.854,christian,christian
MQDQ-83,"Castitas, opusc. 6",Ennodius,521,497.0,513.0,poetry,lat_0521_MQDQ-83.txt,non_christian,cross_fitted_labeled,0.065046938,-2.6653872,0.593,non_christian,non_christian,0.055848806,-2.827638169,0.694,non_christian,non_christian
MQDQ-77,"dictiones, 12, 24, 28, uersus inserti",Ennodius,521,497.0,513.0,poetry,lat_0521_MQDQ-77.txt,,full_fit_unlabeled,0.024296978,-3.692806275,0.097,non_christian,non_christian,0.003522065,-5.645179553,0.198,non_christian,non_christian
MQDQ-78,"epistulae, 5,7-8, uersus inserti",Ennodius,521,497.0,513.0,poetry,lat_0521_MQDQ-78.txt,non_christian,cross_fitted_labeled,0.02318622,-3.740737899,0.05,non_christian,non_christian,0.038392531,-3.220743384,0.664,non_christian,non_christian
MQDQ-79,"epistulae, 7,21-29, uersus inserti",Ennodius,521,497.0,513.0,poetry,lat_0521_MQDQ-79.txt,christian,cross_fitted_labeled,0.385857494,-0.46475888,0.833,christian,christian,0.726517824,0.977026567,0.818,christian,christian
MQDQ-84,"Fides, opusc. 6",Ennodius,521,497.0,513.0,poetry,lat_0521_MQDQ-84.txt,,full_fit_unlabeled,0.031604261,-3.422348861,0.274,non_christian,non_christian,0.052130551,-2.900465613,0.686,non_christian,non_christian
MQDQ-85,"Grammatica, opusc. 6",Ennodius,521,497.0,513.0,poetry,lat_0521_MQDQ-85.txt,non_christian,cross_fitted_labeled,0.02177329,-3.805057466,0.006,non_christian,non_christian,0.016849648,-4.06643231,0.559,non_christian,non_christian
MQDQ-81,"laus uersuum, opusc. 6",Ennodius,521,497.0,513.0,poetry,lat_0521_MQDQ-81.txt,,full_fit_unlabeled,0.144936081,-1.774883401,0.761,christian,non_christian,0.072280829,-2.552170135,0.708,non_christian,non_christian
MQDQ-80,"opuscula, 6, uersus inserti",Ennodius,521,497.0,513.0,poetry,lat_0521_MQDQ-80.txt,non_christian,cross_fitted_labeled,0.081808027,-2.418031117,0.679,non_christian,non_christian,0.028736696,-3.520422689,0.636,non_christian,non_christian
MQDQ-86,"Rhetorica, opusc. 6",Ennodius,521,497.0,513.0,poetry,lat_0521_MQDQ-86.txt,non_christian,cross_fitted_labeled,0.074622404,-2.517761083,0.65,non_christian,non_christian,0.041190969,-3.14747289,0.668,non_christian,non_christian
MQDQ-82,"Verecundia, opusc. 6",Ennodius,521,497.0,513.0,poetry,lat_0521_MQDQ-82.txt,,full_fit_unlabeled,0.027522561,-3.564840801,0.233,non_christian,non_christian,0.006885705,-4.971398185,0.37,non_christian,non_christian
MQDQ-347,carmen in laudem Anastasii imperatoris,Priscianus,509,503.0,515.0,poetry,lat_0550.0_MQDQ-347.txt,non_christian,cross_fitted_labeled,0.10106176,-2.185482522,0.712,non_christian,non_christian,0.557005773,0.229018865,0.801,christian,christian
MQDQ-623,carminum appendix,Alcimus Auitus,493,468.0,518.0,poetry,lat_0518_MQDQ-623.txt,christian,cross_fitted_labeled,0.479573794,-0.081750324,0.849,christian,christian,0.98452913,4.153204581,0.878,christian,christian
MQDQ-622,poematum libri,Alcimus Auitus,493,468.0,518.0,poetry,lat_0518_MQDQ-622.txt,christian,cross_fitted_labeled,0.813027709,1.469804761,0.905,christian,christian,0.999590368,7.799842319,0.949,christian,christian
MQDQ-94,carmina (anth. Riese),Felix,508,496.0,523.0,poetry,lat_0550.0_MQDQ-94.txt,,full_fit_unlabeled,0.099764843,-2.199840165,0.709,non_christian,non_christian,0.134950223,-1.857881058,0.736,non_christian,non_christian
IT-LAT0917,Porphyrii Isagoge translatio,"Boethius, Anicius Manlius Severinus",509,494.0,524.0,prose,lat_0502_IT-LAT0917.txt,non_christian,cross_fitted_labeled,0.02879369,-3.518382664,0.242,non_christian,non_christian,0.106584351,-2.126115222,0.731,non_christian,non_christian
MQDQ-627,consolatio Philosophiae,"Boethius, Anicius Manlius Severinus",523,523.0,524.0,poetry,lat_0524_MQDQ-627.txt,,full_fit_unlabeled,0.140786073,-1.808776403,0.754,christian,non_christian,0.275811877,-0.965332167,0.771,christian,christian
MQDQ-393,de concubitu Martis et Veneris,Reposianus,312,100.0,525.0,poetry,lat_0300.0_MQDQ-393.txt,,full_fit_unlabeled,0.040031321,-3.177238477,0.385,non_christian,non_christian,0.002249733,-6.094691604,0.082,non_christian,non_christian
MQDQ-122,"historia Apollonii, uersus inserti",[Auctor incertus],500,475.0,525.0,poetry,lat_0550.0_MQDQ-122.txt,,full_fit_unlabeled,0.030598589,-3.455724876,0.26,non_christian,non_christian,0.01368694,-4.277531697,0.519,non_christian,non_christian
MQDQ-348,carminis fragmentum,Priscianus,500,475.0,525.0,poetry,lat_0550.0_MQDQ-348.txt,non_christian,cross_fitted_labeled,0.022378719,-3.777011889,0.026,non_christian,non_christian,0.012072743,-4.404658814,0.495,non_christian,non_christian
MQDQ-346,perihegesis,Priscianus,500,475.0,525.0,poetry,lat_0550.0_MQDQ-346.txt,,full_fit_unlabeled,0.045826032,-3.035993702,0.465,non_christian,non_christian,0.003430401,-5.671641957,0.187,non_christian,non_christian
MQDQ-415,de Christi beneficiis,Rusticius Helpidius,500,475.0,525.0,poetry,lat_0550.0_MQDQ-415.txt,christian,cross_fitted_labeled,0.359259121,-0.578581218,0.827,christian,christian,0.989855648,4.580642005,0.894,christian,christian
MQDQ-416,tristicha,Rusticius Helpidius,500,475.0,525.0,poetry,lat_0550.0_MQDQ-416.txt,christian,cross_fitted_labeled,0.624024251,0.506664586,0.872,christian,christian,0.98124525,3.9573754,0.871,christian,christian
MQDQ-618,uersus de calice,Remigius Remensis Episcopus,503,473.0,533.0,poetry,lat_0533_MQDQ-618.txt,christian,cross_fitted_labeled,0.798414939,1.376417006,0.901,christian,christian,0.968023732,3.410262598,0.862,christian,christian
IT-LAT0987,De observatione ciborum,Anthimus,522,511.0,533.0,prose,lat_0550_IT-LAT0987.txt,,full_fit_unlabeled,0.04996337,-2.945210404,0.51,non_christian,non_christian,0.052704186,-2.888916537,0.689,non_christian,non_christian
IT-LAT0202,Institutiones,"Iustinianus, Caesar Flavius (Imperator Iustinianus)",533,533.0,533.0,prose,lat_0533_IT-LAT0202.txt,,full_fit_unlabeled,0.156392886,-1.685315537,0.768,christian,non_christian,0.362807921,-0.563197595,0.783,christian,christian
MQDQ-611,epitaphium Hilarini,Cytherius,481,429.0,534.0,poetry,lat_0450.0_MQDQ-611.txt,,full_fit_unlabeled,0.024296978,-3.692806275,0.097,non_christian,non_christian,0.003503737,-5.650415302,0.195,non_christian,non_christian
MQDQ-177,carmina (anth. Riese),Luxurius,516,500.0,534.0,poetry,lat_0550.0_MQDQ-177.txt,,full_fit_unlabeled,0.092572916,-2.282616604,0.7,non_christian,non_christian,0.141927888,-1.799369044,0.74,non_christian,non_christian
IT-LAT0791,Chronicon,Marcellinus Comes,527,520.0,534.0,prose,lat_0550_IT-LAT0791.txt,,full_fit_unlabeled,0.689161822,0.796203661,0.883,christian,christian,0.98628508,4.27546112,0.883,christian,christian
IT-LAT0867,Codex,"Iustinianus, Caesar Flavius (Imperator Iustinianus)",531,529.0,534.0,prose,lat_0531_IT-LAT0867.txt,,full_fit_unlabeled,0.453654177,-0.185916968,0.848,christian,christian,0.957781787,3.121768255,0.858,christian,christian
IT-LAT0250,De Anima,"Cassiodorus, Flavius Magnus Aurelius",540,540.0,540.0,prose,lat_0540_IT-LAT0250.txt,,full_fit_unlabeled,0.768923982,1.202245375,0.896,christian,christian,0.99986285,8.894295147,0.966,christian,christian
MQDQ-353,de actibus apostolorum,Arator,544,544.0,544.0,poetry,lat_0550.0_MQDQ-353.txt,,full_fit_unlabeled,0.985253706,4.201907395,0.985,christian,christian,0.999987057,11.25495755,0.991,christian,christian
MQDQ-621,uersus in subscritione codicis Hegesippi,Cyprianus Tolonensis Episcopus,535,524.0,546.0,poetry,lat_0525_MQDQ-621.txt,,full_fit_unlabeled,0.118438152,-2.007304263,0.736,christian,non_christian,0.248072917,-1.108916632,0.765,christian,christian
MQDQ-183,disticha de uetere nouoque Testamento,Ambrosius Mediolanensis,462,374.0,550.0,poetry,lat_0368_MQDQ-183.txt,christian,cross_fitted_labeled,0.760478625,1.155305344,0.894,christian,christian,0.983834272,4.108564006,0.876,christian,christian
IT-LAT1001,Excerpta Valesiana,[Auctor incertus],470,390.0,550.0,prose,lat_0450_IT-LAT1001.txt,,full_fit_unlabeled,0.516638247,0.06657757,0.856,christian,christian,0.784405302,1.291525608,0.827,christian,christian
IT-LAT0252,Orationes,"Cassiodorus, Flavius Magnus Aurelius",525,500.0,550.0,prose,lat_0535_IT-LAT0252.txt,non_christian,cross_fitted_labeled,0.112359015,-2.066868126,0.725,non_christian,non_christian,0.234125868,-1.185158967,0.761,christian,non_christian
MQDQ-42,Iohannis,Corippus,548,548.0,550.0,poetry,lat_0550.0_MQDQ-42.txt,non_christian,cross_fitted_labeled,0.18707186,-1.469149893,0.779,christian,non_christian,0.438334198,-0.247925386,0.786,christian,christian
MQDQ-351,epistula ad Florianum,Arator,557,554.0,550.0,poetry,lat_0550.0_MQDQ-351.txt,,full_fit_unlabeled,0.061474694,-2.725684215,0.578,non_christian,non_christian,0.032530969,-3.392490902,0.646,non_christian,non_christian
MQDQ-354,alethia,Arator,557,554.0,550.0,poetry,lat_0550.0_MQDQ-354.txt,,full_fit_unlabeled,0.499896136,-0.000415,0.853,christian,christian,0.532599274,0.130582337,0.798,christian,christian
MQDQ-355,in historiam praefatio,Arator,557,554.0,550.0,poetry,lat_0550.0_MQDQ-355.txt,,full_fit_unlabeled,0.077606251,-2.475324208,0.666,non_christian,non_christian,0.046255422,-3.026217216,0.673,non_christian,non_christian
MQDQ-352,epistula ad Vigilium,Arator,557,554.0,550.0,poetry,lat_0550.0_MQDQ-352.txt,christian,cross_fitted_labeled,0.231014436,-1.202591996,0.801,christian,christian,0.197286496,-1.4033409,0.754,christian,non_christian
IT-LAT0196,De origine actibusque Getarum,Iordanes,551,551.0,551.0,prose,lat_0550_IT-LAT0196.txt,,full_fit_unlabeled,0.158722364,-1.667765198,0.771,christian,non_christian,0.608238815,0.439915159,0.807,christian,christian
IT-LAT0906,De summa temporum vel origine actibusque gentis Romanorum,Iordanes,551,551.0,551.0,prose,lat_0550_IT-LAT0906.txt,,full_fit_unlabeled,0.321994229,-0.744622177,0.82,christian,christian,0.36273286,-0.563522299,0.781,christian,christian
IT-LAT0990_6,De Trina Mersione,Martinus Bracarensis,559,556.0,561.0,prose,lat_0550_IT-LAT0990_6.txt,christian,cross_fitted_labeled,0.35187228,-0.610819506,0.826,christian,christian,0.987792622,4.393432273,0.885,christian,christian
MQDQ-537,de satisfactione paenitentiae,Verecundus Iuncensis Episcopus,527,502.0,552.0,poetry,lat_0552_MQDQ-537.txt,,full_fit_unlabeled,0.261612393,-1.037604906,0.808,christian,christian,0.890943923,2.100419268,0.84,christian,christian
MQDQ-65,elogium Asbadi,[Auctor incertus],556,556.0,556.0,poetry,lat_0550.0_MQDQ-65.txt,,full_fit_unlabeled,0.024296978,-3.692806275,0.097,non_christian,non_christian,0.01079814,-4.517524554,0.476,non_christian,non_christian
MQDQ-209,uersus in basilica,Martinus Bracariensis,558,558.0,558.0,poetry,lat_0579_MQDQ-209.txt,,full_fit_unlabeled,0.348086151,-0.627462409,0.825,christian,christian,0.852321871,1.752929135,0.835,christian,christian
MQDQ-210,uersus in refectorio,Martinus Bracariensis,558,558.0,558.0,poetry,lat_0579_MQDQ-210.txt,christian,cross_fitted_labeled,0.022378719,-3.777011889,0.026,non_christian,non_christian,0.004032543,-5.509317438,0.237,non_christian,non_christian
IT-LAT0482,Institutiones divinarum et saecularium litterarum,"Cassiodorus, Flavius Magnus Aurelius",546,530.0,560.0,prose,lat_0562_IT-LAT0482.txt,christian,cross_fitted_labeled,0.920652165,2.451241134,0.949,christian,christian,0.999259756,7.207789538,0.94,christian,christian
IT-LAT0990,"Concilium Bracarense primum octo episcoporum, habitum aera DXCIX, anno tertio Ariamiri regis, die Kalendarum Maiarum.",Martinus Bracarensis,561,561.0,561.0,prose,lat_0550_IT-LAT0990.txt,christian,cross_fitted_labeled,0.945711196,2.85761922,0.964,christian,christian,0.999268258,7.219349965,0.942,christian,christian
MQDQ-43,panegyricus in laudem Anastasii,Corippus,565,565.0,566.0,poetry,lat_0550.0_MQDQ-43.txt,non_christian,cross_fitted_labeled,0.093003798,-2.277497936,0.702,non_christian,non_christian,0.275584587,-0.966470392,0.77,christian,christian
MQDQ-44,panegyricus in laudem Iustini Augusti,Corippus,566,566.0,566.0,poetry,lat_0550.0_MQDQ-44.txt,non_christian,cross_fitted_labeled,0.336540272,-0.678750335,0.822,christian,christian,0.903153615,2.232766592,0.843,christian,christian
IT-LAT0990_1,"Concilium Bracarense secundum duodecim episcoporum, habitum anno secundo regis Mironis, die Kalendarum Iuniarum, aera DCX.",Martinus Bracarensis,572,572.0,572.0,prose,lat_0550_IT-LAT0990_1.txt,,full_fit_unlabeled,0.933987894,2.649625324,0.956,christian,christian,0.999134973,7.051884257,0.934,christian,christian
IT-LAT0990_9,Capitula ex orientalium patrum synodis,Martinus Bracarensis,572,572.0,572.0,prose,lat_0550_IT-LAT0990_9.txt,,full_fit_unlabeled,0.82733025,1.566823141,0.908,christian,christian,0.999651173,7.960586457,0.957,christian,christian
IT-LAT0990_2,De correctione rusticorum,Martinus Bracarensis,572,572.0,573.0,prose,lat_0550_IT-LAT0990_2.txt,,full_fit_unlabeled,0.99921893,7.154063979,1.0,christian,christian,0.999989368,11.45166464,0.992,christian,christian
IT-LAT0011,S. Benedicti Regula,Benedictus Nursianus,550,525.0,575.0,prose,lat_0524_IT-LAT0011.txt,christian,cross_fitted_labeled,0.893481068,2.126802409,0.938,christian,christian,0.999531343,7.665171666,0.948,christian,christian
IT-LAT0990_3,De ira,Martinus Bracarensis,572,569.0,575.0,prose,lat_0550_IT-LAT0990_3.txt,,full_fit_unlabeled,0.067796214,-2.621045091,0.616,non_christian,non_christian,0.109708891,-2.093718091,0.732,non_christian,non_christian
MQDQ-523,uita Martini,Venantius Fortunatus,574,573.0,576.0,poetry,lat_0601_MQDQ-523.txt,christian,cross_fitted_labeled,0.856693166,1.788091794,0.917,christian,christian,0.995250573,5.344970611,0.903,christian,christian
MQDQ-524,carminum libri  1,Venantius Fortunatus,576,576.0,576.0,poetry,lat_0601_MQDQ-524.txt,,full_fit_unlabeled,0.854484471,1.770215523,0.916,christian,christian,0.999161364,7.082895099,0.935,christian,christian
MQDQ-525,carminum libri  2,Venantius Fortunatus,576,576.0,576.0,poetry,lat_0601_MQDQ-525.txt,,full_fit_unlabeled,0.958273466,3.133995971,0.969,christian,christian,0.999872893,8.970354789,0.967,christian,christian
MQDQ-526,carminum libri  3,Venantius Fortunatus,576,576.0,576.0,poetry,lat_0601_MQDQ-526.txt,,full_fit_unlabeled,0.775266021,1.238288835,0.898,christian,christian,0.997968207,6.196802835,0.92,christian,christian
MQDQ-527,carminum libri  4,Venantius Fortunatus,576,576.0,576.0,poetry,lat_0601_MQDQ-527.txt,,full_fit_unlabeled,0.889662545,2.087298787,0.933,christian,christian,0.999530983,7.664402875,0.947,christian,christian
MQDQ-528,carminum libri  5,Venantius Fortunatus,576,576.0,576.0,poetry,lat_0601_MQDQ-528.txt,,full_fit_unlabeled,0.800705324,1.39070848,0.902,christian,christian,0.999617632,7.868745368,0.955,christian,christian
MQDQ-529,carminum libri  6,Venantius Fortunatus,576,576.0,576.0,poetry,lat_0601_MQDQ-529.txt,,full_fit_unlabeled,0.412241851,-0.354705357,0.839,christian,christian,0.865278065,1.859838005,0.838,christian,christian
MQDQ-530,carminum libri  7,Venantius Fortunatus,576,576.0,576.0,poetry,lat_0601_MQDQ-530.txt,,full_fit_unlabeled,0.234738707,-1.181744326,0.802,christian,christian,0.744757686,1.070845567,0.821,christian,christian
IT-LAT0990_4,De Pascha,Martinus Bracarensis,576,576.0,577.0,prose,lat_0550_IT-LAT0990_4.txt,christian,cross_fitted_labeled,0.427537603,-0.291904804,0.843,christian,christian,0.897966482,2.174831375,0.842,christian,christian
IT-LAT0990_5,De superbia,Martinus Bracarensis,564,550.0,579.0,prose,lat_0550_IT-LAT0990_5.txt,christian,cross_fitted_labeled,0.679765781,0.752695637,0.88,christian,christian,0.953339916,3.017082454,0.857,christian,christian
IT-LAT0433,Pro repellenda iactantia,Martinus Bracarensis,564,550.0,579.0,prose,lat_0550_IT-LAT0433.txt,,full_fit_unlabeled,0.065116917,-2.664237107,0.598,non_christian,non_christian,0.573137427,0.294663406,0.803,christian,christian
IT-LAT0990_7,Exhortatio humilitatis,Martinus Bracarensis,564,550.0,579.0,prose,lat_0550_IT-LAT0990_7.txt,,full_fit_unlabeled,0.941995155,2.787473591,0.962,christian,christian,0.997906862,6.166995526,0.917,christian,christian
MQDQ-211,epitaphium,Martinus Bracariensis,564,550.0,579.0,poetry,lat_0579_MQDQ-211.txt,,full_fit_unlabeled,0.213790788,-1.302225019,0.793,christian,christian,0.722860943,0.958697478,0.817,christian,christian
IT-LAT0435,Sententiae patrum Aegyptiorum,Martinus Bracarensis,567,556.0,579.0,prose,lat_0550_IT-LAT0435.txt,christian,cross_fitted_labeled,0.676124659,0.736018773,0.879,christian,christian,0.998239792,6.34056172,0.922,christian,christian
IT-LAT0990_8,"Formula vitae honestae, De quattuor virtutibus",Martinus Bracarensis,574,570.0,579.0,prose,lat_0550_IT-LAT0990_8.txt,,full_fit_unlabeled,0.087888566,-2.339692449,0.686,non_christian,non_christian,0.349408576,-0.621639888,0.78,christian,christian
MQDQ-531,carminum libri  8,Venantius Fortunatus,587,584.0,591.0,poetry,lat_0601_MQDQ-531.txt,,full_fit_unlabeled,0.756076244,1.131286523,0.893,christian,christian,0.994571951,5.210732621,0.901,christian,christian
MQDQ-532,carminum libri  9,Venantius Fortunatus,587,584.0,591.0,poetry,lat_0601_MQDQ-532.txt,,full_fit_unlabeled,0.711525962,0.902806813,0.884,christian,christian,0.996543005,5.663892617,0.908,christian,christian
IT-LAT0783,Historiae,Gregorius Turonensis,583,573.0,594.0,prose,lat_0550_IT-LAT0783.txt,christian,cross_fitted_labeled,0.905786311,2.263237928,0.944,christian,christian,0.999903029,9.240998441,0.969,christian,christian
MQDQ-619,hymni,Columba,567,537.0,597.0,poetry,lat_0559_MQDQ-619.txt,christian,cross_fitted_labeled,0.842561315,1.677410355,0.913,christian,christian,0.995451258,5.388345369,0.905,christian,christian
MQDQ-110,variae,[Auctor incertus],150,300.0,600.0,poetry,lat_0514_MQDQ-110.txt,,full_fit_unlabeled,0.219547008,-1.268308142,0.795,christian,christian,0.100926696,-2.186970102,0.73,non_christian,non_christian
MQDQ-119,*de martyrio Maccabaeorum,Pseudo-Hilary,487,375.0,600.0,poetry,lat_0367_MQDQ-119.txt,,full_fit_unlabeled,0.155358751,-1.693175011,0.766,christian,non_christian,0.84692117,1.710654602,0.833,christian,christian
MQDQ-159,*de passione domini,Pseudo-Lactantius,550,500.0,600.0,poetry,lat_0300.0_MQDQ-159.txt,,full_fit_unlabeled,0.230944129,-1.202987806,0.799,christian,christian,0.715860844,0.924021691,0.816,christian,christian
IT-LAT0978,Apophthegmata,Macarius Magnus: Sanctus,550,500.0,600.0,prose,lat_0350_IT-LAT0978.txt,christian,cross_fitted_labeled,0.398901894,-0.410042651,0.835,christian,christian,0.949440088,2.932713414,0.853,christian,christian
MQDQ-182,*carmen de ternarii numeri excellentia,Pseudo-Ambrose,550,500.0,600.0,poetry,lat_0368_MQDQ-182.txt,christian,cross_fitted_labeled,0.193837214,-1.425266985,0.783,christian,christian,0.232017735,-1.196952826,0.759,christian,non_christian
MQDQ-216,elegiarum appendix,Maximianus,550,500.0,600.0,poetry,lat_0550.0_MQDQ-216.txt,,full_fit_unlabeled,0.031165016,-3.436798112,0.267,non_christian,non_christian,0.009274003,-4.671222946,0.43,non_christian,non_christian
MQDQ-215,elegiae,Maximianus,550,500.0,600.0,poetry,lat_0550.0_MQDQ-215.txt,non_christian,cross_fitted_labeled,0.117493233,-2.016385712,0.731,non_christian,non_christian,0.316107701,-0.771717467,0.777,christian,christian
MQDQ-95,hymnus,Flauius Cabilonensis Episcopus,587,575.0,600.0,poetry,lat_0550.0_MQDQ-95.txt,christian,cross_fitted_labeled,0.901889056,2.218392596,0.942,christian,christian,0.887567794,2.066134482,0.839,christian,christian
MQDQ-475,sylloge cod. Elnonensis,sylloge cod. Elnonensis,590,580.0,600.0,poetry,lat_0550.0_MQDQ-475.txt,,full_fit_unlabeled,0.327044051,-0.721584996,0.821,christian,christian,0.771307611,1.215709447,0.825,christian,christian
MQDQ-191,in Euangelia,Severus Malacitanus,576,550.0,602.0,poetry,lat_0550.0_MQDQ-191.txt,,full_fit_unlabeled,0.617820971,0.480309562,0.871,christian,christian,0.995000651,5.293435723,0.902,christian,christian
MQDQ-188,epitaphium,Marius Auenticentis Episcopus,599,594.0,604.0,poetry,lat_0594_MQDQ-188.txt,christian,cross_fitted_labeled,0.125798464,-1.938629805,0.743,christian,non_christian,0.388284997,-0.454526894,0.784,christian,christian
MQDQ-535,carminum appendix,Venantius Fortunatus,587,570.0,605.0,poetry,lat_0601_MQDQ-535.txt,,full_fit_unlabeled,0.65437393,0.638321477,0.875,christian,christian,0.995730078,5.451880729,0.906,christian,christian
MQDQ-536,spuriorum appendix,Venantius Fortunatus,587,570.0,605.0,poetry,lat_0601_MQDQ-536.txt,,full_fit_unlabeled,0.964529944,3.302952026,0.97,christian,christian,0.999939359,9.710480827,0.975,christian,christian
MQDQ-533,carminum libri 10,Venantius Fortunatus,597,590.0,605.0,poetry,lat_0601_MQDQ-533.txt,,full_fit_unlabeled,0.929526533,2.579439066,0.955,christian,christian,0.999384097,7.391805767,0.944,christian,christian
MQDQ-534,carminum libri 11,Venantius Fortunatus,597,590.0,605.0,poetry,lat_0601_MQDQ-534.txt,,full_fit_unlabeled,0.675936676,0.735160457,0.878,christian,christian,0.97130634,3.521965722,0.866,christian,christian
MQDQ-148,carmina,Isidorus Hispalensis Episcopus,606,600.0,612.0,poetry,lat_0598_MQDQ-148.txt,,,,,,,,,,,,
MQDQ-244,uersus in Benedicti laudem,Marcus Casinensis,612,612.0,612.0,poetry,lat_0550.0_MQDQ-244.txt,,,,,,,,,,,,
IT-LAT0957,De natura rerum ad Sisebutum regem liber,Isidorus Hispalensis Episcopus,612,612.0,613.0,prose,lat_0598_IT-LAT0957.txt,,,,,,,,,,,,
MQDQ-610,uersus in tumulo Monicae,Bassus iunior,506,387.0,625.0,poetry,lat_0431_MQDQ-610.txt,,,,,,,,,,,,
IT-LAT0909,"Historia de regibus Gothorum, Vandalorum et Suevorum",Isidorus Hispalensis Episcopus,623,621.0,625.0,prose,lat_0598_IT-LAT0909.txt,,,,,,,,,,,,
IT-LAT0908,Sententiae,Isidorus Hispalensis Episcopus,624,612.0,636.0,prose,lat_0598_IT-LAT0908.txt,,,,,,,,,,,,
LC-14,Etymologiae,Isidorus Hispalensis Episcopus,625,615.0,636.0,prose,lat_0600_LC-14.txt,,,,,,,,,,,,
MQDQ-101,"mythologiae, uersus inserti",Fulgentius,596,550.0,642.0,poetry,lat_0450.0_MQDQ-101.txt,,,,,,,,,,,,
MQDQ-102,"Virgiliana continentia 740, uersus inserti",Fulgentius,596,550.0,642.0,poetry,lat_0450.0_MQDQ-102.txt,,,,,,,,,,,,
MQDQ-30,epistula metrica,Columbanus,625,575.0,675.0,poetry,lat_0579_MQDQ-30.txt,,,,,,,,,,,,
MQDQ-117,*hymnus de Christo,Pseudo-Hilary,680,670.0,690.0,poetry,lat_0367_MQDQ-117.txt,,,,,,,,,,,,
MQDQ-5,carmen Sibyllinum,[Auctor incertus],550,400.0,700.0,poetry,lat_0450.0_MQDQ-5.txt,,,,,,,,,,,,
MQDQ-564,de Iesu Christo,Pseudo-Victorinus,565,430.0,700.0,poetry,lat_0450.0_MQDQ-564.txt,,,,,,,,,,,,
MQDQ-574,pro itineris et nauigii prosperitate,Gildas sapiens,590,480.0,700.0,poetry,lat_0540_MQDQ-574.txt,,,,,,,,,,,,
MQDQ-575,oratio,Gildas sapiens,590,480.0,700.0,poetry,lat_0540_MQDQ-575.txt,,,,,,,,,,,,
MQDQ-565,de lege domini,Pseudo-Victorinus,600,500.0,700.0,poetry,lat_0450.0_MQDQ-565.txt,,,,,,,,,,,,
MQDQ-566,de natiuitate,Pseudo-Victorinus,600,500.0,700.0,poetry,lat_0450.0_MQDQ-566.txt,,,,,,,,,,,,
MQDQ-628,elogia,[Auctor incertus],624,524.0,724.0,poetry,lat_0524_MQDQ-628.txt,,,,,,,,,,,,
MQDQ-378,uersus ex Columbano,pseudo Cato,500,200.0,800.0,poetry,lat_0300.0_MQDQ-378.txt,,,,,,,,,,,,
MQDQ-604,*fragmenta,Pseudo-Ausonius,550,300.0,800.0,poetry,lat_0352_MQDQ-604.txt,,,,,,,,,,,,
MQDQ-605,*oratio consulis,Pseudo-Ausonius,550,300.0,800.0,poetry,lat_0352_MQDQ-605.txt,,,,,,,,,,,,
MQDQ-515,*precatio ad Christum,Augustinus Hipponensis,587,375.0,800.0,poetry,lat_0392_MQDQ-515.txt,,,,,,,,,,,,
MQDQ-34,versus ad Fidolium,Columbanus,645,490.0,800.0,poetry,lat_0579_MQDQ-34.txt,,,,,,,,,,,,
MQDQ-31,versus ad Hunaldum,Columbanus,645,490.0,800.0,poetry,lat_0579_MQDQ-31.txt,,,,,,,,,,,,
MQDQ-35,versus in mulieres,Columbanus,645,490.0,800.0,poetry,lat_0579_MQDQ-35.txt,,,,,,,,,,,,
MQDQ-33,carmen navale,Columbanus,645,490.0,800.0,poetry,lat_0579_MQDQ-33.txt,,,,,,,,,,,,
MQDQ-32,versus ad Sethum,Columbanus,645,490.0,800.0,poetry,lat_0579_MQDQ-32.txt,,,,,,,,,,,,
MQDQ-140,hymni Christiani anonymi,[Auctor incertus],600,350.0,850.0,poetry,lat_0500.0_MQDQ-140.txt,,,,,,,,,,,,
MQDQ-93,hymnus in laudem Seuerini,Eugippius,755,511.0,1000.0,poetry,lat_0550.0_MQDQ-93.txt,,,,,,,,,,,,
IT-LAT0611,Ecloga,Theodulus,1025,1000.0,1050.0,poetry,lat_0450_IT-LAT0611.txt,,,,,,,,,,,,
MQDQ-266,*nux,Pseudo-Ovid,30,8.0,1100.0,poetry,lat_+0030_MQDQ-266.txt,,,,,,,,,,,,
IT-LAT0574_9,Septem Sapientium Sententiae,Pseudo-Ausonius,700,300.0,1100.0,poetry,lat_0385_IT-LAT0574_9.txt,,,,,,,,,,,,
IT-LAT0661,Liber Kalilae et Dimnae,[Auctor incertus],1275,1250.0,1300.0,prose,lat_1250_IT-LAT0661.txt,,,,,,,,,,,,
MQDQ-181,*uersus de naturis rerum,Pseudo-Ambrose,1275,1250.0,1300.0,poetry,lat_0368_MQDQ-181.txt,,,,,,,,,,,,
MQDQ-513,*carmina (anth. Riese),Augustinus Hipponensis,945,397.0,1494.0,poetry,lat_0392_MQDQ-513.txt,,,,,,,,,,,,
IT-LAT0875,Tractatus de nativitate Domini Nostri Christi,Thomas Edessenus,1898,1898.0,1898.0,prose,lat_0550_IT-LAT0875.txt,,,,,,,,,,,,
MQDQ-624,epitaphium Sabiniani papae,epitaphium Sabiniani papae,606,,,poetry,lat_0606_MQDQ-624.txt,,,,,,,,,,,,
MQDQ-612,carmen de eclipsibus,Sisebutus,616,,,poetry,lat_0616_MQDQ-612.txt,,,,,,,,,,,,
MQDQ-613,hymnus de ratione temporum,Sisebutus,616,,,poetry,lat_0616_MQDQ-613.txt,,,,,,,,,,,,
MQDQ-614,disticha,unknown,638,,,poetry,lat_0638_MQDQ-614.txt,,,,,,,,,,,,
IT-LAT0785,Chronicon,Fredegarius,650,,,prose,lat_0650_IT-LAT0785.txt,,,,,,,,,,,,
IT-LAT0848,Epistola ad Desiderium,Abbo Metensis,650,,,prose,lat_0650_IT-LAT0848.txt,,,,,,,,,,,,
MQDQ-3,carmen navale,carmen navale,650,,,poetry,lat_0650.0_MQDQ-3.txt,,,,,,,,,,,,
MQDQ-145,versus in festivitate,Ionas Bobiensis,650,,,poetry,lat_0650.0_MQDQ-145.txt,,,,,,,,,,,,
MQDQ-146,hymnus,Ionas Bobiensis,650,,,poetry,lat_0650.0_MQDQ-146.txt,,,,,,,,,,,,
MQDQ-144,"vita Columbani 1,2",Ionas Bobiensis,650,,,poetry,lat_0650.0_MQDQ-144.txt,,,,,,,,,,,,
MQDQ-457,carmen de nominibus litterarum,carmen de nominibus litterarum,650,,,poetry,lat_0650.0_MQDQ-457.txt,,,,,,,,,,,,
MQDQ-384,de fabrica mundi,unknown,650,,,poetry,lat_0650_MQDQ-384.txt,,,,,,,,,,,,
MQDQ-161,lamentum paenitentiae,unknown,650,,,poetry,lat_0650.0_MQDQ-161.txt,,,,,,,,,,,,
MQDQ-557,versus ad Deum,versus ad Deum,650,,,poetry,lat_0650.0_MQDQ-557.txt,,,,,,,,,,,,
MQDQ-560,versus de Bobuleno,versus de Bobuleno,650,,,poetry,lat_0650.0_MQDQ-560.txt,,,,,,,,,,,,
MQDQ-90,carminum appendix,Eugenius Toletanus,657,,,poetry,lat_0657_MQDQ-90.txt,,,,,,,,,,,,
MQDQ-89,carmina,Eugenius Toletanus,657,,,poetry,lat_0657_MQDQ-89.txt,,,,,,,,,,,,
MQDQ-91,hexaemeron,Eugenius Toletanus,657,,,poetry,lat_0657_MQDQ-91.txt,,,,,,,,,,,,
MQDQ-92,satisfactio,Eugenius Toletanus,657,,,poetry,lat_0657_MQDQ-92.txt,,,,,,,,,,,,
MQDQ-147,lorica,unknown,661,,,poetry,lat_0661_MQDQ-147.txt,,,,,,,,,,,,
MQDQ-142,carmina apologetica,Iulianus Toletanus,666,,,poetry,lat_0666_MQDQ-142.txt,,,,,,,,,,,,
MQDQ-143,epitaphia,Iulianus Toletanus,666,,,poetry,lat_0666_MQDQ-143.txt,,,,,,,,,,,,
MQDQ-616,inscriptio Toletana,unknown,676,,,poetry,lat_0676_MQDQ-616.txt,,,,,,,,,,,,
IT-LAT0419,Vita quinque sanctorum abbatum,Beda Venerabilis,704,,,prose,lat_0704_IT-LAT0419.txt,,,,,,,,,,,,
IT-LAT0420,Epistula ad Albinum abbatem,Beda Venerabilis,704,,,prose,lat_0704_IT-LAT0420.txt,,,,,,,,,,,,
IT-LAT0421,Epistula ad Ecgberctum antistetem,Beda Venerabilis,704,,,prose,lat_0704_IT-LAT0421.txt,,,,,,,,,,,,
IT-LAT0422,De orthographia,Beda Venerabilis,704,,,prose,lat_0704_IT-LAT0422.txt,,,,,,,,,,,,
IT-LAT0423,Vita Sancti Cuthberti,Beda Venerabilis,721,,,poetry,lat_0721_IT-LAT0423.txt,,,,,,,,,,,,
IT-LAT0921,Historiam ecclesiasticam gentis Anglorum,Beda Venerabilis,731,,,prose,lat_0731_IT-LAT0921.txt,,,,,,,,,,,,
IT-LAT0357,Fabulae,Paulus Diaconus,759,,,poetry,lat_0759_IT-LAT0357.txt,,,,,,,,,,,,
IT-LAT0358,Carmina,Paulus Diaconus,759,,,poetry,lat_0759_IT-LAT0358.txt,,,,,,,,,,,,
IT-LAT0907,Historia Romana,Paulus Diaconus,770,,,prose,lat_0770_IT-LAT0907.txt,,,,,,,,,,,,
IT-LAT0486,Constitutum Constantini,[Auctor incertus],775,,,prose,lat_0775_IT-LAT0486.txt,,,,,,,,,,,,
IT-LAT0338,Historia Langobardorum,Paulus Diaconus,792,,,prose,lat_0792_IT-LAT0338.txt,,,,,,,,,,,,
IT-LAT0911,De cella Alcuini,Alcuinus,800,,,poetry,lat_0800_IT-LAT0911.txt,,,,,,,,,,,,
IT-LAT0911_1,De luscinia,Alcuinus,800,,,poetry,lat_0800_IT-LAT0911_1.txt,,,,,,,,,,,,
IT-LAT0911_2,Disputatio de rhetorica et de virtutibus,Alcuinus,800,,,poetry,lat_0800_IT-LAT0911_2.txt,,,,,,,,,,,,
IT-LAT0911_3,Epitaphium,Alcuinus,800,,,poetry,lat_0800_IT-LAT0911_3.txt,,,,,,,,,,,,
IT-LAT0911_4,Propositiones,Alcuinus,800,,,poetry,lat_0800_IT-LAT0911_4.txt,,,,,,,,,,,,
IT-LAT0911_5,Sequentia de Sancto Michaele,Alcuinus,800,,,poetry,lat_0800_IT-LAT0911_5.txt,,,,,,,,,,,,
IT-LAT0911_6,Versus de cuculo,Alcuinus,800,,,poetry,lat_0800_IT-LAT0911_6.txt,,,,,,,,,,,,
IT-LAT0461,Epistula ad Aquilam,Alcuinus,800,,,prose,lat_0800_IT-LAT0461.txt,,,,,,,,,,,,
IT-LAT0911_7,Operum collectio,Alcuinus,800,,,poetry,lat_0800_IT-LAT0911_7.txt,,,,,,,,,,,,
IT-LAT0386,Veni creator spiritus,Hrabanus Maurus,818,,,poetry,lat_0818_IT-LAT0386.txt,,,,,,,,,,,,
IT-LAT0500,Vita Karoli Magni,Einhardus,833,,,prose,lat_0833_IT-LAT0500.txt,,,,,,,,,,,,
IT-LAT0936,Historia brittonum,Various Authors,833,,,prose,lat_0833_IT-LAT0936.txt,,,,,,,,,,,,
IT-LAT0494,Liber pontificalis sive vitae pontificum Ravennatum,Agnellus Ravennas,838,,,poetry,lat_0838_IT-LAT0494.txt,,,,,,,,,,,,
IT-LAT0888,Versus de bella quae fuit acta Fontaneto,Angilbertus,841,,,poetry,lat_0841_IT-LAT0888.txt,,,,,,,,,,,,
IT-LAT0459,Vita Hludowici imperatoris,Theganus Trevirensis,850,,,prose,lat_0850_IT-LAT0459.txt,,,,,,,,,,,,
IT-LAT0773,Chronicon,Andreas Bergomas,850,,,prose,lat_0850_IT-LAT0773.txt,,,,,,,,,,,,
IT-LAT0792,Historia Langobardorum Beneventanorum,Erchempertus,850,,,prose,lat_0850_IT-LAT0792.txt,,,,,,,,,,,,
IT-LAT0920,Liber de causis,[Auctor incertus],850,,,prose,lat_0850_IT-LAT0920.txt,,,,,,,,,,,,
IT-LAT0782,Annales Vedastini,[Auctor incertus],871,,,prose,lat_0871_IT-LAT0782.txt,,,,,,,,,,,,
IT-LAT0891,Metrum Parhemiacum Tragicum,Eugenius Vulgarius,907,,,poetry,lat_0907_IT-LAT0891.txt,,,,,,,,,,,,
IT-LAT0472,De rebus gestis Aelfredi,Asserius,909,,,prose,lat_0909_IT-LAT0472.txt,,,,,,,,,,,,
IT-LAT0458,Waltharius Manufortis,Ekkeardus I Sangallensis,950,,,poetry,lat_0950_IT-LAT0458.txt,,,,,,,,,,,,
IT-LAT0617,De ortu et tempore Antichristi,Adso Dervensis,950,,,prose,lat_0950_IT-LAT0617.txt,,,,,,,,,,,,
IT-LAT0725,Nivis natus,[Auctor incertus],950,,,poetry,lat_0950_IT-LAT0725.txt,,,,,,,,,,,,
IT-LAT0786,Historiae,Richerus,950,,,prose,lat_0950_IT-LAT0786.txt,,,,,,,,,,,,
IT-LAT0980,Historia de preliis Alexandri Magni,Leo Archipresbyter,950,,,prose,lat_0950_IT-LAT0980.txt,,,,,,,,,,,,
IT-LAT0724,De luscinia,Fulbert de Chartres: Saint,1000,,,poetry,lat_1000_IT-LAT0724.txt,,,,,,,,,,,,
IT-LAT0481,Carmina Cantabrigiensia,[Auctor incertus],1050,,,poetry,lat_1050_IT-LAT0481.txt,,,,,,,,,,,,
IT-LAT0580,Regimen sanitatis Salernitanum,No Author,1050,,,poetry,lat_1050_IT-LAT0580.txt,,,,,,,,,,,,
IT-LAT0597,Sequentia paschalis,Wipo,1050,,,poetry,lat_1050_IT-LAT0597.txt,,,,,,,,,,,,
IT-LAT0605,Apologeticus,Berengarius scholasticus,1050,,,prose,lat_1050_IT-LAT0605.txt,,,,,,,,,,,,
IT-LAT0584,Epigrammata,Anonymus Tegirinsensis,1065,,,poetry,lat_1065_IT-LAT0584.txt,,,,,,,,,,,,
IT-LAT0975,Gesta Hammaburgensis Ecclesiae Pontificum,Adam von Bremen,1067,,,prose,lat_1067_IT-LAT0975.txt,,,,,,,,,,,,
IT-LAT0687,Virginalis sancta frequentia,Sigebertus Gemblacensis,1073,,,poetry,lat_1073_IT-LAT0687.txt,,,,,,,,,,,,
IT-LAT0912,Vita brevior Sigeberti Regis,Sigebertus Gemblacensis,1073,,,prose,lat_1073_IT-LAT0912.txt,,,,,,,,,,,,
IT-LAT0900,Epistulae vagantes,Gregorius PP. VII,1078,,,prose,lat_1078_IT-LAT0900.txt,,,,,,,,,,,,
IT-LAT0619,Carmen in victoriam Pisanorum,[Auctor incertus],1088,,,poetry,lat_1088_IT-LAT0619.txt,,,,,,,,,,,,
IT-LAT0478,Cur Deus homo,Anselmus Cantuariensis,1096,,,prose,lat_1096_IT-LAT0478.txt,,,,,,,,,,,,
IT-LAT0477,Epistula ad Urbanum papam,Anselmus Cantuariensis,1098,,,prose,lat_1098_IT-LAT0477.txt,,,,,,,,,,,,
IT-LAT0497,Epistula Guidonis Michaeli monacho de ignoto cantu directa,Guido Aretinus,1098,,,prose,lat_1098_IT-LAT0497.txt,,,,,,,,,,,,
IT-LAT0756,Libellus de ornamentis verborum,Marbodus Redonensis,1100,,,poetry,lat_1100_IT-LAT0756.txt,,,,,,,,,,,,
IT-LAT0428,Ad amicum suum consolatoria,"Abaelardus, Petrus",1110,,,prose,lat_1110_IT-LAT0428.txt,,,,,,,,,,,,
IT-LAT0963,Commentaria in epistolam Pauli ad Romanos,"Abaelardus, Petrus",1110,,,prose,lat_1110_IT-LAT0963.txt,,,,,,,,,,,,
IT-LAT0964,Dialectica,"Abaelardus, Petrus",1110,,,prose,lat_1110_IT-LAT0964.txt,,,,,,,,,,,,
IT-LAT0965,Sententiae secundum magistrum Petrum,"Abaelardus, Petrus",1110,,,prose,lat_1110_IT-LAT0965.txt,,,,,,,,,,,,
IT-LAT0966,Expositio in Hexameron,"Abaelardus, Petrus",1110,,,prose,lat_1110_IT-LAT0966.txt,,,,,,,,,,,,
IT-LAT0967,Expositiones Theologicae,"Abaelardus, Petrus",1110,,,prose,lat_1110_IT-LAT0967.txt,,,,,,,,,,,,
IT-LAT0968,Introductiones Parvulorum,"Abaelardus, Petrus",1110,,,prose,lat_1110_IT-LAT0968.txt,,,,,,,,,,,,
IT-LAT0969,Logica nostrorum petitioni sociorum,"Abaelardus, Petrus",1110,,,prose,lat_1110_IT-LAT0969.txt,,,,,,,,,,,,
IT-LAT0970,Problemata Heloissae cum Petri Abaelardi solutionibus,"Abaelardus, Petrus",1110,,,prose,lat_1110_IT-LAT0970.txt,,,,,,,,,,,,
IT-LAT0971,Sermones,"Abaelardus, Petrus",1110,,,prose,lat_1110_IT-LAT0971.txt,,,,,,,,,,,,
IT-LAT0972,Soliloquium,"Abaelardus, Petrus",1110,,,prose,lat_1110_IT-LAT0972.txt,,,,,,,,,,,,
IT-LAT0973,Theologia Christiana,"Abaelardus, Petrus",1110,,,prose,lat_1110_IT-LAT0973.txt,,,,,,,,,,,,
IT-LAT0974,Theologia Scholarium,"Abaelardus, Petrus",1110,,,prose,lat_1110_IT-LAT0974.txt,,,,,,,,,,,,
IT-LAT0976,Theologia Summi Boni,"Abaelardus, Petrus",1110,,,prose,lat_1110_IT-LAT0976.txt,,,,,,,,,,,,
IT-LAT0977,Tractatus de intellectibus,"Abaelardus, Petrus",1110,,,prose,lat_1110_IT-LAT0977.txt,,,,,,,,,,,,
IT-LAT0664,Liber de scriptoribus ecclesiasticis,Sigebertus Gemblacensis,1112,,,prose,lat_1112_IT-LAT0664.txt,,,,,,,,,,,,
IT-LAT0910,Gesta Tancredi in expeditione Hierosolymitana,Raoul de Caen,1112,,,prose,lat_1112_IT-LAT0910.txt,,,,,,,,,,,,
IT-LAT0524,Soliloquium de arrha animae,Hugo de Sancto Victore,1118,,,prose,lat_1118_IT-LAT0524.txt,,,,,,,,,,,,
IT-LAT0506,Didascalicon,Hugo de Sancto Victore,1125,,,prose,lat_1125_IT-LAT0506.txt,,,,,,,,,,,,
IT-LAT0903,Gesta Friderici Imperatoris,Otto of Freising,1136,,,prose,lat_1136_IT-LAT0903.txt,,,,,,,,,,,,
IT-LAT0463,Mirabilia urbis Romae,[Auctor incertus],1141,,,prose,lat_1141_IT-LAT0463.txt,,,,,,,,,,,,
IT-LAT0781,"Dialogus inter philosophum, Iudaeum et christianum","Abaelardus, Petrus",1142,,,prose,lat_1142_IT-LAT0781.txt,,,,,,,,,,,,
IT-LAT0815,Jubilus,Bernardus: Sanctus,1148,,,poetry,lat_1148_IT-LAT0815.txt,,,,,,,,,,,,
IT-LAT0018,Confirmatio fratrum minorum regulae,Papa Honorius III,1150,,,prose,lat_1150_IT-LAT0018.txt,,,,,,,,,,,,
IT-LAT0479,Carmina,Archipoeta,1150,,,poetry,lat_1150_IT-LAT0479.txt,,,,,,,,,,,,
IT-LAT0604,De nativitate Domini,Arnulf of Lisieux,1150,,,poetry,lat_1150_IT-LAT0604.txt,,,,,,,,,,,,
IT-LAT0616,De spirituali amicitia,Aelredus Rievallensis,1150,,,prose,lat_1150_IT-LAT0616.txt,,,,,,,,,,,,
IT-LAT0622,Epigrammata,Godfrey of Winchester,1150,,,poetry,lat_1150_IT-LAT0622.txt,,,,,,,,,,,,
IT-LAT0623,Epigrammata historica,Godfrey of Winchester,1150,,,poetry,lat_1150_IT-LAT0623.txt,,,,,,,,,,,,
IT-LAT0663,Philosophia mundi,William of Conches,1150,,,prose,lat_1150_IT-LAT0663.txt,,,,,,,,,,,,
IT-LAT0722,Opusculum de conversione sua,Hermannus quodam Judaeus,1150,,,prose,lat_1150_IT-LAT0722.txt,,,,,,,,,,,,
IT-LAT0774,Breve chronicon Northmannicum,[Auctor incertus],1150,,,prose,lat_1150_IT-LAT0774.txt,,,,,,,,,,,,
IT-LAT0841,Chronicon beneventanum,Falcone di Benevento,1150,,,prose,lat_1150_IT-LAT0841.txt,,,,,,,,,,,,
IT-LAT0845,Liber de regno Sicilie,Hugo Falcandus,1150,,,prose,lat_1150_IT-LAT0845.txt,,,,,,,,,,,,
IT-LAT0870,De rebus gestis Rogerii Calabriae et Siciliae comitis et Roberti Guiscardi Ducis fratris eius,Gaufredo Malaterra,1150,,,prose,lat_1150_IT-LAT0870.txt,,,,,,,,,,,,
IT-LAT0871,Gesta Roberti Wiscardi,Guillelmus Apuliensis,1150,,,poetry,lat_1150_IT-LAT0871.txt,,,,,,,,,,,,
IT-LAT0877,De contemptu mundi,Bernardus Cluniacensis,1150,,,poetry,lat_1150_IT-LAT0877.txt,,,,,,,,,,,,
IT-LAT0901,Historia rerum in partibus transmarinis gestarum,William of Tyre,1157,,,prose,lat_1157_IT-LAT0901.txt,,,,,,,,,,,,
IT-LAT0780,Liber de planctu naturae,Alanus de Insulis,1165,,,poetry,lat_1165_IT-LAT0780.txt,,,,,,,,,,,,
IT-LAT0842,Anticlaudianus,Alanus de Insulis,1165,,,poetry,lat_1165_IT-LAT0842.txt,,,,,,,,,,,,
IT-LAT0498,De amore,Andreas Capellanus,1185,,,prose,lat_1185_IT-LAT0498.txt,,,,,,,,,,,,
IT-LAT0869,Liber ad honorem Augusti sive de rebus siculis,Petrus de Ebulo,1196,,,poetry,lat_1196_IT-LAT0869.txt,,,,,,,,,,,,
IT-LAT0496,De luce seu de inchoatione formarum,"Grosseteste, Robertus",1200,,,prose,lat_1200_IT-LAT0496.txt,,,,,,,,,,,,
IT-LAT0502,De cometis,"Grosseteste, Robertus",1200,,,prose,lat_1200_IT-LAT0502.txt,,,,,,,,,,,,
IT-LAT0503,De generatione stellarum,"Grosseteste, Robertus",1200,,,prose,lat_1200_IT-LAT0503.txt,,,,,,,,,,,,
IT-LAT0507,De colore,"Grosseteste, Robertus",1200,,,prose,lat_1200_IT-LAT0507.txt,,,,,,,,,,,,
IT-LAT0508,De calore solis,"Grosseteste, Robertus",1200,,,prose,lat_1200_IT-LAT0508.txt,,,,,,,,,,,,
IT-LAT0509,De differentiis localibus,"Grosseteste, Robertus",1200,,,prose,lat_1200_IT-LAT0509.txt,,,,,,,,,,,,
IT-LAT0510,De finitate motus et temporis,"Grosseteste, Robertus",1200,,,prose,lat_1200_IT-LAT0510.txt,,,,,,,,,,,,
IT-LAT0511,De generatione sonorum,"Grosseteste, Robertus",1200,,,prose,lat_1200_IT-LAT0511.txt,,,,,,,,,,,,
IT-LAT0512,De impressionibus aeris seu de prognosticatione,"Grosseteste, Robertus",1200,,,prose,lat_1200_IT-LAT0512.txt,,,,,,,,,,,,
IT-LAT0513,De impressionibus elementorum,"Grosseteste, Robertus",1200,,,prose,lat_1200_IT-LAT0513.txt,,,,,,,,,,,,
IT-LAT0514,De iride seu de iride et speculo,"Grosseteste, Robertus",1200,,,prose,lat_1200_IT-LAT0514.txt,,,,,,,,,,,,
IT-LAT0515,De libero arbitrio,"Grosseteste, Robertus",1200,,,prose,lat_1200_IT-LAT0515.txt,,,,,,,,,,,,
IT-LAT0516,De lineis angulis et figuris seu de fractionibus et reflexionibus radiorum,"Grosseteste, Robertus",1200,,,prose,lat_1200_IT-LAT0516.txt,,,,,,,,,,,,
IT-LAT0517,De motu corporali et luce,"Grosseteste, Robertus",1200,,,prose,lat_1200_IT-LAT0517.txt,,,,,,,,,,,,
IT-LAT0518,De motu supercaelestium,"Grosseteste, Robertus",1200,,,prose,lat_1200_IT-LAT0518.txt,,,,,,,,,,,,
IT-LAT0519,De natura locorum,"Grosseteste, Robertus",1200,,,prose,lat_1200_IT-LAT0519.txt,,,,,,,,,,,,
IT-LAT0520,De ordine emanandi causatorum a Deo,"Grosseteste, Robertus",1200,,,prose,lat_1200_IT-LAT0520.txt,,,,,,,,,,,,
IT-LAT0521,De potentia et actu,"Grosseteste, Robertus",1200,,,prose,lat_1200_IT-LAT0521.txt,,,,,,,,,,,,
IT-LAT0522,De statu causarum,"Grosseteste, Robertus",1200,,,prose,lat_1200_IT-LAT0522.txt,,,,,,,,,,,,
IT-LAT0523,De scientia Dei,"Grosseteste, Robertus",1200,,,prose,lat_1200_IT-LAT0523.txt,,,,,,,,,,,,
IT-LAT0525,De veritate propositionis,"Grosseteste, Robertus",1200,,,prose,lat_1200_IT-LAT0525.txt,,,,,,,,,,,,
IT-LAT0526,De veritate,"Grosseteste, Robertus",1200,,,prose,lat_1200_IT-LAT0526.txt,,,,,,,,,,,,
IT-LAT0527,Quod homo sit minor mundus,"Grosseteste, Robertus",1200,,,prose,lat_1200_IT-LAT0527.txt,,,,,,,,,,,,
IT-LAT0528,De artibus liberalibus,"Grosseteste, Robertus",1200,,,prose,lat_1200_IT-LAT0528.txt,,,,,,,,,,,,
IT-LAT0723,Pastourelles,Gualterus de Insulis,1200,,,poetry,lat_1200_IT-LAT0723.txt,,,,,,,,,,,,
IT-LAT0743,Dialogus inter Deum et peccatorem,Innocentius PP. III,1200,,,prose,lat_1200_IT-LAT0743.txt,,,,,,,,,,,,
IT-LAT0876,De miseria condicionis humane,Innocentius PP. III,1200,,,prose,lat_1200_IT-LAT0876.txt,,,,,,,,,,,,
IT-LAT0825,Epistolae,Francesco d'Assisi: Santo,1203,,,prose,lat_1203_IT-LAT0825.txt,,,,,,,,,,,,
IT-LAT0826,Admonitiones,Francesco d'Assisi: Santo,1204,,,prose,lat_1204_IT-LAT0826.txt,,,,,,,,,,,,
IT-LAT0548,Magna Carta,No Author,1215,,,prose,lat_1215_IT-LAT0548.txt,,,,,,,,,,,,
IT-LAT0905,Libellus historicus,Johannes de Plano Carpini,1218,,,prose,lat_1218_IT-LAT0905.txt,,,,,,,,,,,,
IT-LAT0823,Regula Bullata - 1223,Francesco d'Assisi: Santo,1223,,,prose,lat_1223_IT-LAT0823.txt,,,,,,,,,,,,
IT-LAT0827,Solet annuere,Papa Honorius III,1223,,,prose,lat_1223_IT-LAT0827.txt,,,,,,,,,,,,
IT-LAT0017,Laus solis,Francesco d'Assisi: Santo,1224,,,poetry,lat_1224_IT-LAT0017.txt,,,,,,,,,,,,
IT-LAT0700,Testamentum,Francesco d'Assisi: Santo,1226,,,prose,lat_1226_IT-LAT0700.txt,,,,,,,,,,,,
IT-LAT0838,Privilegium paupertatis,Gregorius PP. IX,1228,,,prose,lat_1228_IT-LAT0838.txt,,,,,,,,,,,,
IT-LAT0885,Dies irae,Tommaso da Celano,1235,,,poetry,lat_1235_IT-LAT0885.txt,,,,,,,,,,,,
IT-LAT0466,Planctus destructionis regni Hungariae per Tartaros,[Auctor incertus],1242,,,poetry,lat_1242_IT-LAT0466.txt,,,,,,,,,,,,
IT-LAT0832,Summa de viciis et virtutibus,"Faba, Guido",1242,,,prose,lat_1242_IT-LAT0832.txt,,,,,,,,,,,,
IT-LAT0633,Sermo Januensis,Albertanus Brixiensis,1243,,,prose,lat_1243_IT-LAT0633.txt,,,,,,,,,,,,
IT-LAT0635,Ars loquendi et tacendi,Albertanus Brixiensis,1245,,,prose,lat_1245_IT-LAT0635.txt,,,,,,,,,,,,
IT-LAT0918,De reductione artium ad theologiam,Bonaventura: Santo,1247,,,prose,lat_1247_IT-LAT0918.txt,,,,,,,,,,,,
IT-LAT0026,Itinerarium mentis in Deum,Bonaventura: Santo,1250,,,prose,lat_1250_IT-LAT0026.txt,,,,,,,,,,,,
IT-LAT0618,Novus Aesopus,Baldo,1250,,,poetry,lat_1250_IT-LAT0618.txt,,,,,,,,,,,,
IT-LAT0830,Testamentum,Chiara d'Assisi: Santa,1250,,,prose,lat_1250_IT-LAT0830.txt,,,,,,,,,,,,
IT-LAT0831,Epistolae,Chiara d'Assisi: Santa,1250,,,prose,lat_1250_IT-LAT0831.txt,,,,,,,,,,,,
IT-LAT0834,Regula,Chiara d'Assisi: Santa,1250,,,prose,lat_1250_IT-LAT0834.txt,,,,,,,,,,,,
IT-LAT0837,Benedictio,Chiara d'Assisi: Santa,1250,,,prose,lat_1250_IT-LAT0837.txt,,,,,,,,,,,,
IT-LAT0844,De summo bono,Boethius de Dacia,1250,,,prose,lat_1250_IT-LAT0844.txt,,,,,,,,,,,,
IT-LAT0958,De mundi aeternitate,Boethius de Dacia,1250,,,prose,lat_1250_IT-LAT0958.txt,,,,,,,,,,,,
IT-LAT0012,In psalmis Davidis expositio,Thomas Aquinas: Sanctus,1254,,,prose,lat_1254_IT-LAT0012.txt,,,,,,,,,,,,
IT-LAT0014,Adoro te devote,Thomas Aquinas: Sanctus,1254,,,poetry,lat_1254_IT-LAT0014.txt,,,,,,,,,,,,
IT-LAT0718,Epistola de modo studendi,Thomas Aquinas: Sanctus,1254,,,prose,lat_1254_IT-LAT0718.txt,,,,,,,,,,,,
IT-LAT0902,Expositio in orationem dominicam,Thomas Aquinas: Sanctus,1254,,,prose,lat_1254_IT-LAT0902.txt,,,,,,,,,,,,
IT-LAT0025,Legenda Aurea,Iacobus de Voragine,1260,,,prose,lat_1260_IT-LAT0025.txt,,,,,,,,,,,,
IT-LAT0292,Exiit qui seminat,Nicolaus PP. III,1278,,,prose,lat_1278_IT-LAT0292.txt,,,,,,,,,,,,
IT-LAT0689,Supra montem,Nicolaus PP. IV,1289,,,prose,lat_1289_IT-LAT0689.txt,,,,,,,,,,,,
IT-LAT0442,Epistulae,"Alighieri, Dante",1293,,,prose,lat_1293_IT-LAT0442.txt,,,,,,,,,,,,
IT-LAT0499,De sensibus,"Burlaeus, Gualterus",1300,,,prose,lat_1300_IT-LAT0499.txt,,,,,,,,,,,,
IT-LAT0445,De vulgari eloquentia,"Alighieri, Dante",1304,,,prose,lat_1304_IT-LAT0445.txt,,,,,,,,,,,,
IT-LAT0444,De monarchia,"Alighieri, Dante",1310,,,prose,lat_1310_IT-LAT0444.txt,,,,,,,,,,,,
IT-LAT0291,Exivi de Paradiso,Clemens PP. V,1312,,,prose,lat_1312_IT-LAT0291.txt,,,,,,,,,,,,
IT-LAT0814,Historia fratris Dulcini heresiarche,[Auctor incertus],1316,,,prose,lat_1316_IT-LAT0814.txt,,,,,,,,,,,,
IT-LAT0441,Eclogae,"Alighieri, Dante",1319,,,poetry,lat_1319_IT-LAT0441.txt,,,,,,,,,,,,
IT-LAT0443,Quaestio de aqua et de terra,"Alighieri, Dante",1320,,,prose,lat_1320_IT-LAT0443.txt,,,,,,,,,,,,
IT-LAT0690,Quum inter nonnullos,Ioannes PP. XXII,1323,,,prose,lat_1323_IT-LAT0690.txt,,,,,,,,,,,,
IT-LAT0691,Quia quorundam,Ioannes PP. XXII,1324,,,prose,lat_1324_IT-LAT0691.txt,,,,,,,,,,,,
IT-LAT0937,De viris illustribus,"Petrarca, Francesco",1337,,,prose,lat_1337_IT-LAT0937.txt,,,,,,,,,,,,
IT-LAT0938,Epistula M. Tullio Ciceroni,"Petrarca, Francesco",1339,,,prose,lat_1339_IT-LAT0938.txt,,,,,,,,,,,,
IT-LAT0277,Gesta Romanorum,[Auctor incertus],1350,,,prose,lat_1350_IT-LAT0277.txt,,,,,,,,,,,,
IT-LAT0649,Philobiblon,Richard de Bury,1350,,,prose,lat_1350_IT-LAT0649.txt,,,,,,,,,,,,
IT-LAT0650,Martyrium Ricardi archiepiscopi,"Maidstone, Clement",1350,,,prose,lat_1350_IT-LAT0650.txt,,,,,,,,,,,,
IT-LAT0821,Vita Caroli IV,Carolus IV,1350,,,prose,lat_1350_IT-LAT0821.txt,,,,,,,,,,,,
IT-LAT0939,Contra medicum quendam,"Petrarca, Francesco",1355,,,prose,lat_1355_IT-LAT0939.txt,,,,,,,,,,,,
IT-LAT0568,"Tractatus de origine, natura, iure et mutationibus monetarum","Oresmius, Nicolaus",1360,,,prose,lat_1360_IT-LAT0568.txt,,,,,,,,,,,,
IT-LAT0954,Africa,"Petrarca, Francesco",1397,,,poetry,lat_1397_IT-LAT0954.txt,,,,,,,,,,,,
IT-LAT0495,De adhaerendo Deo,Auctor incertus (Jodl von Kastl?),1410,,,prose,lat_1410_IT-LAT0495.txt,,,,,,,,,,,,
IT-LAT0245,Libri XII Aeneidos supplementum,Maphaeus Vegius,1428,,,poetry,lat_1428_IT-LAT0245.txt,,,,,,,,,,,,
IT-LAT0930,Carmina selecta,"Piccolomini, Enea Silvio",1434,,,poetry,lat_1434_IT-LAT0930.txt,,,,,,,,,,,,
IT-LAT0931,Oratio contra Turcos,"Piccolomini, Enea Silvio",1434,,,prose,lat_1434_IT-LAT0931.txt,,,,,,,,,,,,
IT-LAT0932,Epistulae,"Piccolomini, Enea Silvio",1434,,,prose,lat_1434_IT-LAT0932.txt,,,,,,,,,,,,
IT-LAT0438,De pictura,"Alberti, Leon Battista",1435,,,prose,lat_1435_IT-LAT0438.txt,,,,,,,,,,,,
IT-LAT0450,Uxoria,"Alberti, Leon Battista",1438,,,prose,lat_1438_IT-LAT0450.txt,,,,,,,,,,,,
IT-LAT0451,Naufragus,"Alberti, Leon Battista",1438,,,prose,lat_1438_IT-LAT0451.txt,,,,,,,,,,,,
IT-LAT0453,De equo animante,"Alberti, Leon Battista",1438,,,prose,lat_1438_IT-LAT0453.txt,,,,,,,,,,,,
IT-LAT0577,Liber facetiarum,"Poggius Bracciolinus Florentinus, Ioannes Franciscus",1445,,,prose,lat_1445_IT-LAT0577.txt,,,,,,,,,,,,
IT-LAT0371,Epistulae tres ad Ovidiana epistulas responsoriae,"Sabinus, Aulus",1450,,,poetry,lat_1450_IT-LAT0371.txt,,,,,,,,,,,,
IT-LAT0643,Ad famam,"Corvinus, Laurentius",1450,,,poetry,lat_1450_IT-LAT0643.txt,,,,,,,,,,,,
IT-LAT0644,Epithalamium in nuptiis Sigismundi regis Poloniae et bonae Sphoriciae,"Corvinus, Laurentius",1450,,,poetry,lat_1450_IT-LAT0644.txt,,,,,,,,,,,,
IT-LAT0927,Epigrammata selecta,"Marullo, Michele",1475,,,poetry,lat_1475_IT-LAT0927.txt,,,,,,,,,,,,
IT-LAT0575,Carmina,"Picus Mirandulensis, Ioannis",1478,,,poetry,lat_1478_IT-LAT0575.txt,,,,,,,,,,,,
IT-LAT0692,Superna caelestis,Sixtus PP. IV,1482,,,prose,lat_1482_IT-LAT0692.txt,,,,,,,,,,,,
IT-LAT0638,Odes,"Celtis, Conradus",1483,,,poetry,lat_1483_IT-LAT0638.txt,,,,,,,,,,,,
IT-LAT1002,Epistulae,Henry VII of England,1483,,,prose,lat_1483_IT-LAT1002.txt,,,,,,,,,,,,
IT-LAT0576,Oratio de hominis dignitate,"Picus Mirandulensis, Ioannis",1486,,,prose,lat_1486_IT-LAT0576.txt,,,,,,,,,,,,
IT-LAT0879,Facetiae latinae et germanicae,Augustin T√ºnger,1486,,,prose,lat_1486_IT-LAT0879.txt,,,,,,,,,,,,
IT-LAT0483,Oratio Ingelstadiana,"Celtis, Conradus",1492,,,prose,lat_1492_IT-LAT0483.txt,,,,,,,,,,,,
IT-LAT0620,Lamia,"Ambrogini, Agnolo (alias Poliziano)",1492,,,prose,lat_1492_IT-LAT0620.txt,,,,,,,,,,,,
IT-LAT0586,Lamentatio de morte Christi,"Sannazarius, Iacobus",1494,,,poetry,lat_1494_IT-LAT0586.txt,,,,,,,,,,,,
IT-LAT0646,De partu Virginis,"Sannazarius, Iacobus",1494,,,poetry,lat_1494_IT-LAT0646.txt,,,,,,,,,,,,
IT-LAT0674,Colloquia Familiaria,"Erasmus Roterodamus, Desiderius",1500,,,prose,lat_1500_IT-LAT0674.txt,,,,,,,,,,,,
IT-LAT0923,Querela pacis,"Erasmus Roterodamus, Desiderius",1501,,,prose,lat_1501_IT-LAT0923.txt,,,,,,,,,,,,
IT-LAT0924,Institutio principis christiani,"Erasmus Roterodamus, Desiderius",1501,,,prose,lat_1501_IT-LAT0924.txt,,,,,,,,,,,,
IT-LAT0925,Libri Antibarbarorum,"Erasmus Roterodamus, Desiderius",1501,,,prose,lat_1501_IT-LAT0925.txt,,,,,,,,,,,,
IT-LAT0928,Declamatio in genere svasorio de laude matrimonii,"Erasmus Roterodamus, Desiderius",1501,,,prose,lat_1501_IT-LAT0928.txt,,,,,,,,,,,,
IT-LAT1000,Enchiridion militis christiani,"Erasmus Roterodamus, Desiderius",1501,,,prose,lat_1501_IT-LAT1000.txt,,,,,,,,,,,,
IT-LAT0666,Adagiorum Chiliades,"Erasmus Roterodamus, Desiderius",1504,,,poetry,lat_1504_IT-LAT0666.txt,,,,,,,,,,,,
IT-LAT0561,Lusus,"Naugerius, Andreas",1506,,,poetry,lat_1506_IT-LAT0561.txt,,,,,,,,,,,,
IT-LAT0667,Morias encomion,"Erasmus Roterodamus, Desiderius",1511,,,prose,lat_1511_IT-LAT0667.txt,,,,,,,,,,,,
IT-LAT0560,De optimo statu reipublicae deque nova insula utopia,"More, Thomas",1516,,,prose,lat_1516_IT-LAT0560.txt,,,,,,,,,,,,
IT-LAT0022,Disputatio pro declaratione virtutis indulgentiarum,"Luther, Martin",1517,,,poetry,lat_1517_IT-LAT0022.txt,,,,,,,,,,,,
IT-LAT0570,Baldus,"Folengo, Teofilo",1517,,,poetry,lat_1517_IT-LAT0570.txt,,,,,,,,,,,,
IT-LAT0559,Epigrammata selecta,"More, Thomas",1519,,,poetry,lat_1519_IT-LAT0559.txt,,,,,,,,,,,,
IT-LAT0547,Epistulae,"Luther, Martin",1524,,,prose,lat_1524_IT-LAT0547.txt,,,,,,,,,,,,
IT-LAT0488,Monetae cudendae ratio,"Copernicus, Nicolaus",1526,,,prose,lat_1526_IT-LAT0488.txt,,,,,,,,,,,,
IT-LAT0933,De laude vitae scholasticae oratio,"Melancthon, Philipp",1528,,,prose,lat_1528_IT-LAT0933.txt,,,,,,,,,,,,
IT-LAT0024,The Augsburg Confession,"Melancthon, Philipp",1530,,,prose,lat_1530_IT-LAT0024.txt,,,,,,,,,,,,
IT-LAT0569,Epigrammata,"Owen, John",1530,,,poetry,lat_1530_IT-LAT0569.txt,,,,,,,,,,,,
IT-LAT0546,Praefatio in opera Latina,"Luther, Martin",1545,,,prose,lat_1545_IT-LAT0546.txt,,,,,,,,,,,,
IT-LAT0558,De obitu Martini Lutheri oratio,"Melancthon, Philipp",1546,,,prose,lat_1546_IT-LAT0558.txt,,,,,,,,,,,,
IT-LAT0023,Historia de vita et actis Lutheri,"Melancthon, Philipp",1547,,,prose,lat_1547_IT-LAT0023.txt,,,,,,,,,,,,
IT-LAT0465,De Wilhelmo Thellio elegia,"Fabricius Montanus, Johannes",1550,,,poetry,lat_1550_IT-LAT0465.txt,,,,,,,,,,,,
IT-LAT0489,Carmina,"Cotta, Ioannis",1550,,,poetry,lat_1550_IT-LAT0489.txt,,,,,,,,,,,,
IT-LAT0587,Basia,"Everaerts, Jan Niclai (alias Johannes Secundus)",1550,,,poetry,lat_1550_IT-LAT0587.txt,,,,,,,,,,,,
IT-LAT0637,Expeditio Francisci Draki equitis Angli in Indias Occidentales anno MDLXXXV,"Bigges, Walter",1550,,,prose,lat_1550_IT-LAT0637.txt,,,,,,,,,,,,
IT-LAT0640,Carmina,"Vega, Garcilaso de la",1550,,,poetry,lat_1550_IT-LAT0640.txt,,,,,,,,,,,,
IT-LAT0864,Carmina,"Janicki, Klemes",1550,,,poetry,lat_1550_IT-LAT0864.txt,,,,,,,,,,,,
IT-LAT0874,Vita de Leonis X,Paolo Giovio,1550,,,prose,lat_1550_IT-LAT0874.txt,,,,,,,,,,,,
IT-LAT0991,Epithalamium,"Everaerts, Jan Niclai (alias Johannes Secundus)",1550,,,poetry,lat_1550_IT-LAT0991.txt,,,,,,,,,,,,
IT-LAT1003,De recta pronuntiatione Latinae linguae dialogus,Justus Lipsius,1550,,,prose,lat_1550_IT-LAT1003.txt,,,,,,,,,,,,
IT-LAT1007,Iulius Caesar,"Muret, Marc-Antoine",1555,,,poetry,lat_1555_IT-LAT1007.txt,,,,,,,,,,,,
IT-LAT0929,Poema CI ad ornatissimvm virvm Erricvm Memmivm,"Passerat, Jean",1568,,,poetry,lat_1568_IT-LAT0929.txt,,,,,,,,,,,,
IT-LAT0820,Missale Romanum,No Author,1570,,,prose,lat_1570_IT-LAT0820.txt,,,,,,,,,,,,
IT-LAT0828,Triumphantis Hierusalem,Sixtus PP. V,1588,,,prose,lat_1588_IT-LAT0828.txt,,,,,,,,,,,,
IT-LAT0653,Ad Thamesin,"Campion, Thomas",1593,,,prose,lat_1593_IT-LAT0653.txt,,,,,,,,,,,,
IT-LAT0654,Umbra,"Campion, Thomas",1593,,,poetry,lat_1593_IT-LAT0654.txt,,,,,,,,,,,,
IT-LAT0676,Roxana,"Alabaster, William",1595,,,prose,lat_1595_IT-LAT0676.txt,,,,,,,,,,,,
IT-LAT0705,Supplementum Pharsaliae,"May, Thomas",1600,,,poetry,lat_1600_IT-LAT0705.txt,,,,,,,,,,,,
IT-LAT0926,Nero,Matthew Gwinne,1603,,,prose,lat_1603_IT-LAT0926.txt,,,,,,,,,,,,
IT-LAT0892,Sidereus Nuncius,"Galilei, Galileo",1610,,,prose,lat_1610_IT-LAT0892.txt,,,,,,,,,,,,
IT-LAT0994,Icon Animorum,"Barclay, John",1614,,,prose,lat_1614_IT-LAT0994.txt,,,,,,,,,,,,
IT-LAT0993,Argenis,"Barclay, John",1621,,,prose,lat_1621_IT-LAT0993.txt,,,,,,,,,,,,
IT-LAT0639,Locustae vel pietas Iesuitica,"Fletcher, Phineas",1627,,,prose,lat_1627_IT-LAT0639.txt,,,,,,,,,,,,
IT-LAT0590,Carmina selecta,"Sarbievius, Casimir",1632,,,poetry,lat_1632_IT-LAT0590.txt,,,,,,,,,,,,
IT-LAT0634,Melancholia,"Balde, Jakob",1650,,,poetry,lat_1650_IT-LAT0634.txt,,,,,,,,,,,,
IT-LAT0636,Ad Iulius Orstenam de more unguendorum cadaverum,"Balde, Jakob",1650,,,poetry,lat_1650_IT-LAT0636.txt,,,,,,,,,,,,
IT-LAT0645,In quintum Novembris,"Milton, John",1650,,,poetry,lat_1650_IT-LAT0645.txt,,,,,,,,,,,,
IT-LAT0652,Societate Jesu eclogae,"Boskovic, Bartolomej",1650,,,poetry,lat_1650_IT-LAT0652.txt,,,,,,,,,,,,
IT-LAT0863,"De perfecta poesi, sive Vergilius et Homerus","Sarbievius, Casimir",1650,,,prose,lat_1650_IT-LAT0863.txt,,,,,,,,,,,,
IT-LAT0624,Pax Guglielmi auspiciis Europae reddita,"Addison, Joseph",1667,,,poetry,lat_1667_IT-LAT0624.txt,,,,,,,,,,,,
IT-LAT0591,Ethica ordine geometrico demonstrata,"Spinoza, Benedictus",1668,,,prose,lat_1668_IT-LAT0591.txt,,,,,,,,,,,,
IT-LAT1008,Argumentum Aeneidos,"Rue, Charles de la",1684,,,prose,lat_1684_IT-LAT1008.txt,,,,,,,,,,,,
IT-LAT1009,Praefatio editionis operum Virgilii,"Rue, Charles de la",1684,,,prose,lat_1684_IT-LAT1009.txt,,,,,,,,,,,,
IT-LAT0995,Psyche Cretica,"Praschius, Johannes Ludovicus",1685,,,prose,lat_1685_IT-LAT0995.txt,,,,,,,,,,,,
IT-LAT0625,Barometri descriptio,"Addison, Joseph",1695,,,poetry,lat_1695_IT-LAT0625.txt,,,,,,,,,,,,
IT-LAT0626,Praelium inter pygmaeos et grues commissum,"Addison, Joseph",1695,,,poetry,lat_1695_IT-LAT0626.txt,,,,,,,,,,,,
IT-LAT0627,Resurrectio delineata ad altare Coll. Magd. Oxon.,"Addison, Joseph",1695,,,poetry,lat_1695_IT-LAT0627.txt,,,,,,,,,,,,
IT-LAT0628,Sphaeristerium,"Addison, Joseph",1695,,,poetry,lat_1695_IT-LAT0628.txt,,,,,,,,,,,,
IT-LAT0629,"Ad D. D. Hannes, insignissimum medicum et poetam","Addison, Joseph",1695,,,poetry,lat_1695_IT-LAT0629.txt,,,,,,,,,,,,
IT-LAT0630,Machinae gesticulantes,"Addison, Joseph",1695,,,poetry,lat_1695_IT-LAT0630.txt,,,,,,,,,,,,
IT-LAT0631,Ad insignissimum virum D. Tho. Burnettum sacrae theoriae telluris autorem,"Addison, Joseph",1695,,,poetry,lat_1695_IT-LAT0631.txt,,,,,,,,,,,,
IT-LAT0897,In viri praestantissimi Isaaci Newtoni opus,"Halley, Edmond",1699,,,poetry,lat_1699_IT-LAT0897.txt,,,,,,,,,,,,
IT-LAT0595,Oratio VI,"Vico, Giambattista",1707,,,prose,lat_1707_IT-LAT0595.txt,,,,,,,,,,,,
IT-LAT0935,Epigrammata,"Prokopovic, Theophanes",1708,,,poetry,lat_1708_IT-LAT0935.txt,,,,,,,,,,,,
IT-LAT0899,Nicolai Klimii iter subterraneum,"Holberg, Ludvig",1741,,,prose,lat_1741_IT-LAT0899.txt,,,,,,,,,,,,
IT-LAT0579,Caecus amor,"Por√©, Carolus",1750,,,prose,lat_1750_IT-LAT0579.txt,,,,,,,,,,,,
IT-LAT0789,Epitome historiae sacrae,"Lhomond, Charles Franccedil;ois",1760,,,prose,lat_1760_IT-LAT0789.txt,,,,,,,,,,,,
IT-LAT0480,Gaudeamus igitur,"Kindleben, Christian Wilhelm",1766,,,poetry,lat_1766_IT-LAT0480.txt,,,,,,,,,,,,
IT-LAT0708,Apollo et Hyacinthus,"Widl, Rufinus",1767,,,poetry,lat_1767_IT-LAT0708.txt,,,,,,,,,,,,
IT-LAT0790,De viris illustribus urbis Romae a Romulo ad Augustum,"Lhomond, Charles Franccedil;ois",1779,,,prose,lat_1779_IT-LAT0790.txt,,,,,,,,,,,,
IT-LAT0771,Stabat Mater,"Boccherini, Luigi",1781,,,poetry,lat_1781_IT-LAT0771.txt,,,,,,,,,,,,
IT-LAT0882,Carmina,"Waardenburg, Henricus",1792,,,poetry,lat_1792_IT-LAT0882.txt,,,,,,,,,,,,
IT-LAT0701,Poematum latinorum libellus,"Landor, Walter Savage",1795,,,poetry,lat_1795_IT-LAT0701.txt,,,,,,,,,,,,
IT-LAT0703,Ad Gustavum Regem,"Landor, Walter Savage",1810,,,poetry,lat_1810_IT-LAT0703.txt,,,,,,,,,,,,
IT-LAT0573,Hypercalypseos liber singularis,"Foscolo, Ugo",1815,,,prose,lat_1815_IT-LAT0573.txt,,,,,,,,,,,,
IT-LAT0567,Experimenta circa effectum conflictus electrici in acum magneticam,"Oersted, Johannis Christianus",1820,,,prose,lat_1820_IT-LAT0567.txt,,,,,,,,,,,,
IT-LAT0695,Latina Quaedam,"Landor, Walter Savage",1858,,,poetry,lat_1858_IT-LAT0695.txt,,,,,,,,,,,,
IT-LAT0581,Poeta laureatus,"Rimbaud, Arthur",1868,,,poetry,lat_1868_IT-LAT0581.txt,,,,,,,,,,,,
IT-LAT0582,Angelus et puer,"Rimbaud, Arthur",1868,,,poetry,lat_1868_IT-LAT0582.txt,,,,,,,,,,,,
IT-LAT0583,Jugurtha,"Rimbaud, Arthur",1869,,,poetry,lat_1869_IT-LAT0583.txt,,,,,,,,,,,,
IT-LAT0686,Ver erat,"Rimbaud, Arthur",1872,,,poetry,lat_1872_IT-LAT0686.txt,,,,,,,,,,,,
IT-LAT0984,Veianius,"Pascoli, Giovanni",1891,,,poetry,lat_1891_IT-LAT0984.txt,,,,,,,,,,,,
IT-LAT0985,Laureolus,"Pascoli, Giovanni",1892,,,poetry,lat_1892_IT-LAT0985.txt,,,,,,,,,,,,
IT-LAT0986,Iugurtha,"Pascoli, Giovanni",1892,,,poetry,lat_1892_IT-LAT0986.txt,,,,,,,,,,,,
IT-LAT0982,Catullocalvos satura,"Pascoli, Giovanni",1897,,,poetry,lat_1897_IT-LAT0982.txt,,,,,,,,,,,,
IT-LAT0983,Senex Corycius,"Pascoli, Giovanni",1902,,,poetry,lat_1902_IT-LAT0983.txt,,,,,,,,,,,,
IT-LAT0829,Septimo iam,Pius PP. X,1909,,,prose,lat_1909_IT-LAT0829.txt,,,,,,,,,,,,
IT-LAT0813,Codex iuris canonici (1917),No Author,1917,,,prose,lat_1917_IT-LAT0813.txt,,,,,,,,,,,,
IT-LAT0772,A tutte le genti per la inaugurazione del nuovo centro della Radio Vaticana in Santa Maria di Galeria,Pius PP. XII,1957,,,prose,lat_1957_IT-LAT0772.txt,,,,,,,,,,,,
IT-LAT0824,Humanae vitae,Paulus PP. VI,1968,,,prose,lat_1968_IT-LAT0824.txt,,,,,,,,,,,,
IT-LAT0760,Ambulate in dilectione,Paulus PP. VI,1975,,,prose,lat_1975_IT-LAT0760.txt,,,,,,,,,,,,
IT-LAT0761,Evangelii nuntiandi,Paulus PP. VI,1975,,,prose,lat_1975_IT-LAT0761.txt,,,,,,,,,,,,
IT-LAT0759,Venerabili Dei Famulae Mariae ab Apostolis Beatorum honores decernuntur,Paulus PP. VI,1978,,,prose,lat_1978_IT-LAT0759.txt,,,,,,,,,,,,
IT-LAT0763,Lettera a Monsignor Hugo Aufderbeck per il VII centenario della chiesa di S. Severo,Ioannes Paulus PP. I,1978,,,prose,lat_1978_IT-LAT0763.txt,,,,,,,,,,,,
IT-LAT0669,Nova Vulgata Bibliorum Sacrorum,Various Authors,1979,,,prose,lat_1979_IT-LAT0669.txt,,,,,,,,,,,,
IT-LAT0836,Declaratio de euthanasia,Congregazione per la Dottrina della Fede,1980,,,prose,lat_1980_IT-LAT0836.txt,,,,,,,,,,,,
IT-LAT0641,Pastor bonus,Ioannes Paulus PP. II,1988,,,prose,lat_1988_IT-LAT0641.txt,,,,,,,,,,,,
IT-LAT0758,Codex canonum ecclesiarum orientalium,No Author,1990,,,prose,lat_1990_IT-LAT0758.txt,,,,,,,,,,,,
IT-LAT0031,Pastores dabo vobis,Ioannes Paulus PP. II,1992,,,prose,lat_1992_IT-LAT0031.txt,,,,,,,,,,,,
IT-LAT0449,Epistula ad catholicae Ecclesiae episcopos de receptione communionis eucharisticae a fidelibus qui post divortium novas inierunt nuptias,Congregazione per la Dottrina della Fede,1994,,,prose,lat_1994_IT-LAT0449.txt,,,,,,,,,,,,
IT-LAT0806,Agendi ratio,Congregazione per la Dottrina della Fede,1997,,,prose,lat_1997_IT-LAT0806.txt,,,,,,,,,,,,
IT-LAT0027,Incarnationis mysterium,Ioannes Paulus PP. II,1998,,,prose,lat_1998_IT-LAT0027.txt,,,,,,,,,,,,
IT-LAT0381,Fides et ratio,Ioannes Paulus PP. II,1998,,,prose,lat_1998_IT-LAT0381.txt,,,,,,,,,,,,
IT-LAT0456,Dies Domini,Ioannes Paulus PP. II,1998,,,prose,lat_1998_IT-LAT0456.txt,,,,,,,,,,,,
IT-LAT0571,Apostolos suos,Ioannes Paulus PP. II,1998,,,prose,lat_1998_IT-LAT0571.txt,,,,,,,,,,,,
IT-LAT0572,Ad tuendam fidem,Ioannes Paulus PP. II,1998,,,prose,lat_1998_IT-LAT0572.txt,,,,,,,,,,,,
IT-LAT0753,Ratio fundamentalis institutionis diaconorum permanentium - Directorium pro ministerio et vita diaconorum permanentium,Congregazioni per l'Educazione Cattolica e per il Clero,1998,,,prose,lat_1998_IT-LAT0753.txt,,,,,,,,,,,,
IT-LAT0787,Ecclesia in Urbe,Ioannes Paulus PP. II,1998,,,prose,lat_1998_IT-LAT0787.txt,,,,,,,,,,,,
IT-LAT0642,Inter munera academiarum,Ioannes Paulus PP. II,1999,,,prose,lat_1999_IT-LAT0642.txt,,,,,,,,,,,,
IT-LAT0754,Enchiridion indulgentiarum,Paenitentiaria apostolica,1999,,,prose,lat_1999_IT-LAT0754.txt,,,,,,,,,,,,
IT-LAT0021,Dominus Iesus,Congregazione per la Dottrina della Fede,2000,,,prose,lat_2000_IT-LAT0021.txt,,,,,,,,,,,,
IT-LAT0030,Novo millennio ineunte,Ioannes Paulus PP. II,2001,,,prose,lat_2001_IT-LAT0030.txt,,,,,,,,,,,,
IT-LAT0437,De usu linguarum popularium in libris liturgiae romanae edendis,Congregatio de Cultu Divino et Disciplina Sacramentorum,2001,,,prose,lat_2001_IT-LAT0437.txt,,,,,,,,,,,,
IT-LAT0447,De delictis gravioribus,Congregazione per la Dottrina della Fede,2001,,,prose,lat_2001_IT-LAT0447.txt,,,,,,,,,,,,
IT-LAT0835,Epistula apostolica ad catholicum Hungariae populum quot;Millennio Hungaricoquot; exeunte,Ioannes Paulus PP. II,2001,,,prose,lat_2001_IT-LAT0835.txt,,,,,,,,,,,,
IT-LAT0446,Sacramentorum sanctitatis tutela,Ioannes Paulus PP. II,2002,,,prose,lat_2002_IT-LAT0446.txt,,,,,,,,,,,,
IT-LAT0536,Misericordia Dei,Ioannes Paulus PP. II,2002,,,prose,lat_2002_IT-LAT0536.txt,,,,,,,,,,,,
IT-LAT0762,Ecclesia de Eucharistia,Ioannes Paulus PP. II,2003,,,prose,lat_2003_IT-LAT0762.txt,,,,,,,,,,,,
IT-LAT0839,Instructio Redemptionis Sacramentum,Congregatio de Cultu Divino et Disciplina Sacramentorum,2004,,,prose,lat_2004_IT-LAT0839.txt,,,,,,,,,,,,
IT-LAT0840,Missa pro Ecclesia Primum nuntium post concelebrationem eucharisticam cum cardinalibus electoribus in Cappella Sistina,Benedictus XVI,2005,,,prose,lat_2005_IT-LAT0840.txt,,,,,,,,,,,,
